id,name,address,zipcode,state,email
1,Ellerey Geyton,80 3rd Avenue,07112,NJ,egeyton0@wsj.com
2,Simeon Dunican,2 Onsgard Street,39534,MS,sdunican1@nasa.gov
3,Micheline Alderman,37 Mariners Cove Point,85271,AZ,malderman2@uol.com.br
4,Phebe Burchill,5522 Grasskamp Crossing,75799,TX,pburchill3@last.fm
5,Dionysus Bartolommeo,92 Kropf Pass,30351,GA,dbartolommeo4@fda.gov
6,Addie Bauduin,96 Dennis Center,71105,LA,abauduin5@macromedia.com
7,Berkly Elia,08768 Sommers Place,55146,MN,belia6@w3.org
8,Howey Hancill,226 Derek Road,95123,CA,hhancill7@intel.com
9,Val Saipy,57748 Ryan Terrace,19115,PA,vsaipy8@twitpic.com
10,Shaun Kraft,949 Warrior Avenue,98140,WA,skraft9@squidoo.com
11,Laurella Haine,3 Buena Vista Pass,32309,FL,lhainea@cnet.com
12,Janos Renn,4302 Red Cloud Parkway,40266,KY,jrennb@bing.com
13,Vasily Jacobowits,542 Little Fleur Way,61105,IL,vjacobowitsc@go.com
14,Marne Aiskrigg,6 Corben Lane,20036,DC,maiskriggd@cmu.edu
15,Vitia Huckfield,7859 Tomscot Terrace,15266,PA,vhuckfielde@apache.org
16,Tiphani Samwaye,58 Banding Street,30306,GA,tsamwayef@feedburner.com
17,Barry Benneyworth,53 Sunfield Court,92405,CA,bbenneyworthg@craigslist.org
18,Lee Petrus,0831 Jenifer Junction,45213,OH,lpetrush@slashdot.org
19,Maurizia Povlsen,24 Artisan Pass,08104,NJ,mpovlseni@shutterfly.com
20,Cecily Clelland,78942 Jana Park,96835,HI,cclellandj@jimdo.com
21,Penni Chittenden,97357 Spaight Hill,32259,FL,pchittendenk@springer.com
22,Amble Cradduck,8848 Jana Road,93386,CA,acradduckl@zdnet.com
23,Taite D'Acth,71180 Coolidge Park,61651,IL,tdacthm@technorati.com
24,Gerik Baribal,13 Dakota Way,76905,TX,gbaribaln@xrea.com
25,Nixie Serjeant,167 Cordelia Center,93773,CA,nserjeanto@cisco.com
26,Ricky Bridgement,029 Grim Way,33705,FL,rbridgementp@uiuc.edu
27,Donny Knatt,7 Fisk Parkway,48670,MI,dknattq@yolasite.com
28,Korney Bemrose,01 Lakeland Court,31998,GA,kbemroser@webeden.co.uk
29,Anya Abbado,0 Spenser Parkway,92115,CA,aabbados@ebay.co.uk
30,Arlee Spore,2 Doe Crossing Way,45470,OH,asporet@bluehost.com
31,Pierette Barnish,92676 1st Center,11024,NY,pbarnishu@cornell.edu
32,Millard Stratz,58373 Eastlawn Junction,24040,VA,mstratzv@wix.com
33,Nev Bradnam,7815 Sage Pass,98464,WA,nbradnamw@de.vu
34,Garrett Cordelet,7737 Vernon Parkway,39505,MS,gcordeletx@163.com
35,Janine Knapman,6 Lerdahl Road,39305,MS,jknapmany@google.co.jp
36,Minda Askell,85283 Dovetail Street,76905,TX,maskellz@sakura.ne.jp
37,Gusella Mettrick,6 Carey Drive,33153,FL,gmettrick10@unesco.org
38,Glori Pudge,65 Sachtjen Avenue,19125,PA,gpudge11@hud.gov
39,Niels Loggie,612 Hintze Place,16107,PA,nloggie12@reference.com
40,Aurore Tomlett,7 Scoville Drive,90840,CA,atomlett13@shutterfly.com
41,Karry Thoms,543 Helena Hill,68134,NE,kthoms14@aol.com
42,Jessamine O'Regan,727 Utah Circle,92705,CA,joregan15@gov.uk
43,Wakefield Coweuppe,8 Hanover Hill,77095,TX,wcoweuppe16@paypal.com
44,Loleta Hovey,1 Autumn Leaf Drive,63136,MO,lhovey17@prweb.com
45,Mahmoud Karus,01 Haas Court,37228,TN,mkarus18@loc.gov
46,Demetrius Rowcliffe,613 Havey Crossing,78749,TX,drowcliffe19@360.cn
47,Lilia Ropking,81271 Luster Junction,89130,NV,lropking1a@tumblr.com
48,Jarred Shaughnessy,4 Blue Bill Park Pass,27626,NC,jshaughnessy1b@weibo.com
49,Stanislaw Batrick,8 Rusk Point,34205,FL,sbatrick1c@state.gov
50,Ephrem Gajewski,262 Transport Terrace,32854,FL,egajewski1d@yahoo.com
51,Bourke Faivre,81 Debra Pass,15240,PA,bfaivre1e@dmoz.org
52,Irv Pate,37 Mccormick Trail,14614,NY,ipate1f@google.pl
53,Allard Wallett,95 Myrtle Court,85743,AZ,awallett1g@youku.com
54,Alonso Barthelmes,9260 Clemons Pass,92127,CA,abarthelmes1h@angelfire.com
55,Stacy Popland,8 Warner Plaza,65211,MO,spopland1i@guardian.co.uk
56,Yvette Pichmann,909 Tennyson Terrace,20540,DC,ypichmann1j@latimes.com
57,Sondra Wiggam,922 David Road,60505,IL,swiggam1k@mashable.com
58,Clemens Ottam,67315 Corry Terrace,33411,FL,cottam1l@fastcompany.com
59,Rozele Lindbergh,4 Kipling Point,76505,TX,rlindbergh1m@google.co.jp
60,Elfrida Selliman,94760 Sutherland Alley,44130,OH,eselliman1n@timesonline.co.uk
61,Chanda Dufaur,16 Gateway Street,02162,MA,cdufaur1o@jugem.jp
62,Carey Guillotin,540 Tennessee Street,08608,NJ,cguillotin1p@creativecommons.org
63,Brandie Trayhorn,631 Vermont Way,20380,DC,btrayhorn1q@foxnews.com
64,Shari Dwelling,1 Sycamore Trail,30045,GA,sdwelling1r@delicious.com
65,Marshal Kidner,3 Lukken Court,20337,DC,mkidner1s@acquirethisname.com
66,Toinette Rollitt,339 Onsgard Hill,79710,TX,trollitt1t@networkadvertising.org
67,Morley Roadknight,5780 Mayfield Hill,61640,IL,mroadknight1u@sbwire.com
68,Kristen Okie,2679 Schurz Trail,95123,CA,kokie1v@tinyurl.com
69,Payton Bourke,7046 Loeprich Park,33305,FL,pbourke1w@cnbc.com
70,Em Fildes,81871 Acker Terrace,25775,WV,efildes1x@yelp.com
71,Meredith Limbrick,0162 Delladonna Park,22333,VA,mlimbrick1y@privacy.gov.au
72,Briney Jinda,91185 Dawn Court,34642,FL,bjinda1z@umn.edu
73,Veriee Orrey,38041 Dennis Court,34949,FL,vorrey20@google.co.jp
74,Gussy Barling,0 Schurz Hill,44305,OH,gbarling21@examiner.com
75,Marney Summons,5 Kensington Court,30343,GA,msummons22@posterous.com
76,Zaneta Wyse,3 Nelson Hill,02142,MA,zwyse23@jiathis.com
77,Harley Lawman,894 Little Fleur Plaza,63126,MO,hlawman24@symantec.com
78,Adorne Volker,64053 Del Mar Circle,45228,OH,avolker25@furl.net
79,Juliane Regina,2 East Terrace,10203,NY,jregina26@altervista.org
80,Tedman Jewiss,76 Briar Crest Place,64149,MO,tjewiss27@cnet.com
81,Alexis Lucia,95477 Elmside Pass,99599,AK,alucia28@blogspot.com
82,June MacCosto,46316 Tennyson Way,78235,TX,jmaccosto29@yahoo.com
83,Leoline Pudan,0 Forster Alley,29805,SC,lpudan2a@imgur.com
84,Rawley Margiotta,474 Menomonie Parkway,11470,NY,rmargiotta2b@dagondesign.com
85,Tallie Ealles,5 Chinook Alley,28299,NC,tealles2c@hhs.gov
86,Keane Boldison,162 Bay Road,28247,NC,kboldison2d@imgur.com
87,Blake Dashper,11 Independence Lane,93111,CA,bdashper2e@csmonitor.com
88,Nell Karolowski,891 Straubel Lane,98115,WA,nkarolowski2f@usa.gov
89,Kenyon Osborn,384 Stone Corner Pass,34114,FL,kosborn2g@nationalgeographic.com
90,Clevey Buscher,4398 Waywood Circle,47725,IN,cbuscher2h@ox.ac.uk
91,Kent Embra,27086 Roxbury Drive,10155,NY,kembra2i@oaic.gov.au
92,Rae Sangra,1 Fremont Street,10474,NY,rsangra2j@istockphoto.com
93,Clarice Baythorp,85 Almo Terrace,88589,TX,cbaythorp2k@nps.gov
94,Ulrike Geldeard,3 Bobwhite Parkway,90015,CA,ugeldeard2l@dion.ne.jp
95,Dominic Raggitt,95176 Melody Street,78754,TX,draggitt2m@weebly.com
96,Amanda Bradburne,4963 Spenser Parkway,17405,PA,abradburne2n@ucsd.edu
97,Charlton Baniard,65 Debra Avenue,93111,CA,cbaniard2o@biblegateway.com
98,Gertie Krale,6391 Fordem Circle,93111,CA,gkrale2p@nasa.gov
99,Silas Beeck,2004 Orin Circle,40510,KY,sbeeck2q@samsung.com
100,Giacomo Ahmad,01292 Bartelt Avenue,32092,FL,gahmad2r@canalblog.com
101,Titos Dupoy,7742 Lindbergh Lane,76004,TX,tdupoy2s@dagondesign.com
102,Wit Brahm,1 Annamark Drive,79989,TX,wbrahm2t@telegraph.co.uk
103,Bevin MacGall,4103 Kensington Parkway,71914,AR,bmacgall2u@google.com
104,Layton Leamon,3 Walton Pass,17105,PA,lleamon2v@prnewswire.com
105,Banky Synke,849 Jana Center,63136,MO,bsynke2w@ebay.co.uk
106,Kaitlin Gonnin,89726 Johnson Place,15240,PA,kgonnin2x@domainmarket.com
107,Courtenay Ollive,54 Briar Crest Way,32575,FL,collive2y@webnode.com
108,Virgilio MacDearmid,1 Golf Course Center,49444,MI,vmacdearmid2z@free.fr
109,Jefferey Filippyev,91 Hollow Ridge Park,30336,GA,jfilippyev30@gnu.org
110,Rickard Hunnisett,3233 Canary Drive,70815,LA,rhunnisett31@chron.com
111,Etan Soldi,0638 American Parkway,01105,MA,esoldi32@youtube.com
112,Dorian Keeffe,91468 Caliangt Plaza,55480,MN,dkeeffe33@photobucket.com
113,Gwenneth Forgie,1237 Thackeray Crossing,68510,NE,gforgie34@europa.eu
114,Constancia Bilton,4909 Laurel Pass,64114,MO,cbilton35@ox.ac.uk
115,Mahmoud Mordan,3 Mockingbird Lane,95973,CA,mmordan36@last.fm
116,Liva Trimming,0177 Chive Junction,23454,VA,ltrimming37@com.com
117,Herrick Tiffin,11 Donald Avenue,75358,TX,htiffin38@ask.com
118,Lauree Haskett,0 Green Trail,71307,LA,lhaskett39@uiuc.edu
119,Boothe Cathrae,26 Hazelcrest Point,80638,CO,bcathrae3a@virginia.edu
120,Elbertina Balham,9 Nobel Park,40505,KY,ebalham3b@github.io
121,Dougie Duignan,03054 Lunder Park,33325,FL,dduignan3c@rediff.com
122,Reg Hulle,04 Buhler Crossing,66215,KS,rhulle3d@squidoo.com
123,Hubert Cammacke,426 Annamark Point,10014,NY,hcammacke3e@amazon.co.uk
124,Werner Toquet,6236 American Ash Avenue,63126,MO,wtoquet3f@tinypic.com
125,Robert Michele,3123 Boyd Plaza,60614,IL,rmichele3g@163.com
126,Trever Burch,8 Grim Alley,68583,NE,tburch3h@cbslocal.com
127,Fremont Ticksall,03 Kingsford Point,85284,AZ,fticksall3i@newyorker.com
128,Fayth Ondra,538 Anhalt Hill,84135,UT,fondra3j@dion.ne.jp
129,Billy Stalf,122 Shopko Park,30316,GA,bstalf3k@yahoo.co.jp
130,Nicko Rayworth,90 Porter Circle,79171,TX,nrayworth3l@psu.edu
131,Kristian Caffrey,90819 Pierstorff Alley,60351,IL,kcaffrey3m@aboutads.info
132,Hermia Doyle,72277 Sherman Pass,24009,VA,hdoyle3n@behance.net
133,Yurik Dyte,1 Gerald Crossing,35242,AL,ydyte3o@washington.edu
134,Lazar Killigrew,3 Buena Vista Circle,95173,CA,lkilligrew3p@foxnews.com
135,Kat Headly,824 Sachtjen Street,19160,PA,kheadly3q@wunderground.com
136,Orella Maunton,0 Esker Street,90805,CA,omaunton3r@cargocollective.com
137,Dominique Samsworth,7419 Dryden Court,33175,FL,dsamsworth3s@blogs.com
138,Anson Valois,7004 Express Pass,66220,KS,avalois3t@boston.com
139,Cammy Stubbings,2593 Twin Pines Pass,85305,AZ,cstubbings3u@xinhuanet.com
140,Cornelle Everard,1995 Gateway Hill,06145,CT,ceverard3v@acquirethisname.com
141,Chevalier Aglione,93206 Jenifer Crossing,75236,TX,caglione3w@usatoday.com
142,Naoma Placstone,75 Prairieview Way,34135,FL,nplacstone3x@google.fr
143,Alphonso Etty,36 Bonner Trail,46216,IN,aetty3y@amazonaws.com
144,Hale Pitkeathly,4100 Logan Parkway,48224,MI,hpitkeathly3z@sina.com.cn
145,Ewell Gershom,4303 7th Lane,36616,AL,egershom40@loc.gov
146,Barbaraanne Vlach,21 Merry Crossing,79955,TX,bvlach41@blogger.com
147,Cole Wolsey,8224 Bunting Drive,36114,AL,cwolsey42@hugedomains.com
148,Madelle Behning,02 Melvin Place,33129,FL,mbehning43@topsy.com
149,Nathalia Sweed,18541 Thackeray Avenue,48232,MI,nsweed44@acquirethisname.com
150,Carmine Hookes,85 Jana Avenue,55470,MN,chookes45@w3.org
151,Catlaina Gavigan,36 Northport Alley,94611,CA,cgavigan46@nationalgeographic.com
152,Fredric Dawkes,67 Ridge Oak Court,80217,CO,fdawkes47@cbsnews.com
153,Nicoli Laing,63367 Warner Pass,63104,MO,nlaing48@twitter.com
154,Myrah Lippo,41686 Melby Place,99205,WA,mlippo49@fc2.com
155,Greer Oake,8240 Veith Plaza,78726,TX,goake4a@alibaba.com
156,Lori Glasper,25901 Hallows Street,62718,IL,lglasper4b@house.gov
157,Etta Gilstoun,6254 Anderson Terrace,39210,MS,egilstoun4c@istockphoto.com
158,Cecilla Aggott,2057 Cardinal Place,60505,IL,caggott4d@diigo.com
159,Doe Beddon,3 Blue Bill Park Parkway,33129,FL,dbeddon4e@microsoft.com
160,Pammy Womack,4332 Iowa Drive,62525,IL,pwomack4f@washington.edu
161,Bartolemo Nashe,8 Utah Drive,24048,VA,bnashe4g@163.com
162,Durante Boydle,9 Everett Terrace,25336,WV,dboydle4h@mapy.cz
163,Drona Bedenham,268 Burrows Park,35815,AL,dbedenham4i@chron.com
164,Annadiana Cushelly,4 Lerdahl Drive,12232,NY,acushelly4j@nih.gov
165,Palm Joscelyn,30579 2nd Street,53785,WI,pjoscelyn4k@dagondesign.com
166,Orson Barrus,951 Del Sol Junction,20041,DC,obarrus4l@prnewswire.com
167,Cornall Ingre,808 Meadow Ridge Avenue,17622,PA,cingre4m@blog.com
168,Kirsti Cambridge,83 Sachtjen Way,79710,TX,kcambridge4n@mayoclinic.com
169,Timmy Fassman,907 Corben Parkway,33499,FL,tfassman4o@scribd.com
170,Claudette Foulkes,113 Northport Point,25389,WV,cfoulkes4p@myspace.com
171,Darryl Teasdale-Markie,571 Onsgard Junction,35215,AL,dteasdalemarkie4q@irs.gov
172,Kain Kneeshaw,32 Northwestern Terrace,20210,DC,kkneeshaw4r@vinaora.com
173,Marius Gentsch,55481 Kim Park,74126,OK,mgentsch4s@globo.com
174,Gertrude Olekhov,1 Merrick Center,30351,GA,golekhov4t@vistaprint.com
175,Roseanne Arlett,269 Packers Crossing,34620,FL,rarlett4u@ucoz.ru
176,Leonidas Bargh,05020 Bobwhite Park,36610,AL,lbargh4v@mit.edu
177,Addy Dunsire,900 Golden Leaf Center,46896,IN,adunsire4w@rambler.ru
178,Gail Eaglestone,54741 Pearson Lane,20088,DC,geaglestone4x@furl.net
179,Oswald Van Baaren,92 Glendale Way,94207,CA,ovan4y@shop-pro.jp
180,Daisi Brommage,574 Dryden Street,61651,IL,dbrommage4z@wiley.com
181,Guthrie Sandyfirth,0479 Carberry Trail,23213,VA,gsandyfirth50@oakley.com
182,Claretta Etridge,5104 Saint Paul Plaza,90405,CA,cetridge51@shutterfly.com
183,Mack Halworth,0947 Londonderry Center,65805,MO,mhalworth52@foxnews.com
184,Diena Ling,027 Debs Parkway,21705,MD,dling53@canalblog.com
185,Ursuline Burbage,15 Mccormick Alley,79989,TX,uburbage54@t-online.de
186,Regan Mayell,9 5th Court,31704,GA,rmayell55@spiegel.de
187,Gaspard Jerrand,5279 Golden Leaf Alley,60681,IL,gjerrand56@themeforest.net
188,Bowie Treamayne,16733 Shasta Terrace,35254,AL,btreamayne57@bigcartel.com
189,Lorna Evanson,7 Parkside Road,37924,TN,levanson58@answers.com
190,Rudolph Guilleton,346 Lerdahl Trail,97306,OR,rguilleton59@pinterest.com
191,Josephina Canet,4681 Morning Lane,94712,CA,jcanet5a@mysql.com
192,Henrietta McCorkell,82 Sommers Crossing,32405,FL,hmccorkell5b@dyndns.org
193,Adda Arlott,4391 Eagan Hill,24503,VA,aarlott5c@is.gd
194,Elsie Harron,869 Golden Leaf Court,33680,FL,eharron5d@google.co.uk
195,Regina Crafts,7887 Harbort Plaza,79176,TX,rcrafts5e@hexun.com
196,Burgess Bourhill,158 Dawn Avenue,77554,TX,bbourhill5f@acquirethisname.com
197,Mahmoud Kingsley,18 School Place,78240,TX,mkingsley5g@bigcartel.com
198,Eydie Petrazzi,5 Homewood Plaza,46221,IN,epetrazzi5h@howstuffworks.com
199,Alejoa Killelea,5 Burrows Street,68144,NE,akillelea5i@sitemeter.com
200,Sibel Gouldthorp,81293 Florence Lane,77070,TX,sgouldthorp5j@foxnews.com
201,Katina Trowel,57 Tennessee Lane,33633,FL,ktrowel5k@furl.net
202,Sal Golt,116 Thierer Way,46614,IN,sgolt5l@marketwatch.com
203,Atlante Allain,1 Holy Cross Alley,36628,AL,aallain5m@phpbb.com
204,Carey Schoroder,1 Bluestem Alley,94064,CA,cschoroder5n@si.edu
205,Nichol Indge,56 Lakeland Pass,14210,NY,nindge5o@hostgator.com
206,Haroun Arington,408 John Wall Trail,33615,FL,harington5p@usgs.gov
207,Margarete Howcroft,6 Bartelt Court,62525,IL,mhowcroft5q@google.co.uk
208,Domini Garmey,85282 Ridgeview Circle,20073,DC,dgarmey5r@friendfeed.com
209,Ricard Aslin,478 Schiller Lane,94132,CA,raslin5s@google.ru
210,Stephie Grinnov,2 Stoughton Center,29225,SC,sgrinnov5t@techcrunch.com
211,Loraine Edmonstone,63 Paget Center,28225,NC,ledmonstone5u@chron.com
212,Hannah Jaskiewicz,36541 Village Way,10184,NY,hjaskiewicz5v@mozilla.com
213,Lionel Leatherland,8 Mosinee Place,63180,MO,lleatherland5w@cdc.gov
214,Lynnell Cardnell,5432 Westend Pass,88530,TX,lcardnell5x@cyberchimps.com
215,Germana Freeberne,80838 Towne Center,55598,MN,gfreeberne5y@rambler.ru
216,Quinn Bunn,44809 Cascade Plaza,50320,IA,qbunn5z@nydailynews.com
217,Mason Grigor,2822 Lunder Pass,44505,OH,mgrigor60@over-blog.com
218,Zabrina Bechley,8 Glendale Drive,35236,AL,zbechley61@eventbrite.com
219,Reiko Bootland,39034 Logan Plaza,10160,NY,rbootland62@unblog.fr
220,Ade O'Downe,2 New Castle Park,79905,TX,aodowne63@vimeo.com
221,Siana Skace,065 Mesta Place,20016,DC,sskace64@unicef.org
222,Minni Dalgardno,795 Victoria Road,95354,CA,mdalgardno65@illinois.edu
223,Riobard Martignoni,37708 Bunting Place,15261,PA,rmartignoni66@yolasite.com
224,Beryle Wastall,8 Old Gate Parkway,73167,OK,bwastall67@nasa.gov
225,Kimbell Turney,13 Lukken Park,99210,WA,kturney68@cnbc.com
226,Lory Coronado,7931 Glendale Center,87180,NM,lcoronado69@blogs.com
227,Friedrich Van der Son,97266 Jay Center,23293,VA,fvan6a@multiply.com
228,Alie Lindholm,419 Oak Valley Crossing,36134,AL,alindholm6b@techcrunch.com
229,Virginia Shakshaft,9593 Lotheville Crossing,32868,FL,vshakshaft6c@nasa.gov
230,Hermie Andriuzzi,0 Darwin Lane,40233,KY,handriuzzi6d@usda.gov
231,Sybil Stonehouse,5 Superior Trail,31190,GA,sstonehouse6e@virginia.edu
232,Manon Greenly,6754 Northport Crossing,23454,VA,mgreenly6f@google.nl
233,Meade Longhorne,6999 Westerfield Park,48232,MI,mlonghorne6g@freewebs.com
234,Janis Filtness,9433 Crescent Oaks Lane,27626,NC,jfiltness6h@sphinn.com
235,Thorn Backman,5747 Homewood Point,23203,VA,tbackman6i@comsenz.com
236,Carma Westley,463 8th Hill,06520,CT,cwestley6j@theglobeandmail.com
237,Dulcea Barles,267 American Crossing,80015,CO,dbarles6k@npr.org
238,Jacquenetta Troop,7553 Carpenter Circle,79491,TX,jtroop6l@foxnews.com
239,Anastassia Lunge,5087 Dapin Parkway,33245,FL,alunge6m@csmonitor.com
240,Wylie Pawsey,6 Lindbergh Pass,89012,NV,wpawsey6n@devhub.com
241,Miller Guyet,337 Amoth Avenue,84170,UT,mguyet6o@weibo.com
242,Zeke Smetoun,9403 Kedzie Place,15279,PA,zsmetoun6p@devhub.com
243,Carolann Iskowitz,4657 Summer Ridge Court,77245,TX,ciskowitz6q@google.de
244,Karylin Causbey,33645 Golf Course Court,19146,PA,kcausbey6r@cnet.com
245,Stafani Edgley,2123 Northridge Avenue,27605,NC,sedgley6s@netscape.com
246,Arlee Cater,3485 Old Gate Plaza,92127,CA,acater6t@mayoclinic.com
247,Jorrie Storry,623 Stephen Center,33694,FL,jstorry6u@blogtalkradio.com
248,Holmes Guinness,5 Dunning Hill,19136,PA,hguinness6v@newyorker.com
249,Harley Lidierth,395 Hermina Avenue,91505,CA,hlidierth6w@dropbox.com
250,Lee Fergusson,4 Blue Bill Park Circle,63121,MO,lfergusson6x@xrea.com
251,Lorrin Clutten,5 Westridge Park,45213,OH,lclutten6y@posterous.com
252,Rose Basilio,81 Sutteridge Junction,50393,IA,rbasilio6z@wikispaces.com
253,Henka Lampen,1 Merrick Alley,10469,NY,hlampen70@artisteer.com
254,Don Tammadge,3162 Comanche Parkway,46226,IN,dtammadge71@uiuc.edu
255,Denni Adlington,4 Welch Circle,29505,SC,dadlington72@bizjournals.com
256,Kelsey Schoroder,2130 Dapin Drive,35210,AL,kschoroder73@goodreads.com
257,Reuven Kern,0 Bellgrove Plaza,10292,NY,rkern74@google.cn
258,Nelson Vinecombe,18 Tomscot Point,77055,TX,nvinecombe75@sogou.com
259,Abner Lambregts,2858 Chinook Way,35895,AL,alambregts76@utexas.edu
260,Robenia Jealous,07 Summit Street,78703,TX,rjealous77@com.com
261,Myriam Berwick,642 Karstens Park,22212,VA,mberwick78@ca.gov
262,Franny Davitti,75 Rockefeller Alley,36134,AL,fdavitti79@mediafire.com
263,Filmore Samper,335 Pankratz Crossing,65105,MO,fsamper7a@ifeng.com
264,Nady Siaskowski,70 Jenifer Road,55470,MN,nsiaskowski7b@google.cn
265,Quentin Heighton,898 Springs Park,36134,AL,qheighton7c@cpanel.net
266,Shannah Whybrow,7 Thompson Pass,37205,TN,swhybrow7d@taobao.com
267,Danny Sworne,80 Browning Road,98133,WA,dsworne7e@google.com.hk
268,Hardy Thornborrow,40529 Pierstorff Hill,31196,GA,hthornborrow7f@netvibes.com
269,Homere Ebbotts,9 Everett Alley,53779,WI,hebbotts7g@nytimes.com
270,Sam Mathis,905 7th Avenue,78250,TX,smathis7h@economist.com
271,Mirelle Reader,04 Village Green Terrace,24024,VA,mreader7i@yolasite.com
272,Emyle Capenor,17 Bunker Hill Trail,44710,OH,ecapenor7j@ted.com
273,Nat Diviney,8 Hallows Lane,27717,NC,ndiviney7k@eepurl.com
274,Anet Mapam,1619 Schlimgen Road,77293,TX,amapam7l@usgs.gov
275,Loleta Atte-Stone,5792 Sachs Plaza,44321,OH,lattestone7m@nps.gov
276,Ernesta Penwright,9 La Follette Junction,15240,PA,epenwright7n@wikipedia.org
277,Rossie Caven,635 Upham Crossing,21405,MD,rcaven7o@mac.com
278,Yul Hedworth,505 Glendale Junction,10184,NY,yhedworth7p@youtu.be
279,Jamesy Brown,4421 Granby Park,50330,IA,jbrown7q@bbb.org
280,Dal Goodrick,8 Mifflin Avenue,43210,OH,dgoodrick7r@soup.io
281,Cindra Aris,804 Sunbrook Way,10009,NY,caris7s@is.gd
282,Godiva Wylam,885 Fremont Place,95108,CA,gwylam7t@dropbox.com
283,Kristoffer Rawsthorne,38075 Waywood Way,89135,NV,krawsthorne7u@nydailynews.com
284,Vicky Vanyatin,002 Everett Road,85099,AZ,vvanyatin7v@yelp.com
285,Gardie Hechlin,764 Portage Junction,33758,FL,ghechlin7w@jimdo.com
286,Linette Fake,0138 Express Terrace,33432,FL,lfake7x@wikipedia.org
287,Myles Ben,4 Farmco Alley,94660,CA,mben7y@cmu.edu
288,Serena Dormer,09 Cottonwood Parkway,89105,NV,sdormer7z@odnoklassniki.ru
289,Mason Sanbrook,0201 Aberg Plaza,34282,FL,msanbrook80@vk.com
290,Jade Rutland,58003 Loeprich Junction,22070,VA,jrutland81@jalbum.net
291,Monroe Sebrook,912 Blackbird Way,28055,NC,msebrook82@apple.com
292,Scott Mumbey,8673 Oakridge Alley,48098,MI,smumbey83@shareasale.com
293,Ewan Bevens,32949 Grim Plaza,40576,KY,ebevens84@sun.com
294,Eldredge Eckford,747 Northland Center,92127,CA,eeckford85@irs.gov
295,Mindy Webbe,7 Merry Crossing,53205,WI,mwebbe86@redcross.org
296,Guendolen Schaumaker,33827 Duke Point,85284,AZ,gschaumaker87@boston.com
297,Keely Galletly,360 Grim Circle,63143,MO,kgalletly88@usnews.com
298,Stefano Staniland,71 Coolidge Way,63131,MO,sstaniland89@sourceforge.net
299,Brietta Dring,73917 Manufacturers Trail,02283,MA,bdring8a@blogs.com
300,Katey Berthouloume,7773 Nevada Alley,84145,UT,kberthouloume8b@hostgator.com
301,Wallie McColl,9 Granby Plaza,08603,NJ,wmccoll8c@google.es
302,Tedd Dadson,4 Ruskin Alley,32595,FL,tdadson8d@dion.ne.jp
303,Emilie Grigsby,853 Vahlen Crossing,92153,CA,egrigsby8e@last.fm
304,Valdemar Cutford,37 Pond Hill,15205,PA,vcutford8f@yandex.ru
305,Keeley Lapping,4588 North Trail,76305,TX,klapping8g@nih.gov
306,Morgen Sagg,45 Annamark Avenue,56398,MN,msagg8h@webeden.co.uk
307,Kristel Beresfore,034 Loftsgordon Point,94286,CA,kberesfore8i@uol.com.br
308,Clair Stegel,6 Lighthouse Bay Drive,73142,OK,cstegel8j@hp.com
309,Danika Suter,138 Northfield Terrace,35487,AL,dsuter8k@ucoz.com
310,Esma Kaming,1453 Shoshone Street,20210,DC,ekaming8l@last.fm
311,Jocelin Heighton,9063 Moland Avenue,87201,NM,jheighton8m@instagram.com
312,Simon Nickoll,614 Thackeray Parkway,94297,CA,snickoll8n@redcross.org
313,Kaycee Eburah,197 Judy Lane,33405,FL,keburah8o@360.cn
314,Pammy Musicka,74945 Vidon Court,46614,IN,pmusicka8p@cdc.gov
315,Bunnie Newnham,8807 Utah Hill,45254,OH,bnewnham8q@si.edu
316,Susanne Pietasch,4 Lakewood Park,35905,AL,spietasch8r@google.co.uk
317,Wendi Wessel,5594 Buena Vista Way,12232,NY,wwessel8s@mayoclinic.com
318,Liva Mollatt,759 Red Cloud Parkway,89505,NV,lmollatt8t@dedecms.com
319,Cart Derington,24 4th Street,46221,IN,cderington8u@china.com.cn
320,Bjorn Brattan,78881 Elka Park,93786,CA,bbrattan8v@github.io
321,Tomaso Grzegorzewicz,0 Eastwood Junction,90605,CA,tgrzegorzewicz8w@pbs.org
322,Lorie Brittain,544 Anhalt Center,94627,CA,lbrittain8x@boston.com
323,Jules Meadway,1342 Macpherson Terrace,64190,MO,jmeadway8y@npr.org
324,Rosie Blind,960 Kennedy Court,55811,MN,rblind8z@omniture.com
325,Gerick Kyston,0 Pepper Wood Park,28299,NC,gkyston90@home.pl
326,Paloma Keveren,4 Green Ridge Street,13217,NY,pkeveren91@example.com
327,Windy Penrice,86472 Fremont Avenue,53790,WI,wpenrice92@gizmodo.com
328,Harlan Guerro,1 Vermont Court,06140,CT,hguerro93@latimes.com
329,Michal Saylor,6 Scofield Park,20036,DC,msaylor94@apple.com
330,Keslie Callister,1 Grover Plaza,27157,NC,kcallister95@rakuten.co.jp
331,Heloise Battey,239 Talmadge Drive,99512,AK,hbattey96@i2i.jp
332,Noreen Sherel,2515 Del Mar Lane,10079,NY,nsherel97@squidoo.com
333,Granthem Platt,10 Roth Circle,43210,OH,gplatt98@reverbnation.com
334,Georgette Extance,997 Ramsey Center,33175,FL,gextance99@buzzfeed.com
335,Katharina Oldacre,8548 Meadow Vale Pass,63169,MO,koldacre9a@ustream.tv
336,Siusan Yeliashev,79788 Ohio Court,20883,MD,syeliashev9b@twitpic.com
337,Pincus Addyman,25070 North Court,25305,WV,paddyman9c@google.com.hk
338,Aida Levin,9414 Hollow Ridge Drive,63121,MO,alevin9d@goodreads.com
339,Charis Crickmoor,6679 Oak Pass,98148,WA,ccrickmoor9e@economist.com
340,Ogden Vesco,820 Portage Place,61635,IL,ovesco9f@mashable.com
341,Decca Shanks,7 Del Sol Road,33075,FL,dshanks9g@google.ca
342,Ingeberg Pickersail,3 Shoshone Park,19172,PA,ipickersail9h@youku.com
343,Margette Wolfendale,5 Steensland Circle,75241,TX,mwolfendale9i@house.gov
344,Trina Gascoine,89720 Oxford Park,74149,OK,tgascoine9j@google.es
345,Dyann MacElharge,33030 Emmet Alley,94245,CA,dmacelharge9k@state.gov
346,Kissee Menauteau,6 Vidon Parkway,78759,TX,kmenauteau9l@java.com
347,Rosemarie Antrack,29 Chinook Point,53705,WI,rantrack9m@bizjournals.com
348,Rosalind Stonebridge,83663 Lakewood Plaza,37228,TN,rstonebridge9n@dailymotion.com
349,Dennie Roundtree,641 Johnson Lane,75265,TX,droundtree9o@prlog.org
350,Ripley Tatersale,83365 Ruskin Street,95054,CA,rtatersale9p@freewebs.com
351,Baillie Mincher,001 Di Loreto Hill,79159,TX,bmincher9q@so-net.ne.jp
352,Winn Askey,4 Green Ridge Center,15261,PA,waskey9r@pbs.org
353,Francis Bianco,23867 Fairfield Trail,80223,CO,fbianco9s@google.pl
354,Culver Pitone,705 Hauk Avenue,19093,PA,cpitone9t@delicious.com
355,Victoria Pochet,152 Corben Crossing,19892,DE,vpochet9u@cnn.com
356,Chev Whittington,86481 Lakewood Gardens Avenue,37220,TN,cwhittington9v@wix.com
357,Keary January,28346 Washington Terrace,55585,MN,kjanuary9w@phoca.cz
358,Braden Blacket,86197 Barby Crossing,12242,NY,bblacket9x@cbsnews.com
359,Bronny Diamant,3980 Northwestern Place,55423,MN,bdiamant9y@who.int
360,Erhard Lavin,654 Granby Pass,85271,AZ,elavin9z@sfgate.com
361,Alyosha Friar,91098 Southridge Circle,77554,TX,afriara0@bigcartel.com
362,Hilary Bertl,770 Nevada Hill,50310,IA,hbertla1@zimbio.com
363,Dahlia Biagioni,80 East Pass,55108,MN,dbiagionia2@nsw.gov.au
364,Estelle Fallow,8687 Moland Parkway,36177,AL,efallowa3@tripod.com
365,Thor Woodage,0 Declaration Point,33487,FL,twoodagea4@parallels.com
366,Eleanor Symper,839 Butternut Road,29411,SC,esympera5@freewebs.com
367,Rubie Antham,209 Briar Crest Trail,33610,FL,ranthama6@columbia.edu
368,Bibi Wagg,4591 Brentwood Place,96825,HI,bwagga7@cocolog-nifty.com
369,Ham Pendlington,3145 Colorado Park,29579,SC,hpendlingtona8@army.mil
370,Flossie Clethro,862 Kensington Pass,77075,TX,fclethroa9@pcworld.com
371,Berti Matteau,994 Del Mar Place,78769,TX,bmatteauaa@tumblr.com
372,Christiane Doree,184 Maywood Alley,20520,DC,cdoreeab@google.co.uk
373,Hayward Snar,81 Thackeray Point,87105,NM,hsnarac@yolasite.com
374,Chrisy Poulett,8 Anhalt Point,57198,SD,cpoulettad@oracle.com
375,Burch Conrath,5838 Kenwood Parkway,07544,NJ,bconrathae@cnn.com
376,Brand Coyish,8 Southridge Road,37665,TN,bcoyishaf@furl.net
377,Sheffy Fenelow,9 Killdeer Drive,59112,MT,sfenelowag@wix.com
378,Ninetta Karolowski,2 Declaration Plaza,72231,AR,nkarolowskiah@abc.net.au
379,Dedra Mertel,20811 Tomscot Pass,94164,CA,dmertelai@epa.gov
380,Kizzie Ottosen,402 Hauk Pass,23220,VA,kottosenaj@facebook.com
381,Harriett Kilner,0952 Summerview Lane,77206,TX,hkilnerak@timesonline.co.uk
382,Haleigh McCoid,01765 Vermont Drive,46825,IN,hmccoidal@google.co.uk
383,Randi Colicot,05926 Beilfuss Road,15250,PA,rcolicotam@sun.com
384,Chickie Glen,6 Hallows Avenue,60614,IL,cglenan@xrea.com
385,Gelya Kristoffersson,6 Anhalt Alley,75221,TX,gkristofferssonao@uol.com.br
386,Aida Pickard,47749 Forest Plaza,21281,MD,apickardap@sourceforge.net
387,Maible Forkan,007 Northwestern Street,89436,NV,mforkanaq@tumblr.com
388,Ebenezer Trawin,52 Cody Center,89012,NV,etrawinar@loc.gov
389,Phillipp Kelston,5 Merry Alley,85062,AZ,pkelstonas@unesco.org
390,Rene Hackinge,973 Brentwood Park,02162,MA,rhackingeat@yellowbook.com
391,Roland Gerge,9012 Coolidge Junction,21684,MD,rgergeau@businesswire.com
392,Cob Florentine,83 Namekagon Crossing,37919,TN,cflorentineav@flavors.me
393,Pierson Domoney,1706 Paget Street,33142,FL,pdomoneyaw@furl.net
394,Jourdain Arrow,83992 John Wall Court,96840,HI,jarrowax@yolasite.com
395,Diarmid Styche,025 Marquette Lane,24014,VA,dstycheay@elpais.com
396,Kaine Shrive,2214 Golden Leaf Place,71151,LA,kshriveaz@hibu.com
397,Morgun Stener,20061 Schiller Point,28410,NC,mstenerb0@goo.ne.jp
398,Ty Wernham,99935 Dakota Place,79905,TX,twernhamb1@salon.com
399,Brannon Ashfull,75048 Nova Road,37235,TN,bashfullb2@mayoclinic.com
400,Nataline Barz,0 Marquette Lane,22309,VA,nbarzb3@umich.edu
401,Jacinthe Hush,2 Waywood Pass,33680,FL,jhushb4@mozilla.org
402,Benito Donke,87 Utah Way,46221,IN,bdonkeb5@artisteer.com
403,Isabelle Florence,26264 Lyons Point,20551,DC,iflorenceb6@tripod.com
404,Leupold Betancourt,729 Declaration Park,84130,UT,lbetancourtb7@unc.edu
405,Markos Gewer,31714 Lukken Junction,73109,OK,mgewerb8@sphinn.com
406,Peta Brennen,44882 Stuart Hill,33710,FL,pbrennenb9@blog.com
407,Estel Kleisel,66283 Hollow Ridge Trail,02905,RI,ekleiselba@usda.gov
408,Chevalier Harring,3477 Hoffman Hill,55470,MN,charringbb@cornell.edu
409,Celinda Condict,47377 Judy Center,70505,LA,ccondictbc@census.gov
410,Ulick Huckstepp,063 Crest Line Junction,85020,AZ,uhucksteppbd@soup.io
411,Fields Piscopo,3 Chive Alley,94263,CA,fpiscopobe@weibo.com
412,Lyman Jakobssen,04601 Pennsylvania Avenue,92867,CA,ljakobssenbf@geocities.jp
413,Tresa Klimentyev,8295 Cambridge Hill,25305,WV,tklimentyevbg@hp.com
414,Alejandro Corbett,75053 Annamark Trail,92145,CA,acorbettbh@princeton.edu
415,Mehetabel Mertel,8 Oakridge Point,80243,CO,mmertelbi@opera.com
416,Benton Battelle,454 Carioca Lane,20244,DC,bbattellebj@people.com.cn
417,Joana Yves,881 Mcbride Trail,03105,NH,jyvesbk@wikimedia.org
418,Brucie Kiddell,55577 Dahle Point,94605,CA,bkiddellbl@jiathis.com
419,Sherill Pickles,470 Gale Trail,97201,OR,spicklesbm@seesaa.net
420,Mari De Caville,5544 Buell Lane,11499,NY,mdebn@hao123.com
421,Illa Dulling,96478 Haas Terrace,94159,CA,idullingbo@g.co
422,Carmine Keemer,65 Parkside Junction,79710,TX,ckeemerbp@huffingtonpost.com
423,Elsbeth Wolseley,4 Lake View Crossing,93005,CA,ewolseleybq@sciencedirect.com
424,Shanon Lagden,00837 Dakota Hill,94705,CA,slagdenbr@devhub.com
425,Jasmina Di Franceschi,98 Lillian Court,28410,NC,jdibs@google.it
426,Fayre Collis,4 Oak Point,74133,OK,fcollisbt@toplist.cz
427,Cody Dautry,8 Southridge Terrace,93407,CA,cdautrybu@ow.ly
428,Ilysa Oswell,6258 Mayfield Circle,75379,TX,ioswellbv@eventbrite.com
429,Rafaela Pietrzak,7 Darwin Street,40591,KY,rpietrzakbw@cisco.com
430,Hannie Lethardy,6785 Clove Junction,13205,NY,hlethardybx@so-net.ne.jp
431,Loralee Newdick,42366 Weeping Birch Trail,10105,NY,lnewdickby@globo.com
432,Verna Vinden,246 Jenifer Pass,20709,MD,vvindenbz@instagram.com
433,Silva Stidworthy,78128 Montana Terrace,71213,LA,sstidworthyc0@ox.ac.uk
434,Justen Hallitt,2 Lotheville Plaza,70815,LA,jhallittc1@bbb.org
435,Virgilio Renne,849 East Hill,46015,IN,vrennec2@earthlink.net
436,Barris Florentine,7 Ruskin Junction,14276,NY,bflorentinec3@aboutads.info
437,Sammie Paskin,4564 Oak Park,73152,OK,spaskinc4@europa.eu
438,Ernie Reuben,65 1st Circle,02203,MA,ereubenc5@netlog.com
439,Gradey Hartill,116 Fisk Road,33330,FL,ghartillc6@hatena.ne.jp
440,Sarge Josskoviz,479 Springview Lane,83757,ID,sjosskovizc7@tuttocitta.it
441,Ty Joyce,553 Kropf Road,23612,VA,tjoycec8@tuttocitta.it
442,Natale Matterson,0 Elgar Junction,88535,TX,nmattersonc9@vimeo.com
443,Milt Dikle,237 Delaware Point,78260,TX,mdikleca@geocities.com
444,Jonah Reye,8 Sundown Street,80262,CO,jreyecb@psu.edu
445,Katrine Pogosian,94138 Northland Road,48098,MI,kpogosiancc@nhs.uk
446,Nate Peeke-Vout,8 Parkside Junction,98682,WA,npeekevoutcd@intel.com
447,Tobye Petzolt,27 Mendota Circle,20719,MD,tpetzoltce@smh.com.au
448,Maurie Simao,870 Caliangt Road,73157,OK,msimaocf@opensource.org
449,Tuesday Simcock,3006 Green Ridge Pass,25770,WV,tsimcockcg@usnews.com
450,Renee Stanyon,35656 Ronald Regan Junction,55428,MN,rstanyonch@unc.edu
451,Camey Rosenzwig,7 Clyde Gallagher Avenue,74193,OK,crosenzwigci@time.com
452,Alexio Dwyr,2 Johnson Alley,77070,TX,adwyrcj@vkontakte.ru
453,Averill Anfonsi,75 Loeprich Park,10474,NY,aanfonsick@apache.org
454,Janet George,44 Carpenter Alley,07112,NJ,jgeorgecl@bluehost.com
455,Frieda Scarlan,1006 Columbus Junction,66276,KS,fscarlancm@ycombinator.com
456,Baxy Andress,4572 Anderson Plaza,60630,IL,bandresscn@hubpages.com
457,Abigael Cicconettii,23544 Marquette Lane,20551,DC,acicconettiico@mit.edu
458,Torey Lange,60 Cardinal Place,31132,GA,tlangecp@ask.com
459,Starla Mary,5 Oriole Street,68144,NE,smarycq@elpais.com
460,Naoma Abrahamowitcz,52 Prairieview Park,13505,NY,nabrahamowitczcr@blogs.com
461,Lynnea Jelkes,5879 Debra Street,45264,OH,ljelkescs@instagram.com
462,Shanon Brownsall,8593 Valley Edge Way,46216,IN,sbrownsallct@gmpg.org
463,Mabelle Daftor,79 Mifflin Plaza,46825,IN,mdaftorcu@joomla.org
464,Etty Scoggans,23376 Forster Drive,75241,TX,escogganscv@nydailynews.com
465,Audre Kliement,2321 Northridge Plaza,37405,TN,akliementcw@earthlink.net
466,Eachelle Purtell,3263 Duke Alley,14215,NY,epurtellcx@rakuten.co.jp
467,Hercules Croix,7182 La Follette Park,11499,NY,hcroixcy@ezinearticles.com
468,Cornelia Hinckesman,16 Springs Way,46226,IN,chinckesmancz@bloglovin.com
469,Borden Neeson,0 Shasta Avenue,53705,WI,bneesond0@cyberchimps.com
470,Hetti Towne,2899 Park Meadow Circle,75379,TX,htowned1@mlb.com
471,Trix Posselt,1 Drewry Avenue,68197,NE,tposseltd2@pen.io
472,Efrem Kield,01 Graedel Road,48505,MI,ekieldd3@wikimedia.org
473,Bevan Coyle,4239 Butternut Parkway,34981,FL,bcoyled4@so-net.ne.jp
474,Aloin Kondrat,3 Bobwhite Junction,02298,MA,akondratd5@e-recht24.de
475,Mariel Saffe,90028 Judy Point,34210,FL,msaffed6@irs.gov
476,Den Maton,23663 American Ash Crossing,96845,HI,dmatond7@plala.or.jp
477,Beverly Gregore,64 Garrison Junction,50315,IA,bgregored8@ucsd.edu
478,Glory Goulbourn,43 Petterle Way,36616,AL,ggoulbournd9@time.com
479,Gwynne Lightwood,9483 Summit Plaza,21239,MD,glightwoodda@homestead.com
480,Teressa Avrahm,32107 Little Fleur Court,91499,CA,tavrahmdb@jalbum.net
481,Alameda Jopke,367 Steensland Trail,91505,CA,ajopkedc@xing.com
482,Jada Reucastle,1 Forest Run Park,20337,DC,jreucastledd@sbwire.com
483,Tova Hallede,8 Almo Park,74116,OK,thalledede@dagondesign.com
484,Nikola Binning,7 Lighthouse Bay Hill,93005,CA,nbinningdf@edublogs.org
485,Paola Somerlie,538 West Parkway,29424,SC,psomerliedg@cam.ac.uk
486,Arlinda Hansana,15337 Leroy Street,93094,CA,ahansanadh@bandcamp.com
487,Nata Gwinnel,82 Anhalt Hill,45208,OH,ngwinneldi@barnesandnoble.com
488,Eliot Widmore,87 Hagan Plaza,77240,TX,ewidmoredj@washington.edu
489,Moria Boriston,86 Carey Drive,33805,FL,mboristondk@altervista.org
490,Jeannie Rathke,84697 Dovetail Circle,92121,CA,jrathkedl@webs.com
491,Andy Bater,55587 Utah Avenue,97405,OR,abaterdm@google.ru
492,Rayner McAlarney,15 Morrow Plaza,33075,FL,rmcalarneydn@people.com.cn
493,Aggi McGraith,5 Pleasure Way,31704,GA,amcgraithdo@hc360.com
494,Garek Clemson,48065 Tomscot Street,55103,MN,gclemsondp@furl.net
495,Rosalinda Pelos,5814 Hermina Parkway,55585,MN,rpelosdq@amazonaws.com
496,Ruth Garvan,90843 Melrose Park,90005,CA,rgarvandr@163.com
497,Bernie Ferdinand,0 Farragut Parkway,79769,TX,bferdinandds@dmoz.org
498,Theodore De Roos,06 Walton Place,79989,TX,tdedt@zdnet.com
499,Denys Willshere,98 Northland Trail,20022,DC,dwillsheredu@hp.com
500,Kimmie Mailes,2579 Texas Point,53710,WI,kmailesdv@bloglines.com
501,Aidan Sprouls,746 Declaration Place,19897,DE,asproulsdw@craigslist.org
502,Gerrilee Fairest,9 Pankratz Hill,46614,IN,gfairestdx@cam.ac.uk
503,Mortie Aish,7 Crownhardt Junction,14215,NY,maishdy@ucla.edu
504,Cynthy Le Claire,3252 Jenifer Circle,85025,AZ,cledz@taobao.com
505,Rosalinde Jouanny,06819 Anderson Circle,96820,HI,rjouannye0@msu.edu
506,Evanne Oherlihy,04 Warrior Avenue,24029,VA,eoherlihye1@oakley.com
507,Audi Tebboth,33594 Dawn Parkway,34949,FL,atebbothe2@sina.com.cn
508,Ryon Groucock,0975 Grover Drive,32830,FL,rgroucocke3@bbb.org
509,Danie Olczak,08 Northland Park,46406,IN,dolczake4@mlb.com
510,Monti Pharoah,350 Caliangt Center,55905,MN,mpharoahe5@zimbio.com
511,Foss Bonnor,3882 Ridgeway Park,89105,NV,fbonnore6@psu.edu
512,Adrienne Mor,19249 Westport Lane,73109,OK,amore7@disqus.com
513,Wallas Hidderley,0 Westridge Circle,94622,CA,whidderleye8@icio.us
514,Giff Woonton,30 Rockefeller Junction,97296,OR,gwoontone9@rediff.com
515,Evy Poppleton,8067 Upham Park,88584,TX,epoppletonea@jigsy.com
516,Harlene Onele,3439 Stoughton Street,88546,TX,honeleeb@google.ca
517,Issiah De Stoop,66 Jenna Terrace,95108,CA,ideec@amazon.co.jp
518,Kendal Jancey,6 Morning Trail,32891,FL,kjanceyed@wsj.com
519,Matthieu Dalling,44004 Arizona Hill,19610,PA,mdallingee@mysql.com
520,Elsa Liverseege,08225 Harper Plaza,23260,VA,eliverseegeef@salon.com
521,Kelly Loadwick,784 Badeau Center,79923,TX,kloadwickeg@gnu.org
522,Zea Everington,1 Ludington Parkway,95064,CA,zeveringtoneh@slate.com
523,Petunia Doudney,1 Merry Court,90076,CA,pdoudneyei@digg.com
524,Kalil Mattevi,153 Algoma Trail,31106,GA,kmatteviej@washingtonpost.com
525,Rea Jendrys,7 Duke Lane,32610,FL,rjendrysek@delicious.com
526,Pam Copnall,11 Luster Point,27264,NC,pcopnallel@sohu.com
527,Kennan Caws,00 Lighthouse Bay Crossing,10090,NY,kcawsem@reuters.com
528,Beryl Spadollini,95 Judy Place,10024,NY,bspadollinien@addthis.com
529,Lucho Tandey,3 Buhler Crossing,24503,VA,ltandeyeo@walmart.com
530,Winifield Rigbye,91 Lakewood Road,94089,CA,wrigbyeep@telegraph.co.uk
531,Alexander Dobbison,08701 Canary Crossing,89505,NV,adobbisoneq@networkadvertising.org
532,Antonietta Rookledge,1 Bayside Street,50347,IA,arookledgeer@nymag.com
533,Belicia Judron,3 Springs Way,92612,CA,bjudrones@mac.com
534,Koralle Nowakowska,468 Dahle Pass,92165,CA,knowakowskaet@cnbc.com
535,Kermit Fomichkin,07 Knutson Lane,22908,VA,kfomichkineu@wordpress.com
536,Ignazio Fellibrand,72013 Troy Pass,23668,VA,ifellibrandev@eepurl.com
537,Xenia Hanhart,08 Londonderry Trail,08638,NJ,xhanhartew@redcross.org
538,Jeralee Turfes,3291 Columbus Terrace,50706,IA,jturfesex@reddit.com
539,Reynolds Sines,44367 Norway Maple Street,20784,MD,rsinesey@slideshare.net
540,Rosanne Yegorovnin,470 Bluejay Place,73152,OK,ryegorovninez@hhs.gov
541,Hobie Beaves,0 Kings Court,91205,CA,hbeavesf0@jiathis.com
542,Delmor Eschalotte,66 Spaight Junction,93740,CA,deschalottef1@live.com
543,Trefor Burgan,35138 Lawn Way,15215,PA,tburganf2@unc.edu
544,Mano Goldwater,06209 Carpenter Parkway,46406,IN,mgoldwaterf3@51.la
545,Silvana Lehrer,2852 Forster Parkway,45296,OH,slehrerf4@webmd.com
546,Nigel Reynoollds,97081 Superior Avenue,55458,MN,nreynoolldsf5@ezinearticles.com
547,Stacie Phelips,49 Knutson Park,15266,PA,sphelipsf6@php.net
548,Marinna Aguilar,952 Main Junction,50330,IA,maguilarf7@narod.ru
549,Willette Broker,1 Schlimgen Street,75037,TX,wbrokerf8@usatoday.com
550,Rice Iowarch,983 Golden Leaf Court,92640,CA,riowarchf9@last.fm
551,Vaughn Shortcliffe,06534 Crowley Way,45203,OH,vshortcliffefa@netvibes.com
552,Nate Fridaye,53 Sugar Alley,85305,AZ,nfridayefb@hao123.com
553,Missie Partner,24 Dryden Drive,02458,MA,mpartnerfc@tripadvisor.com
554,Mercedes Lanmeid,73 Saint Paul Avenue,98405,WA,mlanmeidfd@istockphoto.com
555,Arron Goodin,8 Morning Lane,92121,CA,agoodinfe@mayoclinic.com
556,Melodee Barbour,5 Pawling Point,95150,CA,mbarbourff@marriott.com
557,Lottie Jevon,71 West Park,23520,VA,ljevonfg@theguardian.com
558,Alfred de Chastelain,655 Kensington Junction,57198,SD,adefh@photobucket.com
559,Filmer Mycroft,9 Hauk Plaza,15250,PA,fmycroftfi@networksolutions.com
560,Claudetta Ferriere,6 Paget Pass,91109,CA,cferrierefj@webeden.co.uk
561,Tracie Jurisic,9 Rigney Lane,78210,TX,tjurisicfk@lulu.com
562,Roma Byllam,57 Luster Trail,76110,TX,rbyllamfl@cnet.com
563,Terry Laise,47 Clyde Gallagher Trail,29403,SC,tlaisefm@mlb.com
564,Godfree Streetfield,82 Browning Point,17405,PA,gstreetfieldfn@paginegialle.it
565,Ninnette Prott,6466 Vidon Plaza,28272,NC,nprottfo@amazonaws.com
566,Glynis Okker,43 Independence Crossing,06673,CT,gokkerfp@stanford.edu
567,Nikolas Dallow,7 Badeau Street,79699,TX,ndallowfq@biglobe.ne.jp
568,Ellwood Oakeby,2 Gina Point,78205,TX,eoakebyfr@shutterfly.com
569,Shalne Angliss,2478 Bultman Street,59105,MT,sanglissfs@nationalgeographic.com
570,Ailee Djokovic,55177 School Junction,39705,MS,adjokovicft@cdbaby.com
571,Elvina McGivena,0395 Norway Maple Avenue,77010,TX,emcgivenafu@xrea.com
572,Raina Nicolson,0155 Paget Park,30323,GA,rnicolsonfv@cargocollective.com
573,Edgar Flescher,84706 Raven Hill,12222,NY,eflescherfw@slashdot.org
574,Fawnia Hussell,84838 Lakeland Avenue,64187,MO,fhussellfx@yandex.ru
575,Sharona Zecchini,6254 Mayfield Plaza,45419,OH,szecchinify@nba.com
576,Alberik Milton-White,527 Pierstorff Road,21203,MD,amiltonwhitefz@nytimes.com
577,Dolorita Alenichicov,915 Talmadge Pass,83206,ID,dalenichicovg0@bing.com
578,Jobey Dinsdale,56 Forest Crossing,12232,NY,jdinsdaleg1@nymag.com
579,Dean Tenpenny,5 Main Alley,83732,ID,dtenpennyg2@washingtonpost.com
580,Chandal Dibson,06996 Esker Park,93150,CA,cdibsong3@netvibes.com
581,Woodrow Skule,8 Merchant Junction,60636,IL,wskuleg4@statcounter.com
582,Fenelia Reboulet,9 Vera Street,60351,IL,frebouletg5@umn.edu
583,Darrin Anstice,6 Upham Avenue,91117,CA,dansticeg6@sina.com.cn
584,Garret Grewes,0782 Kropf Road,30195,GA,ggrewesg7@free.fr
585,Klara Gansbuhler,06 Susan Junction,80223,CO,kgansbuhlerg8@posterous.com
586,Georgianna Twyford,744 Twin Pines Trail,83757,ID,gtwyfordg9@clickbank.net
587,Janith Loftin,50805 Shoshone Lane,89178,NV,jloftinga@sina.com.cn
588,Gwenora Panton,18323 Elka Park,95354,CA,gpantongb@infoseek.co.jp
589,Jim Pettersen,64114 6th Drive,96805,HI,jpettersengc@noaa.gov
590,Arthur Dewfall,938 Anniversary Place,83705,ID,adewfallgd@state.tx.us
591,Eric Patty,6 Rowland Place,11215,NY,epattyge@wordpress.com
592,Cordi Hails,2 Elgar Place,60208,IL,chailsgf@elpais.com
593,Nadeen Dullingham,92 Arizona Lane,88589,TX,ndullinghamgg@thetimes.co.uk
594,Edsel Rigolle,57409 Fairfield Junction,76129,TX,erigollegh@dagondesign.com
595,Izak Gauvain,6 Mallory Alley,94245,CA,igauvaingi@mac.com
596,Zorine Assel,942 Becker Circle,05609,VT,zasselgj@jigsy.com
597,Tove Estable,02822 Kensington Pass,93399,CA,testablegk@dell.com
598,Roosevelt Gebbie,89186 Sunbrook Trail,77030,TX,rgebbiegl@chron.com
599,Bethany Rigney,5 Myrtle Plaza,75397,TX,brigneygm@toplist.cz
600,Viole McEniry,5 Steensland Circle,63158,MO,vmcenirygn@is.gd
601,Lincoln Crosham,35684 Kim Parkway,96850,HI,lcroshamgo@huffingtonpost.com
602,Letitia Stoppard,5 Charing Cross Alley,36125,AL,lstoppardgp@networksolutions.com
603,Isiahi Nielson,3 Blaine Center,90310,CA,inielsongq@scientificamerican.com
604,Kimmy Corless,7732 Straubel Circle,39404,MS,kcorlessgr@myspace.com
605,Casar Schaffel,11381 Morningstar Parkway,68144,NE,cschaffelgs@digg.com
606,Barney Lackey,804 Amoth Way,40287,KY,blackeygt@ezinearticles.com
607,Seward Emor,07892 Mayer Parkway,20195,VA,semorgu@blogs.com
608,Nevil Domanek,789 Florence Street,91117,CA,ndomanekgv@sogou.com
609,Dorice Winsiowiecki,90995 Tennyson Center,84115,UT,dwinsiowieckigw@nymag.com
610,Coraline Youthed,67819 Maple Junction,80930,CO,cyouthedgx@house.gov
611,Van Fosse,73831 Cascade Pass,02912,RI,vfossegy@homestead.com
612,Corrianne Bourbon,20332 Bay Avenue,00214,NH,cbourbongz@soup.io
613,Mick Bromwich,8 Donald Way,55557,MN,mbromwichh0@forbes.com
614,Josefina Thorius,435 Buena Vista Way,94089,CA,jthoriush1@dion.ne.jp
615,Iorgo Sneezum,173 Burrows Alley,93907,CA,isneezumh2@bluehost.com
616,Haskell D'Abbot-Doyle,40 Packers Way,33982,FL,hdabbotdoyleh3@goo.ne.jp
617,Stormi Le Leu,253 Eagle Crest Center,30605,GA,sleh4@cnn.com
618,Tove Addekin,21154 Kedzie Place,20535,DC,taddekinh5@wordpress.com
619,Harper Rahill,672 Mitchell Crossing,33034,FL,hrahillh6@cargocollective.com
620,Silvio Conre,72 Fuller Park,94605,CA,sconreh7@dropbox.com
621,Joey Hardstaff,179 Messerschmidt Court,03804,NH,jhardstaffh8@barnesandnoble.com
622,Clive Cops,66244 Longview Avenue,84199,UT,ccopsh9@umich.edu
623,Kat Gascoine,09629 Old Shore Park,78250,TX,kgascoineha@dmoz.org
624,Brena Spillard,8 Northland Point,57110,SD,bspillardhb@samsung.com
625,Karlen Vanichkov,82566 Elmside Court,60609,IL,kvanichkovhc@yandex.ru
626,Salvidor Summerbell,108 Eagle Crest Hill,20260,DC,ssummerbellhd@linkedin.com
627,Cordelie Charpling,614 Onsgard Crossing,21705,MD,ccharplinghe@dmoz.org
628,Ned Rushman,297 Judy Way,33134,FL,nrushmanhf@blinklist.com
629,Rudy Glowacha,7514 Columbus Junction,20036,DC,rglowachahg@smh.com.au
630,Rafaelia Vasyagin,4 Artisan Alley,19172,PA,rvasyaginhh@umn.edu
631,Candi Siddon,4376 Lawn Center,20436,DC,csiddonhi@google.co.jp
632,Christoper Zanicchelli,0994 Green Point,01905,MA,czanicchellihj@yelp.com
633,Ingaberg Undrell,0 Brentwood Parkway,79968,TX,iundrellhk@bloglines.com
634,Francois Gerty,72 Rieder Lane,30245,GA,fgertyhl@fastcompany.com
635,Jason Trowsdall,4558 Cascade Alley,85083,AZ,jtrowsdallhm@imdb.com
636,Maiga Whybrow,21 Stone Corner Parkway,79105,TX,mwhybrowhn@privacy.gov.au
637,Eli Slyman,58 Farwell Way,93381,CA,eslymanho@dailymail.co.uk
638,Cammy Welden,92 Spohn Hill,29625,SC,cweldenhp@gizmodo.com
639,Sheela Hawksby,19692 Amoth Lane,77343,TX,shawksbyhq@printfriendly.com
640,Nestor Merioth,9184 Waywood Drive,87592,NM,nmeriothhr@woothemes.com
641,Angelle Meni,23320 Algoma Junction,96825,HI,amenihs@zimbio.com
642,Cassy Keers,5 Tennessee Way,75221,TX,ckeersht@amazonaws.com
643,Dorolisa Dermot,2 Dayton Avenue,36195,AL,ddermothu@cbsnews.com
644,Gerianna Frosch,870 Marquette Alley,93305,CA,gfroschhv@free.fr
645,Lucho Dey,2 Lakewood Circle,78291,TX,ldeyhw@1688.com
646,Emelen Rixon,0 Roth Alley,78215,TX,erixonhx@icio.us
647,Evin Tiesman,3 Warbler Trail,28215,NC,etiesmanhy@economist.com
648,Tanny Chetwynd,0 Graedel Hill,32590,FL,tchetwyndhz@live.com
649,Kain Bogue,97685 Anthes Alley,94257,CA,kboguei0@springer.com
650,Chucho Yurocjkin,05 North Trail,33169,FL,cyurocjkini1@i2i.jp
651,Charlene Rysdale,4 Kropf Lane,92132,CA,crysdalei2@apple.com
652,Brinna Crayk,6 Fisk Circle,27710,NC,bcrayki3@addtoany.com
653,Jeffry Riste,9 Norway Maple Way,19109,PA,jristei4@quantcast.com
654,Dosi Iorillo,00 Hayes Pass,32919,FL,diorilloi5@e-recht24.de
655,Jane Erswell,6 North Lane,73197,OK,jerswelli6@nbcnews.com
656,Kerby Terzza,29171 Manley Terrace,20910,MD,kterzzai7@naver.com
657,Karel McSwan,64 Thierer Way,89105,NV,kmcswani8@techcrunch.com
658,Antin Jentges,0960 Scott Pass,35231,AL,ajentgesi9@ning.com
659,Gillian Urvoy,899 Pennsylvania Trail,98417,WA,gurvoyia@yahoo.com
660,Constance Demangeot,9 Maryland Road,60624,IL,cdemangeotib@intel.com
661,Tammie Joontjes,95 Mifflin Alley,20425,DC,tjoontjesic@tripadvisor.com
662,Gilli McFadyen,2 Almo Center,77030,TX,gmcfadyenid@webmd.com
663,Dulsea Russell,12 Meadow Ridge Road,90005,CA,drussellie@canalblog.com
664,Jules Arangy,770 Forest Dale Place,56944,DC,jarangyif@mashable.com
665,Adair Van Bruggen,90 Ilene Lane,89115,NV,avanig@nationalgeographic.com
666,Mannie Prince,4384 Golf Course Circle,33715,FL,mprinceih@cbsnews.com
667,Aguistin Moppett,059 Marcy Alley,23514,VA,amoppettii@reddit.com
668,Winston Trenaman,0 Sunfield Pass,29905,SC,wtrenamanij@lycos.com
669,Leonerd Pettendrich,1 Glacier Hill Park,14225,NY,lpettendrichik@artisteer.com
670,Joann Domoney,821 Goodland Lane,55417,MN,jdomoneyil@myspace.com
671,Patrizia Fawlks,29666 Autumn Leaf Road,48258,MI,pfawlksim@amazon.de
672,Idette Cherm,43 Maywood Circle,78470,TX,ichermin@prlog.org
673,Sybyl Szepe,7327 Quincy Street,36670,AL,sszepeio@geocities.com
674,Madelon Skase,63 Beilfuss Trail,80920,CO,mskaseip@home.pl
675,Dorotea Janway,6 Kropf Alley,06721,CT,djanwayiq@gizmodo.com
676,Ivory Ginman,88277 Straubel Way,71208,LA,iginmanir@amazon.co.jp
677,Aubert Gainfort,26 Welch Terrace,55446,MN,againfortis@cocolog-nifty.com
678,Eula Horrigan,43 Anderson Lane,68134,NE,ehorriganit@examiner.com
679,Garold Bellingham,6008 Brown Parkway,78220,TX,gbellinghamiu@time.com
680,Nola Raulstone,12985 Pankratz Crossing,22244,VA,nraulstoneiv@weebly.com
681,Eldredge Ferby,65 Lukken Plaza,77045,TX,eferbyiw@oaic.gov.au
682,Maggi Deverock,58554 Lindbergh Court,64136,MO,mdeverockix@alexa.com
683,Angelico Kinneir,13 Namekagon Street,80161,CO,akinneiriy@microsoft.com
684,Pauletta Storey,9705 Autumn Leaf Alley,64114,MO,pstoreyiz@sogou.com
685,Clemmie Bartleet,00661 Kenwood Street,78764,TX,cbartleetj0@imgur.com
686,Chevalier Ouldcott,57384 Golden Leaf Park,35244,AL,couldcottj1@dailymotion.com
687,Jesus Di Napoli,83 Raven Center,92030,CA,jdij2@noaa.gov
688,Iolanthe Heindl,54767 International Court,88574,TX,iheindlj3@opera.com
689,Sydel Ditts,232 Forest Parkway,17622,PA,sdittsj4@senate.gov
690,Clive McCloud,074 Kropf Way,29225,SC,cmccloudj5@bravesites.com
691,Beverlie Erangy,17400 Rieder Pass,76310,TX,berangyj6@delicious.com
692,Bayard Pointer,09748 Homewood Alley,70836,LA,bpointerj7@angelfire.com
693,Bernardo Blakeway,707 Dwight Lane,11231,NY,bblakewayj8@economist.com
694,Harrison Feldhorn,793 John Wall Parkway,90087,CA,hfeldhornj9@miitbeian.gov.cn
695,Isaiah Steffan,8 Florence Circle,13224,NY,isteffanja@acquirethisname.com
696,Angie Rain,31683 Corry Street,24004,VA,arainjb@noaa.gov
697,Silas Zamboniari,5231 Colorado Drive,59112,MT,szamboniarijc@flickr.com
698,Paul Edgworth,15230 Hovde Court,19897,DE,pedgworthjd@over-blog.com
699,Wright Galvin,628 Rusk Point,68144,NE,wgalvinje@rediff.com
700,Vitia Newton,6051 Hazelcrest Terrace,77090,TX,vnewtonjf@rambler.ru
701,Almeria Thrower,044 Corscot Terrace,25709,WV,athrowerjg@ycombinator.com
702,Daveta Karpol,11 Drewry Crossing,85010,AZ,dkarpoljh@com.com
703,Robinia Willets,35 Rusk Park,28225,NC,rwilletsji@tmall.com
704,Gav Salamon,06899 Buell Avenue,55573,MN,gsalamonjj@opensource.org
705,Dareen Hailey,3923 Clove Crossing,19892,DE,dhaileyjk@creativecommons.org
706,Faun Dabrowski,04 Express Trail,93786,CA,fdabrowskijl@hatena.ne.jp
707,Daryl Buzzing,6929 Calypso Lane,15286,PA,dbuzzingjm@miibeian.gov.cn
708,Taryn Bagguley,1204 School Park,03804,NH,tbagguleyjn@buzzfeed.com
709,Stefanie Charlson,41 Chive Way,34605,FL,scharlsonjo@creativecommons.org
710,Tanney Ferencz,4 Gina Avenue,37931,TN,tferenczjp@wordpress.com
711,Gwen Baird,260 Oriole Pass,50393,IA,gbairdjq@smugmug.com
712,Donelle Colbourne,6492 Menomonie Center,10039,NY,dcolbournejr@miibeian.gov.cn
713,Ailene Orbon,32830 Anzinger Hill,92505,CA,aorbonjs@unesco.org
714,Oren Tunnow,93650 Doe Crossing Crossing,21265,MD,otunnowjt@home.pl
715,Hugibert Walhedd,238 Shasta Terrace,34479,FL,hwalheddju@opensource.org
716,Ikey O'Flynn,77719 Holy Cross Street,19093,PA,ioflynnjv@canalblog.com
717,Liam Dunstall,278 Homewood Avenue,63136,MO,ldunstalljw@github.io
718,Earlie Silkston,64908 Jana Hill,38168,TN,esilkstonjx@census.gov
719,Trista Hyder,63915 Burrows Crossing,85732,AZ,thyderjy@t-online.de
720,Lanie Bowring,5 Truax Road,44555,OH,lbowringjz@ask.com
721,Derward Longfoot,7 Village Green Avenue,84130,UT,dlongfootk0@dropbox.com
722,Tessie Tromans,04167 Merry Circle,94286,CA,ttromansk1@chron.com
723,Alla Hebburn,7 Glendale Alley,83722,ID,ahebburnk2@amazon.co.uk
724,Kylen Methingam,315 Coolidge Drive,33134,FL,kmethingamk3@java.com
725,Kai Coate,2 Upham Crossing,77260,TX,kcoatek4@bigcartel.com
726,Pansie MacTerrelly,0007 Badeau Court,33283,FL,pmacterrellyk5@pen.io
727,Emmery Kinny,2375 Lien Hill,20520,DC,ekinnyk6@spotify.com
728,Bayard Barbier,331 Jenna Terrace,34665,FL,bbarbierk7@4shared.com
729,Sonnnie Gilroy,797 Barby Road,67220,KS,sgilroyk8@psu.edu
730,Sabrina Triggel,73166 Browning Way,13205,NY,striggelk9@vinaora.com
731,Sheff Foot,8 Ramsey Court,38161,TN,sfootka@nps.gov
732,Morna Janodet,8709 Fordem Junction,93750,CA,mjanodetkb@whitehouse.gov
733,Casey Mackie,217 Harbort Hill,43284,OH,cmackiekc@delicious.com
734,Korey Mc Ilwrick,4 Hovde Parkway,80525,CO,kmckd@comsenz.com
735,Timi Cettell,6 Bayside Parkway,76011,TX,tcettellke@nature.com
736,Weylin Dixon,618 Fulton Parkway,90405,CA,wdixonkf@webmd.com
737,Vincents Losemann,749 Bowman Circle,27710,NC,vlosemannkg@hc360.com
738,Cariotta Nardi,3622 Shopko Circle,89160,NV,cnardikh@indiegogo.com
739,Giraud Beacroft,540 Chive Junction,91205,CA,gbeacroftki@answers.com
740,Igor Pott,52645 Riverside Terrace,93386,CA,ipottkj@google.pl
741,Florenza Itzchaki,9 Oriole Junction,94286,CA,fitzchakikk@feedburner.com
742,Stanley Charter,2 Garrison Street,44315,OH,scharterkl@nps.gov
743,Merrie Drexel,5 Mitchell Park,19810,DE,mdrexelkm@china.com.cn
744,Venita Berrecloth,54273 Holy Cross Place,63143,MO,vberreclothkn@wordpress.com
745,Reuven Chrishop,749 Roxbury Point,41905,KY,rchrishopko@paypal.com
746,Hortensia Garraway,89 Thackeray Circle,94712,CA,hgarrawaykp@imgur.com
747,Kaleena Crux,64391 Vahlen Hill,44329,OH,kcruxkq@wikia.com
748,Shirlene Steinhammer,044 Village Lane,78291,TX,ssteinhammerkr@naver.com
749,Shem Mannering,19 Stoughton Circle,10039,NY,smanneringks@washingtonpost.com
750,Rogers Gault,91 Carey Road,87140,NM,rgaultkt@noaa.gov
751,Robyn Gager,1 Golf View Park,20041,DC,rgagerku@bigcartel.com
752,Lucita Delicate,14 Lawn Court,77281,TX,ldelicatekv@shutterfly.com
753,Tallou McKiernan,50293 Algoma Center,94297,CA,tmckiernankw@uol.com.br
754,Latrina Grafton-Herbert,59 Ridgeway Crossing,80044,CO,lgraftonherbertkx@scientificamerican.com
755,Bryon Bullant,911 Crownhardt Crossing,33686,FL,bbullantky@feedburner.com
756,Rusty Smithend,59602 Lyons Plaza,79968,TX,rsmithendkz@macromedia.com
757,Fair Fruin,669 Buell Avenue,36628,AL,ffruinl0@archive.org
758,Gwyn Simkovich,41 Amoth Parkway,34210,FL,gsimkovichl1@edublogs.org
759,Vidovic Netti,1601 Carey Street,47134,IN,vnettil2@php.net
760,Gris Hammond,9 Montana Road,77386,TX,ghammondl3@de.vu
761,Gabrila Sainthill,4 Oakridge Court,76011,TX,gsainthilll4@census.gov
762,Sloane Newberry,604 Schlimgen Lane,64101,MO,snewberryl5@usatoday.com
763,Alyce Mozzini,44 Dennis Drive,36104,AL,amozzinil6@studiopress.com
764,Dun Paragreen,72 Rockefeller Point,79705,TX,dparagreenl7@wufoo.com
765,Standford Scrogges,2876 Westerfield Plaza,96820,HI,sscroggesl8@github.com
766,Burtie Matas,45532 Charing Cross Drive,80270,CO,bmatasl9@icio.us
767,Anjanette Gurr,447 Oriole Park,61640,IL,agurrla@wikimedia.org
768,Papageno Brydon,1422 Norway Maple Center,31998,GA,pbrydonlb@dropbox.com
769,Gretchen Bratcher,384 Pleasure Trail,19196,PA,gbratcherlc@comcast.net
770,Darelle Dies,0801 5th Plaza,78225,TX,ddiesld@tmall.com
771,Gian Wholesworth,9386 Del Mar Hill,27626,NC,gwholesworthle@wikispaces.com
772,Ellette Ostridge,8 Darwin Crossing,95118,CA,eostridgelf@zdnet.com
773,Laurie Shakesbye,54 Holmberg Parkway,97255,OR,lshakesbyelg@hugedomains.com
774,Gordy Bartel,68888 Kings Drive,14269,NY,gbartellh@google.com.hk
775,Kata Akast,92 Sherman Alley,65218,MO,kakastli@imdb.com
776,Joellyn Hentzeler,9 Anniversary Parkway,40576,KY,jhentzelerlj@sourceforge.net
777,Charissa Broinlich,649 Esker Way,75710,TX,cbroinlichlk@theguardian.com
778,Kenneth Maisey,506 Debra Center,95173,CA,kmaiseyll@amazon.com
779,Oliver Shewring,55916 Lukken Parkway,20205,DC,oshewringlm@reference.com
780,Darbie Marchbank,8012 Eggendart Way,52410,IA,dmarchbankln@yolasite.com
781,Dianne Mahaffey,881 Corben Place,51110,IA,dmahaffeylo@ameblo.jp
782,Simone Lusgdin,0415 Mallard Parkway,81010,CO,slusgdinlp@cnn.com
783,Gretta Paoloni,96 5th Circle,33245,FL,gpaolonilq@wired.com
784,Lombard Clavering,560 Valley Edge Road,74170,OK,lclaveringlr@gov.uk
785,Dolf Philipp,13 Pennsylvania Plaza,20244,DC,dphilippls@howstuffworks.com
786,Jami Pearton,66681 Green Ridge Pass,23293,VA,jpeartonlt@huffingtonpost.com
787,Jenni Aynscombe,2885 Monica Plaza,95405,CA,jaynscombelu@dot.gov
788,Johnnie Ianetti,96 Nancy Pass,66611,KS,jianettilv@bing.com
789,Mercie Brittoner,34 High Crossing Circle,78296,TX,mbrittonerlw@cnet.com
790,Ricki Brashaw,9375 Utah Terrace,12262,NY,rbrashawlx@lycos.com
791,Say Hocking,05 Sloan Way,55115,MN,shockingly@adobe.com
792,Farr Aynold,89 Florence Center,33673,FL,faynoldlz@usnews.com
793,Harriett McDougall,5 Myrtle Point,20299,DC,hmcdougallm0@foxnews.com
794,Dicky Peppin,6 Shasta Terrace,48098,MI,dpeppinm1@naver.com
795,Elsa Ferne,0784 Green Ridge Point,33196,FL,efernem2@smugmug.com
796,Gustaf Casier,7533 Dahle Crossing,29411,SC,gcasierm3@webnode.com
797,Raina Hardiman,5 Amoth Road,67236,KS,rhardimanm4@usa.gov
798,Ronna Prahm,610 Main Hill,15235,PA,rprahmm5@fc2.com
799,Mortimer Wherry,6 Mesta Way,65110,MO,mwherrym6@xrea.com
800,Morton Guilbert,5 Pierstorff Lane,98411,WA,mguilbertm7@ftc.gov
801,Zaria McGuckin,65908 Dapin Court,35220,AL,zmcguckinm8@newsvine.com
802,Tim Stirling,20 Loftsgordon Road,79911,TX,tstirlingm9@usgs.gov
803,Lamont Inchcomb,07 Jenna Way,40596,KY,linchcombma@xrea.com
804,Neale Sharpling,20109 Vermont Street,33448,FL,nsharplingmb@google.com.br
805,Even Francie,84 Magdeline Center,78465,TX,efranciemc@usda.gov
806,Broddie Pulham,0 Vahlen Street,93584,CA,bpulhammd@constantcontact.com
807,Freddy Howley,4 Amoth Drive,90050,CA,fhowleyme@google.co.uk
808,Lanny Blackadder,0769 Delaware Point,94169,CA,lblackaddermf@paypal.com
809,Giavani Pantridge,78168 Marcy Road,64109,MO,gpantridgemg@360.cn
810,Lisetta Sperwell,83 Vidon Drive,11205,NY,lsperwellmh@devhub.com
811,Maison Karpychev,84584 Mccormick Road,77705,TX,mkarpychevmi@pbs.org
812,Arnold Espinal,18 Glendale Hill,88589,TX,aespinalmj@economist.com
813,Valery Scowcraft,46 Homewood Drive,84170,UT,vscowcraftmk@deviantart.com
814,Felicle Stutter,09320 Artisan Trail,19714,DE,fstutterml@pen.io
815,Bobby Pumfrett,6612 Michigan Park,37245,TN,bpumfrettmm@over-blog.com
816,Norry MacAnespie,4 Mendota Street,22070,VA,nmacanespiemn@bluehost.com
817,Ginelle Lowell,436 Norway Maple Point,66629,KS,glowellmo@spiegel.de
818,Tabbi Durling,660 Eastwood Crossing,33330,FL,tdurlingmp@4shared.com
819,Melli Nunnerley,295 Manufacturers Terrace,55458,MN,mnunnerleymq@wired.com
820,Gaye Avo,35 Bultman Court,43215,OH,gavomr@flavors.me
821,Floris Courvert,94 Loomis Alley,24515,VA,fcourvertms@washingtonpost.com
822,Susanne O'Kynsillaghe,3828 Northfield Place,70160,LA,sokynsillaghemt@businessinsider.com
823,Valentin Bortoloni,808 Lotheville Crossing,98042,WA,vbortolonimu@google.de
824,Bartel Astlett,1 Pond Trail,55590,MN,bastlettmv@tamu.edu
825,Robinette Brownsill,04 Shasta Street,38161,TN,rbrownsillmw@sfgate.com
826,Tessa Childes,3085 Barnett Road,90065,CA,tchildesmx@rediff.com
827,Roth Lavrick,7 Oxford Drive,50347,IA,rlavrickmy@liveinternet.ru
828,Karrah Sapsforde,3558 Mosinee Plaza,22047,VA,ksapsfordemz@prweb.com
829,Benetta MacLachlan,727 Longview Point,66220,KS,bmaclachlann0@buzzfeed.com
830,Willa Borges,703 Debs Crossing,73114,OK,wborgesn1@usa.gov
831,Margarita Barber,59474 Judy Street,93584,CA,mbarbern2@cnet.com
832,Haley Balassi,38711 Butterfield Place,92145,CA,hbalassin3@nydailynews.com
833,Stephi Killeen,84680 Bayside Place,47937,IN,skilleenn4@vimeo.com
834,Leisha Tewkesbury.,98 Memorial Plaza,81015,CO,ltewkesburyn5@biglobe.ne.jp
835,Augustina Haston,9330 Mariners Cove Road,45223,OH,ahastonn6@senate.gov
836,Kesley Rosterne,25 Evergreen Junction,90805,CA,krosternen7@engadget.com
837,Sabrina Platts,60979 Nelson Pass,17126,PA,splattsn8@xrea.com
838,Lilla Gley,3 Arapahoe Trail,10115,NY,lgleyn9@wunderground.com
839,Fulton Helliar,1882 Sachtjen Place,92513,CA,fhelliarna@samsung.com
840,Cece Eliot,59713 Morrow Crossing,75226,TX,celiotnb@yahoo.com
841,Corabella Hanstock,01 Caliangt Alley,93762,CA,chanstocknc@senate.gov
842,Abra Truman,9 Texas Court,53405,WI,atrumannd@independent.co.uk
843,Tonie Dracksford,1 Kipling Avenue,83711,ID,tdracksfordne@noaa.gov
844,Dominga Dzenisenka,799 Union Pass,33731,FL,ddzenisenkanf@clickbank.net
845,Glyn Carlin,44771 Haas Way,06183,CT,gcarlinng@wordpress.com
846,Lilli Carberry,894 Chive Park,39236,MS,lcarberrynh@smh.com.au
847,Iver Riedel,7 Monument Lane,80209,CO,iriedelni@google.it
848,Moishe Clough,9 Sunnyside Junction,11024,NY,mcloughnj@google.es
849,Erma Huxham,894 Rigney Point,08619,NJ,ehuxhamnk@sourceforge.net
850,Cart Rutigliano,752 Summit Plaza,90510,CA,crutiglianonl@istockphoto.com
851,Cornell Fernant,044 Anderson Plaza,14269,NY,cfernantnm@sohu.com
852,Brewster Lutz,61 North Road,72199,AR,blutznn@slideshare.net
853,Mariejeanne Murdoch,22 Basil Terrace,73142,OK,mmurdochno@globo.com
854,Flori Adao,1240 Briar Crest Hill,66606,KS,fadaonp@redcross.org
855,Maribeth Olivazzi,94 Independence Circle,33915,FL,molivazzinq@omniture.com
856,Sonnie Giddy,04 Grim Circle,14646,NY,sgiddynr@hatena.ne.jp
857,Susette Flacknell,087 Melody Road,35810,AL,sflacknellns@t-online.de
858,Mirabelle Pilfold,2 Parkside Terrace,07104,NJ,mpilfoldnt@ocn.ne.jp
859,Bee Ludwell,31 Mariners Cove Crossing,46221,IN,bludwellnu@netlog.com
860,Herve Biglin,81 6th Circle,78769,TX,hbiglinnv@nyu.edu
861,Marlow Crosser,9951 Redwing Drive,10079,NY,mcrossernw@g.co
862,Anjanette Vines,465 Mallory Crossing,90020,CA,avinesnx@posterous.com
863,Milissent Milne,59960 Hovde Road,15266,PA,mmilneny@dion.ne.jp
864,See Philippon,8 Manley Trail,55188,MN,sphilipponnz@g.co
865,Cozmo Lantuff,03 Bultman Center,72916,AR,clantuffo0@topsy.com
866,Milt Simoneton,91 Westport Crossing,45233,OH,msimonetono1@1und1.de
867,Sibeal Barense,946 Green Ridge Place,56398,MN,sbarenseo2@unicef.org
868,Berthe Lutton,68 Fremont Alley,48956,MI,bluttono3@netvibes.com
869,Claudelle Grishakov,8 Lien Park,77299,TX,cgrishakovo4@wp.com
870,Joline Jones,56379 Fremont Center,33185,FL,jjoneso5@oakley.com
871,Tamarah Gornar,7 Trailsway Way,75251,TX,tgornaro6@opera.com
872,Ainslie Koeppe,9000 Novick Street,73179,OK,akoeppeo7@barnesandnoble.com
873,Nike Gounel,2 Eliot Street,98127,WA,ngounelo8@gov.uk
874,Dallas Coulthart,6 Glacier Hill Alley,48609,MI,dcoultharto9@wikimedia.org
875,Woodman Roach,0592 Hansons Place,91328,CA,wroachoa@ehow.com
876,Becky Pearman,31332 Colorado Way,31210,GA,bpearmanob@slideshare.net
877,Alfy Birtchnell,49925 Melody Center,93715,CA,abirtchnelloc@instagram.com
878,Hobard Baggallay,14 Hooker Drive,10024,NY,hbaggallayod@imgur.com
879,Hagan Cracker,648 Mifflin Drive,76305,TX,hcrackeroe@cbslocal.com
880,Ophelia Renish,3 Sundown Street,23436,VA,orenishof@lycos.com
881,Cody Ochterlonie,76 2nd Crossing,92110,CA,cochterlonieog@istockphoto.com
882,Morly Rowell,750 Lakewood Gardens Circle,94237,CA,mrowelloh@google.com.hk
883,Jennie Basham,3874 International Street,95108,CA,jbashamoi@rediff.com
884,Zacharia Aldersey,55 Reindahl Avenue,32859,FL,zalderseyoj@deliciousdays.com
885,Georgy Harman,1 Washington Alley,60652,IL,gharmanok@ucla.edu
886,Joseito Royal,94897 Melvin Avenue,44720,OH,jroyalol@deliciousdays.com
887,Herminia Southern,231 Main Pass,22234,VA,hsouthernom@marketwatch.com
888,Aileen Matisse,7 7th Pass,33147,FL,amatisseon@com.com
889,Bertie Gerrish,8379 Hauk Alley,34620,FL,bgerrishoo@skype.com
890,Brucie Domleo,15 Ridgeway Road,49006,MI,bdomleoop@shutterfly.com
891,Mackenzie Cheales,74 Memorial Alley,37235,TN,mchealesoq@economist.com
892,Melvyn Ilott,87 Sunbrook Junction,80015,CO,milottor@uiuc.edu
893,Bail McKall,9707 Fair Oaks Road,88519,TX,bmckallos@paypal.com
894,Massimo Benley,97 Springview Hill,85219,AZ,mbenleyot@last.fm
895,August Cancellieri,7079 Anthes Road,46699,IN,acancellieriou@kickstarter.com
896,Pippo Luke,9 Victoria Center,30610,GA,plukeov@studiopress.com
897,Nickie Lamburne,3790 Anzinger Junction,37240,TN,nlamburneow@walmart.com
898,Eduino Hulls,0 Cardinal Avenue,98442,WA,ehullsox@nasa.gov
899,Ruggiero Gellert,3 Moland Circle,33763,FL,rgellertoy@hatena.ne.jp
900,Denys Huffadine,208 Walton Circle,02472,MA,dhuffadineoz@vistaprint.com
901,Odilia Gittins,31 Judy Junction,72209,AR,ogittinsp0@istockphoto.com
902,Nerti Rodbourne,68055 Hansons Avenue,10090,NY,nrodbournep1@mac.com
903,Fanny Floweth,41 Derek Hill,89160,NV,fflowethp2@jimdo.com
904,Jeanie Giacopetti,2 Lawn Hill,10464,NY,jgiacopettip3@instagram.com
905,Tucky Sims,19983 Eliot Point,44485,OH,tsimsp4@webs.com
906,Gaile Loosely,31 Hallows Place,20508,DC,glooselyp5@sakura.ne.jp
907,Cobb Speeding,65 Eagle Crest Drive,94064,CA,cspeedingp6@printfriendly.com
908,Adaline Wellbeloved,457 Briar Crest Hill,44905,OH,awellbelovedp7@theglobeandmail.com
909,Gloriana MacBrearty,49 Waxwing Parkway,29203,SC,gmacbreartyp8@youku.com
910,Ambrosius Roxburch,9319 Fair Oaks Park,91406,CA,aroxburchp9@twitpic.com
911,Ethelda Rodwell,47020 Hintze Lane,84130,UT,erodwellpa@dot.gov
912,Angy Wombwell,5 Bonner Hill,80150,CO,awombwellpb@hud.gov
913,Hollyanne Arnatt,992 Shelley Street,97306,OR,harnattpc@rambler.ru
914,Donnie MacGille,334 Glendale Avenue,58106,ND,dmacgillepd@opensource.org
915,Loretta Walesby,55117 Heath Point,33245,FL,lwalesbype@tripod.com
916,Selby McMains,3021 Dennis Avenue,66642,KS,smcmainspf@vk.com
917,Sigfried Forrest,7393 La Follette Hill,95155,CA,sforrestpg@bloglovin.com
918,Keary Ben-Aharon,65 Cordelia Court,93094,CA,kbenaharonph@geocities.jp
919,Uri Reisin,3 Oak Valley Court,20851,MD,ureisinpi@hexun.com
920,Neron Middle,11277 Golf Lane,44710,OH,nmiddlepj@wsj.com
921,Irene Linden,6529 Sauthoff Hill,71130,LA,ilindenpk@seattletimes.com
922,Tristan Draisey,6 Hanover Terrace,53726,WI,tdraiseypl@umich.edu
923,Frannie Gronaver,34919 Fulton Way,43605,OH,fgronaverpm@nydailynews.com
924,Gwyneth McRobb,34341 Kingsford Avenue,32859,FL,gmcrobbpn@geocities.jp
925,Free Hansman,695 Sheridan Pass,93034,CA,fhansmanpo@narod.ru
926,Flory Hazelby,69 Bashford Alley,93005,CA,fhazelbypp@dagondesign.com
927,Oliy Stanning,75524 Clarendon Pass,61640,IL,ostanningpq@about.com
928,Norrie Porker,9385 Mccormick Plaza,32309,FL,nporkerpr@a8.net
929,Genevra Hastewell,989 Elgar Alley,50347,IA,ghastewellps@mapy.cz
930,Fabien Budd,166 Corscot Lane,85067,AZ,fbuddpt@ted.com
931,Trevor Arsmith,65 Hansons Drive,20067,DC,tarsmithpu@apache.org
932,Alisun Shercliff,857 Waubesa Road,94105,CA,ashercliffpv@ustream.tv
933,Vanni Palfrie,479 Sunfield Point,44760,OH,vpalfriepw@dmoz.org
934,Jerrold Scotson,258 Karstens Hill,84125,UT,jscotsonpx@prnewswire.com
935,Polly Cloutt,9 Sundown Parkway,15240,PA,pclouttpy@webs.com
936,Wanda Ovesen,866 Talmadge Drive,72916,AR,wovesenpz@paypal.com
937,Haroun Churchin,1 Goodland Drive,23237,VA,hchurchinq0@blinklist.com
938,Towney Velten,75390 Rockefeller Junction,08695,NJ,tveltenq1@wordpress.org
939,Shawnee Tenaunt,9608 Morningstar Alley,45999,OH,stenauntq2@sciencedirect.com
940,Tiff Ricold,0449 Magdeline Way,35242,AL,tricoldq3@gravatar.com
941,Harrietta Bence,1390 Bonner Center,25362,WV,hbenceq4@pbs.org
942,Fifi Venton,0434 Oak Valley Point,24034,VA,fventonq5@chron.com
943,Stacia Hastewell,6214 Waywood Center,79171,TX,shastewellq6@theatlantic.com
944,Viole Mildmott,92318 Petterle Parkway,80925,CO,vmildmottq7@sitemeter.com
945,Sigfried Bonsey,853 Bunting Parkway,22096,VA,sbonseyq8@istockphoto.com
946,Loy Cumberledge,69551 Linden Trail,78296,TX,lcumberledgeq9@wordpress.com
947,Stanly Lanchbery,889 Kinsman Court,46015,IN,slanchberyqa@wikia.com
948,Greta Rentoll,9346 Vera Parkway,75287,TX,grentollqb@dell.com
949,Gillan Fetherstan,25547 Sugar Drive,79999,TX,gfetherstanqc@admin.ch
950,Delcine Vinten,14 Prairie Rose Park,10099,NY,dvintenqd@ifeng.com
951,Fredric Blint,37 Bellgrove Park,94159,CA,fblintqe@de.vu
952,Monte Witherow,42 Cody Parkway,55108,MN,mwitherowqf@baidu.com
953,Vera Ricardo,994 Kipling Alley,87121,NM,vricardoqg@umich.edu
954,Riley Housiaux,98651 Oak Valley Street,46620,IN,rhousiauxqh@google.com.hk
955,Teirtza Tungay,2081 Orin Parkway,93778,CA,ttungayqi@ebay.co.uk
956,Nerty Palle,12425 Toban Way,90831,CA,npalleqj@liveinternet.ru
957,Reube Van der Spohr,23736 Leroy Drive,90030,CA,rvanqk@shareasale.com
958,Michaeline Guiu,25 Lakewood Gardens Junction,94132,CA,mguiuql@usda.gov
959,Delmor Golton,5 Pawling Parkway,62776,IL,dgoltonqm@nih.gov
960,Mechelle Yerbury,2973 Westport Drive,78250,TX,myerburyqn@ox.ac.uk
961,Linnea Grigorescu,6329 Saint Paul Place,13210,NY,lgrigorescuqo@github.io
962,Wadsworth McMonnies,34549 Summer Ridge Road,94405,CA,wmcmonniesqp@rambler.ru
963,Stu Hubatsch,72 Southridge Trail,10004,NY,shubatschqq@usa.gov
964,Hamilton Hurcombe,7 Miller Center,84140,UT,hhurcombeqr@domainmarket.com
965,Cherry Newvell,84 Hudson Circle,12232,NY,cnewvellqs@sciencedaily.com
966,Griffith Stolze,6 Springs Point,55572,MN,gstolzeqt@guardian.co.uk
967,Stacee Tschirschky,957 Jackson Alley,65810,MO,stschirschkyqu@baidu.com
968,Kilian Paler,2875 Chive Avenue,55123,MN,kpalerqv@foxnews.com
969,Gerianne Vardy,27 Cascade Way,20456,DC,gvardyqw@cdbaby.com
970,Susana Merigon,9 Anhalt Crossing,31119,GA,smerigonqx@whitehouse.gov
971,Jeth Lansdale,303 Ridge Oak Lane,23242,VA,jlansdaleqy@altervista.org
972,Stephan Grigoryov,7379 Nancy Drive,32225,FL,sgrigoryovqz@upenn.edu
973,Hilda Curling,4630 Vermont Parkway,18514,PA,hcurlingr0@free.fr
974,Giulietta Eason,36 Florence Avenue,52804,IA,geasonr1@eventbrite.com
975,Sigmund Woolley,7 American Circle,20260,DC,swoolleyr2@mapquest.com
976,Jillie Fairhurst,7 Almo Street,40250,KY,jfairhurstr3@imageshack.us
977,Brenda Percy,5 Emmet Lane,22333,VA,bpercyr4@nsw.gov.au
978,Poul Writtle,90315 Johnson Lane,85260,AZ,pwrittler5@gmpg.org
979,Glynis Lynas,7698 Emmet Point,46015,IN,glynasr6@hubpages.com
980,Oby Spittal,0526 7th Drive,33175,FL,ospittalr7@themeforest.net
981,Janice Perse,13189 David Lane,91125,CA,jperser8@wikipedia.org
982,Marilin Dearle-Palser,6 Portage Parkway,33013,FL,mdearlepalserr9@purevolume.com
983,Merissa Spivie,137 John Wall Street,55108,MN,mspiviera@reference.com
984,Imogen Coye,07430 Anniversary Center,90035,CA,icoyerb@examiner.com
985,Vonni Beades,19221 Atwood Avenue,61629,IL,vbeadesrc@yandex.ru
986,Ferdinanda Souness,1 Clyde Gallagher Pass,32605,FL,fsounessrd@delicious.com
987,Pepillo Senogles,5 Sunbrook Center,29805,SC,psenoglesre@cbsnews.com
988,Korella Lathwell,270 Holy Cross Parkway,88530,TX,klathwellrf@nbcnews.com
989,Lorna Comiskey,543 Lindbergh Avenue,66667,KS,lcomiskeyrg@seattletimes.com
990,Coleen Dulson,85 Forest Run Hill,36605,AL,cdulsonrh@huffingtonpost.com
991,Isaak Ruppert,29 Bobwhite Alley,55579,MN,iruppertri@nsw.gov.au
992,Ichabod Moscone,073 Bellgrove Parkway,27157,NC,imosconerj@printfriendly.com
993,Marta Bullock,57202 Eagle Crest Pass,36177,AL,mbullockrk@woothemes.com
994,Marco Corbett,74 Macpherson Trail,40515,KY,mcorbettrl@hibu.com
995,Rodolfo Canadine,909 Grasskamp Avenue,30919,GA,rcanadinerm@behance.net
996,Hermione Sowten,3428 Golf Course Pass,85754,AZ,hsowtenrn@wikipedia.org
997,Remington Kalkofen,0607 Village Trail,34238,FL,rkalkofenro@chron.com
998,Corey Iddon,61 Blaine Alley,44485,OH,ciddonrp@stumbleupon.com
999,Beverlee Tenny,377 Old Gate Park,03105,NH,btennyrq@ebay.com
1000,Fay Casement,9856 Boyd Way,50335,IA,fcasementrr@flickr.com
