id,name,address,zipcode,state,email
1,Aluino Hirjak,91 Farragut Center,92160,CA,ahirjak0@wsj.com
2,Gabby Stanman,8 Westerfield Center,68179,NE,gstanman1@uiuc.edu
3,Neda Logan,7 Monterey Drive,44710,OH,nlogan2@gizmodo.com
4,Traci McGlade,94414 Prairieview Hill,20575,DC,tmcglade3@goodreads.com
5,Ranique Polfer,71776 Beilfuss Alley,89105,NV,rpolfer4@hc360.com
6,Trey O'Codihie,59849 Graceland Way,32405,FL,tocodihie5@mysql.com
7,Trenna Bellefant,8692 Scoville Drive,95054,CA,tbellefant6@cargocollective.com
8,Tann Dyter,1599 Gateway Alley,06505,CT,tdyter7@pen.io
9,Hobie O'Fairy,44371 Bay Court,22036,VA,hofairy8@desdev.cn
10,Georgianne Tour,167 Oriole Terrace,75260,TX,gtour9@google.com.au
11,Modestine Fackney,54938 Mayfield Park,92110,CA,mfackneya@smugmug.com
12,Kora McGray,6 Reindahl Trail,84403,UT,kmcgrayb@dedecms.com
13,Fidole Gookey,06388 Summer Ridge Crossing,20409,DC,fgookeyc@fastcompany.com
14,Guilbert Hirth,85861 Almo Lane,24024,VA,ghirthd@berkeley.edu
15,Batsheva Franz-Schoninger,35178 Golf View Court,68517,NE,bfranzschoningere@homestead.com
16,Francyne Bather,656 Artisan Road,77005,TX,fbatherf@zimbio.com
17,Dianna Kincla,886 Stang Parkway,10260,NY,dkinclag@a8.net
18,Logan Scorah,939 Trailsway Alley,40215,KY,lscorahh@goo.ne.jp
19,Kimberly Falks,097 Pawling Crossing,12222,NY,kfalksi@ow.ly
20,Randall Shearn,0083 Schlimgen Center,48505,MI,rshearnj@purevolume.com
21,Dom Balston,70 Dovetail Trail,60158,IL,dbalstonk@twitter.com
22,Glyn Grahamslaw,5 Hovde Street,33028,FL,ggrahamslawl@google.ru
23,Tucker Labrow,6505 Superior Avenue,74156,OK,tlabrowm@meetup.com
24,Zola Westrip,1 Schurz Parkway,72199,AR,zwestripn@ft.com
25,Esdras Colenutt,527 Express Court,19196,PA,ecolenutto@multiply.com
26,Evyn Satch,12 Huxley Park,06145,CT,esatchp@rediff.com
27,Dukey Scrooby,26 Jenifer Terrace,84093,UT,dscroobyq@squidoo.com
28,Valentine Thirtle,6 Steensland Pass,17110,PA,vthirtler@mac.com
29,Abigail O'Towey,49092 Everett Crossing,92191,CA,aotoweys@a8.net
30,Isa Carayol,43 Thierer Pass,80920,CO,icarayolt@archive.org
31,Katharina Finn,17367 Twin Pines Place,33961,FL,kfinnu@networksolutions.com
32,Hobie Gutans,837 Montana Plaza,76198,TX,hgutansv@tumblr.com
33,Barbabra Pellington,3 Stephen Drive,01813,MA,bpellingtonw@boston.com
34,Thain Tomaszek,29901 Main Center,94159,CA,ttomaszekx@ca.gov
35,Consolata Acum,9698 Johnson Point,46254,IN,cacumy@ustream.tv
36,Leda Zouch,99976 Quincy Terrace,40596,KY,lzouchz@chron.com
37,Dacy Blenkhorn,80 Pennsylvania Trail,06705,CT,dblenkhorn10@dion.ne.jp
38,Kermit Jeduch,0390 Stuart Way,19104,PA,kjeduch11@friendfeed.com
39,Jean Twinborough,067 Reindahl Avenue,25321,WV,jtwinborough12@cocolog-nifty.com
40,Gregoor Castagneri,2994 Mcbride Court,77010,TX,gcastagneri13@dropbox.com
41,Dominick Bartalot,4136 Graceland Avenue,48107,MI,dbartalot14@newyorker.com
42,Inesita Thistleton,4 Harbort Plaza,28235,NC,ithistleton15@mapy.cz
43,Cynde Bonds,36 Miller Place,78769,TX,cbonds16@epa.gov
44,Ferguson Asman,398 Warner Place,68510,NE,fasman17@hud.gov
45,Tabbi Trillow,9 Meadow Valley Street,49544,MI,ttrillow18@smh.com.au
46,Karlan Conerding,89435 Doe Crossing Pass,78205,TX,kconerding19@businessinsider.com
47,Antin Littlecote,1458 Duke Place,33180,FL,alittlecote1a@indiegogo.com
48,Brandise Martensen,88334 Donald Terrace,33673,FL,bmartensen1b@i2i.jp
49,Sarena Stroder,05 5th Terrace,33467,FL,sstroder1c@pcworld.com
50,Hortense Sagerson,02 John Wall Hill,19160,PA,hsagerson1d@webeden.co.uk
51,Hatti Geroldo,66 Artisan Circle,27605,NC,hgeroldo1e@java.com
52,Dwain Riddington,807 Del Mar Trail,20029,DC,driddington1f@cisco.com
53,Keene Greggersen,6 Independence Lane,14624,NY,kgreggersen1g@altervista.org
54,Trescha Harrop,05824 7th Alley,48956,MI,tharrop1h@a8.net
55,Rand Cruikshank,07247 Blackbird Junction,80935,CO,rcruikshank1i@friendfeed.com
56,Fawnia Ipplett,324 Oak Valley Hill,20904,MD,fipplett1j@about.me
57,Jeremie Crabb,595 Brickson Park Alley,40266,KY,jcrabb1k@netscape.com
58,Trumaine Brute,0405 Center Hill,77343,TX,tbrute1l@time.com
59,Slade Andriveaux,67797 Hagan Junction,11054,NY,sandriveaux1m@theatlantic.com
60,Anton Sheed,75 John Wall Plaza,77260,TX,asheed1n@delicious.com
61,Ashlin Windham,36168 Rockefeller Crossing,94660,CA,awindham1o@comsenz.com
62,Olly McCoveney,2 Straubel Court,79699,TX,omccoveney1p@springer.com
63,Stefano Casassa,6 Eagan Park,78703,TX,scasassa1q@google.it
64,Noelle McDool,786 Lake View Road,73190,OK,nmcdool1r@rambler.ru
65,Ashlin O'Lagene,32796 Toban Circle,65105,MO,aolagene1s@ask.com
66,Ray Hallex,60 Judy Circle,85083,AZ,rhallex1t@vinaora.com
67,Gustav McConigal,0 Maryland Center,22093,VA,gmcconigal1u@cafepress.com
68,Josy Gribbin,5 Stoughton Circle,12247,NY,jgribbin1v@blogs.com
69,Carmelita Scandrite,073 Arkansas Lane,46862,IN,cscandrite1w@ted.com
70,Liva Lewsley,375 Marquette Place,40618,KY,llewsley1x@woothemes.com
71,Virgilio Sidebotton,42860 Cottonwood Parkway,06905,CT,vsidebotton1y@virginia.edu
72,Alberik Wilcocke,409 Little Fleur Alley,85040,AZ,awilcocke1z@army.mil
73,Shandy Thuillier,97 Ruskin Circle,79950,TX,sthuillier20@addthis.com
74,Elisabetta Rembrandt,216 North Junction,79923,TX,erembrandt21@yandex.ru
75,Eba Zanutti,3696 Vernon Alley,50305,IA,ezanutti22@youtu.be
76,Carey Halloran,833 Comanche Way,20319,DC,challoran23@seesaa.net
77,Rivy Brockton,0898 Armistice Hill,32909,FL,rbrockton24@cbc.ca
78,Suzi Smithend,0 Novick Pass,60609,IL,ssmithend25@networksolutions.com
79,Julie Gallemore,30 Tennessee Circle,85005,AZ,jgallemore26@theglobeandmail.com
80,Gael Betjes,0774 Basil Place,20167,VA,gbetjes27@bloglines.com
81,Dimitry Eggleton,8 Stang Avenue,44485,OH,deggleton28@answers.com
82,Danny Addionizio,6 Maple Wood Court,15230,PA,daddionizio29@illinois.edu
83,Roxy Breen,55 Gina Avenue,90040,CA,rbreen2a@businessweek.com
84,Lyndsie Truter,18642 Fieldstone Alley,92555,CA,ltruter2b@hatena.ne.jp
85,Malinde Phillipps,62080 Ridgeview Drive,23551,VA,mphillipps2c@webnode.com
86,Elliott Daldry,9645 Tennessee Lane,85705,AZ,edaldry2d@blinklist.com
87,Emili Pharro,4892 Del Mar Plaza,45470,OH,epharro2e@t.co
88,Ricoriki Coldbreath,1063 High Crossing Terrace,38126,TN,rcoldbreath2f@storify.com
89,Timi Eustis,21 Declaration Court,02745,MA,teustis2g@thetimes.co.uk
90,Morgun Langrick,7010 Anthes Road,13224,NY,mlangrick2h@devhub.com
91,Chrisse Sherar,1 Autumn Leaf Trail,02453,MA,csherar2i@flickr.com
92,Ario Menichino,173 Mcguire Point,38131,TN,amenichino2j@home.pl
93,Finley Skinley,86 Quincy Terrace,20918,MD,fskinley2k@e-recht24.de
94,Mabel Scothorn,18 Springview Court,37416,TN,mscothorn2l@bigcartel.com
95,Kain Chitty,83 Hollow Ridge Lane,20525,DC,kchitty2m@bizjournals.com
96,Kassandra Huggons,79783 Melvin Alley,94611,CA,khuggons2n@hibu.com
97,Fidelia O'Loughlin,06 Elka Drive,33731,FL,foloughlin2o@comsenz.com
98,Brockie Brash,623 Jay Trail,29424,SC,bbrash2p@jiathis.com
99,Andrea Gerleit,6590 Elmside Court,23272,VA,agerleit2q@theglobeandmail.com
100,Chrotoem Gillum,80 Brentwood Avenue,02458,MA,cgillum2r@nhs.uk
101,Cynthy Kewish,7657 Meadow Valley Way,19104,PA,ckewish2s@pagesperso-orange.fr
102,Kittie MacEntee,68861 Lakeland Place,44105,OH,kmacentee2t@webnode.com
103,Anatol Terzo,1 Lighthouse Bay Terrace,91406,CA,aterzo2u@dropbox.com
104,Nils Woofenden,1118 Schurz Circle,35295,AL,nwoofenden2v@goodreads.com
105,Keane Hammatt,240 1st Terrace,64149,MO,khammatt2w@foxnews.com
106,Timmie Kersley,48417 Mesta Street,84115,UT,tkersley2x@webs.com
107,Gabriela Ammer,20 Sherman Center,93740,CA,gammer2y@pbs.org
108,Chris Mogenot,01723 Lyons Junction,32590,FL,cmogenot2z@reddit.com
109,Nannie Clemas,8421 Kenwood Junction,78682,TX,nclemas30@ebay.com
110,Valeda Akam,68286 Elka Junction,98148,WA,vakam31@csmonitor.com
111,Earl Litster,3625 Oak Pass,31410,GA,elitster32@youtu.be
112,Cobbie Poznan,36899 Orin Way,77386,TX,cpoznan33@reddit.com
113,Arielle Ghiroldi,07243 Mayer Center,30301,GA,aghiroldi34@vkontakte.ru
114,Helen California,3786 Old Gate Circle,55448,MN,hcalifornia35@sohu.com
115,Jefferey Stringer,11720 Erie Park,32123,FL,jstringer36@a8.net
116,Tamarah Tims,88 Shasta Center,73124,OK,ttims37@dagondesign.com
117,Katheryn Gayne,20133 Northport Park,85754,AZ,kgayne38@zimbio.com
118,Colet Loffhead,5865 Norway Maple Way,55590,MN,cloffhead39@alexa.com
119,Bobbie Aitchinson,34429 Clemons Center,90035,CA,baitchinson3a@arstechnica.com
120,Roland Worviell,14 Amoth Way,02208,MA,rworviell3b@slashdot.org
121,Casper Pie,9 Namekagon Lane,90410,CA,cpie3c@live.com
122,Evy Redington,4514 Stuart Road,22093,VA,eredington3d@mayoclinic.com
123,Hillard Davidou,5 Grover Terrace,90405,CA,hdavidou3e@amazon.de
124,Waldemar Chessill,77645 Merchant Circle,64082,MO,wchessill3f@amazon.co.jp
125,Karly St Leger,934 Katie Center,38150,TN,kst3g@reddit.com
126,Noby Crocetti,4332 Emmet Hill,64114,MO,ncrocetti3h@sina.com.cn
127,Kissee Matthewman,719 5th Alley,91411,CA,kmatthewman3i@typepad.com
128,Dominick Rangell,9066 Hoard Terrace,34474,FL,drangell3j@mozilla.org
129,Killian Dicke,79 Drewry Road,75353,TX,kdicke3k@about.me
130,Kat Clouter,1 6th Way,65898,MO,kclouter3l@rakuten.co.jp
131,Candida Amoore,94 Crownhardt Parkway,68179,NE,camoore3m@jugem.jp
132,Idaline Hentze,63521 Miller Park,96835,HI,ihentze3n@livejournal.com
133,Bobbie Wringe,311 Pearson Terrace,53726,WI,bwringe3o@walmart.com
134,Haven Evelyn,49638 6th Way,13210,NY,hevelyn3p@nba.com
135,Nicki Moscon,50 Crownhardt Crossing,84605,UT,nmoscon3q@netscape.com
136,Carey Galpin,17 Lillian Drive,32885,FL,cgalpin3r@google.com.au
137,Trix Lodevick,6 Muir Pass,60630,IL,tlodevick3s@ehow.com
138,Courtnay Squire,495 Northview Circle,47134,IN,csquire3t@time.com
139,Axel Willatts,225 Northfield Road,92410,CA,awillatts3u@symantec.com
140,Christoffer Pearse,31 Logan Terrace,68510,NE,cpearse3v@spiegel.de
141,Olivette Myall,29161 Haas Way,77015,TX,omyall3w@psu.edu
142,Imogen Broster,53 Randy Hill,08603,NJ,ibroster3x@marriott.com
143,Ophelie Londesborough,42532 Jackson Avenue,77505,TX,olondesborough3y@comsenz.com
144,Traver Baggalley,4 Paget Way,95818,CA,tbaggalley3z@furl.net
145,Jeremy Vernazza,9 Drewry Plaza,76796,TX,jvernazza40@studiopress.com
146,Dela Klaes,735 Dennis Point,50320,IA,dklaes41@cnet.com
147,Jaymee Mulhall,8 Bay Avenue,91210,CA,jmulhall42@tinyurl.com
148,Joshia McMaster,64355 Forster Lane,76505,TX,jmcmaster43@gravatar.com
149,Lauritz Kirkup,160 Clemons Drive,06152,CT,lkirkup44@foxnews.com
150,Annis Bariball,9 Delladonna Place,92805,CA,abariball45@cmu.edu
151,Marice Ruddlesden,3367 Sunfield Drive,35220,AL,mruddlesden46@ning.com
152,Lorelei Askie,73246 Northland Circle,80235,CO,laskie47@ed.gov
153,Adara Stent,05080 Messerschmidt Terrace,32627,FL,astent48@goo.ne.jp
154,Curry Tomalin,8751 Anniversary Crossing,21216,MD,ctomalin49@ezinearticles.com
155,Allayne Machin,23 Steensland Parkway,53263,WI,amachin4a@webnode.com
156,Ginnie Garard,31 Vahlen Circle,94142,CA,ggarard4b@issuu.com
157,Rodi Garham,005 Fuller Crossing,90035,CA,rgarham4c@blogspot.com
158,Tiffanie Cavet,72 Kipling Drive,40591,KY,tcavet4d@bloglines.com
159,Kelsey Humbles,422 Hovde Court,83716,ID,khumbles4e@webs.com
160,Weber Barnaby,6721 Scoville Court,32220,FL,wbarnaby4f@xrea.com
161,Gwendolin Castagna,22 Dorton Park,19178,PA,gcastagna4g@bloglovin.com
162,Ethe Welford,85 Prairie Rose Circle,70183,LA,ewelford4h@woothemes.com
163,Jocko Offill,879 Forster Lane,43284,OH,joffill4i@pcworld.com
164,Alastair Beton,704 Loftsgordon Crossing,06183,CT,abeton4j@is.gd
165,Donavon Blatherwick,60 7th Hill,85743,AZ,dblatherwick4k@europa.eu
166,Boniface Folder,5 Norway Maple Avenue,99507,AK,bfolder4l@admin.ch
167,Odetta Mullany,03452 Anhalt Road,06726,CT,omullany4m@histats.com
168,Shana Turnpenny,0414 Quincy Pass,76711,TX,sturnpenny4n@unesco.org
169,Celle Humphries,9 Charing Cross Point,36134,AL,chumphries4o@ebay.co.uk
170,Marion Bowgen,684 Ronald Regan Point,32236,FL,mbowgen4p@godaddy.com
171,Greer Chessel,26 Independence Street,36125,AL,gchessel4q@howstuffworks.com
172,Keith Collishaw,12 Oriole Plaza,79940,TX,kcollishaw4r@arizona.edu
173,Keir Cason,5299 Johnson Alley,16107,PA,kcason4s@pcworld.com
174,Kahaleel Sussex,883 7th Trail,03804,NH,ksussex4t@pen.io
175,Albertine Brind,91872 Forest Hill,89074,NV,abrind4u@go.com
176,Evyn Eade,54 Northview Parkway,11431,NY,eeade4v@amazon.co.jp
177,Tallulah Viall,38075 Johnson Crossing,73071,OK,tviall4w@fc2.com
178,Lorie Henrot,0 Bluestem Crossing,92505,CA,lhenrot4x@etsy.com
179,Archibald Gorick,23595 Granby Road,33245,FL,agorick4y@hao123.com
180,Rubie Christou,1 Mendota Avenue,66286,KS,rchristou4z@a8.net
181,Karel Garrud,2 Oak Valley Alley,95828,CA,kgarrud50@cyberchimps.com
182,Ava Hodgins,89758 Vera Drive,43226,OH,ahodgins51@reddit.com
183,Bevon Pascall,43 Grover Alley,84130,UT,bpascall52@purevolume.com
184,Haslett Attle,13424 Londonderry Terrace,78732,TX,hattle53@unicef.org
185,Joell Gutans,8251 Burrows Point,04109,ME,jgutans54@liveinternet.ru
186,Kasey Kilfedder,9728 Northwestern Junction,74133,OK,kkilfedder55@weibo.com
187,Charita Sleford,0080 Sutherland Street,43666,OH,csleford56@jugem.jp
188,Arleyne Goldsmith,1 American Park,71213,LA,agoldsmith57@google.ru
189,Darcey Wakeford,8 Fuller Center,92186,CA,dwakeford58@wiley.com
190,Brit Spirit,3 Cascade Road,76305,TX,bspirit59@elpais.com
191,Denice Edel,213 Reinke Drive,01813,MA,dedel5a@si.edu
192,Sherman Bailes,541 Lawn Court,92405,CA,sbailes5b@themeforest.net
193,Percival Asee,88 Fuller Point,33190,FL,pasee5c@state.tx.us
194,Colene Real,8738 Nevada Parkway,28405,NC,creal5d@businesswire.com
195,Susan Comberbeach,2 Blue Bill Park Parkway,77713,TX,scomberbeach5e@state.gov
196,Antonietta Gjerde,56 Vermont Park,99215,WA,agjerde5f@epa.gov
197,Bogart Heigold,681 Arrowood Drive,76310,TX,bheigold5g@guardian.co.uk
198,Claire Tull,7 Bashford Center,16510,PA,ctull5h@lulu.com
199,Reggi Dirand,0664 Cottonwood Avenue,92705,CA,rdirand5i@yandex.ru
200,Ruthe Nulty,4620 Burrows Road,64082,MO,rnulty5j@flickr.com
201,Maye Brabin,7 Jay Pass,27157,NC,mbrabin5k@netlog.com
202,Cassey Yarnton,33481 Rieder Terrace,33141,FL,cyarnton5l@google.com.hk
203,Augusta Mabon,06 Saint Paul Trail,23293,VA,amabon5m@ustream.tv
204,Mari Zorer,041 Thackeray Junction,11480,NY,mzorer5n@360.cn
205,Antoinette Gye,1 Independence Point,11388,NY,agye5o@skype.com
206,Alexandra Chaim,00 Debra Circle,02216,MA,achaim5p@chicagotribune.com
207,Trip Scopes,4 Londonderry Drive,79989,TX,tscopes5q@time.com
208,Griz Tremayne,131 Mosinee Point,67220,KS,gtremayne5r@elegantthemes.com
209,Nye Shrive,2 7th Plaza,37931,TN,nshrive5s@army.mil
210,Sancho Chasmar,0 Utah Pass,19058,PA,schasmar5t@hugedomains.com
211,Celie Townend,62 Lukken Street,75277,TX,ctownend5u@feedburner.com
212,David Spencley,343 Rieder Trail,19058,PA,dspencley5v@ask.com
213,Christabella Cockin,9 Old Gate Way,66225,KS,ccockin5w@parallels.com
214,Lydia Ganter,78 Tony Place,60681,IL,lganter5x@csmonitor.com
215,Thebault Rustan,03376 Browning Terrace,21211,MD,trustan5y@jigsy.com
216,Lyndy Tomanek,90 Green Pass,30392,GA,ltomanek5z@blogtalkradio.com
217,Shannon Plover,8062 Dovetail Center,80305,CO,splover60@zimbio.com
218,Blisse Smiz,432 Buena Vista Parkway,33330,FL,bsmiz61@salon.com
219,Hanson Hewins,28 Briar Crest Trail,71213,LA,hhewins62@imdb.com
220,Sayre Yendall,474 Toban Terrace,95865,CA,syendall63@newsvine.com
221,Rupert Bloss,46 Crest Line Trail,75049,TX,rbloss64@webmd.com
222,Lemmy Miell,8 Bonner Trail,32259,FL,lmiell65@nasa.gov
223,Pascale Marien,5868 Clarendon Avenue,76162,TX,pmarien66@hc360.com
224,Agnella Pippard,0 Pepper Wood Center,50320,IA,apippard67@so-net.ne.jp
225,Nate Allin,4 Pepper Wood Terrace,33336,FL,nallin68@taobao.com
226,Rosalyn Stillman,6831 8th Alley,94245,CA,rstillman69@ycombinator.com
227,Morgan Whittock,08254 Ilene Center,14619,NY,mwhittock6a@google.fr
228,Lindsey Crinage,42316 Armistice Hill,64153,MO,lcrinage6b@opera.com
229,Carmen Scrivin,8 Dawn Place,20062,DC,cscrivin6c@flickr.com
230,Malynda Whittlesey,4690 Merry Pass,64504,MO,mwhittlesey6d@msu.edu
231,Seymour Hanselmann,4 Kennedy Circle,27605,NC,shanselmann6e@hugedomains.com
232,Flory Sheeran,6922 Kinsman Court,23277,VA,fsheeran6f@usda.gov
233,Bethina Waylen,4568 2nd Parkway,33261,FL,bwaylen6g@diigo.com
234,Janaye Bouldon,46 Forest Circle,93034,CA,jbouldon6h@163.com
235,Mellie Guinan,6 7th Avenue,19104,PA,mguinan6i@archive.org
236,Brady Castelain,0538 Eggendart Terrace,62723,IL,bcastelain6j@purevolume.com
237,Annaliese Longfield,6 Hagan Point,40586,KY,alongfield6k@naver.com
238,Blaire Chedgey,7549 Di Loreto Park,29240,SC,bchedgey6l@bravesites.com
239,Margaretta MacHarg,432 Autumn Leaf Center,06145,CT,mmacharg6m@yellowpages.com
240,Hildagard Littledyke,2 Sachtjen Lane,91131,CA,hlittledyke6n@hostgator.com
241,Babita Philimore,550 Sherman Road,60674,IL,bphilimore6o@icio.us
242,Jere Perch,27930 Merry Junction,55572,MN,jperch6p@discovery.com
243,Cathlene Brammer,7 Maywood Avenue,02458,MA,cbrammer6q@yahoo.co.jp
244,Jillie Castanares,31 Karstens Point,10099,NY,jcastanares6r@bloglovin.com
245,Thalia Smouten,80735 Butternut Way,34985,FL,tsmouten6s@tuttocitta.it
246,Noby Pinock,344 Elgar Center,08922,NJ,npinock6t@fc2.com
247,Justino Giraths,98251 Emmet Trail,77035,TX,jgiraths6u@census.gov
248,Ileane Lanham,482 Almo Lane,31210,GA,ilanham6v@cnet.com
249,Cathlene Giraux,22 Ridgeway Junction,43215,OH,cgiraux6w@google.com.br
250,Letizia Pittock,308 Milwaukee Center,70174,LA,lpittock6x@1und1.de
251,Haskell Tregoning,757 Mesta Street,23324,VA,htregoning6y@europa.eu
252,Douglass Exell,492 Westerfield Hill,06140,CT,dexell6z@taobao.com
253,Bastien Sodor,4022 Dexter Pass,80930,CO,bsodor70@aol.com
254,Alyss Whiley,0989 Mayfield Pass,25716,WV,awhiley71@wunderground.com
255,Ignacius Huggill,492 Hanover Trail,92505,CA,ihuggill72@tiny.cc
256,Kristian Chesterman,502 Hooker Center,43656,OH,kchesterman73@upenn.edu
257,Karly Heake,55066 Garrison Road,10115,NY,kheake74@domainmarket.com
258,Horton Roocroft,8248 Almo Hill,20067,DC,hroocroft75@list-manage.com
259,Bette Clulow,53 Burrows Lane,64054,MO,bclulow76@e-recht24.de
260,Rosemonde Attreed,93 Springs Way,10705,NY,rattreed77@ycombinator.com
261,Seth Edlyn,87959 Lunder Street,20051,DC,sedlyn78@go.com
262,Waneta Taffie,12144 Aberg Pass,53210,WI,wtaffie79@bizjournals.com
263,Carilyn Tatum,99 Lyons Pass,33982,FL,ctatum7a@ustream.tv
264,Elspeth Ivanchov,1 Westend Junction,32123,FL,eivanchov7b@bing.com
265,Luella Parfett,45519 Upham Road,23459,VA,lparfett7c@ox.ac.uk
266,Maisie Goulder,287 Mesta Place,18763,PA,mgoulder7d@samsung.com
267,Merwyn Crim,61365 Elmside Drive,77075,TX,mcrim7e@noaa.gov
268,Fancie Putland,8644 Clemons Plaza,55417,MN,fputland7f@ucoz.ru
269,Thia Chastey,056 Autumn Leaf Plaza,23663,VA,tchastey7g@theguardian.com
270,Jarib Western,4 Waywood Crossing,13224,NY,jwestern7h@hp.com
271,Davy Wollers,2 Northridge Lane,15220,PA,dwollers7i@blogs.com
272,Jarrad Gronaver,711 Huxley Terrace,89110,NV,jgronaver7j@bloomberg.com
273,Udall Rosbottom,868 Bluestem Crossing,73135,OK,urosbottom7k@jugem.jp
274,Margarete Musson,541 Blue Bill Park Drive,55557,MN,mmusson7l@nbcnews.com
275,Bear Blackly,72 Brickson Park Hill,64142,MO,bblackly7m@multiply.com
276,Leonidas Regelous,91528 Dawn Circle,43220,OH,lregelous7n@last.fm
277,Miran McFeate,887 Hagan Center,78230,TX,mmcfeate7o@flavors.me
278,Pen Davidwitz,65057 Jackson Circle,80243,CO,pdavidwitz7p@miitbeian.gov.cn
279,Freda Teece,3354 Knutson Lane,17605,PA,fteece7q@youku.com
280,Borden Peete,1 Karstens Center,23208,VA,bpeete7r@vinaora.com
281,Stephine Ruhben,42 Park Meadow Drive,19725,DE,sruhben7s@themeforest.net
282,Freddy Rubinfajn,396 Sunnyside Junction,37240,TN,frubinfajn7t@irs.gov
283,Delora Bezant,8 Kensington Center,76016,TX,dbezant7u@businessinsider.com
284,Micki Sore,01 Wayridge Court,90071,CA,msore7v@netvibes.com
285,Camille Eagell,73523 Messerschmidt Junction,98175,WA,ceagell7w@disqus.com
286,Katrina Wrigley,92 Jenna Pass,20380,DC,kwrigley7x@woothemes.com
287,Aleda Jakab,8113 Main Terrace,10454,NY,ajakab7y@addthis.com
288,Marjie Lilleman,1261 Butternut Center,64153,MO,mlilleman7z@gravatar.com
289,Inge Bertelmot,61 Claremont Avenue,95150,CA,ibertelmot80@photobucket.com
290,Carma Philippeaux,5183 Forest Dale Crossing,14263,NY,cphilippeaux81@alexa.com
291,Clevie Bather,891 Vera Court,64054,MO,cbather82@wordpress.com
292,Berrie Deppe,9230 Village Court,98498,WA,bdeppe83@nps.gov
293,Zaria Muck,290 Pierstorff Place,95160,CA,zmuck84@businesswire.com
294,Wat Eastbury,68 Forest Run Junction,92137,CA,weastbury85@e-recht24.de
295,Marieann Seckington,618 Barnett Place,90398,CA,mseckington86@patch.com
296,Aggy Perott,36 Ohio Alley,88574,TX,aperott87@free.fr
297,Carlie Bramelt,29133 Westend Hill,10155,NY,cbramelt88@google.pl
298,Roderick Isacoff,9728 Buena Vista Court,22903,VA,risacoff89@unicef.org
299,Loella Jados,674 Anniversary Terrace,96835,HI,ljados8a@e-recht24.de
300,Elysia Burchess,162 Red Cloud Junction,17605,PA,eburchess8b@google.com.au
301,Horatia Harmer,88 Kennedy Place,89130,NV,hharmer8c@comcast.net
302,Malinda Colleran,2665 Lukken Crossing,43240,OH,mcolleran8d@goo.gl
303,Devinne Bowton,59078 Mendota Pass,43605,OH,dbowton8e@taobao.com
304,Haskel Tolle,0 Hoffman Alley,55436,MN,htolle8f@hhs.gov
305,Hillary Heistermann,329 Emmet Junction,44505,OH,hheistermann8g@businessinsider.com
306,Ardenia Matveyev,7950 Anhalt Crossing,46295,IN,amatveyev8h@mail.ru
307,Gabrila Poytres,12213 Coolidge Lane,92705,CA,gpoytres8i@amazon.co.jp
308,Lia Vassel,06 Lunder Center,74108,OK,lvassel8j@smugmug.com
309,Karia Scartifield,58788 Corben Lane,45807,OH,kscartifield8k@redcross.org
310,Tracie Deans,6200 Hansons Plaza,45505,OH,tdeans8l@opera.com
311,Clifford Fendley,61 Del Mar Center,46634,IN,cfendley8m@sciencedirect.com
312,Shea Ahrendsen,10188 Milwaukee Point,21705,MD,sahrendsen8n@statcounter.com
313,Conni Davidou,78198 Jenna Street,94121,CA,cdavidou8o@go.com
314,Morgan Philippet,93585 Lindbergh Parkway,37210,TN,mphilippet8p@wunderground.com
315,Sharity Sterke,7183 Valley Edge Drive,62776,IL,ssterke8q@facebook.com
316,Adah Wigmore,99458 Derek Circle,99260,WA,awigmore8r@webs.com
317,Rosamund Sturte,8159 Manitowish Avenue,10004,NY,rsturte8s@thetimes.co.uk
318,Adam Delong,57406 Hansons Center,92160,CA,adelong8t@cmu.edu
319,Madeline Krienke,4 Westend Street,40210,KY,mkrienke8u@phpbb.com
320,Clerkclaude Corner,9725 Hermina Point,85720,AZ,ccorner8v@nifty.com
321,Corbet Toopin,92776 Spaight Drive,94230,CA,ctoopin8w@wired.com
322,Pincus Hammerberger,92636 Homewood Court,11241,NY,phammerberger8x@slideshare.net
323,Valenka Phillippo,167 Kedzie Place,18018,PA,vphillippo8y@patch.com
324,Jerald Moreton,99693 Shelley Lane,77245,TX,jmoreton8z@51.la
325,Drugi Garnam,7 Swallow Street,77245,TX,dgarnam90@pen.io
326,Margi Baudou,007 Trailsway Alley,07305,NJ,mbaudou91@eventbrite.com
327,Jerry Old,903 Memorial Terrace,94147,CA,jold92@cnn.com
328,Glen Sherbrooke,11 1st Way,85748,AZ,gsherbrooke93@hatena.ne.jp
329,Bail Hairesnape,738 Lotheville Center,72199,AR,bhairesnape94@foxnews.com
330,Koenraad Skule,8 Randy Terrace,40581,KY,kskule95@4shared.com
331,Starlin Jovey,77 Londonderry Terrace,28230,NC,sjovey96@dell.com
332,Tallulah Olyonov,194 Bunting Hill,79410,TX,tolyonov97@cbslocal.com
333,Nara Bantham,9306 Heath Drive,46814,IN,nbantham98@squarespace.com
334,Skylar Judge,21644 American Hill,37405,TN,sjudge99@storify.com
335,Farleigh Ivers,2 Miller Avenue,33175,FL,fivers9a@delicious.com
336,Conrado Campkin,3034 Service Avenue,03105,NH,ccampkin9b@theglobeandmail.com
337,Allsun Chinnick,4 Maple Way,74184,OK,achinnick9c@usa.gov
338,Dinny Peattie,221 Birchwood Place,10045,NY,dpeattie9d@ucoz.com
339,Pace Eitter,03178 Southridge Terrace,59105,MT,peitter9e@ebay.co.uk
340,Prince Byrd,6 Springview Junction,03105,NH,pbyrd9f@sakura.ne.jp
341,Brenden Derdes,50218 Little Fleur Avenue,44329,OH,bderdes9g@bigcartel.com
342,Gloriana Ivie,8 Dayton Hill,24014,VA,givie9h@a8.net
343,Gaspar Boothebie,7 Acker Point,45238,OH,gboothebie9i@chicagotribune.com
344,Jake Cheshire,39 Johnson Crossing,90087,CA,jcheshire9j@prlog.org
345,Ronald Squirrel,69796 Evergreen Alley,90805,CA,rsquirrel9k@zdnet.com
346,Earle Leverentz,98027 Pine View Street,40576,KY,eleverentz9l@list-manage.com
347,Cathy Mimmack,4985 Sycamore Circle,75062,TX,cmimmack9m@huffingtonpost.com
348,Natty Chaperling,3 Shelley Point,75236,TX,nchaperling9n@shinystat.com
349,Karen Fedoronko,8 Quincy Avenue,71137,LA,kfedoronko9o@free.fr
350,Jasen Lovitt,048 Reinke Point,39296,MS,jlovitt9p@exblog.jp
351,Karolina MacIlriach,77 Kennedy Avenue,06854,CT,kmacilriach9q@fastcompany.com
352,Eloisa Illingworth,90923 Eastwood Terrace,19136,PA,eillingworth9r@123-reg.co.uk
353,Brook Sorbie,6 Graceland Hill,22903,VA,bsorbie9s@nasa.gov
354,Lolly Brockelsby,18 Steensland Way,66606,KS,lbrockelsby9t@chronoengine.com
355,Sorcha Gossipin,98007 Onsgard Center,79940,TX,sgossipin9u@ted.com
356,Bartholemy Rozzell,20 Magdeline Lane,98127,WA,brozzell9v@fc2.com
357,Leeann Limer,36117 Armistice Avenue,60663,IL,llimer9w@newyorker.com
358,Waldo Brigstock,2578 Dixon Drive,85062,AZ,wbrigstock9x@mashable.com
359,Carin Ramplee,11414 Springview Junction,89087,NV,cramplee9y@nytimes.com
360,Carmencita Gabrieli,987 2nd Circle,87180,NM,cgabrieli9z@loc.gov
361,Catriona Farries,74244 Eastlawn Crossing,85053,AZ,cfarriesa0@de.vu
362,Wesley Mayell,03055 Fairview Road,40586,KY,wmayella1@si.edu
363,Jules Haughey,0 Clemons Court,75342,TX,jhaugheya2@clickbank.net
364,Ezmeralda Halbard,08361 Dexter Junction,94126,CA,ehalbarda3@shop-pro.jp
365,Byran Worshall,9405 Moulton Plaza,85725,AZ,bworshalla4@scientificamerican.com
366,Berkly Malyon,838 La Follette Trail,94089,CA,bmalyona5@networkadvertising.org
367,Jasmin Lynds,787 Stoughton Way,49444,MI,jlyndsa6@jugem.jp
368,Giustina Castledine,5 Vidon Terrace,25770,WV,gcastledinea7@csmonitor.com
369,Eolande Rodgers,36 East Lane,33336,FL,erodgersa8@mtv.com
370,Aubrette Petersen,8 Spaight Lane,44720,OH,apetersena9@reference.com
371,Reinhold Dubois,13220 Prairie Rose Avenue,45470,OH,rduboisaa@blogger.com
372,Kellyann Yuryshev,47 Daystar Place,92844,CA,kyuryshevab@g.co
373,Elmo Brinicombe,30478 International Drive,64054,MO,ebrinicombeac@sun.com
374,Hurley Costan,975 Lindbergh Pass,46015,IN,hcostanad@networksolutions.com
375,Chandra Flode,17 Hansons Road,23668,VA,cflodeae@mail.ru
376,Rosalie Luchelli,44228 Valley Edge Lane,06533,CT,rluchelliaf@goo.ne.jp
377,Othilie Worton,36126 Ridgeview Court,33805,FL,owortonag@businesswire.com
378,Addia Schultes,0812 Wayridge Center,95219,CA,aschultesah@nifty.com
379,Jsandye Reiach,57 6th Circle,66286,KS,jreiachai@who.int
380,Melinda Wesley,1036 Hoepker Terrace,66220,KS,mwesleyaj@sakura.ne.jp
381,Alric Culleford,428 Dakota Lane,16565,PA,acullefordak@vimeo.com
382,Trude Klagges,00 Larry Road,60641,IL,tklaggesal@psu.edu
383,Neda Saunder,8024 West Hill,32511,FL,nsaunderam@wordpress.org
384,Pietro Dowsing,6339 Spenser Street,38168,TN,pdowsingan@smh.com.au
385,Gabrila Saggs,39 Sloan Drive,39204,MS,gsaggsao@netscape.com
386,Merrill Ruddell,80 Ramsey Lane,70124,LA,mruddellap@wikispaces.com
387,Sheffie Gotthard,02986 New Castle Park,68524,NE,sgotthardaq@slideshare.net
388,Margaretha Duffan,66112 Arizona Center,48505,MI,mduffanar@xinhuanet.com
389,Haley MacAiline,1474 Kennedy Point,55407,MN,hmacailineas@so-net.ne.jp
390,Shelia Merritt,469 Tony Avenue,10203,NY,smerrittat@admin.ch
391,Kelsy Crosen,57513 Russell Plaza,33884,FL,kcrosenau@salon.com
392,Shannen MacGinney,462 Moulton Street,46857,IN,smacginneyav@geocities.jp
393,Yasmeen Hacquoil,67787 Kennedy Parkway,33355,FL,yhacquoilaw@whitehouse.gov
394,Milena Collihole,820 Mayfield Place,11407,NY,mcolliholeax@globo.com
395,Franklin Thackwray,5266 Lighthouse Bay Alley,44760,OH,fthackwrayay@edublogs.org
396,Odelle Vasilechko,5 Farragut Terrace,44315,OH,ovasilechkoaz@yelp.com
397,Jorgan Powderham,27 Kings Circle,43204,OH,jpowderhamb0@4shared.com
398,Ajay Penwright,7 Weeping Birch Hill,35279,AL,apenwrightb1@mozilla.com
399,Kingsly Freiberg,6 Westerfield Court,55188,MN,kfreibergb2@phoca.cz
400,Bertie Jouandet,0 Union Trail,76505,TX,bjouandetb3@people.com.cn
401,Curran Grisbrook,939 Jay Avenue,91411,CA,cgrisbrookb4@ted.com
402,Roarke Kleen,8 Farmco Alley,53716,WI,rkleenb5@ft.com
403,Warde Chelam,2706 Comanche Court,79905,TX,wchelamb6@columbia.edu
404,Ruthe Pilkinton,2754 Reinke Park,20189,VA,rpilkintonb7@patch.com
405,Berrie Baskwell,0001 Atwood Way,11407,NY,bbaskwellb8@shop-pro.jp
406,Shir Andino,2 Sundown Crossing,97201,OR,sandinob9@netvibes.com
407,Harland Bruce,61606 Utah Pass,37131,TN,hbruceba@bloglovin.com
408,Cristobal Cassar,8994 Fulton Street,55108,MN,ccassarbb@reference.com
409,Belia Kaman,22199 Barby Park,30092,GA,bkamanbc@wix.com
410,Madlin Mather,23807 Almo Point,22903,VA,mmatherbd@github.com
411,Wash Bleibaum,814 Melvin Circle,77245,TX,wbleibaumbe@ustream.tv
412,Arlan Faichnie,5 Welch Court,21405,MD,afaichniebf@comsenz.com
413,Consuelo Lathom,85001 Hoepker Circle,94237,CA,clathombg@facebook.com
414,Marcelo Mochar,5 Thierer Drive,46896,IN,mmocharbh@wix.com
415,Rey Spadeck,51655 Anderson Drive,48956,MI,rspadeckbi@about.me
416,Cesar Ollier,7061 Westerfield Trail,33028,FL,collierbj@exblog.jp
417,Elianore Touson,20882 Luster Street,19886,DE,etousonbk@sitemeter.com
418,Sandy Gierck,1451 Longview Road,15235,PA,sgierckbl@about.com
419,Elsy Edmons,2 Coolidge Plaza,30022,GA,eedmonsbm@surveymonkey.com
420,Krisha McIlreavy,65378 Vahlen Junction,36622,AL,kmcilreavybn@ucla.edu
421,Val Hincks,0 Barnett Place,78255,TX,vhincksbo@domainmarket.com
422,Yolanthe McBrearty,04340 Shoshone Junction,48956,MI,ymcbreartybp@blinklist.com
423,Marwin Phant,6053 Marcy Point,44329,OH,mphantbq@shareasale.com
424,Hazel Kwiek,2743 Northfield Terrace,55458,MN,hkwiekbr@sphinn.com
425,Hieronymus Birtchnell,229 Anthes Crossing,39282,MS,hbirtchnellbs@adobe.com
426,Tadd Wisdish,8 Corben Point,63104,MO,twisdishbt@360.cn
427,Vivi McGeady,5657 Grayhawk Parkway,29905,SC,vmcgeadybu@liveinternet.ru
428,Kelsy Shewen,63235 Mcguire Circle,47405,IN,kshewenbv@earthlink.net
429,Franni Leaver,6 Reinke Drive,20088,DC,fleaverbw@myspace.com
430,Gus Burnyeat,2987 Kingsford Hill,73152,OK,gburnyeatbx@moonfruit.com
431,Giselbert Smye,3946 Tennessee Pass,06160,CT,gsmyeby@soundcloud.com
432,Lisetta Spavins,90695 Mosinee Alley,63126,MO,lspavinsbz@clickbank.net
433,Dacie Spirritt,12 Kings Trail,66220,KS,dspirrittc0@deliciousdays.com
434,Angelika Fitzsymons,369 Memorial Street,78205,TX,afitzsymonsc1@blogs.com
435,Felicia Cheves,4737 Graedel Plaza,20525,DC,fchevesc2@freewebs.com
436,Chelsie Cockrem,9 Warrior Avenue,89150,NV,ccockremc3@dot.gov
437,Jamaal Hudd,63368 Vidon Trail,36125,AL,jhuddc4@fc2.com
438,Franklyn Castilljo,5732 Monterey Avenue,55458,MN,fcastilljoc5@usnews.com
439,Mitchael Braney,91934 Ridge Oak Street,47732,IN,mbraneyc6@dion.ne.jp
440,Davon Forsbey,4 Mayfield Point,30911,GA,dforsbeyc7@360.cn
441,Thorvald Redrup,78 Reinke Parkway,70826,LA,tredrupc8@nsw.gov.au
442,Jessamine Bartram,43270 Buhler Way,06726,CT,jbartramc9@wikipedia.org
443,Joice Pash,6522 Randy Drive,31416,GA,jpashca@shareasale.com
444,Lennie Redolfi,37 Twin Pines Point,37410,TN,lredolficb@meetup.com
445,Loralee Corbishley,97456 Havey Terrace,11044,NY,lcorbishleycc@gnu.org
446,Clayborne McGinnis,05174 1st Drive,88579,TX,cmcginniscd@imageshack.us
447,Chicky Eminson,8362 Hoffman Point,78726,TX,ceminsonce@guardian.co.uk
448,Worden Bremley,526 Loftsgordon Park,92056,CA,wbremleycf@friendfeed.com
449,Juli Searson,3 4th Junction,33913,FL,jsearsoncg@stumbleupon.com
450,Jesse Sallans,64 Mosinee Drive,98158,WA,jsallansch@amazon.de
451,Charlie Slowley,83491 Starling Way,85040,AZ,cslowleyci@geocities.jp
452,Hubie Slinn,931 New Castle Drive,33196,FL,hslinncj@amazonaws.com
453,Ulrick Chew,1828 Iowa Lane,73142,OK,uchewck@engadget.com
454,Hally Kurten,35 Fremont Parkway,60669,IL,hkurtencl@cmu.edu
455,Amby Earle,59426 Upham Plaza,91131,CA,aearlecm@technorati.com
456,Elle Saddler,17311 Clemons Point,95160,CA,esaddlercn@hexun.com
457,Wainwright McDonnell,8230 Bunting Junction,55166,MN,wmcdonnellco@bigcartel.com
458,Ivonne Maystone,07 Arapahoe Court,80044,CO,imaystonecp@npr.org
459,Sharon Paviour,7131 Kipling Terrace,66629,KS,spaviourcq@pcworld.com
460,Lotte McCollum,611 Evergreen Lane,59105,MT,lmccollumcr@1und1.de
461,Ardelle Benjefield,97997 Melvin Circle,80255,CO,abenjefieldcs@free.fr
462,Rivy Sherwood,84981 Mallory Alley,29424,SC,rsherwoodct@un.org
463,De Linham,8 Fuller Alley,18505,PA,dlinhamcu@parallels.com
464,Lou Fattorini,0657 School Alley,40524,KY,lfattorinicv@disqus.com
465,Sophey Darke,7669 Old Shore Lane,94522,CA,sdarkecw@webeden.co.uk
466,Joice Targe,29795 Crescent Oaks Junction,97211,OR,jtargecx@feedburner.com
467,Desirae Capehorn,91 Laurel Point,70616,LA,dcapehorncy@ox.ac.uk
468,Illa Heavyside,342 Gateway Place,15240,PA,iheavysidecz@disqus.com
469,Juliette Sambeck,5 American Ash Street,98109,WA,jsambeckd0@free.fr
470,Ailey Hakonsson,45249 Colorado Hill,98506,WA,ahakonssond1@goo.ne.jp
471,Jarid Trevna,4621 Oxford Park,95298,CA,jtrevnad2@virginia.edu
472,Waverly Lear,5 Gateway Drive,78737,TX,wleard3@boston.com
473,Kenneth Vearnals,1509 Eggendart Pass,80044,CO,kvearnalsd4@epa.gov
474,Arlana Witheford,500 Crowley Pass,38104,TN,awithefordd5@dailymotion.com
475,Mollie Ballefant,8 Michigan Circle,33605,FL,mballefantd6@ehow.com
476,Hayward O'Boyle,836 Melby Parkway,22070,VA,hoboyled7@mashable.com
477,Giraud Dunsmuir,5228 West Pass,94126,CA,gdunsmuird8@youtu.be
478,Artemis Piercy,0 Jenna Place,90040,CA,apiercyd9@opensource.org
479,Orton Jeffcoate,9 Lien Crossing,45223,OH,ojeffcoateda@macromedia.com
480,Dorian Tessyman,9254 Glendale Road,30245,GA,dtessymandb@reddit.com
481,Annadiana Rowes,4520 Derek Drive,15220,PA,arowesdc@123-reg.co.uk
482,Kristina Cargill,431 Waywood Court,90065,CA,kcargilldd@angelfire.com
483,Quill Boswell,84778 Golf View Avenue,31416,GA,qboswellde@i2i.jp
484,Alon McBayne,6 Prentice Way,12325,NY,amcbaynedf@cdc.gov
485,Teodorico Canto,72 Weeping Birch Junction,92505,CA,tcantodg@youku.com
486,Hermy Agglione,81060 Bellgrove Park,63116,MO,hagglionedh@usgs.gov
487,Clarance Butson,5 Southridge Street,80270,CO,cbutsondi@wisc.edu
488,Derry Kernes,058 Schmedeman Plaza,95852,CA,dkernesdj@ning.com
489,Barnabe Bulgen,67 Esker Center,98687,WA,bbulgendk@msn.com
490,Trixy Cecely,11890 Corben Drive,33129,FL,tcecelydl@umich.edu
491,Kipp Feeley,5569 Waubesa Pass,99220,WA,kfeeleydm@usatoday.com
492,Payton Timmermann,2584 Daystar Terrace,70179,LA,ptimmermanndn@feedburner.com
493,Valeria Rafe,3 Harper Road,75210,TX,vrafedo@comcast.net
494,Ranique MacCracken,74 Waywood Circle,98664,WA,rmaccrackendp@cdbaby.com
495,Sunny Darnell,89 Talmadge Alley,85705,AZ,sdarnelldq@businessweek.com
496,Patricia Amburgy,67 Hollow Ridge Park,93786,CA,pamburgydr@cafepress.com
497,Xerxes Buntin,34008 Moland Trail,12242,NY,xbuntinds@google.com.hk
498,Genni Trahearn,4794 Bayside Avenue,48505,MI,gtrahearndt@google.it
499,Rance Dufore,75106 Old Shore Park,80249,CO,rduforedu@economist.com
500,Reiko Sooley,17 Kinsman Hill,06145,CT,rsooleydv@squarespace.com
501,Lianne Muzzi,9 Truax Plaza,53726,WI,lmuzzidw@mac.com
502,Darcy Baldacco,702 Oneill Center,77713,TX,dbaldaccodx@cbslocal.com
503,Garrott Crosio,3509 Northland Circle,18763,PA,gcrosiody@imdb.com
504,Mellie Turrell,40 Northland Crossing,38126,TN,mturrelldz@alexa.com
505,Glennis Meates,43 Monterey Trail,35405,AL,gmeatese0@walmart.com
506,Heidi Vedyasov,25403 Mallard Avenue,27404,NC,hvedyasove1@foxnews.com
507,Bord Brumbie,6027 Donald Plaza,19892,DE,bbrumbiee2@tiny.cc
508,Jarret Stronack,0133 Ronald Regan Place,27717,NC,jstronacke3@fc2.com
509,Allayne Prescott,7240 Onsgard Center,43220,OH,aprescotte4@cdbaby.com
510,Dede Skaife d'Ingerthorpe,654 Pawling Center,17126,PA,dskaifee5@google.it
511,Nev Omar,49236 Hudson Park,35405,AL,nomare6@howstuffworks.com
512,Vanny Laste,7 Grayhawk Parkway,32412,FL,vlastee7@csmonitor.com
513,Manon Van Leeuwen,88914 Monterey Circle,98664,WA,mvane8@netvibes.com
514,Ransell Goldingay,97 Drewry Center,76115,TX,rgoldingaye9@google.ru
515,Desmund Bodicum,66449 Blaine Avenue,62776,IL,dbodicumea@51.la
516,Roby Aaronsohn,33687 4th Place,75260,TX,raaronsohneb@yahoo.co.jp
517,Hildagard Kasparski,06 Doe Crossing Court,30368,GA,hkasparskiec@myspace.com
518,Killie Furzer,91813 School Alley,72204,AR,kfurzered@freewebs.com
519,Mia Castan,1472 Karstens Road,80915,CO,mcastanee@reuters.com
520,Chane Bello,9137 Park Meadow Pass,32220,FL,cbelloef@imageshack.us
521,Sheila-kathryn Grabeham,99526 Summer Ridge Street,10459,NY,sgrabehameg@vk.com
522,Cull Hindes,8235 Buhler Hill,95219,CA,chindeseh@aol.com
523,Honey Batistelli,60 Mendota Hill,45403,OH,hbatistelliei@timesonline.co.uk
524,Farleigh Siddell,6 4th Drive,25305,WV,fsiddellej@fastcompany.com
525,Hunfredo Piff,144 Cody Trail,35215,AL,hpiffek@over-blog.com
526,Oliviero MacAfee,659 Clarendon Alley,46247,IN,omacafeeel@cornell.edu
527,Ely Culshaw,5130 Nancy Court,23285,VA,eculshawem@pinterest.com
528,Walton Haliburn,9986 Merchant Terrace,40591,KY,whaliburnen@booking.com
529,Burl Keech,100 Garrison Junction,75210,TX,bkeecheo@newyorker.com
530,Celinda Wailes,401 Packers Drive,66667,KS,cwailesep@wordpress.org
531,Aubry Twede,812 Southridge Pass,06127,CT,atwedeeq@creativecommons.org
532,Angus Sunley,7457 Nobel Drive,30351,GA,asunleyer@xing.com
533,Oralia Georgins,73587 Stephen Point,37405,TN,ogeorginses@hao123.com
534,Boyce Adamkiewicz,9 Cambridge Terrace,20546,DC,badamkiewiczet@comcast.net
535,Boniface Braznell,49 Caliangt Parkway,89110,NV,bbraznelleu@hubpages.com
536,Chelsae Waterman,96325 Riverside Street,85754,AZ,cwatermanev@wordpress.com
537,Nichol Kesey,6772 Blackbird Trail,48224,MI,nkeseyew@cdc.gov
538,Blake Kilminster,6312 Harbort Avenue,32808,FL,bkilminsterex@tuttocitta.it
539,Kare Shoebrook,8706 Chive Place,35254,AL,kshoebrookey@jigsy.com
540,Ruthi Madsen,6512 Browning Hill,48956,MI,rmadsenez@msu.edu
541,Carlotta Fehner,83718 Mesta Drive,63116,MO,cfehnerf0@yale.edu
542,Collin Booley,0 Red Cloud Plaza,48126,MI,cbooleyf1@cmu.edu
543,Nanete Ilyenko,11 Nova Lane,88584,TX,nilyenkof2@163.com
544,Drucie Creak,7 Schmedeman Alley,52804,IA,dcreakf3@purevolume.com
545,Stanfield Critchlow,74918 Blaine Way,10260,NY,scritchlowf4@usda.gov
546,Patricia Halversen,0550 Merchant Court,68144,NE,phalversenf5@google.com.au
547,Delano Sellwood,3874 Farmco Circle,20062,DC,dsellwoodf6@harvard.edu
548,Sidney Deboo,76576 Melrose Point,48901,MI,sdeboof7@psu.edu
549,Dyanna Rodenborch,744 Bay Pass,95123,CA,drodenborchf8@fotki.com
550,Janeva Matashkin,9 Manitowish Street,44905,OH,jmatashkinf9@jalbum.net
551,Joelynn Bradforth,276 Atwood Terrace,33742,FL,jbradforthfa@omniture.com
552,Dolli Vanetti,55038 Northview Alley,20073,DC,dvanettifb@bluehost.com
553,Ben Passy,8 Pleasure Place,85099,AZ,bpassyfc@icio.us
554,Didi Balcock,676 Dryden Way,94169,CA,dbalcockfd@ifeng.com
555,Vina Nano,35056 Onsgard Place,90010,CA,vnanofe@phoca.cz
556,Filberte Sabater,56415 Washington Plaza,79999,TX,fsabaterff@ning.com
557,Cathrin Girardez,9 Morrow Parkway,33245,FL,cgirardezfg@jugem.jp
558,Obed Klehn,8 David Avenue,10131,NY,oklehnfh@cmu.edu
559,Chiarra MacGiolla,376 Wayridge Avenue,92725,CA,cmacgiollafi@seesaa.net
560,Rustie Meir,791 Vahlen Drive,90831,CA,rmeirfj@ameblo.jp
561,Ashlan McCarl,7618 Lukken Street,71130,LA,amccarlfk@blinklist.com
562,Merrilee Llewellin,458 Utah Place,22184,VA,mllewellinfl@prlog.org
563,Howard Blasik,15351 Hallows Circle,38308,TN,hblasikfm@discovery.com
564,Tyrone Kitchen,717 Eggendart Lane,89140,NV,tkitchenfn@umn.edu
565,Brockie Camp,7178 Autumn Leaf Circle,53405,WI,bcampfo@cnbc.com
566,Hartley Pimlett,27 Susan Crossing,97211,OR,hpimlettfp@deliciousdays.com
567,Ray Cattle,6 Kings Road,93786,CA,rcattlefq@examiner.com
568,Nannie Eisikovitsh,71 Columbus Plaza,29805,SC,neisikovitshfr@unblog.fr
569,Caron Lipscomb,2914 Erie Junction,36134,AL,clipscombfs@scientificamerican.com
570,Guillaume Giacomi,6161 Buhler Park,60193,IL,ggiacomift@reddit.com
571,Sibel Archbell,4 Dapin Plaza,33355,FL,sarchbellfu@businesswire.com
572,Thedric Philipsson,39 Sutherland Drive,60663,IL,tphilipssonfv@angelfire.com
573,Umberto Martt,18979 Annamark Road,61709,IL,umarttfw@cornell.edu
574,Hogan Christopherson,01159 Blaine Circle,10270,NY,hchristophersonfx@toplist.cz
575,Stevana Trill,928 Reinke Parkway,02124,MA,strillfy@wix.com
576,Gherardo Emblem,453 Melody Crossing,27409,NC,gemblemfz@mediafire.com
577,Morie Hambribe,69 Hazelcrest Junction,53785,WI,mhambribeg0@list-manage.com
578,Catina Pyson,468 Monica Circle,23459,VA,cpysong1@meetup.com
579,Tad Joplin,7962 Coolidge Court,52804,IA,tjopling2@mlb.com
580,Nertie Skydall,2 Pankratz Circle,55448,MN,nskydallg3@wufoo.com
581,Candace Ingley,34249 Summit Avenue,93291,CA,cingleyg4@yellowpages.com
582,Hunt Beckham,5666 Crowley Circle,94105,CA,hbeckhamg5@myspace.com
583,Carmelina Hacksby,1 Esker Street,28805,NC,chacksbyg6@accuweather.com
584,Daloris Bandy,587 Mayfield Plaza,30343,GA,dbandyg7@yelp.com
585,Belicia Trevain,30334 Vera Crossing,55428,MN,btrevaing8@psu.edu
586,Carroll Bettam,8 Pond Drive,53215,WI,cbettamg9@technorati.com
587,Randell McMeekan,660 Randy Point,20244,DC,rmcmeekanga@sakura.ne.jp
588,Othilie Hablot,53 Pawling Point,76905,TX,ohablotgb@amazon.de
589,Krishnah Berceros,1843 Clarendon Center,46634,IN,kbercerosgc@github.io
590,Trixie Medeway,8141 Elka Hill,70815,LA,tmedewaygd@dmoz.org
591,Bordy Wilsey,319 Aberg Junction,97296,OR,bwilseyge@cdc.gov
592,Shawnee Savary,462 Pond Place,39404,MS,ssavarygf@wordpress.org
593,Wenda Fourmy,5 Shasta Hill,20073,DC,wfourmygg@home.pl
594,Lishe Piquard,29262 Ridgeview Place,22301,VA,lpiquardgh@engadget.com
595,Dulci Presslee,117 Rusk Parkway,85271,AZ,dpressleegi@posterous.com
596,Lelah Kirsch,316 Crownhardt Lane,23285,VA,lkirschgj@paypal.com
597,Desmund Ilyasov,2 Hanson Alley,77040,TX,dilyasovgk@gmpg.org
598,Phillipe Cheney,6655 Hoffman Court,90840,CA,pcheneygl@wikimedia.org
599,Alayne Brighouse,047 Delaware Park,78715,TX,abrighousegm@creativecommons.org
600,Nola Lean,48 Hintze Circle,31165,GA,nleangn@webnode.com
601,Lorin Hollingshead,07228 Sheridan Terrace,38308,TN,lhollingsheadgo@army.mil
602,Gearard Brierly,9 Forest Dale Point,46278,IN,gbrierlygp@myspace.com
603,Issiah Stangoe,95 Shopko Road,93291,CA,istangoegq@bigcartel.com
604,Jesus Espinel,3822 Melvin Way,39534,MS,jespinelgr@hud.gov
605,Alexina Eyam,5 Corben Point,33777,FL,aeyamgs@vkontakte.ru
606,Chick O'Boyle,1975 Evergreen Crossing,22096,VA,coboylegt@tiny.cc
607,Susan Duval,4 Oak Valley Way,88569,TX,sduvalgu@tmall.com
608,Franky Pennigar,95424 Kinsman Center,14609,NY,fpennigargv@arizona.edu
609,Gerianna Gookey,56269 Red Cloud Park,90087,CA,ggookeygw@slate.com
610,Erick Devereu,0 Burrows Circle,55573,MN,edevereugx@zimbio.com
611,Georgi Earle,28252 Birchwood Circle,59112,MT,gearlegy@slideshare.net
612,Godfree Dumphry,590 Rigney Terrace,48912,MI,gdumphrygz@home.pl
613,Ronica McColgan,44518 Coleman Alley,93778,CA,rmccolganh0@mit.edu
614,Onofredo Haycroft,09965 Heffernan Center,30022,GA,ohaycrofth1@deliciousdays.com
615,Alfie Niset,138 Westridge Avenue,72118,AR,aniseth2@ebay.co.uk
616,Erin Camin,4809 Delladonna Avenue,21405,MD,ecaminh3@whitehouse.gov
617,Kerrie Hartlebury,4 Acker Junction,50315,IA,khartleburyh4@japanpost.jp
618,Karine Este,18836 Muir Pass,92127,CA,kesteh5@bloglovin.com
619,Edie Lande,0 8th Drive,90805,CA,elandeh6@aol.com
620,Ronalda Clerc,25 Merry Point,70616,LA,rclerch7@harvard.edu
621,Luigi Mishaw,95686 Lindbergh Road,24009,VA,lmishawh8@artisteer.com
622,Fanchette Austins,38303 Warbler Hill,49006,MI,faustinsh9@china.com.cn
623,Aurea de Marco,1 Thierer Street,64190,MO,adeha@cocolog-nifty.com
624,Kahaleel MacGettigen,340 Ridgeway Park,80243,CO,kmacgettigenhb@mashable.com
625,Roselin Von Oertzen,9 Laurel Center,36119,AL,rvonhc@topsy.com
626,Stevy Kindall,22285 Bay Junction,39404,MS,skindallhd@lulu.com
627,Sapphira Mirrlees,8402 Bashford Point,20189,VA,smirrleeshe@elpais.com
628,Gardiner Iddy,5 Delladonna Crossing,91103,CA,giddyhf@skyrock.com
629,Carmen Peggrem,15560 Mariners Cove Drive,15225,PA,cpeggremhg@multiply.com
630,Herrick Catterill,1943 Glendale Place,78759,TX,hcatterillhh@google.ca
631,Christoffer Verdy,90 Eggendart Drive,20078,DC,cverdyhi@rediff.com
632,Burl Giovanetti,53169 Sugar Park,77713,TX,bgiovanettihj@paginegialle.it
633,Walsh Castagneri,8279 Haas Plaza,90020,CA,wcastagnerihk@moonfruit.com
634,Karena Gendrich,27709 Carioca Park,34665,FL,kgendrichhl@npr.org
635,Kristin Aitchison,2 Merry Trail,20442,DC,kaitchisonhm@constantcontact.com
636,Ignacius De Beauchamp,48083 Dapin Place,53790,WI,idehn@t.co
637,Massimo Vader,440 Old Gate Plaza,20425,DC,mvaderho@bravesites.com
638,Heda Stovold,95 1st Avenue,53785,WI,hstovoldhp@mayoclinic.com
639,Avis Miko,7865 Quincy Place,75210,TX,amikohq@github.com
640,Fara Gillison,81 Crest Line Center,83716,ID,fgillisonhr@devhub.com
641,Carree MacIlhagga,5 Sunfield Lane,98411,WA,cmacilhaggahs@cbsnews.com
642,Onfroi Doget,54 Stoughton Terrace,20073,DC,odogetht@arstechnica.com
643,Georgeanne Abilowitz,3423 Shasta Terrace,90831,CA,gabilowitzhu@auda.org.au
644,Von Hedaux,62 Stang Park,77288,TX,vhedauxhv@gov.uk
645,Dina Anglin,2766 Comanche Avenue,29403,SC,danglinhw@fc2.com
646,Hope Blazhevich,2290 Westend Lane,72215,AR,hblazhevichhx@amazon.de
647,Marc Ashbey,642 Merchant Court,77050,TX,mashbeyhy@skype.com
648,Linet Fosdike,6 Goodland Trail,90847,CA,lfosdikehz@washingtonpost.com
649,Harp Trowsdall,41281 Westerfield Avenue,44321,OH,htrowsdalli0@ameblo.jp
650,Oralie Darter,00872 Longview Plaza,33305,FL,odarteri1@sun.com
651,Conrade Jancar,846 Express Pass,77055,TX,cjancari2@ucoz.com
652,Lyssa Drewery,02471 Golf Course Plaza,18514,PA,ldreweryi3@list-manage.com
653,Leanor Camp,19 Briar Crest Terrace,29615,SC,lcampi4@weibo.com
654,Iago Portman,83 Arizona Parkway,11407,NY,iportmani5@nytimes.com
655,Giulio D'Ambrosio,87 Meadow Ridge Parkway,87592,NM,gdambrosioi6@statcounter.com
656,Salvatore Rosenfeld,82515 Debra Street,14220,NY,srosenfeldi7@marketwatch.com
657,Shari Sarra,9642 Almo Center,33261,FL,ssarrai8@bluehost.com
658,Deirdre Redford,0861 Gerald Circle,11355,NY,dredfordi9@marriott.com
659,Van Crosier,898 Parkside Way,30301,GA,vcrosieria@mapy.cz
660,Hervey Fery,3880 Harper Junction,19178,PA,hferyib@com.com
661,Marc Stit,8884 Tony Court,10045,NY,mstitic@nytimes.com
662,Erie Aizic,32 Talmadge Place,20414,DC,eaizicid@wufoo.com
663,Harriet Murdy,119 Laurel Avenue,60636,IL,hmurdyie@wsj.com
664,Filberte Doggrell,477 Huxley Court,10110,NY,fdoggrellif@theatlantic.com
665,Yehudi Zamudio,68284 Kensington Court,43210,OH,yzamudioig@exblog.jp
666,Ancell Sings,16712 Grover Drive,23228,VA,asingsih@example.com
667,Mira Merlin,1132 Hermina Park,62711,IL,mmerlinii@wordpress.com
668,Quincey Izacenko,4541 Jenna Junction,85210,AZ,qizacenkoij@harvard.edu
669,Dom Biddwell,90052 Ohio Road,85743,AZ,dbiddwellik@chicagotribune.com
670,Ruthi Killgus,93 Manitowish Avenue,55551,MN,rkillgusil@hao123.com
671,Raddie Hymas,0 4th Hill,49048,MI,rhymasim@dyndns.org
672,Alano Dolle,20 Dovetail Junction,30061,GA,adollein@sbwire.com
673,Kevan Ojeda,094 Butternut Drive,01105,MA,kojedaio@xrea.com
674,Wainwright Maryin,0 American Point,20062,DC,wmaryinip@harvard.edu
675,Ernesta Gammett,56 John Wall Road,98481,WA,egammettiq@hp.com
676,Ursulina Glaister,1 School Street,34276,FL,uglaisterir@umn.edu
677,Star Buckberry,3978 Aberg Alley,23228,VA,sbuckberryis@1688.com
678,Debera Ghelardoni,4321 Sunnyside Plaza,28410,NC,dghelardoniit@digg.com
679,Ardene Dunckley,3739 Macpherson Crossing,46254,IN,adunckleyiu@cmu.edu
680,Jarrad Denholm,26798 Hovde Avenue,95865,CA,jdenholmiv@flickr.com
681,Ernest Matysiak,03821 8th Alley,30066,GA,ematysiakiw@marketwatch.com
682,Domeniga Catterick,574 Johnson Point,48107,MI,dcatterickix@soundcloud.com
683,Vitia Pencost,677 Dunning Center,55811,MN,vpencostiy@baidu.com
684,Graham Minogue,06838 Mariners Cove Center,78682,TX,gminogueiz@cnn.com
685,Lurette Paaso,4 Golf Hill,38104,TN,lpaasoj0@posterous.com
686,Giacopo Zapater,09 Vidon Drive,20299,DC,gzapaterj1@ucoz.ru
687,Florinda Longo,8595 Messerschmidt Road,85215,AZ,flongoj2@stumbleupon.com
688,Alley Menilove,1119 Hintze Center,71307,LA,amenilovej3@amazon.de
689,Cleveland Bourton,5 Elgar Crossing,55407,MN,cbourtonj4@ycombinator.com
690,Elsa Wellsman,9 Knutson Place,46896,IN,ewellsmanj5@cocolog-nifty.com
691,Grayce Barke,1 Basil Way,20073,DC,gbarkej6@java.com
692,Samantha Iggalden,61982 Maywood Park,78278,TX,siggaldenj7@digg.com
693,Timmy Rizzini,04574 Reindahl Point,32859,FL,trizzinij8@economist.com
694,Moise O'Quin,30 Esch Pass,38136,TN,moquinj9@illinois.edu
695,Sheilakathryn Doyland,87 Blue Bill Park Circle,78465,TX,sdoylandja@bbc.co.uk
696,Klarrisa Peegrem,52 Almo Place,75310,TX,kpeegremjb@zdnet.com
697,Burt Bethel,3 Algoma Road,11205,NY,bbetheljc@posterous.com
698,Imogene Scantleberry,65 Summer Ridge Point,34620,FL,iscantleberryjd@cafepress.com
699,Reynold De la Harpe,3 Sycamore Crossing,98516,WA,rdeje@mysql.com
700,Jarret Kattenhorn,2 Cottonwood Court,25716,WV,jkattenhornjf@networkadvertising.org
701,Anderea Bromhead,778 Shelley Point,90010,CA,abromheadjg@epa.gov
702,Elbertine Jewett,70527 Vidon Place,99507,AK,ejewettjh@over-blog.com
703,Honor Ramelet,6695 Corry Plaza,93034,CA,hrameletji@netscape.com
704,Orly Brunicke,660 Packers Trail,60208,IL,obrunickejj@sohu.com
705,Anetta Hounsham,1 Westend Place,94291,CA,ahounshamjk@diigo.com
706,Joycelin Durie,72573 Roxbury Road,10004,NY,jduriejl@bravesites.com
707,Katerina Clow,55 Graedel Terrace,66215,KS,kclowjm@yolasite.com
708,Erastus Beekman,7065 Artisan Avenue,33954,FL,ebeekmanjn@unicef.org
709,Antonin Copello,2573 Londonderry Trail,98148,WA,acopellojo@cmu.edu
710,Lurleen Damiral,19 Brentwood Court,53705,WI,ldamiraljp@ocn.ne.jp
711,Shirl Dumbarton,58798 Ridge Oak Crossing,71161,LA,sdumbartonjq@slate.com
712,Billy Kennealy,53321 Sundown Terrace,23464,VA,bkennealyjr@deviantart.com
713,Paule Sapseed,72653 Lawn Hill,95128,CA,psapseedjs@mediafire.com
714,Loreen Askem,7 Dunning Drive,75037,TX,laskemjt@sohu.com
715,Romeo Curado,2939 Merry Plaza,94042,CA,rcuradoju@senate.gov
716,Maighdiln Whistance,005 Farwell Drive,54915,WI,mwhistancejv@google.com.br
717,Greta Probert,2 Fairfield Junction,30328,GA,gprobertjw@woothemes.com
718,Avery Arnowitz,54 Jackson Street,30092,GA,aarnowitzjx@gravatar.com
719,Gregor Wrotham,65672 American Ash Junction,80925,CO,gwrothamjy@naver.com
720,Skyler Hoyes,891 Daystar Park,68524,NE,shoyesjz@cam.ac.uk
721,Jania Schuricke,48675 Westridge Alley,30905,GA,jschurickek0@squidoo.com
722,Michelina Feaveer,96545 Scott Parkway,10155,NY,mfeaveerk1@weather.com
723,Cecil Standage,3161 Forster Circle,01129,MA,cstandagek2@paginegialle.it
724,Kendell Merry,66081 Garrison Pass,10454,NY,kmerryk3@a8.net
725,Sena Simeoli,1958 Luster Parkway,78415,TX,ssimeolik4@fastcompany.com
726,Christoffer Kubiak,02 Armistice Hill,46207,IN,ckubiakk5@github.io
727,Clo Dale,5072 Bobwhite Plaza,10039,NY,cdalek6@craigslist.org
728,Georgi Bere,00 Mitchell Center,64109,MO,gberek7@aol.com
729,Inger Parcells,538 Morningstar Park,31704,GA,iparcellsk8@lycos.com
730,Margarita Stables,5645 Thackeray Street,36134,AL,mstablesk9@dion.ne.jp
731,Leah Cuxon,4 Sherman Road,64054,MO,lcuxonka@reverbnation.com
732,Johanna Braam,07 Hoard Center,89193,NV,jbraamkb@youtu.be
733,Richmond De Clairmont,48569 Warner Terrace,10099,NY,rdekc@ted.com
734,Neda Mustill,53 Bluejay Circle,62205,IL,nmustillkd@newyorker.com
735,Rodolfo Urian,814 Beilfuss Center,60652,IL,rurianke@xing.com
736,Anjanette Garrie,05 Graedel Junction,95173,CA,agarriekf@earthlink.net
737,Abel Jobke,2779 Gale Pass,44177,OH,ajobkekg@epa.gov
738,Whitney Hartup,9262 Duke Road,73071,OK,whartupkh@merriam-webster.com
739,Luise Leefe,152 Annamark Junction,70179,LA,lleefeki@cornell.edu
740,Tedie Flaverty,107 Reindahl Hill,17121,PA,tflavertykj@time.com
741,Loren Alecock,9087 Bunting Court,95973,CA,lalecockkk@fc2.com
742,Giacobo De Leek,5605 Crest Line Terrace,36689,AL,gdekl@histats.com
743,Kessia Kirk,1519 Tony Pass,40205,KY,kkirkkm@europa.eu
744,Kenyon Lindenman,82144 Elmside Hill,92056,CA,klindenmankn@bizjournals.com
745,Sherri Glendenning,0255 Summit Crossing,44130,OH,sglendenningko@vk.com
746,Phoebe Bassil,9 Lighthouse Bay Pass,46814,IN,pbassilkp@marketwatch.com
747,Cristy Limpenny,94048 Surrey Terrace,28263,NC,climpennykq@nationalgeographic.com
748,Joane Saice,595 Fieldstone Alley,85030,AZ,jsaicekr@networksolutions.com
749,Maxim O'Fairy,857 Granby Drive,07522,NJ,mofairyks@etsy.com
750,Bessie Bullingham,57 1st Trail,20220,DC,bbullinghamkt@cocolog-nifty.com
751,Tomi Abramof,15878 Monterey Center,34102,FL,tabramofku@xrea.com
752,Pat Wilsey,38 Ridge Oak Place,53205,WI,pwilseykv@jiathis.com
753,Bartel Boate,68 Green Trail,22908,VA,bboatekw@rambler.ru
754,Melvyn Ghidini,428 Vermont Avenue,33731,FL,mghidinikx@biblegateway.com
755,Timi Luisetti,015 Northland Park,66220,KS,tluisettiky@yellowpages.com
756,Amalie Worms,2 Esch Hill,27621,NC,awormskz@pagesperso-orange.fr
757,Imogen Hymus,8722 Michigan Alley,46634,IN,ihymusl0@miibeian.gov.cn
758,Celesta Ion,5 Waubesa Avenue,75251,TX,cionl1@nifty.com
759,Hersch Trail,3 Nelson Point,68531,NE,htraill2@foxnews.com
760,Marcel Perrot,387 Fair Oaks Trail,36628,AL,mperrotl3@go.com
761,Marsh Loukes,72934 Bultman Center,31119,GA,mloukesl4@businessweek.com
762,Baillie Annell,6 Green Court,71166,LA,bannelll5@printfriendly.com
763,Sherwin Stirman,708 Heath Plaza,63150,MO,sstirmanl6@guardian.co.uk
764,Vera Linscott,54629 Stang Plaza,94405,CA,vlinscottl7@indiegogo.com
765,Marilyn O'Dunneen,215 Bluejay Crossing,80228,CO,modunneenl8@newyorker.com
766,Waly Dixie,00558 Stang Way,92030,CA,wdixiel9@cargocollective.com
767,Pepita Longmate,7 Scofield Pass,66225,KS,plongmatela@bloomberg.com
768,Vernice Brittin,75954 Bashford Lane,28225,NC,vbrittinlb@washington.edu
769,Gabby McConigal,8 Packers Lane,19495,PA,gmcconigallc@forbes.com
770,Ingelbert Kew,128 Scoville Lane,33185,FL,ikewld@bloomberg.com
771,Rosemonde Rippingall,5547 Carberry Parkway,21684,MD,rrippingallle@is.gd
772,Koenraad Sapwell,2 Meadow Vale Place,31405,GA,ksapwelllf@microsoft.com
773,Corabelle Heamus,1853 Cordelia Avenue,49510,MI,cheamuslg@devhub.com
774,Calley Dudgeon,31114 Esker Center,37939,TN,cdudgeonlh@youtu.be
775,Maryanne Helstrom,22 Colorado Plaza,98195,WA,mhelstromli@google.it
776,Solomon Rooke,963 Dryden Place,35263,AL,srookelj@goo.gl
777,Robyn Elnaugh,3366 Sutteridge Pass,29505,SC,relnaughlk@examiner.com
778,Moore Bentall,695 Eastlawn Park,45020,OH,mbentallll@4shared.com
779,Lesli Mayhow,7 Roth Park,39534,MS,lmayhowlm@networksolutions.com
780,Leona Lemerie,3562 Forest Dale Park,73179,OK,llemerieln@furl.net
781,Burtie Simeone,162 Redwing Avenue,24040,VA,bsimeonelo@sohu.com
782,Archibald Everingham,72 Ruskin Avenue,33421,FL,aeveringhamlp@washington.edu
783,Dudley Scough,0138 2nd Park,55115,MN,dscoughlq@godaddy.com
784,Noby Cartan,54624 Kenwood Way,44393,OH,ncartanlr@desdev.cn
785,Brent Hentzeler,6 Westridge Hill,08695,NJ,bhentzelerls@last.fm
786,Langston Viger,2 Maple Wood Center,76310,TX,lvigerlt@fotki.com
787,Ange Bending,79 Golf View Road,94154,CA,abendinglu@globo.com
788,Myrtie Kerley,4210 Prentice Parkway,98042,WA,mkerleylv@ft.com
789,Saundra Mathivon,7 Parkside Point,78789,TX,smathivonlw@1688.com
790,Dina Gionettitti,50003 Pankratz Point,55407,MN,dgionettittilx@engadget.com
791,Dave Lemme,64 Montana Alley,24034,VA,dlemmely@behance.net
792,Essa Winman,255 Oakridge Trail,23663,VA,ewinmanlz@who.int
793,Lawrence Nayshe,238 Westend Park,33763,FL,lnayshem0@diigo.com
794,Brew Dineen,636 Buena Vista Court,46620,IN,bdineenm1@dot.gov
795,Ynes Lebbon,8334 Scoville Center,59112,MT,ylebbonm2@i2i.jp
796,Murial Mangenet,50 Duke Trail,32854,FL,mmangenetm3@unblog.fr
797,Kaia De Filippi,86687 Swallow Parkway,23228,VA,kdem4@salon.com
798,Esme Hunnam,3756 Bluestem Way,36610,AL,ehunnamm5@bizjournals.com
799,Adelina Corderoy,2653 Maple Wood Lane,53790,WI,acorderoym6@cdc.gov
800,Bart Sampey,4 Hintze Point,33069,FL,bsampeym7@elegantthemes.com
801,Agnola Stamp,5 Summit Street,55905,MN,astampm8@loc.gov
802,Loraine Luebbert,414 Harper Drive,32118,FL,lluebbertm9@nasa.gov
803,Bernie St. Louis,027 Ronald Regan Circle,33954,FL,bstma@seesaa.net
804,Web Chalke,7 Pine View Park,70815,LA,wchalkemb@dedecms.com
805,Giorgia Thursfield,839 Loftsgordon Alley,66105,KS,gthursfieldmc@marriott.com
806,Ailee Beardsley,313 Algoma Crossing,25711,WV,abeardsleymd@cisco.com
807,Nicol Bome,19 Dottie Center,77040,TX,nbomeme@imdb.com
808,Alverta Pear,34415 Victoria Street,14210,NY,apearmf@nih.gov
809,Iorgos Lightowlers,9638 Sauthoff Circle,77844,TX,ilightowlersmg@php.net
810,Hadrian Bantick,796 Anzinger Avenue,32891,FL,hbantickmh@godaddy.com
811,Tuckie Lauret,35591 Dryden Point,20525,DC,tlauretmi@uol.com.br
812,Logan Inderwick,41243 Moland Hill,33416,FL,linderwickmj@google.co.jp
813,Gratiana Canwell,377 Mayfield Place,87140,NM,gcanwellmk@creativecommons.org
814,Wolfie Pietrowski,40398 Swallow Way,95973,CA,wpietrowskiml@linkedin.com
815,Minette Oury,24 Claremont Park,38126,TN,mourymm@tinyurl.com
816,Noni Andrews,858 Holmberg Circle,77346,TX,nandrewsmn@nifty.com
817,Shalna Jarrell,9086 Moose Junction,76105,TX,sjarrellmo@dyndns.org
818,Tallulah Kirrens,546 Service Parkway,89155,NV,tkirrensmp@apache.org
819,Ansel Tume,77092 Service Court,84093,UT,atumemq@dmoz.org
820,Danice O'Flaverty,2 Maple Trail,27409,NC,doflavertymr@mashable.com
821,Nester Scrammage,446 Oak Parkway,32220,FL,nscrammagems@bloglovin.com
822,Stacy Matys,75 Arrowood Center,06145,CT,smatysmt@yandex.ru
823,Alric Kennermann,047 Bartillon Road,32412,FL,akennermannmu@umich.edu
824,Juditha Tesmond,17844 East Point,80045,CO,jtesmondmv@wsj.com
825,Ramona Martinovsky,00291 Cottonwood Street,78245,TX,rmartinovskymw@artisteer.com
826,Alejandra Martinets,7185 Village Green Trail,15210,PA,amartinetsmx@purevolume.com
827,Ellen Praundlin,67 Twin Pines Place,38119,TN,epraundlinmy@drupal.org
828,Zacharias Key,530 Commercial Plaza,92645,CA,zkeymz@bandcamp.com
829,Jermaine Mc Grath,9403 Drewry Avenue,25726,WV,jmcn0@geocities.com
830,Mia Wabersich,42 Donald Lane,93786,CA,mwabersichn1@yahoo.co.jp
831,Timmi Kleinberer,8 Elmside Avenue,76121,TX,tkleinberern2@cisco.com
832,Ase Kindall,3 Linden Way,66160,KS,akindalln3@goo.ne.jp
833,Felix Antognetti,479 Huxley Street,95108,CA,fantognettin4@freewebs.com
834,Nobie Eixenberger,88 Spohn Pass,94116,CA,neixenbergern5@toplist.cz
835,Erda Coaten,9286 Mallard Terrace,85053,AZ,ecoatenn6@baidu.com
836,Jeremias Redwall,160 Washington Trail,08650,NJ,jredwalln7@last.fm
837,Willdon Vanichev,45939 Hintze Trail,90040,CA,wvanichevn8@engadget.com
838,Alfons Keller,61807 Heffernan Plaza,32919,FL,akellern9@tripod.com
839,Latrina Theriot,17 Hallows Trail,30323,GA,ltheriotna@pbs.org
840,Dugald Dayment,11 Portage Terrace,93773,CA,ddaymentnb@vinaora.com
841,Grantley Anelay,0320 Golf Alley,20540,DC,ganelaync@theguardian.com
842,Theresita Tooker,601 Jenna Hill,76205,TX,ttookernd@example.com
843,Lavina Grierson,73393 Donald Park,40586,KY,lgriersonne@cdbaby.com
844,Eddi Shirtliff,95 Sycamore Point,32813,FL,eshirtliffnf@feedburner.com
845,Kurtis Butchard,9094 Cardinal Center,49544,MI,kbutchardng@taobao.com
846,Erv Trevains,7 Summerview Center,14609,NY,etrevainsnh@about.com
847,Tanhya Hellard,34983 3rd Lane,36109,AL,thellardni@google.cn
848,Libbey Sandbatch,284 Independence Terrace,12232,NY,lsandbatchnj@wikispaces.com
849,Ken Disdel,2 Autumn Leaf Alley,61110,IL,kdisdelnk@disqus.com
850,Brose Segar,46 Union Lane,35225,AL,bsegarnl@ameblo.jp
851,Avictor Celle,678 Warner Alley,15255,PA,acellenm@slate.com
852,Ronald Dureden,028 Union Pass,13205,NY,rduredennn@soup.io
853,Star Thornton-Dewhirst,7866 Thierer Circle,77260,TX,sthorntondewhirstno@tumblr.com
854,Rosaline Week,04 Hauk Trail,16534,PA,rweeknp@godaddy.com
855,Tasha Singyard,7 Green Terrace,55572,MN,tsingyardnq@sciencedirect.com
856,Laurella Luce,0 Northport Circle,02453,MA,llucenr@yolasite.com
857,Everard Trustrie,2 Glacier Hill Street,30919,GA,etrustriens@wsj.com
858,Marilee Inglesant,627 Del Mar Alley,24014,VA,minglesantnt@boston.com
859,Vasili Durran,8 Toban Alley,11355,NY,vdurrannu@cafepress.com
860,Pia Crum,53 Mifflin Avenue,20409,DC,pcrumnv@flavors.me
861,Rebecca Chislett,073 Manitowish Plaza,75246,TX,rchislettnw@engadget.com
862,Thibaut Ridesdale,63 Browning Road,44315,OH,tridesdalenx@europa.eu
863,Dominik McConnachie,453 Hermina Terrace,28405,NC,dmcconnachieny@ibm.com
864,Cole Meachem,7110 Lakewood Center,97306,OR,cmeachemnz@vistaprint.com
865,Gail McGrowther,7 Sloan Terrace,31106,GA,gmcgrowthero0@nsw.gov.au
866,Dorey Earengey,53 Butterfield Point,62723,IL,dearengeyo1@arstechnica.com
867,Errol Savary,47 Lerdahl Trail,10009,NY,esavaryo2@nydailynews.com
868,Hubie Galbraith,9 Esch Lane,76004,TX,hgalbraitho3@wikispaces.com
869,Tillie Dymoke,6795 Magdeline Crossing,97221,OR,tdymokeo4@cafepress.com
870,Christalle MacKimm,36072 Oxford Crossing,78260,TX,cmackimmo5@microsoft.com
871,Corilla Minucci,5731 Hansons Drive,92013,CA,cminuccio6@omniture.com
872,Chaddy Mollatt,428 Dennis Court,20784,MD,cmollatto7@ihg.com
873,Haskel Revie,19532 Quincy Parkway,63180,MO,hrevieo8@aboutads.info
874,Siward Diggens,22806 Nelson Hill,98424,WA,sdiggenso9@archive.org
875,Patience Joiris,942 Del Mar Parkway,30311,GA,pjoirisoa@ovh.net
876,Ellswerth Thomel,92 Delaware Circle,33185,FL,ethomelob@nytimes.com
877,Graham Robilart,45885 Kinsman Alley,38150,TN,grobilartoc@vkontakte.ru
878,Leola Doxsey,6 Hovde Circle,73034,OK,ldoxseyod@shareasale.com
879,Skippie Toffetto,637 Weeping Birch Center,65805,MO,stoffettooe@liveinternet.ru
880,Winifred Benne,57794 Hallows Crossing,92110,CA,wbenneof@cloudflare.com
881,Madelle Guinness,4824 Gateway Center,93704,CA,mguinnessog@yale.edu
882,Holmes Clubbe,3377 Hazelcrest Drive,60609,IL,hclubbeoh@is.gd
883,Vally Janczyk,93 Warrior Point,79994,TX,vjanczykoi@cargocollective.com
884,Robinetta Ipwell,71 Village Place,98104,WA,ripwelloj@github.io
885,Midge Livingstone,71 Saint Paul Place,22093,VA,mlivingstoneok@nymag.com
886,Alfy Wild,3695 Harbort Avenue,95128,CA,awildol@comcast.net
887,Hugo Bucknill,42 Sunfield Road,84125,UT,hbucknillom@wix.com
888,Forest Whellans,92 Clove Plaza,33018,FL,fwhellanson@nih.gov
889,De witt Ferrino,93065 Arapahoe Center,20910,MD,dwittoo@phpbb.com
890,Farlee Wymer,64808 Kenwood Place,31405,GA,fwymerop@hugedomains.com
891,Minor Eayrs,77918 Hauk Park,94245,CA,meayrsoq@pen.io
892,Anneliese Fernando,26 Mccormick Plaza,98175,WA,afernandoor@wisc.edu
893,Whitney Allerton,462 Northland Street,40225,KY,wallertonos@myspace.com
894,Lottie Higgen,623 Surrey Park,20260,DC,lhiggenot@163.com
895,Benedick Yushin,032 Division Lane,23237,VA,byushinou@slideshare.net
896,Siffre Milborn,4 Mccormick Trail,75358,TX,smilbornov@com.com
897,Cassius Fowley,0 Burrows Alley,20904,MD,cfowleyow@newyorker.com
898,Luelle Stansbie,00003 Maryland Circle,06859,CT,lstansbieox@google.ru
899,Adam Silkston,0795 Pearson Alley,36670,AL,asilkstonoy@artisteer.com
900,Gweneth Tremethack,8932 Washington Point,45296,OH,gtremethackoz@wisc.edu
901,Zacherie Filkov,9466 Twin Pines Park,33124,FL,zfilkovp0@businesswire.com
902,Hadleigh Romagnosi,1 Tennyson Trail,98166,WA,hromagnosip1@geocities.jp
903,Augustine Stothart,87 Ryan Place,70187,LA,astothartp2@businessweek.com
904,Samantha Cussons,77515 Prentice Avenue,62205,IL,scussonsp3@wikia.com
905,Scottie Hrycek,69 Almo Trail,70894,LA,shrycekp4@bigcartel.com
906,Ogdon Bissatt,43111 Armistice Road,06140,CT,obissattp5@shinystat.com
907,Editha Cater,09393 Talisman Junction,35279,AL,ecaterp6@imageshack.us
908,Konrad Dawidowsky,527 Bartelt Terrace,50330,IA,kdawidowskyp7@walmart.com
909,Kelbee Wrathall,7 Swallow Lane,48206,MI,kwrathallp8@chronoengine.com
910,Igor Wasylkiewicz,3 Comanche Drive,33694,FL,iwasylkiewiczp9@odnoklassniki.ru
911,Ediva Vigars,783 Helena Alley,55480,MN,evigarspa@barnesandnoble.com
912,Vaughan Labba,107 Hovde Drive,73129,OK,vlabbapb@dyndns.org
913,Alonso Smewing,31 Clove Pass,64504,MO,asmewingpc@yale.edu
914,Arlyne Wistance,3715 Lake View Point,33972,FL,awistancepd@bluehost.com
915,Robinia Stack,0 Bluejay Parkway,88006,NM,rstackpe@ning.com
916,Octavius Jurs,64040 Union Road,35231,AL,ojurspf@google.es
917,Silvie Lesmonde,6 Charing Cross Alley,80150,CO,slesmondepg@cbslocal.com
918,Antons Farfolomeev,53053 Colorado Circle,30096,GA,afarfolomeevph@hud.gov
919,Olav Oliveras,77864 Jana Drive,77080,TX,ooliveraspi@elpais.com
920,Paton Andric,047 Eagan Center,89105,NV,pandricpj@ucla.edu
921,Mollie Berthomier,213 Dottie Terrace,19104,PA,mberthomierpk@cisco.com
922,Salaidh Aldie,22979 Rutledge Pass,60435,IL,saldiepl@miitbeian.gov.cn
923,Harwilll Seiller,09 Northport Way,08922,NJ,hseillerpm@linkedin.com
924,Arni Prydie,0421 Mockingbird Terrace,16534,PA,aprydiepn@thetimes.co.uk
925,Lyda Reboul,09 Coleman Terrace,86305,AZ,lreboulpo@oaic.gov.au
926,Haily Tosh,234 Vidon Lane,93094,CA,htoshpp@about.com
927,Vinny Brittoner,56 Merrick Place,44305,OH,vbrittonerpq@barnesandnoble.com
928,Tildie Slorance,5882 Blue Bill Park Center,06140,CT,tslorancepr@usatoday.com
929,Cody Harty,2 Goodland Alley,88519,TX,chartyps@phoca.cz
930,Omero Amor,1 Waywood Point,06825,CT,oamorpt@mediafire.com
931,Xylina De Caroli,4 Susan Point,55470,MN,xdepu@globo.com
932,Peggie Scheu,9 1st Circle,78754,TX,pscheupv@taobao.com
933,Fee Gainsburgh,8428 Anniversary Point,63158,MO,fgainsburghpw@archive.org
934,Aaren Dunton,56581 Burrows Hill,92505,CA,aduntonpx@smugmug.com
935,Isacco Studholme,52 Continental Court,67230,KS,istudholmepy@java.com
936,Edee Obbard,322 Mallory Terrace,46614,IN,eobbardpz@thetimes.co.uk
937,Britni Rabbitts,382 Fairview Pass,50320,IA,brabbittsq0@omniture.com
938,Stacy Arghent,82 Tomscot Crossing,13217,NY,sarghentq1@walmart.com
939,Amity Penfold,68307 Jenna Parkway,66105,KS,apenfoldq2@youtu.be
940,Shaina Canniffe,57 Harper Center,47134,IN,scanniffeq3@archive.org
941,Chuck Eastope,723 Ruskin Plaza,58207,ND,ceastopeq4@aol.com
942,Giulietta Cowmeadow,416 Stuart Center,46207,IN,gcowmeadowq5@marketwatch.com
943,Ealasaid Miliffe,41390 Surrey Point,22313,VA,emiliffeq6@cdbaby.com
944,Bink Milliken,4992 East Street,84115,UT,bmillikenq7@ted.com
945,Dorey Janes,175 Almo Avenue,27605,NC,djanesq8@joomla.org
946,Chiarra Penwarden,46920 Nelson Hill,79940,TX,cpenwardenq9@state.tx.us
947,Adrianne Hyland,6 Springs Pass,73104,OK,ahylandqa@miitbeian.gov.cn
948,Norah Tollady,7330 Tony Circle,83727,ID,ntolladyqb@weebly.com
949,Emmit Hurche,12 Mandrake Place,12237,NY,ehurcheqc@army.mil
950,Franny Geaveny,6 Little Fleur Street,70836,LA,fgeavenyqd@amazonaws.com
951,Herculie Squelch,48 Corscot Parkway,25362,WV,hsquelchqe@wp.com
952,Bernie Smalles,4 Sutteridge Point,32259,FL,bsmallesqf@creativecommons.org
953,Barb Mcwhinnie,96055 Starling Court,76310,TX,bmcwhinnieqg@canalblog.com
954,Geordie Clemas,53865 Badeau Pass,78744,TX,gclemasqh@google.nl
955,Arlina Late,3845 Dryden Place,15261,PA,alateqi@ted.com
956,Corinne Geist,78201 Riverside Center,33884,FL,cgeistqj@scientificamerican.com
957,Butch Handke,29 Fallview Pass,39305,MS,bhandkeqk@nydailynews.com
958,Cy Antoshin,1 Barnett Park,07188,NJ,cantoshinql@rediff.com
959,Cammy Costelow,0744 Randy Point,20088,DC,ccostelowqm@pagesperso-orange.fr
960,Val Oiseau,214 Messerschmidt Trail,64101,MO,voiseauqn@spiegel.de
961,Ivonne Sheeran,6061 Ronald Regan Point,06510,CT,isheeranqo@slashdot.org
962,Nanine Bomb,6 Jackson Pass,34985,FL,nbombqp@census.gov
963,Roddy Petrelli,9 Sheridan Plaza,49505,MI,rpetrelliqq@amazon.com
964,Chelsy Thorpe,0 Nelson Plaza,78255,TX,cthorpeqr@slideshare.net
965,Nanci Mandeville,36 Twin Pines Avenue,44905,OH,nmandevilleqs@mit.edu
966,Deirdre Eykelbosch,3 North Hill,66606,KS,deykelboschqt@yandex.ru
967,Hazel Choake,6148 Schlimgen Terrace,40524,KY,hchoakequ@ezinearticles.com
968,Ilse Ivachyov,7 Northport Terrace,66611,KS,iivachyovqv@liveinternet.ru
969,Muire Renak,69 Sherman Center,29220,SC,mrenakqw@rakuten.co.jp
970,Julio Ormerod,8 Trailsway Plaza,14210,NY,jormerodqx@mtv.com
971,Ivy Renouf,4 Lillian Lane,20397,DC,irenoufqy@ocn.ne.jp
972,Pepi Noen,49 Holmberg Circle,60505,IL,pnoenqz@gmpg.org
973,Mace Macey,00 Drewry Pass,45203,OH,mmaceyr0@tripod.com
974,Tandi Brelsford,43 Hovde Center,57110,SD,tbrelsfordr1@netlog.com
975,Clemmie Henkens,2814 Algoma Point,88553,TX,chenkensr2@cornell.edu
976,Coletta Fears,068 Transport Park,47905,IN,cfearsr3@instagram.com
977,Emilia Renol,3133 Stephen Circle,13505,NY,erenolr4@bbb.org
978,Bert Cosyns,2 School Park,33164,FL,bcosynsr5@delicious.com
979,Lindi Maggorini,99976 Merchant Junction,64199,MO,lmaggorinir6@marketwatch.com
980,Bondie Cavnor,05 Old Shore Crossing,20057,DC,bcavnorr7@loc.gov
981,Gus MacTimpany,18 Lakewood Street,73173,OK,gmactimpanyr8@unblog.fr
982,Feodora Wilcocks,82249 Oak Valley Street,33661,FL,fwilcocksr9@bizjournals.com
983,Raven Doolan,9 Grim Lane,20520,DC,rdoolanra@paginegialle.it
984,Kania Dodsley,64915 Ilene Way,98158,WA,kdodsleyrb@nationalgeographic.com
985,Heywood Pringer,490 Scofield Park,68110,NE,hpringerrc@liveinternet.ru
986,Adriaens Hawkswell,74 Butternut Court,85035,AZ,ahawkswellrd@typepad.com
987,Kellen Dore,48 Iowa Hill,94273,CA,kdorere@360.cn
988,Jamal Aspy,965 Bayside Road,35263,AL,jaspyrf@marketwatch.com
989,Enid Cadell,6942 Farragut Lane,79188,TX,ecadellrg@chron.com
990,Mike Korneichuk,3032 Meadow Ridge Trail,64130,MO,mkorneichukrh@alibaba.com
991,Aprilette Lampett,5159 Shoshone Place,74103,OK,alampettri@xrea.com
992,Glenden MacVaugh,13 Hayes Road,95205,CA,gmacvaughrj@buzzfeed.com
993,Rayshell Jilkes,560 Blaine Terrace,32859,FL,rjilkesrk@odnoklassniki.ru
994,Foss Phipson,76555 Forest Crossing,33673,FL,fphipsonrl@xinhuanet.com
995,Florencia Rastall,1 Briar Crest Road,10131,NY,frastallrm@creativecommons.org
996,Blakelee Karczinski,98326 Johnson Junction,78710,TX,bkarczinskirn@t.co
997,Marissa Jaggi,8512 Fuller Court,06912,CT,mjaggiro@opera.com
998,Meghann Jovicevic,121 American Place,20599,DC,mjovicevicrp@yolasite.com
999,Ddene Lavrinov,79152 Red Cloud Place,88574,TX,dlavrinovrq@artisteer.com
1000,Kacie Gaskoin,4802 Hauk Terrace,85077,AZ,kgaskoinrr@simplemachines.org
