id,name,address,zipcode,state,email
1,Aldric Durnford,93391 Susan Circle,74103,OK,adurnford0@pbs.org
2,Gonzalo Hellyer,1058 Sunnyside Park,34108,FL,ghellyer1@trellian.com
3,Daron Marvel,08 Rockefeller Terrace,90305,CA,dmarvel2@princeton.edu
4,Simonette Coysh,53 Dottie Drive,19892,DE,scoysh3@lycos.com
5,Griselda Rozsa,4 Macpherson Park,84152,UT,grozsa4@icio.us
6,Annette Brear,503 Hoffman Center,45213,OH,abrear5@columbia.edu
7,Cart Averies,4 Red Cloud Parkway,75799,TX,caveries6@domainmarket.com
8,Frazer Lark,25899 Loftsgordon Avenue,47134,IN,flark7@indiatimes.com
9,Joaquin Petre,52 Oriole Drive,84125,UT,jpetre8@csmonitor.com
10,Joela Pegden,1644 Trailsway Center,99812,AK,jpegden9@senate.gov
11,Alonso Letterick,02178 Dennis Road,52804,IA,alettericka@springer.com
12,Ambrose Andreas,476 Talmadge Street,70179,LA,aandreasb@apache.org
13,Lek Pavey,1419 Kingsford Plaza,94121,CA,lpaveyc@altervista.org
14,Mauricio Trimmell,595 Southridge Street,85383,AZ,mtrimmelld@home.pl
15,Anabel Sedgmond,3055 Acker Alley,93709,CA,asedgmonde@boston.com
16,Tait Gurling,4184 Straubel Court,79415,TX,tgurlingf@washingtonpost.com
17,Concordia Esley,167 Loomis Way,76210,TX,cesleyg@google.ca
18,Fidela Newlin,1 Pepper Wood Center,28215,NC,fnewlinh@delicious.com
19,Virgina Borges,9246 Darwin Junction,77070,TX,vborgesi@seattletimes.com
20,Rhiamon Dulin,75292 Anderson Crossing,85748,AZ,rdulinj@home.pl
21,Town Zohrer,047 Sunnyside Court,55114,MN,tzohrerk@trellian.com
22,Marve Aasaf,9 New Castle Circle,44125,OH,maasafl@flickr.com
23,Freida McClintock,8 Novick Center,60567,IL,fmcclintockm@cornell.edu
24,Charmian Nealey,82149 Killdeer Parkway,89130,NV,cnealeyn@squarespace.com
25,Cassi Smy,13 Clove Park,10090,NY,csmyo@hexun.com
26,Marcie Ongin,4358 Jenifer Point,94142,CA,monginp@amazon.co.uk
27,Lethia Bowdidge,20898 Scofield Way,33023,FL,lbowdidgeq@umn.edu
28,Herold Patshull,9424 Farwell Terrace,32236,FL,hpatshullr@istockphoto.com
29,Edsel Pickworth,918 Straubel Way,10105,NY,epickworths@geocities.jp
30,Joannes Janaud,65567 Utah Terrace,64179,MO,jjanaudt@blogtalkradio.com
31,Griswold Shay,7763 Eliot Center,34479,FL,gshayu@dedecms.com
32,Holly Sannes,52 Morningstar Parkway,76129,TX,hsannesv@alibaba.com
33,Zita Deverale,9519 Cottonwood Circle,91186,CA,zdeveralew@amazonaws.com
34,Tiebout Cockroft,86 Chive Parkway,27658,NC,tcockroftx@businessinsider.com
35,Andi McCahey,412 Sundown Park,78044,TX,amccaheyy@cmu.edu
36,Theo Rettie,09 Park Meadow Street,10184,NY,trettiez@bloglovin.com
37,Leah Stiffell,6869 Graedel Avenue,24040,VA,lstiffell10@360.cn
38,Inesita Goodlake,92 Rieder Plaza,88519,TX,igoodlake11@ibm.com
39,Pat Drepp,46639 Karstens Lane,48098,MI,pdrepp12@spotify.com
40,Marisa Hunnam,44 Superior Park,33283,FL,mhunnam13@bbb.org
41,Leonid Tirrell,32 Sunbrook Trail,95118,CA,ltirrell14@skyrock.com
42,Sharla Grcic,02 Arapahoe Trail,24048,VA,sgrcic15@cloudflare.com
43,Adela Currum,8 Forest Dale Street,55458,MN,acurrum16@csmonitor.com
44,Brewster McGirl,5 Bay Terrace,38161,TN,bmcgirl17@jalbum.net
45,Loise Churchley,7256 Continental Alley,29225,SC,lchurchley18@barnesandnoble.com
46,John Blethyn,21695 Knutson Way,20910,MD,jblethyn19@eepurl.com
47,Catlee Braffington,16 Maywood Center,91125,CA,cbraffington1a@t-online.de
48,Clementina Polfer,9401 Hovde Street,30092,GA,cpolfer1b@toplist.cz
49,Valentine Gaitskell,25 Karstens Center,36670,AL,vgaitskell1c@nationalgeographic.com
50,Lauren Mellmer,81787 Forster Parkway,93386,CA,lmellmer1d@prlog.org
51,Estell Brammar,53987 Porter Place,53225,WI,ebrammar1e@surveymonkey.com
52,Dallas Beller,928 Fuller Pass,76134,TX,dbeller1f@woothemes.com
53,Stormie Perring,70 Everett Alley,44329,OH,sperring1g@free.fr
54,Emmerich Peplaw,03 Sauthoff Junction,84152,UT,epeplaw1h@samsung.com
55,Perri Lumly,2359 Redwing Street,46207,IN,plumly1i@nyu.edu
56,Leta Bennis,5331 Del Sol Lane,95813,CA,lbennis1j@ebay.com
57,Addi Oxbury,9 Dottie Center,37228,TN,aoxbury1k@ihg.com
58,Wallie Gourlay,6680 Sutherland Plaza,07104,NJ,wgourlay1l@list-manage.com
59,Garnette Dakhov,49481 Farmco Terrace,89193,NV,gdakhov1m@godaddy.com
60,Althea Truder,449 Johnson Alley,80150,CO,atruder1n@clickbank.net
61,Ozzy McIlherran,34 Pond Alley,88525,TX,omcilherran1o@geocities.jp
62,Devy Thelwll,3 Merchant Park,95973,CA,dthelwll1p@nature.com
63,Berri Davers,3 Arizona Crossing,11854,NY,bdavers1q@com.com
64,Rakel Nicholls,0540 Victoria Street,45218,OH,rnicholls1r@ow.ly
65,Timoteo Imloch,844 Riverside Road,79105,TX,timloch1s@joomla.org
66,Goddart Itscovitz,8 Lakeland Way,20425,DC,gitscovitz1t@cnbc.com
67,Sunny Plumtree,8156 Shasta Terrace,98185,WA,splumtree1u@angelfire.com
68,Thadeus Souley,088 Starling Crossing,87190,NM,tsouley1v@berkeley.edu
69,Kay Heskin,916 Portage Terrace,73104,OK,kheskin1w@usgs.gov
70,Fred Hogbin,292 Dixon Pass,94169,CA,fhogbin1x@angelfire.com
71,Nikos Goldby,04858 Memorial Avenue,37220,TN,ngoldby1y@moonfruit.com
72,Duane Huge,50 Mosinee Street,27157,NC,dhuge1z@japanpost.jp
73,Layla Pexton,33 1st Parkway,85284,AZ,lpexton20@friendfeed.com
74,Therine Jakubovsky,488 Northland Way,02104,MA,tjakubovsky21@shop-pro.jp
75,Ana Breitling,6 Morningstar Pass,44305,OH,abreitling22@marriott.com
76,Ariadne Wilks,31010 Di Loreto Lane,13205,NY,awilks23@digg.com
77,Eleanora Parks,8760 Pepper Wood Point,33906,FL,eparks24@webmd.com
78,Crin Korting,98 Graceland Way,68505,NE,ckorting25@wired.com
79,Carmelia Tofts,466 Delaware Lane,48609,MI,ctofts26@harvard.edu
80,Madlin Campione,80672 Ridge Oak Plaza,92013,CA,mcampione27@constantcontact.com
81,Rey Saffell,019 Ludington Lane,75353,TX,rsaffell28@upenn.edu
82,Lurette Zamorrano,92070 Clemons Trail,37245,TN,lzamorrano29@mapquest.com
83,Kennith Grinstead,219 Meadow Valley Park,62205,IL,kgrinstead2a@home.pl
84,Glennie Doumerque,54 Barby Drive,84409,UT,gdoumerque2b@hubpages.com
85,Albina Spilsbury,67270 Grover Point,98405,WA,aspilsbury2c@redcross.org
86,Asher Glyssanne,452 Fairview Alley,11215,NY,aglyssanne2d@telegraph.co.uk
87,Farra Durban,0 Arrowood Lane,62794,IL,fdurban2e@usda.gov
88,Sal Drexel,64 Donald Drive,25716,WV,sdrexel2f@harvard.edu
89,Della Dallender,80 New Castle Street,14263,NY,ddallender2g@infoseek.co.jp
90,Misha Flanaghan,15 Stoughton Plaza,89135,NV,mflanaghan2h@indiatimes.com
91,Ced Veelers,28 Nelson Park,19610,PA,cveelers2i@qq.com
92,Reeta Schumacher,00 Arkansas Center,79116,TX,rschumacher2j@meetup.com
93,Lockwood Ellingford,63 Nancy Parkway,48126,MI,lellingford2k@usda.gov
94,Saxon Thoday,24563 Kim Crossing,77493,TX,sthoday2l@nhs.uk
95,Clarice Poyntz,4226 Ridgeway Lane,75379,TX,cpoyntz2m@time.com
96,Lorinda Cowpe,61169 Springview Center,44177,OH,lcowpe2n@amazon.de
97,Pate Onn,2 Elgar Alley,33487,FL,ponn2o@sina.com.cn
98,Bill Gutans,83365 Fairfield Center,21211,MD,bgutans2p@bloglovin.com
99,Genvieve Cuningham,95 Village Green Avenue,55573,MN,gcuningham2q@sitemeter.com
100,Fred Dibbert,8029 Scofield Way,95160,CA,fdibbert2r@craigslist.org
101,Leon Blowne,6508 Eastlawn Way,34238,FL,lblowne2s@spiegel.de
102,Huey Lukehurst,94362 Dottie Road,94121,CA,hlukehurst2t@google.com.au
103,Roger Ferneley,45131 Crownhardt Plaza,79977,TX,rferneley2u@hud.gov
104,Leonidas Lazell,2 Cascade Crossing,48232,MI,llazell2v@google.ca
105,Quintana Sumption,381 Dawn Street,77554,TX,qsumption2w@delicious.com
106,Arabella Valerius,3 Dovetail Way,79989,TX,avalerius2x@pinterest.com
107,Gail Foxton,7259 Emmet Way,79710,TX,gfoxton2y@seesaa.net
108,Vicky De Roos,762 Messerschmidt Hill,21211,MD,vde2z@foxnews.com
109,Madelaine Ramalhete,82 Wayridge Point,77085,TX,mramalhete30@seattletimes.com
110,Dom Meran,16629 Straubel Road,39236,MS,dmeran31@jiathis.com
111,Gerrie Skeermer,90 Crowley Plaza,30130,GA,gskeermer32@stumbleupon.com
112,Doy Diche,05 Little Fleur Avenue,98008,WA,ddiche33@ox.ac.uk
113,Garrik Possa,9 Ilene Terrace,55598,MN,gpossa34@huffingtonpost.com
114,Riccardo Greguoli,82405 Corry Crossing,92415,CA,rgreguoli35@google.com.au
115,Nita Joost,096 Ryan Alley,23220,VA,njoost36@berkeley.edu
116,Callean Caccavale,26 Summer Ridge Park,20005,DC,ccaccavale37@seattletimes.com
117,Olenka Lathbury,995 Division Parkway,07195,NJ,olathbury38@cargocollective.com
118,Claus Baudinet,6799 Raven Way,02905,RI,cbaudinet39@time.com
119,Donica Petrazzi,22173 Lillian Junction,77299,TX,dpetrazzi3a@netlog.com
120,Raddie Schutter,3 Village Road,31196,GA,rschutter3b@java.com
121,Lazare Norville,7 Elmside Hill,31205,GA,lnorville3c@behance.net
122,Jayme Antoons,8 Old Gate Avenue,98417,WA,jantoons3d@blogtalkradio.com
123,Montague Mould,631 Dennis Terrace,18706,PA,mmould3e@zdnet.com
124,William Bedome,7148 Loomis Hill,10165,NY,wbedome3f@themeforest.net
125,Rafael Bedward,5186 Little Fleur Way,06859,CT,rbedward3g@gravatar.com
126,Marys Cuerdall,56 Dakota Center,78240,TX,mcuerdall3h@domainmarket.com
127,Consolata Puckham,45473 Helena Court,46216,IN,cpuckham3i@vk.com
128,Waneta Roscow,26248 Columbus Hill,94154,CA,wroscow3j@deliciousdays.com
129,Robbie Ewenson,3766 Coleman Terrace,95833,CA,rewenson3k@unesco.org
130,Bette-ann Cratchley,6 Sunfield Junction,92405,CA,bcratchley3l@redcross.org
131,Ossie Joutapavicius,290 Clemons Pass,85099,AZ,ojoutapavicius3m@springer.com
132,Hadlee Wooffinden,0085 Vidon Drive,80291,CO,hwooffinden3n@scientificamerican.com
133,Normy Cast,347 Fordem Court,76162,TX,ncast3o@amazon.com
134,Abraham Bridgman,9 Towne Circle,32830,FL,abridgman3p@ucsd.edu
135,Panchito Yesinov,30 Scott Parkway,40266,KY,pyesinov3q@tmall.com
136,Eileen Quin,1774 Tennessee Trail,72916,AR,equin3r@tamu.edu
137,Dewain Gullick,3 Jenifer Lane,75241,TX,dgullick3s@nba.com
138,Amabelle Pesterfield,64381 Butterfield Point,22096,VA,apesterfield3t@slashdot.org
139,Astrid Fend,23 Fulton Plaza,85005,AZ,afend3u@ehow.com
140,Augustine Heal,0988 Thierer Junction,15225,PA,aheal3v@spiegel.de
141,Tessie Niblock,1 New Castle Hill,39216,MS,tniblock3w@photobucket.com
142,Luise Toulamain,6 Toban Crossing,16107,PA,ltoulamain3x@npr.org
143,Katherina Shurlock,6 Hudson Street,33180,FL,kshurlock3y@histats.com
144,Shawna Janson,63 Everett Place,40215,KY,sjanson3z@cloudflare.com
145,Brynne Oret,4249 Nova Place,91499,CA,boret40@jigsy.com
146,Ame Paszek,70 6th Lane,23285,VA,apaszek41@umich.edu
147,Tabor Busek,572 Hagan Drive,30375,GA,tbusek42@parallels.com
148,Ofelia Wooldridge,22 Carberry Road,27605,NC,owooldridge43@whitehouse.gov
149,Emelda Narrie,920 Village Trail,36628,AL,enarrie44@msn.com
150,Stavro Brockwell,48434 Florence Trail,27110,NC,sbrockwell45@google.fr
151,Allene Michelet,1230 Maywood Alley,30919,GA,amichelet46@csmonitor.com
152,Geralda Riha,06903 Anniversary Drive,70179,LA,griha47@linkedin.com
153,Fanny Mapplebeck,6957 Caliangt Hill,98115,WA,fmapplebeck48@cnet.com
154,Kiri Kenefick,6 Hansons Court,64109,MO,kkenefick49@comsenz.com
155,Kacie Crozier,0 Gale Lane,89519,NV,kcrozier4a@globo.com
156,Stephie Davison,1823 Old Gate Junction,23520,VA,sdavison4b@google.co.uk
157,Mary Enoch,8636 Londonderry Place,89160,NV,menoch4c@moonfruit.com
158,Sybille Jancso,93735 Northland Circle,33028,FL,sjancso4d@columbia.edu
159,Averil Hugenin,1 Becker Plaza,95298,CA,ahugenin4e@yale.edu
160,Wylie Carrel,79135 Amoth Court,70836,LA,wcarrel4f@nhs.uk
161,Hoebart Elms,79702 Northridge Street,33405,FL,helms4g@ovh.net
162,Alec Gooley,04800 Lindbergh Place,47737,IN,agooley4h@yellowbook.com
163,Melisa O' Dooley,67 Warbler Avenue,20442,DC,mo4i@vkontakte.ru
164,Bryon Cantle,1491 Myrtle Road,77245,TX,bcantle4j@homestead.com
165,Rubi Purbrick,51 Portage Trail,89193,NV,rpurbrick4k@yandex.ru
166,Loralyn Mularkey,8 Comanche Parkway,06816,CT,lmularkey4l@pinterest.com
167,Maison Richemond,606 Hudson Plaza,27690,NC,mrichemond4m@yolasite.com
168,Pebrook Stanger,84 Northland Place,55590,MN,pstanger4n@digg.com
169,Marisa Dixcey,9 Maywood Hill,96850,HI,mdixcey4o@unicef.org
170,Cathleen Brundall,898 Emmet Plaza,45264,OH,cbrundall4p@prlog.org
171,Haley Winkle,4 Old Gate Street,95219,CA,hwinkle4q@psu.edu
172,Diandra Neubigin,7 Derek Way,55579,MN,dneubigin4r@umich.edu
173,Gill Hurkett,3840 1st Place,98417,WA,ghurkett4s@ehow.com
174,Petra Nelhams,128 Dunning Point,11499,NY,pnelhams4t@issuu.com
175,Kitty Staunton,2 Scoville Road,98140,WA,kstaunton4u@si.edu
176,Evvy Goulborne,42 Surrey Lane,43268,OH,egoulborne4v@shareasale.com
177,Ave Jarrett,97458 Duke Parkway,14215,NY,ajarrett4w@archive.org
178,Nikaniki Vivians,7418 Raven Plaza,23454,VA,nvivians4x@discuz.net
179,Marcela Whittlesey,6341 Luster Point,80015,CO,mwhittlesey4y@bbb.org
180,Wittie Fryman,77 Hollow Ridge Point,48258,MI,wfryman4z@usda.gov
181,Amanda Camocke,06 Bunting Street,98042,WA,acamocke50@guardian.co.uk
182,Nikaniki Coxhell,708 Roth Park,94263,CA,ncoxhell51@woothemes.com
183,Pasquale Sowersby,9 Lillian Lane,20719,MD,psowersby52@forbes.com
184,Farleigh Cranshaw,6238 Sundown Street,89012,NV,fcranshaw53@newsvine.com
185,Luce Goldwater,80 Warrior Court,34620,FL,lgoldwater54@photobucket.com
186,Evie Baldrick,0 Nevada Court,60193,IL,ebaldrick55@irs.gov
187,Ingamar Stuckey,0 Morningstar Way,22225,VA,istuckey56@wiley.com
188,Cassaundra Stocky,57634 Forster Street,34642,FL,cstocky57@blogger.com
189,Thorsten McKelvie,63102 Atwood Trail,98175,WA,tmckelvie58@yolasite.com
190,Anny Moggan,70331 Farmco Point,10045,NY,amoggan59@jugem.jp
191,Kat Harbertson,80959 Sherman Place,85067,AZ,kharbertson5a@freewebs.com
192,Patten Dykas,13 Shoshone Park,85219,AZ,pdykas5b@php.net
193,Holmes Merill,935 Randy Lane,23459,VA,hmerill5c@toplist.cz
194,Amos Muirhead,326 Tennessee Hill,46226,IN,amuirhead5d@tumblr.com
195,Lon O'Keefe,1 Canary Junction,77223,TX,lokeefe5e@vkontakte.ru
196,Fanchon Garlett,7 Forster Lane,33147,FL,fgarlett5f@discuz.net
197,Lucille Grindrod,3 2nd Hill,92878,CA,lgrindrod5g@wufoo.com
198,Eydie Beglin,28094 Di Loreto Junction,15205,PA,ebeglin5h@weibo.com
199,Mandie Ten Broek,2051 Eggendart Center,95064,CA,mten5i@mozilla.org
200,Humbert Spinnace,3567 Kropf Drive,78235,TX,hspinnace5j@washington.edu
201,Colline Cordero,141 Lawn Court,88546,TX,ccordero5k@miibeian.gov.cn
202,Luigi Godbold,7761 Elgar Place,07112,NJ,lgodbold5l@admin.ch
203,Tyler Heathcott,69 Starling Way,11480,NY,theathcott5m@webnode.com
204,Leone Brimmicombe,95569 Shasta Terrace,11355,NY,lbrimmicombe5n@dropbox.com
205,Jordan Casier,3533 Jana Way,64101,MO,jcasier5o@aboutads.info
206,Merralee Bondy,0 Stang Street,23260,VA,mbondy5p@posterous.com
207,Devi Sive,7113 Dakota Pass,80995,CO,dsive5q@ebay.co.uk
208,Banky Knapton,6978 Ridgeview Pass,89036,NV,bknapton5r@yahoo.com
209,Trumaine Steptowe,2 Prentice Circle,23228,VA,tsteptowe5s@google.ru
210,Meridith Perrottet,6615 Namekagon Point,83757,ID,mperrottet5t@engadget.com
211,Gillian Mival,0 High Crossing Crossing,34615,FL,gmival5u@cnbc.com
212,Marika Wike,7 Goodland Plaza,98687,WA,mwike5v@360.cn
213,Fredric McCrachen,5532 Monument Road,10633,NY,fmccrachen5w@tripadvisor.com
214,Erasmus Bush,8 Trailsway Point,60435,IL,ebush5x@ucoz.com
215,Norrie Friskey,2 Hauk Park,98664,WA,nfriskey5y@simplemachines.org
216,Odetta Toderini,8 Little Fleur Plaza,77705,TX,otoderini5z@bloglines.com
217,Leeland Zute,62502 Cottonwood Avenue,94110,CA,lzute60@jimdo.com
218,Andra Glassford,8417 Novick Alley,45414,OH,aglassford61@vimeo.com
219,Abey Lever,05958 Lunder Pass,67210,KS,alever62@amazon.co.uk
220,Kale Stagg,56 Delladonna Park,33462,FL,kstagg63@boston.com
221,Hagen Croker,70871 Dexter Street,62205,IL,hcroker64@tripadvisor.com
222,Jarvis Pepys,8 Northport Crossing,85737,AZ,jpepys65@usnews.com
223,Gill Djordjevic,692 Hansons Terrace,83705,ID,gdjordjevic66@flickr.com
224,Hilario Guitt,99755 Village Park,40515,KY,hguitt67@so-net.ne.jp
225,Kevyn Fawkes,37487 Myrtle Crossing,91117,CA,kfawkes68@nydailynews.com
226,Ike Infante,0376 Fulton Avenue,30905,GA,iinfante69@oracle.com
227,El Ferriman,01 Daystar Junction,45208,OH,eferriman6a@canalblog.com
228,Mercie Mazillius,9 Mcguire Drive,46862,IN,mmazillius6b@arstechnica.com
229,Sheree Heaffey,5 Valley Edge Trail,36177,AL,sheaffey6c@discuz.net
230,Morganne Ledgerton,80457 Marquette Place,85035,AZ,mledgerton6d@jugem.jp
231,Kath Espinal,16896 Monterey Junction,25313,WV,kespinal6e@nsw.gov.au
232,Dene Slimme,25661 Tony Plaza,89110,NV,dslimme6f@surveymonkey.com
233,Sheila Barrable,0774 Dennis Hill,80279,CO,sbarrable6g@twitter.com
234,Llywellyn McCallion,2 Norway Maple Plaza,80150,CO,lmccallion6h@spotify.com
235,Conrade Barneville,063 Mallory Terrace,90087,CA,cbarneville6i@cam.ac.uk
236,Tricia Bingley,065 Old Shore Crossing,25705,WV,tbingley6j@ca.gov
237,Illa Branche,80 South Drive,45414,OH,ibranche6k@spiegel.de
238,Chelsey De Robertis,83771 Maryland Plaza,06721,CT,cde6l@stanford.edu
239,Dana Fleckney,66 Oneill Road,53716,WI,dfleckney6m@eepurl.com
240,Koral Lodder,8 Melby Center,30096,GA,klodder6n@umich.edu
241,Oswald Tranmer,4 Amoth Lane,79159,TX,otranmer6o@oaic.gov.au
242,Lori Edgeworth,9 Pearson Terrace,07544,NJ,ledgeworth6p@who.int
243,Lorain Howman,52 Cambridge Drive,55573,MN,lhowman6q@army.mil
244,Konrad Wilce,8131 Warbler Point,81010,CO,kwilce6r@youtube.com
245,Sargent Paridge,9322 Erie Point,30610,GA,sparidge6s@ebay.com
246,Gauthier Creamen,90 Starling Center,73157,OK,gcreamen6t@foxnews.com
247,Winnifred Drinan,35008 Eggendart Plaza,46825,IN,wdrinan6u@ask.com
248,Concordia Janodet,99595 Sunfield Place,11470,NY,cjanodet6v@hp.com
249,Ashli Kayes,1 Melody Circle,10150,NY,akayes6w@shareasale.com
250,Fredericka Brose,6641 Haas Street,31296,GA,fbrose6x@cocolog-nifty.com
251,Herve Syers,08174 Bunting Way,33411,FL,hsyers6y@usatoday.com
252,Christina Winman,12 Monica Way,76129,TX,cwinman6z@sbwire.com
253,Oralle Hindes,76 Charing Cross Plaza,84110,UT,ohindes70@reverbnation.com
254,Adrea Calvie,88790 Graedel Way,10079,NY,acalvie71@fda.gov
255,Renie Thynne,167 Talisman Pass,58122,ND,rthynne72@cocolog-nifty.com
256,Pall Laite,791 Walton Center,39505,MS,plaite73@jugem.jp
257,Dorie Presslee,225 Ridgeway Terrace,20520,DC,dpresslee74@goo.ne.jp
258,Winslow Ledgley,99813 South Alley,14639,NY,wledgley75@reference.com
259,Jackquelin Ottery,13 Rieder Junction,19886,DE,jottery76@google.com.au
260,Fernande Lasselle,2021 Evergreen Lane,22405,VA,flasselle77@ameblo.jp
261,Avrom McMickan,0225 Grayhawk Street,80235,CO,amcmickan78@wikimedia.org
262,Antonie Dadson,6 Dahle Pass,92555,CA,adadson79@parallels.com
263,Venita Spensley,807 Manley Center,20078,DC,vspensley7a@mac.com
264,Jakie Matusovsky,14149 Melby Crossing,43231,OH,jmatusovsky7b@homestead.com
265,Ardella McGillacoell,04064 David Lane,07544,NJ,amcgillacoell7c@sun.com
266,Cob Mc Gorley,84 Armistice Drive,80255,CO,cmc7d@odnoklassniki.ru
267,Davita Sanford,44712 Schurz Parkway,77554,TX,dsanford7e@hao123.com
268,Shara Batrop,62 Morningstar Trail,33758,FL,sbatrop7f@nifty.com
269,Vasily Tuley,3 Pankratz Crossing,33715,FL,vtuley7g@guardian.co.uk
270,Dorelle Caught,99054 Summer Ridge Avenue,64114,MO,dcaught7h@seattletimes.com
271,Iver McReidy,66 Sutteridge Drive,55811,MN,imcreidy7i@nih.gov
272,Leann Johann,79723 Comanche Plaza,76198,TX,ljohann7j@list-manage.com
273,Alvinia Lynthal,4584 Susan Junction,46614,IN,alynthal7k@desdev.cn
274,Kimberley Berkelay,56 Daystar Hill,85271,AZ,kberkelay7l@intel.com
275,Charlotta Giffaut,1298 Coolidge Court,45414,OH,cgiffaut7m@canalblog.com
276,Carlee Hanshaw,5 Roth Avenue,20456,DC,chanshaw7n@google.it
277,Carny Lothean,26613 Vidon Place,66642,KS,clothean7o@freewebs.com
278,Chandler Wolsey,2307 7th Way,85219,AZ,cwolsey7p@blog.com
279,Hannah Eby,836 Helena Court,78240,TX,heby7q@washingtonpost.com
280,Sigismundo Ferreras,98 Wayridge Trail,01610,MA,sferreras7r@stumbleupon.com
281,Ami Titheridge,80 Dayton Lane,80161,CO,atitheridge7s@plala.or.jp
282,Issiah Pressman,3638 Dryden Court,55458,MN,ipressman7t@wiley.com
283,Jo-anne Bligh,233 Doe Crossing Street,95108,CA,jbligh7u@barnesandnoble.com
284,Georgie Whelpdale,7 Lotheville Place,80249,CO,gwhelpdale7v@opera.com
285,Aland Owbridge,14 Katie Point,93106,CA,aowbridge7w@vkontakte.ru
286,Rebecca Sivier,6 Pennsylvania Street,39705,MS,rsivier7x@altervista.org
287,Mikel Jaulmes,15519 Sutherland Parkway,77271,TX,mjaulmes7y@weather.com
288,Fanny Ohm,839 Paget Plaza,20546,DC,fohm7z@google.fr
289,Griffin Spooner,96 Victoria Pass,90071,CA,gspooner80@intel.com
290,Alejandrina Belsham,0 Loeprich Parkway,10170,NY,abelsham81@artisteer.com
291,Brianne Musto,690 Esch Avenue,63104,MO,bmusto82@fda.gov
292,Ynez Eastwood,6743 Sloan Alley,39505,MS,yeastwood83@spotify.com
293,Archer Presnail,95487 Farragut Drive,53234,WI,apresnail84@pen.io
294,Aida Atwood,669 Monument Pass,20392,DC,aatwood85@patch.com
295,Allyce Luxen,6050 Calypso Pass,94544,CA,aluxen86@google.ru
296,Charlton Schowenburg,7 Vera Road,76905,TX,cschowenburg87@meetup.com
297,Shelden Balderson,5 Northwestern Road,71914,AR,sbalderson88@umn.edu
298,Domingo Tribe,2 Arkansas Avenue,92862,CA,dtribe89@miitbeian.gov.cn
299,Dew Bohlin,07 Dayton Alley,35220,AL,dbohlin8a@narod.ru
300,Estell Doerrling,5416 6th Terrace,14225,NY,edoerrling8b@theatlantic.com
301,Gilbertina Moncrefe,40 Southridge Trail,66220,KS,gmoncrefe8c@arstechnica.com
302,Eli Lillico,5 Shasta Hill,77386,TX,elillico8d@earthlink.net
303,Jabez Kinsey,31950 New Castle Drive,80015,CO,jkinsey8e@comsenz.com
304,Audy Scaplehorn,4 Armistice Avenue,55470,MN,ascaplehorn8f@1688.com
305,Lorene Langhorne,36224 East Road,01813,MA,llanghorne8g@cargocollective.com
306,Marsiella Kleinert,45150 Arizona Point,11447,NY,mkleinert8h@gnu.org
307,Joane Trighton,8893 Fairfield Park,94207,CA,jtrighton8i@ask.com
308,Andre Tyres,741 Granby Road,23668,VA,atyres8j@cnbc.com
309,Tonya Southernwood,20464 Muir Place,98158,WA,tsouthernwood8k@gov.uk
310,Judas Tute,4326 Truax Court,72118,AR,jtute8l@hibu.com
311,Quinlan Strettell,15925 Granby Center,20046,DC,qstrettell8m@eepurl.com
312,Dyann Elgram,3 Mosinee Park,95173,CA,delgram8n@ucsd.edu
313,Tiff Knowlys,1 Vidon Court,30506,GA,tknowlys8o@ucla.edu
314,Yard Currell,278 Hagan Circle,77554,TX,ycurrell8p@dailymotion.com
315,Clotilda Bertwistle,446 Dovetail Trail,93726,CA,cbertwistle8q@xrea.com
316,Vinnie Buffy,27 Meadow Vale Junction,11499,NY,vbuffy8r@wp.com
317,Lenore Jales,536 Hollow Ridge Street,47905,IN,ljales8s@sina.com.cn
318,Ruthie De Beneditti,2439 Schlimgen Pass,65110,MO,rde8t@mozilla.org
319,Tiebold Bestman,99210 Roth Lane,71115,LA,tbestman8u@java.com
320,Dacia Nigh,279 Anthes Street,10203,NY,dnigh8v@163.com
321,Eveline Rudeforth,8538 Springs Terrace,32277,FL,erudeforth8w@msu.edu
322,Olwen Palfrie,1 Chive Lane,33680,FL,opalfrie8x@columbia.edu
323,Chloette Cunrado,0452 Park Meadow Trail,94544,CA,ccunrado8y@state.gov
324,Bobinette McMeanma,0 High Crossing Park,99215,WA,bmcmeanma8z@vimeo.com
325,Robers Pawelczyk,3992 Memorial Parkway,65898,MO,rpawelczyk90@trellian.com
326,Denis Whitters,797 Merry Street,45403,OH,dwhitters91@woothemes.com
327,Mozes Stonebridge,851 American Hill,77388,TX,mstonebridge92@unblog.fr
328,Wood Gianulli,18 Fairfield Circle,78475,TX,wgianulli93@geocities.com
329,Helen McIlrath,8 Esch Trail,60630,IL,hmcilrath94@dailymotion.com
330,Mary Gligori,38965 Hoard Alley,44191,OH,mgligori95@pbs.org
331,Jermaine Maywood,6182 Cordelia Crossing,34643,FL,jmaywood96@comcast.net
332,Kirby Tatershall,726 Mayer Court,39216,MS,ktatershall97@salon.com
333,Bobine Broke,77159 Annamark Point,66617,KS,bbroke98@dmoz.org
334,Gifford Jeves,2120 Northland Place,36195,AL,gjeves99@businessinsider.com
335,Craig Kerins,26274 Victoria Hill,77255,TX,ckerins9a@thetimes.co.uk
336,Mathias Hinkes,0718 School Parkway,48107,MI,mhinkes9b@purevolume.com
337,Corrine Stranaghan,9715 Delaware Pass,25705,WV,cstranaghan9c@mapquest.com
338,Helsa Schulke,4 Delaware Place,19886,DE,hschulke9d@hibu.com
339,Libby Fake,93 Gale Hill,75710,TX,lfake9e@wikimedia.org
340,Liliane Clements,7590 Crest Line Junction,27717,NC,lclements9f@addthis.com
341,Averil Gradly,742 Gulseth Crossing,20508,DC,agradly9g@mapy.cz
342,Shepperd Fosse,813 Eastlawn Pass,99205,WA,sfosse9h@usgs.gov
343,Trula Davall,23065 Pawling Court,25336,WV,tdavall9i@wordpress.org
344,Cindra Hedin,8907 Westerfield Place,97240,OR,chedin9j@msn.com
345,Hertha Raoult,6543 Nova Place,33758,FL,hraoult9k@nydailynews.com
346,Vasilis Goane,63105 Utah Avenue,20238,DC,vgoane9l@netlog.com
347,Emma Scuffham,625 Chive Pass,32244,FL,escuffham9m@myspace.com
348,Shaughn Davidavidovics,16129 Arapahoe Crossing,34102,FL,sdavidavidovics9n@time.com
349,Thomas Collingridge,6 Orin Drive,78744,TX,tcollingridge9o@mail.ru
350,Aimee Yukhov,91 Sunnyside Plaza,60686,IL,ayukhov9p@flickr.com
351,Elaina De Vile,9366 Crownhardt Park,63169,MO,ede9q@free.fr
352,Monty Sweetmore,6 Calypso Crossing,79999,TX,msweetmore9r@gnu.org
353,Emlyn Dulake,96 Melvin Place,79171,TX,edulake9s@dagondesign.com
354,Crissy Ouver,540 Ridgeway Center,38114,TN,couver9t@census.gov
355,Martynne Brandsma,68660 Jay Crossing,59806,MT,mbrandsma9u@cisco.com
356,Filide Beckinsall,57 Jana Plaza,33605,FL,fbeckinsall9v@ebay.com
357,Sterne Leary,59683 Nevada Pass,33034,FL,sleary9w@arstechnica.com
358,Nowell Holttom,1759 Arapahoe Circle,19714,DE,nholttom9x@sbwire.com
359,Graehme Sleath,94 Kim Street,25705,WV,gsleath9y@latimes.com
360,Tannie Fattore,3907 Hanover Street,64160,MO,tfattore9z@biglobe.ne.jp
361,Karoly Meuse,0120 Sundown Hill,10155,NY,kmeusea0@cornell.edu
362,Venita Blake,20209 Redwing Place,64149,MO,vblakea1@fastcompany.com
363,Jamesy Zimmermanns,91089 Memorial Crossing,63126,MO,jzimmermannsa2@statcounter.com
364,Jed Reuven,48 Laurel Center,68583,NE,jreuvena3@hibu.com
365,Derek Zotto,164 Shopko Parkway,45243,OH,dzottoa4@netlog.com
366,Arliene Rubens,467 Graedel Plaza,17405,PA,arubensa5@webmd.com
367,Ginelle Moorhead,7 Moland Crossing,14205,NY,gmoorheada6@auda.org.au
368,Henriette Grieswood,158 Cherokee Junction,55123,MN,hgrieswooda7@gravatar.com
369,Enriqueta Algate,144 Texas Way,06912,CT,ealgatea8@skype.com
370,Renard Boshers,8 Columbus Terrace,90010,CA,rboshersa9@sciencedaily.com
371,Batsheva Valerio,937 Oakridge Alley,66629,KS,bvalerioaa@deliciousdays.com
372,Aldin Bowick,61 Harbort Pass,22036,VA,abowickab@apple.com
373,Del Kibbel,0509 Tennyson Place,74133,OK,dkibbelac@theatlantic.com
374,Inger Hartop,794 Division Way,94110,CA,ihartopad@cbslocal.com
375,Bobinette Hassur,88 Arrowood Way,85053,AZ,bhassurae@unicef.org
376,Isadora Ciccarelli,74061 Lake View Circle,79916,TX,iciccarelliaf@yellowbook.com
377,Roseanna Kaygill,098 Iowa Plaza,94230,CA,rkaygillag@irs.gov
378,Niels Dumbrill,5 Chive Drive,85210,AZ,ndumbrillah@google.pl
379,Coriss Geggus,2279 Sullivan Terrace,92725,CA,cgeggusai@sina.com.cn
380,Sally Kenworthey,43 Northfield Plaza,75342,TX,skenwortheyaj@shutterfly.com
381,Perry Yoodall,91241 Boyd Plaza,94712,CA,pyoodallak@hatena.ne.jp
382,Melisa Ellerby,5 Carioca Hill,32854,FL,mellerbyal@devhub.com
383,Siusan Leverton,9 Twin Pines Plaza,92176,CA,slevertonam@histats.com
384,Francisca Plumridege,4 Nova Crossing,76905,TX,fplumridegean@reddit.com
385,Vladamir Tucknott,591 Havey Parkway,91210,CA,vtucknottao@scientificamerican.com
386,Danny Shafe,37 Express Plaza,22313,VA,dshafeap@irs.gov
387,Roxie VanBrugh,14759 Union Place,06145,CT,rvanbrughaq@google.nl
388,Gratiana Lawey,4 4th Point,44321,OH,glaweyar@amazon.co.jp
389,Roarke Dwelly,6914 Dorton Pass,01905,MA,rdwellyas@digg.com
390,Rose Royce,1 Rusk Parkway,34981,FL,rroyceat@surveymonkey.com
391,Rickie Rojas,8434 Lillian Avenue,34135,FL,rrojasau@hatena.ne.jp
392,Welsh Clementi,4 Dunning Avenue,61605,IL,wclementiav@comsenz.com
393,Glynda Cadreman,112 Troy Alley,10125,NY,gcadremanaw@gizmodo.com
394,Yevette Christou,960 Harbort Way,27658,NC,ychristouax@freewebs.com
395,Lucretia Di Claudio,8 Farragut Lane,30375,GA,ldiay@lulu.com
396,Roseanne O'Flaherty,97090 Warner Circle,10024,NY,roflahertyaz@amazon.co.uk
397,Tonye Woollons,7146 Alpine Terrace,33633,FL,twoollonsb0@fc2.com
398,Juliana Matterface,658 Elka Crossing,96825,HI,jmatterfaceb1@hubpages.com
399,Hewitt Roscher,66222 Ridge Oak Parkway,95298,CA,hroscherb2@mlb.com
400,Melitta Malletratt,73969 Melvin Terrace,56398,MN,mmalletrattb3@yellowpages.com
401,Rozelle Bilovsky,6738 Coolidge Trail,79188,TX,rbilovskyb4@google.de
402,Red Skill,9620 Acker Circle,24014,VA,rskillb5@e-recht24.de
403,Dulci Ferrier,671 Beilfuss Drive,45454,OH,dferrierb6@kickstarter.com
404,Deny Deeming,014 Sunnyside Pass,44555,OH,ddeemingb7@paginegialle.it
405,Adora Shayes,20 Montana Lane,59806,MT,ashayesb8@usda.gov
406,Concettina Gerleit,5433 Kedzie Alley,60619,IL,cgerleitb9@jalbum.net
407,Misty Hayden,8015 Dryden Center,60691,IL,mhaydenba@goo.ne.jp
408,Brita Muffin,3853 Main Road,85020,AZ,bmuffinbb@domainmarket.com
409,Garrot Bruffell,16 Amoth Court,73152,OK,gbruffellbc@skyrock.com
410,Brandyn Stannard,1319 Vidon Drive,70894,LA,bstannardbd@mapquest.com
411,Costa Moine,28819 Forest Run Road,87592,NM,cmoinebe@google.com.au
412,Jessy Burkitt,48738 Harper Court,19104,PA,jburkittbf@fema.gov
413,Jason Cristofvao,54 Scoville Terrace,34665,FL,jcristofvaobg@mapy.cz
414,Jerrie Annetts,06 Swallow Terrace,84093,UT,jannettsbh@state.tx.us
415,Rosalia Callaway,26 Warner Crossing,40596,KY,rcallawaybi@webmd.com
416,Mathilde Coomer,12781 Loomis Road,56944,DC,mcoomerbj@flickr.com
417,Marje Dorcey,74 Corben Terrace,83722,ID,mdorceybk@drupal.org
418,Katharina Veart,85 Declaration Way,78721,TX,kveartbl@ox.ac.uk
419,Dukey Scala,41 Erie Street,99709,AK,dscalabm@columbia.edu
420,Rafaelia MacCroary,19 Fieldstone Avenue,50936,IA,rmaccroarybn@fda.gov
421,Hermy Farnham,07509 Village Green Avenue,33686,FL,hfarnhambo@eepurl.com
422,Bealle Bracken,6982 Crownhardt Court,52809,IA,bbrackenbp@amazon.com
423,Joya Puddefoot,291 1st Place,20010,DC,jpuddefootbq@shutterfly.com
424,Darb Whittet,580 Springview Street,94042,CA,dwhittetbr@netlog.com
425,Tanner Alejo,588 Bayside Center,77305,TX,talejobs@pinterest.com
426,Vick Fishley,66 Lerdahl Pass,78726,TX,vfishleybt@psu.edu
427,Ogden Caldera,39756 Coolidge Terrace,98140,WA,ocalderabu@businesswire.com
428,Brande Ayscough,8759 Eagan Parkway,07112,NJ,bayscoughbv@example.com
429,Sayers Garfath,2510 Fair Oaks Trail,93407,CA,sgarfathbw@mozilla.org
430,Serge Hainning,709 Twin Pines Hill,33615,FL,shainningbx@wikia.com
431,Myrah Corstorphine,65 Cherokee Pass,89150,NV,mcorstorphineby@nifty.com
432,Dorolisa Heller,43 Blackbird Court,07505,NJ,dhellerbz@java.com
433,Ernestus Jervois,98 Killdeer Junction,89505,NV,ejervoisc0@sohu.com
434,Cody Overstreet,8 Fieldstone Terrace,77005,TX,coverstreetc1@boston.com
435,Sharia Horley,9 Kings Hill,31190,GA,shorleyc2@time.com
436,Merrie Beddoe,7903 Carberry Point,10459,NY,mbeddoec3@cocolog-nifty.com
437,Malissia Perrone,7 Kipling Park,63180,MO,mperronec4@kickstarter.com
438,Catharine Poli,9 Schmedeman Lane,64142,MO,cpolic5@seattletimes.com
439,Lissa Grishenkov,81670 Bunker Hill Park,64190,MO,lgrishenkovc6@ning.com
440,Mattheus Mobberley,66 New Castle Circle,90030,CA,mmobberleyc7@163.com
441,Dick Clawe,6167 Graedel Lane,20073,DC,dclawec8@netlog.com
442,Sonny Gerlts,69958 Kensington Terrace,79491,TX,sgerltsc9@freewebs.com
443,Herrick Backes,66787 Ruskin Plaza,33982,FL,hbackesca@simplemachines.org
444,Jesse Harty,1541 Havey Trail,40618,KY,jhartycb@abc.net.au
445,Gerda O'Keeffe,165 Summit Plaza,76205,TX,gokeeffecc@is.gd
446,Obadiah Blest,84878 Carpenter Street,10184,NY,oblestcd@bing.com
447,Ronnica Wilks,7021 Kingsford Drive,12210,NY,rwilksce@comcast.net
448,Lavinia Bertin,4 Cardinal Way,53726,WI,lbertincf@usatoday.com
449,Dene Cawthron,82246 Ohio Circle,30301,GA,dcawthroncg@wix.com
450,Haleigh Melbourne,6 Bonner Avenue,33283,FL,hmelbournech@spiegel.de
451,Tremaine Ondrak,7 Cherokee Point,20508,DC,tondrakci@yellowpages.com
452,Ida Baddoe,6 Waywood Lane,91186,CA,ibaddoecj@adobe.com
453,Reade Peron,9 Parkside Park,94622,CA,rperonck@prnewswire.com
454,Lief Fillimore,692 Anhalt Center,92405,CA,lfillimorecl@businesswire.com
455,Arley Skiggs,7599 Rockefeller Pass,16510,PA,askiggscm@cbslocal.com
456,Lotta McMoyer,710 Golf View Street,15250,PA,lmcmoyercn@economist.com
457,Benn Hardaker,61 Arizona Parkway,95173,CA,bhardakerco@vimeo.com
458,Modestine Boar,66 Debs Place,50335,IA,mboarcp@addtoany.com
459,Kristos Birtles,9472 Packers Point,16550,PA,kbirtlescq@baidu.com
460,Leoline Chillingworth,10925 Carey Junction,66286,KS,lchillingworthcr@goo.ne.jp
461,Ossie Petzolt,8 Ryan Plaza,45470,OH,opetzoltcs@tiny.cc
462,Arlin Northover,493 Pennsylvania Place,15220,PA,anorthoverct@linkedin.com
463,Audy Santore,8 Dixon Plaza,41905,KY,asantorecu@shareasale.com
464,Sheila Eyre,6838 Service Junction,93106,CA,seyrecv@auda.org.au
465,Tina MacTrusty,6038 Sunfield Alley,94522,CA,tmactrustycw@ustream.tv
466,Shaine Boater,12950 Hudson Plaza,49544,MI,sboatercx@soup.io
467,Benny Mayho,9 Sommers Court,20557,DC,bmayhocy@toplist.cz
468,Tracie Giacomasso,3 Michigan Point,32919,FL,tgiacomassocz@eventbrite.com
469,Deena Devenish,1 Jenna Pass,30245,GA,ddevenishd0@cbsnews.com
470,Darwin Georgievski,1754 Sherman Drive,79989,TX,dgeorgievskid1@cyberchimps.com
471,Modesty Dauncey,34504 Loomis Center,75049,TX,mdaunceyd2@ft.com
472,Arden Plackstone,5724 Hollow Ridge Drive,10155,NY,aplackstoned3@arizona.edu
473,Sabina Garbutt,169 Bartelt Circle,14614,NY,sgarbuttd4@parallels.com
474,Jaymie Fenney,6 Burning Wood Hill,59105,MT,jfenneyd5@samsung.com
475,Eleonore Cudbird,751 Paget Road,17121,PA,ecudbirdd6@constantcontact.com
476,Latisha Grisdale,3 Monica Center,28205,NC,lgrisdaled7@posterous.com
477,Christophe Lowthian,09838 Sherman Plaza,76121,TX,clowthiand8@ocn.ne.jp
478,Nan Kloska,3950 Portage Pass,53215,WI,nkloskad9@imageshack.us
479,Nels Jobe,0 Anniversary Trail,44710,OH,njobeda@hibu.com
480,Licha Treswell,57 Lake View Drive,88541,TX,ltreswelldb@uol.com.br
481,Harbert Loncaster,0 Grim Hill,93773,CA,hloncasterdc@miibeian.gov.cn
482,Allison Horbart,34428 Di Loreto Crossing,33141,FL,ahorbartdd@unesco.org
483,Estevan Grimestone,02 Milwaukee Point,33605,FL,egrimestonede@shutterfly.com
484,Elora Vandrill,5 Hovde Street,48930,MI,evandrilldf@paginegialle.it
485,Butch O'Dea,37 Pepper Wood Circle,77255,TX,bodeadg@va.gov
486,Sidnee Umfrey,1 Banding Court,59771,MT,sumfreydh@infoseek.co.jp
487,Yuri Yerby,8 Shasta Road,20046,DC,yyerbydi@nasa.gov
488,Burty Shurey,6017 Porter Avenue,48076,MI,bshureydj@flickr.com
489,Dody Bonifant,5 Crescent Oaks Street,57188,SD,dbonifantdk@jalbum.net
490,Arte Gillmore,077 Miller Avenue,59771,MT,agillmoredl@aol.com
491,Lucio Pinnigar,497 Waubesa Street,77255,TX,lpinnigardm@wikispaces.com
492,Bonnee Stoneley,8 Redwing Place,02208,MA,bstoneleydn@ftc.gov
493,Shelden Besantie,1520 Corben Junction,33963,FL,sbesantiedo@globo.com
494,Mufinella Stoite,3 Hallows Street,10464,NY,mstoitedp@angelfire.com
495,Fan Quade,39 Riverside Junction,88514,TX,fquadedq@xing.com
496,Dru Rylatt,604 Scoville Alley,77228,TX,drylattdr@digg.com
497,Elisa Buesden,30 Springs Center,01114,MA,ebuesdends@seattletimes.com
498,Free Andriesse,6186 Sunfield Place,87201,NM,fandriessedt@google.de
499,Timothy Poynser,25695 Fuller Point,92191,CA,tpoynserdu@si.edu
500,Esteban Ridding,16376 Monterey Court,07188,NJ,eriddingdv@google.com
501,Janene Goodlake,426 Hanover Court,34114,FL,jgoodlakedw@redcross.org
502,Graeme Waterman,9 Monterey Terrace,98481,WA,gwatermandx@who.int
503,Tore Bascomb,9 Everett Circle,02472,MA,tbascombdy@statcounter.com
504,Jeramey Pidgeley,74 Fallview Court,28278,NC,jpidgeleydz@networkadvertising.org
505,Rock Strathearn,5 Golf View Road,10557,NY,rstrathearne0@ox.ac.uk
506,Vivianne Mannock,3691 Bayside Place,20414,DC,vmannocke1@utexas.edu
507,Adelaide Eakly,21 Fisk Alley,32526,FL,aeaklye2@newsvine.com
508,Grete Brownsill,42305 West Street,22903,VA,gbrownsille3@nature.com
509,Rudie Plampeyn,08 Center Lane,63143,MO,rplampeyne4@wikia.com
510,Edy Fearns,8 Mcguire Hill,72118,AR,efearnse5@simplemachines.org
511,Garey Mellem,5475 Forest Street,98447,WA,gmelleme6@ca.gov
512,Davidson Jinks,1529 Havey Lane,22313,VA,djinkse7@stanford.edu
513,Zandra Batrop,35 Jay Place,21747,MD,zbatrope8@sciencedaily.com
514,Rebekah Dawson,7864 Stoughton Lane,55811,MN,rdawsone9@sfgate.com
515,Colby Dailey,8842 Valley Edge Court,01605,MA,cdaileyea@wp.com
516,Candra Langton,61155 Linden Center,20883,MD,clangtoneb@facebook.com
517,Ruthi De Simoni,687 Badeau Point,63121,MO,rdeec@oakley.com
518,Bo Joost,0 Gulseth Park,73152,OK,bjoosted@latimes.com
519,Dorthy Kidds,85945 Oneill Way,52804,IA,dkiddsee@about.com
520,Dory Jerman,0 Little Fleur Place,17121,PA,djermanef@wunderground.com
521,Woodie Rawlinson,59709 Laurel Lane,18514,PA,wrawlinsoneg@sina.com.cn
522,Eran Caslane,34 Beilfuss Pass,61656,IL,ecaslaneeh@ning.com
523,Joyann Zeplin,7 Mcguire Drive,22111,VA,jzeplinei@hhs.gov
524,Ase Alp,11 Mariners Cove Way,61605,IL,aalpej@blogs.com
525,Gradeigh Stein,0 La Follette Circle,39305,MS,gsteinek@fema.gov
526,Sophey Ruperto,80503 Gale Lane,76147,TX,srupertoel@gizmodo.com
527,Kent Dives,337 Westport Alley,60609,IL,kdivesem@prnewswire.com
528,Alva Muslim,37 Hansons Terrace,99215,WA,amuslimen@chicagotribune.com
529,Adolpho Maria,7470 Sherman Parkway,55407,MN,amariaeo@hostgator.com
530,Alene Wildes,70 Clemons Pass,06152,CT,awildesep@vistaprint.com
531,Bette-ann Melody,1 Shelley Center,55123,MN,bmelodyeq@stumbleupon.com
532,Efrem Normanvill,3 Saint Paul Crossing,60158,IL,enormanviller@weather.com
533,Timi Lane,35811 Orin Road,14210,NY,tlanees@cloudflare.com
534,Lars Baverstock,6 Pearson Pass,88541,TX,lbaverstocket@1und1.de
535,Fabio Castelyn,9949 Bonner Drive,10150,NY,fcastelyneu@artisteer.com
536,Wilton MacKall,3857 Division Street,89105,NV,wmackallev@home.pl
537,Wyndham Instock,9006 Ridgeway Junction,98042,WA,winstockew@google.com.au
538,Morgan Burnel,39439 Aberg Way,60624,IL,mburnelex@webmd.com
539,Gav Duly,83 Judy Street,31205,GA,gdulyey@youtube.com
540,Rooney Croot,44 Blaine Street,88525,TX,rcrootez@google.ca
541,Kristen Esslemont,20062 Meadow Valley Junction,20546,DC,kesslemontf0@icio.us
542,Marcia Sainsbury-Brown,97 Jay Crossing,10004,NY,msainsburybrownf1@springer.com
543,Filippa Gammill,6 Mcguire Junction,90405,CA,fgammillf2@independent.co.uk
544,Ingaborg Hatherley,4 Coleman Avenue,37416,TN,ihatherleyf3@omniture.com
545,Yuma Copp,5 Warner Point,14269,NY,ycoppf4@rambler.ru
546,Worthington Pyper,025 Mayfield Crossing,87110,NM,wpyperf5@msu.edu
547,Timi Rosen,75 Dryden Parkway,90076,CA,trosenf6@tiny.cc
548,Alessandra Antos,0 Packers Street,29208,SC,aantosf7@weibo.com
549,Enrico Penquet,9 Summerview Crossing,55428,MN,epenquetf8@artisteer.com
550,Babs Acreman,9284 Bunker Hill Plaza,30092,GA,bacremanf9@auda.org.au
551,Huntington O'Luney,6087 Basil Court,93034,CA,holuneyfa@bloglines.com
552,Lidia Riddiford,82469 Crownhardt Trail,83711,ID,lriddifordfb@cpanel.net
553,Agnesse Waddilow,8 Caliangt Parkway,95833,CA,awaddilowfc@google.cn
554,Barbi Rubinowitz,4391 6th Junction,75342,TX,brubinowitzfd@cisco.com
555,Birgitta Comusso,58089 Russell Drive,44197,OH,bcomussofe@bizjournals.com
556,Sid Shailer,49 East Point,46699,IN,sshailerff@oaic.gov.au
557,Conrad Bendel,2521 Burning Wood Place,63180,MO,cbendelfg@hexun.com
558,Giusto Tretter,97 Starling Trail,32803,FL,gtretterfh@umn.edu
559,Washington Houlridge,99076 Warrior Trail,62723,IL,whoulridgefi@yolasite.com
560,Steffane Menco,561 Mosinee Place,46015,IN,smencofj@diigo.com
561,Oliviero Lippingwell,88385 Gina Circle,73157,OK,olippingwellfk@ebay.co.uk
562,Cazzie Pankhurst.,8725 Spohn Court,23520,VA,cpankhurstfl@ameblo.jp
563,Cacilia MacGahy,6 Hayes Street,85215,AZ,cmacgahyfm@hostgator.com
564,Wayland Milkeham,85944 Sherman Point,22070,VA,wmilkehamfn@odnoklassniki.ru
565,Caz Benduhn,538 Dennis Crossing,75226,TX,cbenduhnfo@quantcast.com
566,Elora Kluge,92158 Schlimgen Street,44305,OH,eklugefp@npr.org
567,Iolande Dunseath,998 American Parkway,19109,PA,idunseathfq@yellowbook.com
568,Cheston Pendrid,9 Kensington Center,33336,FL,cpendridfr@shutterfly.com
569,Cicely Ivanshintsev,5 Spaight Place,95123,CA,civanshintsevfs@wisc.edu
570,Vallie Bewlie,93586 Reindahl Center,55564,MN,vbewlieft@ft.com
571,Brenda Rousel,4 Michigan Place,85015,AZ,brouselfu@live.com
572,Carissa Caine,3325 Kings Street,89145,NV,ccainefv@printfriendly.com
573,Ardyth Stickel,11 6th Pass,92725,CA,astickelfw@fda.gov
574,Upton Lindermann,1033 Scofield Place,33233,FL,ulindermannfx@europa.eu
575,Drud Wastie,22 Kennedy Street,35895,AL,dwastiefy@mlb.com
576,Caressa Coster,35 Columbus Trail,13210,NY,ccosterfz@nydailynews.com
577,Hendrik Walton,33 Marquette Junction,94042,CA,hwaltong0@g.co
578,Alan Knappe,7538 Dahle Way,97216,OR,aknappeg1@usnews.com
579,Whitney Avramovic,8574 Nobel Lane,98481,WA,wavramovicg2@uol.com.br
580,Yvor Cawston,1 Dapin Terrace,22212,VA,ycawstong3@studiopress.com
581,Rubia Sheward,426 Vahlen Parkway,75310,TX,rshewardg4@dyndns.org
582,Gabriell Brittan,7834 Sutteridge Parkway,50362,IA,gbrittang5@yellowpages.com
583,Ellene Josovitz,5 Brentwood Lane,33169,FL,ejosovitzg6@wikia.com
584,Lorna Gothup,7793 Eastlawn Court,80925,CO,lgothupg7@princeton.edu
585,Mark Matthiae,68 Mosinee Junction,77070,TX,mmatthiaeg8@phoca.cz
586,Moishe Whardley,0115 Elmside Hill,66215,KS,mwhardleyg9@pagesperso-orange.fr
587,Gan Trinbey,2 Brown Trail,11447,NY,gtrinbeyga@livejournal.com
588,Dieter Saterweyte,6950 Lakewood Junction,87121,NM,dsaterweytegb@japanpost.jp
589,Lester Jarrell,08185 Huxley Place,20430,DC,ljarrellgc@vkontakte.ru
590,Kathleen Kindle,85677 Tomscot Road,50936,IA,kkindlegd@51.la
591,Tasha Roddell,5 Dovetail Place,84120,UT,troddellge@tuttocitta.it
592,Addia Syers,32859 Briar Crest Alley,15215,PA,asyersgf@furl.net
593,Pepe Cullinan,792 Onsgard Alley,23242,VA,pcullinangg@com.com
594,Marlo Dunphie,4704 Sundown Way,08650,NJ,mdunphiegh@ucoz.ru
595,Abbe Cromly,9369 School Park,92519,CA,acromlygi@pbs.org
596,Ollie Applebee,17196 Thierer Crossing,36125,AL,oapplebeegj@devhub.com
597,Wilek Barkes,5 Delaware Parkway,20299,DC,wbarkesgk@amazon.com
598,Symon Woodfield,72 Almo Terrace,85215,AZ,swoodfieldgl@sohu.com
599,Lauri Ruvel,1 Saint Paul Park,55446,MN,lruvelgm@woothemes.com
600,Brinna Easum,5149 Park Meadow Lane,27150,NC,beasumgn@dmoz.org
601,Gerald Sellman,40 Longview Road,70033,LA,gsellmango@comcast.net
602,Hans Berkowitz,5997 Cottonwood Crossing,27105,NC,hberkowitzgp@chicagotribune.com
603,Ruthann Valentinuzzi,67 Pankratz Drive,89012,NV,rvalentinuzzigq@cisco.com
604,Orelia Toland,18 Mayfield Drive,31205,GA,otolandgr@ebay.com
605,Garner Marston,0191 Namekagon Alley,53277,WI,gmarstongs@pcworld.com
606,Lesley Cordeau,72 Monterey Circle,27150,NC,lcordeaugt@flavors.me
607,Eadie Renshaw,314 Maywood Plaza,22309,VA,erenshawgu@dot.gov
608,Indira Dewey,51279 Jackson Court,14619,NY,ideweygv@rambler.ru
609,Boony Henric,0393 Londonderry Court,15220,PA,bhenricgw@home.pl
610,Valentijn Pagelsen,493 Browning Court,02405,MA,vpagelsengx@hugedomains.com
611,Kassi Mateescu,573 Thierer Trail,19115,PA,kmateescugy@indiegogo.com
612,Dev Woodrough,8 Mockingbird Center,91210,CA,dwoodroughgz@blogtalkradio.com
613,Becki Szantho,7 Kinsman Lane,64149,MO,bszanthoh0@ucoz.com
614,Merralee Kempton,311 Northport Drive,46699,IN,mkemptonh1@engadget.com
615,Nate Gueny,166 Fordem Street,36205,AL,nguenyh2@amazon.co.uk
616,Cal Beckles,5 Jenifer Place,33064,FL,cbecklesh3@hud.gov
617,Kurtis Buxsey,62759 Holy Cross Hill,11054,NY,kbuxseyh4@tamu.edu
618,Ram Sives,7467 Raven Crossing,97211,OR,rsivesh5@scientificamerican.com
619,Gerry Aleksandrov,546 Summerview Place,93381,CA,galeksandrovh6@businessweek.com
620,Gonzalo Threlkeld,2 7th Hill,77493,TX,gthrelkeldh7@altervista.org
621,Sheila-kathryn Lacknor,45701 Northland Plaza,70810,LA,slacknorh8@independent.co.uk
622,Umberto Trahearn,4246 Rusk Court,19886,DE,utrahearnh9@washingtonpost.com
623,Iver Croxton,6 Monument Crossing,88563,TX,icroxtonha@discovery.com
624,Levi Swatman,0 Ludington Court,33705,FL,lswatmanhb@stumbleupon.com
625,Marguerite Dorgon,164 Cardinal Trail,68517,NE,mdorgonhc@ask.com
626,Sabine Needs,230 Holy Cross Crossing,55412,MN,sneedshd@a8.net
627,Idaline Tomeo,75 Colorado Alley,20397,DC,itomeohe@cmu.edu
628,Martin Leatham,87 Graceland Road,80223,CO,mleathamhf@list-manage.com
629,Hale Spilsted,8 Nova Lane,90410,CA,hspilstedhg@woothemes.com
630,Almeria Galland,29359 Truax Trail,01813,MA,agallandhh@gnu.org
631,Gwen McSorley,1815 Esch Hill,50335,IA,gmcsorleyhi@example.com
632,Lizzie Dran,3 Garrison Center,70124,LA,ldranhj@people.com.cn
633,Lauren Gorman,14061 Di Loreto Center,76115,TX,lgormanhk@mozilla.org
634,Ester Perchard,4550 Dennis Pass,02298,MA,eperchardhl@psu.edu
635,Brig Reinisch,6 Clove Parkway,45454,OH,breinischhm@vkontakte.ru
636,Lilli Oherlihy,02 Maywood Center,83711,ID,loherlihyhn@geocities.jp
637,Larina Torr,531 Lindbergh Center,85219,AZ,ltorrho@w3.org
638,Haily Sergant,163 Kropf Junction,28215,NC,hserganthp@e-recht24.de
639,Sayre Kindell,34 Carey Circle,14604,NY,skindellhq@wp.com
640,Thekla Roke,82 Lien Road,38119,TN,trokehr@google.pl
641,Stanly Gillon,5469 Forster Junction,77223,TX,sgillonhs@qq.com
642,Kinnie Cough,68857 Mccormick Crossing,20319,DC,kcoughht@nature.com
643,Sarette Ellerton,571 Arrowood Parkway,85053,AZ,sellertonhu@uiuc.edu
644,Hillard Sikorski,034 Lighthouse Bay Road,79116,TX,hsikorskihv@symantec.com
645,Saunders Stockwell,021 Northport Hill,12237,NY,sstockwellhw@ebay.com
646,Glen Triebner,5430 Straubel Road,79934,TX,gtriebnerhx@example.com
647,Aridatha Angeau,14 Milwaukee Road,94807,CA,aangeauhy@live.com
648,Terrell Stillwell,484 Bluestem Park,77025,TX,tstillwellhz@huffingtonpost.com
649,Farrah Yetman,14 Haas Crossing,95894,CA,fyetmani0@gnu.org
650,Tome Swetland,82451 Hermina Crossing,19058,PA,tswetlandi1@quantcast.com
651,Sayers Kopps,45 Bonner Street,22184,VA,skoppsi2@4shared.com
652,Gun Tremble,25 Reindahl Place,85062,AZ,gtremblei3@ask.com
653,Hurley Crellim,69 Leroy Street,71307,LA,hcrellimi4@chron.com
654,Cherri Mincini,71 Center Crossing,91797,CA,cmincinii5@elegantthemes.com
655,Gelya Howson,35 Elmside Pass,49518,MI,ghowsoni6@youku.com
656,Roderich O'Bradane,37300 Surrey Drive,33018,FL,robradanei7@economist.com
657,Hercules Ferriman,0 Old Gate Road,90410,CA,hferrimani8@typepad.com
658,Editha Lampaert,66421 Pawling Trail,77554,TX,elampaerti9@sbwire.com
659,Bondy Lister,8165 Everett Place,48267,MI,blisteria@angelfire.com
660,Deonne Yanukhin,0925 Bashford Alley,06510,CT,dyanukhinib@webmd.com
661,Jerrome MacAndrew,388 Ramsey Court,01654,MA,jmacandrewic@csmonitor.com
662,Norrie Cazin,97 Logan Court,70187,LA,ncazinid@typepad.com
663,Lacey Thow,9054 Manley Circle,92825,CA,lthowie@gnu.org
664,Theodora Meaton,3454 Porter Lane,32399,FL,tmeatonif@furl.net
665,Cynthie Shermore,40904 Carey Pass,11499,NY,cshermoreig@dyndns.org
666,Lamond Demead,688 Union Terrace,85297,AZ,ldemeadih@ocn.ne.jp
667,Angelica Olech,181 Saint Paul Avenue,75074,TX,aolechii@dmoz.org
668,Germana Petranek,7 South Hill,30022,GA,gpetranekij@mit.edu
669,Lefty Samson,6 Emmet Alley,95833,CA,lsamsonik@wordpress.org
670,Geri Godman,77 Myrtle Avenue,55412,MN,ggodmanil@archive.org
671,Chaim Charlick,25152 International Pass,78278,TX,ccharlickim@globo.com
672,Karin Dumingo,84913 Mifflin Terrace,33906,FL,kdumingoin@behance.net
673,Anneliese Feldharker,7 Arapahoe Way,02283,MA,afeldharkerio@nhs.uk
674,Jed Jocic,603 Browning Street,75605,TX,jjocicip@nyu.edu
675,Elvyn Fish,9 Waxwing Lane,33175,FL,efishiq@unesco.org
676,Esta Towey,8 Sutherland Center,44555,OH,etoweyir@oaic.gov.au
677,Calley Wolfit,97938 Golf Park,85072,AZ,cwolfitis@cnbc.com
678,Alfonse Jillions,3 Iowa Hill,27690,NC,ajillionsit@flickr.com
679,Orelle Ivkovic,69 Oakridge Drive,34479,FL,oivkoviciu@miitbeian.gov.cn
680,Glen Boissier,81 Derek Center,92640,CA,gboissieriv@unesco.org
681,Sherrie Duffield,66686 Service Court,84125,UT,sduffieldiw@china.com.cn
682,Mellisa Wank,6143 Burrows Crossing,60351,IL,mwankix@ezinearticles.com
683,Galven Levi,00 Lien Pass,27409,NC,gleviiy@mit.edu
684,Ingeborg Chown,1 Laurel Hill,98175,WA,ichowniz@elegantthemes.com
685,Zebulen Sails,012 Corry Street,10280,NY,zsailsj0@squarespace.com
686,Perla O'Donnell,312 West Circle,34114,FL,podonnellj1@wp.com
687,Hermon Loidl,21487 Hagan Way,35220,AL,hloidlj2@sfgate.com
688,Eward Clubley,3 Pawling Terrace,66205,KS,eclubleyj3@uiuc.edu
689,Queenie Quarmby,33883 Cody Trail,37665,TN,qquarmbyj4@youtube.com
690,Christin O'Currane,069 Sunnyside Trail,73179,OK,cocurranej5@fda.gov
691,Brianne Brownbridge,65 Almo Junction,33315,FL,bbrownbridgej6@youtube.com
692,Salim Isakowicz,4888 Troy Crossing,33610,FL,sisakowiczj7@tuttocitta.it
693,Nev Sherbrooke,3641 La Follette Way,37914,TN,nsherbrookej8@miitbeian.gov.cn
694,Keslie Lisle,14 Delladonna Point,84152,UT,klislej9@umn.edu
695,Celesta Grishunin,39846 1st Pass,21239,MD,cgrishuninja@github.com
696,Isabelita Hugnot,68 Marquette Parkway,06825,CT,ihugnotjb@friendfeed.com
697,Ashia Thurby,9 Doe Crossing Road,78732,TX,athurbyjc@webnode.com
698,Wandis Catterell,84970 Chinook Avenue,74170,OK,wcatterelljd@wp.com
699,Flin Gianetti,55 Ohio Place,30195,GA,fgianettije@macromedia.com
700,Paxon Reimer,79746 Eagle Crest Park,90050,CA,preimerjf@hc360.com
701,Leisha Coorington,72 Bluestem Avenue,02905,RI,lcooringtonjg@google.de
702,Pauline Jago,7033 Brown Alley,19605,PA,pjagojh@cdbaby.com
703,Agneta Rapo,1171 Delladonna Drive,60158,IL,arapoji@yelp.com
704,Fionnula Holgan,24 Jenna Park,20299,DC,fholganjj@newyorker.com
705,August Cammish,78 Dwight Lane,32859,FL,acammishjk@ft.com
706,Deck Cockarill,6 Briar Crest Lane,10039,NY,dcockarilljl@amazon.de
707,Hebert Ravenhill,0 Cody Lane,20420,DC,hravenhilljm@skyrock.com
708,Gay Basindale,3043 Milwaukee Terrace,27710,NC,gbasindalejn@cocolog-nifty.com
709,Glenna Limbrick,916 Division Parkway,40510,KY,glimbrickjo@usda.gov
710,Pandora Standen,3 Forest Dale Drive,06673,CT,pstandenjp@cam.ac.uk
711,Bridgette Taborre,15 Bunker Hill Crossing,93709,CA,btaborrejq@yellowpages.com
712,Brunhilde Burdass,8096 Springview Road,11247,NY,bburdassjr@feedburner.com
713,Alyda MacGilmartin,63 Milwaukee Park,73034,OK,amacgilmartinjs@sfgate.com
714,Jarred Gason,69641 Fremont Junction,80150,CO,jgasonjt@archive.org
715,Lorelle Vazquez,1382 Dakota Crossing,94605,CA,lvazquezju@phoca.cz
716,Wells Baudet,460 Cottonwood Trail,20073,DC,wbaudetjv@blinklist.com
717,Vickie Pepys,13880 Boyd Court,20420,DC,vpepysjw@weibo.com
718,Brina Meffan,45293 Harbort Drive,20456,DC,bmeffanjx@issuu.com
719,Jonathon Tombling,52 Roth Road,70033,LA,jtomblingjy@addthis.com
720,Sandy Currin,91 Warrior Court,77020,TX,scurrinjz@wufoo.com
721,Jervis Caldeyroux,70553 Heffernan Park,22244,VA,jcaldeyrouxk0@statcounter.com
722,Isa Scorton,80405 Old Gate Trail,79968,TX,iscortonk1@auda.org.au
723,Phylis Munton,03 Bowman Pass,90076,CA,pmuntonk2@sbwire.com
724,Gregoire Rickets,284 Nova Lane,95865,CA,gricketsk3@amazonaws.com
725,Janie Dibbert,506 Weeping Birch Street,53785,WI,jdibbertk4@cbslocal.com
726,Roth Polfer,167 Forest Crossing,90030,CA,rpolferk5@pcworld.com
727,Florida Plevin,3498 Cordelia Hill,32941,FL,fplevink6@nsw.gov.au
728,Ethelin Laffoley-Lane,07822 Arapahoe Lane,70894,LA,elaffoleylanek7@desdev.cn
729,Dottie Vasiliev,0483 Stone Corner Center,32230,FL,dvasilievk8@123-reg.co.uk
730,Lyell Prantoni,30910 Bayside Plaza,28410,NC,lprantonik9@reference.com
731,Gardener Testin,7464 Homewood Terrace,06120,CT,gtestinka@symantec.com
732,Cindie Moline,87 Crescent Oaks Junction,78291,TX,cmolinekb@ameblo.jp
733,Kirsti Pigrome,59 Bay Center,16550,PA,kpigromekc@google.nl
734,Whitby Spurway,79483 Moulton Junction,48107,MI,wspurwaykd@miitbeian.gov.cn
735,Leslie Maudsley,4886 Thompson Junction,98104,WA,lmaudsleyke@51.la
736,Charles Avramow,0236 Aberg Avenue,57193,SD,cavramowkf@umich.edu
737,Clarice Rivalant,88 Michigan Avenue,93407,CA,crivalantkg@hubpages.com
738,Rosamond Dradey,3 Carey Park,32859,FL,rdradeykh@studiopress.com
739,Tarrance Gostall,25 Waubesa Way,55487,MN,tgostallki@cmu.edu
740,Muhammad Klosser,0565 Vernon Pass,84403,UT,mklosserkj@topsy.com
741,Tandy Farmloe,638 Sundown Alley,78210,TX,tfarmloekk@unblog.fr
742,Ella Labro,839 Prairieview Crossing,23225,VA,elabrokl@tmall.com
743,Edyth Cossans,4196 Oriole Crossing,50706,IA,ecossanskm@blogs.com
744,Bonnie Farraway,089 Melby Crossing,40546,KY,bfarrawaykn@goo.ne.jp
745,Mag Walsh,0733 Blackbird Avenue,20005,DC,mwalshko@instagram.com
746,Martyn Dalyiel,00683 Mallard Parkway,53779,WI,mdalyielkp@marketwatch.com
747,Cahra Melarkey,42930 Forest Parkway,72204,AR,cmelarkeykq@issuu.com
748,Janek Bridgen,28181 Blue Bill Park Place,78732,TX,jbridgenkr@infoseek.co.jp
749,Theodosia Ector,9727 Rutledge Road,91205,CA,tectorks@freewebs.com
750,Ailene Aldus,31 Brown Alley,20580,DC,aalduskt@posterous.com
751,Cully Swatridge,2925 8th Center,33686,FL,cswatridgeku@usnews.com
752,Milka Newcom,35083 8th Place,94660,CA,mnewcomkv@indiegogo.com
753,Wildon Grebbin,9193 Talisman Plaza,48550,MI,wgrebbinkw@pen.io
754,Reggie Dorgan,593 Melvin Trail,55446,MN,rdorgankx@pbs.org
755,Glori Bruntjen,7 Spaight Drive,46216,IN,gbruntjenky@tuttocitta.it
756,Augustine Vedstra,04504 Ridgeview Parkway,68524,NE,avedstrakz@oaic.gov.au
757,Olvan De la Barre,712 Haas Circle,38104,TN,odel0@sohu.com
758,Niko Cloutt,36 Hintze Place,74193,OK,nclouttl1@jalbum.net
759,Laina Eyam,99 Oneill Junction,30911,GA,leyaml2@webs.com
760,Smitty Wherrit,5755 Merrick Lane,92170,CA,swherritl3@aboutads.info
761,Nelli Vowells,6 Westridge Point,68510,NE,nvowellsl4@studiopress.com
762,Haskel Jerromes,8944 Buena Vista Circle,63110,MO,hjerromesl5@hao123.com
763,Aube McFaell,312 Myrtle Avenue,64190,MO,amcfaelll6@hubpages.com
764,Deanna Estcourt,17119 Elgar Circle,36177,AL,destcourtl7@amazon.co.jp
765,Aila Paoli,116 Westport Parkway,22093,VA,apaolil8@ovh.net
766,Mariette Bjerkan,777 Eliot Pass,36195,AL,mbjerkanl9@fema.gov
767,Abagail Hanfrey,1 Bobwhite Place,90081,CA,ahanfreyla@pen.io
768,Karie Blomfield,71118 South Park,14652,NY,kblomfieldlb@slate.com
769,Anetta Yankishin,53693 Menomonie Park,13205,NY,ayankishinlc@gov.uk
770,Cherin Medcalf,30 Lake View Center,91205,CA,cmedcalfld@devhub.com
771,Granthem Smeed,092 Graedel Terrace,76004,TX,gsmeedle@marketwatch.com
772,Goran Nuemann,7 Prairieview Lane,53225,WI,gnuemannlf@state.tx.us
773,Turner Hitzke,67999 Randy Trail,15286,PA,thitzkelg@desdev.cn
774,Lucie Kilduff,0 Claremont Street,01129,MA,lkildufflh@smh.com.au
775,Ashien Ballingal,47452 Judy Street,23225,VA,aballingalli@ustream.tv
776,Robbin Major,7691 Stone Corner Place,43635,OH,rmajorlj@wikia.com
777,Cicily Clemenson,51 Johnson Street,55487,MN,cclemensonlk@desdev.cn
778,Anabal Skones,58 Vernon Center,32204,FL,askonesll@facebook.com
779,Angelle Fairy,29084 Morningstar Lane,74156,OK,afairylm@archive.org
780,Ninnetta Matzen,2590 Village Plaza,98008,WA,nmatzenln@telegraph.co.uk
781,Rina Quirk,33834 Oriole Terrace,90010,CA,rquirklo@slate.com
782,Zia Low,42340 Emmet Plaza,77035,TX,zlowlp@mozilla.org
783,Shir Spivie,532 Buena Vista Drive,32964,FL,sspivielq@google.ru
784,Javier Bilham,94 Eagle Crest Drive,33737,FL,jbilhamlr@ft.com
785,Leighton Sweed,19591 Westerfield Street,61651,IL,lsweedls@google.nl
786,Luisa Allbut,71058 Nelson Place,48919,MI,lallbutlt@unicef.org
787,Margarete Wassung,08858 Northview Junction,28314,NC,mwassunglu@theatlantic.com
788,Allie Robertis,45972 Lotheville Circle,21239,MD,arobertislv@squarespace.com
789,Edythe Deelay,33720 Lighthouse Bay Crossing,20189,VA,edeelaylw@goo.ne.jp
790,Zorine Popple,1374 Lerdahl Plaza,75397,TX,zpopplelx@artisteer.com
791,Irena Strewthers,6 Sunfield Park,70033,LA,istrewthersly@4shared.com
792,Netty Morcombe,9 Scott Lane,98166,WA,nmorcombelz@gravatar.com
793,Alexandro Nussey,197 Warbler Place,35263,AL,anusseym0@google.it
794,Arie Keady,7930 Ramsey Center,49048,MI,akeadym1@squidoo.com
795,Misty Brickner,86 Magdeline Lane,87190,NM,mbricknerm2@zdnet.com
796,Mandie Tomenson,9171 Novick Hill,91406,CA,mtomensonm3@bravesites.com
797,Cassandra Bonnier,55 Golf Drive,20442,DC,cbonnierm4@paypal.com
798,Inglebert Massot,8 Ohio Road,44505,OH,imassotm5@mediafire.com
799,Dari Huie,4394 Farragut Terrace,49518,MI,dhuiem6@acquirethisname.com
800,Kinnie Louis,135 Trailsway Point,60505,IL,klouism7@nps.gov
801,Clem Ivamy,078 Hanson Place,37228,TN,civamym8@admin.ch
802,Ibbie Primarolo,73484 Burrows Avenue,84110,UT,iprimarolom9@archive.org
803,Twila Osant,8 Di Loreto Parkway,70124,LA,tosantma@altervista.org
804,Justinn Eilert,48 Transport Terrace,88574,TX,jeilertmb@bbb.org
805,Genni Byer,7694 Nevada Trail,76162,TX,gbyermc@myspace.com
806,Rici Telford,82 Saint Paul Crossing,79188,TX,rtelfordmd@patch.com
807,Devonna Rowbury,9373 La Follette Trail,29208,SC,drowburyme@odnoklassniki.ru
808,Joscelin Corton,765 Golf Place,07195,NJ,jcortonmf@hhs.gov
809,Ashli Dibdin,07 Eagan Lane,77055,TX,adibdinmg@issuu.com
810,Guinna Lionel,61663 Harper Junction,43215,OH,glionelmh@answers.com
811,Selma McDonell,54 Main Way,80305,CO,smcdonellmi@google.ca
812,Merla Goldsmith,488 Fremont Parkway,34102,FL,mgoldsmithmj@weather.com
813,Fionna Skyrm,13065 Oxford Terrace,75216,TX,fskyrmmk@woothemes.com
814,Dalila Alcide,27606 Mifflin Avenue,33467,FL,dalcideml@sfgate.com
815,Jeri Banks,540 Schiller Point,34985,FL,jbanksmm@last.fm
816,Rockwell Iacobo,07398 West Junction,94164,CA,riacobomn@cyberchimps.com
817,Gaston Hamman,34583 Merry Circle,20420,DC,ghammanmo@cmu.edu
818,Katherina Geibel,0 Luster Court,78265,TX,kgeibelmp@ft.com
819,Obed Longfoot,08 Dorton Junction,76129,TX,olongfootmq@cmu.edu
820,Stavros Feldon,366 North Crossing,77085,TX,sfeldonmr@goodreads.com
821,Anna-diane Cudworth,23959 Rutledge Trail,46202,IN,acudworthms@typepad.com
822,Heida Birtwell,916 Northridge Street,06533,CT,hbirtwellmt@cmu.edu
823,Lowrance Snodin,53 Lakeland Lane,10203,NY,lsnodinmu@sina.com.cn
824,Marysa Phinnis,4 Linden Court,33111,FL,mphinnismv@com.com
825,Sanders Ilsley,97880 Kim Plaza,13505,NY,silsleymw@wikipedia.org
826,Michel Vanyukhin,59 Hanover Drive,46814,IN,mvanyukhinmx@booking.com
827,Heriberto Kmiec,25727 Elka Alley,23436,VA,hkmiecmy@wisc.edu
828,Linnea Edsell,2059 Ilene Avenue,96810,HI,ledsellmz@comsenz.com
829,Stevana Dorward,381 Northport Pass,27157,NC,sdorwardn0@sun.com
830,Nanine Loache,3 Ohio Court,35487,AL,nloachen1@bbc.co.uk
831,Reinhold Stampfer,10426 Magdeline Terrace,78410,TX,rstampfern2@liveinternet.ru
832,Juliette Hoyer,1 Crescent Oaks Pass,35205,AL,jhoyern3@newsvine.com
833,Zonnya Radoux,110 Caliangt Alley,36104,AL,zradouxn4@topsy.com
834,Leeland Smallwood,67625 Cascade Pass,06183,CT,lsmallwoodn5@etsy.com
835,Shell Yakobowitch,9 Loeprich Point,95838,CA,syakobowitchn6@oakley.com
836,Arvie Kedge,91 Prentice Point,66667,KS,akedgen7@dyndns.org
837,Rosemary Hulle,1744 Fuller Way,20319,DC,rhullen8@ibm.com
838,Annemarie Wellings,6 Roxbury Hill,43268,OH,awellingsn9@goodreads.com
839,Tova Footitt,177 Pankratz Park,79188,TX,tfootittna@github.io
840,Kamilah Cartmel,032 Florence Road,85297,AZ,kcartmelnb@i2i.jp
841,Dorene Shelp,11237 Portage Hill,44105,OH,dshelpnc@pbs.org
842,Jerri Piesing,0119 Prentice Plaza,35220,AL,jpiesingnd@earthlink.net
843,Didi Scothern,2321 Vahlen Parkway,79928,TX,dscothernne@squidoo.com
844,Editha Caveill,2666 Washington Street,10004,NY,ecaveillnf@home.pl
845,Estella Capstake,9573 Shasta Place,95173,CA,ecapstakeng@cbsnews.com
846,Glen Challis,37328 Victoria Circle,33742,FL,gchallisnh@google.nl
847,Frederick Demke,42 Utah Junction,70183,LA,fdemkeni@storify.com
848,Karlotte Pincked,745 Golf Course Avenue,92705,CA,kpinckednj@acquirethisname.com
849,Hewet Cusworth,9 Rigney Avenue,60624,IL,hcusworthnk@opera.com
850,Joseph Allebone,0 Sachtjen Parkway,95150,CA,jallebonenl@studiopress.com
851,Nealson Paullin,659 Arkansas Park,31422,GA,npaullinnm@dailymail.co.uk
852,Charisse Dunwoody,7968 Crownhardt Drive,98127,WA,cdunwoodynn@chronoengine.com
853,Belicia Oxbie,95303 Sullivan Street,88541,TX,boxbieno@samsung.com
854,Karlik Rounsivall,7 Southridge Park,75226,TX,krounsivallnp@comsenz.com
855,Daron Pettegree,48 Morning Parkway,23668,VA,dpettegreenq@epa.gov
856,Melisse Dunklee,17003 Tennyson Park,44720,OH,mdunkleenr@state.gov
857,Mathilde Hawkshaw,3 Moland Trail,06816,CT,mhawkshawns@youtube.com
858,Matthieu Rodnight,36 Welch Court,89550,NV,mrodnightnt@deliciousdays.com
859,Kai Rajchert,0 Meadow Ridge Trail,28210,NC,krajchertnu@amazon.co.uk
860,Roscoe Marre,7731 Monument Pass,14646,NY,rmarrenv@google.com
861,Lorri O'Looney,17 Mesta Place,12305,NY,lolooneynw@vistaprint.com
862,Belva Rames,5791 Dapin Plaza,77075,TX,bramesnx@blinklist.com
863,Elenore Hulance,9059 Old Gate Point,56944,DC,ehulanceny@soundcloud.com
864,Carol-jean Comelli,5323 Milwaukee Street,10305,NY,ccomellinz@topsy.com
865,Hillary Paunton,48287 Monument Junction,95818,CA,hpauntono0@gmpg.org
866,Demetrius Pawlik,61662 Ryan Park,10165,NY,dpawliko1@jiathis.com
867,Tiena Chesworth,16910 Mcguire Avenue,50706,IA,tcheswortho2@gravatar.com
868,Fitzgerald Jankowski,88 Manley Hill,77255,TX,fjankowskio3@deviantart.com
869,Constancy Acedo,42550 Mosinee Avenue,92619,CA,cacedoo4@howstuffworks.com
870,Reiko Garatty,99466 Memorial Avenue,48076,MI,rgarattyo5@mashable.com
871,Fran Barkley,739 Briar Crest Lane,40515,KY,fbarkleyo6@pcworld.com
872,Abigale Roget,6 Ridgeview Road,78405,TX,arogeto7@google.pl
873,Kimmy Franzetti,2636 Independence Junction,85005,AZ,kfranzettio8@netlog.com
874,Salome Tipler,31251 Messerschmidt Circle,11447,NY,stiplero9@plala.or.jp
875,Karilynn Tuppeny,70983 Pearson Center,76210,TX,ktuppenyoa@example.com
876,Riane Garment,21934 Rieder Court,33605,FL,rgarmentob@oracle.com
877,Janeta Bratley,6419 Algoma Court,55172,MN,jbratleyoc@comcast.net
878,Bruis Branscombe,9811 Dexter Terrace,33421,FL,bbranscombeod@ocn.ne.jp
879,Diannne Skettles,3353 Hayes Circle,46278,IN,dskettlesoe@wix.com
880,Prentiss Middler,0 Mallory Avenue,55470,MN,pmiddlerof@altervista.org
881,Leda Pitceathly,58534 1st Pass,57110,SD,lpitceathlyog@cornell.edu
882,Harman Falck,5922 Tomscot Lane,08603,NJ,hfalckoh@blinklist.com
883,Saraann Steuart,4 Talmadge Drive,68197,NE,ssteuartoi@paginegialle.it
884,Auberon Dimitru,5909 Corry Circle,78426,TX,adimitruoj@google.com
885,Ellette Yexley,03 Bunker Hill Point,79984,TX,eyexleyok@bravesites.com
886,Estell Gresch,7100 Superior Street,55480,MN,egreschol@harvard.edu
887,Kellen Bunney,0088 Cherokee Street,94605,CA,kbunneyom@desdev.cn
888,Onofredo Hilbourne,51512 Hintze Place,80945,CO,ohilbourneon@europa.eu
889,Clement Sends,2 Killdeer Terrace,53225,WI,csendsoo@networkadvertising.org
890,Lodovico Bartolomeo,75 Golden Leaf Park,22184,VA,lbartolomeoop@myspace.com
891,Morgen Hattiff,1667 Everett Lane,23509,VA,mhattiffoq@ovh.net
892,Isa Busher,7844 Basil Point,53790,WI,ibusheror@ted.com
893,Anne-corinne Cattow,765 Kennedy Plaza,85748,AZ,acattowos@flickr.com
894,Pepillo Caudell,89853 Vahlen Pass,22184,VA,pcaudellot@japanpost.jp
895,Derby Commusso,53 Menomonie Terrace,53705,WI,dcommussoou@naver.com
896,Shelton De Bruyne,1570 Tony Crossing,10606,NY,sdeov@technorati.com
897,Celene Doree,73 Harbort Center,50330,IA,cdoreeow@wiley.com
898,Vonnie Courtonne,2410 Glacier Hill Park,27455,NC,vcourtonneox@mapy.cz
899,Giulio Hadgraft,7 Ludington Point,02142,MA,ghadgraftoy@google.com.au
900,Price Rapaport,0 Buhler Junction,34114,FL,prapaportoz@cpanel.net
901,Valentine Jambrozek,3 Lunder Lane,33261,FL,vjambrozekp0@last.fm
902,Jewell Janson,6 Del Sol Hill,80223,CO,jjansonp1@theguardian.com
903,Emelyne Seys,9103 Cascade Road,30905,GA,eseysp2@smh.com.au
904,Ewell Chrismas,4183 Florence Junction,22111,VA,echrismasp3@latimes.com
905,Iain Glentworth,8954 Magdeline Plaza,50330,IA,iglentworthp4@infoseek.co.jp
906,Hyacinth Bodega,93216 Fairfield Parkway,21239,MD,hbodegap5@pcworld.com
907,Sibylle Huet,86106 7th Place,44111,OH,shuetp6@globo.com
908,Gabriele Coleby,1 Loomis Hill,22070,VA,gcolebyp7@go.com
909,Nealson McCulley,86755 Arizona Street,98195,WA,nmcculleyp8@lulu.com
910,Fernande Sarfat,04 Magdeline Circle,20022,DC,fsarfatp9@gravatar.com
911,Lindon MacAindreis,55 Vermont Terrace,55905,MN,lmacaindreispa@php.net
912,Lonna Drable,78710 Buena Vista Way,63180,MO,ldrablepb@smugmug.com
913,Wendell Cheale,5627 Anderson Crossing,46620,IN,wchealepc@twitter.com
914,Therese McEwen,3 Lawn Place,78240,TX,tmcewenpd@qq.com
915,Arnaldo Corston,6171 Linden Court,87180,NM,acorstonpe@naver.com
916,Grantham Cheatle,371 Kensington Place,23436,VA,gcheatlepf@google.com.br
917,Galen Farny,46368 Buell Center,46295,IN,gfarnypg@ted.com
918,Rebecca Morfett,94225 Declaration Plaza,85062,AZ,rmorfettph@skyrock.com
919,Lida Geelan,77 Iowa Crossing,44505,OH,lgeelanpi@skype.com
920,Gillian St. Hill,1 Shelley Terrace,90605,CA,gstpj@so-net.ne.jp
921,Zora Entwisle,60 Schlimgen Alley,99215,WA,zentwislepk@bloomberg.com
922,Concordia Haselwood,40 Bartillon Terrace,62764,IL,chaselwoodpl@businessinsider.com
923,Philip Rawlin,6617 Loftsgordon Center,19093,PA,prawlinpm@phoca.cz
924,Melli Skiggs,23 Glacier Hill Way,85215,AZ,mskiggspn@moonfruit.com
925,Blondell Winear,2349 Barnett Hill,33261,FL,bwinearpo@flickr.com
926,Wes Ruddin,324 Brickson Park Circle,35254,AL,wruddinpp@sciencedaily.com
927,Deck Sheriff,96 Carioca Junction,21705,MD,dsheriffpq@independent.co.uk
928,Garnette Vautier,94357 Fallview Alley,22217,VA,gvautierpr@shinystat.com
929,Deeann Tring,94224 Bunker Hill Junction,15250,PA,dtringps@purevolume.com
930,Cassandre Juster,850 High Crossing Point,93773,CA,cjusterpt@jugem.jp
931,Birch Lidgett,44 Hallows Plaza,70005,LA,blidgettpu@technorati.com
932,Lotte Rohlfing,79 Hollow Ridge Lane,06520,CT,lrohlfingpv@redcross.org
933,Cariotta Stubbert,8819 Lien Crossing,97216,OR,cstubbertpw@tuttocitta.it
934,Jacki Gawthrope,30662 Arkansas Avenue,74141,OK,jgawthropepx@photobucket.com
935,Gay Denington,9742 Darwin Terrace,98682,WA,gdeningtonpy@hud.gov
936,Anatola Scrivener,19696 Schurz Drive,17405,PA,ascrivenerpz@issuu.com
937,Natale Verrico,9041 Melrose Lane,75251,TX,nverricoq0@ovh.net
938,Branden Edison,679 Holmberg Circle,60208,IL,bedisonq1@ucla.edu
939,Abbey Sylvester,96 Loeprich Plaza,79415,TX,asylvesterq2@hud.gov
940,Elyse Pougher,23560 Lakewood Gardens Road,88558,TX,epougherq3@census.gov
941,Golda Canero,12 Clarendon Way,40576,KY,gcaneroq4@blogs.com
942,Tamqrah Pitsall,33 Toban Plaza,29403,SC,tpitsallq5@com.com
943,Carny Scholey,3727 1st Center,29203,SC,cscholeyq6@qq.com
944,Adara Ballaam,6 Vera Parkway,79415,TX,aballaamq7@odnoklassniki.ru
945,Debora Addie,28 Hallows Pass,29203,SC,daddieq8@addthis.com
946,Walsh Heskin,95747 Harper Place,90076,CA,wheskinq9@jugem.jp
947,Reilly Gonthier,68 Warbler Drive,93386,CA,rgonthierqa@nba.com
948,Emmery Danielkiewicz,93120 Walton Lane,37228,TN,edanielkiewiczqb@weebly.com
949,Dalila Cantua,1 Crowley Trail,98464,WA,dcantuaqc@cisco.com
950,Amble Walch,1353 Chinook Alley,95823,CA,awalchqd@dedecms.com
951,Christabel Burnett,3 Continental Pass,95138,CA,cburnettqe@wikipedia.org
952,Lotty Howgill,444 Dwight Parkway,60669,IL,lhowgillqf@soundcloud.com
953,Truda Wetwood,36375 Maple Wood Trail,24014,VA,twetwoodqg@pagesperso-orange.fr
954,Bradford Boyland,19312 Hoffman Lane,80127,CO,bboylandqh@cocolog-nifty.com
955,Hulda Peto,08159 Harbort Way,95219,CA,hpetoqi@uol.com.br
956,Porty Baude,464 Rieder Trail,33261,FL,pbaudeqj@booking.com
957,Penny Tasker,9 Mallory Drive,45296,OH,ptaskerqk@hubpages.com
958,Rand Whistance,08814 Sloan Lane,90605,CA,rwhistanceql@google.ca
959,Verge Scripps,0 Amoth Lane,44720,OH,vscrippsqm@stumbleupon.com
960,Giusto Clubley,33 Hermina Crossing,02458,MA,gclubleyqn@microsoft.com
961,Bliss Harvard,6246 Mockingbird Trail,96805,HI,bharvardqo@mozilla.com
962,Lorine Pitman,9932 Sheridan Junction,97232,OR,lpitmanqp@bigcartel.com
963,Sinclair Seid,05099 Express Point,95160,CA,sseidqq@bizjournals.com
964,Enrichetta Geydon,492 Elmside Trail,97255,OR,egeydonqr@virginia.edu
965,Hugh Metschke,57 Thierer Road,30905,GA,hmetschkeqs@4shared.com
966,Violante Pren,6902 Village Circle,19196,PA,vprenqt@parallels.com
967,Bethany Sutherel,70377 West Hill,20420,DC,bsutherelqu@discuz.net
968,Corty Moryson,3 Old Gate Park,12247,NY,cmorysonqv@ca.gov
969,Lavinie Mountford,4053 Darwin Point,48076,MI,lmountfordqw@mapquest.com
970,Michaelina Dimitru,6450 Daystar Pass,93305,CA,mdimitruqx@uol.com.br
971,Brigit Dudleston,5784 Erie Way,90055,CA,bdudlestonqy@wikipedia.org
972,Bondy Altimas,0472 Randy Point,10039,NY,baltimasqz@flickr.com
973,Kellie Neely,83819 Northwestern Plaza,34102,FL,kneelyr0@quantcast.com
974,Thalia Bernardos,2 Main Hill,78255,TX,tbernardosr1@wikimedia.org
975,Web Tolley,5 Shelley Way,76110,TX,wtolleyr2@sbwire.com
976,Lotti Dubery,1778 Monica Pass,77085,TX,lduberyr3@devhub.com
977,Laurene Drexel,58892 Caliangt Park,53716,WI,ldrexelr4@home.pl
978,Osgood Wettern,242 Westerfield Lane,77288,TX,owetternr5@phoca.cz
979,Pip Scatchard,567 Delladonna Pass,29225,SC,pscatchardr6@hibu.com
980,Tremayne Hurran,5679 Stoughton Park,07522,NJ,thurranr7@printfriendly.com
981,Jamison Kelberer,2283 Upham Crossing,87180,NM,jkelbererr8@sohu.com
982,Steward Mounch,9 Pond Road,92717,CA,smounchr9@goo.gl
983,Micki Vannozzii,89 Calypso Trail,55590,MN,mvannozziira@ning.com
984,Emmalynne Drawmer,56234 Pawling Street,72916,AR,edrawmerrb@epa.gov
985,Jase Lightbourne,1 Buena Vista Way,11220,NY,jlightbournerc@mail.ru
986,Reece Parman,329 6th Drive,94110,CA,rparmanrd@goodreads.com
987,Eloise Gyer,5293 Milwaukee Circle,68117,NE,egyerre@ucla.edu
988,Lexy Carville,26 Clyde Gallagher Trail,70005,LA,lcarvillerf@marriott.com
989,Borden Pashan,7 Merrick Street,89140,NV,bpashanrg@google.co.jp
990,Christoforo Windebank,238 Kinsman Avenue,89155,NV,cwindebankrh@1688.com
991,Antoni Flanigan,64156 Glendale Pass,33811,FL,aflaniganri@msn.com
992,Jori Crees,01193 5th Avenue,06152,CT,jcreesrj@nifty.com
993,Erda Goodale,042 Weeping Birch Parkway,11054,NY,egoodalerk@shutterfly.com
994,Babita MacAlaster,40070 Erie Crossing,34642,FL,bmacalasterrl@bbc.co.uk
995,Hogan Blenkensop,8 Oak Terrace,48076,MI,hblenkensoprm@naver.com
996,Alexandrina Cords,971 Alpine Court,71914,AR,acordsrn@archive.org
997,Keen Olivier,005 Farragut Center,89130,NV,kolivierro@paypal.com
998,Donni Semechik,48962 Mendota Crossing,79984,TX,dsemechikrp@craigslist.org
999,Grata Heningham,69 Shasta Street,23213,VA,gheninghamrq@usda.gov
1000,Fancie Licciardello,91 Lindbergh Circle,74184,OK,flicciardellorr@xrea.com
