id,name,address,zipcode,state,email
1,Melesa Wray,565 Bowman Lane,83757,ID,mwray0@deviantart.com
2,Adrianne Arnholtz,278 Arapahoe Trail,91505,CA,aarnholtz1@slashdot.org
3,Geneva Meredith,62138 Sage Plaza,30195,GA,gmeredith2@booking.com
4,Lettie Manchester,2327 Dovetail Circle,35242,AL,lmanchester3@princeton.edu
5,Augustina Burchfield,4 Lerdahl Hill,06673,CT,aburchfield4@netscape.com
6,Winifield Halfacre,57508 Towne Hill,94159,CA,whalfacre5@constantcontact.com
7,Rebeca O'Neill,2351 6th Trail,48956,MI,roneill6@vinaora.com
8,Hersh Janczewski,23716 Erie Center,63126,MO,hjanczewski7@adobe.com
9,Buffy Ager,85614 Barnett Pass,11044,NY,bager8@washington.edu
10,Claudette Duddan,9130 Meadow Vale Circle,34114,FL,cduddan9@mayoclinic.com
11,Reinold Mackison,56142 Towne Junction,80243,CO,rmackisona@sbwire.com
12,Hirsch Cornilli,6866 Lunder Crossing,32595,FL,hcornillib@mit.edu
13,Kelly Eyckelbeck,0155 Crownhardt Court,11236,NY,keyckelbeckc@techcrunch.com
14,Fleur Tallant,505 Hanover Avenue,88569,TX,ftallantd@kickstarter.com
15,Tessa Judron,9 Clemons Alley,48126,MI,tjudrone@noaa.gov
16,Gabbie Snary,2 Cody Circle,32627,FL,gsnaryf@alibaba.com
17,Leonore Ascraft,97 Buena Vista Place,23520,VA,lascraftg@mozilla.org
18,Orly Croce,5311 Calypso Avenue,20557,DC,ocroceh@discovery.com
19,Isaiah Worsam,0272 Schmedeman Terrace,85284,AZ,iworsami@umn.edu
20,Kari Tretwell,5830 Mockingbird Drive,75397,TX,ktretwellj@illinois.edu
21,Marguerite Ollcott,2720 Novick Trail,20503,DC,mollcottk@answers.com
22,Bobbi Heyworth,23 Waywood Way,17105,PA,bheyworthl@nhs.uk
23,Lennard Fudger,7900 Meadow Valley Place,93407,CA,lfudgerm@google.co.uk
24,Roma Graalmans,37 Merchant Court,11447,NY,rgraalmansn@altervista.org
25,Quinlan Wicher,923 Old Shore Crossing,15286,PA,qwichero@cocolog-nifty.com
26,Darcy Gaiford,1728 Lillian Crossing,33994,FL,dgaifordp@businessweek.com
27,Karina Rembrandt,111 Corscot Way,12255,NY,krembrandtq@ask.com
28,Deborah Fowles,95 Warbler Park,08638,NJ,dfowlesr@who.int
29,Lauraine Crewe,22 Lerdahl Pass,48232,MI,lcrewes@tinypic.com
30,Gardiner Denidge,3028 Fallview Lane,55115,MN,gdenidget@dagondesign.com
31,Aldwin Armour,4 Emmet Point,55551,MN,aarmouru@liveinternet.ru
32,Farley Rawstorn,1847 Hudson Terrace,50981,IA,frawstornv@webmd.com
33,Willi MacCrosson,1874 Gulseth Hill,01813,MA,wmaccrossonw@google.it
34,Cordelie Tice,96715 Harper Way,43284,OH,cticex@reuters.com
35,Bronny Jaumet,64 Clove Junction,20918,MD,bjaumety@illinois.edu
36,Latashia Gillions,848 Delladonna Court,38150,TN,lgillionsz@myspace.com
37,Renato Crasford,296 Springs Street,06505,CT,rcrasford10@tripod.com
38,Keith Cornewall,10288 Derek Place,48275,MI,kcornewall11@bing.com
39,Jefferson Plumbley,69 Hoffman Hill,37250,TN,jplumbley12@shutterfly.com
40,Clary Nanuccioi,43590 Scott Pass,76129,TX,cnanuccioi13@cloudflare.com
41,Raf Pizey,70442 Scofield Drive,50347,IA,rpizey14@disqus.com
42,Axel Lang,2212 Aberg Court,02216,MA,alang15@dropbox.com
43,Angelo Renish,9 International Court,44315,OH,arenish16@opera.com
44,Donnajean Abbis,193 Carioca Court,61110,IL,dabbis17@symantec.com
45,Diane-marie Warfield,7 Del Mar Circle,98481,WA,dwarfield18@omniture.com
46,Alverta Beaulieu,52304 Mcguire Point,80525,CO,abeaulieu19@dedecms.com
47,Tatiania Verna,21 Ridgeway Junction,85072,AZ,tverna1a@hhs.gov
48,Phylis Barge,80 Swallow Place,08638,NJ,pbarge1b@google.com.hk
49,Cinda Cristofano,691 Mayer Alley,11024,NY,ccristofano1c@google.com
50,Thaddus McNalley,6832 Tomscot Park,74184,OK,tmcnalley1d@phoca.cz
51,Kati Halt,2515 Huxley Plaza,33180,FL,khalt1e@altervista.org
52,Ringo Toun,9 Merrick Hill,92424,CA,rtoun1f@bluehost.com
53,Lena Sharer,4226 Northfield Crossing,38181,TN,lsharer1g@nps.gov
54,Lyndsey Kipping,689 Sugar Pass,35254,AL,lkipping1h@cmu.edu
55,Suzette Snoad,3 Hansons Junction,33680,FL,ssnoad1i@blogtalkradio.com
56,Gael Spore,35 Havey Crossing,53234,WI,gspore1j@cnbc.com
57,Nadine Routh,7 7th Road,14276,NY,nrouth1k@google.nl
58,Emmalyn Gluyas,27603 Clarendon Lane,29411,SC,egluyas1l@comcast.net
59,Kathleen Gogie,2358 Melby Avenue,87592,NM,kgogie1m@gizmodo.com
60,Gamaliel Tuer,1 Anhalt Court,89595,NV,gtuer1n@webnode.com
61,Ira Coggins,2560 Rowland Point,59771,MT,icoggins1o@parallels.com
62,Benedick Shorto,1306 Buhler Parkway,44393,OH,bshorto1p@disqus.com
63,Niki McPhillips,2 Crest Line Road,66622,KS,nmcphillips1q@latimes.com
64,Moses Doge,0 Service Circle,20599,DC,mdoge1r@shinystat.com
65,Devlin O'Flynn,3031 Hintze Center,40505,KY,doflynn1s@yandex.ru
66,Alick Bunn,97645 Homewood Hill,80045,CO,abunn1t@google.it
67,Bryce Serjeantson,1698 Loftsgordon Park,68583,NE,bserjeantson1u@icio.us
68,Gualterio Learoid,1510 Armistice Pass,75044,TX,glearoid1v@chronoengine.com
69,Martelle Forsard,5 Westridge Court,48092,MI,mforsard1w@wikia.com
70,Amory McCrostie,71 Kensington Pass,94913,CA,amccrostie1x@example.com
71,Kerstin Milstead,2040 Cottonwood Parkway,33462,FL,kmilstead1y@google.com.au
72,Noel Yoselevitch,7701 Hansons Crossing,50362,IA,nyoselevitch1z@nhs.uk
73,Kahlil Crowd,1223 Ludington Street,34949,FL,kcrowd20@biglobe.ne.jp
74,Addi Diego,176 Northland Parkway,37228,TN,adiego21@netlog.com
75,Xever Pattlel,5 Amoth Center,74149,OK,xpattlel22@cpanel.net
76,Bendicty Cannan,44 Hauk Place,11431,NY,bcannan23@livejournal.com
77,Bendick Bourdel,31114 School Crossing,28225,NC,bbourdel24@howstuffworks.com
78,Jean Cloake,651 Sachs Crossing,46216,IN,jcloake25@theguardian.com
79,Alick Kingerby,252 Oneill Point,66105,KS,akingerby26@discuz.net
80,Gertrud Semor,0743 Evergreen Circle,93907,CA,gsemor27@goo.ne.jp
81,Peta Brainsby,49164 Lawn Place,76711,TX,pbrainsby28@cornell.edu
82,Chen Porteous,371 Corscot Street,91205,CA,cporteous29@goo.gl
83,Xavier Rawll,17064 Golf Course Circle,06726,CT,xrawll2a@google.es
84,Armstrong Mehaffey,16 Petterle Hill,63180,MO,amehaffey2b@homestead.com
85,Esdras Roggeman,05 Evergreen Junction,37995,TN,eroggeman2c@slate.com
86,Barty Haugen,0599 Bartillon Avenue,61651,IL,bhaugen2d@slashdot.org
87,Miriam Riseborough,40743 Lerdahl Street,60604,IL,mriseborough2e@csmonitor.com
88,Hilarius Scopes,682 Claremont Parkway,70124,LA,hscopes2f@squarespace.com
89,Ike Cherm,84 Carey Center,85715,AZ,icherm2g@yandex.ru
90,Kristi Petyanin,25 Eastwood Parkway,32854,FL,kpetyanin2h@dailymail.co.uk
91,Clo Dubarry,65 Valley Edge Way,21275,MD,cdubarry2i@tinyurl.com
92,Jonell Josilevich,69207 Burrows Alley,78465,TX,jjosilevich2j@spotify.com
93,Charlena O'Sculley,775 Loeprich Court,20566,DC,cosculley2k@example.com
94,Bradley Mogridge,55 Corscot Alley,76205,TX,bmogridge2l@liveinternet.ru
95,Emmye Gorman,586 Loeprich Place,60614,IL,egorman2m@home.pl
96,Paige Shieldon,77261 Riverside Center,78220,TX,pshieldon2n@washington.edu
97,Elga Uttermare,8457 Shopko Lane,32309,FL,euttermare2o@cloudflare.com
98,Dennison Rainey,39639 Scofield Center,29215,SC,drainey2p@theglobeandmail.com
99,Roz Buck,21 Michigan Pass,30045,GA,rbuck2q@dion.ne.jp
100,Nanete Kleinberer,5 Artisan Terrace,02912,RI,nkleinberer2r@studiopress.com
101,Xenia Ashenhurst,86 Ilene Crossing,60351,IL,xashenhurst2s@ovh.net
102,Shirl Aucoate,3 Ridge Oak Drive,80995,CO,saucoate2t@histats.com
103,Izzy Conry,117 Thompson Trail,12247,NY,iconry2u@moonfruit.com
104,Sula Powney,3880 Dexter Crossing,85067,AZ,spowney2v@guardian.co.uk
105,Georges Torrisi,8 Darwin Plaza,31296,GA,gtorrisi2w@wired.com
106,Elia Camis,031 Steensland Drive,70883,LA,ecamis2x@so-net.ne.jp
107,Benita Edon,07 Portage Crossing,45999,OH,bedon2y@indiatimes.com
108,Gwenore Janek,6636 Northview Way,61709,IL,gjanek2z@walmart.com
109,Josephina Trimming,00 Farmco Pass,62205,IL,jtrimming30@printfriendly.com
110,Florence Gemlett,258 Jana Terrace,77065,TX,fgemlett31@chronoengine.com
111,Horst de Pinna,7097 Karstens Crossing,95298,CA,hde32@netscape.com
112,Elberta De Ambrosi,2 Spenser Terrace,67220,KS,ede33@nymag.com
113,Arvy Arent,687 Grim Drive,44177,OH,aarent34@hatena.ne.jp
114,Ruprecht Joly,3805 John Wall Plaza,44111,OH,rjoly35@joomla.org
115,Brittney Jeste,71 Brickson Park Parkway,12222,NY,bjeste36@quantcast.com
116,Wrennie La Batie,7474 Debs Plaza,75265,TX,wla37@digg.com
117,Fleurette Petrina,746 Veith Parkway,20420,DC,fpetrina38@bing.com
118,Ramsey Dabnot,36365 Dennis Avenue,48335,MI,rdabnot39@google.cn
119,Sullivan Bromidge,82661 Dryden Street,92056,CA,sbromidge3a@hhs.gov
120,Raeann Erley,64 Morning Center,39404,MS,rerley3b@newsvine.com
121,Cherianne Baselio,6 Lighthouse Bay Trail,46015,IN,cbaselio3c@oakley.com
122,Trude Letts,4434 Holmberg Parkway,28205,NC,tletts3d@acquirethisname.com
123,Brook Gozzett,8 Anniversary Trail,49518,MI,bgozzett3e@usa.gov
124,Loren Pobjay,6812 Drewry Place,32520,FL,lpobjay3f@sun.com
125,Jarrid Catley,38 Cambridge Lane,79928,TX,jcatley3g@vinaora.com
126,Vanya Chilver,86294 Old Gate Terrace,90398,CA,vchilver3h@jigsy.com
127,Mathilde Hanhardt,773 Forest Run Place,95298,CA,mhanhardt3i@jugem.jp
128,Vlad Gerretsen,2920 Bultman Park,44125,OH,vgerretsen3j@nih.gov
129,Camila Jimpson,66001 Hudson Circle,35815,AL,cjimpson3k@blogger.com
130,Shepard Goadby,9 Jenna Place,01605,MA,sgoadby3l@kickstarter.com
131,Burke Pinfold,9440 Drewry Avenue,78291,TX,bpinfold3m@twitpic.com
132,Jordon Stealey,6659 Badeau Place,68505,NE,jstealey3n@dmoz.org
133,Sergeant Bake,4851 Delaware Center,20310,DC,sbake3o@cargocollective.com
134,Bernette Threadgould,599 Village Trail,24014,VA,bthreadgould3p@blogger.com
135,Der Cassely,901 Red Cloud Alley,78703,TX,dcassely3q@mysql.com
136,Mireielle Beevors,5 Northview Road,75216,TX,mbeevors3r@columbia.edu
137,Abigail Jumont,9 Rockefeller Junction,78703,TX,ajumont3s@topsy.com
138,Herta Condell,05 Glacier Hill Center,33185,FL,hcondell3t@craigslist.org
139,Boone Ensor,5 West Way,94291,CA,bensor3u@quantcast.com
140,Leon Jeanel,59 Lunder Junction,93794,CA,ljeanel3v@yale.edu
141,Marylee Conniam,0922 1st Point,02453,MA,mconniam3w@yahoo.com
142,Bonni Magrannell,56 Toban Center,23228,VA,bmagrannell3x@intel.com
143,Pet Josefson,3 Green Alley,29805,SC,pjosefson3y@yandex.ru
144,Ondrea Thoday,6823 Melby Crossing,20525,DC,othoday3z@123-reg.co.uk
145,Laurette Landeaux,0 Jana Drive,20709,MD,llandeaux40@google.nl
146,Marne Tennewell,2803 Shopko Court,44310,OH,mtennewell41@foxnews.com
147,Armin McMylor,4286 Southridge Avenue,72222,AR,amcmylor42@earthlink.net
148,Millard Ilewicz,63 Southridge Court,20041,DC,milewicz43@angelfire.com
149,Ky Murrhaupt,3188 Continental Trail,28225,NC,kmurrhaupt44@jugem.jp
150,Pietrek Rivelon,04 Bartelt Alley,85045,AZ,privelon45@yellowpages.com
151,Bennie Ricoald,00 Butterfield Lane,53785,WI,bricoald46@dyndns.org
152,Giacinta Hudd,71583 Derek Drive,31296,GA,ghudd47@go.com
153,Charmine Reedy,2573 Morningstar Place,46207,IN,creedy48@t.co
154,Charil Powney,461 Gateway Lane,20430,DC,cpowney49@icq.com
155,Melba Rickersey,2052 Nevada Way,77030,TX,mrickersey4a@behance.net
156,Perl Matley,2204 Mayfield Pass,10024,NY,pmatley4b@whitehouse.gov
157,Willa Bruhnicke,0 Tony Junction,53285,WI,wbruhnicke4c@prweb.com
158,Adrian Nan Carrow,4 Lillian Way,75392,TX,anan4d@posterous.com
159,Adelice Florio,11 Holmberg Point,20167,VA,aflorio4e@bbc.co.uk
160,Sephira O' Markey,5179 Dayton Place,32399,FL,so4f@is.gd
161,Peri Lusk,123 Macpherson Point,90050,CA,plusk4g@plala.or.jp
162,Arther Scoggan,999 Bunting Center,33310,FL,ascoggan4h@exblog.jp
163,Gifford Gilmore,6207 Mallory Terrace,89436,NV,ggilmore4i@mapquest.com
164,Paxon Jerdein,4365 Melby Drive,19605,PA,pjerdein4j@redcross.org
165,Desmond Stithe,4 Mandrake Hill,49544,MI,dstithe4k@google.nl
166,Farra Richarson,616 Steensland Drive,65110,MO,fricharson4l@blogger.com
167,Lucila Simeoni,1 Dovetail Parkway,61825,IL,lsimeoni4m@drupal.org
168,Cirstoforo Vanyakin,3176 Banding Drive,94807,CA,cvanyakin4n@cbslocal.com
169,Vern Tant,9 Lukken Point,93704,CA,vtant4o@va.gov
170,Willamina Skeats,168 East Center,49560,MI,wskeats4p@tinypic.com
171,Merell Minocchi,5513 Anhalt Terrace,02283,MA,mminocchi4q@phoca.cz
172,Kayla Norssister,80 Alpine Parkway,96825,HI,knorssister4r@arizona.edu
173,Katinka MacKibbon,1765 Paget Alley,93778,CA,kmackibbon4s@arstechnica.com
174,Petronia Delamar,24 Manley Court,37924,TN,pdelamar4t@sun.com
175,Benedetta Gotcliff,9 Sauthoff Street,95194,CA,bgotcliff4u@1und1.de
176,Lucinda Platts,9899 Dexter Junction,32215,FL,lplatts4v@pbs.org
177,Barnaby McGrath,659 Mcbride Trail,06127,CT,bmcgrath4w@comsenz.com
178,Ernaline Banbrook,1576 Pleasure Plaza,78210,TX,ebanbrook4x@liveinternet.ru
179,Hayley Torr,45461 Hoffman Center,61605,IL,htorr4y@youtu.be
180,Elyssa Laurenson,08 Green Ridge Way,60663,IL,elaurenson4z@army.mil
181,Charlotte McMichael,9 Melby Hill,32813,FL,cmcmichael50@youtu.be
182,Klarrisa Biddulph,8 Bowman Avenue,59105,MT,kbiddulph51@netlog.com
183,Ilysa Jossum,18201 Hagan Center,70124,LA,ijossum52@mac.com
184,Gwyn Edmeads,916 Bellgrove Place,89150,NV,gedmeads53@squarespace.com
185,Cordie Schneidar,8193 Kinsman Parkway,14263,NY,cschneidar54@timesonline.co.uk
186,Lothario Robun,411 Thackeray Place,74170,OK,lrobun55@cbsnews.com
187,Eadith Smidmor,85256 Milwaukee Lane,98424,WA,esmidmor56@amazon.com
188,Cody Leyden,643 Fuller Road,35810,AL,cleyden57@psu.edu
189,Adi Tuberfield,06625 Longview Place,87592,NM,atuberfield58@businessweek.com
190,Oralee Janssens,9384 Green Parkway,23272,VA,ojanssens59@livejournal.com
191,Amberly Wilkin,42813 Linden Hill,70815,LA,awilkin5a@foxnews.com
192,Deva Annott,9763 7th Street,33737,FL,dannott5b@hibu.com
193,Sonny Vasilenko,25052 Menomonie Alley,76205,TX,svasilenko5c@engadget.com
194,Davon Randalson,81935 Jana Point,06505,CT,drandalson5d@nifty.com
195,Maison Whalebelly,334 Delladonna Drive,44511,OH,mwhalebelly5e@thetimes.co.uk
196,Kurt McGilbon,545 Village Pass,92127,CA,kmcgilbon5f@smugmug.com
197,Nona Yates,91 Superior Place,40287,KY,nyates5g@vinaora.com
198,Freeman Arnaudet,7 Dawn Way,79769,TX,farnaudet5h@intel.com
199,Francyne Campes,46 Thierer Center,22205,VA,fcampes5i@kickstarter.com
200,Iorgos Stanger,0302 Pawling Hill,99709,AK,istanger5j@domainmarket.com
201,Ariana Lambswood,4179 Manufacturers Place,80126,CO,alambswood5k@uiuc.edu
202,Andris Sucre,56782 Bellgrove Hill,95194,CA,asucre5l@constantcontact.com
203,Estel Foxhall,540 Delaware Park,15906,PA,efoxhall5m@cyberchimps.com
204,Kettie Burlingame,0 Magdeline Point,23459,VA,kburlingame5n@statcounter.com
205,Nolie Roselli,83 Almo Terrace,40505,KY,nroselli5o@printfriendly.com
206,Connie Vennings,362 Manitowish Alley,92165,CA,cvennings5p@sun.com
207,Maurine Doers,69764 Chive Pass,32230,FL,mdoers5q@alexa.com
208,Barnard Downes,51435 Cascade Center,15266,PA,bdownes5r@mashable.com
209,Ely Realy,32515 Memorial Parkway,45208,OH,erealy5s@liveinternet.ru
210,Suzi Verdy,156 Valley Edge Street,78235,TX,sverdy5t@engadget.com
211,Shawn Pashen,17 Autumn Leaf Road,32859,FL,spashen5u@mysql.com
212,Tedman Boullin,1 Buhler Park,25726,WV,tboullin5v@virginia.edu
213,Britte Boydon,192 Starling Terrace,90805,CA,bboydon5w@1und1.de
214,Tessi Gianneschi,95157 Meadow Valley Park,48550,MI,tgianneschi5x@linkedin.com
215,Vanni Hartropp,93 Hanover Point,74193,OK,vhartropp5y@ebay.com
216,Cosetta Pateman,9436 Milwaukee Alley,75287,TX,cpateman5z@google.com.hk
217,Ashlan Stood,0105 Mccormick Alley,79415,TX,astood60@photobucket.com
218,Chelsea Hatt,8 Hintze Circle,35815,AL,chatt61@domainmarket.com
219,Roxana Maryin,1120 Dayton Way,15261,PA,rmaryin62@wired.com
220,Malcolm Oury,63 Summerview Parkway,34949,FL,moury63@joomla.org
221,Sandi Davidi,879 Havey Circle,92176,CA,sdavidi64@technorati.com
222,Ardyth Curryer,7 Lakewood Park,84152,UT,acurryer65@4shared.com
223,Stillmann Sandcroft,59 Maple Wood Junction,49006,MI,ssandcroft66@gmpg.org
224,Raul Wrench,3 Bayside Crossing,61635,IL,rwrench67@techcrunch.com
225,Maggie Baldi,58 Swallow Junction,47737,IN,mbaldi68@phpbb.com
226,Conni Meriott,10788 Manitowish Place,71208,LA,cmeriott69@microsoft.com
227,Ingeberg Glover,54976 Corry Street,48206,MI,iglover6a@npr.org
228,Nikolai Whelband,58443 Charing Cross Park,70505,LA,nwhelband6b@youku.com
229,Dorette Southcombe,0416 Little Fleur Road,79940,TX,dsouthcombe6c@webnode.com
230,Claudina Standage,6 Elgar Road,77080,TX,cstandage6d@hostgator.com
231,Violet Bust,7 Golf Course Park,99517,AK,vbust6e@hugedomains.com
232,Waylen Murfin,3885 Sunnyside Road,87195,NM,wmurfin6f@amazon.com
233,Sherwood Thomazin,7 La Follette Point,35405,AL,sthomazin6g@networksolutions.com
234,Phillis Saffill,88 Messerschmidt Street,19196,PA,psaffill6h@4shared.com
235,Row Coates,77500 Sunbrook Trail,10705,NY,rcoates6i@hao123.com
236,Denyse Carreyette,71008 Homewood Road,47937,IN,dcarreyette6j@yahoo.com
237,Loleta Aspel,5981 Portage Parkway,98115,WA,laspel6k@indiatimes.com
238,Emelyne Pirkis,630 Old Gate Alley,33180,FL,epirkis6l@symantec.com
239,Onfre Petricek,46422 Springs Parkway,91125,CA,opetricek6m@sphinn.com
240,Jarred Tremaine,63 Norway Maple Avenue,94250,CA,jtremaine6n@jalbum.net
241,Arman Fayerman,8 Sundown Center,44705,OH,afayerman6o@aboutads.info
242,Nata Megany,35507 Autumn Leaf Center,60646,IL,nmegany6p@over-blog.com
243,Homere Jendrys,953 Bashford Way,31410,GA,hjendrys6q@hibu.com
244,Gery Keene,8 4th Drive,80525,CO,gkeene6r@soup.io
245,Bank Gailor,17330 Pond Street,36119,AL,bgailor6s@who.int
246,Andre Robardley,2 Debra Lane,33164,FL,arobardley6t@bluehost.com
247,Vidovik Couthard,25 Pepper Wood Circle,94132,CA,vcouthard6u@java.com
248,Ingaborg Tomasian,6491 Express Way,22225,VA,itomasian6v@4shared.com
249,Bord Pendry,7 Porter Road,90015,CA,bpendry6w@sina.com.cn
250,Ramona Hundall,048 Sage Point,37914,TN,rhundall6x@ed.gov
251,Missie Baleine,22 Fair Oaks Way,68583,NE,mbaleine6y@photobucket.com
252,Elvin Tayspell,27 Porter Avenue,94230,CA,etayspell6z@trellian.com
253,Indira Gainsborough,34102 East Crossing,20099,DC,igainsborough70@parallels.com
254,Ara Sidebotham,52 Pawling Trail,24048,VA,asidebotham71@economist.com
255,Jonathon Whelband,702 Harbort Trail,27626,NC,jwhelband72@cbsnews.com
256,Alida Cowser,5541 Melody Street,17126,PA,acowser73@abc.net.au
257,Brittan Searston,809 Lunder Road,07505,NJ,bsearston74@dot.gov
258,Wit Harlock,59121 Pawling Crossing,20575,DC,wharlock75@gmpg.org
259,Franciskus Proudlove,5477 Lillian Circle,94273,CA,fproudlove76@comsenz.com
260,Michele Dunklee,3363 Express Junction,46814,IN,mdunklee77@merriam-webster.com
261,Barbra Demanche,3 Mariners Cove Terrace,50305,IA,bdemanche78@pen.io
262,Malvina Klich,28347 Bultman Park,43615,OH,mklich79@vistaprint.com
263,Even Furphy,284 Northport Trail,50335,IA,efurphy7a@jimdo.com
264,Isabeau Canfield,3 Hallows Drive,77386,TX,icanfield7b@shinystat.com
265,Niki Blackhall,41 Linden Hill,02203,MA,nblackhall7c@ovh.net
266,Alfonso Trenbey,53 Maple Wood Alley,70616,LA,atrenbey7d@netvibes.com
267,Yanaton Inkles,99 Manufacturers Junction,55114,MN,yinkles7e@earthlink.net
268,Brittni Marton,6190 Ridgeview Trail,36616,AL,bmarton7f@miibeian.gov.cn
269,Jarrett Corbin,25 Sommers Junction,30066,GA,jcorbin7g@sourceforge.net
270,Vania Seage,33 Grover Crossing,32808,FL,vseage7h@irs.gov
271,Silvia Creamen,466 Mallory Road,92153,CA,screamen7i@xinhuanet.com
272,Boigie Crepel,557 La Follette Pass,44505,OH,bcrepel7j@mtv.com
273,Bird Barrar,0 Stang Circle,99252,WA,bbarrar7k@eventbrite.com
274,Annamaria Moysey,6 4th Hill,90610,CA,amoysey7l@ycombinator.com
275,Adoree Ogilby,9607 Columbus Point,71137,LA,aogilby7m@fastcompany.com
276,Lucias Helliwell,2085 Sunbrook Circle,70505,LA,lhelliwell7n@usnews.com
277,Kennith Donalson,24394 Waywood Parkway,66286,KS,kdonalson7o@dyndns.org
278,Berti Aslin,859 Florence Park,73109,OK,baslin7p@bloglovin.com
279,Min Redmille,581 Artisan Street,14276,NY,mredmille7q@ehow.com
280,Colin Alp,89 Bartelt Court,92619,CA,calp7r@usda.gov
281,Cicily Tighe,6 Glendale Point,32259,FL,ctighe7s@skype.com
282,Bernardine Deniskevich,3 Sauthoff Drive,28299,NC,bdeniskevich7t@ow.ly
283,Schuyler Gibbon,695 Del Mar Way,02458,MA,sgibbon7u@deliciousdays.com
284,Madison Leynham,1343 Golf Avenue,06183,CT,mleynham7v@gravatar.com
285,Granger Endacott,11 Green Way,90035,CA,gendacott7w@china.com.cn
286,Moshe Kroin,84171 Sloan Junction,33705,FL,mkroin7x@dagondesign.com
287,Alfy Wildber,58 Marcy Hill,53277,WI,awildber7y@last.fm
288,Lilia Treeby,04 Pearson Parkway,10165,NY,ltreeby7z@google.it
289,Valery O'Doherty,192 Park Meadow Trail,20575,DC,vodoherty80@vimeo.com
290,Tony Ivakin,101 Lake View Drive,02163,MA,tivakin81@cocolog-nifty.com
291,Kennie Rush,19 Pierstorff Crossing,92145,CA,krush82@google.com.hk
292,Dori covino,13972 Welch Hill,85737,AZ,dcovino83@usa.gov
293,Kim Stork,1458 Corry Crossing,78205,TX,kstork84@fema.gov
294,Auberon Cristou,570 3rd Point,94291,CA,acristou85@g.co
295,Cece Adriaan,740 Mccormick Hill,46231,IN,cadriaan86@indiegogo.com
296,Leese Spight,92169 Clove Trail,78260,TX,lspight87@state.tx.us
297,Kiele Rewcassell,37834 Shoshone Crossing,43231,OH,krewcassell88@123-reg.co.uk
298,Elsa Minet,7671 Fremont Trail,99522,AK,eminet89@soundcloud.com
299,Batsheva Chasson,0 Oxford Junction,07310,NJ,bchasson8a@psu.edu
300,Ase Seakings,41 Sutteridge Parkway,20226,DC,aseakings8b@google.es
301,Tiffanie Rizzolo,951 Grim Terrace,60657,IL,trizzolo8c@nbcnews.com
302,Karl Bunting,6 Golf View Pass,78783,TX,kbunting8d@mozilla.org
303,Emilee Hulk,25 Duke Court,96825,HI,ehulk8e@ning.com
304,Ethelda Dodson,25 Forster Court,90605,CA,edodson8f@yellowpages.com
305,Tuesday Stittle,671 Haas Junction,70810,LA,tstittle8g@yelp.com
306,Hew Moreland,00824 High Crossing Pass,90076,CA,hmoreland8h@nps.gov
307,Dun Mattock,63 Hanover Park,26505,WV,dmattock8i@nifty.com
308,Hurley Jamary,08883 Rusk Pass,72231,AR,hjamary8j@imdb.com
309,Yetty Kemp,70 Monument Drive,21282,MD,ykemp8k@bbb.org
310,Shirl Cosson,02 Dexter Circle,85205,AZ,scosson8l@51.la
311,Sigismund Dayment,947 Sachtjen Street,92717,CA,sdayment8m@hibu.com
312,Roderigo Heinemann,3964 8th Trail,55564,MN,rheinemann8n@privacy.gov.au
313,Steffie Semiras,8414 Fisk Court,78475,TX,ssemiras8o@gravatar.com
314,Eleanore Lethley,5071 Sunnyside Terrace,33487,FL,elethley8p@google.com.au
315,Isa Zoren,3344 Caliangt Junction,45454,OH,izoren8q@arstechnica.com
316,Keir De Gregoli,83 Loeprich Junction,94913,CA,kde8r@bigcartel.com
317,Hattie Duesbury,365 Cordelia Plaza,33758,FL,hduesbury8s@phpbb.com
318,Vitoria Balme,38686 Shopko Drive,91616,CA,vbalme8t@mlb.com
319,Hartwell Houseley,703 Burning Wood Crossing,55417,MN,hhouseley8u@ehow.com
320,Aldric Warder,5 Morrow Drive,47719,IN,awarder8v@is.gd
321,Nicky Paynes,92177 Meadow Valley Court,47405,IN,npaynes8w@yahoo.co.jp
322,Tersina McCurrie,905 Parkside Parkway,33124,FL,tmccurrie8x@google.nl
323,Vite Quartley,47088 Algoma Crossing,60208,IL,vquartley8y@bloglines.com
324,Daphene Wainscot,08 Raven Lane,30316,GA,dwainscot8z@quantcast.com
325,Kelvin Lorie,33 Brickson Park Center,75231,TX,klorie90@last.fm
326,Jolynn Longforth,79 Surrey Park,71914,AR,jlongforth91@hostgator.com
327,Abdul Varnes,287 Londonderry Park,08608,NJ,avarnes92@shareasale.com
328,Susan Chippindale,8 Manufacturers Street,63131,MO,schippindale93@usatoday.com
329,Neely Byford,261 La Follette Hill,80204,CO,nbyford94@studiopress.com
330,Maxy Fransoni,5 Everett Place,02305,MA,mfransoni95@unblog.fr
331,Jyoti Nacci,72 Upham Crossing,62756,IL,jnacci96@tiny.cc
332,Ruthy Clackson,11 Springs Lane,43220,OH,rclackson97@cmu.edu
333,Michell Corr,56 Bellgrove Alley,58106,ND,mcorr98@hp.com
334,Anderson Wolverson,315 Mallory Street,77218,TX,awolverson99@geocities.com
335,Mari Rihosek,61644 Lillian Place,98682,WA,mrihosek9a@multiply.com
336,Michaella Coleridge,4 Fallview Alley,90305,CA,mcoleridge9b@cpanel.net
337,Marthe Morcom,8 Londonderry Avenue,10120,NY,mmorcom9c@noaa.gov
338,Raimundo Brearley,57 Oxford Terrace,15225,PA,rbrearley9d@so-net.ne.jp
339,Prue Litster,1 Cottonwood Terrace,71137,LA,plitster9e@washingtonpost.com
340,Bert Muscroft,53 Browning Way,72215,AR,bmuscroft9f@who.int
341,Mabel Wigan,08 Susan Circle,76004,TX,mwigan9g@guardian.co.uk
342,Griswold Caught,256 Rowland Court,83711,ID,gcaught9h@timesonline.co.uk
343,Myrta Renfree,255 Chinook Hill,95354,CA,mrenfree9i@amazon.com
344,Sanders Peris,384 Washington Center,38308,TN,speris9j@gizmodo.com
345,Frederico Schultz,583 2nd Road,98195,WA,fschultz9k@indiegogo.com
346,Ermina MacSwayde,1 Superior Court,21229,MD,emacswayde9l@nps.gov
347,Huntley Jewess,94834 Kropf Junction,29610,SC,hjewess9m@hugedomains.com
348,Heath Dellatorre,72993 Karstens Junction,23464,VA,hdellatorre9n@aboutads.info
349,Obidiah Teague,30088 Upham Way,20535,DC,oteague9o@netlog.com
350,Dosi Redman,2 Mcguire Lane,95205,CA,dredman9p@qq.com
351,Dorothy Heugh,70531 Delladonna Way,20226,DC,dheugh9q@addthis.com
352,Lilah Dockree,8 Maywood Way,11470,NY,ldockree9r@ted.com
353,Huey Mitchiner,65 Arkansas Plaza,45264,OH,hmitchiner9s@webs.com
354,Cammy Staten,60538 Northfield Junction,20088,DC,cstaten9t@wikia.com
355,Thorpe Parrett,8 Towne Court,98506,WA,tparrett9u@mozilla.com
356,Eli Brashaw,0781 Harbort Trail,79118,TX,ebrashaw9v@zimbio.com
357,Ruby Fishbourne,85819 Toban Way,75205,TX,rfishbourne9w@homestead.com
358,Jaime Chicchetto,2343 Bayside Street,22908,VA,jchicchetto9x@jugem.jp
359,Floria Wiggam,86242 Heath Hill,99812,AK,fwiggam9y@i2i.jp
360,Car Abrahamian,1 Dunning Center,36134,AL,cabrahamian9z@bloglines.com
361,Candide Ramirez,75644 Everett Drive,46699,IN,cramireza0@imdb.com
362,Ranice Jaggers,852 Gina Drive,22111,VA,rjaggersa1@hostgator.com
363,Jemima Nutton,70 Cody Trail,20022,DC,jnuttona2@de.vu
364,Xerxes Pennings,24323 Center Terrace,01605,MA,xpenningsa3@smugmug.com
365,Merridie Eastridge,89 Armistice Hill,17126,PA,meastridgea4@java.com
366,Therine Wantling,601 Ruskin Street,22217,VA,twantlinga5@narod.ru
367,Charo Headech,0 Morningstar Alley,92835,CA,cheadecha6@kickstarter.com
368,Tabbitha Danilyuk,3818 Bay Alley,23668,VA,tdanilyuka7@hao123.com
369,Chico Bernhart,00 Bluejay Alley,29215,SC,cbernharta8@360.cn
370,Nariko Laws,7662 Sugar Lane,75277,TX,nlawsa9@senate.gov
371,Dan Limpricht,496 American Circle,31190,GA,dlimprichtaa@mozilla.com
372,Katharina Cordeix,299 Merrick Way,60691,IL,kcordeixab@youtube.com
373,Perri Davidovic,022 Carey Place,10606,NY,pdavidovicac@github.io
374,Doralia Kynaston,14 Browning Alley,28235,NC,dkynastonad@arizona.edu
375,Annabal Banasik,189 Mockingbird Road,80291,CO,abanasikae@spotify.com
376,Dunc Halfpenny,02 Moland Park,90081,CA,dhalfpennyaf@cmu.edu
377,Clarinda Sehorsch,49 Logan Crossing,10079,NY,csehorschag@npr.org
378,Freddie Eaton,068 John Wall Alley,11231,NY,featonah@bloomberg.com
379,Jerri Fehner,6416 Lillian Street,83705,ID,jfehnerai@businessinsider.com
380,Lu Marchington,13 Myrtle Parkway,24014,VA,lmarchingtonaj@hibu.com
381,Jermaine Reddy,5 Cordelia Lane,91186,CA,jreddyak@mac.com
382,Neysa Woof,6 Novick Alley,33499,FL,nwoofal@istockphoto.com
383,Bobina Dellenbroker,2433 Tony Road,29319,SC,bdellenbrokeram@purevolume.com
384,Lizzy Sunley,3972 Heath Trail,33169,FL,lsunleyan@mozilla.com
385,Dal Wong,64 Autumn Leaf Pass,46207,IN,dwongao@imgur.com
386,Kriste Landell,07897 Texas Crossing,73104,OK,klandellap@discuz.net
387,Lyda holmes,756 David Junction,20195,VA,lholmesaq@so-net.ne.jp
388,Elden Josselsohn,4795 Menomonie Plaza,34102,FL,ejosselsohnar@blog.com
389,Freddie Gaddes,17256 Old Gate Parkway,28410,NC,fgaddesas@reference.com
390,Felicity Crebott,5152 Mcbride Crossing,62718,IL,fcrebottat@zimbio.com
391,Mathew Mudle,92 Pine View Place,19146,PA,mmudleau@amazon.de
392,Leonie Minnock,3081 Fieldstone Place,28263,NC,lminnockav@youku.com
393,Hew Pechell,02 Mendota Place,50310,IA,hpechellaw@fema.gov
394,Georgine Farndell,190 Village Junction,36641,AL,gfarndellax@paypal.com
395,Crystal Arp,13 Londonderry Hill,97312,OR,carpay@themeforest.net
396,Laurene Rustidge,458 Walton Terrace,28263,NC,lrustidgeaz@ameblo.jp
397,Salaidh MacGinney,78 Ryan Way,20244,DC,smacginneyb0@github.com
398,Abrahan Antham,8 Lunder Lane,85035,AZ,aanthamb1@businessinsider.com
399,Elsbeth Grove,47 Sherman Alley,95298,CA,egroveb2@edublogs.org
400,Madalena Pringell,35822 Dawn Alley,34981,FL,mpringellb3@state.tx.us
401,Godfree Doxey,255 Graedel Court,33153,FL,gdoxeyb4@wsj.com
402,Lind Zincke,917 Monica Trail,33605,FL,lzinckeb5@adobe.com
403,Iorgos Bazoche,17 Carpenter Drive,23225,VA,ibazocheb6@joomla.org
404,Dori Snooks,8995 Novick Terrace,79977,TX,dsnooksb7@feedburner.com
405,Guillemette Ovendale,6 5th Court,92186,CA,govendaleb8@auda.org.au
406,Marielle Lyle,4 Sugar Trail,94116,CA,mlyleb9@rambler.ru
407,Pavla Speake,7 Eggendart Park,92191,CA,pspeakeba@dot.gov
408,Vaughan Tear,46147 Delaware Street,01114,MA,vtearbb@technorati.com
409,Garwood Vynall,315 Mccormick Road,92505,CA,gvynallbc@dailymail.co.uk
410,Elnore Vahl,5523 Colorado Hill,32520,FL,evahlbd@omniture.com
411,Onfre Lowater,702 Rowland Center,59771,MT,olowaterbe@icq.com
412,Vittoria Fowlds,20969 Scoville Lane,43240,OH,vfowldsbf@bravesites.com
413,Doro Twiddell,32230 Gale Hill,33686,FL,dtwiddellbg@scribd.com
414,Doug Slany,8 Spohn Street,32505,FL,dslanybh@a8.net
415,Amie De Lascy,12398 Nova Plaza,78475,TX,adebi@yahoo.co.jp
416,Zorah Schooling,70213 Elmside Alley,02142,MA,zschoolingbj@seesaa.net
417,Crichton Luffman,575 David Center,78726,TX,cluffmanbk@sina.com.cn
418,Bernarr Ilyunin,2815 Muir Circle,34276,FL,bilyuninbl@netscape.com
419,Ann-marie Hynam,5167 Fuller Park,23605,VA,ahynambm@histats.com
420,Stefa Elsmor,5 Ramsey Parkway,11355,NY,selsmorbn@virginia.edu
421,Frasco Tonsley,1647 Mesta Street,78710,TX,ftonsleybo@studiopress.com
422,Caitlin Kaasmann,1 Dovetail Hill,80930,CO,ckaasmannbp@gnu.org
423,Samara Prickett,62131 Gateway Crossing,79176,TX,sprickettbq@amazon.de
424,Jayne Fontell,88 Mayer Circle,66215,KS,jfontellbr@cmu.edu
425,Archibaldo Boys,2707 Washington Terrace,33134,FL,aboysbs@google.com
426,Jemimah Middis,77 Riverside Drive,60691,IL,jmiddisbt@liveinternet.ru
427,Thain Hawler,566 Rowland Hill,19146,PA,thawlerbu@so-net.ne.jp
428,Dilly Pennaman,9 Sunfield Lane,33737,FL,dpennamanbv@scientificamerican.com
429,Hermione Goodbarr,17 Heffernan Plaza,92013,CA,hgoodbarrbw@nsw.gov.au
430,Branden Farahar,4692 Vernon Circle,73167,OK,bfaraharbx@hao123.com
431,Abagail Kolczynski,0 Hagan Street,70616,LA,akolczynskiby@yale.edu
432,Marilee Heam,9 Ohio Trail,79491,TX,mheambz@ft.com
433,Sarine Adcock,4 Oak Valley Avenue,53225,WI,sadcockc0@loc.gov
434,Athena Halbert,9649 Utah Crossing,55446,MN,ahalbertc1@trellian.com
435,Cathlene Pigott,7 Hansons Drive,03105,NH,cpigottc2@latimes.com
436,Rosanna Harner,0 Rieder Crossing,37405,TN,rharnerc3@instagram.com
437,Flinn Chmarny,120 Glacier Hill Place,01813,MA,fchmarnyc4@princeton.edu
438,Ancell Bellon,8171 Blackbird Court,23454,VA,abellonc5@icio.us
439,Hillary Crayton,5 Summit Lane,06120,CT,hcraytonc6@blogger.com
440,Barnett Bettaney,7298 Pierstorff Way,76205,TX,bbettaneyc7@people.com.cn
441,Judah Bickle,2 Spenser Drive,40298,KY,jbicklec8@google.de
442,Julie Goldstraw,91789 Elgar Pass,92415,CA,jgoldstrawc9@yahoo.com
443,Annmarie Peckett,50447 Mallard Circle,79916,TX,apeckettca@phpbb.com
444,Cyrillus Nangle,870 Russell Plaza,98464,WA,cnanglecb@salon.com
445,Pascal Sword,31 Bartillon Terrace,94286,CA,pswordcc@wikia.com
446,Gradeigh Potteridge,8 Pepper Wood Trail,20904,MD,gpotteridgecd@homestead.com
447,Barbara-anne Cutchee,013 Sutherland Trail,27717,NC,bcutcheece@blinklist.com
448,Hernando Bacon,74207 Bellgrove Alley,17605,PA,hbaconcf@about.me
449,Reine Mustill,07 Lukken Point,95150,CA,rmustillcg@taobao.com
450,Osgood Ginsie,60 Nelson Pass,23668,VA,oginsiech@nyu.edu
451,Amabelle Gulvin,13955 Maple Drive,89115,NV,agulvinci@state.gov
452,Benjie Standon,363 Vernon Hill,37410,TN,bstandoncj@livejournal.com
453,Chloris Yukhov,873 Darwin Crossing,62723,IL,cyukhovck@nhs.uk
454,Royce Willison,5 Almo Street,23237,VA,rwillisoncl@sciencedaily.com
455,Salem Halbord,560 Brickson Park Trail,28305,NC,shalbordcm@jugem.jp
456,Rossie McCart,08 Everett Way,56372,MN,rmccartcn@microsoft.com
457,Derril Bale,9 Del Sol Terrace,96820,HI,dbaleco@cloudflare.com
458,Mariette Campa,06757 Lake View Plaza,23663,VA,mcampacp@examiner.com
459,Juliana Huygens,5689 Clove Avenue,60652,IL,jhuygenscq@ycombinator.com
460,Allie Lawtie,86 Logan Alley,99709,AK,alawtiecr@moonfruit.com
461,Annaliese Hryskiewicz,0207 Carpenter Court,84110,UT,ahryskiewiczcs@ca.gov
462,Dee dee Causbey,61970 Schurz Drive,27690,NC,ddeect@bravesites.com
463,Violante De Mattia,620 Aberg Parkway,79994,TX,vdecu@seattletimes.com
464,Eleanora Carleton,1 Katie Circle,84093,UT,ecarletoncv@vkontakte.ru
465,Dennison Morkham,536 Gina Lane,10464,NY,dmorkhamcw@amazon.com
466,Mira McBayne,62299 Merrick Point,50347,IA,mmcbaynecx@va.gov
467,Rodi Beddall,1 Charing Cross Parkway,25362,WV,rbeddallcy@google.cn
468,Tandi Ranald,9 Mitchell Circle,29416,SC,tranaldcz@nba.com
469,Ava Grindle,9 Mendota Hill,43215,OH,agrindled0@blogtalkradio.com
470,Rivi Brimman,609 Village Plaza,79984,TX,rbrimmand1@icio.us
471,Dorita Esilmon,61 West Park,57110,SD,desilmond2@pcworld.com
472,Harris Roly,710 Gina Terrace,77266,TX,hrolyd3@creativecommons.org
473,Sansone Addis,4 Gina Point,28289,NC,saddisd4@earthlink.net
474,Carlo Kubiczek,932 Eastwood Place,35205,AL,ckubiczekd5@cnet.com
475,Fanchette Blackaby,98 Carioca Pass,20436,DC,fblackabyd6@yahoo.co.jp
476,Clarissa Raun,79453 Logan Place,11225,NY,craund7@odnoklassniki.ru
477,Vanda Siseland,8 Vahlen Crossing,32610,FL,vsiselandd8@google.pl
478,Valeda Sholl,47008 Donald Alley,89036,NV,vsholld9@fotki.com
479,Paige Purdy,10 Tony Alley,98121,WA,ppurdyda@linkedin.com
480,Valentine Cunniam,633 Grover Pass,19109,PA,vcunniamdb@51.la
481,Vasily Vickar,5145 Elgar Avenue,44310,OH,vvickardc@sciencedaily.com
482,Billi McKeevers,12 Truax Circle,75226,TX,bmckeeversdd@msu.edu
483,Vivianne Ranaghan,41 Truax Crossing,23504,VA,vranaghande@dropbox.com
484,Tatiania Gebb,23 Myrtle Plaza,45296,OH,tgebbdf@toplist.cz
485,Goldie Cowlard,70172 Helena Park,19160,PA,gcowlarddg@deliciousdays.com
486,Renaud Basley,4 Briar Crest Point,63116,MO,rbasleydh@senate.gov
487,Fernandina Hext,792 Fordem Hill,95298,CA,fhextdi@pcworld.com
488,Sianna Houselee,33731 Union Street,78764,TX,shouseleedj@forbes.com
489,Harrison Thuillier,334 Surrey Pass,20591,DC,hthuillierdk@time.com
490,Felipa Overy,58276 Stone Corner Drive,20205,DC,foverydl@tuttocitta.it
491,Karlotta McGebenay,92 Forest Run Terrace,71115,LA,kmcgebenaydm@wikipedia.org
492,Iormina Toombs,24 6th Junction,68505,NE,itoombsdn@psu.edu
493,Adolf Turpey,257 Village Green Junction,70820,LA,aturpeydo@com.com
494,Crissie Luce,2 Ridge Oak Pass,79984,TX,clucedp@geocities.jp
495,Ciel O'Lagene,18 Dapin Hill,94913,CA,colagenedq@yelp.com
496,Belvia Lago,803 Southridge Circle,68144,NE,blagodr@unblog.fr
497,Lanni Booi,23 Hayes Avenue,31132,GA,lbooids@godaddy.com
498,Cissy Twatt,0815 Kensington Pass,78205,TX,ctwattdt@ebay.co.uk
499,Janean Greenham,5642 Meadow Valley Drive,19610,PA,jgreenhamdu@prlog.org
500,Margarita Prew,87 Ryan Terrace,23277,VA,mprewdv@adobe.com
501,Miller Antecki,314 Beilfuss Junction,25775,WV,manteckidw@123-reg.co.uk
502,Nickie Eakins,79951 International Place,32225,FL,neakinsdx@phoca.cz
503,Lorena Leversuch,4 Bashford Court,10464,NY,lleversuchdy@addtoany.com
504,Riva Ducroe,9 Clarendon Circle,45249,OH,rducroedz@epa.gov
505,Pepi Herculeson,78 Nelson Way,33994,FL,pherculesone0@altervista.org
506,Nadya Facher,12846 Graedel Parkway,17405,PA,nfachere1@google.es
507,Ethelyn Snawden,4968 Carpenter Parkway,79118,TX,esnawdene2@de.vu
508,Standford Arnott,99 Oak Valley Court,92825,CA,sarnotte3@cdc.gov
509,Mignon Sayton,7207 Drewry Pass,77075,TX,msaytone4@homestead.com
510,Findlay Assinder,746 Donald Street,90510,CA,fassindere5@msn.com
511,Kiele Barribal,60243 New Castle Parkway,72209,AR,kbarribale6@bloomberg.com
512,Katine Shelp,6 Forest Run Parkway,94280,CA,kshelpe7@blogspot.com
513,Melli Horribine,2764 Hayes Park,68110,NE,mhorribinee8@umich.edu
514,Filippa Gateshill,4744 Norway Maple Alley,66629,KS,fgateshille9@microsoft.com
515,Kippy Lawlance,5 Haas Circle,32627,FL,klawlanceea@themeforest.net
516,Adam Proudman,5902 Shoshone Crossing,94280,CA,aproudmaneb@flickr.com
517,Jo-ann Picott,61862 Fair Oaks Court,20503,DC,jpicottec@woothemes.com
518,Pyotr Hackney,15 John Wall Alley,55565,MN,phackneyed@printfriendly.com
519,Kaleb Vella,185 Center Plaza,30311,GA,kvellaee@soundcloud.com
520,Burton Collocott,864 Grasskamp Lane,98687,WA,bcollocottef@netlog.com
521,Doralin Risson,9 Carioca Park,44329,OH,drissoneg@google.de
522,Annemarie Baison,152 Farwell Avenue,49018,MI,abaisoneh@163.com
523,Alissa Itzcak,3890 Hooker Avenue,17622,PA,aitzcakei@sphinn.com
524,Shandy Faulconer,0 Ohio Road,11231,NY,sfaulconerej@washingtonpost.com
525,Alphonso Pennrington,56707 Del Mar Circle,08603,NJ,apennringtonek@fastcompany.com
526,Winny Loveitt,78 Eagan Parkway,44760,OH,wloveittel@sohu.com
527,Flossy Brownfield,6 Iowa Parkway,66112,KS,fbrownfieldem@github.io
528,Callean Laugier,9 Banding Plaza,20404,DC,claugieren@vimeo.com
529,Viole Dockree,01306 Westerfield Junction,94660,CA,vdockreeeo@hatena.ne.jp
530,Lainey Enever,303 Nancy Pass,22036,VA,leneverep@ucsd.edu
531,Cathy Maffezzoli,3952 Bartelt Road,46015,IN,cmaffezzolieq@state.gov
532,Norri Piquard,068 Clemons Junction,40586,KY,npiquarder@skype.com
533,Aggy Bolwell,28 Milwaukee Circle,30130,GA,abolwelles@linkedin.com
534,Deirdre Rambadt,6183 Milwaukee Terrace,85072,AZ,drambadtet@biblegateway.com
535,Korrie Mallett,069 Melrose Junction,20508,DC,kmalletteu@mozilla.org
536,Wallis Derdes,08821 Bunker Hill Junction,79182,TX,wderdesev@cloudflare.com
537,Kellia Melanaphy,7290 Eastwood Place,47812,IN,kmelanaphyew@nifty.com
538,Siward Daltrey,6181 Wayridge Point,78703,TX,sdaltreyex@prnewswire.com
539,Cacilia Pretswell,9 Shoshone Alley,45223,OH,cpretswelley@washington.edu
540,Tiphany Duthie,7 Onsgard Crossing,62756,IL,tduthieez@live.com
541,Staford Betteriss,1880 Rowland Park,33737,FL,sbetterissf0@china.com.cn
542,Cord Brammer,8 Independence Pass,55441,MN,cbrammerf1@tripod.com
543,Rosamond Dowry,7862 Eastlawn Drive,29805,SC,rdowryf2@etsy.com
544,Allyson Tomasello,056 Corscot Junction,45249,OH,atomasellof3@google.co.uk
545,Tabbatha Schneidau,5 Barby Circle,73109,OK,tschneidauf4@dion.ne.jp
546,Sergei Aldred,5 Scott Alley,12227,NY,saldredf5@live.com
547,Birk Dispencer,44350 Morningstar Pass,70149,LA,bdispencerf6@amazon.de
548,Harold Lafee,06377 Kingsford Pass,24048,VA,hlafeef7@theglobeandmail.com
549,Gaelan Bryenton,148 Union Drive,98206,WA,gbryentonf8@xinhuanet.com
550,Jonie Islep,15 Ludington Street,73135,OK,jislepf9@privacy.gov.au
551,Linnell Stockell,83922 Vera Road,20046,DC,lstockellfa@state.tx.us
552,Moss Cowerd,513 Upham Trail,57110,SD,mcowerdfb@fc2.com
553,Harmon Aloigi,49763 Basil Pass,08922,NJ,haloigifc@topsy.com
554,Kalvin Madre,2 Talisman Place,47405,IN,kmadrefd@uiuc.edu
555,Chrystel Walkden,0 Dayton Pass,74193,OK,cwalkdenfe@so-net.ne.jp
556,Francisco Keuntje,3 Corry Court,78044,TX,fkeuntjeff@t-online.de
557,Hilton Hammarberg,09138 Autumn Leaf Alley,85030,AZ,hhammarbergfg@angelfire.com
558,Linette Croose,80 Artisan Center,33432,FL,lcroosefh@opensource.org
559,Quintilla Ferronet,65 Prentice Point,15230,PA,qferronetfi@opera.com
560,Sephira Milkins,96565 Shelley Drive,78250,TX,smilkinsfj@apache.org
561,Hewitt McClaren,262 Melvin Trail,31416,GA,hmcclarenfk@technorati.com
562,Mychal Ennor,64935 Clarendon Circle,36109,AL,mennorfl@smugmug.com
563,Rockey Tonna,71925 East Way,14683,NY,rtonnafm@furl.net
564,Jeromy Lecointe,02 Ridgeway Trail,93291,CA,jlecointefn@cnn.com
565,Mira Napoleon,4422 Gulseth Park,80045,CO,mnapoleonfo@xinhuanet.com
566,Michell Caizley,9 Fallview Road,12262,NY,mcaizleyfp@cbc.ca
567,Iorgo Kruger,18796 Rockefeller Crossing,23285,VA,ikrugerfq@domainmarket.com
568,Rosemarie Lockless,0248 Judy Point,92513,CA,rlocklessfr@answers.com
569,Rodina Rowlett,7 Pankratz Avenue,70033,LA,rrowlettfs@ox.ac.uk
570,Ola Dell Casa,07677 Karstens Plaza,64109,MO,odellft@alibaba.com
571,Cheryl Britt,9957 Northwestern Way,38131,TN,cbrittfu@arstechnica.com
572,Idelle Crickmer,3920 Jenifer Junction,20436,DC,icrickmerfv@imgur.com
573,Tim Little,1407 Summer Ridge Pass,88514,TX,tlittlefw@intel.com
574,Horst Jandera,411 Thierer Parkway,78240,TX,hjanderafx@livejournal.com
575,Ronnie Lorkings,8 New Castle Lane,49510,MI,rlorkingsfy@admin.ch
576,Florence Baggallay,23904 Redwing Place,90305,CA,fbaggallayfz@nature.com
577,Constantine Casini,9091 Cascade Parkway,08608,NJ,ccasinig0@ezinearticles.com
578,Lesley Conkey,01 Red Cloud Point,79977,TX,lconkeyg1@mit.edu
579,Consolata Cubbino,3065 Mallory Center,32909,FL,ccubbinog2@nature.com
580,Stoddard Cockaday,1889 Manley Center,75231,TX,scockadayg3@comsenz.com
581,Felice Colbourn,265 Hayes Alley,34479,FL,fcolbourng4@msn.com
582,Rozele Raatz,460 Northridge Terrace,32835,FL,rraatzg5@nba.com
583,Ema Meakes,9845 Dawn Lane,53716,WI,emeakesg6@ftc.gov
584,Zolly Burvill,398 Mallard Point,45403,OH,zburvillg7@livejournal.com
585,Fowler Huxton,79 Columbus Terrace,15205,PA,fhuxtong8@php.net
586,Anne Tomson,74 Boyd Way,77240,TX,atomsong9@tiny.cc
587,Roy Perree,7856 Toban Way,11355,NY,rperreega@de.vu
588,Fannie Chevalier,161 Transport Point,06183,CT,fchevaliergb@yahoo.com
589,Dionisio Pulford,9 Judy Street,61629,IL,dpulfordgc@rambler.ru
590,Rae Cawthorn,03662 Monica Parkway,28405,NC,rcawthorngd@livejournal.com
591,Karl Hansley,63889 Brentwood Alley,99252,WA,khansleyge@ft.com
592,Ursola Arnow,237 Dennis Lane,22184,VA,uarnowgf@bloomberg.com
593,Caprice Louisot,6 Amoth Street,29605,SC,clouisotgg@unesco.org
594,Barrie Leuty,0756 Texas Center,33610,FL,bleutygh@telegraph.co.uk
595,Eamon Waitland,629 Dunning Road,55441,MN,ewaitlandgi@theglobeandmail.com
596,Jozef Riddich,64 Del Sol Hill,92662,CA,jriddichgj@economist.com
597,Jacinthe Wapple,378 Luster Avenue,78405,TX,jwapplegk@slate.com
598,Boris Cramphorn,455 1st Point,32808,FL,bcramphorngl@cornell.edu
599,Marylinda Marples,7 Tony Terrace,67215,KS,mmarplesgm@hhs.gov
600,Noell Kenwood,2 Lerdahl Center,10024,NY,nkenwoodgn@paginegialle.it
601,Duke Kinsman,0305 Badeau Point,20380,DC,dkinsmango@eepurl.com
602,Dar Kinney,8 Corscot Street,10125,NY,dkinneygp@example.com
603,Kristyn Langhorne,9247 Maple Junction,30605,GA,klanghornegq@mac.com
604,Harri Hathorn,33 Sommers Crossing,35295,AL,hhathorngr@ft.com
605,Darice Deehan,70186 Onsgard Circle,33610,FL,ddeehangs@businesswire.com
606,Waneta Dulany,8301 Autumn Leaf Circle,20073,DC,wdulanygt@google.pl
607,Latashia Moorman,57085 Del Sol Junction,91205,CA,lmoormangu@jugem.jp
608,Steffie Byrne,47281 Waywood Circle,21282,MD,sbyrnegv@howstuffworks.com
609,Cobb Giorgio,2 Judy Hill,31136,GA,cgiorgiogw@apple.com
610,Tobias Klimsch,72 Becker Street,79945,TX,tklimschgx@sitemeter.com
611,Carline Hurrion,26557 Ramsey Plaza,25709,WV,churriongy@tumblr.com
612,Lorrayne Kahen,0 Transport Center,89505,NV,lkahengz@admin.ch
613,Celestyn Giovannacc@i,810 Prentice Drive,62525,IL,cgiovannaccih0@icq.com
614,Chrisy Moulster,8062 Kim Junction,39404,MS,cmoulsterh1@delicious.com
615,Kristoffer Gencke,3 Jenna Trail,45233,OH,kgenckeh2@prnewswire.com
616,Isaak Whitworth,6 Corscot Court,23220,VA,iwhitworthh3@nyu.edu
617,Kaylee Iacomelli,782 Golf Court,29215,SC,kiacomellih4@cafepress.com
618,Patrice Anstiss,73 Weeping Birch Point,77065,TX,panstissh5@merriam-webster.com
619,Cullie Andreou,50126 Kropf Road,73167,OK,candreouh6@freewebs.com
620,Honey Wannan,7135 Milwaukee Way,16534,PA,hwannanh7@topsy.com
621,Evelyn McKennan,2982 Clyde Gallagher Way,14614,NY,emckennanh8@webs.com
622,Elana Tookey,90399 Fieldstone Court,98682,WA,etookeyh9@privacy.gov.au
623,Gardener Neller,3 Myrtle Terrace,78220,TX,gnellerha@intel.com
624,Rosalind Heis,2 Bashford Place,64109,MO,rheishb@cdbaby.com
625,Ilene Guiton,5045 Anhalt Place,65805,MO,iguitonhc@discovery.com
626,Bethena Stenhouse,101 Upham Alley,40591,KY,bstenhousehd@goo.ne.jp
627,Petey Croall,4 Kedzie Park,71914,AR,pcroallhe@ftc.gov
628,Zorana Trobridge,8842 Annamark Way,33411,FL,ztrobridgehf@pcworld.com
629,Stanwood McAlinion,18129 Rutledge Place,97211,OR,smcalinionhg@over-blog.com
630,Helena Feldmark,42866 Butterfield Avenue,10029,NY,hfeldmarkhh@youtube.com
631,Chicky Stepto,24 Weeping Birch Place,20099,DC,csteptohi@vinaora.com
632,Marianna Ondricek,37 Dottie Trail,95894,CA,mondricekhj@usa.gov
633,Marisa Dolan,153 Jana Park,35290,AL,mdolanhk@clickbank.net
634,Lynett Cowans,5299 Heath Parkway,46207,IN,lcowanshl@cargocollective.com
635,Malissia Grattage,38 Delladonna Avenue,46254,IN,mgrattagehm@yellowbook.com
636,Ruth Patsall,37 Dryden Place,77245,TX,rpatsallhn@naver.com
637,Earlie Bendle,7073 Hintze Pass,85725,AZ,ebendleho@cpanel.net
638,Stavro Edensor,364 Buena Vista Trail,87105,NM,sedensorhp@freewebs.com
639,Saidee Phant,4 Elmside Lane,94297,CA,sphanthq@mozilla.org
640,Mickey Gibbett,8 Washington Drive,52405,IA,mgibbetthr@boston.com
641,Carola Reichhardt,4 Susan Plaza,44511,OH,creichhardths@newsvine.com
642,Aimee Barfitt,7739 Milwaukee Junction,75210,TX,abarfittht@sohu.com
643,Rainer Solomon,736 Springs Pass,85246,AZ,rsolomonhu@storify.com
644,Lira Sangwine,27057 Elmside Way,76310,TX,lsangwinehv@springer.com
645,Barbi Crosher,1 Florence Junction,20268,DC,bcrosherhw@cocolog-nifty.com
646,Vonni Borges,854 Burrows Hill,80262,CO,vborgeshx@nba.com
647,Casper Stollwerck,22 Prairieview Parkway,87201,NM,cstollwerckhy@apache.org
648,Georgie Kirwood,20 Green Place,89036,NV,gkirwoodhz@exblog.jp
649,Lancelot Chagg,50 Rockefeller Way,20442,DC,lchaggi0@blogger.com
650,Karrie Skeemer,0212 School Place,92424,CA,kskeemeri1@comsenz.com
651,Pincas Bolton,3579 Schlimgen Center,80217,CO,pboltoni2@irs.gov
652,Lew Coventon,54594 Carberry Court,22205,VA,lcoventoni3@delicious.com
653,Dalia Le Friec,7021 Dakota Avenue,75705,TX,dlei4@51.la
654,Findlay Girardetti,064 Schurz Court,70174,LA,fgirardettii5@topsy.com
655,Lewes Jephcott,616 Buena Vista Center,46614,IN,ljephcotti6@spiegel.de
656,Robena Klimowski,31 Tomscot Court,56398,MN,rklimowskii7@slideshare.net
657,Harvey Gillino,577 Amoth Parkway,36616,AL,hgillinoi8@skyrock.com
658,Jeremiah Bondar,2601 Straubel Parkway,44511,OH,jbondari9@mozilla.com
659,Sascha Oldford,882 Sachs Plaza,45233,OH,soldfordia@boston.com
660,Ruthy Fronzek,27534 Eggendart Street,11220,NY,rfronzekib@nifty.com
661,Hernando McJury,1430 Monica Street,60505,IL,hmcjuryic@apache.org
662,Ferdinande Kryszkiecicz,223 Mitchell Street,32835,FL,fkryszkieciczid@google.co.jp
663,Rodger Unworth,0 Kensington Avenue,02453,MA,runworthie@timesonline.co.uk
664,Molly Reyburn,8834 Dennis Street,72204,AR,mreyburnif@wired.com
665,Fiona Cowerd,362 Di Loreto Crossing,46620,IN,fcowerdig@thetimes.co.uk
666,Gaspar Fidgin,3 Kipling Circle,95133,CA,gfidginih@wp.com
667,Parke Sebrook,2148 Melody Center,37240,TN,psebrookii@tuttocitta.it
668,Lila Gager,0885 Green Ridge Park,92662,CA,lgagerij@sohu.com
669,Blithe Dalliwatr,4596 Porter Plaza,10110,NY,bdalliwatrik@tinyurl.com
670,Johnnie O' Flaherty,2 Lindbergh Court,43635,OH,joil@weebly.com
671,Albertina Emlyn,18667 Florence Center,23464,VA,aemlynim@ucsd.edu
672,Bryn Emmines,6248 Graceland Terrace,33305,FL,bemminesin@abc.net.au
673,Wilma Asche,872 Laurel Drive,77271,TX,wascheio@sourceforge.net
674,Eddie Messer,30762 Esker Park,76305,TX,emesserip@a8.net
675,Kandace Seaking,42 Waywood Crossing,99599,AK,kseakingiq@netscape.com
676,Wallie Widmore,4 Garrison Plaza,77223,TX,wwidmoreir@ebay.co.uk
677,Melany Tiptaft,386 Division Alley,98442,WA,mtiptaftis@woothemes.com
678,Quentin Canfield,89 3rd Hill,78764,TX,qcanfieldit@illinois.edu
679,Fanchette Jepson,98 Harbort Crossing,38119,TN,fjepsoniu@xrea.com
680,Wilone McCoy,8025 Becker Junction,85210,AZ,wmccoyiv@quantcast.com
681,Bethena Breakspear,2645 Esker Center,28314,NC,bbreakspeariw@cnbc.com
682,Paula Wilkison,1 Prairie Rose Parkway,78278,TX,pwilkisonix@google.fr
683,Sibilla Zukierman,4 Elka Place,30316,GA,szukiermaniy@xrea.com
684,Briney Wing,9100 Weeping Birch Road,34210,FL,bwingiz@bing.com
685,Meredeth Yurkiewicz,42 Gale Circle,33310,FL,myurkiewiczj0@studiopress.com
686,Julienne Kells,612 Fuller Court,37220,TN,jkellsj1@un.org
687,Marget Honacker,871 Vidon Avenue,27116,NC,mhonackerj2@spiegel.de
688,Uri Inott,2 Commercial Terrace,33605,FL,uinottj3@xinhuanet.com
689,Lorne Lyddiatt,324 Bayside Crossing,89087,NV,llyddiattj4@deviantart.com
690,Brew Conry,3231 Memorial Park,33013,FL,bconryj5@ucla.edu
691,Temple Jenkin,5102 Sloan Court,80209,CO,tjenkinj6@constantcontact.com
692,Kordula Westcott,5 Mayer Point,45999,OH,kwestcottj7@wsj.com
693,Germaine Aulsford,3982 Eastlawn Place,34276,FL,gaulsfordj8@apache.org
694,Georgina Dougill,6 5th Alley,94089,CA,gdougillj9@cbsnews.com
695,Shaine Frick,264 Porter Point,88574,TX,sfrickja@sciencedirect.com
696,Carlye Marchelli,544 Clove Alley,79945,TX,cmarchellijb@amazon.co.uk
697,Christophorus Challicombe,1582 Longview Crossing,64082,MO,cchallicombejc@wordpress.com
698,Moreen Birchner,9 Dottie Lane,98664,WA,mbirchnerjd@europa.eu
699,Stacia Lowle,4 Shasta Park,78759,TX,slowleje@163.com
700,Debera Broadfield,3146 Badeau Street,74193,OK,dbroadfieldjf@webs.com
701,Joete Morecombe,17112 Mcbride Parkway,40205,KY,jmorecombejg@tumblr.com
702,Chelsae Capelin,0 Vahlen Way,78278,TX,ccapelinjh@wikimedia.org
703,Isabelle Yallowley,32383 Farragut Circle,78732,TX,iyallowleyji@harvard.edu
704,Mercedes Lehrer,44 Vera Court,75049,TX,mlehrerjj@examiner.com
705,Dulcine Olyonov,57858 Red Cloud Junction,78769,TX,dolyonovjk@aol.com
706,Gayle Billingham,2 Quincy Court,20051,DC,gbillinghamjl@gov.uk
707,Jordan Barthod,865 Dunning Road,20073,DC,jbarthodjm@businessweek.com
708,Corine Richfield,61 Fisk Parkway,07112,NJ,crichfieldjn@usa.gov
709,Anthia Crus,45 Blaine Point,88589,TX,acrusjo@macromedia.com
710,Mikey Ryal,1323 Garrison Street,76598,TX,mryaljp@1und1.de
711,Ambros Yter,59 Novick Street,34290,FL,ayterjq@tamu.edu
712,Aguste Gemmill,77 Clemons Junction,28278,NC,agemmilljr@domainmarket.com
713,Arnold MacSherry,68 Service Hill,85205,AZ,amacsherryjs@wikimedia.org
714,Lisa Le febre,6660 Heffernan Park,23504,VA,llejt@godaddy.com
715,Lenci Doige,81 Logan Drive,10203,NY,ldoigeju@va.gov
716,Willard Flicker,5454 Gale Parkway,60619,IL,wflickerjv@ameblo.jp
717,Jeromy McDermott,27215 Florence Lane,75260,TX,jmcdermottjw@businesswire.com
718,Dorie Loughney,01 Marquette Court,11447,NY,dloughneyjx@jimdo.com
719,Perrine Bound,961 Charing Cross Avenue,68510,NE,pboundjy@miibeian.gov.cn
720,Jaime Cagan,716 Algoma Park,40233,KY,jcaganjz@shinystat.com
721,Gerick Vigar,0972 Cody Hill,33023,FL,gvigark0@nytimes.com
722,Tad Bonds,32442 Goodland Pass,73142,OK,tbondsk1@over-blog.com
723,Garrik Ashfield,20 Lyons Road,93709,CA,gashfieldk2@shareasale.com
724,Brady Reddyhoff,6646 Dahle Drive,21239,MD,breddyhoffk3@bizjournals.com
725,Babbette Harrhy,2 School Hill,78721,TX,bharrhyk4@scribd.com
726,Benita Konneke,981 Sunnyside Terrace,39236,MS,bkonnekek5@google.fr
727,Ruddie Sapwell,46295 Mandrake Drive,33448,FL,rsapwellk6@goodreads.com
728,Livia Pregal,8122 Jenifer Lane,55115,MN,lpregalk7@bizjournals.com
729,Giulia Crisford,962 Chinook Lane,65105,MO,gcrisfordk8@ebay.co.uk
730,Renard Hullin,64251 Harper Avenue,43605,OH,rhullink9@merriam-webster.com
731,Natty Deval,955 Saint Paul Way,55436,MN,ndevalka@moonfruit.com
732,Rhett Ponceford,12 Surrey Point,78470,TX,rponcefordkb@npr.org
733,Wat Shier,0865 Thackeray Parkway,78769,TX,wshierkc@weather.com
734,Mariele Sharrem,7 Anderson Crossing,93381,CA,msharremkd@typepad.com
735,Chalmers Roaf,3 Gateway Way,93034,CA,croafke@blogs.com
736,Albertine Eubank,1212 Kensington Place,98411,WA,aeubankkf@wunderground.com
737,Konrad Marjoram,614 Garrison Alley,44705,OH,kmarjoramkg@wix.com
738,Katharine Dalliston,2989 Killdeer Way,17126,PA,kdallistonkh@pagesperso-orange.fr
739,Nero Kearley,69 Anniversary Alley,33330,FL,nkearleyki@blogspot.com
740,Burr Eastbrook,76 Truax Point,06533,CT,beastbrookkj@simplemachines.org
741,Ailee Roddan,25864 Gale Point,34135,FL,aroddankk@prlog.org
742,Korey Rama,3846 Luster Plaza,70894,LA,kramakl@smh.com.au
743,Harp Lowrie,72 Florence Road,48076,MI,hlowriekm@issuu.com
744,Corrie Orviss,5566 Arapahoe Pass,98166,WA,corvisskn@eventbrite.com
745,Christina McCloid,7586 Stone Corner Pass,30919,GA,cmccloidko@mediafire.com
746,Bruis Laux,43222 Heffernan Plaza,98464,WA,blauxkp@cargocollective.com
747,Vale Shepherd,51413 Quincy Circle,30311,GA,vshepherdkq@indiegogo.com
748,Erna Cossons,82 Pierstorff Alley,32215,FL,ecossonskr@craigslist.org
749,Adele Griston,88 Quincy Street,33153,FL,agristonks@buzzfeed.com
750,Noelyn Worthy,0 Judy Hill,71213,LA,nworthykt@disqus.com
751,Kai MacAulay,876 Fieldstone Terrace,48076,MI,kmacaulayku@feedburner.com
752,Clemmie Giannini,5 Coleman Drive,97296,OR,cgianninikv@ox.ac.uk
753,Zilvia Barratt,9 Express Lane,98008,WA,zbarrattkw@bloomberg.com
754,Dalli Leeke,3 Muir Point,80127,CO,dleekekx@linkedin.com
755,Stacy Negus,4 Hudson Trail,40546,KY,snegusky@oracle.com
756,Harrison Hew,452 Anniversary Junction,82007,WY,hhewkz@webmd.com
757,Filmer Whyard,6369 Lien Way,88546,TX,fwhyardl0@freewebs.com
758,Zenia Duesbury,58 Myrtle Plaza,84110,UT,zduesburyl1@multiply.com
759,Benjy Satford,8388 Fairview Place,64199,MO,bsatfordl2@spiegel.de
760,Serge Ziemsen,1365 Delladonna Way,24040,VA,sziemsenl3@cmu.edu
761,Jacquenetta Thebeaud,79 Anderson Lane,93907,CA,jthebeaudl4@mediafire.com
762,Felike Poulston,485 Texas Street,60663,IL,fpoulstonl5@earthlink.net
763,Romeo Nuttall,4 Eagle Crest Place,22405,VA,rnuttalll6@nytimes.com
764,Anselm Pink,8 Dottie Parkway,73147,OK,apinkl7@posterous.com
765,Maximilien Francescone,72 Loftsgordon Drive,80223,CO,mfrancesconel8@yandex.ru
766,Lovell Dabourne,3671 Hayes Hill,44555,OH,ldabournel9@apple.com
767,Valentino Enden,728 Gerald Street,70116,LA,vendenla@pagesperso-orange.fr
768,Win Beccera,804 Declaration Avenue,40215,KY,wbecceralb@tiny.cc
769,Cory Camier,093 Maple Plaza,95064,CA,ccamierlc@skyrock.com
770,Peta Embery,761 Aberg Court,46620,IN,pemberyld@nydailynews.com
771,Rex Brill,53385 Morning Pass,47812,IN,rbrillle@cocolog-nifty.com
772,Cordey Digger,87 Lake View Avenue,10260,NY,cdiggerlf@omniture.com
773,Hadleigh Causey,58558 Schlimgen Place,45213,OH,hcauseylg@fda.gov
774,Silvio Maginn,78670 Clemons Road,37931,TN,smaginnlh@facebook.com
775,Hodge Exposito,3470 Trailsway Parkway,20189,VA,hexpositoli@spotify.com
776,Herrick Eby,5707 Bashford Hill,30328,GA,hebylj@surveymonkey.com
777,Sib Breens,52 Havey Avenue,97201,OR,sbreenslk@adobe.com
778,Brocky Battman,3193 Golden Leaf Avenue,40591,KY,bbattmanll@oracle.com
779,Gustavus Daymont,2 Leroy Park,21281,MD,gdaymontlm@istockphoto.com
780,Nissie Earland,14 Caliangt Junction,96825,HI,nearlandln@mit.edu
781,Naoma Skeldinge,925 Commercial Court,55166,MN,nskeldingelo@wsj.com
782,Helene Quarrell,61 Fisk Lane,30311,GA,hquarrelllp@wikimedia.org
783,Roderic Cholmondeley,653 Ronald Regan Circle,77713,TX,rcholmondeleylq@ca.gov
784,Joann Rosbottom,74 Wayridge Junction,10045,NY,jrosbottomlr@rambler.ru
785,Derril Feare,1400 Corry Road,13505,NY,dfearels@home.pl
786,Sapphire Sedgemore,2 Mayfield Avenue,27658,NC,ssedgemorelt@time.com
787,Lil Frunks,562 Melrose Avenue,10160,NY,lfrunkslu@amazon.co.jp
788,Delano Gyngyll,26643 Londonderry Drive,66205,KS,dgyngylllv@naver.com
789,Caritta Tointon,25 Pearson Parkway,46247,IN,ctointonlw@umn.edu
790,Forbes Cestard,9 Erie Crossing,74126,OK,fcestardlx@themeforest.net
791,Marti Coomes,0 Holy Cross Park,49444,MI,mcoomesly@ow.ly
792,Ariella Ketley,07236 Commercial Alley,01905,MA,aketleylz@blogtalkradio.com
793,Forrest Dondon,60748 Novick Plaza,07188,NJ,fdondonm0@joomla.org
794,Shaun Kamen,3126 Steensland Trail,61614,IL,skamenm1@sbwire.com
795,Truda Townes,0 Rusk Way,98109,WA,ttownesm2@wikispaces.com
796,Valentina Kettlestringes,423 Springs Avenue,25362,WV,vkettlestringesm3@123-reg.co.uk
797,Vachel Bartoszinski,1 Calypso Circle,70142,LA,vbartoszinskim4@altervista.org
798,Stafani Gauld,9 Scofield Lane,98464,WA,sgauldm5@goo.ne.jp
799,Bondon Oswald,588 Chinook Place,70820,LA,boswaldm6@dagondesign.com
800,Dorey Houseman,08 Anzinger Avenue,20546,DC,dhousemanm7@fotki.com
801,Minor Leitche,171 Stuart Pass,20456,DC,mleitchem8@domainmarket.com
802,Udall Blanque,5 Melvin Trail,20904,MD,ublanquem9@indiatimes.com
803,Moishe Pigdon,891 Center Lane,27626,NC,mpigdonma@creativecommons.org
804,Em Worham,1658 Reinke Street,35895,AL,eworhammb@berkeley.edu
805,Gustavus Piscot,4623 Hudson Lane,99210,WA,gpiscotmc@typepad.com
806,Leoline Bance,164 Roxbury Lane,15906,PA,lbancemd@nhs.uk
807,Dag Pude,83 Talmadge Plaza,02453,MA,dpudeme@gnu.org
808,Jaquith Fontenot,1 Service Drive,60636,IL,jfontenotmf@myspace.com
809,Yetta Henricsson,2 Northport Point,50981,IA,yhenricssonmg@wsj.com
810,Dosi Tuer,609 Sunnyside Trail,77388,TX,dtuermh@usnews.com
811,Chad Lemme,25817 Waxwing Street,55905,MN,clemmemi@pagesperso-orange.fr
812,Timotheus Walford,815 Crescent Oaks Center,02104,MA,twalfordmj@tinypic.com
813,Freddi Hawley,320 Grayhawk Parkway,28278,NC,fhawleymk@wikimedia.org
814,Tory Newlyn,8 Gale Terrace,92662,CA,tnewlynml@ca.gov
815,Malanie Ramlot,1 Manley Parkway,46202,IN,mramlotmm@php.net
816,Mervin Carey,71 Meadow Valley Junction,32255,FL,mcareymn@senate.gov
817,Corbett Fishe,9 Northridge Center,78285,TX,cfishemo@pinterest.com
818,Spence McIllrick,9 Raven Terrace,30358,GA,smcillrickmp@prlog.org
819,Riva Zanolli,939 Delaware Place,93584,CA,rzanollimq@prlog.org
820,Ardra Phillpotts,3731 Manitowish Place,92105,CA,aphillpottsmr@fc2.com
821,Isabel Battyll,5 Derek Lane,44185,OH,ibattyllms@over-blog.com
822,Shalne Frankiss,921 Center Lane,25709,WV,sfrankissmt@bing.com
823,Peria Creeboe,3 Arapahoe Road,75367,TX,pcreeboemu@narod.ru
824,Cordy Riggert,15129 Katie Plaza,85743,AZ,criggertmv@behance.net
825,Ravid Sickert,8865 Beilfuss Court,75287,TX,rsickertmw@webs.com
826,Dannye Aitkenhead,25769 Russell Pass,40510,KY,daitkenheadmx@bloomberg.com
827,Dehlia O'Finan,14271 Melvin Junction,86305,AZ,dofinanmy@epa.gov
828,Osmund Cordeau],70697 Melody Crossing,96835,HI,ocordeaumz@elpais.com
829,Lila Gillison,2428 Lerdahl Place,33190,FL,lgillisonn0@state.tx.us
830,Joby Hubbis,9236 Atwood Court,80995,CO,jhubbisn1@utexas.edu
831,Dagny Forster,6 Helena Terrace,10557,NY,dforstern2@macromedia.com
832,Anders Horley,20897 3rd Way,61110,IL,ahorleyn3@jiathis.com
833,Kimberlee Dodgshon,58 Union Way,77055,TX,kdodgshonn4@admin.ch
834,Rozalin Betjes,886 Hudson Court,85210,AZ,rbetjesn5@house.gov
835,Tammie Cranna,0 Claremont Center,79405,TX,tcrannan6@youtu.be
836,Deeanne Ivanuschka,2281 Westend Junction,25770,WV,divanuschkan7@dmoz.org
837,Rodrique Myott,9 Saint Paul Plaza,98206,WA,rmyottn8@istockphoto.com
838,Godfree Monkhouse,88 Morrow Avenue,45243,OH,gmonkhousen9@php.net
839,Jacquelynn McCann,2602 Farwell Way,94522,CA,jmccannna@soundcloud.com
840,Abba Pitkaithly,5 Lotheville Drive,23471,VA,apitkaithlynb@google.de
841,Birch Toffolini,0 Hermina Street,48242,MI,btoffolininc@cmu.edu
842,Milena Stit,56413 Atwood Junction,33811,FL,mstitnd@list-manage.com
843,Corenda Pedley,32 Kennedy Center,40210,KY,cpedleyne@ebay.co.uk
844,Carleton Cromb,777 Pearson Parkway,14210,NY,ccrombnf@amazon.co.uk
845,Garrek Buddock,883 Eliot Circle,66210,KS,gbuddockng@soundcloud.com
846,Sherilyn Bilbee,3329 Loeprich Terrace,06606,CT,sbilbeenh@webmd.com
847,Lothario Kemet,28508 Jana Center,77010,TX,lkemetni@bloglines.com
848,Franklin Irvin,47 Canary Center,91125,CA,firvinnj@istockphoto.com
849,Alastair Lamplough,68909 Thackeray Street,68510,NE,alamploughnk@psu.edu
850,Julian Ricks,20847 Schmedeman Plaza,36104,AL,jricksnl@sbwire.com
851,Solly Purton,1 Scoville Road,28289,NC,spurtonnm@pen.io
852,Sallyanne Hukin,51 Barby Trail,32627,FL,shukinnn@flickr.com
853,Shannon Illes,44328 Anzinger Alley,83727,ID,sillesno@etsy.com
854,Cora Barkaway,1126 Delaware Parkway,70005,LA,cbarkawaynp@dailymotion.com
855,Lyell Stangoe,53 Mcguire Trail,95205,CA,lstangoenq@tripod.com
856,Ezekiel Jumont,8027 Haas Circle,20414,DC,ejumontnr@japanpost.jp
857,Randolf Reiner,572 Dennis Circle,32590,FL,rreinerns@go.com
858,Hershel Steventon,81 Stoughton Plaza,91797,CA,hsteventonnt@psu.edu
859,Carce Oran,3249 Claremont Lane,12205,NY,corannu@people.com.cn
860,Keith Westberg,262 Linden Place,92056,CA,kwestbergnv@businessinsider.com
861,Verine Acory,494 Sherman Court,32919,FL,vacorynw@e-recht24.de
862,Brice Schutter,2667 Harper Trail,98175,WA,bschutternx@pagesperso-orange.fr
863,Julius Stalf,8370 Elka Pass,37220,TN,jstalfny@indiegogo.com
864,Annemarie Veldman,2865 Dixon Center,43204,OH,aveldmannz@salon.com
865,Trudi Shipman,26403 Mccormick Parkway,50330,IA,tshipmano0@mashable.com
866,Raina Rudwell,18 Kim Center,23464,VA,rrudwello1@bing.com
867,Gillie Swindin,42732 Harbort Terrace,20046,DC,gswindino2@freewebs.com
868,Stephen Cuttell,0072 Northfield Avenue,20530,DC,scuttello3@acquirethisname.com
869,Hermina Jacquemot,86 Division Alley,78749,TX,hjacquemoto4@theatlantic.com
870,Bel Clemonts,8 Westport Place,30328,GA,bclemontso5@over-blog.com
871,Paige Coggings,31 Warner Alley,47805,IN,pcoggingso6@phoca.cz
872,Marcia Whatman,8 Maryland Circle,94207,CA,mwhatmano7@pagesperso-orange.fr
873,Olia Capps,2330 Thackeray Road,70149,LA,ocappso8@hostgator.com
874,Lorrie Spickett,599 Macpherson Way,78210,TX,lspicketto9@marketwatch.com
875,Zeb Degue,0 Doe Crossing Parkway,33994,FL,zdegueoa@instagram.com
876,Estella Sharpless,4648 Steensland Way,24048,VA,esharplessob@simplemachines.org
877,Brinn Feehan,4987 Westport Plaza,27690,NC,bfeehanoc@google.ca
878,Tillie O'Downe,3 John Wall Drive,08922,NJ,todowneod@pcworld.com
879,Theodor Maylour,25911 Shasta Terrace,89160,NV,tmaylouroe@miitbeian.gov.cn
880,Chickie Rulton,8 Grover Plaza,17405,PA,crultonof@edublogs.org
881,Shandie McKibbin,9 Pepper Wood Avenue,60609,IL,smckibbinog@go.com
882,Rubi Jevon,85231 Meadow Valley Court,18763,PA,rjevonoh@amazon.com
883,Emmalynne Woolerton,648 Forest Terrace,77250,TX,ewoolertonoi@dmoz.org
884,Kordula Hucquart,75633 Farragut Trail,40515,KY,khucquartoj@nature.com
885,Branden Buxcey,79 Pearson Circle,20910,MD,bbuxceyok@nifty.com
886,Pierce Charopen,363 Duke Park,98175,WA,pcharopenol@canalblog.com
887,Ursala Roback,95 Maple Wood Court,40215,KY,urobackom@shinystat.com
888,Teresina Lamb,3722 Forest Run Circle,91411,CA,tlambon@ycombinator.com
889,Wolfie Klesl,80895 Roxbury Crossing,20210,DC,wklesloo@quantcast.com
890,Tucker Hengoed,22561 Kings Hill,22225,VA,thengoedop@virginia.edu
891,Iosep Hankard,210 Continental Circle,02283,MA,ihankardoq@blogspot.com
892,Gwenni Robardley,548 Harbort Park,10150,NY,grobardleyor@cbc.ca
893,Cal Ughini,4 Graceland Road,68105,NE,cughinios@reuters.com
894,Calley Houndesome,94 Clyde Gallagher Park,92844,CA,choundesomeot@netvibes.com
895,Lee Bellson,43 Bayside Place,60624,IL,lbellsonou@apache.org
896,Dacie Fillan,7295 Luster Crossing,48555,MI,dfillanov@xrea.com
897,Corenda de Broke,02 Gateway Court,50362,IA,cdeow@dedecms.com
898,Brigitte Gerge,69699 Mallory Alley,88514,TX,bgergeox@elpais.com
899,Rosalinda Burleigh,4705 Badeau Road,32941,FL,rburleighoy@sciencedirect.com
900,Antonina MacPike,6699 Dorton Road,99205,WA,amacpikeoz@amazonaws.com
901,Bert Turban,0721 Toban Pass,02216,MA,bturbanp0@wordpress.org
902,Dyann Goudie,8 East Trail,93726,CA,dgoudiep1@weebly.com
903,Roman Frederick,4 Darwin Point,67205,KS,rfrederickp2@scientificamerican.com
904,Hobard Shearstone,610 Sherman Junction,78240,TX,hshearstonep3@istockphoto.com
905,Rosette Winfindine,881 Elmside Way,19178,PA,rwinfindinep4@google.com.br
906,Maddie De la Perrelle,83581 Randy Plaza,36104,AL,mdep5@ow.ly
907,Nomi Outibridge,53 Mifflin Place,31605,GA,noutibridgep6@shinystat.com
908,Hadleigh Deniset,6 Mesta Drive,70033,LA,hdenisetp7@buzzfeed.com
909,Giustino MacManus,838 Darwin Plaza,98195,WA,gmacmanusp8@fotki.com
910,Demetra Giraudat,393 Kropf Junction,14269,NY,dgiraudatp9@lulu.com
911,Kattie Wellstood,070 Miller Terrace,20022,DC,kwellstoodpa@clickbank.net
912,Maren Devonshire,4370 Iowa Street,33715,FL,mdevonshirepb@smugmug.com
913,Mead Loades,685 Gale Drive,16522,PA,mloadespc@sfgate.com
914,Natala Murdie,392 Bunting Point,60686,IL,nmurdiepd@illinois.edu
915,Benedetta McAlinden,806 Thompson Point,68179,NE,bmcalindenpe@state.tx.us
916,Lindsay Stringfellow,0767 Alpine Trail,77245,TX,lstringfellowpf@free.fr
917,Barney Nijssen,8 Meadow Vale Circle,70616,LA,bnijssenpg@theglobeandmail.com
918,Cross Alans,82862 Bashford Way,34238,FL,calansph@soundcloud.com
919,Cecelia Bowich,85 Red Cloud Court,63143,MO,cbowichpi@google.fr
920,Court Kidd,52 Brickson Park Parkway,20370,DC,ckiddpj@google.nl
921,Marta Edgar,0 Dennis Point,34276,FL,medgarpk@home.pl
922,Pegeen Ruscoe,64 Annamark Trail,70593,LA,pruscoepl@flickr.com
923,Tuck Darrigone,7 Mayer Court,29208,SC,tdarrigonepm@cnn.com
924,Dianemarie Boullen,162 Montana Park,24020,VA,dboullenpn@chicagotribune.com
925,Irma Grinaway,8555 Alpine Road,31605,GA,igrinawaypo@amazon.co.jp
926,Eddi Herety,8 Scofield Drive,79911,TX,eheretypp@360.cn
927,Hinda Cave,3 Sullivan Trail,25775,WV,hcavepq@cnn.com
928,Elisha Kinvan,9 Red Cloud Point,23213,VA,ekinvanpr@amazon.com
929,Thaddus Domerc,39422 Kings Terrace,46699,IN,tdomercps@google.co.uk
930,Rodolphe Limeburn,4 Brown Lane,10014,NY,rlimeburnpt@cpanel.net
931,Dianemarie Fritschel,1630 Columbus Alley,44505,OH,dfritschelpu@cbslocal.com
932,Karolina Fryatt,02 Northridge Way,28410,NC,kfryattpv@hud.gov
933,Aila Gasquoine,3784 Fulton Point,20036,DC,agasquoinepw@slate.com
934,Hall Heijne,742 Hoard Circle,44905,OH,hheijnepx@yahoo.co.jp
935,Olvan Fluit,40 Melody Court,46825,IN,ofluitpy@disqus.com
936,Lin Mc Menamin,8 Golf Plaza,23509,VA,lmcpz@slate.com
937,Alfonse Delle,31 Monterey Point,92705,CA,adelleq0@joomla.org
938,Si Smaile,42 La Follette Road,35290,AL,ssmaileq1@nationalgeographic.com
939,Marlee Smylie,6 Homewood Way,30911,GA,msmylieq2@tinyurl.com
940,Zacharia Haggath,8 Novick Alley,15279,PA,zhaggathq3@businessweek.com
941,Brandi Ciepluch,9209 Grim Junction,33069,FL,bciepluchq4@sina.com.cn
942,Bertina Foxworthy,355 Vahlen Hill,32941,FL,bfoxworthyq5@wiley.com
943,Langston Cutten,8997 Hintze Trail,10469,NY,lcuttenq6@utexas.edu
944,Lorrie Guiduzzi,45 Thompson Drive,92619,CA,lguiduzziq7@goodreads.com
945,Marsiella Notman,27 Dovetail Hill,48267,MI,mnotmanq8@facebook.com
946,Jewell Yukhnov,7946 High Crossing Lane,32244,FL,jyukhnovq9@hhs.gov
947,Zebulen Domanek,64 Paget Park,95813,CA,zdomanekqa@nytimes.com
948,Chaddy Pellamonuten,0 Veith Crossing,75205,TX,cpellamonutenqb@sphinn.com
949,Theo Fanner,44 Riverside Park,36641,AL,tfannerqc@slideshare.net
950,Vivienne Weben,4 Maple Wood Parkway,30130,GA,vwebenqd@army.mil
951,Wrennie Bellow,55882 Carey Park,32919,FL,wbellowqe@theatlantic.com
952,Lyssa Clampe,2681 Golden Leaf Street,92878,CA,lclampeqf@npr.org
953,Vinson Kinner,0894 Nova Avenue,68105,NE,vkinnerqg@abc.net.au
954,Garvy Habbon,3 Division Court,72199,AR,ghabbonqh@washington.edu
955,Lurette O'Dare,12 Dunning Plaza,19146,PA,lodareqi@virginia.edu
956,Lucinda Jochen,0 Prairieview Avenue,73173,OK,ljochenqj@narod.ru
957,Lawton Claye,59 American Ash Way,15235,PA,lclayeqk@ox.ac.uk
958,Powell Deer,3 Miller Junction,48912,MI,pdeerql@sfgate.com
959,Lyon Southerell,86272 Melrose Lane,71914,AR,lsoutherellqm@soup.io
960,Lorrie Laroze,042 Milwaukee Road,53285,WI,llarozeqn@163.com
961,Buckie Robillart,84010 Red Cloud Trail,02283,MA,brobillartqo@discuz.net
962,Anselm De Pietri,33 Beilfuss Road,44555,OH,adeqp@cyberchimps.com
963,Scarlet Wardell,7285 Marquette Road,97075,OR,swardellqq@patch.com
964,Thor Rollason,05270 Ilene Hill,19897,DE,trollasonqr@newsvine.com
965,Gusty Pinor,8 New Castle Court,13224,NY,gpinorqs@netlog.com
966,Gard Mouatt,472 Dakota Parkway,22333,VA,gmouattqt@1688.com
967,Heda Cisec,523 Huxley Plaza,10175,NY,hcisecqu@drupal.org
968,Shayne Chesworth,1179 Leroy Point,06859,CT,schesworthqv@hhs.gov
969,Nadya Hearnah,97654 Ryan Hill,12242,NY,nhearnahqw@nba.com
970,Tonnie Raithmill,487 Lawn Alley,40510,KY,traithmillqx@instagram.com
971,Berna Bloomfield,2 Onsgard Center,68179,NE,bbloomfieldqy@vistaprint.com
972,Nichol Wennington,06250 Johnson Circle,35810,AL,nwenningtonqz@desdev.cn
973,Nathaniel Stoddart,80416 Thackeray Terrace,78415,TX,nstoddartr0@berkeley.edu
974,Reuven Elph,35712 Scoville Plaza,48267,MI,relphr1@amazon.co.uk
975,Elke Goodding,409 Daystar Avenue,43615,OH,egooddingr2@feedburner.com
976,Izzy Chastel,210 Debra Drive,32610,FL,ichastelr3@eventbrite.com
977,Elfie Fanthome,06362 Farragut Plaza,16534,PA,efanthomer4@xrea.com
978,Daffy Westgarth,034 Morningstar Parkway,50320,IA,dwestgarthr5@yellowpages.com
979,Kelly Critoph,5395 Glacier Hill Crossing,77343,TX,kcritophr6@nature.com
980,Fields Copplestone,88199 Monument Terrace,46699,IN,fcopplestoner7@jimdo.com
981,Wynn Abramski,467 Mifflin Drive,50347,IA,wabramskir8@webs.com
982,Lucius Dibbert,9826 Melrose Drive,32118,FL,ldibbertr9@shop-pro.jp
983,Hillery Nornable,2035 Ridgeview Drive,19184,PA,hnornablera@gov.uk
984,Orsola Tidbury,2580 Truax Pass,10024,NY,otidburyrb@yahoo.com
985,Althea Donovin,533 Gale Crossing,94611,CA,adonovinrc@illinois.edu
986,Bryce Reedie,3 Sutherland Pass,47805,IN,breedierd@discovery.com
987,Howard Sunderland,4 Golf View Circle,49048,MI,hsunderlandre@g.co
988,Dorolice Crollman,108 Manley Crossing,29615,SC,dcrollmanrf@craigslist.org
989,La verne Dumingo,5 6th Place,95354,CA,lvernerg@cyberchimps.com
990,Meris Milbourn,04 Cascade Park,99517,AK,mmilbournrh@sitemeter.com
991,Herby Morpeth,98668 Grover Pass,32399,FL,hmorpethri@php.net
992,Eldin Orrill,4395 Donald Road,77343,TX,eorrillrj@auda.org.au
993,Paloma Simony,4738 Mosinee Pass,23464,VA,psimonyrk@miitbeian.gov.cn
994,Skell Bingell,18 Cody Court,37450,TN,sbingellrl@storify.com
995,Ahmad Strood,36682 Raven Trail,23225,VA,astroodrm@upenn.edu
996,Bartholomeus Finlaison,18117 Menomonie Pass,89140,NV,bfinlaisonrn@twitter.com
997,Rozanne Simpkiss,86297 Schiller Center,39305,MS,rsimpkissro@sogou.com
998,Tracy Temperley,9 Muir Avenue,97206,OR,ttemperleyrp@cbslocal.com
999,Anna-diane Roostan,9 Jackson Alley,32314,FL,aroostanrq@cbslocal.com
1000,Georgia Bottell,4 Buhler Avenue,40515,KY,gbottellrr@upenn.edu
