id,name,address,zipcode,state,email
1,Dion Preon,072 Kings Road,33615,FL,dpreon0@infoseek.co.jp
2,Krissy Peschka,91 Ludington Parkway,00214,NH,kpeschka1@yahoo.com
3,Berty Coggen,55 Chinook Junction,00214,NH,bcoggen2@networkadvertising.org
4,Emelina Lewins,95091 Dapin Crossing,78759,TX,elewins3@themeforest.net
5,Belinda Osgarby,637 Boyd Center,88546,TX,bosgarby4@weather.com
6,Britney Devinn,04243 Northport Junction,01654,MA,bdevinn5@unicef.org
7,Dyanne Meaker,58 Kingsford Road,12305,NY,dmeaker6@fotki.com
8,Stanly Belverstone,0348 Schurz Pass,11215,NY,sbelverstone7@imgur.com
9,Felipe Chsteney,805 Iowa Avenue,33129,FL,fchsteney8@example.com
10,Dana Pretsell,24 Mccormick Avenue,79188,TX,dpretsell9@constantcontact.com
11,Carline Wastling,2294 Sachtjen Crossing,85260,AZ,cwastlinga@comsenz.com
12,Tami Ratazzi,533 Randy Road,70810,LA,tratazzib@usgs.gov
13,Florentia Critchell,8228 Melby Trail,44191,OH,fcritchellc@cornell.edu
14,Pascale Harwin,1845 Tomscot Junction,45238,OH,pharwind@freewebs.com
15,Emlyn Mildner,65 1st Lane,87121,NM,emildnere@ucoz.com
16,Eba Donkersley,5 School Drive,80044,CO,edonkersleyf@craigslist.org
17,Ara Gout,11769 Melody Avenue,98417,WA,agoutg@is.gd
18,Jamesy Shobrook,344 Lakewood Gardens Point,15266,PA,jshobrookh@wikimedia.org
19,Maridel Iban,8 Lawn Circle,70183,LA,mibani@reference.com
20,Luciana Sharphouse,4 Rigney Way,92710,CA,lsharphousej@google.com.hk
21,Reuben Cheetham,5 6th Point,32236,FL,rcheethamk@networksolutions.com
22,Parrnell Sarll,6 5th Hill,53716,WI,psarlll@nsw.gov.au
23,Patti Cadell,85019 Brentwood Center,33972,FL,pcadellm@epa.gov
24,Hedvige Blitzer,873 Melby Drive,80126,CO,hblitzern@time.com
25,Aluino Barcke,7821 Harper Trail,12205,NY,abarckeo@symantec.com
26,Cybil Abelwhite,9 Charing Cross Point,92705,CA,cabelwhitep@ftc.gov
27,Olenolin Attoe,52 Dovetail Avenue,15134,PA,oattoeq@skype.com
28,Dinny Cristofanini,295 Troy Crossing,55564,MN,dcristofaninir@histats.com
29,Hannie Dale,45 Sage Pass,49006,MI,hdales@homestead.com
30,Giacopo Rose,731 Autumn Leaf Park,37250,TN,groset@hubpages.com
31,Terra Syne,632 Anderson Hill,08608,NJ,tsyneu@opera.com
32,Torrence Mynett,61440 Coolidge Drive,33680,FL,tmynettv@wp.com
33,Dory Schurig,164 Ridge Oak Terrace,77010,TX,dschurigw@digg.com
34,Joice Morrieson,3 Westridge Terrace,94286,CA,jmorriesonx@github.io
35,Martino Evenett,650 Blaine Place,20029,DC,mevenetty@facebook.com
36,Edwina Pinnigar,6946 Twin Pines Road,20046,DC,epinnigarz@slideshare.net
37,Delmore Maso,69 Hovde Alley,78220,TX,dmaso10@shinystat.com
38,Violetta Attoe,5 Londonderry Lane,48609,MI,vattoe11@privacy.gov.au
39,Hilarius Snelson,7441 Butternut Avenue,20591,DC,hsnelson12@fotki.com
40,Glennis Fone,29 Scoville Street,32520,FL,gfone13@multiply.com
41,Pandora Tchir,2 Sloan Point,12242,NY,ptchir14@answers.com
42,Hilliary Fishpond,666 Lotheville Trail,64054,MO,hfishpond15@foxnews.com
43,Ealasaid Keaves,651 Norway Maple Avenue,32595,FL,ekeaves16@angelfire.com
44,Emanuel Semiras,07 Monica Point,20041,DC,esemiras17@forbes.com
45,Lev Kinglake,9459 Grasskamp Pass,94137,CA,lkinglake18@cdbaby.com
46,Elka Soan,4 Armistice Court,70179,LA,esoan19@mapy.cz
47,Orv Casbon,1 Lyons Alley,79491,TX,ocasbon1a@unesco.org
48,Brian Gooden,1 Troy Place,47306,IN,bgooden1b@usnews.com
49,Rhonda Laherty,551 Paget Way,83711,ID,rlaherty1c@cyberchimps.com
50,Daria Pendell,927 Ryan Terrace,35215,AL,dpendell1d@umn.edu
51,Barb Garman,6415 Towne Trail,11431,NY,bgarman1e@ebay.co.uk
52,Dillie Wolpert,80783 Hauk Alley,70894,LA,dwolpert1f@yahoo.com
53,Ophelia Assad,39 Dixon Alley,34290,FL,oassad1g@squidoo.com
54,Blondelle Arnau,9421 Morrow Drive,20851,MD,barnau1h@unesco.org
55,Falkner Blakesley,6317 Tennyson Crossing,32304,FL,fblakesley1i@samsung.com
56,Tori Creaser,9 Del Mar Court,31422,GA,tcreaser1j@time.com
57,Lottie Brickwood,66794 Macpherson Plaza,32511,FL,lbrickwood1k@so-net.ne.jp
58,Sayer Florey,7057 Schmedeman Pass,40250,KY,sflorey1l@mysql.com
59,Abbey Cosslett,2535 Londonderry Hill,20851,MD,acosslett1m@usatoday.com
60,Elly Warhurst,034 Sutteridge Parkway,75387,TX,ewarhurst1n@nsw.gov.au
61,Ephraim Armer,94 Mayfield Center,93709,CA,earmer1o@google.pl
62,Andrey Trenbay,23 Springview Plaza,19610,PA,atrenbay1p@amazon.co.jp
63,Celine Scroggs,0 Donald Alley,36119,AL,cscroggs1q@usa.gov
64,Lloyd Impy,66 Cordelia Avenue,36610,AL,limpy1r@oakley.com
65,Leigha McCarthy,08641 Waywood Street,33694,FL,lmccarthy1s@networksolutions.com
66,Mag Moysey,0 Rigney Junction,94302,CA,mmoysey1t@istockphoto.com
67,Mike Cridlon,985 Paget Lane,30033,GA,mcridlon1u@cbsnews.com
68,Burch Ovitz,92497 Utah Parkway,94913,CA,bovitz1v@google.co.uk
69,Gwenny Bownd,1 Novick Place,79405,TX,gbownd1w@usa.gov
70,Guillermo Bartkowiak,7 Texas Junction,47719,IN,gbartkowiak1x@omniture.com
71,Dwayne Riche,6 Fairfield Place,07208,NJ,driche1y@xrea.com
72,Carmen Jacke,71 Badeau Place,90035,CA,cjacke1z@chronoengine.com
73,Joellyn Mant,01679 Sutteridge Parkway,71137,LA,jmant20@ucla.edu
74,Pavia Ducroe,288 Oxford Park,32808,FL,pducroe21@meetup.com
75,Linette Bangiard,534 Parkside Plaza,49444,MI,lbangiard22@shinystat.com
76,Caleb Brickwood,69897 Tony Trail,02912,RI,cbrickwood23@cornell.edu
77,Kerianne Seabrooke,24 4th Hill,19495,PA,kseabrooke24@edublogs.org
78,Maighdiln Pumfrett,89893 Morrow Hill,20268,DC,mpumfrett25@wikia.com
79,Woodrow Easton,862 Dahle Terrace,83711,ID,weaston26@dell.com
80,Elysia Kennaway,098 Farwell Circle,89155,NV,ekennaway27@cbc.ca
81,Ardene Eskell,96 Mcbride Junction,85053,AZ,aeskell28@google.co.uk
82,Damara Chessel,29912 Ramsey Way,17126,PA,dchessel29@smh.com.au
83,Anselma Guesford,2133 Mandrake Court,02305,MA,aguesford2a@ed.gov
84,Jessica Gulk,0342 Northland Road,85040,AZ,jgulk2b@un.org
85,Quentin Fieller,1 Mcbride Alley,90305,CA,qfieller2c@un.org
86,Sholom Gotecliffe,8 Forest Dale Plaza,85210,AZ,sgotecliffe2d@yellowpages.com
87,Bryant Longforth,21194 Jay Trail,81010,CO,blongforth2e@tripadvisor.com
88,Alair Muneely,1430 Stang Circle,89012,NV,amuneely2f@booking.com
89,Yoshi McBratney,50 Grasskamp Court,55114,MN,ymcbratney2g@imgur.com
90,Lorna Tomaszczyk,26 Aberg Street,10280,NY,ltomaszczyk2h@statcounter.com
91,Carlita Rockell,9 Nancy Pass,93034,CA,crockell2i@flavors.me
92,Leila Yirrell,21 Division Place,83716,ID,lyirrell2j@blinklist.com
93,Letti O Mullen,0 Pine View Park,43666,OH,lo2k@mit.edu
94,Steve Gasken,4 Monterey Alley,50347,IA,sgasken2l@google.com.br
95,Arlie Heister,0 Superior Terrace,92867,CA,aheister2m@sitemeter.com
96,Jobyna Arstingall,6044 Roxbury Point,14269,NY,jarstingall2n@godaddy.com
97,Abigale Kolakovic,71273 Forest Place,25362,WV,akolakovic2o@theatlantic.com
98,Karlee Wiskar,0204 Redwing Parkway,91186,CA,kwiskar2p@pen.io
99,Aurelie Daveren,3678 Pawling Crossing,91841,CA,adaveren2q@angelfire.com
100,Kimberlee Panner,864 Mcguire Pass,19495,PA,kpanner2r@marketwatch.com
101,Wini Speeks,30 Cardinal Parkway,78415,TX,wspeeks2s@apache.org
102,Cyndia Bixley,84 Colorado Park,15235,PA,cbixley2t@upenn.edu
103,Lizzy Summerson,4 Goodland Pass,52405,IA,lsummerson2u@state.gov
104,Marylinda Gresser,92555 Badeau Junction,62711,IL,mgresser2v@mlb.com
105,Sammy McKinley,600 Heffernan Avenue,20784,MD,smckinley2w@noaa.gov
106,Dalli Standbrook,107 Erie Drive,80005,CO,dstandbrook2x@delicious.com
107,Trixie Dreghorn,203 Scott Center,48604,MI,tdreghorn2y@nasa.gov
108,Clare Sabine,72496 Pond Alley,34276,FL,csabine2z@mlb.com
109,Sherline Oliffe,103 Mesta Center,33963,FL,soliffe30@sohu.com
110,Patricio Bulleyn,49 Monument Park,32919,FL,pbulleyn31@bravesites.com
111,Merry Bulbeck,99347 Springs Plaza,01813,MA,mbulbeck32@cisco.com
112,Shannon Minchenton,98036 Arrowood Junction,53716,WI,sminchenton33@princeton.edu
113,Maximilian Breakey,5937 Lerdahl Trail,01813,MA,mbreakey34@census.gov
114,Trent Benzies,4427 Pawling Hill,33129,FL,tbenzies35@youtu.be
115,Redd Muehler,03294 Thackeray Court,33190,FL,rmuehler36@prnewswire.com
116,Justen Hegg,2774 Tomscot Place,14276,NY,jhegg37@weather.com
117,Sunshine Mallinson,044 Trailsway Court,55166,MN,smallinson38@icio.us
118,Yolanthe Vennings,17 Tomscot Trail,70174,LA,yvennings39@bizjournals.com
119,Wileen Raccio,5279 Fordem Way,85255,AZ,wraccio3a@un.org
120,Leigha Enticott,4 American Plaza,77266,TX,lenticott3b@usda.gov
121,Clyde McArdell,306 Weeping Birch Plaza,46221,IN,cmcardell3c@webeden.co.uk
122,Baudoin Kemitt,31322 Express Circle,95219,CA,bkemitt3d@hubpages.com
123,Benton Hurl,04 Morningstar Hill,92668,CA,bhurl3e@google.co.jp
124,Meriel Bricknall,5198 Sunnyside Park,78754,TX,mbricknall3f@latimes.com
125,Jay Scorrer,1 Randy Road,76305,TX,jscorrer3g@irs.gov
126,Kip Toyer,57 Iowa Crossing,80305,CO,ktoyer3h@squidoo.com
127,Fenelia Girhard,3943 Banding Pass,55446,MN,fgirhard3i@baidu.com
128,Ninetta Wassell,0400 Everett Way,17405,PA,nwassell3j@ustream.tv
129,Lauri Chawkley,34249 Westerfield Plaza,21265,MD,lchawkley3k@hud.gov
130,Che Kielt,55 Dunning Junction,90094,CA,ckielt3l@hostgator.com
131,Hedwig Jewers,7 Stang Place,53210,WI,hjewers3m@vistaprint.com
132,Peria Teliga,506 Pierstorff Drive,32627,FL,pteliga3n@privacy.gov.au
133,Llywellyn Huskisson,2038 Sunnyside Junction,90055,CA,lhuskisson3o@un.org
134,Sansone Isitt,3117 Caliangt Avenue,87195,NM,sisitt3p@posterous.com
135,Annice Willbourne,14 Gina Center,75236,TX,awillbourne3q@yahoo.com
136,Billy Duke,4 Fairview Terrace,02405,MA,bduke3r@tiny.cc
137,Vita Durante,369 Marcy Trail,74193,OK,vdurante3s@hubpages.com
138,Elyssa Goshawke,66 Dryden Street,17140,PA,egoshawke3t@about.me
139,Philis Rimer,54 Shoshone Court,29208,SC,primer3u@cbslocal.com
140,Nelly Truggian,88 Hanson Park,71914,AR,ntruggian3v@umich.edu
141,Anne Mival,37086 Drewry Avenue,93386,CA,amival3w@lulu.com
142,Lainey Flounders,393 Mallard Street,61635,IL,lflounders3x@4shared.com
143,Allyson Gosnoll,06 Gerald Plaza,79105,TX,agosnoll3y@nifty.com
144,Trina Beachamp,285 American Ash Street,74103,OK,tbeachamp3z@mit.edu
145,Debra McConway,460 Barnett Circle,05609,VT,dmcconway40@chron.com
146,Estrella Sommerville,938 Carberry Center,18514,PA,esommerville41@sohu.com
147,Maye Slayford,2 Columbus Terrace,21239,MD,mslayford42@csmonitor.com
148,Saudra Petrenko,1 Fremont Point,80945,CO,spetrenko43@nbcnews.com
149,Klarrisa De Michetti,5 Waxwing Way,93773,CA,kde44@skype.com
150,Rasla Andre,432 Grayhawk Place,93778,CA,randre45@hp.com
151,Rupert Emilien,835 5th Court,89155,NV,remilien46@opera.com
152,Carolann Earthfield,92054 Carey Circle,93715,CA,cearthfield47@nsw.gov.au
153,Carlynn Brideoke,42 Miller Street,80223,CO,cbrideoke48@prweb.com
154,Horten Gotch,21946 Forest Dale Lane,06816,CT,hgotch49@ibm.com
155,Ginelle Jorin,00 Aberg Center,46814,IN,gjorin4a@domainmarket.com
156,Georgeanna Skeermor,5570 Fuller Parkway,97206,OR,gskeermor4b@uiuc.edu
157,Kiele Jorck,739 Fuller Pass,99220,WA,kjorck4c@simplemachines.org
158,Lynea Krishtopaittis,76 Elmside Way,75397,TX,lkrishtopaittis4d@aboutads.info
159,Rodrick Marsden,146 La Follette Plaza,65218,MO,rmarsden4e@smh.com.au
160,Fiann Heymes,6232 Mayfield Crossing,71105,LA,fheymes4f@networksolutions.com
161,Normy Llewellin,1 Mariners Cove Alley,76178,TX,nllewellin4g@privacy.gov.au
162,Lammond Dionis,601 Anniversary Pass,99205,WA,ldionis4h@usgs.gov
163,Winn Edsall,177 Veith Circle,20226,DC,wedsall4i@nsw.gov.au
164,Faina Bleby,88298 School Center,38143,TN,fbleby4j@smugmug.com
165,Goddard Sandlin,1025 Independence Junction,92145,CA,gsandlin4k@netscape.com
166,Barth Rosenschein,53815 Melody Drive,80223,CO,brosenschein4l@telegraph.co.uk
167,Urbano Abbey,883 Lillian Center,07505,NJ,uabbey4m@about.me
168,Welsh Veare,7 Burning Wood Junction,77271,TX,wveare4n@sakura.ne.jp
169,Sandy Pittet,6059 Dixon Plaza,52410,IA,spittet4o@printfriendly.com
170,Meghan Wastell,293 Sage Alley,90050,CA,mwastell4p@spiegel.de
171,Consuelo Balmer,7511 Cordelia Street,25721,WV,cbalmer4q@parallels.com
172,Whitaker Mathwin,2995 Maple Wood Drive,22313,VA,wmathwin4r@latimes.com
173,Winfred Stainson,11 Bunker Hill Junction,92013,CA,wstainson4s@fda.gov
174,Emyle Kikke,1 Golf View Drive,96835,HI,ekikke4t@purevolume.com
175,Griffin Todhunter,677 Green Ridge Circle,20525,DC,gtodhunter4u@noaa.gov
176,Wilbert Valencia,73883 Blackbird Terrace,33325,FL,wvalencia4v@discovery.com
177,Norrie Dowe,9914 Bultman Plaza,27150,NC,ndowe4w@noaa.gov
178,Huntington Rodenburg,405 Everett Parkway,76310,TX,hrodenburg4x@toplist.cz
179,Jennee Feenan,7 Redwing Crossing,33673,FL,jfeenan4y@csmonitor.com
180,Aili Cashin,60348 Division Street,95123,CA,acashin4z@auda.org.au
181,Thor Milberry,872 Browning Place,27404,NC,tmilberry50@chronoengine.com
182,Netty Yakubovich,26 Fair Oaks Park,85311,AZ,nyakubovich51@hao123.com
183,Lyon Moniker,783 Grover Center,46254,IN,lmoniker52@cornell.edu
184,Bellanca Dietsche,99 Garrison Hill,36125,AL,bdietsche53@shutterfly.com
185,Ferdinand Bendon,6630 Utah Road,73071,OK,fbendon54@t-online.de
186,Nicolais Gullam,07176 Garrison Center,34620,FL,ngullam55@ibm.com
187,Dot Seakes,2 Dixon Trail,77070,TX,dseakes56@cyberchimps.com
188,Chane Hartland,0999 Ohio Street,06912,CT,chartland57@weebly.com
189,Gabie Gierke,6 Continental Center,60567,IL,ggierke58@google.ca
190,Betti Redsall,24 Autumn Leaf Parkway,73152,OK,bredsall59@devhub.com
191,Devora Edensor,063 Rieder Pass,48126,MI,dedensor5a@163.com
192,Rebbecca Farquarson,6 Lyons Street,80005,CO,rfarquarson5b@ezinearticles.com
193,Madlen Wornum,673 Susan Center,18706,PA,mwornum5c@aol.com
194,Brandise Maffiotti,05106 Mendota Road,10454,NY,bmaffiotti5d@ow.ly
195,Lauritz Meininger,85789 Del Mar Parkway,77040,TX,lmeininger5e@dmoz.org
196,Electra Portress,379 Montana Hill,55805,MN,eportress5f@howstuffworks.com
197,Joan Micklewicz,7475 Glacier Hill Lane,20904,MD,jmicklewicz5g@simplemachines.org
198,Hadrian Mcwhinnie,46842 Muir Avenue,95219,CA,hmcwhinnie5h@bizjournals.com
199,Marguerite Fleisch,84 Spenser Terrace,01610,MA,mfleisch5i@ustream.tv
200,Sibby Davitti,9440 Moose Plaza,25331,WV,sdavitti5j@umich.edu
201,Tremaine Mc Caughan,197 Bunting Plaza,20530,DC,tmc5k@comsenz.com
202,Seamus Perl,61 Atwood Park,40280,KY,sperl5l@com.com
203,Hirsch Wicher,47367 Pine View Hill,22908,VA,hwicher5m@latimes.com
204,Curcio Checchi,89 Alpine Circle,48267,MI,cchecchi5n@xrea.com
205,Gay Candlish,4969 Chinook Alley,93407,CA,gcandlish5o@blogspot.com
206,Baron Merdew,33973 Armistice Center,90505,CA,bmerdew5p@ovh.net
207,Gertrudis Witherspoon,7 Hallows Circle,85072,AZ,gwitherspoon5q@umich.edu
208,Berty Heinssen,2 Truax Junction,38114,TN,bheinssen5r@auda.org.au
209,Frasier Kinane,3 Menomonie Avenue,35242,AL,fkinane5s@posterous.com
210,Barnett Rosindill,7 Shelley Point,06705,CT,brosindill5t@answers.com
211,Renato Logue,24 Heath Park,98175,WA,rlogue5u@nytimes.com
212,Durand Downie,1808 Ruskin Center,39305,MS,ddownie5v@jugem.jp
213,Jeniece Peet,942 Karstens Alley,08695,NJ,jpeet5w@taobao.com
214,Layne Audritt,962 Memorial Crossing,97240,OR,laudritt5x@zimbio.com
215,Eddie Swoffer,83 Bonner Way,95852,CA,eswoffer5y@gravatar.com
216,Evelyn Furbank,8215 Lillian Court,93907,CA,efurbank5z@elegantthemes.com
217,Hobey Massen,686 Hovde Park,02109,MA,hmassen60@princeton.edu
218,Sallyanne Assiter,05297 Holmberg Park,78278,TX,sassiter61@sohu.com
219,Gideon Jefferies,4 Dayton Trail,19714,DE,gjefferies62@gravatar.com
220,Annie Blessed,7981 Express Way,01152,MA,ablessed63@loc.gov
221,Zola Cluet,0 Westport Center,47905,IN,zcluet64@rakuten.co.jp
222,Tiphanie Clymo,4 Loomis Crossing,01129,MA,tclymo65@i2i.jp
223,Ethelin Broad,282 Buena Vista Lane,28225,NC,ebroad66@wikipedia.org
224,Aliza Cisneros,2 Beilfuss Parkway,06152,CT,acisneros67@yellowpages.com
225,Brice Dexter,76 Katie Avenue,20337,DC,bdexter68@devhub.com
226,Cedric Tunnadine,9 Del Sol Road,37605,TN,ctunnadine69@princeton.edu
227,Say Sutherden,00915 Crowley Hill,62525,IL,ssutherden6a@cbslocal.com
228,Christiano Thewlis,7315 Sunnyside Court,71208,LA,cthewlis6b@usa.gov
229,Lenci Goldson,210 Mockingbird Drive,77206,TX,lgoldson6c@ftc.gov
230,Arnaldo Philps,132 Hazelcrest Junction,35895,AL,aphilps6d@cam.ac.uk
231,Kata Cawthorne,17103 Northview Center,19805,DE,kcawthorne6e@bigcartel.com
232,Conroy Bratt,63 Bartillon Avenue,33124,FL,cbratt6f@techcrunch.com
233,Deeyn Ogelsby,15467 Division Center,20046,DC,dogelsby6g@opensource.org
234,Alisha Gosland,361 Eliot Crossing,91841,CA,agosland6h@over-blog.com
235,Loree Simione,0806 Vidon Place,96820,HI,lsimione6i@reddit.com
236,Elset Alban,1516 Jana Circle,35244,AL,ealban6j@unicef.org
237,Gannie Dowsett,10784 Buell Alley,65218,MO,gdowsett6k@discuz.net
238,Storm Pickhaver,8053 Jenna Hill,35225,AL,spickhaver6l@usa.gov
239,Ignacius Marchetti,51173 Everett Trail,23277,VA,imarchetti6m@eepurl.com
240,Fernandina Harrad,2 Dennis Hill,61629,IL,fharrad6n@unblog.fr
241,Michell Runcie,222 Kipling Lane,97312,OR,mruncie6o@diigo.com
242,Nydia Sappell,94281 Lerdahl Drive,33972,FL,nsappell6p@sciencedaily.com
243,Meir Kemwall,601 Valley Edge Terrace,64136,MO,mkemwall6q@jiathis.com
244,Brewer McCerery,389 Brickson Park Road,98166,WA,bmccerery6r@csmonitor.com
245,Ogdan Arboin,4 7th Way,11205,NY,oarboin6s@i2i.jp
246,Chico Tomei,2 Fisk Hill,79491,TX,ctomei6t@sun.com
247,Cullan Falkinder,32876 Meadow Vale Road,85748,AZ,cfalkinder6u@wisc.edu
248,Ransom Spratt,5346 Gale Parkway,76796,TX,rspratt6v@cdbaby.com
249,Cammi Matheson,7776 2nd Parkway,33686,FL,cmatheson6w@w3.org
250,Wynny Kleyn,8 Continental Trail,37220,TN,wkleyn6x@naver.com
251,Ulric Matiebe,15978 Quincy Terrace,11241,NY,umatiebe6y@blogger.com
252,Stanislas Pitkins,5636 Carberry Lane,92710,CA,spitkins6z@studiopress.com
253,Maryanne Dadd,817 Fairview Junction,29905,SC,mdadd70@phoca.cz
254,Nicoline Atley,21941 Kennedy Crossing,33913,FL,natley71@cyberchimps.com
255,Gaelan Nortunen,73983 Scofield Road,38114,TN,gnortunen72@virginia.edu
256,Francine Wallace,0702 Westport Crossing,78726,TX,fwallace73@prweb.com
257,North Cater,345 Basil Drive,48107,MI,ncater74@unesco.org
258,Cassandry Tilbury,3 Vera Alley,20005,DC,ctilbury75@php.net
259,Timofei Boatwright,47 Nancy Point,22096,VA,tboatwright76@domainmarket.com
260,Elka Notti,20473 Cambridge Point,92519,CA,enotti77@prlog.org
261,Codi Tassel,32813 Kensington Parkway,78215,TX,ctassel78@howstuffworks.com
262,Jerrine Standfield,4 Northfield Park,70505,LA,jstandfield79@fc2.com
263,Korry Despenser,75 Carpenter Trail,60614,IL,kdespenser7a@freewebs.com
264,Bobette Mars,73 Moose Hill,33647,FL,bmars7b@bloglovin.com
265,Sigmund Instone,94844 Mccormick Parkway,07112,NJ,sinstone7c@rediff.com
266,Ariel Hartas,8 Schiller Street,75062,TX,ahartas7d@geocities.jp
267,Georas Camoletto,04 Johnson Circle,75049,TX,gcamoletto7e@goo.ne.jp
268,Perry Ambrodi,22 Londonderry Hill,34290,FL,pambrodi7f@prnewswire.com
269,Annette Pavlata,3 Harper Place,50320,IA,apavlata7g@domainmarket.com
270,Othelia Whickman,01636 Mayer Way,33633,FL,owhickman7h@comsenz.com
271,Carlie Ivanenkov,66150 Onsgard Lane,30386,GA,civanenkov7i@webeden.co.uk
272,Darice Ruffey,04987 Cascade Hill,11407,NY,druffey7j@samsung.com
273,Reyna Rymell,85 Kedzie Parkway,93715,CA,rrymell7k@discovery.com
274,Rheba Northill,53 Evergreen Park,87105,NM,rnorthill7l@comsenz.com
275,Grier Ludl,24250 Mariners Cove Drive,35236,AL,gludl7m@parallels.com
276,Ninnetta Chaudron,33 Linden Way,20409,DC,nchaudron7n@privacy.gov.au
277,Lemmie Duckitt,5 Sherman Junction,84093,UT,lduckitt7o@exblog.jp
278,Rabi Tessyman,1 Independence Circle,27425,NC,rtessyman7p@mail.ru
279,Blakelee Episcopi,459 Division Parkway,34108,FL,bepiscopi7q@typepad.com
280,Vin Franks,4 Bluestem Terrace,98506,WA,vfranks7r@vkontakte.ru
281,Keene Magog,2 Stoughton Alley,94263,CA,kmagog7s@pen.io
282,Donnell Greensides,591 Sunnyside Pass,77045,TX,dgreensides7t@tinyurl.com
283,Perry Chezier,4 Evergreen Center,23220,VA,pchezier7u@bravesites.com
284,Nissie Manhood,7304 Thompson Road,48258,MI,nmanhood7v@prlog.org
285,Belva Antonikov,696 Clyde Gallagher Street,80940,CO,bantonikov7w@ameblo.jp
286,Agna Wharin,33 Fieldstone Center,96835,HI,awharin7x@nationalgeographic.com
287,Clarissa Kellegher,45 Portage Road,75605,TX,ckellegher7y@1und1.de
288,Stanley Cunradi,93542 Saint Paul Way,43210,OH,scunradi7z@netlog.com
289,Thurstan Brack,5062 Forest Trail,30356,GA,tbrack80@huffingtonpost.com
290,Thorstein Hallifax,74 West Parkway,80525,CO,thallifax81@purevolume.com
291,Evelyn Ballance,00 Grayhawk Pass,33111,FL,eballance82@zimbio.com
292,Lola Jodrelle,406 Glendale Center,20073,DC,ljodrelle83@storify.com
293,Madison Monkleigh,90 Merchant Circle,89074,NV,mmonkleigh84@xrea.com
294,Rudie Glencrosche,309 Old Gate Circle,40586,KY,rglencrosche85@biglobe.ne.jp
295,Em Ninnoli,9 East Park,77305,TX,eninnoli86@spotify.com
296,Drusy Brandenburg,030 Waxwing Place,25711,WV,dbrandenburg87@yellowbook.com
297,Madelene Bleazard,93 Darwin Center,76310,TX,mbleazard88@oaic.gov.au
298,Archambault Wandrack,5 Susan Alley,46295,IN,awandrack89@wunderground.com
299,Augustus Oxbe,59 Bobwhite Avenue,19151,PA,aoxbe8a@godaddy.com
300,Kurt Awin,43437 Oak Valley Way,40581,KY,kawin8b@indiatimes.com
301,Uriel Blinman,8 Almo Terrace,91117,CA,ublinman8c@zimbio.com
302,Doralia Cady,1 Northport Junction,73119,OK,dcady8d@studiopress.com
303,Happy Scholard,93683 Crownhardt Crossing,27409,NC,hscholard8e@google.com.hk
304,Brit De Carteret,8606 Algoma Road,43240,OH,bde8f@shutterfly.com
305,Pavla Mussettini,009 Mifflin Junction,62705,IL,pmussettini8g@howstuffworks.com
306,Fred Cowle,145 Canary Circle,11054,NY,fcowle8h@theguardian.com
307,Dacey Veryan,61 Village Green Place,10150,NY,dveryan8i@businessweek.com
308,Myrle Seckom,45 Lawn Crossing,40256,KY,mseckom8j@mozilla.org
309,Cissiee Simpkin,6 Warrior Street,49510,MI,csimpkin8k@nationalgeographic.com
310,Jordana Akam,40889 Karstens Point,92867,CA,jakam8l@xrea.com
311,Filbert Garlicke,7430 Mariners Cove Crossing,77293,TX,fgarlicke8m@wp.com
312,Egon Lawden,314 Anhalt Hill,32526,FL,elawden8n@nature.com
313,Shae Curry,68909 Anthes Trail,16522,PA,scurry8o@symantec.com
314,Sashenka Dumbell,1552 Di Loreto Lane,45264,OH,sdumbell8p@desdev.cn
315,Marla Kuhnhardt,55 Dawn Parkway,89130,NV,mkuhnhardt8q@sciencedaily.com
316,Lenee Simonini,76491 David Drive,20910,MD,lsimonini8r@freewebs.com
317,Amos Yeatman,51 Hauk Lane,75226,TX,ayeatman8s@uiuc.edu
318,Carrie Velte,085 Granby Parkway,77218,TX,cvelte8t@indiatimes.com
319,Lotte Mahedy,9 Dovetail Court,93005,CA,lmahedy8u@wikispaces.com
320,Pavla Dowden,4807 Loeprich Street,68179,NE,pdowden8v@imdb.com
321,Avictor Halm,3274 Haas Avenue,29579,SC,ahalm8w@people.com.cn
322,Roderick Laviss,16 Ronald Regan Place,94622,CA,rlaviss8x@ftc.gov
323,Dosi MacGiffin,6 Texas Junction,44111,OH,dmacgiffin8y@slate.com
324,Morie Hubane,963 Oriole Crossing,63126,MO,mhubane8z@goo.gl
325,Lexie Ridesdale,67203 Laurel Lane,10165,NY,lridesdale90@prweb.com
326,Eden Curnokk,938 Lukken Terrace,73104,OK,ecurnokk91@house.gov
327,Frayda Gill,6 Spaight Court,24024,VA,fgill92@360.cn
328,Arthur Prantoni,8 Hazelcrest Street,77010,TX,aprantoni93@timesonline.co.uk
329,Elianora Abella,890 Sullivan Circle,91117,CA,eabella94@dion.ne.jp
330,Wade Serrurier,218 Myrtle Way,93740,CA,wserrurier95@dedecms.com
331,Tiffi Whipp,3232 Spaight Junction,98008,WA,twhipp96@reverbnation.com
332,Ive Dubbin,21 Oxford Lane,78764,TX,idubbin97@dagondesign.com
333,Paddie Cristoforo,5 Lerdahl Circle,23220,VA,pcristoforo98@theglobeandmail.com
334,Oates Border,3485 Marquette Park,84145,UT,oborder99@va.gov
335,Coralie Petty,975 Arapahoe Street,52804,IA,cpetty9a@joomla.org
336,Steffen Grain,8190 Columbus Road,85305,AZ,sgrain9b@elpais.com
337,Betti Arnaud,4 Dawn Junction,39505,MS,barnaud9c@bing.com
338,Elayne Yukhov,365 Grover Way,93106,CA,eyukhov9d@arstechnica.com
339,Gardy Dellenbrok,663 Spaight Street,45218,OH,gdellenbrok9e@deliciousdays.com
340,Donnajean Dunsmuir,40103 Marquette Avenue,87201,NM,ddunsmuir9f@feedburner.com
341,Amelita McCrainor,0 Toban Parkway,91210,CA,amccrainor9g@dailymotion.com
342,Dee dee Fieldsend,3455 Johnson Park,27710,NC,ddee9h@epa.gov
343,Debee Georgel,10 Farwell Court,96820,HI,dgeorgel9i@cdc.gov
344,Lusa Staig,8 Swallow Parkway,40215,KY,lstaig9j@ask.com
345,Alexio Melding,75083 Texas Lane,33737,FL,amelding9k@rambler.ru
346,Ange Dimmer,9 Harbort Way,48258,MI,adimmer9l@ebay.com
347,Harrie Laxtonne,0342 School Pass,35487,AL,hlaxtonne9m@cbc.ca
348,Lorie Hover,886 Grim Street,77240,TX,lhover9n@irs.gov
349,Sidoney Senechault,3888 Thompson Plaza,25716,WV,ssenechault9o@cdc.gov
350,Smith Allsobrook,332 Mockingbird Drive,92648,CA,sallsobrook9p@foxnews.com
351,Adlai Barme,9611 Merry Way,36689,AL,abarme9q@sfgate.com
352,Bevvy McGahey,83952 Pankratz Place,95852,CA,bmcgahey9r@narod.ru
353,Putnam Caulfield,927 5th Plaza,63143,MO,pcaulfield9s@aboutads.info
354,Ferdinanda MacLese,9 Redwing Hill,14269,NY,fmaclese9t@themeforest.net
355,Jud Shone,3 Red Cloud Plaza,32575,FL,jshone9u@so-net.ne.jp
356,Connor Carrett,4 Steensland Avenue,35279,AL,ccarrett9v@weibo.com
357,Ulises Gatteridge,48251 Rowland Terrace,81015,CO,ugatteridge9w@skype.com
358,Rhea Haizelden,0 Dapin Street,88535,TX,rhaizelden9x@wikimedia.org
359,Baudoin Jepperson,5 Sage Trail,55436,MN,bjepperson9y@fc2.com
360,Omero Andrault,6679 School Plaza,29579,SC,oandrault9z@people.com.cn
361,Cati Kiendl,5 Forest Run Drive,98115,WA,ckiendla0@adobe.com
362,Griffith Ronisch,0550 Gina Trail,92410,CA,gronischa1@google.ca
363,Christa Gallichiccio,65894 Carioca Drive,66642,KS,cgallichiccioa2@wired.com
364,Cyrille Cymper,79 Oak Valley Plaza,18768,PA,ccympera3@google.com.br
365,Milicent Gooderson,4 Mayfield Center,89155,NV,mgoodersona4@sakura.ne.jp
366,Oralia Husselbee,823 Graedel Parkway,10079,NY,ohusselbeea5@auda.org.au
367,Annalee Hatterslay,9938 Merchant Crossing,11254,NY,ahatterslaya6@desdev.cn
368,Allard Collyer,2745 Meadow Ridge Court,55114,MN,acollyera7@topsy.com
369,Tymon Banasevich,2609 Waxwing Place,32575,FL,tbanasevicha8@cnbc.com
370,Lind Crone,10597 Fordem Point,27105,NC,lcronea9@furl.net
371,Darcee Millyard,429 Golf Course Terrace,35290,AL,dmillyardaa@boston.com
372,Hayward Bartleman,8074 Division Lane,20057,DC,hbartlemanab@about.com
373,Nettle Brewitt,3531 Morningstar Parkway,79928,TX,nbrewittac@jalbum.net
374,Perl Barkley,73 Tennessee Avenue,80299,CO,pbarkleyad@ed.gov
375,Leonore Stobbes,6847 Eastwood Avenue,55551,MN,lstobbesae@sitemeter.com
376,Lolly McGovern,1 John Wall Way,19136,PA,lmcgovernaf@google.com.au
377,Rosina Creddon,0733 Iowa Parkway,27105,NC,rcreddonag@hexun.com
378,Gwenni Greenrod,66 Atwood Crossing,84115,UT,ggreenrodah@miibeian.gov.cn
379,Idette Pettus,7222 Banding Junction,64193,MO,ipettusai@mayoclinic.com
380,Camala Loos,446 Waywood Street,70607,LA,cloosaj@usnews.com
381,Arie Stead,8400 Menomonie Lane,45254,OH,asteadak@shareasale.com
382,Trula Schroter,07 Montana Court,85383,AZ,tschroteral@latimes.com
383,Bradney Baum,8 Roxbury Center,92645,CA,bbaumam@desdev.cn
384,Myer Foux,282 Prairieview Place,33158,FL,mfouxan@ezinearticles.com
385,Mechelle Ballantine,0771 Clemons Place,30195,GA,mballantineao@utexas.edu
386,Ricca Iggalden,998 Cascade Terrace,40576,KY,riggaldenap@pinterest.com
387,Melinde Harries,18 Red Cloud Road,11407,NY,mharriesaq@meetup.com
388,Shae Bentote,1 Oak Avenue,92170,CA,sbentotear@dedecms.com
389,Meagan Philippson,73073 Butterfield Alley,23220,VA,mphilippsonas@diigo.com
390,Paulina Bamber,9715 Maple Wood Alley,68517,NE,pbamberat@newyorker.com
391,Genni Heck,472 Holmberg Road,33315,FL,gheckau@prweb.com
392,Gran Burrel,623 Londonderry Road,91210,CA,gburrelav@parallels.com
393,Erda Ionnisian,4 Hoffman Crossing,19495,PA,eionnisianaw@twitter.com
394,Codi Crinkley,51 Anderson Center,08638,NJ,ccrinkleyax@cbsnews.com
395,Dulci Denys,49 Nancy Center,72118,AR,ddenysay@edublogs.org
396,Rozele Kilfether,511 6th Crossing,72209,AR,rkilfetheraz@sphinn.com
397,Prentiss Averall,50515 Caliangt Circle,33777,FL,paverallb0@de.vu
398,Stevie Luard,5 Moland Parkway,06721,CT,sluardb1@house.gov
399,Lira Belasco,463 Green Ridge Point,27116,NC,lbelascob2@de.vu
400,Latrina Anthony,816 Manufacturers Crossing,23668,VA,lanthonyb3@wp.com
401,Mala Veness,4021 Forest Dale Place,90805,CA,mvenessb4@gizmodo.com
402,Colette Grooby,5650 Maple Wood Trail,70005,LA,cgroobyb5@netscape.com
403,Yance Sangar,1250 Northfield Pass,40581,KY,ysangarb6@51.la
404,Farica Playfoot,24757 Caliangt Park,20062,DC,fplayfootb7@tripadvisor.com
405,Deb Joseff,3 Everett Drive,39296,MS,djoseffb8@rediff.com
406,Eugen De Malchar,36719 Fuller Crossing,77223,TX,edeb9@nifty.com
407,Germaine Kitter,149 Katie Street,33906,FL,gkitterba@slashdot.org
408,Maddy Isbell,0 Oneill Terrace,45233,OH,misbellbb@cbc.ca
409,Artair Robertis,0 Summer Ridge Lane,79955,TX,arobertisbc@washington.edu
410,Nowell Killwick,2813 Menomonie Street,06520,CT,nkillwickbd@amazon.co.uk
411,Graig Heaney,58853 Birchwood Court,10150,NY,gheaneybe@auda.org.au
412,Vale Ofer,429 Sheridan Parkway,78260,TX,voferbf@google.com.br
413,Elladine Crispin,2190 Ridgeview Park,31904,GA,ecrispinbg@networkadvertising.org
414,Diane-marie Altamirano,1 Leroy Hill,63116,MO,daltamiranobh@amazon.co.uk
415,Sherwynd MacGiffin,05 Armistice Trail,30092,GA,smacgiffinbi@businesswire.com
416,Enrique Bellow,81 Haas Center,64114,MO,ebellowbj@unc.edu
417,Yalonda O'Duilleain,17 Rowland Terrace,40576,KY,yoduilleainbk@npr.org
418,Teresa Rushbury,6467 Monica Center,58505,ND,trushburybl@cnn.com
419,Trude Serginson,03366 Merry Road,46852,IN,tserginsonbm@paginegialle.it
420,Maurizio Gritton,3 Fisk Avenue,75367,TX,mgrittonbn@twitter.com
421,Joelle MacGettigen,5 Fulton Place,66105,KS,jmacgettigenbo@google.pl
422,Jania Earry,88299 South Street,95173,CA,jearrybp@hugedomains.com
423,Nance Greensite,300 Dakota Parkway,48092,MI,ngreensitebq@hugedomains.com
424,Glenn Plaxton,57 Katie Point,55402,MN,gplaxtonbr@infoseek.co.jp
425,Helaina Tomaszynski,189 Lawn Point,80005,CO,htomaszynskibs@quantcast.com
426,Isadora Chanders,237 Elgar Point,71914,AR,ichandersbt@hao123.com
427,Myrtie Hubach,0 7th Circle,33158,FL,mhubachbu@youtu.be
428,Alberta Scorah,730 Rockefeller Court,45228,OH,ascorahbv@nasa.gov
429,Julius Phittiplace,03982 Vidon Pass,50347,IA,jphittiplacebw@netvibes.com
430,Ryley Maffetti,37653 Golf Course Parkway,14652,NY,rmaffettibx@lycos.com
431,Claudia Chantree,6 Harper Center,62756,IL,cchantreeby@time.com
432,Gregor Broyd,43880 Kinsman Park,28235,NC,gbroydbz@gizmodo.com
433,Malcolm Chapellow,32 Talmadge Drive,76096,TX,mchapellowc0@wunderground.com
434,Vale Schimaschke,1 Porter Parkway,20719,MD,vschimaschkec1@delicious.com
435,Goldina Priter,56 Hayes Junction,78769,TX,gpriterc2@g.co
436,Roy Boughton,17838 Eggendart Circle,36628,AL,rboughtonc3@issuu.com
437,Hendrik Woodberry,06 Riverside Drive,19131,PA,hwoodberryc4@so-net.ne.jp
438,Cassi Weed,0 Cordelia Road,44315,OH,cweedc5@tamu.edu
439,Tommi Corbie,0328 Walton Plaza,02208,MA,tcorbiec6@mayoclinic.com
440,Cosmo Beushaw,8 Ohio Way,33411,FL,cbeushawc7@simplemachines.org
441,Jilleen Morat,94 Stone Corner Center,20409,DC,jmoratc8@forbes.com
442,Buffy Drinan,4 Springview Place,61110,IL,bdrinanc9@acquirethisname.com
443,Stephan Faustin,27995 Alpine Alley,93762,CA,sfaustinca@1und1.de
444,Jenny Quixley,1 Grover Terrace,17126,PA,jquixleycb@flavors.me
445,Corey Caddan,1 Grover Crossing,63126,MO,ccaddancc@csmonitor.com
446,Emmie Montes,5893 Towne Lane,10275,NY,emontescd@ifeng.com
447,Francklin Mothersole,8 Bay Crossing,75236,TX,fmothersolece@archive.org
448,Kingsley Whithalgh,3426 Hooker Alley,27409,NC,kwhithalghcf@prweb.com
449,Ania Capp,7691 Grasskamp Avenue,36134,AL,acappcg@xrea.com
450,Kellsie Spottiswood,68777 Lakewood Terrace,92710,CA,kspottiswoodch@newyorker.com
451,Perren Geleman,42841 American Ash Point,46699,IN,pgelemanci@un.org
452,Mirilla Leamon,50 Dexter Court,77271,TX,mleamoncj@vimeo.com
453,Selene Brand,3 Harper Point,01114,MA,sbrandck@ycombinator.com
454,Gilli Nutbeam,64 Farwell Court,56372,MN,gnutbeamcl@usatoday.com
455,Gavrielle Faircloth,013 Kennedy Hill,10260,NY,gfairclothcm@google.ca
456,Jodee Ennew,995 Charing Cross Park,79705,TX,jennewcn@imdb.com
457,Benson Ralston,217 Dryden Place,80951,CO,bralstonco@imageshack.us
458,Xever Dolphin,549 Oriole Alley,92710,CA,xdolphincp@va.gov
459,Dorrie Consadine,951 Fuller Trail,90510,CA,dconsadinecq@privacy.gov.au
460,Rickie Tiltman,1 Londonderry Court,70894,LA,rtiltmancr@wikipedia.org
461,Ivie Gilmartin,4114 Commercial Point,13505,NY,igilmartincs@jalbum.net
462,Patsy Mularkey,697 School Alley,52804,IA,pmularkeyct@free.fr
463,Arlie Axup,00119 Bunker Hill Drive,92115,CA,aaxupcu@nifty.com
464,Bobbie Marham,4416 Carberry Avenue,28242,NC,bmarhamcv@dropbox.com
465,Cori Voce,6 Farragut Park,33153,FL,cvocecw@google.ca
466,Leodora Pengelley,81 Lakewood Road,85035,AZ,lpengelleycx@tinyurl.com
467,Dasie Walden,874 Paget Park,33153,FL,dwaldency@cmu.edu
468,Clarabelle Adlem,53046 Bunting Court,71307,LA,cadlemcz@adobe.com
469,Thea Epelett,400 Kenwood Lane,60604,IL,tepelettd0@woothemes.com
470,Annmaria Cleverley,4555 Johnson Way,77844,TX,acleverleyd1@wsj.com
471,Anni Moncur,3098 Macpherson Pass,23454,VA,amoncurd2@google.com.au
472,Gordon Stoakes,5958 Iowa Street,93150,CA,gstoakesd3@oracle.com
473,Dody Camamile,0 Kipling Plaza,32803,FL,dcamamiled4@youtu.be
474,Diarmid Penson,4 Tennyson Center,50981,IA,dpensond5@simplemachines.org
475,Foss Agostini,69197 Veith Court,30605,GA,fagostinid6@sfgate.com
476,Suzi Podd,090 Mallory Center,25726,WV,spoddd7@fastcompany.com
477,Cathrine Lerner,4 Tennyson Circle,45807,OH,clernerd8@admin.ch
478,Alisa Rodell,3798 Steensland Street,90398,CA,arodelld9@symantec.com
479,Annissa Sevier,0626 Tennyson Way,56398,MN,asevierda@newyorker.com
480,Frederic Zamora,4 Twin Pines Trail,35290,AL,fzamoradb@usatoday.com
481,Jessalyn Pischoff,61966 Fairfield Street,33715,FL,jpischoffdc@nsw.gov.au
482,Uta McNysche,74255 Shopko Drive,98104,WA,umcnyschedd@harvard.edu
483,Dex Kmicicki,11939 Corry Terrace,40505,KY,dkmicickide@tinyurl.com
484,Adele Whitfield,0675 Manley Place,30323,GA,awhitfielddf@linkedin.com
485,Keary Ogan,0 Gulseth Circle,64193,MO,kogandg@typepad.com
486,Mignonne Cressingham,190 Everett Center,34108,FL,mcressinghamdh@nsw.gov.au
487,Gayleen Bea,9985 Rigney Trail,45426,OH,gbeadi@sun.com
488,Leonora Petrie,637 Duke Center,31196,GA,lpetriedj@shutterfly.com
489,Jerrine Tuxwell,259 Logan Plaza,63104,MO,jtuxwelldk@wikispaces.com
490,Myrtle Kordt,355 Raven Trail,02283,MA,mkordtdl@shop-pro.jp
491,Rodolph MacIlurick,3857 Oak Crossing,85072,AZ,rmacilurickdm@purevolume.com
492,Meaghan Leebeter,00964 Main Crossing,39404,MS,mleebeterdn@instagram.com
493,Davida Kopman,310 American Ash Pass,46015,IN,dkopmando@unblog.fr
494,Haleigh Gough,0 Mendota Hill,67215,KS,hgoughdp@hexun.com
495,Marylin Aery,112 Prairieview Way,14646,NY,maerydq@last.fm
496,Teddi Segges,160 Everett Park,80228,CO,tseggesdr@oaic.gov.au
497,Leshia MacTrustam,5721 Sutteridge Pass,80920,CO,lmactrustamds@bandcamp.com
498,Brendan Summerside,553 Melby Circle,33710,FL,bsummersidedt@aboutads.info
499,Olivero Chaudhry,1 Montana Drive,55123,MN,ochaudhrydu@live.com
500,Giffie Mesant,05 Daystar Parkway,43284,OH,gmesantdv@twitter.com
501,Olivero Lorie,3 Golden Leaf Circle,37131,TN,oloriedw@studiopress.com
502,Corabelle Allitt,732 Norway Maple Plaza,14905,NY,callittdx@skyrock.com
503,Clair Di Bernardo,685 Reinke Street,80299,CO,cdidy@ebay.co.uk
504,Calhoun Wybern,42 Birchwood Point,34981,FL,cwyberndz@github.io
505,Felicio Winley,79439 Tomscot Alley,33064,FL,fwinleye0@ca.gov
506,Tabitha Scarrisbrick,8 Rockefeller Lane,80930,CO,tscarrisbricke1@japanpost.jp
507,Law Kuhle,23870 Hintze Place,80925,CO,lkuhlee2@ted.com
508,Callida Kluss,54604 Union Trail,36689,AL,cklusse3@pcworld.com
509,Danella Matthisson,25 Lillian Trail,20226,DC,dmatthissone4@indiatimes.com
510,Jenny Rodson,2684 Fieldstone Pass,33543,FL,jrodsone5@skype.com
511,Abba Ravenshaw,92120 Sage Place,11254,NY,aravenshawe6@edublogs.org
512,Henri Silman,08 Manufacturers Trail,92505,CA,hsilmane7@ask.com
513,Abel Vischi,8250 1st Point,92160,CA,avischie8@dagondesign.com
514,Melany Pratty,89 Erie Parkway,20215,DC,mprattye9@sfgate.com
515,Bordy Vittel,5229 Meadow Valley Parkway,32092,FL,bvittelea@vimeo.com
516,Kameko Riddler,76 Upham Avenue,55123,MN,kriddlereb@imdb.com
517,Denyse McCord,2255 Johnson Junction,85754,AZ,dmccordec@linkedin.com
518,Bailie Branch,6705 Brentwood Point,37405,TN,bbranched@sakura.ne.jp
519,Bowie Janson,60 Kingsford Avenue,29411,SC,bjansonee@squarespace.com
520,Walton Nortunen,1 Ronald Regan Plaza,07188,NJ,wnortunenef@wp.com
521,Lotty Brand,47166 Center Parkway,97405,OR,lbrandeg@woothemes.com
522,Say Crippen,6 High Crossing Road,33355,FL,scrippeneh@bbb.org
523,Teresina Breston,03 Delaware Plaza,33023,FL,tbrestonei@stanford.edu
524,Kiah Sibbald,0699 Pleasure Alley,45020,OH,ksibbaldej@archive.org
525,Vlad Martschik,5 Mallard Road,44760,OH,vmartschikek@va.gov
526,Collie Mesnard,285 Anniversary Pass,79764,TX,cmesnardel@prnewswire.com
527,Edythe Vobes,9069 Manufacturers Place,67230,KS,evobesem@amazon.com
528,Anett Bjorkan,1349 Coleman Drive,65218,MO,abjorkanen@simplemachines.org
529,Wade Tollit,00926 Fairfield Plaza,28272,NC,wtolliteo@mtv.com
530,Sawyer Raddon,81 Meadow Valley Trail,12222,NY,sraddonep@hugedomains.com
531,Virgil Newlyn,80 New Castle Place,17126,PA,vnewlyneq@arizona.edu
532,Jay Schimaschke,3139 Mcbride Lane,35254,AL,jschimaschkeer@businesswire.com
533,Florida Pozzi,1242 Mallard Crossing,43699,OH,fpozzies@imgur.com
534,Gilbertina Learmonth,460 Roxbury Street,25331,WV,glearmonthet@paypal.com
535,Bettine Lawfull,100 Autumn Leaf Avenue,49444,MI,blawfulleu@cornell.edu
536,Britta Vanderson,51560 Melvin Junction,89595,NV,bvandersonev@indiatimes.com
537,Jessica Hedditeh,77 Duke Avenue,30022,GA,jhedditehew@icq.com
538,Rudolfo Leborgne,12 American Ash Park,47905,IN,rleborgneex@hao123.com
539,Jeni Towndrow,36363 Southridge Plaza,78715,TX,jtowndrowey@wsj.com
540,Ellissa Glanfield,1973 Buell Court,30386,GA,eglanfieldez@nsw.gov.au
541,Stesha Scapelhorn,68325 Sheridan Terrace,39216,MS,sscapelhornf0@imgur.com
542,Lyn Trime,54 Grim Alley,20535,DC,ltrimef1@bloomberg.com
543,Berty Govett,59414 Towne Pass,44329,OH,bgovettf2@msn.com
544,Natassia Matonin,7664 Marcy Street,32919,FL,nmatoninf3@lycos.com
545,Wally Hargreave,192 Macpherson Parkway,87201,NM,whargreavef4@artisteer.com
546,Adham Maving,6 Daystar Alley,51105,IA,amavingf5@t.co
547,Marta Byllam,92 Hintze Center,33487,FL,mbyllamf6@tinyurl.com
548,Coralie Selvey,5 Warbler Center,89087,NV,cselveyf7@cbslocal.com
549,Page Vellden,9077 Heffernan Way,75251,TX,pvelldenf8@youku.com
550,Jedediah Myring,4 Swallow Terrace,33190,FL,jmyringf9@sina.com.cn
551,Kassie Hewertson,3 Oak Valley Drive,37919,TN,khewertsonfa@mashable.com
552,Elwin Eckh,6 Coolidge Junction,77070,TX,eeckhfb@people.com.cn
553,Cindie O'Fallon,65281 Cardinal Hill,02458,MA,cofallonfc@ted.com
554,Clio Conring,05003 Thackeray Alley,95113,CA,cconringfd@buzzfeed.com
555,Rainer Chaplin,426 Pawling Plaza,34985,FL,rchaplinfe@tripadvisor.com
556,Arch Ragge,67649 Brickson Park Center,01813,MA,araggeff@technorati.com
557,Morrie Gonin,00 Menomonie Hill,30301,GA,mgoninfg@blogspot.com
558,Brady Vauls,62380 Northport Street,76004,TX,bvaulsfh@guardian.co.uk
559,Shanna Trittam,36333 Butternut Avenue,33499,FL,strittamfi@tripadvisor.com
560,Ad Birdwhistle,66 Cambridge Center,25775,WV,abirdwhistlefj@liveinternet.ru
561,Thomasin Sandiford,3302 Almo Park,34282,FL,tsandifordfk@shutterfly.com
562,Maggy Dalmon,292 Dorton Avenue,33153,FL,mdalmonfl@hud.gov
563,Brandtr Ayrs,3422 International Lane,64082,MO,bayrsfm@multiply.com
564,Rhianon McGoon,183 Morning Street,93907,CA,rmcgoonfn@yellowbook.com
565,Faye Simonian,08 Kenwood Drive,78744,TX,fsimonianfo@cbc.ca
566,Dorian Withams,19961 Debs Plaza,52410,IA,dwithamsfp@sciencedirect.com
567,Anderson Gierke,3916 Lotheville Way,45454,OH,agierkefq@purevolume.com
568,Madelene Enrich,86262 Knutson Lane,64199,MO,menrichfr@omniture.com
569,Marilyn Mizzi,647 Green Ridge Point,33972,FL,mmizzifs@posterous.com
570,Armando Balnaves,5638 Cascade Hill,27110,NC,abalnavesft@github.com
571,Maren Angrove,653 Kennedy Parkway,77050,TX,mangrovefu@narod.ru
572,Lira MacEnelly,91 Twin Pines Court,94627,CA,lmacenellyfv@harvard.edu
573,Eachelle Toth,179 Aberg Court,99215,WA,etothfw@microsoft.com
574,Fanny Dahlman,2 Atwood Junction,39534,MS,fdahlmanfx@ow.ly
575,Fleming Barthrop,83998 Rutledge Junction,89595,NV,fbarthropfy@vimeo.com
576,Bambi Tivenan,3253 6th Pass,37931,TN,btivenanfz@oaic.gov.au
577,Loren Basile,8 Manley Junction,60078,IL,lbasileg0@amazon.de
578,Giulietta MacGeffen,8470 Debs Terrace,92186,CA,gmacgeffeng1@virginia.edu
579,Anet Hulburt,6893 Scofield Road,65218,MO,ahulburtg2@wiley.com
580,Allina Yakobowitz,79874 Sunbrook Hill,20205,DC,ayakobowitzg3@bandcamp.com
581,Vic MattiCCI,87068 Arizona Street,28235,NC,vmatticcig4@furl.net
582,Sergio Chucks,71471 Swallow Court,23471,VA,schucksg5@canalblog.com
583,Elfrieda Raylton,3958 Shasta Street,85311,AZ,erayltong6@vinaora.com
584,Bobbi Crowther,0619 Spenser Junction,49006,MI,bcrowtherg7@geocities.com
585,Chadd Ruprecht,3695 North Road,77010,TX,cruprechtg8@woothemes.com
586,Ferdy Arnholtz,0 Nova Alley,10004,NY,farnholtzg9@rediff.com
587,Eba Yakunchikov,96223 Arkansas Drive,07310,NJ,eyakunchikovga@pinterest.com
588,Alexandra Estrella,2 Service Center,08638,NJ,aestrellagb@e-recht24.de
589,Dorolisa Willans,048 Hoepker Street,22047,VA,dwillansgc@eventbrite.com
590,Bordie Gosby,7827 Kim Park,47705,IN,bgosbygd@cnbc.com
591,Mela Pien,09537 Eliot Center,50315,IA,mpienge@studiopress.com
592,Sheppard Spottiswoode,89 Surrey Terrace,30195,GA,sspottiswoodegf@symantec.com
593,Arch Ferneley,27 Walton Avenue,85215,AZ,aferneleygg@time.com
594,Garvin McVee,26 Armistice Court,35810,AL,gmcveegh@tamu.edu
595,Kinnie Rutgers,1 Spohn Point,19196,PA,krutgersgi@360.cn
596,Estel Carde,62 Arizona Way,89505,NV,ecardegj@jigsy.com
597,Marylynne Cogdell,4808 Waxwing Court,97216,OR,mcogdellgk@gravatar.com
598,Sergent Sliman,5 Eagle Crest Trail,35220,AL,sslimangl@cloudflare.com
599,Lennard Enevoldsen,67989 Nevada Alley,97206,OR,lenevoldsengm@people.com.cn
600,Aggi Wix,48182 Menomonie Lane,15210,PA,awixgn@yellowbook.com
601,Elvera Sprason,5 Lakewood Gardens Point,33190,FL,esprasongo@ca.gov
602,Boony Silvester,2820 Bartelt Park,46852,IN,bsilvestergp@gravatar.com
603,Ode von Nassau,8 Rutledge Road,30919,GA,ovongq@answers.com
604,Flore McCoole,0 Caliangt Lane,80910,CO,fmccoolegr@sbwire.com
605,Chrissy Gudgen,55 Anniversary Court,17121,PA,cgudgengs@plala.or.jp
606,Talbert Prydden,473 Anzinger Trail,63196,MO,tpryddengt@baidu.com
607,Margy Sturge,67526 Atwood Parkway,92415,CA,msturgegu@independent.co.uk
608,Colleen Toretta,20 Dottie Point,32304,FL,ctorettagv@dropbox.com
609,Raul Pietrowski,719 Swallow Crossing,85072,AZ,rpietrowskigw@aol.com
610,Hali Gowers,9 Little Fleur Point,02109,MA,hgowersgx@reddit.com
611,Michaella Grevatt,01971 Moland Trail,37228,TN,mgrevattgy@opensource.org
612,Annabell Garrit,4 Talisman Park,32819,FL,agarritgz@state.gov
613,Kimberlee Sexon,927 Pepper Wood Point,06160,CT,ksexonh0@google.fr
614,Nady Chaffen,4481 Scott Lane,19131,PA,nchaffenh1@berkeley.edu
615,Jehanna Langhorne,7864 Homewood Terrace,91913,CA,jlanghorneh2@msu.edu
616,Tadio Pettifer,8584 Pierstorff Road,28284,NC,tpettiferh3@earthlink.net
617,Dru Rudd,73 Shasta Plaza,55598,MN,druddh4@newyorker.com
618,Blair Chaffe,756 Amoth Avenue,62525,IL,bchaffeh5@woothemes.com
619,Kathryn Coggan,22 Nelson Court,92405,CA,kcogganh6@is.gd
620,Loy Lunge,8937 Mccormick Trail,20816,MD,llungeh7@livejournal.com
621,Gabbi Shadbolt,74 Orin Junction,67205,KS,gshadbolth8@discuz.net
622,Lemmy Sutty,42013 Emmet Avenue,24034,VA,lsuttyh9@hhs.gov
623,Andy Burbury,3464 Butternut Court,93773,CA,aburburyha@soundcloud.com
624,Grant Archibold,50956 Vera Park,11407,NY,garchiboldhb@aol.com
625,Maribelle Rennenbach,218 South Court,19810,DE,mrennenbachhc@odnoklassniki.ru
626,Eloisa Offin,763 Everett Court,66622,KS,eoffinhd@gnu.org
627,Ced Frears,825 Oriole Junction,10105,NY,cfrearshe@prweb.com
628,Almira Moralee,38 Lukken Court,90605,CA,amoraleehf@uiuc.edu
629,Carolyn Duckinfield,3 Packers Place,32236,FL,cduckinfieldhg@cnet.com
630,Sly Cordaroy,09 Hoepker Avenue,70805,LA,scordaroyhh@altervista.org
631,Portie Undrell,05942 Graceland Drive,22217,VA,pundrellhi@themeforest.net
632,Marylynne Margiotta,541 Arapahoe Pass,32808,FL,mmargiottahj@ifeng.com
633,Camila Livock,5 Evergreen Avenue,25313,WV,clivockhk@house.gov
634,Waldon Snelgrove,2 Cordelia Avenue,75358,TX,wsnelgrovehl@mediafire.com
635,Parnell Mudle,8607 Anthes Court,75216,TX,pmudlehm@amazon.co.uk
636,Amelita Print,30 Mandrake Parkway,08619,NJ,aprinthn@google.com.au
637,Tomi Beades,9 Carberry Hill,12325,NY,tbeadesho@sitemeter.com
638,Cobby Pimblett,22 Kennedy Road,32969,FL,cpimbletthp@angelfire.com
639,Ric Guierre,0210 Scoville Avenue,77554,TX,rguierrehq@g.co
640,Daffie Ingolotti,1759 Bunker Hill Crossing,85045,AZ,dingolottihr@multiply.com
641,Brinn MacPaden,8855 Spenser Alley,34233,FL,bmacpadenhs@xing.com
642,Tyrus Snodin,7256 Victoria Pass,36689,AL,tsnodinht@spiegel.de
643,Bogart Bunston,4999 Meadow Ridge Junction,07112,NJ,bbunstonhu@amazon.de
644,Gayleen Rollins,58389 Superior Center,85219,AZ,grollinshv@trellian.com
645,Laina Vise,402 Northland Center,95128,CA,lvisehw@jalbum.net
646,Vanessa Quartly,548 Armistice Pass,68124,NE,vquartlyhx@odnoklassniki.ru
647,Garrett Weekly,172 Nobel Place,91131,CA,gweeklyhy@prweb.com
648,Maggie Robertson,2 Bartillon Center,80217,CO,mrobertsonhz@skype.com
649,Frankie Hurleston,904 Tomscot Point,93591,CA,fhurlestoni0@hubpages.com
650,Zeb Chamberlaine,98 Green Trail,92717,CA,zchamberlainei1@marriott.com
651,Kathe Tomczak,5160 Banding Center,44191,OH,ktomczaki2@wisc.edu
652,Olvan Dargavel,877 Fairview Way,60435,IL,odargaveli3@walmart.com
653,Vasilis Hawarden,6 Hooker Trail,31904,GA,vhawardeni4@meetup.com
654,Chere Cliffe,2941 Sunfield Pass,64193,MO,ccliffei5@amazonaws.com
655,Mimi Grinston,06629 Blue Bill Park Park,33432,FL,mgrinstoni6@goo.ne.jp
656,Romonda Cleynman,79947 Cody Pass,79605,TX,rcleynmani7@youku.com
657,Morgana Virgo,21553 Evergreen Place,20535,DC,mvirgoi8@utexas.edu
658,Chucho Sear,7172 Schlimgen Parkway,20425,DC,cseari9@github.io
659,Janis Kaley,46098 Mayfield Plaza,53277,WI,jkaleyia@sciencedirect.com
660,Garrett Macieiczyk,6 Del Mar Way,15279,PA,gmacieiczykib@businessweek.com
661,Terese Malpas,5 Calypso Pass,75799,TX,tmalpasic@printfriendly.com
662,Si Eastham,8130 Bonner Drive,43699,OH,seasthamid@yahoo.co.jp
663,Marley Sidry,42 Hovde Pass,74184,OK,msidryie@comsenz.com
664,Clemente Fishby,37 Steensland Terrace,92835,CA,cfishbyif@biglobe.ne.jp
665,Sargent Basnett,772 Jackson Street,10120,NY,sbasnettig@state.tx.us
666,Brion Pashan,116 Hollow Ridge Parkway,55402,MN,bpashanih@hud.gov
667,Christen Franzen,73345 Ruskin Pass,60604,IL,cfranzenii@answers.com
668,Sissy Coke,3 Holmberg Trail,73152,OK,scokeij@google.ca
669,Rhodia O'Halloran,280 La Follette Terrace,47719,IN,rohalloranik@engadget.com
670,Marlyn Scamwell,8 Dayton Hill,90025,CA,mscamwellil@theatlantic.com
671,Jillene Clorley,113 Norway Maple Crossing,60193,IL,jclorleyim@usda.gov
672,Lefty Lingwood,1 Thackeray Hill,20910,MD,llingwoodin@bloglines.com
673,Linet Gribbin,9 Daystar Center,49510,MI,lgribbinio@earthlink.net
674,Stuart Robb,0211 Graceland Alley,84199,UT,srobbip@tmall.com
675,Alexandra Bosson,5 Kedzie Terrace,91131,CA,abossoniq@vinaora.com
676,Mamie Skittles,7 Quincy Avenue,78255,TX,mskittlesir@addtoany.com
677,Odelle Remirez,427 Bayside Avenue,32819,FL,oremirezis@noaa.gov
678,Guillermo Towhey,545 Aberg Point,31106,GA,gtowheyit@google.it
679,Bradly Baldung,1 Graceland Alley,30092,GA,bbaldungiu@instagram.com
680,Dion Pottiphar,3 Katie Hill,80209,CO,dpottiphariv@unicef.org
681,Cristabel Stiebler,927 Stang Terrace,17605,PA,cstiebleriw@pbs.org
682,Ashleigh Fasey,294 Goodland Parkway,28272,NC,afaseyix@java.com
683,Elvin Conochie,2753 Tennyson Point,30386,GA,econochieiy@sun.com
684,Clari Karolewski,673 Drewry Trail,22047,VA,ckarolewskiiz@trellian.com
685,Odille Calven,683 Basil Drive,89074,NV,ocalvenj0@zdnet.com
686,Lorry Landal,1 Burning Wood Trail,14604,NY,llandalj1@chronoengine.com
687,Fionnula Brouncker,5674 Sommers Avenue,30323,GA,fbrounckerj2@ifeng.com
688,Ardis Ten Broek,337 Dottie Road,31106,GA,atenj3@weather.com
689,Cyril McCanny,1125 Summer Ridge Point,22070,VA,cmccannyj4@businessinsider.com
690,Lilli Sherwill,65475 Village Green Alley,59112,MT,lsherwillj5@wikia.com
691,Camella Bartosik,3593 Butterfield Alley,63180,MO,cbartosikj6@tuttocitta.it
692,Keely Pimerick,32388 Lighthouse Bay Way,77266,TX,kpimerickj7@amazon.de
693,Florenza Skittreal,375 Schurz Place,94177,CA,fskittrealj8@sbwire.com
694,Nealon Corringham,71 Blaine Point,84115,UT,ncorringhamj9@wp.com
695,Hedi Beetham,218 Waubesa Parkway,02458,MA,hbeethamja@mtv.com
696,Tandi Fuge,1 Novick Terrace,75277,TX,tfugejb@state.gov
697,Jerrilee Staning,77334 Killdeer Avenue,87195,NM,jstaningjc@comcast.net
698,Torr Misson,1101 Scoville Park,80910,CO,tmissonjd@livejournal.com
699,Margaret Daborn,22 Dwight Circle,49560,MI,mdabornje@livejournal.com
700,Mata Tschirschky,5724 Welch Plaza,94257,CA,mtschirschkyjf@nsw.gov.au
701,Seline Messitt,167 Arrowood Terrace,84199,UT,smessittjg@friendfeed.com
702,Angelia Vye,432 Cascade Crossing,78260,TX,avyejh@quantcast.com
703,Drusilla Golding,11059 Vernon Street,85015,AZ,dgoldingji@google.co.jp
704,Melanie Higbin,21 Sherman Pass,55470,MN,mhigbinjj@nyu.edu
705,Etan Kroll,7000 Independence Hill,14624,NY,ekrolljk@webnode.com
706,Dawna Trass,94559 Spenser Park,98424,WA,dtrassjl@nydailynews.com
707,Delmore Rome,853 Grim Court,85205,AZ,dromejm@google.it
708,Dorothee Hailwood,5928 Gale Plaza,53285,WI,dhailwoodjn@comcast.net
709,Doralynn Klugel,76 Lyons Place,55115,MN,dklugeljo@weebly.com
710,Shepperd Weeke,850 Talmadge Way,44760,OH,sweekejp@washington.edu
711,Marjie Slym,20748 Welch Court,70129,LA,mslymjq@msu.edu
712,Kayne Gomery,115 Granby Junction,92513,CA,kgomeryjr@si.edu
713,Dayle Loakes,3583 Valley Edge Parkway,79452,TX,dloakesjs@over-blog.com
714,Codi Bain,8 Donald Terrace,12305,NY,cbainjt@taobao.com
715,Dot Wordsley,5132 Londonderry Alley,67260,KS,dwordsleyju@webmd.com
716,Findley Roggeman,60 Marquette Trail,11388,NY,froggemanjv@yelp.com
717,Janka Romeril,37 Fulton Plaza,94064,CA,jromeriljw@youku.com
718,Nial Gummary,523 Kenwood Hill,28247,NC,ngummaryjx@gov.uk
719,Sebastiano Grout,296 Thierer Terrace,41905,KY,sgroutjy@amazon.com
720,Vanda Burtwell,33420 Dakota Point,17622,PA,vburtwelljz@scribd.com
721,Pamella Greiswood,3 Browning Point,84189,UT,pgreiswoodk0@usgs.gov
722,Lacey Drinnan,33 Moose Drive,90060,CA,ldrinnank1@mapy.cz
723,Casi Ryles,639 Esker Pass,76105,TX,crylesk2@cbsnews.com
724,Ted Nelmes,3196 Hazelcrest Drive,94169,CA,tnelmesk3@qq.com
725,Estelle Udell,2 Summit Avenue,11447,NY,eudellk4@indiegogo.com
726,Alexandros Duiged,20 Tennyson Court,14604,NY,aduigedk5@whitehouse.gov
727,Cyndia Ollivierre,917 2nd Circle,15225,PA,collivierrek6@wsj.com
728,Kippy McGeever,93442 Dennis Court,92519,CA,kmcgeeverk7@toplist.cz
729,Aldrich Skeene,156 Haas Point,77228,TX,askeenek8@discovery.com
730,Madella Krzyzaniak,00 Kedzie Park,06183,CT,mkrzyzaniakk9@google.pl
731,Frazer Misson,89076 Novick Alley,43215,OH,fmissonka@ustream.tv
732,Lannie Tweedie,77 Dakota Street,64153,MO,ltweediekb@mediafire.com
733,Sly Brosh,21 Sunfield Point,43284,OH,sbroshkc@mozilla.com
734,Rosita Gouldstraw,0965 Stuart Pass,20046,DC,rgouldstrawkd@squidoo.com
735,Pamelina Sawyers,2 Maryland Lane,28235,NC,psawyerske@51.la
736,Ulysses Dyble,96 Gulseth Center,77065,TX,udyblekf@51.la
737,Sutherlan Torra,9 Morning Avenue,98195,WA,storrakg@google.ru
738,Yance Desmond,22464 Dottie Hill,14263,NY,ydesmondkh@ezinearticles.com
739,Joceline Scrancher,1606 Anhalt Park,63110,MO,jscrancherki@mozilla.com
740,Lara Merrisson,647 Eagle Crest Parkway,55470,MN,lmerrissonkj@virginia.edu
741,Shea Borzoni,937 Acker Circle,49444,MI,sborzonikk@gnu.org
742,Thorstein Varran,131 Aberg Hill,10184,NY,tvarrankl@fema.gov
743,Dame Ovitz,585 Dahle Alley,07522,NJ,dovitzkm@upenn.edu
744,Ricardo Caunter,6964 Lunder Plaza,11236,NY,rcaunterkn@indiegogo.com
745,Stanwood Crosthwaite,94108 Tomscot Place,29416,SC,scrosthwaiteko@independent.co.uk
746,Sarah Andrivel,58 Division Drive,89519,NV,sandrivelkp@yelp.com
747,Katharine Salvage,3341 Buell Circle,10034,NY,ksalvagekq@bing.com
748,Hillie MacAvddy,04 Nancy Parkway,47134,IN,hmacavddykr@illinois.edu
749,Hobie Zamudio,96 Vermont Alley,91328,CA,hzamudioks@jigsy.com
750,Jamesy Mortlock,5 Kim Place,27605,NC,jmortlockkt@nhs.uk
751,Archy Giacomuzzi,7774 Killdeer Park,11225,NY,agiacomuzziku@epa.gov
752,West Murt,7 American Point,89130,NV,wmurtkv@arstechnica.com
753,Conant Jirik,482 Coleman Street,11236,NY,cjirikkw@xrea.com
754,Dew Shewen,07543 Packers Point,20530,DC,dshewenkx@taobao.com
755,Holli Bywater,88039 Harper Park,33982,FL,hbywaterky@sciencedaily.com
756,Amelina Kield,860 Shopko Lane,87190,NM,akieldkz@github.com
757,Papageno Veryard,5 Hooker Trail,60669,IL,pveryardl0@homestead.com
758,Euphemia Burdin,3 Chive Way,33763,FL,eburdinl1@artisteer.com
759,Carolann Bulward,386 Roxbury Circle,28215,NC,cbulwardl2@google.de
760,Lainey Zannuto,8704 Debra Park,78769,TX,lzannutol3@sbwire.com
761,Carline Goutcher,1 Bluestem Place,33448,FL,cgoutcherl4@joomla.org
762,Bryant Statton,21 Columbus Parkway,35242,AL,bstattonl5@wix.com
763,Sherilyn Binks,39 Gulseth Pass,46699,IN,sbinksl6@networksolutions.com
764,Krystalle Pledge,91339 Dennis Court,70174,LA,kpledgel7@dell.com
765,Fara Brann,28 Bunker Hill Way,85255,AZ,fbrannl8@ox.ac.uk
766,Rosabel O'Mohun,42190 Westerfield Park,12205,NY,romohunl9@bing.com
767,Nikolia Stiddard,69 Montana Road,10633,NY,nstiddardla@istockphoto.com
768,Camellia McMurtyr,5 Pleasure Junction,98158,WA,cmcmurtyrlb@upenn.edu
769,Jennica Spaldin,8 Arrowood Alley,33661,FL,jspaldinlc@yale.edu
770,Lea Standrin,9792 Kenwood Park,91205,CA,lstandrinld@mysql.com
771,Ernestine Grinnikov,7 Loomis Junction,65805,MO,egrinnikovle@last.fm
772,Tailor Evitt,46770 Hoepker Way,50981,IA,tevittlf@mlb.com
773,Charissa Casella,7 Logan Place,71105,LA,ccasellalg@fastcompany.com
774,Abby Hyland,4061 Lake View Lane,23285,VA,ahylandlh@paginegialle.it
775,Swen Jatczak,395 Vera Hill,62764,IL,sjatczakli@vistaprint.com
776,Saidee Melley,383 Badeau Drive,45403,OH,smelleylj@opensource.org
777,Ketty Hannabus,84719 Starling Place,48275,MI,khannabuslk@hubpages.com
778,Stafani Haste,8 Caliangt Place,32891,FL,shastell@nature.com
779,Findlay Bushell,6931 Riverside Lane,92132,CA,fbushelllm@oracle.com
780,Janella Prier,3 Loomis Parkway,91505,CA,jprierln@foxnews.com
781,Marilee Bewicke,48577 Dwight Plaza,33673,FL,mbewickelo@wp.com
782,Moll Cripin,804 Derek Road,70836,LA,mcripinlp@jugem.jp
783,Beret Spilling,4 Debs Drive,10131,NY,bspillinglq@mtv.com
784,Merla Dishman,37 Tennessee Place,23260,VA,mdishmanlr@bing.com
785,Kettie Tureville,065 Trailsway Pass,06183,CT,kturevillels@shutterfly.com
786,Benyamin Niche,15 Bonner Terrace,57188,SD,bnichelt@cpanel.net
787,Myer Coveley,97391 Monument Terrace,61629,IL,mcoveleylu@vinaora.com
788,Morissa Redrup,47359 Marcy Center,79940,TX,mredruplv@com.com
789,Dario Jest,218 Declaration Avenue,93704,CA,djestlw@marketwatch.com
790,Lorine Farress,0387 Golden Leaf Hill,70183,LA,lfarresslx@sciencedaily.com
791,Barney Nassie,6 Evergreen Plaza,21290,MD,bnassiely@parallels.com
792,Annamaria Di Bernardo,157 Fallview Terrace,93291,CA,adilz@addtoany.com
793,Joy Cazin,292 Clarendon Plaza,46226,IN,jcazinm0@ucla.edu
794,Zackariah Lynett,68219 Pleasure Alley,39210,MS,zlynettm1@360.cn
795,Justen McErlaine,2 Harper Pass,78410,TX,jmcerlainem2@google.com.hk
796,Corilla Mammatt,5 Ramsey Park,76711,TX,cmammattm3@prlog.org
797,Fernando Masi,7329 Hoepker Circle,01654,MA,fmasim4@1688.com
798,Brant End,64186 Eagle Crest Plaza,40256,KY,bendm5@omniture.com
799,Minni Loyd,31785 Mayer Plaza,36195,AL,mloydm6@e-recht24.de
800,Doralynn Trueman,029 Canary Center,73071,OK,dtruemanm7@blogtalkradio.com
801,Hannah Scimonelli,9 Ramsey Avenue,24515,VA,hscimonellim8@dot.gov
802,Agnella Rablen,18 Maywood Parkway,19141,PA,arablenm9@cnbc.com
803,Cassandry Tourner,9 Monterey Center,14905,NY,ctournerma@loc.gov
804,Morry Wyllt,0857 Sachs Parkway,84145,UT,mwylltmb@yellowbook.com
805,Brant Goodliffe,530 Bunting Way,28256,NC,bgoodliffemc@google.pl
806,Osgood Tawton,518 South Road,91125,CA,otawtonmd@1688.com
807,Price Varns,17473 Westport Plaza,30022,GA,pvarnsme@facebook.com
808,Dulcy Gutierrez,62927 Schlimgen Crossing,55480,MN,dgutierrezmf@cam.ac.uk
809,Geneva Carmel,99585 Elmside Point,75605,TX,gcarmelmg@dmoz.org
810,Derrek Measor,74420 Sutherland Place,77386,TX,dmeasormh@yandex.ru
811,Cherlyn Grindall,467 Vera Way,76178,TX,cgrindallmi@gravatar.com
812,Levi Rosenschein,7845 Charing Cross Hill,92619,CA,lrosenscheinmj@microsoft.com
813,Evelina Muslim,1639 Red Cloud Parkway,46825,IN,emuslimmk@angelfire.com
814,Crichton Eteen,343 Forest Dale Crossing,23705,VA,ceteenml@sakura.ne.jp
815,Urbain Jeffry,027 Burning Wood Plaza,33147,FL,ujeffrymm@disqus.com
816,Sydel Varden,8 Talmadge Hill,63143,MO,svardenmn@amazon.de
817,Hannis Prater,8399 Del Sol Trail,17140,PA,hpratermo@ebay.com
818,Udell Goater,176 Beilfuss Terrace,23289,VA,ugoatermp@desdev.cn
819,Codi Smurfitt,384 Stone Corner Plaza,32230,FL,csmurfittmq@privacy.gov.au
820,Mavra Sleath,62 Delaware Pass,75062,TX,msleathmr@canalblog.com
821,Marshal Arnault,37424 Thackeray Hill,24034,VA,marnaultms@walmart.com
822,Laverne Crepel,908 Scoville Junction,33169,FL,lcrepelmt@usatoday.com
823,Gabie Grassi,70895 Vahlen Plaza,20238,DC,ggrassimu@mlb.com
824,Alden Snibson,203 Talisman Point,66642,KS,asnibsonmv@nationalgeographic.com
825,Beaufort Zollner,9285 Valley Edge Road,22096,VA,bzollnermw@ifeng.com
826,Palmer Piburn,5584 Emmet Alley,93111,CA,ppiburnmx@webmd.com
827,Deane Goldfinch,62211 Quincy Street,90405,CA,dgoldfinchmy@reddit.com
828,Davin Sparsholt,9 Superior Terrace,32505,FL,dsparsholtmz@about.com
829,Linnie Hardi,584 4th Point,60646,IL,lhardin0@nsw.gov.au
830,Gaultiero Esterbrook,30466 Hoffman Way,92805,CA,gesterbrookn1@princeton.edu
831,Noell Trehearne,3 Monterey Way,92030,CA,ntrehearnen2@friendfeed.com
832,Norine Aleevy,57 8th Hill,32209,FL,naleevyn3@illinois.edu
833,Abbye Henriksson,122 Northview Center,90505,CA,ahenrikssonn4@sina.com.cn
834,Ignaz Mulbery,37 Loomis Avenue,70033,LA,imulberyn5@goo.gl
835,Mellisent Semper,346 American Center,80005,CO,msempern6@mozilla.org
836,Vivi Kenealy,51 Bay Hill,95173,CA,vkenealyn7@360.cn
837,Frazer Aspell,273 Fulton Place,94616,CA,faspelln8@timesonline.co.uk
838,Irina Peppard,49 School Place,25726,WV,ipeppardn9@hp.com
839,Pacorro Labrone,526 Brickson Park Drive,39296,MS,plabronena@ca.gov
840,Gustav Connue,7 Quincy Way,72215,AR,gconnuenb@macromedia.com
841,Nicoline MacNeely,3992 Del Mar Terrace,47737,IN,nmacneelync@boston.com
842,Norman Labet,631 Hazelcrest Lane,84105,UT,nlabetnd@meetup.com
843,Marleah Heindle,47 Chive Terrace,15240,PA,mheindlene@boston.com
844,Juliette Bicknell,93 Hazelcrest Place,91406,CA,jbicknellnf@trellian.com
845,Rubia Pettigree,235 Fieldstone Drive,55412,MN,rpettigreeng@wp.com
846,Rickie Nuscha,04615 Springview Avenue,38143,TN,rnuschanh@sina.com.cn
847,Ned Gladbeck,738 Lindbergh Pass,38188,TN,ngladbeckni@gov.uk
848,Debbie Woodberry,450 Cambridge Plaza,71213,LA,dwoodberrynj@aboutads.info
849,Meryl Frake,0466 Pearson Crossing,93386,CA,mfrakenk@alexa.com
850,Wendel Matussov,811 Huxley Drive,47737,IN,wmatussovnl@cbslocal.com
851,Dulcinea Lie,78588 Sloan Lane,11388,NY,dlienm@cocolog-nifty.com
852,Fowler Schurcke,4382 Kim Pass,48206,MI,fschurckenn@friendfeed.com
853,Nicolette MacManus,4 Surrey Plaza,79977,TX,nmacmanusno@time.com
854,Aile Bentham3,61 Surrey Park,37250,TN,abenthamnp@zdnet.com
855,Ursala Hanfrey,84415 Corscot Alley,55573,MN,uhanfreynq@exblog.jp
856,Betti Duprey,097 Hollow Ridge Park,22234,VA,bdupreynr@cdc.gov
857,Cam Tie,74066 Derek Park,49560,MI,ctiens@dion.ne.jp
858,Torrance Buddington,15981 Gulseth Center,20073,DC,tbuddingtonnt@tiny.cc
859,Leslie Greydon,53170 Loomis Circle,78778,TX,lgreydonnu@freewebs.com
860,Dynah Harkins,5537 Kropf Street,02124,MA,dharkinsnv@instagram.com
861,Christie Stanbridge,13241 Canary Alley,30311,GA,cstanbridgenw@dyndns.org
862,Rodolphe Haxell,22621 Esker Street,97232,OR,rhaxellnx@taobao.com
863,Mehetabel Vannoni,5 Ridgeway Terrace,98042,WA,mvannoniny@epa.gov
864,Ede Truscott,1406 Vidon Crossing,85284,AZ,etruscottnz@ustream.tv
865,Lydie Kemmons,7334 Sachs Center,95173,CA,lkemmonso0@jalbum.net
866,Gallagher Middlemass,4574 Gerald Parkway,45254,OH,gmiddlemasso1@sun.com
867,Kirby Burling,47917 Division Terrace,20851,MD,kburlingo2@edublogs.org
868,Marabel Lanceter,9 Fieldstone Alley,92410,CA,mlancetero3@barnesandnoble.com
869,Roger Huson,2751 Spaight Street,62764,IL,rhusono4@webnode.com
870,Tracee Whitfield,1722 La Follette Alley,74103,OK,twhitfieldo5@stanford.edu
871,Suzie Dibdall,2 Claremont Court,63116,MO,sdibdallo6@imageshack.us
872,Geneva Scones,0 Londonderry Avenue,21747,MD,gsconeso7@deliciousdays.com
873,Dael Sola,64 Crowley Hill,91841,CA,dsolao8@rediff.com
874,Brit McMackin,84 Bunting Alley,40581,KY,bmcmackino9@linkedin.com
875,Jerrie Pratley,36 Acker Road,85260,AZ,jpratleyoa@amazon.de
876,Martha Corden,40034 Orin Road,92619,CA,mcordenob@slate.com
877,Gwen Cawthorne,6323 Roxbury Avenue,61656,IL,gcawthorneoc@army.mil
878,Herculie Orteau,75660 Northview Court,32412,FL,horteauod@live.com
879,Keefer Inchley,7906 Haas Court,87180,NM,kinchleyoe@google.com.br
880,Karrah Elington,95088 6th Hill,79452,TX,kelingtonof@google.com.au
881,Alvie Bendare,7642 Sheridan Terrace,15255,PA,abendareog@amazon.com
882,Mabelle Cancellario,940 Hauk Terrace,95205,CA,mcancellariooh@nsw.gov.au
883,Harley Le Fleming,0461 Center Way,77070,TX,hleoi@indiegogo.com
884,Reta Fibbitts,18 East Point,71105,LA,rfibbittsoj@ed.gov
885,Andy Membry,28990 5th Place,39210,MS,amembryok@bizjournals.com
886,Ingra Vlasyuk,3 Logan Lane,06673,CT,ivlasyukol@angelfire.com
887,Audra Reckus,1 Vahlen Place,79905,TX,areckusom@buzzfeed.com
888,Phyllida Frigout,65286 Columbus Circle,28225,NC,pfrigouton@deviantart.com
889,Shanta O'Scollain,2265 Transport Plaza,96840,HI,soscollainoo@ask.com
890,Cheslie Eden,36900 Chinook Avenue,92725,CA,cedenop@elegantthemes.com
891,Granny Isherwood,3 Goodland Junction,89510,NV,gisherwoodoq@sogou.com
892,Mirabelle Dash,992 Novick Avenue,48275,MI,mdashor@posterous.com
893,Randall Sherred,77563 Mosinee Road,78210,TX,rsherredos@harvard.edu
894,Ansley Gosalvez,853 Bunting Center,20299,DC,agosalvezot@biblegateway.com
895,Andie Keat,00848 Fremont Way,37450,TN,akeatou@google.co.uk
896,Quinta Simonich,9 Ridgeview Road,15261,PA,qsimonichov@yahoo.com
897,Petr Ellacombe,5908 Atwood Drive,77055,TX,pellacombeow@nifty.com
898,Ulrich Jann,1618 Clove Court,43284,OH,ujannox@redcross.org
899,Monty Tour,4041 2nd Terrace,15906,PA,mtouroy@google.com.au
900,Lizette Dunphy,7133 Amoth Court,34642,FL,ldunphyoz@ftc.gov
901,Brand Sommer,34962 Petterle Alley,32505,FL,bsommerp0@uiuc.edu
902,Tammy Benit,4033 Blaine Park,66210,KS,tbenitp1@oakley.com
903,Elonore Goulbourn,4 Ronald Regan Alley,48224,MI,egoulbournp2@ft.com
904,Grant Pidgin,6549 Longview Trail,55188,MN,gpidginp3@sciencedaily.com
905,Cirstoforo Sweynson,31710 Killdeer Hill,29411,SC,csweynsonp4@skyrock.com
906,Reiko Corless,47 Vernon Alley,93750,CA,rcorlessp5@ucoz.com
907,Mella Yurchishin,3956 Claremont Street,65805,MO,myurchishinp6@yolasite.com
908,Celine Goymer,713 Nelson Way,20540,DC,cgoymerp7@nifty.com
909,Jennette O' Mulderrig,45347 Bunker Hill Pass,79999,TX,jop8@ezinearticles.com
910,Ingemar Vaughan,35517 Ridge Oak Parkway,91103,CA,ivaughanp9@over-blog.com
911,Giorgio Glancy,15 Alpine Park,77201,TX,gglancypa@scientificamerican.com
912,Gene Skippon,16 Northridge Parkway,75387,TX,gskipponpb@bloglovin.com
913,Linoel Tilt,13 Rockefeller Drive,68583,NE,ltiltpc@paginegialle.it
914,Curt Kyrkeman,67734 Reinke Pass,23509,VA,ckyrkemanpd@trellian.com
915,Cordey Dyers,30 Crownhardt Street,39282,MS,cdyerspe@ebay.co.uk
916,Price Fer,02188 Hansons Street,16565,PA,pferpf@goo.gl
917,Shep Bradnum,11 Gerald Terrace,71213,LA,sbradnumpg@gov.uk
918,Adolpho Bethune,0283 Nova Road,55412,MN,abethuneph@time.com
919,Graham Vescovini,495 Haas Park,12242,NY,gvescovinipi@spiegel.de
920,Tracy Simnor,559 Onsgard Avenue,66112,KS,tsimnorpj@cam.ac.uk
921,Irwinn Garrat,5509 Northridge Avenue,59112,MT,igarratpk@dedecms.com
922,Pier Dallman,3624 Dawn Road,39282,MS,pdallmanpl@bandcamp.com
923,Dunc Argontt,67 Lunder Drive,14624,NY,dargonttpm@arstechnica.com
924,Rinaldo Keeney,77 Chive Trail,02405,MA,rkeeneypn@guardian.co.uk
925,Sibyl McGenis,63 Graedel Center,80204,CO,smcgenispo@xing.com
926,Andrea Heyns,76992 Old Gate Lane,37995,TN,aheynspp@abc.net.au
927,Warner Bartelot,220 Steensland Point,91606,CA,wbartelotpq@unblog.fr
928,Ulysses Du Fray,76755 Corben Street,55402,MN,udupr@alexa.com
929,Neile Harkess,4099 Lukken Center,75216,TX,nharkessps@harvard.edu
930,Marmaduke Palmby,1269 Dwight Alley,33013,FL,mpalmbypt@bizjournals.com
931,Feodora Burgin,9020 Victoria Road,93311,CA,fburginpu@home.pl
932,Nathanil Bwy,919 Bowman Place,95852,CA,nbwypv@twitpic.com
933,Kira Cardno,5441 Pond Parkway,94245,CA,kcardnopw@rediff.com
934,Heidi Jelfs,379 Grim Alley,94250,CA,hjelfspx@epa.gov
935,Patrick Coiley,717 American Ash Plaza,78769,TX,pcoileypy@wix.com
936,Berky Stitcher,1735 Surrey Center,32819,FL,bstitcherpz@harvard.edu
937,Hamilton McInally,5242 Grayhawk Hill,93311,CA,hmcinallyq0@discovery.com
938,Abdel O' Reagan,07 Meadow Valley Crossing,39404,MS,aoq1@odnoklassniki.ru
939,Pren Carden,84767 Blaine Center,55470,MN,pcardenq2@phpbb.com
940,Dalis Tremble,7 Moulton Pass,23520,VA,dtrembleq3@quantcast.com
941,Adella Czyz,480 Erie Circle,15240,PA,aczyzq4@statcounter.com
942,Tamqrah Naish,13678 Cambridge Pass,10110,NY,tnaishq5@icio.us
943,Gertrudis McDonald,45 Kenwood Parkway,90094,CA,gmcdonaldq6@geocities.com
944,Lillis Hafner,41 Lake View Parkway,77060,TX,lhafnerq7@github.com
945,Dotti Pudge,80 8th Pass,64082,MO,dpudgeq8@reverbnation.com
946,Sarina Conwell,51071 Heath Parkway,78044,TX,sconwellq9@t-online.de
947,Alyosha Foottit,18 Artisan Hill,29220,SC,afoottitqa@deviantart.com
948,Selig Pattinson,2234 Tomscot Park,49048,MI,spattinsonqb@columbia.edu
949,Auroora Infantino,3 Myrtle Trail,29610,SC,ainfantinoqc@shareasale.com
950,Serge Nund,3 Fuller Lane,64054,MO,snundqd@about.com
951,Agna Pindar,2916 Dawn Place,91328,CA,apindarqe@bigcartel.com
952,Kristofor O'Griffin,3883 Moland Trail,33129,FL,kogriffinqf@yolasite.com
953,Caron Mateiko,27 Vidon Plaza,92137,CA,cmateikoqg@freewebs.com
954,Rebe Sille,27851 Kinsman Parkway,32128,FL,rsilleqh@wix.com
955,Pattie Creddon,316 Spenser Lane,15220,PA,pcreddonqi@newsvine.com
956,Roderic Hacket,8267 Mayer Place,80525,CO,rhacketqj@shutterfly.com
957,Zedekiah Yoell,22 Park Meadow Junction,02119,MA,zyoellqk@walmart.com
958,Arne Livings,7 Pine View Way,25313,WV,alivingsql@foxnews.com
959,Stepha Cullimore,8 New Castle Pass,75236,TX,scullimoreqm@google.it
960,Anni Welman,0578 Service Trail,29220,SC,awelmanqn@house.gov
961,Shara Flacknell,7700 Kensington Place,66667,KS,sflacknellqo@jigsy.com
962,Lucie Stebbings,90 Vidon Pass,94121,CA,lstebbingsqp@princeton.edu
963,Orton Thornbarrow,1 Warrior Center,79977,TX,othornbarrowqq@amazonaws.com
964,Claresta Bromilow,5302 Kenwood Lane,08638,NJ,cbromilowqr@noaa.gov
965,Ralina Warden,027 Union Pass,75277,TX,rwardenqs@upenn.edu
966,Stevana Tamas,590 Bowman Street,80126,CO,stamasqt@de.vu
967,Marris Gabriely,914 Acker Place,25305,WV,mgabrielyqu@guardian.co.uk
968,Phylis Pury,956 Pepper Wood Alley,28210,NC,ppuryqv@noaa.gov
969,Sarena Brighouse,29942 Katie Pass,95818,CA,sbrighouseqw@networksolutions.com
970,Dalenna Balthasar,938 Rusk Street,10045,NY,dbalthasarqx@soundcloud.com
971,Sallyanne Tiery,74207 Village Green Hill,55480,MN,stieryqy@house.gov
972,Peterus Westnedge,29965 Canary Trail,98175,WA,pwestnedgeqz@gnu.org
973,Nance Habble,18298 Dryden Park,64199,MO,nhabbler0@alexa.com
974,Idelle Iacovone,24701 Marcy Road,80915,CO,iiacovoner1@unicef.org
975,Staffard Oakley,8 Pierstorff Hill,28284,NC,soakleyr2@boston.com
976,Helli Bleackly,0815 Northwestern Place,48335,MI,hbleacklyr3@com.com
977,Ronny Wymer,71845 Eastwood Trail,10125,NY,rwymerr4@berkeley.edu
978,Franciska Harlowe,67 Kings Hill,99220,WA,fharlower5@newsvine.com
979,Ave Wasielewicz,6261 Mockingbird Terrace,46805,IN,awasielewiczr6@sohu.com
980,Brian Craiker,8547 Stone Corner Road,70033,LA,bcraikerr7@gnu.org
981,Job Giscken,4894 Monument Way,87105,NM,jgisckenr8@technorati.com
982,Bondon Guinery,9 Village Crossing,80995,CO,bguineryr9@whitehouse.gov
983,Silvain McCombe,0434 Sundown Lane,40215,KY,smccombera@google.fr
984,Blinnie Challens,15970 Fulton Alley,87115,NM,bchallensrb@engadget.com
985,Lorinda Langcaster,94957 Weeping Birch Hill,33421,FL,llangcasterrc@shutterfly.com
986,Prisca Matevushev,0909 Hagan Terrace,49544,MI,pmatevushevrd@de.vu
987,Joya Rantoul,948 Continental Hill,14905,NY,jrantoulre@pinterest.com
988,Elwood Player,200 Knutson Drive,78291,TX,eplayerrf@sogou.com
989,Gussi King,72 Stoughton Court,55172,MN,gkingrg@yelp.com
990,Mariel Broek,360 Arkansas Center,36205,AL,mbroekrh@mail.ru
991,Daloris Janous,59766 Fairview Drive,89155,NV,djanousri@live.com
992,Bride Hannis,3724 Butterfield Lane,50393,IA,bhannisrj@amazon.de
993,Ives Stabler,08 Arrowood Alley,95823,CA,istablerrk@huffingtonpost.com
994,Mathe Binny,7 Montana Street,35487,AL,mbinnyrl@arizona.edu
995,George Pietrusiak,42 Del Mar Court,79916,TX,gpietrusiakrm@dropbox.com
996,Oralee Eat,6485 Steensland Drive,23509,VA,oeatrn@oakley.com
997,Beverly Colling,50 Utah Center,73135,OK,bcollingro@blinklist.com
998,Lewie Carlett,0 Namekagon Hill,24004,VA,lcarlettrp@booking.com
999,Annis Charrington,697 Dottie Court,28289,NC,acharringtonrq@wikipedia.org
1000,Reiko Cristea,38748 Hanson Hill,76004,TX,rcristearr@posterous.com
