id,name,address,zipcode,state,email
1,Letti Cheyenne,13 Alpine Court,20580,DC,lcheyenne0@webmd.com
2,Hetti MacFaell,8 Donald Hill,62711,IL,hmacfaell1@de.vu
3,Sarene Yglesias,26 Basil Place,14646,NY,syglesias2@paypal.com
4,Jacynth Antoszewski,8404 Miller Avenue,95108,CA,jantoszewski3@bbc.co.uk
5,Saxon Jeacocke,144 Rusk Road,63126,MO,sjeacocke4@wiley.com
6,Kylynn Atty,7 Lakeland Parkway,79705,TX,katty5@state.gov
7,Jolene Faers,8 Karstens Road,37914,TN,jfaers6@aol.com
8,Alberik Gee,6 Melrose Alley,20546,DC,agee7@blogger.com
9,Belicia Klimontovich,0 Pennsylvania Center,83757,ID,bklimontovich8@behance.net
10,Ursula Drydale,28 Lawn Parkway,77386,TX,udrydale9@redcross.org
11,Pincus Crosi,68714 Sachs Trail,33605,FL,pcrosia@shop-pro.jp
12,Rania Shawel,9421 Annamark Way,43268,OH,rshawelb@taobao.com
13,Mommy Hundal,16826 Vahlen Pass,32575,FL,mhundalc@ycombinator.com
14,Avis Poupard,54562 Eastlawn Junction,65810,MO,apoupardd@netvibes.com
15,Tito Immer,1428 Moulton Circle,52410,IA,timmere@artisteer.com
16,Ulises Raiston,4275 Shelley Junction,33310,FL,uraistonf@uol.com.br
17,Owen Lude,8703 Pennsylvania Lane,33421,FL,oludeg@livejournal.com
18,Else Crompton,00808 Bluejay Drive,27705,NC,ecromptonh@baidu.com
19,Martainn Cleef,8 Pine View Park,99522,AK,mcleefi@fc2.com
20,Thornton Panswick,8 Armistice Road,95128,CA,tpanswickj@bbb.org
21,Errol Hearley,943 Lakewood Point,36119,AL,ehearleyk@vistaprint.com
22,Daniel Roylance,61306 Glacier Hill Alley,30195,GA,droylancel@tinypic.com
23,Codi Picken,7 Anzinger Junction,93907,CA,cpickenm@google.com.au
24,Leeland Dadley,78 Loftsgordon Center,76305,TX,ldadleyn@redcross.org
25,Jordana Showler,44139 Coleman Trail,14639,NY,jshowlero@ehow.com
26,Margot Pady,3698 North Park,92176,CA,mpadyp@mapquest.com
27,Thacher Elderidge,80316 Judy Drive,48242,MI,telderidgeq@newyorker.com
28,Byrann Golby,33496 Continental Park,94660,CA,bgolbyr@google.nl
29,Rosalynd Surpliss,402 Lakeland Trail,13505,NY,rsurplisss@list-manage.com
30,Abby Beagan,303 Drewry Junction,23293,VA,abeagant@weather.com
31,Gordie Claxson,81 Bartillon Alley,16522,PA,gclaxsonu@surveymonkey.com
32,Cosetta Stellin,9 Hagan Plaza,32627,FL,cstellinv@jimdo.com
33,Collette Symes,96 Maryland Way,32123,FL,csymesw@google.de
34,Kevina Ballchin,18 Melody Circle,78715,TX,kballchinx@moonfruit.com
35,Odie Clarridge,1 Cardinal Parkway,70129,LA,oclarridgey@pcworld.com
36,Penny Martyntsev,6636 Knutson Alley,28815,NC,pmartyntsevz@i2i.jp
37,Adelheid Hundy,05 Marcy Terrace,44511,OH,ahundy10@europa.eu
38,Lorene Handes,255 Sherman Hill,01905,MA,lhandes11@cbc.ca
39,Velma Steventon,791 Columbus Avenue,02203,MA,vsteventon12@patch.com
40,Casie Blackah,1 Express Alley,33129,FL,cblackah13@newyorker.com
41,Sydney Vigors,412 Oriole Trail,94660,CA,svigors14@prnewswire.com
42,Brook Phipson,88 Armistice Hill,68583,NE,bphipson15@msu.edu
43,Michelle Falconer,18739 School Center,60652,IL,mfalconer16@nsw.gov.au
44,Yorgo Rasor,466 Ridgeview Crossing,92196,CA,yrasor17@instagram.com
45,Chilton Burr,92 Hazelcrest Drive,77201,TX,cburr18@nationalgeographic.com
46,Franzen Cornish,76562 Westridge Pass,85297,AZ,fcornish19@sfgate.com
47,Arlee Yesinin,7 Fairview Parkway,92878,CA,ayesinin1a@oaic.gov.au
48,Joshua Lanfare,95 Scott Point,31416,GA,jlanfare1b@wikimedia.org
49,Astrix Rohan,00 Luster Circle,30919,GA,arohan1c@slate.com
50,Lenna Farherty,184 Mandrake Terrace,77240,TX,lfarherty1d@pcworld.com
51,Stacey Farlamb,9750 Eggendart Parkway,02458,MA,sfarlamb1e@epa.gov
52,Annissa Joselevitch,2 Fairfield Trail,36119,AL,ajoselevitch1f@biglobe.ne.jp
53,Marvin Dannel,9 Ruskin Pass,75705,TX,mdannel1g@webeden.co.uk
54,Vaughn Junes,618 Shasta Crossing,80044,CO,vjunes1h@newyorker.com
55,Abie Sefton,4101 Hermina Park,92862,CA,asefton1i@oaic.gov.au
56,Leoline Pylkynyton,41522 Grasskamp Circle,28805,NC,lpylkynyton1j@issuu.com
57,Jenda Whyborne,5 Union Parkway,48092,MI,jwhyborne1k@macromedia.com
58,Vilma Paeckmeyer,3 Fremont Road,94159,CA,vpaeckmeyer1l@google.nl
59,Rozanne Studholme,2933 Banding Center,06538,CT,rstudholme1m@edublogs.org
60,Joyann Faudrie,0 Everett Court,20404,DC,jfaudrie1n@surveymonkey.com
61,Isador Geraldo,9379 Miller Street,33906,FL,igeraldo1o@mozilla.org
62,Pace Joberne,19405 Golf Alley,90410,CA,pjoberne1p@nationalgeographic.com
63,Correna Hamshar,9 Pierstorff Pass,33175,FL,chamshar1q@biglobe.ne.jp
64,Salim Laddle,766 Gateway Crossing,47712,IN,sladdle1r@purevolume.com
65,Tammie O'Hartnedy,8848 Summer Ridge Trail,92145,CA,tohartnedy1s@xrea.com
66,Wat Pollicote,94868 Veith Court,31210,GA,wpollicote1t@omniture.com
67,Whittaker Moniker,1 Ridge Oak Way,13210,NY,wmoniker1u@china.com.cn
68,Parry Quemby,76533 Fallview Plaza,10260,NY,pquemby1v@howstuffworks.com
69,Libbi Castelletto,19 Goodland Center,33336,FL,lcastelletto1w@harvard.edu
70,Daren Margiotta,157 Goodland Plaza,84170,UT,dmargiotta1x@nytimes.com
71,Celia McClaren,230 High Crossing Point,76004,TX,cmcclaren1y@google.com
72,Alia Waulker,5 Vera Junction,77240,TX,awaulker1z@earthlink.net
73,Gretna Heams,20 Pepper Wood Avenue,27615,NC,gheams20@com.com
74,Charissa Lowndsborough,25 Arizona Junction,32277,FL,clowndsborough21@typepad.com
75,Meara Crat,2182 Shopko Terrace,46825,IN,mcrat22@loc.gov
76,Marieann Studman,86119 Nobel Terrace,20268,DC,mstudman23@ocn.ne.jp
77,Baily Zuan,9501 Ridge Oak Avenue,89714,NV,bzuan24@sphinn.com
78,Beverie Morford,40664 Sachtjen Center,62525,IL,bmorford25@slashdot.org
79,Fawn Purvey,89922 Jackson Alley,46015,IN,fpurvey26@ovh.net
80,Gusta Slym,56 Loomis Hill,88541,TX,gslym27@smh.com.au
81,Letitia Bode,3 Johnson Park,87201,NM,lbode28@xinhuanet.com
82,Caleb Codd,7 Doe Crossing Center,52245,IA,ccodd29@wiley.com
83,Mar Braithwaite,91682 Warner Court,71161,LA,mbraithwaite2a@myspace.com
84,Patrizio Dawdry,4 Express Lane,76796,TX,pdawdry2b@cbsnews.com
85,Jewell Golt,55 Gina Place,20784,MD,jgolt2c@tripod.com
86,Annadiane Harrald,1 Sommers Lane,15205,PA,aharrald2d@123-reg.co.uk
87,Kristoffer Orchart,7799 Helena Place,10474,NY,korchart2e@techcrunch.com
88,Samaria Alaway,7334 Barby Center,93715,CA,salaway2f@ovh.net
89,Camille Westwell,76938 5th Street,92710,CA,cwestwell2g@omniture.com
90,Lorianne Meagher,635 Mesta Drive,31106,GA,lmeagher2h@google.com.hk
91,Dani Boorer,16688 Spohn Center,77045,TX,dboorer2i@myspace.com
92,Sheela Eick,78444 Kings Road,35285,AL,seick2j@acquirethisname.com
93,Con Ridwood,95458 Dwight Pass,37245,TN,cridwood2k@ning.com
94,Gail Laingmaid,535 Lotheville Point,70174,LA,glaingmaid2l@lycos.com
95,Tasia Accomb,71911 Northport Terrace,23504,VA,taccomb2m@npr.org
96,Angeli Laugier,534 Sutteridge Junction,73129,OK,alaugier2n@google.ru
97,Pat Cosyns,1983 Springs Alley,33633,FL,pcosyns2o@angelfire.com
98,Temple Tidgewell,4 Meadow Valley Point,89110,NV,ttidgewell2p@marketwatch.com
99,Jacenta Bathow,51575 Anniversary Road,92405,CA,jbathow2q@skyrock.com
100,Kennedy Lerohan,1566 Hermina Junction,19605,PA,klerohan2r@china.com.cn
101,Phyllys Arniz,82058 Forest Run Point,89505,NV,parniz2s@deliciousdays.com
102,Demetre Beevors,57 1st Drive,05609,VT,dbeevors2t@samsung.com
103,Aurora Adamovitch,0 Dovetail Drive,70815,LA,aadamovitch2u@oaic.gov.au
104,Wilmar Norvill,1236 Pawling Hill,11480,NY,wnorvill2v@cdc.gov
105,Onfre Kasperski,508 Green Ridge Pass,10014,NY,okasperski2w@accuweather.com
106,Evin Olsson,5 Claremont Trail,88519,TX,eolsson2x@booking.com
107,Conrad Swanton,05 American Ash Hill,14269,NY,cswanton2y@angelfire.com
108,Pippo Dymoke,83 Stuart Park,77005,TX,pdymoke2z@jalbum.net
109,Kalil Iddins,8 Ryan Plaza,85260,AZ,kiddins30@mayoclinic.com
110,Sue Fley,3242 Moland Road,31410,GA,sfley31@hhs.gov
111,Mohandas Ninnis,94818 Westport Way,60609,IL,mninnis32@wiley.com
112,Caterina Dickman,0 Transport Drive,80951,CO,cdickman33@addthis.com
113,Hamilton Tonepohl,4873 Spenser Junction,40250,KY,htonepohl34@mapquest.com
114,Wilhelmina Mallord,26316 Knutson Alley,20099,DC,wmallord35@dion.ne.jp
115,Tiffany Fletcher,58 Monica Drive,14276,NY,tfletcher36@mayoclinic.com
116,Ray Boake,68 Monument Way,63143,MO,rboake37@meetup.com
117,Debi Heathwood,11 Summerview Point,47134,IN,dheathwood38@apache.org
118,Georgeanna Antonin,26337 Hintze Circle,47747,IN,gantonin39@photobucket.com
119,Marjorie Carreyette,478 Prentice Hill,33487,FL,mcarreyette3a@altervista.org
120,Konstance Purcell,14 Arrowood Park,90055,CA,kpurcell3b@rediff.com
121,Ingamar Amorts,17133 Blue Bill Park Pass,96820,HI,iamorts3c@360.cn
122,Florry De Filippis,17 Basil Parkway,45408,OH,fde3d@businessinsider.com
123,Fonzie Orviss,88 Dayton Circle,74116,OK,forviss3e@last.fm
124,Murielle Cadd,82637 Waxwing Plaza,40215,KY,mcadd3f@google.nl
125,Eugenius Dobel,1 Pierstorff Point,33647,FL,edobel3g@zdnet.com
126,Ermentrude Gogin,3 Bellgrove Street,10175,NY,egogin3h@e-recht24.de
127,Ryann Luckin,73 Rigney Crossing,32941,FL,rluckin3i@bloglovin.com
128,Philbert Bour,7 Hovde Park,61640,IL,pbour3j@paginegialle.it
129,Marie-ann Cookson,16 Gina Terrace,62723,IL,mcookson3k@histats.com
130,Luciano Blankau,3554 Tennyson Way,91499,CA,lblankau3l@storify.com
131,Jody Craddock,20591 Laurel Court,19109,PA,jcraddock3m@uiuc.edu
132,Fanni Gutsell,15148 Hoard Road,78410,TX,fgutsell3n@github.io
133,Ninetta Albone,33 Hallows Street,54313,WI,nalbone3o@mozilla.com
134,Cully Mitten,54347 Caliangt Place,10079,NY,cmitten3p@dropbox.com
135,Kelsy Glayzer,55689 Longview Junction,77305,TX,kglayzer3q@usgs.gov
136,Jenda Wyard,8 Hermina Alley,88558,TX,jwyard3r@google.pl
137,Lena Huzzay,84390 Cottonwood Trail,47747,IN,lhuzzay3s@networkadvertising.org
138,Jakie McGuire,105 Toban Crossing,80905,CO,jmcguire3t@cafepress.com
139,Jojo Jirick,93 Basil Drive,47712,IN,jjirick3u@creativecommons.org
140,Blancha Liveing,3 Eliot Alley,22156,VA,bliveing3v@nymag.com
141,Benny Redholls,9 Maple Wood Avenue,44705,OH,bredholls3w@aol.com
142,Sigismund Alexsandrowicz,3495 Troy Center,43635,OH,salexsandrowicz3x@bloomberg.com
143,Tanya Iacobassi,9702 Mandrake Street,55480,MN,tiacobassi3y@privacy.gov.au
144,Karylin Danieli,983 Bellgrove Alley,40581,KY,kdanieli3z@quantcast.com
145,Leila Riche,2680 Dryden Way,70805,LA,lriche40@cocolog-nifty.com
146,Tobe Sola,09 Fallview Pass,80262,CO,tsola41@reference.com
147,Glenna Evens,90770 Forest Run Pass,19714,DE,gevens42@google.com.br
148,Elisa Dwire,5196 Thierer Avenue,19172,PA,edwire43@w3.org
149,Dilly Baskwell,0306 Kings Center,20551,DC,dbaskwell44@icio.us
150,Tomkin Kneebone,60 Kennedy Lane,10009,NY,tkneebone45@360.cn
151,Lavina Gouda,583 Southridge Park,79769,TX,lgouda46@godaddy.com
152,Kettie Benois,7796 Sherman Crossing,10110,NY,kbenois47@google.nl
153,Effie Gradly,88 Old Gate Plaza,10705,NY,egradly48@paypal.com
154,Katherina Dunton,2 Butternut Parkway,33147,FL,kdunton49@theglobeandmail.com
155,Claudell Bromehed,48 Larry Point,75310,TX,cbromehed4a@vistaprint.com
156,Cristina Wilce,27 Bluejay Park,70187,LA,cwilce4b@wikispaces.com
157,Corly Fairney,15922 Forest Plaza,99812,AK,cfairney4c@chron.com
158,Margo Huson,89 Elgar Parkway,60158,IL,mhuson4d@altervista.org
159,Artemus Shinner,413 Farragut Drive,47937,IN,ashinner4e@blogspot.com
160,Antonia Hise,01 Karstens Road,78759,TX,ahise4f@ed.gov
161,Kora Stanner,26 Mosinee Hill,78769,TX,kstanner4g@illinois.edu
162,Imojean Cater,1 Thierer Trail,31217,GA,icater4h@wix.com
163,Pail Buzin,337 Clyde Gallagher Trail,96845,HI,pbuzin4i@usgs.gov
164,Edouard Andrea,79984 Duke Place,78210,TX,eandrea4j@apple.com
165,Belicia Harmstone,23285 Ohio Center,70149,LA,bharmstone4k@foxnews.com
166,Skippy Leidecker,4 Hallows Crossing,75710,TX,sleidecker4l@cbsnews.com
167,Silvain Chilcott,990 Novick Alley,20404,DC,schilcott4m@techcrunch.com
168,Cathryn Queree,09354 Moulton Terrace,60674,IL,cqueree4n@baidu.com
169,Annnora Bilston,936 Hagan Place,95128,CA,abilston4o@feedburner.com
170,Annice Stickel,9596 Jenna Parkway,90010,CA,astickel4p@va.gov
171,Maurice Mapston,0413 Boyd Drive,70505,LA,mmapston4q@homestead.com
172,Alisun Keith,64569 Golf Course Parkway,54915,WI,akeith4r@tuttocitta.it
173,Averill Yakutin,73933 Pleasure Court,71151,LA,ayakutin4s@forbes.com
174,Angelina Nerney,07 Dovetail Court,37235,TN,anerney4t@topsy.com
175,Gamaliel Looney,9 Luster Way,73179,OK,glooney4u@instagram.com
176,Bengt Ambridge,0 Dakota Road,27455,NC,bambridge4v@geocities.jp
177,Babette Popland,85 Tennyson Place,98121,WA,bpopland4w@networkadvertising.org
178,Nadya Jacobovitz,87525 Eliot Alley,20319,DC,njacobovitz4x@seesaa.net
179,Jenifer Girardey,32 Lakewood Gardens Junction,73197,OK,jgirardey4y@arizona.edu
180,Roldan Killingbeck,56 Norway Maple Trail,94064,CA,rkillingbeck4z@boston.com
181,Marissa Sinkins,0296 International Parkway,12227,NY,msinkins50@sciencedirect.com
182,Iago Severns,8 Carey Center,76905,TX,iseverns51@loc.gov
183,Palmer Frisdick,86712 Burning Wood Place,97286,OR,pfrisdick52@sakura.ne.jp
184,Gabbi Tincombe,66255 Upham Terrace,60674,IL,gtincombe53@washingtonpost.com
185,Blake Skryne,653 Service Avenue,92612,CA,bskryne54@cnbc.com
186,Hinze Francis,9 Hauk Trail,14905,NY,hfrancis55@timesonline.co.uk
187,Corissa Lindell,39174 Golf Course Place,17140,PA,clindell56@smugmug.com
188,Lib Cosin,38834 Pankratz Center,83727,ID,lcosin57@trellian.com
189,Gaye Hudd,2 Express Center,99512,AK,ghudd58@japanpost.jp
190,Ric Goodyer,4 Mayfield Terrace,85040,AZ,rgoodyer59@home.pl
191,Gasparo Busk,0 Grim Parkway,75799,TX,gbusk5a@homestead.com
192,Tamar Ambler,489 Truax Drive,47719,IN,tambler5b@wikia.com
193,Anatola Bools,7407 Elgar Junction,48217,MI,abools5c@narod.ru
194,Angeline Hovenden,15733 International Avenue,19093,PA,ahovenden5d@angelfire.com
195,Austine Tatteshall,44 Blue Bill Park Parkway,33330,FL,atatteshall5e@vk.com
196,Georgy Aspinell,5375 Meadow Ridge Point,25356,WV,gaspinell5f@japanpost.jp
197,Kenyon Earwicker,58332 Main Terrace,89105,NV,kearwicker5g@weebly.com
198,Brice Banton,52 Twin Pines Point,45020,OH,bbanton5h@ucoz.com
199,Caldwell Lelliott,259 Utah Plaza,13217,NY,clelliott5i@cnet.com
200,Candie Swinburne,18 Sutherland Drive,33196,FL,cswinburne5j@aboutads.info
201,Lola Stalf,883 Maywood Place,75287,TX,lstalf5k@usgs.gov
202,Sayres Hands,86 Upham Circle,64130,MO,shands5l@hao123.com
203,Katey Cumesky,9 Holy Cross Trail,60691,IL,kcumesky5m@shop-pro.jp
204,Rina Ingliby,33 Summer Ridge Park,67260,KS,ringliby5n@nih.gov
205,Merrilee Chander,42 Wayridge Center,66642,KS,mchander5o@tumblr.com
206,Mattie MacGahey,9 Lien Drive,38136,TN,mmacgahey5p@privacy.gov.au
207,Anna Wordley,02411 Merrick Terrace,66225,KS,awordley5q@ask.com
208,Bertie Colten,8667 Fairview Center,18763,PA,bcolten5r@mediafire.com
209,Fredia Kyffin,3 Prairie Rose Avenue,77343,TX,fkyffin5s@dion.ne.jp
210,Kirk Waterhous,4 Carioca Parkway,53215,WI,kwaterhous5t@princeton.edu
211,Gaby Lawlance,49193 5th Junction,80930,CO,glawlance5u@people.com.cn
212,Taber Prando,47 Pleasure Plaza,72222,AR,tprando5v@answers.com
213,Gamaliel Blackham,31 Derek Drive,33028,FL,gblackham5w@vkontakte.ru
214,Kenny Belle,32366 Florence Park,20404,DC,kbelle5x@amazon.com
215,Kelsey Rickman,4137 Donald Road,48211,MI,krickman5y@yahoo.co.jp
216,Wynne Lere,2 Loeprich Park,78744,TX,wlere5z@narod.ru
217,Ramsey MacGragh,06273 Dahle Crossing,46852,IN,rmacgragh60@sitemeter.com
218,Lyndy Swyndley,6 Summit Crossing,46216,IN,lswyndley61@accuweather.com
219,Monte Maughan,3 Mosinee Junction,46825,IN,mmaughan62@va.gov
220,Bogart Stouther,40 Butternut Pass,28263,NC,bstouther63@ftc.gov
221,Katerine Towler,724 Florence Lane,02109,MA,ktowler64@feedburner.com
222,Deane Phillipps,0374 Bashford Court,48206,MI,dphillipps65@state.gov
223,Germayne Yakebowitch,6 Jenifer Trail,85720,AZ,gyakebowitch66@devhub.com
224,Kristal Dubose,2 Union Drive,32891,FL,kdubose67@ehow.com
225,Valry Powers,92913 Eastlawn Trail,24009,VA,vpowers68@virginia.edu
226,Dermot Rangle,2204 Hanson Lane,61629,IL,drangle69@squarespace.com
227,Raquela Lundbeck,517 Pierstorff Crossing,10280,NY,rlundbeck6a@rambler.ru
228,Mireille Gillmore,555 Dwight Alley,75277,TX,mgillmore6b@bloglovin.com
229,Ricoriki Randales,88 Dunning Junction,06905,CT,rrandales6c@wsj.com
230,Rudy Teasdale-Markie,91915 Glacier Hill Avenue,30340,GA,rteasdalemarkie6d@geocities.jp
231,Aarika Larking,8360 Farragut Circle,33625,FL,alarking6e@google.fr
232,Kirsten Dawkes,18 Cascade Lane,20268,DC,kdawkes6f@nymag.com
233,Lucien Whayman,71205 Cardinal Lane,99812,AK,lwhayman6g@last.fm
234,Barry Van,79 Magdeline Plaza,71161,LA,bvan6h@unc.edu
235,Nessi Duer,7869 Sauthoff Avenue,21290,MD,nduer6i@feedburner.com
236,Blinny Ondricek,258 Moland Junction,24014,VA,bondricek6j@ow.ly
237,Karlotta Letty,727 Hazelcrest Lane,40256,KY,kletty6k@ustream.tv
238,Adele Heinreich,9 Hoard Lane,92415,CA,aheinreich6l@newyorker.com
239,Rudyard Durrad,9042 Sundown Point,76115,TX,rdurrad6m@cdbaby.com
240,Umeko Klimkiewich,4149 Bluestem Hill,45203,OH,uklimkiewich6n@scientificamerican.com
241,Valentine Claworth,734 Dorton Hill,87110,NM,vclaworth6o@dropbox.com
242,Trace Fladgate,35578 Declaration Trail,01610,MA,tfladgate6p@adobe.com
243,Robbin McNickle,1 Canary Circle,35405,AL,rmcnickle6q@yolasite.com
244,Pasquale Wherton,3548 Holmberg Park,37245,TN,pwherton6r@tamu.edu
245,Netta Greim,94 Mesta Center,23213,VA,ngreim6s@friendfeed.com
246,Aime McGarahan,4660 Village Green Place,25305,WV,amcgarahan6t@hao123.com
247,Clarine Linck,39 Eastlawn Park,98175,WA,clinck6u@domainmarket.com
248,Theodora Crittal,8960 Chive Lane,47719,IN,tcrittal6v@cpanel.net
249,Winnifred Bramall,76246 Fairview Plaza,76162,TX,wbramall6w@vk.com
250,Rae Labes,10378 Dwight Alley,06505,CT,rlabes6x@jiathis.com
251,Henrik Mapes,7 Kennedy Parkway,47905,IN,hmapes6y@twitter.com
252,Fania O'Cooney,2 Jackson Crossing,80241,CO,focooney6z@state.gov
253,Pietrek Liepina,0 Anthes Center,75605,TX,pliepina70@goo.ne.jp
254,Frazier Burnep,9 Westerfield Terrace,18105,PA,fburnep71@istockphoto.com
255,Gregorio Woollaston,0301 Onsgard Center,14205,NY,gwoollaston72@discuz.net
256,Bonni Hayer,097 Cherokee Alley,00214,NH,bhayer73@ezinearticles.com
257,Tamar Geraghty,087 Texas Court,60663,IL,tgeraghty74@moonfruit.com
258,Orel Besnardeau,182 Talmadge Pass,25336,WV,obesnardeau75@microsoft.com
259,Halsey Divell,5148 Kennedy Junction,74103,OK,hdivell76@cbsnews.com
260,Olva Lowthian,5770 3rd Drive,07544,NJ,olowthian77@cisco.com
261,Donnie Giberd,214 Gina Center,55551,MN,dgiberd78@lulu.com
262,Teresa Skarin,01 Clarendon Plaza,48275,MI,tskarin79@prweb.com
263,Derk Scrivin,51556 Hudson Hill,31132,GA,dscrivin7a@rambler.ru
264,Charity Padbury,3177 Chive Pass,74184,OK,cpadbury7b@woothemes.com
265,Jermain Gillum,290 Miller Lane,85077,AZ,jgillum7c@ameblo.jp
266,Meagan Sunman,3525 Pond Alley,24503,VA,msunman7d@devhub.com
267,Dannel Gowland,0 Logan Place,40210,KY,dgowland7e@twitpic.com
268,Emile Binfield,497 Mitchell Road,97075,OR,ebinfield7f@shutterfly.com
269,Jocelyn Pinsent,712 Del Sol Alley,80126,CO,jpinsent7g@flavors.me
270,Joscelin Stallan,3 Portage Trail,29319,SC,jstallan7h@mysql.com
271,Markus Bambery,788 Mcbride Terrace,89087,NV,mbambery7i@illinois.edu
272,Del Cradey,82885 Vahlen Junction,15134,PA,dcradey7j@ibm.com
273,Aindrea Ducastel,06 Cambridge Place,34629,FL,aducastel7k@economist.com
274,Wade Ivell,05299 Atwood Lane,78783,TX,wivell7l@acquirethisname.com
275,Ivonne Meardon,557 Moland Way,97075,OR,imeardon7m@auda.org.au
276,Sergei Gerault,1 Orin Drive,30368,GA,sgerault7n@dot.gov
277,Silvio Sheal,12698 American Street,74149,OK,ssheal7o@wikia.com
278,Anissa Jinkins,19 Hoepker Way,33158,FL,ajinkins7p@behance.net
279,Raquela Duddy,02749 Forest Run Lane,22234,VA,rduddy7q@printfriendly.com
280,Brocky Polo,34 Grasskamp Parkway,61709,IL,bpolo7r@marriott.com
281,Bruce Signe,90057 Porter Parkway,32627,FL,bsigne7s@globo.com
282,Noell Ortells,163 Sundown Road,92822,CA,nortells7t@wikia.com
283,Willey Southwick,51 Nancy Point,15225,PA,wsouthwick7u@joomla.org
284,Catrina Kurdani,88 Schurz Alley,85030,AZ,ckurdani7v@vistaprint.com
285,Marleah Saffell,09 Golf Avenue,33777,FL,msaffell7w@intel.com
286,Wilburt Sudlow,21403 La Follette Circle,34642,FL,wsudlow7x@t.co
287,Dionisio Kebell,255 Elka Parkway,87505,NM,dkebell7y@wikimedia.org
288,Lani Spracklin,4480 Merrick Avenue,07208,NJ,lspracklin7z@accuweather.com
289,Rahel Hardeman,5 Golden Leaf Alley,35295,AL,rhardeman80@pinterest.com
290,Langston Bulled,70 Arrowood Crossing,02453,MA,lbulled81@bloomberg.com
291,Casi Geraghty,8197 Thackeray Parkway,31106,GA,cgeraghty82@go.com
292,Bucky Gaskell,26492 Hintze Crossing,33129,FL,bgaskell83@cargocollective.com
293,Kara Pilbury,1 Wayridge Point,98464,WA,kpilbury84@barnesandnoble.com
294,Jilleen Ruppeli,868 Division Avenue,30328,GA,jruppeli85@tiny.cc
295,Lockwood Joseland,24 West Plaza,29615,SC,ljoseland86@salon.com
296,Jamey Mayor,13 Mendota Place,53716,WI,jmayor87@paypal.com
297,Jecho Bogays,56 Ilene Lane,06922,CT,jbogays88@istockphoto.com
298,Troy Du Plantier,8 Columbus Hill,20319,DC,tdu89@indiegogo.com
299,Terrijo Dollimore,8557 Dahle Drive,92555,CA,tdollimore8a@indiegogo.com
300,Celie Sporle,12 Waywood Plaza,77713,TX,csporle8b@ucoz.ru
301,Barbara Circuitt,58 Charing Cross Way,46814,IN,bcircuitt8c@amazon.co.jp
302,Lenora Bertelet,4205 Roxbury Drive,93106,CA,lbertelet8d@disqus.com
303,Domenico Stable,10 Bowman Circle,46825,IN,dstable8e@chicagotribune.com
304,Kellie Quig,91949 Express Court,40266,KY,kquig8f@rediff.com
305,Barrie Yakovl,4 Roth Terrace,18763,PA,byakovl8g@ocn.ne.jp
306,Dwain Robilart,1 John Wall Junction,77228,TX,drobilart8h@economist.com
307,Jada Donat,83 Portage Hill,66276,KS,jdonat8i@multiply.com
308,Perry Falla,45817 6th Terrace,33499,FL,pfalla8j@gov.uk
309,Binnie Maynell,42410 Northwestern Pass,22313,VA,bmaynell8k@nbcnews.com
310,Francesco Royl,86 Esch Road,95205,CA,froyl8l@nhs.uk
311,Dell O' Meara,452 Rigney Park,80328,CO,do8m@fc2.com
312,Ermentrude Henmarsh,5 Vernon Junction,34665,FL,ehenmarsh8n@flavors.me
313,Troy Rodnight,179 Lakewood Gardens Terrace,18514,PA,trodnight8o@google.es
314,Stevie Jindracek,5638 Sommers Court,80638,CO,sjindracek8p@squidoo.com
315,Coop Sigsworth,2 Algoma Pass,02405,MA,csigsworth8q@usda.gov
316,Janeczka Staniford,228 Reindahl Avenue,91205,CA,jstaniford8r@google.pl
317,Bibi Sage,3040 Spenser Park,90050,CA,bsage8s@youtu.be
318,Emlyn Hopfer,46 Hazelcrest Drive,85210,AZ,ehopfer8t@opera.com
319,Zackariah Pirozzi,21 Debs Circle,10557,NY,zpirozzi8u@csmonitor.com
320,Hildegaard Goode,28 Heath Alley,92612,CA,hgoode8v@deviantart.com
321,Gabriellia Hatter,35 Grover Avenue,92645,CA,ghatter8w@state.tx.us
322,Amelia Hedde,3 Tony Junction,74116,OK,ahedde8x@npr.org
323,Alleyn Tadgell,139 Bultman Place,45254,OH,atadgell8y@washingtonpost.com
324,Oralla McClosh,38479 Westridge Parkway,47905,IN,omcclosh8z@lycos.com
325,Felisha Ghion,1870 Dapin Alley,68110,NE,fghion90@uol.com.br
326,Lamont McClymont,0 Haas Center,38143,TN,lmcclymont91@bravesites.com
327,Aloise Brogi,44 Thompson Junction,32118,FL,abrogi92@odnoklassniki.ru
328,Feodor Wheelton,2748 Forest Run Junction,38143,TN,fwheelton93@samsung.com
329,Audrye Bonner,25616 Sullivan Way,53785,WI,abonner94@home.pl
330,Marcelline Tirte,6 Russell Lane,33124,FL,mtirte95@wufoo.com
331,Kev Milnthorpe,61864 Scoville Alley,90045,CA,kmilnthorpe96@vkontakte.ru
332,Annabela Prinne,86 Reinke Lane,78285,TX,aprinne97@ucoz.ru
333,Albina Jepp,13067 Hintze Place,34745,FL,ajepp98@spotify.com
334,Jo ann Rizon,0667 Katie Junction,20540,DC,jann99@rediff.com
335,Ibbie Pegram,27990 Lawn Point,25770,WV,ipegram9a@salon.com
336,Clerc Pease,73 Darwin Drive,35815,AL,cpease9b@arizona.edu
337,Moira Shickle,90282 Pawling Center,92555,CA,mshickle9c@themeforest.net
338,Dud Prier,23037 Ruskin Court,22036,VA,dprier9d@kickstarter.com
339,Johannah McFall,40898 Canary Road,38104,TN,jmcfall9e@soundcloud.com
340,Edin Treherne,4558 2nd Terrace,99252,WA,etreherne9f@narod.ru
341,Gonzales Cuvley,2 Sunbrook Trail,48295,MI,gcuvley9g@livejournal.com
342,Brody Beausang,5623 Welch Pass,10469,NY,bbeausang9h@umich.edu
343,Kamila Stollard,68 Monterey Way,33345,FL,kstollard9i@va.gov
344,Carver Adan,67678 Canary Road,94302,CA,cadan9j@github.io
345,Melina De Filippis,24 Ridgeview Junction,45490,OH,mde9k@google.ca
346,Logan Doggett,952 Bunker Hill Plaza,32520,FL,ldoggett9l@macromedia.com
347,Selia Heymes,17228 Gulseth Trail,95865,CA,sheymes9m@go.com
348,Jacinta Gun,9 Fulton Drive,30195,GA,jgun9n@utexas.edu
349,Monah Gheeorghie,718 Hansons Pass,72199,AR,mgheeorghie9o@rambler.ru
350,Madlen Sheed,93 Northridge Junction,92405,CA,msheed9p@uiuc.edu
351,Jamie Luxmoore,6 Dennis Hill,37931,TN,jluxmoore9q@netscape.com
352,Alys Darwin,47470 Esker Hill,94286,CA,adarwin9r@utexas.edu
353,Philippe Corradeschi,1 Hoepker Place,33462,FL,pcorradeschi9s@booking.com
354,Eada Halladey,3 Talisman Street,77388,TX,ehalladey9t@live.com
355,Corabelle Chantler,08 Vahlen Drive,34611,FL,cchantler9u@so-net.ne.jp
356,Dexter Bartosinski,62 Clemons Court,20088,DC,dbartosinski9v@alibaba.com
357,Noell Frail,62261 Dunning Avenue,50362,IA,nfrail9w@storify.com
358,Stevena Tidbald,18 Transport Drive,32204,FL,stidbald9x@yahoo.com
359,Merola Norridge,9391 Express Pass,75205,TX,mnorridge9y@macromedia.com
360,Sharity Mulvagh,1 Rockefeller Circle,20005,DC,smulvagh9z@usatoday.com
361,Oran Pechet,5 South Trail,10270,NY,opecheta0@mlb.com
362,Riccardo Lovie,54 Barnett Alley,76004,TX,rloviea1@360.cn
363,Jay Stanners,0 Stuart Park,62723,IL,jstannersa2@studiopress.com
364,Edythe Sheber,32215 Cascade Parkway,39296,MS,eshebera3@ifeng.com
365,Nichole MacGeffen,4 Briar Crest Way,35244,AL,nmacgeffena4@theatlantic.com
366,Shanta Ruddy,75 Pine View Parkway,17140,PA,sruddya5@marriott.com
367,Gerhardine Mayer,6 Dovetail Terrace,22333,VA,gmayera6@rakuten.co.jp
368,Samuel Bootton,7 Grim Junction,06120,CT,sboottona7@cmu.edu
369,Ryon Petzolt,1789 Pleasure Way,90025,CA,rpetzolta8@businesswire.com
370,Putnam Masterson,603 Evergreen Parkway,33245,FL,pmastersona9@over-blog.com
371,Ashby Mungan,7013 Everett Crossing,27150,NC,amunganaa@amazon.de
372,Dagmar Eriksson,636 Fair Oaks Road,44185,OH,derikssonab@typepad.com
373,Theobald Perfect,907 Stuart Way,98498,WA,tperfectac@printfriendly.com
374,Cthrine Leaning,1900 Hazelcrest Street,89595,NV,cleaningad@indiatimes.com
375,Connor Lodwick,3095 Vera Place,49048,MI,clodwickae@wsj.com
376,Jemmy Cattle,830 Dryden Pass,40225,KY,jcattleaf@auda.org.au
377,Francklin Timblett,0 Birchwood Lane,30911,GA,ftimblettag@sun.com
378,Olivie Really,35 Hazelcrest Road,18505,PA,oreallyah@gizmodo.com
379,Barron Heigho,22504 Roxbury Drive,38168,TN,bheighoai@irs.gov
380,Shea Edgecumbe,1819 Esch Parkway,08922,NJ,sedgecumbeaj@clickbank.net
381,Derk Bellelli,9 Corscot Place,31205,GA,dbellelliak@amazon.com
382,Glen Roots,812 Northview Place,79999,TX,grootsal@yandex.ru
383,Jonas Shaudfurth,81180 Vera Trail,11220,NY,jshaudfurtham@ucoz.ru
384,Antonio Bridgman,75 Erie Alley,88574,TX,abridgmanan@vimeo.com
385,Pall Ralestone,090 Union Alley,50362,IA,pralestoneao@google.com
386,Janey Penson,90 Northwestern Way,15210,PA,jpensonap@sfgate.com
387,Adrien Edgcombe,29536 Stang Street,30061,GA,aedgcombeaq@hatena.ne.jp
388,Almire Ruthen,0 Brickson Park Point,28815,NC,aruthenar@technorati.com
389,Coreen Cayette,9830 Moland Crossing,39210,MS,ccayetteas@theatlantic.com
390,Willa Lavarack,6 Sloan Parkway,02405,MA,wlavarackat@mozilla.com
391,Tarah Dunlop,0144 Dexter Center,47405,IN,tdunlopau@umn.edu
392,Gennifer Chettoe,83 Buell Junction,55423,MN,gchettoeav@wufoo.com
393,Shelagh Bridal,189 Buhler Parkway,92165,CA,sbridalaw@blog.com
394,Franciskus Karadzas,7 Jay Hill,95173,CA,fkaradzasax@cbc.ca
395,Jolynn Gorst,7948 Springs Crossing,92825,CA,jgorstay@uiuc.edu
396,Giuseppe Kimmins,874 Stoughton Lane,80299,CO,gkimminsaz@mozilla.com
397,Major Kiljan,9168 Colorado Junction,90065,CA,mkiljanb0@typepad.com
398,Valerye Rizzetti,836 Carey Alley,55123,MN,vrizzettib1@si.edu
399,Lew Hollyar,9 Arapahoe Pass,66210,KS,lhollyarb2@toplist.cz
400,Clarisse Crose,785 Golf Course Crossing,35810,AL,ccroseb3@quantcast.com
401,Gaynor Miell,9 Lakewood Center,25709,WV,gmiellb4@miibeian.gov.cn
402,Dyana Howsley,02594 Morrow Crossing,80249,CO,dhowsleyb5@hatena.ne.jp
403,Christabella Denholm,33 Schlimgen Hill,87121,NM,cdenholmb6@craigslist.org
404,Linda Terry,25 Loftsgordon Lane,95113,CA,lterryb7@unblog.fr
405,Rosene Cassar,59 Marcy Center,45807,OH,rcassarb8@umich.edu
406,Kenyon Stallworth,430 Artisan Trail,29305,SC,kstallworthb9@acquirethisname.com
407,Aguistin Garrattley,2 Carioca Lane,37215,TN,agarrattleyba@symantec.com
408,Torey Kirke,93287 Heath Road,87105,NM,tkirkebb@dmoz.org
409,Mattie MacAlister,90 Comanche Plaza,27116,NC,mmacalisterbc@goo.ne.jp
410,Franny Sopp,20483 North Trail,34745,FL,fsoppbd@newsvine.com
411,Giulia Moreside,6822 Scott Court,75226,TX,gmoresidebe@soup.io
412,Blithe Spellar,337 Rowland Place,73129,OK,bspellarbf@webeden.co.uk
413,Tressa Acuna,389 Boyd Place,38119,TN,tacunabg@infoseek.co.jp
414,Abeu Henric,23 Hagan Alley,38143,TN,ahenricbh@google.ca
415,Teddy Bampford,83039 4th Plaza,35215,AL,tbampfordbi@blog.com
416,Rica Beacon,63260 Elmside Drive,62711,IL,rbeaconbj@scribd.com
417,Bendick Di Bartolomeo,1066 Novick Terrace,95128,CA,bdibk@un.org
418,Jessamyn Kliemke,25 Tennyson Junction,99210,WA,jkliemkebl@sohu.com
419,Cthrine Lugg,1313 John Wall Pass,35815,AL,cluggbm@sbwire.com
420,Jaine McCarl,4 Sachtjen Plaza,90810,CA,jmccarlbn@chicagotribune.com
421,Tyrone Sollime,84 Express Parkway,24048,VA,tsollimebo@samsung.com
422,Rurik Edwardson,34122 Drewry Parkway,06533,CT,redwardsonbp@washingtonpost.com
423,Ragnar Ambrogi,99 Prairie Rose Road,94622,CA,rambrogibq@si.edu
424,Gaston Braunter,95 Jana Drive,93778,CA,gbraunterbr@webmd.com
425,Sinclare Sconce,773 Mcbride Road,19191,PA,ssconcebs@earthlink.net
426,Robb Thoday,24016 Garrison Court,33310,FL,rthodaybt@google.pl
427,Asia Brechin,1528 Michigan Court,22333,VA,abrechinbu@trellian.com
428,Bren Cockings,90 Summer Ridge Crossing,70160,LA,bcockingsbv@github.io
429,Dun Reek,78 Fieldstone Plaza,40515,KY,dreekbw@google.it
430,Jefferson Marzella,8 Truax Way,80328,CO,jmarzellabx@prlog.org
431,Inglebert Ranstead,81 Charing Cross Street,33625,FL,iransteadby@trellian.com
432,Ciel Virgo,25128 Spaight Avenue,10090,NY,cvirgobz@ask.com
433,Krista Lude,78939 Nelson Parkway,89505,NV,kludec0@wikia.com
434,Aundrea Garbar,423 Dwight Parkway,27690,NC,agarbarc1@reverbnation.com
435,Cassy Severs,89263 Annamark Plaza,73152,OK,cseversc2@dedecms.com
436,Colby Wolsey,31682 Fulton Terrace,77245,TX,cwolseyc3@blogs.com
437,Lena Siggin,8756 Westridge Circle,34745,FL,lsigginc4@netvibes.com
438,Carney O'Doireidh,4272 Randy Point,31190,GA,codoireidhc5@pcworld.com
439,Kaiser Swindell,6 Jana Drive,55585,MN,kswindellc6@baidu.com
440,Goldarina Powe,8000 Meadow Vale Pass,44505,OH,gpowec7@dailymotion.com
441,Napoleon Welchman,339 Veith Road,79916,TX,nwelchmanc8@blog.com
442,Alfons Vise,34805 Oakridge Hill,89150,NV,avisec9@shop-pro.jp
443,Tarrance Dishmon,53 Bartillon Crossing,20470,DC,tdishmonca@squidoo.com
444,Demetre Lunge,68219 Lakeland Plaza,08619,NJ,dlungecb@economist.com
445,Cam Bunce,97 Roxbury Place,68144,NE,cbuncecc@bigcartel.com
446,Jared Wixey,70620 Macpherson Pass,99205,WA,jwixeycd@cam.ac.uk
447,Corabelle Cottel,607 Rockefeller Point,92105,CA,ccottelce@gov.uk
448,Rouvin Posten,4 Sutherland Lane,28230,NC,rpostencf@webmd.com
449,Rivy Willgoose,449 Springs Pass,15215,PA,rwillgoosecg@photobucket.com
450,Jennilee Nolda,2 Caliangt Avenue,30919,GA,jnoldach@vk.com
451,Rosabelle Ludovici,1373 Gina Drive,31136,GA,rludovicici@t-online.de
452,Bianca Meller,39 David Drive,10165,NY,bmellercj@hostgator.com
453,Leigh Saladine,2 Holmberg Pass,06606,CT,lsaladineck@reference.com
454,Piggy Koubek,536 Schurz Road,23242,VA,pkoubekcl@scribd.com
455,Brant Ferschke,30577 Warner Lane,21405,MD,bferschkecm@tmall.com
456,Casar Brownsea,5039 Warbler Junction,33972,FL,cbrownseacn@delicious.com
457,Katha Lessmare,8 1st Plaza,32969,FL,klessmareco@google.nl
458,Englebert Benwell,3532 Glendale Way,84145,UT,ebenwellcp@wikimedia.org
459,Luciano Duddin,876 Redwing Parkway,47306,IN,lduddincq@myspace.com
460,Corny Edland,9 Arapahoe Drive,01905,MA,cedlandcr@mayoclinic.com
461,Martelle MacLeese,2 Oak Parkway,46226,IN,mmacleesecs@mapquest.com
462,Kimberly Fasham,08 Hauk Center,93762,CA,kfashamct@chronoengine.com
463,Baron Showl,9549 Brown Way,32854,FL,bshowlcu@mysql.com
464,Phedra Slott,3 Prairie Rose Plaza,55412,MN,pslottcv@simplemachines.org
465,Alidia Rickis,410 Macpherson Way,48555,MI,arickiscw@xinhuanet.com
466,Reade Robison,73359 Katie Circle,68505,NE,rrobisoncx@globo.com
467,Gerda Barwack,41620 Rigney Crossing,94042,CA,gbarwackcy@washingtonpost.com
468,Amandie Bondesen,061 Toban Point,78715,TX,abondesencz@dell.com
469,Janeczka Knoble,86511 Rockefeller Circle,30245,GA,jknobled0@soundcloud.com
470,Jackie Donaghie,493 Graedel Park,43215,OH,jdonaghied1@youtu.be
471,Delano Dominik,00432 Forest Dale Junction,27717,NC,ddominikd2@behance.net
472,Saraann Iskowitz,15678 Randy Terrace,40250,KY,siskowitzd3@pinterest.com
473,Donielle Dorken,22788 Blackbird Hill,36689,AL,ddorkend4@loc.gov
474,Gerrie Bulfield,086 Artisan Junction,64054,MO,gbulfieldd5@dagondesign.com
475,Tannie Nutten,1 Pankratz Circle,48901,MI,tnuttend6@comsenz.com
476,Christoffer Minchinton,6 Harbort Court,94237,CA,cminchintond7@cnbc.com
477,Alec Mosedall,75130 Sycamore Terrace,59112,MT,amosedalld8@webmd.com
478,Lian Richford,0 Burning Wood Point,73071,OK,lrichfordd9@intel.com
479,Elka Bannard,0 Hallows Parkway,83732,ID,ebannardda@amazon.de
480,Marcie Iacobassi,2 Dennis Hill,72118,AR,miacobassidb@intel.com
481,Clifford Yurevich,3 Stephen Park,76147,TX,cyurevichdc@blogspot.com
482,Johannes Conquer,6 Randy Street,53220,WI,jconquerdd@last.fm
483,Dulcinea Linn,7863 Fulton Hill,36670,AL,dlinnde@blinklist.com
484,Natka Wimmer,62509 Boyd Trail,37665,TN,nwimmerdf@ow.ly
485,Bald Wick,53 Mariners Cove Park,75358,TX,bwickdg@google.com
486,Davine Gorner,76116 Dixon Street,23459,VA,dgornerdh@tripod.com
487,Nolly Lamputt,64 Lotheville Park,33320,FL,nlamputtdi@opera.com
488,Penn Jolland,42 Larry Alley,32859,FL,pjollanddj@indiatimes.com
489,Kirsti Staynes,1245 Morrow Crossing,62723,IL,kstaynesdk@soup.io
490,Corby Bonfield,0 Sutherland Point,23459,VA,cbonfielddl@uol.com.br
491,Deeyn MacConnel,5211 Rutledge Junction,94142,CA,dmacconneldm@patch.com
492,Duff Pelman,972 Garrison Park,23228,VA,dpelmandn@reverbnation.com
493,Andromache MacAllister,72258 Maple Court,35231,AL,amacallisterdo@theglobeandmail.com
494,Bab Careswell,0 Arapahoe Court,77015,TX,bcareswelldp@wsj.com
495,Barbe Bodycomb,07 Blaine Parkway,55579,MN,bbodycombdq@nyu.edu
496,Gavra Lovejoy,33182 Fair Oaks Road,66611,KS,glovejoydr@state.gov
497,Suki Anersen,1616 Butternut Lane,62205,IL,sanersends@eepurl.com
498,Desmund Abramovitch,5344 Moland Junction,90831,CA,dabramovitchdt@disqus.com
499,Edwin Hartington,908 Jay Drive,06152,CT,ehartingtondu@whitehouse.gov
500,Gayler Algeo,7413 3rd Street,01114,MA,galgeodv@shinystat.com
501,Daryle Nesey,39 Hallows Trail,66286,KS,dneseydw@google.de
502,Delia Doveston,67 Bowman Way,63180,MO,ddovestondx@yolasite.com
503,Salli Kerswell,108 Towne Pass,19136,PA,skerswelldy@nationalgeographic.com
504,Tadio Cocking,358 Lindbergh Hill,12247,NY,tcockingdz@de.vu
505,Mandel Dybell,9 Anderson Lane,33355,FL,mdybelle0@feedburner.com
506,Martina Spriggs,616 Miller Center,16565,PA,mspriggse1@rediff.com
507,Read Shercliff,0259 Texas Park,79182,TX,rshercliffe2@github.com
508,Natasha Hachette,559 Main Parkway,54313,WI,nhachettee3@oracle.com
509,Huberto Pursehouse,7881 Canary Point,95894,CA,hpursehousee4@pcworld.com
510,Christy Maun,7 Holmberg Center,77493,TX,cmaune5@hugedomains.com
511,Alessandro McGarahan,5 Dexter Way,95054,CA,amcgarahane6@domainmarket.com
512,Travis Ulster,102 Ronald Regan Plaza,36119,AL,tulstere7@cnet.com
513,Fay Tresler,80 Shopko Hill,23260,VA,ftreslere8@fc2.com
514,Jarrod Filippucci,10 Cambridge Hill,92160,CA,jfilippuccie9@mashable.com
515,Hall Questier,5 Golf View Pass,06510,CT,hquestierea@guardian.co.uk
516,Adele Ughi,221 Anniversary Way,32941,FL,aughieb@weebly.com
517,Alysa Colchett,453 Vera Pass,73109,OK,acolchettec@uol.com.br
518,Robbie McGilvra,3310 Haas Point,79950,TX,rmcgilvraed@examiner.com
519,Charleen Frenzel;,1 Vidon Street,34114,FL,cfrenzelee@gov.uk
520,Westbrooke Hurran,13 American Ash Road,22217,VA,whurranef@youku.com
521,Ashley Bagg,82040 Superior Court,22313,VA,abaggeg@unesco.org
522,Lauren Weeke,21186 Mcbride Street,32123,FL,lweekeeh@goodreads.com
523,Samson Isenor,01614 Carey Court,63131,MO,sisenorei@businesswire.com
524,Evelin Woodison,448 Namekagon Crossing,19125,PA,ewoodisonej@fastcompany.com
525,Urson Fayter,3 Morning Point,66160,KS,ufayterek@cocolog-nifty.com
526,Farica Calles,07941 Sugar Way,11241,NY,fcallesel@who.int
527,Berk Yo,310 Holmberg Avenue,79410,TX,byoem@nymag.com
528,Jessica Leonard,1 Graedel Park,80638,CO,jleonarden@psu.edu
529,Hoyt Rape,82 Blue Bill Park Plaza,46231,IN,hrapeeo@cnbc.com
530,Idette Jeste,8 Golden Leaf Center,73129,OK,ijesteep@scientificamerican.com
531,Renato Kieran,6 Mayer Park,75310,TX,rkieraneq@miitbeian.gov.cn
532,Rolfe Edgeley,438 Kennedy Junction,35810,AL,redgeleyer@dagondesign.com
533,Derk McGunley,6382 Elmside Junction,60614,IL,dmcgunleyes@symantec.com
534,Hyacinthie Bras,3 Thierer Park,72905,AR,hbraset@ustream.tv
535,Neda Leatt,313 Grayhawk Parkway,93094,CA,nleatteu@mlb.com
536,Thaddus Alliband,480 Ludington Road,53210,WI,tallibandev@cpanel.net
537,Price Muckle,14655 Ramsey Center,35805,AL,pmuckleew@ovh.net
538,Patrizius Trobridge,1648 Little Fleur Hill,80270,CO,ptrobridgeex@toplist.cz
539,Patrick Olver,88966 Lakewood Gardens Avenue,46862,IN,polverey@bing.com
540,Alvie Casone,864 Lakeland Circle,77040,TX,acasoneez@pcworld.com
541,Starlene Werlock,039 Basil Terrace,76147,TX,swerlockf0@tuttocitta.it
542,Moore Dayer,17556 Kingsford Way,75246,TX,mdayerf1@sun.com
543,Andrea Habergham,9335 Towne Park,95298,CA,ahaberghamf2@nifty.com
544,Giles Copnall,63 Esch Hill,40586,KY,gcopnallf3@mayoclinic.com
545,Jarred Heine,2336 Merrick Junction,98104,WA,jheinef4@soundcloud.com
546,Von Whittles,34403 8th Plaza,76505,TX,vwhittlesf5@marketwatch.com
547,Willie Mandrier,1 Brentwood Pass,37995,TN,wmandrierf6@spiegel.de
548,Silvanus Kovacs,89152 Pierstorff Plaza,44905,OH,skovacsf7@netvibes.com
549,Graig Anstice,8687 Sunbrook Circle,12262,NY,gansticef8@ucla.edu
550,Kaycee Gullivan,981 Heffernan Place,60630,IL,kgullivanf9@npr.org
551,Aubert Kingswoode,3 Ronald Regan Point,90610,CA,akingswoodefa@who.int
552,Philomena Verchambre,1239 Fairview Drive,92121,CA,pverchambrefb@ca.gov
553,Linn Cowpertwait,94043 Buell Crossing,68134,NE,lcowpertwaitfc@ibm.com
554,Mahalia Ottley,8525 Onsgard Plaza,30323,GA,mottleyfd@rediff.com
555,Colin Ayerst,8 Pawling Plaza,27717,NC,cayerstfe@sbwire.com
556,Pansie Carvil,23 Maple Wood Place,33543,FL,pcarvilff@oracle.com
557,Sula Florez,5992 Evergreen Road,93750,CA,sflorezfg@123-reg.co.uk
558,Manya Clemoes,8 Jay Parkway,61825,IL,mclemoesfh@mayoclinic.com
559,Loydie Merrington,70 Pierstorff Lane,70815,LA,lmerringtonfi@yahoo.co.jp
560,Kelcie Petrasek,946 Dixon Alley,37405,TN,kpetrasekfj@cocolog-nifty.com
561,Karie Leads,54435 Canary Crossing,88558,TX,kleadsfk@nps.gov
562,Gracia Dubock,41394 8th Lane,07112,NJ,gdubockfl@smugmug.com
563,Yoshiko Lomasney,7 Bunting Road,77218,TX,ylomasneyfm@fda.gov
564,Charmane McGloughlin,97 Vernon Alley,78210,TX,cmcgloughlinfn@dedecms.com
565,Baxy Laverack,5632 Dovetail Pass,98687,WA,blaverackfo@ibm.com
566,Buddie Onge,76 Grasskamp Parkway,10115,NY,bongefp@ted.com
567,Brigida Dignan,5 Maryland Park,71105,LA,bdignanfq@pagesperso-orange.fr
568,Laurent Le Marquis,0 Kipling Park,78415,TX,llefr@china.com.cn
569,Merline Wayon,7 Melby Crossing,67220,KS,mwayonfs@squidoo.com
570,Leese Wooler,22756 Summer Ridge Circle,96850,HI,lwoolerft@multiply.com
571,Velma Craigie,201 Blaine Trail,72199,AR,vcraigiefu@google.co.jp
572,Kendell Dabell,250 Valley Edge Drive,33330,FL,kdabellfv@squarespace.com
573,Dall Leedal,99 Delaware Drive,33075,FL,dleedalfw@constantcontact.com
574,Adore Kerss,85861 Jay Crossing,73173,OK,akerssfx@nasa.gov
575,Drucill Riordan,99844 Rockefeller Way,45414,OH,driordanfy@cbslocal.com
576,Warde Note,1600 Jana Pass,80920,CO,wnotefz@xinhuanet.com
577,Hoyt Pickburn,252 Vernon Crossing,95298,CA,hpickburng0@unesco.org
578,Cyndi McShee,10618 Haas Road,61709,IL,cmcsheeg1@dedecms.com
579,Patrica Richardon,33 Chive Park,63121,MO,prichardong2@ocn.ne.jp
580,Lonna Emmines,4707 Grasskamp Place,45243,OH,lemminesg3@dropbox.com
581,Lethia Strauss,0232 Brentwood Park,78682,TX,lstraussg4@europa.eu
582,Lyndsay Strete,544 Northland Junction,19610,PA,lstreteg5@phpbb.com
583,Sarina Harvard,75381 Dakota Crossing,30092,GA,sharvardg6@independent.co.uk
584,Penni Jessopp,6785 Morning Terrace,31119,GA,pjessoppg7@marketwatch.com
585,Gayleen Bluschke,352 Acker Road,92186,CA,gbluschkeg8@dedecms.com
586,Letti Branson,32 Straubel Place,12325,NY,lbransong9@census.gov
587,Finley Makey,046 Ridgeway Crossing,46221,IN,fmakeyga@quantcast.com
588,Jereme Carnoghan,6 Ludington Point,92191,CA,jcarnoghangb@goodreads.com
589,Estell Satterthwaite,845 Melby Center,21405,MD,esatterthwaitegc@comcast.net
590,Cami Bond,47 Granby Hill,20067,DC,cbondgd@harvard.edu
591,Hi Sevier,2807 Alpine Place,53263,WI,hsevierge@technorati.com
592,Elfie Gate,6 Straubel Avenue,73034,OK,egategf@ycombinator.com
593,Alethea Dudley,4281 Jackson Terrace,67205,KS,adudleygg@nps.gov
594,Tildie Huggard,9 Pankratz Crossing,64160,MO,thuggardgh@auda.org.au
595,William Martinet,31 Gale Place,21281,MD,wmartinetgi@woothemes.com
596,Tristam McComiskie,21732 Amoth Plaza,20005,DC,tmccomiskiegj@artisteer.com
597,Lulu Noore,0 Kennedy Pass,45432,OH,lnooregk@answers.com
598,Isidora Grigolon,610 1st Crossing,43268,OH,igrigolongl@census.gov
599,Leonanie Bunyan,55 Ronald Regan Center,35254,AL,lbunyangm@sina.com.cn
600,Tommy Brock,50 Sommers Court,48505,MI,tbrockgn@vimeo.com
601,Jorry MacDowal,1 Lindbergh Junction,19120,PA,jmacdowalgo@bloglovin.com
602,Celine Pampling,4 Clove Center,16107,PA,cpamplinggp@hao123.com
603,Edie Sidey,6 Esker Circle,75062,TX,esideygq@samsung.com
604,Vernon Nuttey,6 Hooker Lane,77245,TX,vnutteygr@nytimes.com
605,Rosanne Aindrais,7 Jenifer Plaza,43210,OH,raindraisgs@shop-pro.jp
606,Kessiah Grombridge,2104 Mccormick Court,15250,PA,kgrombridgegt@1und1.de
607,Adore Belk,5 Vernon Hill,36195,AL,abelkgu@nature.com
608,Petra Handrahan,71 Golf Road,38188,TN,phandrahangv@cam.ac.uk
609,Linnea Hadcock,4652 Forest Run Parkway,29208,SC,lhadcockgw@networksolutions.com
610,Rutter Miche,044 Paget Point,68105,NE,rmichegx@artisteer.com
611,Lynda McGookin,22 Warbler Point,36622,AL,lmcgookingy@biglobe.ne.jp
612,Terri Fossey,09 Erie Street,98206,WA,tfosseygz@geocities.jp
613,Daffi Roderick,84699 Russell Terrace,20370,DC,droderickh0@jimdo.com
614,Svend Ashworth,18 Union Avenue,85305,AZ,sashworthh1@yellowbook.com
615,Ronnie O'Fallowne,4767 Ramsey Drive,32526,FL,rofallowneh2@sina.com.cn
616,Amerigo Bubeer,0 Brickson Park Drive,75251,TX,abubeerh3@addtoany.com
617,Danya Stean,82 Ridgeview Court,68531,NE,dsteanh4@oracle.com
618,Drud Flement,415 Manley Park,10110,NY,dflementh5@fc2.com
619,Theo Normadell,217 Marcy Alley,77070,TX,tnormadellh6@netlog.com
620,Hymie Greally,76 Eagan Alley,83405,ID,hgreallyh7@tiny.cc
621,Carlotta Gleadle,768 Jenifer Junction,92127,CA,cgleadleh8@ehow.com
622,Glori Grahamslaw,76266 Kipling Plaza,48919,MI,ggrahamslawh9@about.me
623,Ellissa Jennaroy,05270 Esker Way,15240,PA,ejennaroyha@google.ru
624,Rhonda Sigert,82494 Hagan Trail,32405,FL,rsigerthb@arizona.edu
625,Isabelle Garton,9111 Morningstar Trail,33710,FL,igartonhc@discuz.net
626,Alexine Oatley,58018 Little Fleur Plaza,85305,AZ,aoatleyhd@chicagotribune.com
627,Ellyn Poller,18 Anhalt Pass,87115,NM,epollerhe@npr.org
628,Sonya Thomesson,0544 Elmside Court,25313,WV,sthomessonhf@springer.com
629,Ado Possa,3244 Old Gate Terrace,85053,AZ,apossahg@ocn.ne.jp
630,Rosemaria Polden,77182 Lighthouse Bay Trail,45807,OH,rpoldenhh@techcrunch.com
631,Latrina Wareing,3014 Tennyson Point,37205,TN,lwareinghi@cbc.ca
632,Iseabal Atwood,23 Prentice Way,64179,MO,iatwoodhj@facebook.com
633,Sherry Nund,8 Nancy Road,85030,AZ,snundhk@barnesandnoble.com
634,Mahmud Eeles,0555 Mandrake Drive,50362,IA,meeleshl@princeton.edu
635,Fleming Tennock,91654 Spohn Place,78255,TX,ftennockhm@godaddy.com
636,Vanessa Moyler,48666 Fordem Junction,85099,AZ,vmoylerhn@barnesandnoble.com
637,Sidney Miche,45 Shopko Center,17105,PA,smicheho@epa.gov
638,Alyse Stowte,3 Comanche Court,88546,TX,astowtehp@miitbeian.gov.cn
639,Sibyl Klimp,0 Melody Place,06859,CT,sklimphq@dmoz.org
640,Joan Portail,5 Linden Alley,55402,MN,jportailhr@lulu.com
641,Ax Pree,1102 Shoshone Trail,44185,OH,apreehs@yandex.ru
642,Tonye Battersby,6020 Granby Alley,92519,CA,tbattersbyht@narod.ru
643,Marlee Bris,57689 Springs Drive,12232,NY,mbrishu@spotify.com
644,Hedvige Goskar,15784 Forest Dale Point,10045,NY,hgoskarhv@blogger.com
645,Anabel Biggadike,76326 Superior Way,74170,OK,abiggadikehw@zimbio.com
646,Marlena Beltzner,595 Clemons Road,02162,MA,mbeltznerhx@php.net
647,Bari Haskayne,89987 Graceland Lane,30336,GA,bhaskaynehy@virginia.edu
648,Stanislaus Widdicombe,716 Morning Place,29905,SC,swiddicombehz@businessweek.com
649,Selena Shadrack,20273 Maywood Trail,85383,AZ,sshadracki0@sohu.com
650,Gareth Sibun,7156 Westridge Plaza,39505,MS,gsibuni1@xinhuanet.com
651,Drugi Owenson,363 Golf Court,33705,FL,dowensoni2@jigsy.com
652,Hugues Wagen,43873 Shelley Plaza,64136,MO,hwageni3@google.ru
653,Alikee Velti,393 Laurel Park,35810,AL,aveltii4@mediafire.com
654,Berky Guichard,8 Ronald Regan Trail,40745,KY,bguichardi5@unesco.org
655,Ruy Britcher,1 Haas Hill,75246,TX,rbritcheri6@archive.org
656,Paddie Renyard,87 Monument Terrace,51110,IA,prenyardi7@abc.net.au
657,Fiann Hayller,95916 Fair Oaks Park,60681,IL,fhaylleri8@usatoday.com
658,Dermot Gerhardt,1702 Mockingbird Parkway,70187,LA,dgerhardti9@dion.ne.jp
659,Franz Ungerecht,113 Marcy Crossing,46239,IN,fungerechtia@google.com
660,Kimbra Schimank,6316 North Lane,89436,NV,kschimankib@ocn.ne.jp
661,Lizabeth Yeiles,4 Hovde Hill,11436,NY,lyeilesic@gravatar.com
662,Flss Liddel,4 5th Point,55590,MN,fliddelid@unblog.fr
663,Yasmin Campkin,78 Pine View Lane,98133,WA,ycampkinie@360.cn
664,Aurelia Cawsey,828 Thackeray Road,20599,DC,acawseyif@exblog.jp
665,Pip Border,79 Springview Plaza,30306,GA,pborderig@ft.com
666,Corissa Perillo,9 Susan Junction,91210,CA,cperilloih@europa.eu
667,Myca Louch,51419 Saint Paul Street,30061,GA,mlouchii@bigcartel.com
668,Nicoline Batchellor,61 Moulton Way,06510,CT,nbatchellorij@discuz.net
669,Ilario Durnall,82261 Northland Road,65898,MO,idurnallik@sfgate.com
670,Jermain Ashfull,825 Laurel Alley,20260,DC,jashfullil@rediff.com
671,Elvis Seiffert,97 Darwin Trail,01654,MA,eseiffertim@vinaora.com
672,Willard Grishukov,254 Ruskin Parkway,22313,VA,wgrishukovin@spotify.com
673,Darlene Tupman,053 Oakridge Park,95210,CA,dtupmanio@house.gov
674,Sully Sillars,03290 Russell Terrace,08619,NJ,ssillarsip@google.com
675,Lindon Dodson,35 Londonderry Place,94177,CA,ldodsoniq@marketwatch.com
676,Miriam Fitzmaurice,0 Dayton Park,67230,KS,mfitzmauriceir@sourceforge.net
677,Emlyn Hatje,44018 Arkansas Alley,80995,CO,ehatjeis@studiopress.com
678,Archy Ellerington,41095 Drewry Trail,90189,CA,aelleringtonit@marketwatch.com
679,Felike Wasylkiewicz,0 Corry Road,43635,OH,fwasylkiewicziu@dmoz.org
680,Carlo Roskruge,6248 Mosinee Place,63158,MO,croskrugeiv@godaddy.com
681,Danyette Onion,10881 Waywood Pass,77343,TX,donioniw@nbcnews.com
682,Kata Stannett,275 Monica Avenue,33190,FL,kstannettix@studiopress.com
683,Ophelia MacRanald,83 Dwight Hill,50330,IA,omacranaldiy@google.cn
684,Ambrosius Sybbe,84641 Iowa Trail,70124,LA,asybbeiz@un.org
685,Clara Pavelka,4264 Pierstorff Circle,36610,AL,cpavelkaj0@networksolutions.com
686,Patrice Apps,00847 Shoshone Place,79705,TX,pappsj1@4shared.com
687,Brody Dewar,457 Veith Pass,88535,TX,bdewarj2@ustream.tv
688,Jonell Orrobin,2 Calypso Hill,95405,CA,jorrobinj3@naver.com
689,Gabriel Finder,666 Nobel Junction,34629,FL,gfinderj4@fda.gov
690,Tara O'Rodane,14916 Hoard Road,77276,TX,torodanej5@moonfruit.com
691,Ambrosius Stopford,4706 Stephen Terrace,13224,NY,astopfordj6@typepad.com
692,Babette Eason,78451 Fair Oaks Pass,95838,CA,beasonj7@yolasite.com
693,Dorian Venney,5440 Waubesa Place,21705,MD,dvenneyj8@nps.gov
694,Leilah Gredden,5 Hooker Alley,20892,MD,lgreddenj9@hibu.com
695,Galen Vogel,3549 Eggendart Circle,84189,UT,gvogelja@globo.com
696,Marquita Hanham,5441 Cardinal Park,91186,CA,mhanhamjb@addthis.com
697,Cassy Oriel,672 Mitchell Street,37416,TN,corieljc@mediafire.com
698,Della Broker,11 Oakridge Street,90065,CA,dbrokerjd@guardian.co.uk
699,Sheela Riolfo,1126 Muir Court,46825,IN,sriolfoje@aol.com
700,Nada Cathee,193 Dexter Street,33731,FL,ncatheejf@google.de
701,Rusty Lamke,6613 Pennsylvania Street,36205,AL,rlamkejg@spotify.com
702,Tally Badrock,2 Rigney Alley,35236,AL,tbadrockjh@chronoengine.com
703,Claudian Gosswell,37672 Toban Lane,63180,MO,cgosswellji@paginegialle.it
704,Olimpia Bonnesen,57 Harper Center,55423,MN,obonnesenjj@bloglines.com
705,Filmore Robbert,0324 East Circle,88553,TX,frobbertjk@ftc.gov
706,Tedda Skamal,7667 Dottie Terrace,93150,CA,tskamaljl@upenn.edu
707,Edwin Bertelmot,2 Gina Circle,06816,CT,ebertelmotjm@eepurl.com
708,Emmott Farlambe,2 Melrose Parkway,75397,TX,efarlambejn@nyu.edu
709,Lucais Sandy,2790 Clarendon Drive,27455,NC,lsandyjo@noaa.gov
710,Lawton Mathivat,347 Manufacturers Alley,32835,FL,lmathivatjp@nsw.gov.au
711,Sibyl Burdekin,487 Bultman Avenue,63143,MO,sburdekinjq@posterous.com
712,Beniamino Pickrell,056 Fair Oaks Point,97296,OR,bpickrelljr@theguardian.com
713,Sallie Connors,9747 Park Meadow Parkway,85020,AZ,sconnorsjs@phpbb.com
714,Ola Moylan,73171 Cherokee Park,38119,TN,omoylanjt@squidoo.com
715,Jarid Barrus,0 Sheridan Parkway,98133,WA,jbarrusju@istockphoto.com
716,Vladimir Sleath,18254 Kenwood Park,12222,NY,vsleathjv@japanpost.jp
717,Lucia Khalid,77 Little Fleur Way,67210,KS,lkhalidjw@tripod.com
718,Roselin Stephens,3 Melby Point,90189,CA,rstephensjx@tuttocitta.it
719,April Loiterton,890 Forest Road,19172,PA,aloitertonjy@engadget.com
720,Ardenia Hutfield,470 Anniversary Hill,29225,SC,ahutfieldjz@aboutads.info
721,Michaelina Widmore,050 Mosinee Place,11480,NY,mwidmorek0@jiathis.com
722,Chariot Lemm,644 Waubesa Parkway,88558,TX,clemmk1@bluehost.com
723,Robina Formie,3 Del Sol Street,78737,TX,rformiek2@wp.com
724,Cati Seakes,97 Quincy Crossing,79955,TX,cseakesk3@telegraph.co.uk
725,Chancey Barge,6240 Johnson Avenue,50369,IA,cbargek4@goo.gl
726,Washington Dearn,0 Stang Avenue,27610,NC,wdearnk5@angelfire.com
727,Adah Luckes,35 Gerald Plaza,32399,FL,aluckesk6@epa.gov
728,Mylo Karpets,49 Vidon Park,75226,TX,mkarpetsk7@behance.net
729,Royall Rodenburgh,254 Valley Edge Hill,85062,AZ,rrodenburghk8@blogtalkradio.com
730,Daisey Linnane,66774 Porter Way,76129,TX,dlinnanek9@chronoengine.com
731,Sanderson Finey,28 Weeping Birch Place,77228,TX,sfineyka@slate.com
732,Estrellita Horlock,25916 Northridge Road,85710,AZ,ehorlockkb@biblegateway.com
733,Chantalle Henrionot,33 Reinke Crossing,33615,FL,chenrionotkc@globo.com
734,Damaris Moy,5356 Dryden Center,44710,OH,dmoykd@ucoz.com
735,Leonerd Pendred,9 Toban Point,55564,MN,lpendredke@wunderground.com
736,Maren Gianelli,96 Spenser Plaza,10459,NY,mgianellikf@google.com.au
737,Pavia Elsay,98526 Elka Drive,02142,MA,pelsaykg@ucsd.edu
738,Sayer Conochie,6447 2nd Circle,90005,CA,sconochiekh@edublogs.org
739,Guthry Hargroves,430 Spohn Way,95894,CA,ghargroveski@woothemes.com
740,Evered Sothcott,60 1st Center,23605,VA,esothcottkj@spiegel.de
741,Franciskus Seabrook,7232 Old Gate Parkway,88535,TX,fseabrookkk@sogou.com
742,Kirbee Antalffy,3 Center Street,20205,DC,kantalffykl@vkontakte.ru
743,Nanni Al Hirsi,16 Sutherland Avenue,76134,TX,nalkm@cbc.ca
744,Wenonah Paladini,0109 Garrison Crossing,68134,NE,wpaladinikn@msn.com
745,Remus Ellerey,92 Summit Center,02912,RI,rellereyko@google.ca
746,Martin Simmens,735 Sheridan Center,91210,CA,msimmenskp@spotify.com
747,Joana Wittrington,0 Mayfield Trail,99220,WA,jwittringtonkq@ted.com
748,Rasia Siely,23 Dixon Terrace,22156,VA,rsielykr@google.es
749,Sayres Cleeves,48288 2nd Alley,99512,AK,scleevesks@usnews.com
750,Mauricio Filipputti,49612 Brentwood Parkway,76210,TX,mfilipputtikt@bandcamp.com
751,Gery Treharne,0978 Granby Road,79165,TX,gtreharneku@aboutads.info
752,Sherri O' Mahony,899 Golf Course Court,12242,NY,sokv@abc.net.au
753,Dorine Aimer,4 Swallow Alley,95133,CA,daimerkw@woothemes.com
754,Alvis MacTrustie,3562 Susan Pass,32595,FL,amactrustiekx@cisco.com
755,Jackelyn Tyers,3 Transport Pass,74116,OK,jtyersky@harvard.edu
756,Constance Arling,739 Clemons Park,11247,NY,carlingkz@tiny.cc
757,Astrix Cotilard,66121 Bartelt Road,92805,CA,acotilardl0@indiegogo.com
758,Sterne Gisburn,913 Marcy Terrace,66205,KS,sgisburnl1@cbsnews.com
759,Ignace Eate,85849 Clemons Crossing,50936,IA,ieatel2@bloglovin.com
760,Augusta Shipman,6893 Hovde Terrace,76505,TX,ashipmanl3@mozilla.com
761,Petronella MacIntosh,62351 Bellgrove Center,34629,FL,pmacintoshl4@amazon.com
762,Cleopatra Keeler,0652 Dwight Avenue,20525,DC,ckeelerl5@skyrock.com
763,Roana Stefi,56 Kensington Point,85297,AZ,rstefil6@phpbb.com
764,Harry Breakspear,4 Sycamore Point,85271,AZ,hbreakspearl7@behance.net
765,Nada Maddinon,125 Chive Terrace,20195,VA,nmaddinonl8@github.com
766,Bale Pennoni,7654 Bartelt Crossing,78235,TX,bpennonil9@imdb.com
767,Eimile Patman,69 Transport Place,06606,CT,epatmanla@apple.com
768,Godfrey Jordanson,95577 Badeau Park,31416,GA,gjordansonlb@nytimes.com
769,Leisha De Paoli,2 Commercial Court,62705,IL,ldelc@samsung.com
770,Merla De Beauchemp,3893 Kedzie Street,95823,CA,mdeld@cnet.com
771,Siobhan Crockley,98372 Fremont Lane,06505,CT,scrockleyle@cbsnews.com
772,Christy Dowell,29 Kinsman Way,12205,NY,cdowelllf@who.int
773,Merilyn Darch,57961 Loeprich Trail,70116,LA,mdarchlg@npr.org
774,Archibald Birkwood,9 Steensland Way,70826,LA,abirkwoodlh@nbcnews.com
775,Katuscha Brody,13676 Hollow Ridge Road,34949,FL,kbrodyli@scribd.com
776,Joete Trulock,14084 Monument Circle,92619,CA,jtrulocklj@bing.com
777,Danell Cull,44 Truax Park,13505,NY,dculllk@prweb.com
778,Hanna Sirette,82 Jenna Crossing,80279,CO,hsirettell@gravatar.com
779,Melony Lyte,6 Park Meadow Hill,95210,CA,mlytelm@imageshack.us
780,Valery Vedenisov,25903 Lien Park,75251,TX,vvedenisovln@pagesperso-orange.fr
781,Kayne Columbine,4 Dunning Junction,92013,CA,kcolumbinelo@rediff.com
782,Barney Syder,55138 Blaine Place,11215,NY,bsyderlp@msu.edu
783,Ronald Heymes,1590 Manitowish Terrace,92555,CA,rheymeslq@digg.com
784,Eada Brinkworth,13635 Arrowood Center,34981,FL,ebrinkworthlr@stanford.edu
785,Ravid McLaggan,8 Sachs Place,28247,NC,rmclagganls@quantcast.com
786,Cristiano Abelwhite,0 Grasskamp Drive,83405,ID,cabelwhitelt@archive.org
787,Rand Leythley,7783 Pennsylvania Point,68524,NE,rleythleylu@phoca.cz
788,Darn Hinz,7 Bayside Trail,70883,LA,dhinzlv@tripod.com
789,Cory Guilaem,498 Dayton Circle,95108,CA,cguilaemlw@blogtalkradio.com
790,Wendell Ivashnyov,88 Gulseth Crossing,15261,PA,wivashnyovlx@cbsnews.com
791,Katy Alps,970 Duke Road,47737,IN,kalpsly@creativecommons.org
792,Haleigh Bonnefin,1 Kropf Street,37416,TN,hbonnefinlz@apache.org
793,Donal Blesli,0 Meadow Valley Terrace,36109,AL,dbleslim0@netvibes.com
794,Putnam Stoyell,53102 Hooker Place,99709,AK,pstoyellm1@unc.edu
795,Rubi Ottley,4711 Beilfuss Pass,70183,LA,rottleym2@scientificamerican.com
796,Allis Borthram,0 Dakota Hill,80228,CO,aborthramm3@smh.com.au
797,Helen Yegorshin,08 Oakridge Lane,98148,WA,hyegorshinm4@dot.gov
798,Zachery Petrazzi,8074 Buhler Junction,33233,FL,zpetrazzim5@t.co
799,Jacquelyn Dionsetti,22 Dixon Center,23260,VA,jdionsettim6@etsy.com
800,Nanette Marley,7 Village Terrace,20046,DC,nmarleym7@comcast.net
801,Alonso Humphrey,5261 Algoma Trail,14215,NY,ahumphreym8@shareasale.com
802,Rollin Conochie,2261 Westerfield Crossing,70593,LA,rconochiem9@discovery.com
803,Lilian Ferraresi,66 4th Parkway,39305,MS,lferraresima@hhs.gov
804,Quintus Hurlestone,85416 Paget Circle,60636,IL,qhurlestonemb@cbslocal.com
805,Dianemarie Widdecombe,1 Gina Point,70883,LA,dwiddecombemc@cpanel.net
806,Melessa Christauffour,8 Union Crossing,65898,MO,mchristauffourmd@meetup.com
807,Lucille Sudddard,60 Sutherland Street,84135,UT,lsudddardme@meetup.com
808,Nerte Yankin,20304 Glacier Hill Point,28805,NC,nyankinmf@usnews.com
809,Catrina Swine,58 Meadow Vale Center,55805,MN,cswinemg@tamu.edu
810,Perren Kalvin,60 Schmedeman Avenue,20709,MD,pkalvinmh@eventbrite.com
811,Ruperta Ketley,9156 Duke Trail,98115,WA,rketleymi@sfgate.com
812,Krispin Lyvon,12841 Brentwood Street,20470,DC,klyvonmj@netlog.com
813,Christian Impey,5217 Brentwood Terrace,84199,UT,cimpeymk@disqus.com
814,Norman Qualtro,540 Eggendart Drive,93034,CA,nqualtroml@netlog.com
815,Timothee Sparshatt,5863 Kedzie Park,13210,NY,tsparshattmm@nifty.com
816,Danika Gwyer,54 Dwight Drive,73173,OK,dgwyermn@moonfruit.com
817,Franciska Folbig,08013 Corry Trail,19725,DE,ffolbigmo@adobe.com
818,Sandy Compfort,6556 Riverside Park,14624,NY,scompfortmp@mtv.com
819,Inga Meas,685 Hayes Hill,32128,FL,imeasmq@archive.org
820,Bern Forton,2054 Division Avenue,10275,NY,bfortonmr@irs.gov
821,Bernie Burnapp,4968 Coolidge Park,36670,AL,bburnappms@yandex.ru
822,Dagmar Goucher,8416 Burning Wood Road,76711,TX,dgouchermt@weebly.com
823,Davidson Szwarc,1678 Heath Plaza,40546,KY,dszwarcmu@wikipedia.org
824,Izaak Roscrigg,03 Vahlen Pass,95138,CA,iroscriggmv@free.fr
825,Paige Kleis,6 Buell Parkway,92186,CA,pkleismw@rakuten.co.jp
826,Mano Matisse,3 Crowley Point,32909,FL,mmatissemx@photobucket.com
827,Barr Polly,7789 Columbus Way,99812,AK,bpollymy@ucla.edu
828,Ronalda Spaice,93 East Drive,15261,PA,rspaicemz@vinaora.com
829,Jacquelynn Dumingo,30856 Ridgeview Trail,10165,NY,jdumingon0@wp.com
830,Jamesy Mills,905 Helena Trail,55480,MN,jmillsn1@sbwire.com
831,Zelda McPhater,8155 Washington Crossing,30605,GA,zmcphatern2@histats.com
832,Wenona Dmtrovic,33 Jana Lane,66617,KS,wdmtrovicn3@google.it
833,Gerianne Mathivet,2590 Cherokee Way,85383,AZ,gmathivetn4@ucoz.ru
834,Tammie Roblett,0906 Graedel Center,08695,NJ,troblettn5@berkeley.edu
835,Barry Winteringham,82 Muir Place,75323,TX,bwinteringhamn6@disqus.com
836,Jillian Cadamy,648 Hintze Way,55436,MN,jcadamyn7@umn.edu
837,Nye Dadge,73 New Castle Hill,90010,CA,ndadgen8@hubpages.com
838,Zenia Loadwick,93368 Green Road,59806,MT,zloadwickn9@google.co.uk
839,Boris Plunket,088 Express Circle,89706,NV,bplunketna@wiley.com
840,Stevana Durrington,254 Mayer Avenue,91210,CA,sdurringtonnb@columbia.edu
841,Joanie Kiddie,0 Armistice Court,80291,CO,jkiddienc@163.com
842,Abraham Guice,0491 Declaration Trail,62705,IL,aguicend@accuweather.com
843,Troy Wanklin,2 Marquette Circle,32225,FL,twanklinne@vimeo.com
844,Merwyn Heugle,4 Randy Point,62723,IL,mheuglenf@mozilla.org
845,Brandise Duckham,652 Hazelcrest Place,79491,TX,bduckhamng@soundcloud.com
846,Fernando Wooton,253 Butterfield Court,19125,PA,fwootonnh@huffingtonpost.com
847,Addie Bellows,289 Eastwood Plaza,20022,DC,abellowsni@dailymail.co.uk
848,Aigneis Pontin,904 Clove Alley,36205,AL,apontinnj@cam.ac.uk
849,Matias Garrals,62 Cottonwood Drive,20078,DC,mgarralsnk@weather.com
850,Hussein Rustich,914 Hallows Street,33320,FL,hrustichnl@multiply.com
851,Gae Keddey,334 Cherokee Junction,25770,WV,gkeddeynm@timesonline.co.uk
852,Bail Hexum,50 Buell Lane,10175,NY,bhexumnn@yahoo.co.jp
853,Koralle Polgreen,81 School Junction,38126,TN,kpolgreenno@jalbum.net
854,Lawton Whild,5 Debra Terrace,88535,TX,lwhildnp@com.com
855,Sibylla Bredbury,1794 Packers Drive,95133,CA,sbredburynq@google.ru
856,Karee Knottley,16 Buell Park,78265,TX,kknottleynr@craigslist.org
857,Vinita Oganian,87 Melvin Street,33185,FL,voganianns@sun.com
858,Buckie Braganca,1671 Farragut Way,90410,CA,bbragancant@youtu.be
859,Kamila Butterfint,64202 Heath Point,92191,CA,kbutterfintnu@51.la
860,Nataline O'Scollee,0524 Blue Bill Park Drive,68124,NE,noscolleenv@wikia.com
861,Andrew Giddens,5 Manitowish Lane,19605,PA,agiddensnw@live.com
862,Cecelia Colomb,1964 Commercial Parkway,29225,SC,ccolombnx@fema.gov
863,Gerrilee Bowton,12 Dennis Hill,49544,MI,gbowtonny@booking.com
864,Terencio Ryle,18 Northport Trail,95160,CA,trylenz@amazon.com
865,Carmelita Allbon,8 Alpine Drive,08650,NJ,callbono0@sogou.com
866,Lou Dullingham,86 Armistice Hill,79699,TX,ldullinghamo1@netlog.com
867,Adi Otridge,0 Maryland Drive,35290,AL,aotridgeo2@wikia.com
868,Gino Ferrulli,90 Transport Avenue,33142,FL,gferrullio3@macromedia.com
869,Rochelle Sleet,2750 Hovde Circle,89160,NV,rsleeto4@icio.us
870,Rodrigo Warren,2 Elgar Court,97216,OR,rwarreno5@spiegel.de
871,Bertram Perrett,929 Fremont Alley,40293,KY,bperretto6@ocn.ne.jp
872,Wald Batisse,81711 Katie Terrace,90005,CA,wbatisseo7@addthis.com
873,Jayson Knoller,9539 Stoughton Place,70820,LA,jknollero8@examiner.com
874,Maisie Crut,1 Dixon Road,91109,CA,mcruto9@prweb.com
875,Nicholas Matzen,0 Chive Street,55123,MN,nmatzenoa@tinypic.com
876,Jordanna Mustill,6734 Fremont Avenue,63167,MO,jmustillob@engadget.com
877,Kaja Hurles,6 Schiller Center,98127,WA,khurlesoc@shareasale.com
878,Billy Cordero,0559 Merrick Junction,36616,AL,bcorderood@csmonitor.com
879,Con Race,40722 Prairie Rose Junction,18768,PA,craceoe@walmart.com
880,Lawrence Brunnen,2260 Elka Street,85205,AZ,lbrunnenof@usatoday.com
881,Barbara-anne Hollibone,942 Sage Junction,27710,NC,bholliboneog@dagondesign.com
882,Ronnica McIllrick,103 Lunder Park,32399,FL,rmcillrickoh@chicagotribune.com
883,Nadeen Lacheze,264 Gulseth Drive,20470,DC,nlachezeoi@dell.com
884,Neron Nash,00206 Golf View Junction,53225,WI,nnashoj@diigo.com
885,Jasper Siman,728 Anzinger Junction,12232,NY,jsimanok@opensource.org
886,Cameron Marjoram,62181 Loomis Terrace,79116,TX,cmarjoramol@360.cn
887,Gweneth Crapper,5 Karstens Point,33448,FL,gcrapperom@furl.net
888,Humbert Troy,9575 Acker Street,48295,MI,htroyon@hao123.com
889,Leoline Belleny,76 West Place,98166,WA,lbellenyoo@scribd.com
890,Melisenda Coddrington,6 Nevada Park,61105,IL,mcoddringtonop@about.com
891,Tabor Feavers,5 Dovetail Drive,74103,OK,tfeaversoq@reuters.com
892,Sherm Litzmann,196 Union Center,72215,AR,slitzmannor@soup.io
893,Becky Stapylton,7026 Jenifer Avenue,14905,NY,bstapyltonos@economist.com
894,Rupert Kenwood,9 Cambridge Drive,23237,VA,rkenwoodot@zdnet.com
895,Etienne Itzchaki,6 Eagle Crest Pass,93005,CA,eitzchakiou@msn.com
896,Laurent Holtham,2 Cherokee Street,64504,MO,lholthamov@ibm.com
897,Dolph Dreinan,10 Independence Crossing,90015,CA,ddreinanow@lulu.com
898,Xavier Blower,8 Westridge Parkway,06816,CT,xblowerox@amazon.com
899,Tara Dorey,670 Westport Hill,91841,CA,tdoreyoy@booking.com
900,Charleen Hawksley,274 Dunning Lane,33013,FL,chawksleyoz@pinterest.com
901,Anselma Wanderschek,79 Fulton Parkway,21747,MD,awanderschekp0@state.gov
902,Daphne Stritton,93469 Hintze Center,08695,NJ,dstrittonp1@reference.com
903,Letitia Paladino,830 Farmco Road,43699,OH,lpaladinop2@statcounter.com
904,Curran Scroxton,8 Sage Parkway,67230,KS,cscroxtonp3@163.com
905,Kenyon Mingaye,5191 Autumn Leaf Lane,32255,FL,kmingayep4@guardian.co.uk
906,Rowen March,06799 Clyde Gallagher Court,73114,OK,rmarchp5@wix.com
907,Ondrea Tulk,0 Sommers Center,29610,SC,otulkp6@umich.edu
908,Gillie Karel,1 Ridgeway Park,10019,NY,gkarelp7@meetup.com
909,Dedra Pidgin,36 Valley Edge Way,90060,CA,dpidginp8@g.co
910,Edin Pleasants,3 Eagan Trail,77293,TX,epleasantsp9@uiuc.edu
911,Ado Kolin,204 Algoma Trail,29605,SC,akolinpa@fema.gov
912,Nikoletta Paradise,5 Raven Plaza,80255,CO,nparadisepb@craigslist.org
913,Peder Cordy,5 Bluestem Road,97221,OR,pcordypc@discuz.net
914,Georgeanna Peggrem,98 Miller Avenue,32526,FL,gpeggrempd@cloudflare.com
915,Teddy Lavigne,4323 Marcy Alley,07544,NJ,tlavignepe@msu.edu
916,Anetta Dymidowski,56 Di Loreto Road,89036,NV,adymidowskipf@netlog.com
917,Doll Mansour,89 Buell Circle,28220,NC,dmansourpg@squarespace.com
918,Dotty Murtell,4 Cherokee Place,72204,AR,dmurtellph@google.fr
919,Justine Spacy,3101 1st Way,18514,PA,jspacypi@unc.edu
920,Trueman Romanelli,74 Summerview Court,47812,IN,tromanellipj@jiathis.com
921,Celestyn Bahls,37 Duke Lane,90831,CA,cbahlspk@sciencedirect.com
922,Jarib Tibb,08917 Fisk Junction,95054,CA,jtibbpl@uiuc.edu
923,Edna Wornum,605 Hansons Street,15205,PA,ewornumpm@amazon.com
924,Maggee Perham,38516 Bowman Hill,33680,FL,mperhampn@weebly.com
925,Julieta Oneile,714 Manufacturers Avenue,10633,NY,joneilepo@google.com.au
926,Kristien Sedgman,2616 Darwin Avenue,98417,WA,ksedgmanpp@qq.com
927,Byran Strutley,7 Melody Alley,45296,OH,bstrutleypq@usgs.gov
928,Garrik Ferneyhough,631 Russell Circle,32859,FL,gferneyhoughpr@youku.com
929,Carney De Maria,96174 Glendale Plaza,27425,NC,cdeps@unicef.org
930,Gallagher Costock,7 Ridgeway Parkway,99790,AK,gcostockpt@intel.com
931,Sadye Brasener,7 Badeau Avenue,27605,NC,sbrasenerpu@sciencedirect.com
932,Gianna Navan,9156 Sugar Way,60604,IL,gnavanpv@examiner.com
933,Tandie Billion,00851 Westport Court,79105,TX,tbillionpw@meetup.com
934,Danika Touson,482 Northwestern Parkway,32610,FL,dtousonpx@forbes.com
935,Cary Fronczak,483 Briar Crest Street,98481,WA,cfronczakpy@163.com
936,Rees Lanon,336 Rowland Avenue,32220,FL,rlanonpz@themeforest.net
937,Jess Sandys,35470 Del Mar Plaza,15266,PA,jsandysq0@latimes.com
938,Claiborne Kinneir,7161 Harbort Parkway,92805,CA,ckinneirq1@bloomberg.com
939,Ursula Calcraft,3 Express Junction,92186,CA,ucalcraftq2@jalbum.net
940,Tod Iredale,9 Hollow Ridge Terrace,19725,DE,tiredaleq3@msu.edu
941,Wanids Couroy,400 Bayside Place,75799,TX,wcouroyq4@soup.io
942,Johan de Keep,1014 Kinsman Point,23260,VA,jdeq5@discovery.com
943,Merrill Fydo,2 School Drive,64149,MO,mfydoq6@princeton.edu
944,Haskel Obispo,5 Messerschmidt Lane,67210,KS,hobispoq7@census.gov
945,Linnell Battson,65748 Burning Wood Alley,85383,AZ,lbattsonq8@cnet.com
946,Sharleen Whittles,4401 Summit Road,20442,DC,swhittlesq9@ask.com
947,Ros Licciardello,0783 Michigan Circle,78205,TX,rlicciardelloqa@techcrunch.com
948,Glynn Diviney,01024 Michigan Trail,80217,CO,gdivineyqb@apple.com
949,Maurie Monger,385 Talmadge Junction,19151,PA,mmongerqc@epa.gov
950,Claudelle Shay,817 Lighthouse Bay Drive,77025,TX,cshayqd@weibo.com
951,Rena Nolan,270 Haas Junction,21229,MD,rnolanqe@vistaprint.com
952,Bax Brewins,48302 Chinook Road,75210,TX,bbrewinsqf@blogger.com
953,Daron Chudleigh,51534 Golf View Trail,20005,DC,dchudleighqg@reuters.com
954,Creighton Landy,5136 Donald Park,66215,KS,clandyqh@ning.com
955,Aleta Storek,2 Hagan Trail,94622,CA,astorekqi@histats.com
956,Johannah Leijs,0 Muir Alley,28305,NC,jleijsqj@epa.gov
957,Adelbert Threadkell,45665 Oneill Crossing,55423,MN,athreadkellqk@webnode.com
958,Catie Jamblin,7 Mayer Park,89519,NV,cjamblinql@multiply.com
959,Virgie Jzhakov,54 Sycamore Point,79945,TX,vjzhakovqm@about.com
960,Amara Tarbatt,1508 Jana Street,90840,CA,atarbattqn@smh.com.au
961,Devin Baude,11 Loftsgordon Pass,34611,FL,dbaudeqo@examiner.com
962,Freedman Fry,165 Merrick Street,22047,VA,ffryqp@businessinsider.com
963,Gray Camacho,0 Kensington Junction,76210,TX,gcamachoqq@people.com.cn
964,Kai Comiskey,8 5th Drive,10034,NY,kcomiskeyqr@cbslocal.com
965,Alard Fretwell,80 Sunnyside Road,94286,CA,afretwellqs@geocities.jp
966,Ozzie Mangin,1212 5th Point,38119,TN,omanginqt@ca.gov
967,Darnall Bending,70068 Pearson Lane,55115,MN,dbendingqu@flickr.com
968,Kimberley Chatteris,0493 Hermina Lane,43666,OH,kchatterisqv@facebook.com
969,Rosaline Nugent,168 Coleman Road,62764,IL,rnugentqw@marketwatch.com
970,Jobie Bedome,0985 Cordelia Way,94257,CA,jbedomeqx@mtv.com
971,Tiphanie Balls,8911 Ludington Center,20073,DC,tballsqy@mit.edu
972,Delano Filippello,9370 Fulton Hill,43656,OH,dfilippelloqz@apache.org
973,Sophronia Garrand,36 Ridgeway Lane,73124,OK,sgarrandr0@macromedia.com
974,Cecilius Tippings,7302 Manley Court,93111,CA,ctippingsr1@technorati.com
975,Jobey Nucator,738 Texas Plaza,70116,LA,jnucatorr2@washingtonpost.com
976,Kasper Errett,59300 Melrose Plaza,48604,MI,kerrettr3@google.de
977,Xenia Done,330 Garrison Terrace,33305,FL,xdoner4@xrea.com
978,Dennie McCrae,84784 Farwell Center,19160,PA,dmccraer5@joomla.org
979,Chrissie Holbie,47406 Toban Lane,28242,NC,cholbier6@nba.com
980,Bunnie Blofield,34 3rd Lane,73034,OK,bblofieldr7@ox.ac.uk
981,Shae Oliveti,50 Anthes Street,68197,NE,solivetir8@jigsy.com
982,Klemens Liverseege,71 Montana Circle,12242,NY,kliverseeger9@theglobeandmail.com
983,Juana Sharrier,66174 Summit Avenue,29225,SC,jsharrierra@technorati.com
984,Erminie Ensten,9523 Lindbergh Hill,77223,TX,eenstenrb@dot.gov
985,Weylin Broadis,3906 Messerschmidt Way,15210,PA,wbroadisrc@trellian.com
986,Carlyn Southworth,24197 Doe Crossing Drive,92812,CA,csouthworthrd@utexas.edu
987,Dwain Forseith,4938 Farwell Avenue,99512,AK,dforseithre@army.mil
988,Seth Poynzer,94 Lighthouse Bay Center,93786,CA,spoynzerrf@japanpost.jp
989,Johnna Leimster,5 Mayer Drive,55108,MN,jleimsterrg@bravesites.com
990,Torrey Boydell,8 Sutherland Parkway,60630,IL,tboydellrh@scientificamerican.com
991,Vinnie Bidewel,0 Almo Place,55115,MN,vbidewelri@census.gov
992,Dominica Duxbarry,65 Badeau Circle,80161,CO,dduxbarryrj@deviantart.com
993,Mellisa Breslin,3 East Street,52405,IA,mbreslinrk@cyberchimps.com
994,Laverne Immins,5 Atwood Junction,66160,KS,limminsrl@flavors.me
995,Adorne Newarte,228 American Plaza,91406,CA,anewarterm@facebook.com
996,Rici Pagelsen,33 Londonderry Point,12305,NY,rpagelsenrn@altervista.org
997,Kayne Lomaz,40 Morningstar Plaza,36104,AL,klomazro@instagram.com
998,Rosie Fumagall,7430 Melby Drive,78778,TX,rfumagallrp@infoseek.co.jp
999,Arlene Iles,7726 Buena Vista Junction,84152,UT,ailesrq@tmall.com
1000,Annadiana Parman,59 Heffernan Hill,02163,MA,aparmanrr@businesswire.com
