id,name,address,zipcode,state,email
1,Herb Serridge,58 Bultman Plaza,55123,MN,hserridge0@nasa.gov
2,Broderick Duffield,0 Jackson Center,76544,TX,bduffield1@ed.gov
3,Phaedra Burless,1858 Huxley Terrace,43635,OH,pburless2@eepurl.com
4,Kristian Uden,9 2nd Alley,94064,CA,kuden3@apache.org
5,Eunice Stiant,35 Anzinger Trail,60646,IL,estiant4@weather.com
6,Zelda Redholls,88 Merrick Way,53205,WI,zredholls5@parallels.com
7,Kristofor Sewards,2 Buell Circle,16505,PA,ksewards6@4shared.com
8,Ira Barkus,2 Dovetail Center,49505,MI,ibarkus7@constantcontact.com
9,Orland Leuchars,9 Sunfield Junction,93726,CA,oleuchars8@miibeian.gov.cn
10,Robin Eburah,1 Anhalt Trail,71115,LA,reburah9@last.fm
11,Hoebart Tompsett,26629 Autumn Leaf Park,49048,MI,htompsetta@nature.com
12,Keith Viggers,0331 Welch Street,59623,MT,kviggersb@feedburner.com
13,Babita Battleson,9290 Hudson Junction,20404,DC,bbattlesonc@nyu.edu
14,Ashli Brittin,18993 American Ash Center,40546,KY,abrittind@wix.com
15,Edgard Skellion,2 Eagle Crest Road,11210,NY,eskellione@ameblo.jp
16,Alexandre Bratch,86 Pleasure Circle,94169,CA,abratchf@github.io
17,Peggie Linde,90 Ilene Circle,33355,FL,plindeg@51.la
18,Tomas Maginn,9 Eggendart Terrace,31217,GA,tmaginnh@xing.com
19,Bryna Bispo,3 Petterle Drive,90087,CA,bbispoi@illinois.edu
20,Elvin Simonsen,754 Pankratz Point,29505,SC,esimonsenj@freewebs.com
21,Marcos Micah,843 Prairieview Trail,64082,MO,mmicahk@yandex.ru
22,Bordy Parkyn,734 Lillian Crossing,07310,NJ,bparkynl@dedecms.com
23,Karel Decker,2 Butterfield Way,25362,WV,kdeckerm@salon.com
24,Yank Corkill,5 Gerald Way,08619,NJ,ycorkilln@feedburner.com
25,Maddy Worland,5 Blaine Court,66617,KS,mworlando@ebay.com
26,Vannie Storer,79079 Dottie Terrace,55579,MN,vstorerp@alexa.com
27,Jud Iianon,2 Annamark Circle,04109,ME,jiianonq@zdnet.com
28,Courtnay Doles,854 Bonner Road,19191,PA,cdolesr@ocn.ne.jp
29,Phyllys Yeskin,62 Maryland Circle,66667,KS,pyeskins@nytimes.com
30,Ursa Pyburn,4038 East Pass,46226,IN,upyburnt@t.co
31,Martyn Marriner,5708 East Road,83716,ID,mmarrineru@etsy.com
32,Davie Currie,83 Kim Park,94237,CA,dcurriev@ed.gov
33,Ulla Hanhardt,536 Manufacturers Road,30919,GA,uhanhardtw@newyorker.com
34,Katha Children,2 Carioca Road,31914,GA,kchildrenx@t.co
35,Charyl Selborne,5 Calypso Hill,32919,FL,cselborney@foxnews.com
36,Jacinta Kulicke,7 Derek Crossing,02305,MA,jkulickez@uol.com.br
37,Harold McCloughen,7600 Heath Way,66210,KS,hmccloughen10@hud.gov
38,Bertina Schankel,2757 Summit Way,73109,OK,bschankel11@google.ru
39,Gill Brodway,944 Florence Court,47905,IN,gbrodway12@shop-pro.jp
40,Tabitha Hann,7 Dottie Trail,60646,IL,thann13@deviantart.com
41,Lizette Clelle,0682 Lukken Drive,28289,NC,lclelle14@nasa.gov
42,Stanton Yurlov,02350 Mcguire Road,39282,MS,syurlov15@adobe.com
43,Even Brun,18489 Armistice Alley,45440,OH,ebrun16@washingtonpost.com
44,Yetty Rumens,32060 Marcy Terrace,11470,NY,yrumens17@telegraph.co.uk
45,Joseph McKernon,94 Everett Way,79118,TX,jmckernon18@china.com.cn
46,Fan Cremen,6761 Sunbrook Junction,89595,NV,fcremen19@reddit.com
47,Von Nemchinov,217 Norway Maple Road,20525,DC,vnemchinov1a@devhub.com
48,Natty Stiegars,3 Ohio Avenue,89135,NV,nstiegars1b@un.org
49,Annabel Stentiford,4 Old Gate Avenue,44125,OH,astentiford1c@blog.com
50,Jimmy Korf,1 Dottie Park,65898,MO,jkorf1d@bluehost.com
51,Lyell Nissle,25683 Armistice Parkway,77090,TX,lnissle1e@independent.co.uk
52,Virgil Whitters,601 Stuart Point,28263,NC,vwhitters1f@jugem.jp
53,Monah Proudman,3277 Weeping Birch Plaza,33064,FL,mproudman1g@vimeo.com
54,Rebekkah Nicklen,47014 Moland Terrace,77276,TX,rnicklen1h@salon.com
55,Collette Yurenin,55 Springs Plaza,01654,MA,cyurenin1i@nih.gov
56,Colin Larrad,7400 Dakota Street,46295,IN,clarrad1j@hhs.gov
57,Lisha Goburn,209 Milwaukee Park,90310,CA,lgoburn1k@fda.gov
58,Cammie Camilleri,801 Dixon Avenue,76205,TX,ccamilleri1l@tiny.cc
59,Brenn Matula,04990 Grayhawk Hill,87105,NM,bmatula1m@shutterfly.com
60,Demott Tatchell,2 Susan Hill,32819,FL,dtatchell1n@com.com
61,Zared Wragge,923 Florence Parkway,06160,CT,zwragge1o@chicagotribune.com
62,Richy O'Lenane,2432 Artisan Pass,92612,CA,rolenane1p@illinois.edu
63,Kellina Drinan,5 Alpine Avenue,97201,OR,kdrinan1q@storify.com
64,Malinde Bolgar,2225 Forest Run Way,02119,MA,mbolgar1r@google.it
65,Katie Restall,13301 Iowa Avenue,80905,CO,krestall1s@sciencedirect.com
66,Janette Please,974 Superior Road,01152,MA,jplease1t@wordpress.com
67,Louis Brawson,008 Mockingbird Alley,63150,MO,lbrawson1u@bloomberg.com
68,Angelia Fonteyne,8822 Stang Avenue,37215,TN,afonteyne1v@berkeley.edu
69,Bryon Tolson,6 Canary Hill,77250,TX,btolson1w@163.com
70,Carolyn Maillard,70 Dixon Trail,11215,NY,cmaillard1x@bandcamp.com
71,Phedra Steabler,98554 7th Center,76198,TX,psteabler1y@webmd.com
72,Giselle Burlay,4800 Old Shore Trail,77090,TX,gburlay1z@illinois.edu
73,Napoleon Daleman,0693 Meadow Ridge Terrace,73135,OK,ndaleman20@ebay.com
74,Vick Windybank,67 Burrows Parkway,90076,CA,vwindybank21@people.com.cn
75,Modesty Kleinzweig,0797 Twin Pines Plaza,03804,NH,mkleinzweig22@phpbb.com
76,Licha Celez,71305 Moulton Circle,79928,TX,lcelez23@gov.uk
77,Kingsly Beeres,77373 Towne Terrace,06140,CT,kbeeres24@epa.gov
78,Kristoforo Noteyoung,6557 Sommers Way,20520,DC,knoteyoung25@addthis.com
79,Marcelia Ohlsen,1 School Junction,50936,IA,mohlsen26@blog.com
80,Brooks Gunning,93 Mariners Cove Crossing,97211,OR,bgunning27@flickr.com
81,Chad MacColm,4414 Judy Avenue,93704,CA,cmaccolm28@techcrunch.com
82,Pegeen Jerman,48 Sherman Center,92110,CA,pjerman29@infoseek.co.jp
83,Brnaba Dellenty,862 Stone Corner Park,20414,DC,bdellenty2a@sina.com.cn
84,Farleigh Cromblehome,9 Carioca Alley,92196,CA,fcromblehome2b@wix.com
85,Link Caller,22 Merchant Alley,32204,FL,lcaller2c@yellowpages.com
86,Rita Euler,64 Di Loreto Terrace,94616,CA,reuler2d@blinklist.com
87,Gabie Swadlen,624 La Follette Point,14233,NY,gswadlen2e@wp.com
88,Anabella Sidgwick,8 Arizona Alley,71130,LA,asidgwick2f@sphinn.com
89,Emmit Ramsell,6 Emmet Crossing,29605,SC,eramsell2g@seattletimes.com
90,Zorana Patzelt,53 Carberry Way,77705,TX,zpatzelt2h@shinystat.com
91,Carlota Flipsen,69 American Ash Pass,57188,SD,cflipsen2i@dyndns.org
92,Jermayne Robers,4917 Waxwing Junction,75241,TX,jrobers2j@alexa.com
93,Willie Scandrick,9680 Ilene Parkway,76110,TX,wscandrick2k@redcross.org
94,Camala Priestner,2 Sloan Center,89087,NV,cpriestner2l@globo.com
95,Nicolea Borland,20 Scott Road,27615,NC,nborland2m@networksolutions.com
96,Siana Slaght,40 Shopko Crossing,19892,DE,sslaght2n@furl.net
97,Mercy Mazonowicz,1552 Ramsey Avenue,76115,TX,mmazonowicz2o@typepad.com
98,Irving Sundin,179 Maywood Trail,44125,OH,isundin2p@shop-pro.jp
99,Georg Joss,84195 Killdeer Terrace,60158,IL,gjoss2q@prlog.org
100,Ave Ribeiro,336 Barnett Plaza,85205,AZ,aribeiro2r@cyberchimps.com
101,Anabel Cowgill,8 Sunfield Way,90405,CA,acowgill2s@usnews.com
102,Kort Martins,4 Division Court,02142,MA,kmartins2t@wisc.edu
103,Winnie Kingswoode,6 Ridge Oak Place,78749,TX,wkingswoode2u@acquirethisname.com
104,Stevy Fehner,94 Algoma Hill,12247,NY,sfehner2v@linkedin.com
105,Jae Boumphrey,752 Comanche Crossing,46852,IN,jboumphrey2w@vimeo.com
106,Sherman Treat,66 Larry Road,47737,IN,streat2x@technorati.com
107,Abbye Camies,107 Raven Junction,46015,IN,acamies2y@cnbc.com
108,Lucy Gully,2163 Monument Crossing,33180,FL,lgully2z@berkeley.edu
109,Sebastiano Bevans,21101 Oak Junction,29305,SC,sbevans30@1688.com
110,Rania Whelpton,39 Waubesa Point,23605,VA,rwhelpton31@alexa.com
111,Betteann Slowly,6 Messerschmidt Place,98442,WA,bslowly32@clickbank.net
112,Ianthe Pablos,2 Vermont Drive,37995,TN,ipablos33@wikispaces.com
113,Egor Sherebrook,22499 Old Shore Plaza,59112,MT,esherebrook34@fastcompany.com
114,Carmelita Mounce,8 Arapahoe Street,15250,PA,cmounce35@bigcartel.com
115,Reba Fairlamb,30 Sloan Hill,33467,FL,rfairlamb36@umn.edu
116,Geordie St. Leger,075 Derek Pass,45999,OH,gst37@w3.org
117,Bertha Kippin,12924 Leroy Avenue,27499,NC,bkippin38@ed.gov
118,Rodolfo Sharvill,767 Manley Plaza,89595,NV,rsharvill39@sohu.com
119,Leone McCloid,5003 Pierstorff Plaza,70116,LA,lmccloid3a@cargocollective.com
120,Dill Killwick,584 Golden Leaf Hill,76129,TX,dkillwick3b@nhs.uk
121,Warner France,5824 Schurz Junction,20189,VA,wfrance3c@latimes.com
122,Antonetta Stolberg,87399 Evergreen Lane,59771,MT,astolberg3d@umn.edu
123,Nixie Felipe,0947 Fairfield Center,73119,OK,nfelipe3e@mayoclinic.com
124,Nissie Dunderdale,4085 Lawn Hill,64199,MO,ndunderdale3f@economist.com
125,Ronnie Closs,25771 Mcguire Parkway,57193,SD,rcloss3g@bandcamp.com
126,Dacy Tolerton,325 Bonner Center,18768,PA,dtolerton3h@abc.net.au
127,Basilio Henzley,22 Loftsgordon Street,91616,CA,bhenzley3i@wikipedia.org
128,Gage Blackmuir,15506 Sherman Place,70124,LA,gblackmuir3j@goo.ne.jp
129,Margarethe Zorzini,40451 Clove Way,95833,CA,mzorzini3k@tinyurl.com
130,Boris Skylett,6105 Eastlawn Hill,61110,IL,bskylett3l@chronoengine.com
131,Pasquale Terren,5326 Sullivan Point,20057,DC,pterren3m@cnet.com
132,Adelle Walder,7 Mesta Street,76310,TX,awalder3n@ftc.gov
133,Aurelea Hiscoe,74 Ohio Drive,20370,DC,ahiscoe3o@soup.io
134,Nisse Halbeard,29 Shasta Terrace,10270,NY,nhalbeard3p@bbc.co.uk
135,Che Luckhurst,7 Carpenter Trail,68510,NE,cluckhurst3q@imgur.com
136,Bernie Sweetland,42891 Becker Junction,73135,OK,bsweetland3r@ezinearticles.com
137,Catlee Kroin,0969 Jana Avenue,46266,IN,ckroin3s@kickstarter.com
138,Nancey Tort,91131 Comanche Center,25775,WV,ntort3t@globo.com
139,Murial Wilkison,2 Manley Trail,63126,MO,mwilkison3u@paginegialle.it
140,Tiphani Burrel,8 Burning Wood Junction,44710,OH,tburrel3v@miitbeian.gov.cn
141,Vanda Hewson,82889 Mockingbird Circle,95298,CA,vhewson3w@shinystat.com
142,Jenifer Franceschino,0621 Cambridge Parkway,46852,IN,jfranceschino3x@acquirethisname.com
143,Kally Iddy,840 Carpenter Point,19897,DE,kiddy3y@sphinn.com
144,Creighton Halle,64456 Truax Pass,72222,AR,challe3z@cpanel.net
145,Gayel Chalcraft,34 Butterfield Terrace,23213,VA,gchalcraft40@miibeian.gov.cn
146,Wilbur Gibb,48 1st Crossing,90094,CA,wgibb41@ameblo.jp
147,Morie Broadley,8805 Sommers Court,20057,DC,mbroadley42@dropbox.com
148,Wandie Trevallion,8914 Harbort Plaza,55127,MN,wtrevallion43@purevolume.com
149,Verene Maso,72443 Northfield Point,23520,VA,vmaso44@shop-pro.jp
150,Blisse Alfwy,23504 Sachtjen Place,46295,IN,balfwy45@yellowbook.com
151,Allene Clery,538 Merry Center,25389,WV,aclery46@bloglines.com
152,Ilka De Filippis,54222 Coleman Terrace,30306,GA,ide47@umn.edu
153,Karoline Fouldes,550 Schurz Street,75037,TX,kfouldes48@economist.com
154,Lewiss Yandle,4843 Dorton Circle,80638,CO,lyandle49@livejournal.com
155,Leonelle Coupman,710 Buhler Alley,85020,AZ,lcoupman4a@printfriendly.com
156,Amelie Walklett,236 Cottonwood Point,44310,OH,awalklett4b@csmonitor.com
157,Haley Hattam,2205 Hagan Place,21216,MD,hhattam4c@dailymotion.com
158,Theo Garmanson,2 Portage Street,19120,PA,tgarmanson4d@nba.com
159,Blondelle Carty,85 Barnett Avenue,88519,TX,bcarty4e@yandex.ru
160,Gert Serrurier,87033 Karstens Junction,75397,TX,gserrurier4f@lycos.com
161,Janaya Litton,16250 Oak Valley Center,10009,NY,jlitton4g@domainmarket.com
162,Fara Harrell,29 Utah Point,46852,IN,fharrell4h@fotki.com
163,Corinne Coltart,46715 Claremont Pass,35815,AL,ccoltart4i@odnoklassniki.ru
164,Townie Finlan,17166 Butternut Junction,43268,OH,tfinlan4j@tuttocitta.it
165,Gustavo Rasmus,9 Esch Hill,36195,AL,grasmus4k@about.com
166,Abbye Lezemore,57978 Farwell Court,87505,NM,alezemore4l@psu.edu
167,Annice Awde,569 Loomis Lane,72118,AR,aawde4m@ebay.com
168,Carin Boij,0 Dovetail Avenue,06160,CT,cboij4n@booking.com
169,Berthe Corey,9289 Garrison Hill,40546,KY,bcorey4o@tiny.cc
170,Freddie Janca,4415 Gulseth Street,35254,AL,fjanca4p@pbs.org
171,Edeline Jump,402 Anniversary Lane,70820,LA,ejump4q@vinaora.com
172,Hamnet Colbertson,59207 School Pass,91411,CA,hcolbertson4r@washingtonpost.com
173,Garrick Menilove,2 Waywood Hill,74133,OK,gmenilove4s@soup.io
174,Eli Iuorio,568 Stang Drive,88558,TX,eiuorio4t@sina.com.cn
175,Lavinia Heugh,39 American Park,30092,GA,lheugh4u@bizjournals.com
176,Ronna Gave,2 Elgar Avenue,14269,NY,rgave4v@hhs.gov
177,Carolyn Prendeville,99725 Mcbride Street,06721,CT,cprendeville4w@parallels.com
178,Dianemarie Sineath,4214 Eagan Junction,43231,OH,dsineath4x@squarespace.com
179,Joelynn Matyushenko,2398 Hovde Plaza,29615,SC,jmatyushenko4y@sohu.com
180,Estrellita Turfrey,733 Hauk Way,90094,CA,eturfrey4z@opensource.org
181,Faye Wixon,913 Dwight Street,70894,LA,fwixon50@friendfeed.com
182,Skylar Ambrogini,99 Eggendart Alley,84409,UT,sambrogini51@apple.com
183,Ferne Aplin,35161 Thompson Terrace,80228,CO,faplin52@trellian.com
184,Kenneth Quarton,768 Hanover Pass,32215,FL,kquarton53@networkadvertising.org
185,Neddy Bagehot,752 Donald Street,77060,TX,nbagehot54@vkontakte.ru
186,Dimitri Loisi,134 Fremont Center,87592,NM,dloisi55@newsvine.com
187,Codi McGinty,9 Maple Wood Point,97201,OR,cmcginty56@yellowpages.com
188,Pat Swarbrigg,02 Waxwing Lane,10260,NY,pswarbrigg57@free.fr
189,Yurik Dick,77416 Upham Circle,38161,TN,ydick58@jiathis.com
190,Christalle Pimblett,939 Hollow Ridge Lane,79491,TX,cpimblett59@plala.or.jp
191,Martino Peyzer,9165 Arapahoe Point,92619,CA,mpeyzer5a@myspace.com
192,Otes Strangeway,4497 Esker Pass,88584,TX,ostrangeway5b@google.pl
193,Cobb Baldcock,244 Corscot Road,72215,AR,cbaldcock5c@joomla.org
194,Nikolai Folbige,9866 Pennsylvania Street,20566,DC,nfolbige5d@engadget.com
195,Kordula Tarpey,1944 Rockefeller Park,77299,TX,ktarpey5e@springer.com
196,Ainsley Langstone,1367 Meadow Vale Plaza,33913,FL,alangstone5f@symantec.com
197,Winna Walewski,75 3rd Place,91616,CA,wwalewski5g@ucla.edu
198,Antons Harower,2659 Rigney Center,59105,MT,aharower5h@skype.com
199,Aldous Dumke,26 Ridgeview Alley,28225,NC,adumke5i@nba.com
200,Noelyn Skippen,676 Ridgeway Road,70826,LA,nskippen5j@hugedomains.com
201,Gweneth Uwins,095 Logan Road,32590,FL,guwins5k@acquirethisname.com
202,Carla Causnett,06 Dahle Way,85271,AZ,ccausnett5l@cafepress.com
203,Thomasina Atyeo,74565 Rusk Center,95813,CA,tatyeo5m@huffingtonpost.com
204,Charles Feary,550 Carpenter Junction,79769,TX,cfeary5n@instagram.com
205,Albertina Elam,74 Fairview Drive,88546,TX,aelam5o@goo.ne.jp
206,Kathi Kobes,76561 Green Ridge Way,12305,NY,kkobes5p@symantec.com
207,Nicki Andreasen,5526 Clemons Pass,79934,TX,nandreasen5q@weebly.com
208,Roberto Mattaus,59 Hayes Pass,98042,WA,rmattaus5r@npr.org
209,Leland Bapty,4228 Steensland Road,77343,TX,lbapty5s@soup.io
210,Junette Terrington,383 Cordelia Plaza,14652,NY,jterrington5t@kickstarter.com
211,Wheeler Whyborne,12267 Riverside Drive,77505,TX,wwhyborne5u@zimbio.com
212,Nikolaus Stratton,2 Reindahl Plaza,31704,GA,nstratton5v@blogspot.com
213,Stacee Gentric,6097 Brown Hill,19109,PA,sgentric5w@wisc.edu
214,Randolph Alldred,646 Clarendon Hill,68124,NE,ralldred5x@psu.edu
215,Colleen Klimko,19 Kipling Hill,33028,FL,cklimko5y@harvard.edu
216,Cherilynn Miell,89114 Dovetail Way,20456,DC,cmiell5z@senate.gov
217,Kiel Haskur,22876 Oneill Street,24020,VA,khaskur60@google.com.au
218,Schuyler Mellish,633 Corry Drive,79994,TX,smellish61@nba.com
219,Skelly Livingstone,8389 Bunker Hill Street,13505,NY,slivingstone62@smugmug.com
220,Ilaire Gason,9 Hagan Street,28263,NC,igason63@washington.edu
221,Will Butt,06 Carberry Circle,02472,MA,wbutt64@dyndns.org
222,Lynnea Sallter,834 Prairieview Park,72916,AR,lsallter65@domainmarket.com
223,Erma Sawnwy,3 Cody Drive,33615,FL,esawnwy66@vinaora.com
224,Francesco Eskrigge,521 Valley Edge Court,98481,WA,feskrigge67@fc2.com
225,Orv Cranefield,9 Onsgard Avenue,10249,NY,ocranefield68@cbsnews.com
226,Fletcher Maine,30 Morning Drive,46015,IN,fmaine69@imgur.com
227,Raimund Sjollema,00 Vermont Road,57188,SD,rsjollema6a@shutterfly.com
228,Fern Jancso,328 Park Meadow Plaza,50315,IA,fjancso6b@omniture.com
229,Wilma Bramsom,071 Shoshone Street,62205,IL,wbramsom6c@hao123.com
230,Celesta Raybould,55421 Meadow Ridge Hill,80005,CO,craybould6d@dagondesign.com
231,Sarine Bodemeaid,7 International Circle,47719,IN,sbodemeaid6e@hugedomains.com
232,Pernell Lashbrook,48 Dovetail Center,80910,CO,plashbrook6f@bloglines.com
233,Dyanne Hasney,20106 Jay Avenue,68197,NE,dhasney6g@smh.com.au
234,Eula Aingell,6787 Roth Court,73152,OK,eaingell6h@chron.com
235,Risa Gosby,794 Holy Cross Drive,94611,CA,rgosby6i@elegantthemes.com
236,Inger Pauletti,612 Walton Park,46231,IN,ipauletti6j@senate.gov
237,Loralee Garbert,23 Golf View Drive,62776,IL,lgarbert6k@mayoclinic.com
238,Bond Bockman,9 Emmet Crossing,53785,WI,bbockman6l@sun.com
239,Selle Mildenhall,261 Dapin Street,70142,LA,smildenhall6m@uiuc.edu
240,Lyndy Allaker,49 Buell Plaza,32092,FL,lallaker6n@lulu.com
241,Terry Budnk,3499 Monica Lane,11054,NY,tbudnk6o@state.tx.us
242,Adina Western,22382 Moulton Drive,85748,AZ,awestern6p@nature.com
243,Sherrie Currm,758 Eliot Drive,35215,AL,scurrm6q@sciencedirect.com
244,Monica Howlett,7460 Artisan Park,95838,CA,mhowlett6r@lulu.com
245,Humfrey Trahear,9 Donald Junction,27105,NC,htrahear6s@skyrock.com
246,Melamie Jiracek,9 Vahlen Way,34745,FL,mjiracek6t@facebook.com
247,Rasia Haime,874 Hoffman Plaza,46239,IN,rhaime6u@pen.io
248,Diandra Breslin,36668 Nancy Terrace,46634,IN,dbreslin6v@edublogs.org
249,Carleen Ryhorovich,8669 Service Crossing,33330,FL,cryhorovich6w@narod.ru
250,Dimitri Iggo,07 Fuller Parkway,84130,UT,diggo6x@constantcontact.com
251,Kerrin Grinley,90260 Talisman Plaza,48107,MI,kgrinley6y@indiatimes.com
252,Cindi Cruz,083 Nelson Crossing,71137,LA,ccruz6z@list-manage.com
253,Theodoric Cawt,2 Mandrake Street,27626,NC,tcawt70@disqus.com
254,Devora Kings,6 Emmet Avenue,95973,CA,dkings71@hugedomains.com
255,Nolie Shovel,04063 Hanover Center,46620,IN,nshovel72@mysql.com
256,Kit Wolfindale,36956 Warbler Place,06152,CT,kwolfindale73@flickr.com
257,Carny Cafferty,8 Eastlawn Point,87180,NM,ccafferty74@ow.ly
258,Palmer Lomasna,04418 Stang Trail,15255,PA,plomasna75@artisteer.com
259,Karlie Gaylard,62 Kensington Pass,92405,CA,kgaylard76@craigslist.org
260,Jolie Ulrik,37593 Ludington Place,66667,KS,julrik77@seattletimes.com
261,Harvey Trenfield,1817 Hanover Crossing,92127,CA,htrenfield78@dailymail.co.uk
262,Dosi Klich,03527 Grim Place,06905,CT,dklich79@bluehost.com
263,Sibbie Songer,25222 North Hill,07188,NJ,ssonger7a@theatlantic.com
264,Ted Dury,759 Muir Court,98424,WA,tdury7b@networksolutions.com
265,Barclay Ancliff,058 Old Gate Lane,87105,NM,bancliff7c@opera.com
266,Northrop Crispe,783 Green Point,10464,NY,ncrispe7d@alexa.com
267,Chrotoem Smallbone,9482 Brentwood Junction,57193,SD,csmallbone7e@apache.org
268,Stanleigh Bascomb,8355 Green Way,15220,PA,sbascomb7f@nifty.com
269,Chicky Mowles,18 Spohn Trail,73147,OK,cmowles7g@mapquest.com
270,Colver Martill,331 Logan Street,39210,MS,cmartill7h@google.ca
271,Vick Portress,8687 Spaight Circle,49006,MI,vportress7i@dailymotion.com
272,Gwendolyn Liddle,8 Crest Line Parkway,97255,OR,gliddle7j@whitehouse.gov
273,Bud Pascoe,4 Doe Crossing Lane,74149,OK,bpascoe7k@nhs.uk
274,Ralf Symcock,48 Dixon Junction,32255,FL,rsymcock7l@auda.org.au
275,Dian Pantridge,74 Sachtjen Junction,55905,MN,dpantridge7m@clickbank.net
276,Emlyn Bennett,39462 Kingsford Point,62794,IL,ebennett7n@baidu.com
277,Connie Zelner,7813 Dennis Way,52804,IA,czelner7o@adobe.com
278,Leilah Chipp,2 Mandrake Trail,34276,FL,lchipp7p@goo.gl
279,Zorah Dablin,503 Bartelt Lane,36605,AL,zdablin7q@wikispaces.com
280,Eirena Waterstone,7339 Blackbird Terrace,52410,IA,ewaterstone7r@goo.ne.jp
281,Shae Cheers,75 Beilfuss Circle,30356,GA,scheers7s@comsenz.com
282,Dewain Sharrier,8706 Ridgeway Avenue,98506,WA,dsharrier7t@taobao.com
283,Sioux Skully,6 Dahle Terrace,79940,TX,sskully7u@ifeng.com
284,Art Malec,19 Jana Street,46634,IN,amalec7v@indiegogo.com
285,Erhard Braine,1278 Hermina Terrace,83727,ID,ebraine7w@yale.edu
286,Emmie Wabey,1 Hagan Point,37605,TN,ewabey7x@simplemachines.org
287,Dalt Athy,6393 Forest Dale Center,32808,FL,dathy7y@multiply.com
288,Mitchael Stell,87150 Forest Avenue,85020,AZ,mstell7z@boston.com
289,Mathilde Jentgens,4 School Alley,88584,TX,mjentgens80@oracle.com
290,Dolli McNeish,7 Welch Street,31422,GA,dmcneish81@discovery.com
291,Danette Heyball,2687 Brentwood Court,27455,NC,dheyball82@yolasite.com
292,Isabeau Astall,766 Weeping Birch Parkway,25726,WV,iastall83@rambler.ru
293,Hillary Persence,98 Anniversary Point,48609,MI,hpersence84@woothemes.com
294,Stinky Hunnisett,46521 Forest Run Way,33758,FL,shunnisett85@prweb.com
295,Sile Verdon,09 Doe Crossing Pass,94913,CA,sverdon86@woothemes.com
296,Melissa Milksop,3355 Cardinal Crossing,06140,CT,mmilksop87@addthis.com
297,Mirelle Barnewille,16 Maryland Terrace,45999,OH,mbarnewille88@themeforest.net
298,Barr Miners,6115 Scott Drive,37914,TN,bminers89@cdc.gov
299,Cristian Doust,5 Graceland Junction,28263,NC,cdoust8a@yandex.ru
300,Rob Boxer,3907 Golf Parkway,39216,MS,rboxer8b@ustream.tv
301,Elle Fadian,0863 Cherokee Trail,10305,NY,efadian8c@trellian.com
302,Casi Spowage,15 Prairieview Circle,91841,CA,cspowage8d@disqus.com
303,Oby Schulze,5 Oak Valley Alley,30130,GA,oschulze8e@businessinsider.com
304,Dell De Vuyst,6 Jackson Junction,95354,CA,dde8f@csmonitor.com
305,Kristofer Spillane,3475 Bunting Road,06510,CT,kspillane8g@amazon.co.uk
306,Noll Alwood,48 Lyons Trail,02405,MA,nalwood8h@nbcnews.com
307,Harman Esson,39 Morning Way,51105,IA,hesson8i@mayoclinic.com
308,Parrnell Antonognoli,87424 Kings Drive,29403,SC,pantonognoli8j@umich.edu
309,Jojo Mattioli,18 Everett Hill,79934,TX,jmattioli8k@rediff.com
310,Kylynn Camillo,20 Hooker Place,27717,NC,kcamillo8l@uol.com.br
311,Austin Arthy,9 Manitowish Plaza,95205,CA,aarthy8m@engadget.com
312,Rozele Pellamonuten,3 Schmedeman Road,78215,TX,rpellamonuten8n@addthis.com
313,Hilly Humble,138 Continental Parkway,44329,OH,hhumble8o@angelfire.com
314,Pauli Goullee,58 Graedel Avenue,10105,NY,pgoullee8p@shinystat.com
315,Clary Corwood,8 Spohn Drive,46278,IN,ccorwood8q@blogger.com
316,Maryanna Mathy,822 Grasskamp Alley,28305,NC,mmathy8r@chicagotribune.com
317,Malva Leet,1 Northland Road,53405,WI,mleet8s@uol.com.br
318,Amery Drewet,1 Steensland Pass,33147,FL,adrewet8t@shinystat.com
319,Garwin Ghioni,0 Meadow Vale Terrace,98140,WA,gghioni8u@nytimes.com
320,Rey Birtwistle,6609 Vidon Court,58505,ND,rbirtwistle8v@cbslocal.com
321,Sibyl Archer,83024 Utah Drive,45414,OH,sarcher8w@bbb.org
322,Cookie Mucillo,0 Pankratz Drive,76115,TX,cmucillo8x@facebook.com
323,Adela Mucklestone,8 Kedzie Street,27626,NC,amucklestone8y@google.com.br
324,Eartha Bermingham,155 Spohn Road,30096,GA,ebermingham8z@columbia.edu
325,Wylie Neubigging,6404 Cottonwood Hill,77493,TX,wneubigging90@harvard.edu
326,Brendan Egginton,73239 Northwestern Center,84199,UT,begginton91@gravatar.com
327,Felipe Krop,71 Gulseth Terrace,32859,FL,fkrop92@mediafire.com
328,Ewell Carnie,028 Ruskin Way,20784,MD,ecarnie93@domainmarket.com
329,Calli Longega,4970 Elmside Trail,23237,VA,clongega94@mozilla.org
330,Eleonora Eidelman,78 Dovetail Crossing,17110,PA,eeidelman95@php.net
331,Beaufort Leguey,2435 Melody Plaza,21239,MD,bleguey96@yellowpages.com
332,Wilbert Vreede,0 Sunbrook Hill,94627,CA,wvreede97@stumbleupon.com
333,Elane Natte,7 Barby Avenue,72916,AR,enatte98@photobucket.com
334,Clint Trudgeon,761 Debs Plaza,77045,TX,ctrudgeon99@indiegogo.com
335,Paulita Platfoot,66 7th Plaza,46266,IN,pplatfoot9a@github.com
336,Tish Breeze,996 Shelley Junction,80940,CO,tbreeze9b@comcast.net
337,Clemmy Halegarth,7 Banding Point,07104,NJ,chalegarth9c@columbia.edu
338,Lolita Lorraway,2376 Glacier Hill Circle,55188,MN,llorraway9d@vistaprint.com
339,Loree Ferrige,5 Eliot Terrace,23213,VA,lferrige9e@slashdot.org
340,Charo Gerrie,48216 Debra Terrace,77020,TX,cgerrie9f@slashdot.org
341,Bevon Nozzolii,748 Lake View Circle,33915,FL,bnozzolii9g@issuu.com
342,Amory Greathead,5057 Bartillon Street,10464,NY,agreathead9h@about.me
343,Terrijo Scutcheon,69 Dawn Avenue,77223,TX,tscutcheon9i@statcounter.com
344,Eward Budnik,60 Forest Circle,20067,DC,ebudnik9j@apache.org
345,Catharina Wyldish,05 Calypso Pass,22093,VA,cwyldish9k@ibm.com
346,Nichole Loveless,683 Spenser Trail,02109,MA,nloveless9l@amazon.co.uk
347,Trenton Sapir,6123 Corry Avenue,33680,FL,tsapir9m@rakuten.co.jp
348,Rachael Fernier,37 Forster Way,20380,DC,rfernier9n@accuweather.com
349,Deeyn Chetwin,31834 Kings Terrace,48670,MI,dchetwin9o@upenn.edu
350,Rica MacLeod,2 Village Green Street,38119,TN,rmacleod9p@plala.or.jp
351,Peadar Platts,26 Stoughton Way,06859,CT,pplatts9q@skyrock.com
352,Laurie Pascow,3774 Corry Plaza,45271,OH,lpascow9r@salon.com
353,Jere Lafflina,4 Washington Road,21275,MD,jlafflina9s@goodreads.com
354,Shelia Hunnable,69665 Nelson Junction,78285,TX,shunnable9t@icq.com
355,Lorry Duckinfield,7 Sundown Way,85246,AZ,lduckinfield9u@bing.com
356,Fabien Arnely,5276 Banding Pass,37665,TN,farnely9v@reddit.com
357,Freddy Bletsor,2151 Dunning Trail,72199,AR,fbletsor9w@phoca.cz
358,Cristal Staggs,3546 Basil Crossing,33913,FL,cstaggs9x@qq.com
359,Jerrome Royce,47072 Schlimgen Trail,89150,NV,jroyce9y@reddit.com
360,Vivie D'Alessandro,93 Utah Point,27705,NC,vdalessandro9z@oaic.gov.au
361,Raul Geffcock,5002 Helena Street,75246,TX,rgeffcocka0@mtv.com
362,Wylma Bril,2 Mallory Terrace,33432,FL,wbrila1@washington.edu
363,Shaylah Spincks,5521 Meadow Ridge Crossing,79176,TX,sspincksa2@webeden.co.uk
364,Fidelio Sprankling,372 Dakota Plaza,23203,VA,fspranklinga3@biglobe.ne.jp
365,Victoir Tettley,9 Hallows Avenue,64144,MO,vtettleya4@dot.gov
366,North Digan,59 Leroy Court,44720,OH,ndigana5@blogtalkradio.com
367,Morly Annott,755 Hudson Parkway,32885,FL,mannotta6@princeton.edu
368,Kenon Kerin,203 Forster Lane,79999,TX,kkerina7@gizmodo.com
369,Alan Peiser,1639 Bluestem Court,74126,OK,apeisera8@woothemes.com
370,Ryley Greedyer,37984 Troy Hill,55166,MN,rgreedyera9@ycombinator.com
371,Tommie Tanman,09191 John Wall Lane,53263,WI,ttanmanaa@amazon.co.uk
372,Caralie Makiver,7 Redwing Terrace,32808,FL,cmakiverab@ca.gov
373,Patience Coot,78306 Anhalt Junction,81505,CO,pcootac@nbcnews.com
374,Kizzee Skingley,774 Moose Point,23454,VA,kskingleyad@newyorker.com
375,Barris Hannent,72127 Bunker Hill Trail,32230,FL,bhannentae@myspace.com
376,Ellyn Booler,2 Esch Hill,32204,FL,ebooleraf@youtube.com
377,Louisette Beeres,17787 Randy Hill,77260,TX,lbeeresag@unicef.org
378,Mahmud Sarver,322 Stuart Parkway,94280,CA,msarverah@webmd.com
379,Jessamine Liccardo,79 Katie Center,20016,DC,jliccardoai@miitbeian.gov.cn
380,Tammy Arnow,65 Hoepker Avenue,29319,SC,tarnowaj@smh.com.au
381,Otto Winterborne,86050 Barnett Hill,75241,TX,owinterborneak@over-blog.com
382,Cindee Swiggs,17 Sloan Crossing,89714,NV,cswiggsal@posterous.com
383,Traci Caltun,7 Acker Court,98206,WA,tcaltunam@studiopress.com
384,Mia Pietraszek,5 Bashford Junction,22047,VA,mpietraszekan@statcounter.com
385,Jorie Coye,33 Mifflin Court,29240,SC,jcoyeao@apache.org
386,Waite Helix,898 Lillian Alley,33610,FL,whelixap@noaa.gov
387,Meggie Riggeard,8 Hoard Road,32891,FL,mriggeardaq@cpanel.net
388,Waylin Swadling,0 Pankratz Center,76129,TX,wswadlingar@phoca.cz
389,Heall Stainsby,92 Oriole Park,90305,CA,hstainsbyas@mediafire.com
390,Noreen Langdale,85 Dennis Pass,93150,CA,nlangdaleat@craigslist.org
391,Jeniffer Mountjoy,9 Hovde Center,43268,OH,jmountjoyau@netlog.com
392,Sidney Iorio,34034 Delladonna Terrace,55402,MN,siorioav@tripadvisor.com
393,Dedie Ibberson,3 Golf Trail,55905,MN,dibbersonaw@merriam-webster.com
394,Damiano Gurrado,33164 Brickson Park Way,20530,DC,dgurradoax@csmonitor.com
395,Penni Demaine,85 Cody Crossing,60669,IL,pdemaineay@walmart.com
396,Roxy Bathow,5 Eagan Lane,40524,KY,rbathowaz@xinhuanet.com
397,Sybille Pollak,558 Grim Drive,36610,AL,spollakb0@joomla.org
398,Edee Grimditch,15558 Sunnyside Point,02208,MA,egrimditchb1@auda.org.au
399,Ally Ropcke,9664 Miller Parkway,89519,NV,aropckeb2@cisco.com
400,Nerti Pavlovsky,1387 Merry Circle,91186,CA,npavlovskyb3@mlb.com
401,Louisette Heintz,4 Debs Court,33610,FL,lheintzb4@omniture.com
402,Colene Ipplett,60883 Talisman Road,40293,KY,cipplettb5@nytimes.com
403,Rebeca Fairburne,1683 Schlimgen Avenue,63196,MO,rfairburneb6@pagesperso-orange.fr
404,Wilburt Saltmarsh,0 Sutteridge Trail,07544,NJ,wsaltmarshb7@springer.com
405,Kile Littleover,4742 Crescent Oaks Alley,58505,ND,klittleoverb8@aol.com
406,Gerard Dominichelli,468 Gerald Hill,43284,OH,gdominichellib9@reddit.com
407,Judas Micka,5 Marcy Park,79989,TX,jmickaba@va.gov
408,Nilson Stadden,91 Welch Circle,91205,CA,nstaddenbb@hubpages.com
409,Danette O'Kenny,904 Boyd Road,20016,DC,dokennybc@skype.com
410,Tirrell Schettini,85114 Autumn Leaf Avenue,19892,DE,tschettinibd@nytimes.com
411,Rona Godfroy,03 Meadow Valley Court,72222,AR,rgodfroybe@cnet.com
412,Tessa Giddons,5651 Carpenter Plaza,78230,TX,tgiddonsbf@addtoany.com
413,Teddy Goudie,88 Butterfield Parkway,96154,CA,tgoudiebg@wunderground.com
414,Carr Woof,3 Sachtjen Trail,30358,GA,cwoofbh@latimes.com
415,Elyse Renton,9407 Stephen Center,64193,MO,erentonbi@hubpages.com
416,Franchot Seven,0 Kinsman Place,85062,AZ,fsevenbj@imgur.com
417,Judie Raubenheim,49663 Meadow Ridge Hill,96845,HI,jraubenheimbk@yellowbook.com
418,Carlynn Foffano,0125 Reindahl Junction,31998,GA,cfoffanobl@kickstarter.com
419,Jilly Bulford,6 Sutteridge Pass,85720,AZ,jbulfordbm@state.gov
420,Jelene Turrell,43 Fulton Place,11854,NY,jturrellbn@twitter.com
421,Page Lemanu,7 Graedel Plaza,77095,TX,plemanubo@go.com
422,Verna Dimbleby,6341 Bunting Center,28305,NC,vdimblebybp@auda.org.au
423,Terry Calwell,04280 Anthes Crossing,07310,NJ,tcalwellbq@printfriendly.com
424,Deeann Brandsma,70 Menomonie Trail,33742,FL,dbrandsmabr@who.int
425,Danie Bussey,45322 Warbler Road,32854,FL,dbusseybs@si.edu
426,Ahmed Churchyard,026 Doe Crossing Junction,33013,FL,achurchyardbt@biblegateway.com
427,Bonnee Tattersill,2721 Lunder Point,34985,FL,btattersillbu@indiatimes.com
428,Renee Fitzroy,949 Mayer Point,97075,OR,rfitzroybv@netscape.com
429,Hesther McCreery,05 Reinke Street,21265,MD,hmccreerybw@cbsnews.com
430,Rosie Donke,99758 Waywood Place,24020,VA,rdonkebx@yellowpages.com
431,Randy By,8 Hoepker Point,85748,AZ,rbyby@time.com
432,Jedediah Flaunier,6 Ramsey Place,77005,TX,jflaunierbz@simplemachines.org
433,Freeman Spieck,88323 Acker Plaza,79105,TX,fspieckc0@google.ru
434,Stephani Skeleton,5979 Esker Drive,75799,TX,sskeletonc1@bbc.co.uk
435,Dugald Greguol,33 Lillian Terrace,61614,IL,dgreguolc2@huffingtonpost.com
436,Chrysa Frome,61664 Sachs Road,21211,MD,cfromec3@latimes.com
437,Vanessa Sainthill,596 Bluejay Park,33620,FL,vsainthillc4@virginia.edu
438,Maribelle Southam,74712 Ilene Lane,19810,DE,msouthamc5@i2i.jp
439,Malissa O'Fallone,78505 Harper Lane,31106,GA,mofallonec6@i2i.jp
440,Kara-lynn Greally,891 Golf Course Lane,78783,TX,kgreallyc7@symantec.com
441,Hinze Foskin,588 5th Hill,44760,OH,hfoskinc8@merriam-webster.com
442,Sholom Cranmor,29877 Lillian Center,53779,WI,scranmorc9@columbia.edu
443,Stephannie Goodlip,4984 Everett Street,55172,MN,sgoodlipca@youtu.be
444,Wilhelmina Sawyers,550 Trailsway Point,56398,MN,wsawyerscb@disqus.com
445,Bernie Vitte,06966 Sutteridge Pass,06905,CT,bvittecc@woothemes.com
446,Chev Frosdick,0 Lerdahl Street,90610,CA,cfrosdickcd@admin.ch
447,Krishnah Belcham,9 Blackbird Park,60158,IL,kbelchamce@microsoft.com
448,Torr Rosson,3 Golf Parkway,38114,TN,trossoncf@howstuffworks.com
449,Jorey Stallan,71 Waxwing Court,82007,WY,jstallancg@de.vu
450,Annabella Janaszewski,31202 Scoville Plaza,11220,NY,ajanaszewskich@blogs.com
451,Augustus Gredden,0928 Londonderry Hill,27605,NC,agreddenci@state.gov
452,Byram Reimer,494 Green Way,32941,FL,breimercj@shutterfly.com
453,Caty Kembry,43309 Oxford Court,15230,PA,ckembryck@uiuc.edu
454,Husein Heinicke,73795 Goodland Trail,21211,MD,hheinickecl@joomla.org
455,Alene Batch,175 Loftsgordon Court,92013,CA,abatchcm@moonfruit.com
456,Sergei Truluck,8054 Tony Circle,67220,KS,struluckcn@unblog.fr
457,Ring Riggs,79329 Bellgrove Trail,43284,OH,rriggsco@ning.com
458,Jed Klehyn,0 Cascade Street,14205,NY,jklehyncp@japanpost.jp
459,Darb Brickner,93 Fulton Way,85737,AZ,dbricknercq@smugmug.com
460,Mallory Cicchinelli,1 Blaine Place,70033,LA,mcicchinellicr@stanford.edu
461,Daloris Gariff,0105 Welch Crossing,75353,TX,dgariffcs@indiegogo.com
462,Pamella Gritsunov,974 Forster Road,98498,WA,pgritsunovct@google.com.au
463,Natka Shord,10 Ruskin Way,06854,CT,nshordcu@miibeian.gov.cn
464,Maureen De Bernardi,909 Nevada Way,14263,NY,mdecv@telegraph.co.uk
465,Rolland Keaves,27181 Ridgeway Circle,85219,AZ,rkeavescw@is.gd
466,Karrah Beccero,47 Namekagon Street,62723,IL,kbeccerocx@msn.com
467,Bibby Merkle,71407 Merrick Crossing,78255,TX,bmerklecy@spotify.com
468,Venus Kealey,6919 Sundown Court,06145,CT,vkealeycz@nbcnews.com
469,Amerigo Lukovic,0592 Graedel Terrace,70116,LA,alukovicd0@alibaba.com
470,Susanna Odeson,52011 Pankratz Drive,79928,TX,sodesond1@skyrock.com
471,Vidovik Wilson,8 Fairfield Trail,25356,WV,vwilsond2@barnesandnoble.com
472,Fields Hadlee,58054 Forster Junction,21216,MD,fhadleed3@shop-pro.jp
473,Ebonee Gohier,8 Forest Street,92132,CA,egohierd4@vinaora.com
474,Krystyna Baggally,9 Buell Road,32605,FL,kbaggallyd5@php.net
475,Lidia Ryan,860 Veith Way,33261,FL,lryand6@msn.com
476,Anthea Wissby,55 Luster Junction,78291,TX,awissbyd7@ocn.ne.jp
477,Lind Jenkinson,328 Arizona Place,32399,FL,ljenkinsond8@jigsy.com
478,Sheree Maestro,68702 Evergreen Road,30610,GA,smaestrod9@t-online.de
479,Tobi Shemming,99801 Crest Line Way,17126,PA,tshemmingda@cargocollective.com
480,Valerye Learmount,97 Barnett Park,15210,PA,vlearmountdb@businessinsider.com
481,Dotti Canape,8770 Acker Lane,24020,VA,dcanapedc@wikia.com
482,Darius Rawstorne,11 Melrose Trail,84199,UT,drawstornedd@unesco.org
483,Winnah McTrusty,0541 Fuller Pass,80161,CO,wmctrustyde@gizmodo.com
484,Alena Zywicki,409 La Follette Parkway,85053,AZ,azywickidf@sun.com
485,Sandy Klesel,98 Holy Cross Lane,22225,VA,skleseldg@amazon.co.uk
486,Annissa Frankton,22 Clyde Gallagher Trail,06120,CT,afranktondh@dailymotion.com
487,Cassey Masser,64 Oriole Street,95128,CA,cmasserdi@sourceforge.net
488,Rosella Hilland,96024 Swallow Center,75799,TX,rhillanddj@t-online.de
489,Eugenius Tinham,403 Lyons Road,28242,NC,etinhamdk@mit.edu
490,Thoma Cheevers,7369 Heffernan Point,20904,MD,tcheeversdl@creativecommons.org
491,Teodoor Oby,10 Raven Parkway,48217,MI,tobydm@vkontakte.ru
492,Desirae Beentjes,274 Redwing Avenue,77080,TX,dbeentjesdn@google.com.br
493,Murdoch Dibbin,528 Northridge Parkway,28225,NC,mdibbindo@fotki.com
494,Yettie Croker,627 Stone Corner Point,06721,CT,ycrokerdp@ask.com
495,Moselle Tivolier,07209 Paget Place,27425,NC,mtivolierdq@delicious.com
496,Phebe Attwoul,770 Sycamore Way,77055,TX,pattwouldr@purevolume.com
497,Brett Manterfield,04 Mcbride Point,08650,NJ,bmanterfieldds@ted.com
498,Denni Varndell,41 Calypso Parkway,85072,AZ,dvarndelldt@springer.com
499,Letty Lebbern,5 Division Trail,48232,MI,llebberndu@mediafire.com
500,Evelin Domenge,1399 Rigney Pass,32399,FL,edomengedv@dailymail.co.uk
501,Chloe Cereceres,71146 Shopko Center,23454,VA,ccereceresdw@cbslocal.com
502,Lissa Alloway,0 Emmet Plaza,23663,VA,lallowaydx@xrea.com
503,Carley Lidgerton,0 Parkside Park,33355,FL,clidgertondy@npr.org
504,Danila Billington,60 Cascade Trail,37410,TN,dbillingtondz@engadget.com
505,Bethanne Noteyoung,59 Dapin Parkway,46295,IN,bnoteyounge0@usa.gov
506,Corina Bigly,3 Hudson Street,71105,LA,cbiglye1@blog.com
507,Kathye Fenwick,8489 Debs Way,98516,WA,kfenwicke2@taobao.com
508,Carri Oselton,51885 Buell Circle,92662,CA,coseltone3@example.com
509,Janeen Possell,6907 Everett Place,06825,CT,jposselle4@furl.net
510,Kingsley Allcoat,99504 Butternut Crossing,62205,IL,kallcoate5@ucoz.com
511,Adeline Parradice,7540 Columbus Way,70607,LA,aparradicee6@geocities.com
512,Roselin Ygoe,95813 Lillian Crossing,98464,WA,rygoee7@blogtalkradio.com
513,Agata Sinnett,72 Tennyson Trail,30092,GA,asinnette8@berkeley.edu
514,Kahaleel Jentgens,6204 Crest Line Terrace,90605,CA,kjentgense9@netvibes.com
515,Xena Stickens,130 Maple Wood Pass,90810,CA,xstickensea@yandex.ru
516,Hal Tacker,039 Larry Plaza,53205,WI,htackereb@census.gov
517,Pippy Pechacek,06558 Cardinal Point,72215,AR,ppechacekec@jimdo.com
518,Janos Sarrell,158 Walton Hill,71137,LA,jsarrelled@imgur.com
519,Cirillo Woollard,35 Vahlen Court,11231,NY,cwoollardee@accuweather.com
520,Paola Salerno,91444 Monica Parkway,23668,VA,psalernoef@timesonline.co.uk
521,Babs Zarfati,92 New Castle Parkway,20430,DC,bzarfatieg@google.de
522,Gavra Surgenor,08390 Mandrake Place,84115,UT,gsurgenoreh@google.com.hk
523,Quintina Broomfield,27852 Susan Point,96840,HI,qbroomfieldei@theatlantic.com
524,Jarrett Madders,86 Rieder Pass,92196,CA,jmaddersej@reddit.com
525,Gabriellia Paladino,6 Towne Trail,29220,SC,gpaladinoek@a8.net
526,Tuckie Handling,0 Sunfield Trail,89140,NV,thandlingel@vinaora.com
527,Kelwin Vondruska,97494 Muir Place,89125,NV,kvondruskaem@ocn.ne.jp
528,Auguste Matthew,2761 Sugar Crossing,68531,NE,amatthewen@cyberchimps.com
529,Guss Reschke,21848 Algoma Lane,75236,TX,greschkeeo@yahoo.co.jp
530,Maureene Burbidge,058 Coolidge Parkway,68144,NE,mburbidgeep@home.pl
531,Heidi Hallibone,64968 Comanche Avenue,89178,NV,hhalliboneeq@a8.net
532,Almeta Folliott,63 Springs Drive,79923,TX,afolliotter@mayoclinic.com
533,Shirleen Goodwin,27 Katie Pass,62205,IL,sgoodwines@goo.ne.jp
534,Regen Sibbet,9 Mallard Terrace,98405,WA,rsibbetet@hp.com
535,Hervey Sheron,71 Northfield Drive,12247,NY,hsheroneu@typepad.com
536,Guss Saffle,98115 Dottie Plaza,95113,CA,gsaffleev@artisteer.com
537,Sophie Mellmer,54 Sage Place,23514,VA,smellmerew@netscape.com
538,Kennith Kalinsky,7867 Sachs Lane,67205,KS,kkalinskyex@rediff.com
539,Audy Eadie,27 Village Green Junction,90076,CA,aeadieey@jalbum.net
540,Alair Faireclough,76 Katie Road,29403,SC,afairecloughez@nature.com
541,Leonelle Looby,1 Eagan Terrace,47732,IN,lloobyf0@ezinearticles.com
542,Henriette Birtwisle,7 Helena Point,77388,TX,hbirtwislef1@joomla.org
543,Darby Finlay,16586 Havey Place,73071,OK,dfinlayf2@gravatar.com
544,Englebert Wipper,131 Schiller Drive,48604,MI,ewipperf3@sohu.com
545,Maurene Tofful,9 Granby Alley,79452,TX,mtoffulf4@dyndns.org
546,Morgana Stollenbeck,498 Mifflin Plaza,88006,NM,mstollenbeckf5@so-net.ne.jp
547,Glyn Brakewell,742 Schlimgen Place,78470,TX,gbrakewellf6@go.com
548,Clarey Callar,3408 Harbort Center,10009,NY,ccallarf7@aol.com
549,Jaynell Edmans,5211 Gateway Court,80217,CO,jedmansf8@rakuten.co.jp
550,Delmore Alcott,65193 Almo Terrace,60674,IL,dalcottf9@wix.com
551,Sarajane Durber,0 Hanson Point,08695,NJ,sdurberfa@eepurl.com
552,Roley Dorset,0 Clyde Gallagher Court,21405,MD,rdorsetfb@latimes.com
553,Marcus Woloschin,31098 Dorton Alley,11205,NY,mwoloschinfc@mediafire.com
554,Briano Airth,1061 Tomscot Pass,78764,TX,bairthfd@devhub.com
555,Abran Crofthwaite,3 Oak Road,89550,NV,acrofthwaitefe@ezinearticles.com
556,Weston Frede,9776 6th Parkway,48555,MI,wfredeff@amazon.com
557,Sandie Wedlock,36664 Huxley Place,60567,IL,swedlockfg@google.pl
558,Gerianne Kelmere,4 Graceland Drive,98498,WA,gkelmerefh@amazon.com
559,Hayes Saby,7728 Fieldstone Street,75799,TX,hsabyfi@dell.com
560,Burr Lawman,2 Annamark Point,33018,FL,blawmanfj@unblog.fr
561,Titos Oakey,48363 Towne Terrace,94627,CA,toakeyfk@flavors.me
562,Carly Karlsen,30 Corben Center,45296,OH,ckarlsenfl@artisteer.com
563,Carroll Meek,391 Comanche Terrace,98042,WA,cmeekfm@1688.com
564,Kristoforo Duffill,2 Thompson Plaza,75226,TX,kduffillfn@businesswire.com
565,Terencio Diter,13 Clyde Gallagher Alley,46226,IN,tditerfo@google.it
566,Kipper Girardi,7256 Pennsylvania Pass,77493,TX,kgirardifp@canalblog.com
567,Glenn Matevosian,570 Boyd Circle,33915,FL,gmatevosianfq@accuweather.com
568,Kassandra Hickisson,13972 Hayes Lane,27409,NC,khickissonfr@goo.ne.jp
569,Engracia Prescot,91 Grayhawk Place,80044,CO,eprescotfs@arizona.edu
570,Basilius Wasmuth,04 West Court,13205,NY,bwasmuthft@thetimes.co.uk
571,Luce Scutter,12006 Ronald Regan Way,94105,CA,lscutterfu@washingtonpost.com
572,Ardyth Hemms,94547 Summer Ridge Plaza,46239,IN,ahemmsfv@umn.edu
573,Ramonda Sirl,6536 Charing Cross Street,79176,TX,rsirlfw@dedecms.com
574,Yuri Fairbridge,492 Gale Pass,34290,FL,yfairbridgefx@opera.com
575,Rodolph Worsalls,960 Monica Plaza,60624,IL,rworsallsfy@wsj.com
576,Gratiana Hayley,0 Morning Park,36205,AL,ghayleyfz@paginegialle.it
577,Christophorus Garaghan,89987 Moose Center,29605,SC,cgaraghang0@army.mil
578,Glyn Baldick,69 Corry Trail,33758,FL,gbaldickg1@omniture.com
579,Camille Arsnell,6522 Knutson Center,45271,OH,carsnellg2@lulu.com
580,Adela Joust,84 Northwestern Trail,33982,FL,ajoustg3@1688.com
581,Bobby Fairhead,469 Bartelt Crossing,25326,WV,bfairheadg4@naver.com
582,Marcella Stilly,938 Graedel Circle,98464,WA,mstillyg5@pbs.org
583,Jacki Thomelin,0 Daystar Trail,45223,OH,jthomeling6@elegantthemes.com
584,Kele Kilkenny,09 Cody Pass,33169,FL,kkilkennyg7@mapy.cz
585,Oren Sheeres,5621 Fordem Circle,90035,CA,osheeresg8@storify.com
586,Derick Ferres,129 Chive Trail,48242,MI,dferresg9@illinois.edu
587,Ingra Allday,9 Iowa Drive,20051,DC,ialldayga@archive.org
588,Erna Vallow,36 Barnett Pass,88553,TX,evallowgb@dell.com
589,Nelia Moyers,808 Oakridge Junction,66105,KS,nmoyersgc@oaic.gov.au
590,Ranice Rollings,08 Dunning Trail,73190,OK,rrollingsgd@acquirethisname.com
591,Collen Chaikovski,6252 Tomscot Crossing,91606,CA,cchaikovskige@yolasite.com
592,Rosabel Geaney,537 Lyons Lane,91210,CA,rgeaneygf@cafepress.com
593,Johann Derobert,7819 Kipling Plaza,34629,FL,jderobertgg@technorati.com
594,Humfrid Pucker,2857 Wayridge Junction,10155,NY,hpuckergh@weebly.com
595,Suzy Whetnell,81 Dexter Circle,88535,TX,swhetnellgi@xing.com
596,Gussie Zahor,0 Norway Maple Hill,67230,KS,gzahorgj@surveymonkey.com
597,Guenevere Schoffler,966 Orin Crossing,50706,IA,gschofflergk@newsvine.com
598,Bobine Hantusch,1736 Redwing Park,55572,MN,bhantuschgl@irs.gov
599,Evelyn Gullam,7 Eliot Hill,06183,CT,egullamgm@google.ru
600,Abigale Deehan,6986 Kipling Court,10170,NY,adeehangn@rediff.com
601,Kylynn Toller,0394 Gulseth Way,32835,FL,ktollergo@toplist.cz
602,Nickolai Kubista,2430 Pennsylvania Plaza,88546,TX,nkubistagp@cam.ac.uk
603,Audrie Laidler,7 Meadow Ridge Drive,98417,WA,alaidlergq@com.com
604,Skylar Matuszinski,21993 Service Point,61640,IL,smatuszinskigr@ehow.com
605,Rowland Copeland,4 Farwell Center,20883,MD,rcopelandgs@bloglines.com
606,Nettle Afield,797 Surrey Pass,97216,OR,nafieldgt@addtoany.com
607,Bendick Tolworthie,5900 Lerdahl Street,50369,IA,btolworthiegu@51.la
608,Marwin Ander,4554 Haas Avenue,30130,GA,mandergv@hugedomains.com
609,Bryana Vasyunkin,68527 Pennsylvania Terrace,60609,IL,bvasyunkingw@aboutads.info
610,Goldia Minihan,3 Moland Avenue,28405,NC,gminihangx@t-online.de
611,Elfrida Cavaney,743 Kings Crossing,90505,CA,ecavaneygy@php.net
612,Judith Gley,7426 Riverside Pass,38114,TN,jgleygz@loc.gov
613,Lexie Faldoe,5 Jenifer Lane,78465,TX,lfaldoeh0@sbwire.com
614,Ellyn Manssuer,4700 Ohio Junction,21275,MD,emanssuerh1@reuters.com
615,Vite Gillitt,1 Westend Crossing,55579,MN,vgillitth2@economist.com
616,Dorice Jenk,846 American Ash Drive,02405,MA,djenkh3@example.com
617,Terri Dunstan,1 Mallory Park,44111,OH,tdunstanh4@is.gd
618,Quentin Brownsell,9241 Macpherson Plaza,20005,DC,qbrownsellh5@hhs.gov
619,Janaye Hallex,585 Little Fleur Trail,33994,FL,jhallexh6@nasa.gov
620,Kristien Harnott,92 Kennedy Avenue,40591,KY,kharnotth7@latimes.com
621,Drucy Mc Caghan,074 Anhalt Circle,84403,UT,dmch8@photobucket.com
622,Pauly Barthelmes,4815 Mcbride Center,34629,FL,pbarthelmesh9@timesonline.co.uk
623,Alastair Coles,62217 Raven Pass,08104,NJ,acolesha@domainmarket.com
624,Sofia MacPadene,894 Daystar Avenue,33196,FL,smacpadenehb@gov.uk
625,Cosette Bayne,17041 Longview Circle,20067,DC,cbaynehc@netvibes.com
626,Gideon Gerling,94242 Straubel Road,48335,MI,ggerlinghd@techcrunch.com
627,Howard McKeney,49 Welch Road,55487,MN,hmckeneyhe@nbcnews.com
628,Morissa Hofton,76482 Nevada Point,77288,TX,mhoftonhf@phpbb.com
629,Des Sidary,8132 Mallard Hill,30610,GA,dsidaryhg@elegantthemes.com
630,Brennan Gainfort,502 Lighthouse Bay Drive,48126,MI,bgainforthh@house.gov
631,Hank Kurten,6 Express Center,06152,CT,hkurtenhi@pen.io
632,Laird Castel,2811 Susan Point,39216,MS,lcastelhj@dailymotion.com
633,Elfrida Merredy,171 Ridgeway Street,39296,MS,emerredyhk@over-blog.com
634,Meredithe Kitter,32 Anderson Court,85083,AZ,mkitterhl@ask.com
635,Hervey O'Hogertie,852 Loeprich Pass,45419,OH,hohogertiehm@usnews.com
636,Sandra Fennelow,0932 Magdeline Plaza,12227,NY,sfennelowhn@webnode.com
637,Lucina Delmonti,7347 Eagle Crest Crossing,92056,CA,ldelmontiho@themeforest.net
638,Astrid Bemment,64 Hallows Lane,95828,CA,abemmenthp@ezinearticles.com
639,Coop Upwood,47336 Novick Alley,46634,IN,cupwoodhq@jimdo.com
640,Ibbie Paunton,79119 Packers Junction,28256,NC,ipauntonhr@ifeng.com
641,Kyle Denley,8116 Schlimgen Parkway,36114,AL,kdenleyhs@last.fm
642,Emilee Alwood,0 Shopko Street,33462,FL,ealwoodht@123-reg.co.uk
643,Scot Wrigley,72106 Pankratz Pass,78405,TX,swrigleyhu@smh.com.au
644,Lorrie Imlock,72977 Tomscot Plaza,28278,NC,limlockhv@trellian.com
645,Kim Gilfether,3054 Merrick Court,66622,KS,kgilfetherhw@mapquest.com
646,Renaldo Gerram,2670 Melvin Plaza,21747,MD,rgerramhx@usatoday.com
647,Elissa Osgorby,22665 Golf Course Circle,72916,AR,eosgorbyhy@angelfire.com
648,Norbie Seed,3 Oak Valley Hill,30301,GA,nseedhz@linkedin.com
649,Tamiko Shills,759 Pond Plaza,66606,KS,tshillsi0@aboutads.info
650,Gearard Cullity,5154 Mariners Cove Court,87592,NM,gcullityi1@mediafire.com
651,Marylee McIleen,4 Kim Court,73135,OK,mmcileeni2@yelp.com
652,Flossy Coye,30078 Charing Cross Avenue,83405,ID,fcoyei3@canalblog.com
653,Lebbie Triggel,412 Russell Pass,16565,PA,ltriggeli4@google.ca
654,Emmett Ridsdell,2 Mallard Plaza,19131,PA,eridsdelli5@bluehost.com
655,Roselia Vasichev,74 Towne Center,20530,DC,rvasichevi6@chicagotribune.com
656,Almira Kitchener,25401 Coleman Crossing,24034,VA,akitcheneri7@addthis.com
657,Remy Semechik,38256 Shelley Terrace,90831,CA,rsemechiki8@latimes.com
658,Pepi De Dantesie,994 Division Alley,61614,IL,pdei9@wix.com
659,Alexis Chesshire,8 Brown Lane,80920,CO,achesshireia@imageshack.us
660,Almeria Alleyn,8 Sutherland Avenue,36610,AL,aalleynib@tripadvisor.com
661,Fiona Rouchy,80241 Bluestem Way,90847,CA,frouchyic@answers.com
662,Susette Pearsall,58 Melrose Street,06533,CT,spearsallid@fc2.com
663,Pennie Monnelly,419 Monica Plaza,45807,OH,pmonnellyie@indiatimes.com
664,Dorie Helbeck,7 Monica Alley,75221,TX,dhelbeckif@home.pl
665,Pernell Syplus,15139 Bultman Place,49018,MI,psyplusig@1688.com
666,Katusha Howle,0 Kings Pass,94605,CA,khowleih@so-net.ne.jp
667,Henrieta Shrawley,78 Golf View Circle,72199,AR,hshrawleyii@wordpress.org
668,Charlena Van Zon,00 Mariners Cove Street,30610,GA,cvanij@a8.net
669,Donni Vermer,48055 New Castle Drive,33963,FL,dvermerik@bluehost.com
670,Nappie Mitchall,27203 Holy Cross Pass,53277,WI,nmitchallil@creativecommons.org
671,Leilah Gaylard,7870 Vahlen Point,20244,DC,lgaylardim@elpais.com
672,Brianna Dobbie,18303 Daystar Hill,61629,IL,bdobbiein@1688.com
673,Maxim Kryska,683 Columbus Trail,43226,OH,mkryskaio@guardian.co.uk
674,Ines Krysztofiak,1 Corben Street,60657,IL,ikrysztofiakip@ft.com
675,Odele Cammacke,9 Elka Court,75392,TX,ocammackeiq@reuters.com
676,Wanda Andrewartha,39 Schlimgen Way,84152,UT,wandrewarthair@nationalgeographic.com
677,Isabella Roizin,4975 Oriole Circle,92640,CA,iroizinis@seattletimes.com
678,Fredrika Truitt,43 Redwing Terrace,70183,LA,ftruittit@virginia.edu
679,Loren Leifer,1 5th Circle,14225,NY,lleiferiu@facebook.com
680,Curry Line,1 Talisman Street,23605,VA,clineiv@hao123.com
681,Chic Faichney,1915 Amoth Terrace,90840,CA,cfaichneyiw@webmd.com
682,Rosco Dallander,5 Reindahl Crossing,14263,NY,rdallanderix@cbsnews.com
683,Marnia Verling,7818 Holy Cross Center,48267,MI,mverlingiy@unblog.fr
684,Caryl Routledge,2355 Petterle Park,87592,NM,croutledgeiz@mac.com
685,Rebeca Fontelles,2 Anzinger Trail,78215,TX,rfontellesj0@netvibes.com
686,Ase Djuricic,1 Mockingbird Park,20580,DC,adjuricicj1@indiegogo.com
687,Kassey Crennell,090 Ridge Oak Hill,98042,WA,kcrennellj2@networksolutions.com
688,Igor Ludlem,198 Hoard Drive,64179,MO,iludlemj3@google.de
689,Tabina Cobby,8 South Street,11247,NY,tcobbyj4@purevolume.com
690,Sherwood Crighton,551 Esker Drive,80945,CO,scrightonj5@nifty.com
691,Elmer Gwyneth,70 Hudson Lane,13505,NY,egwynethj6@census.gov
692,Jonathan Pheby,17 Boyd Parkway,45264,OH,jphebyj7@narod.ru
693,Clarey Chivers,6 Hansons Plaza,77080,TX,cchiversj8@ow.ly
694,Camile Gripton,093 Arizona Drive,50330,IA,cgriptonj9@gnu.org
695,Smitty Philler,1 Spenser Street,75397,TX,sphillerja@typepad.com
696,Donelle Avery,59706 Gerald Place,90847,CA,daveryjb@yandex.ru
697,Cello Brittan,8 Lindbergh Park,28314,NC,cbrittanjc@bloglovin.com
698,Helga Diment,7 Mallory Road,55565,MN,hdimentjd@yelp.com
699,Fitzgerald McCully,1 Little Fleur Trail,29215,SC,fmccullyje@comcast.net
700,Garrott Ginley,27 Swallow Court,91210,CA,gginleyjf@4shared.com
701,Gavrielle Key,3 Grover Point,67236,KS,gkeyjg@discuz.net
702,Philip Jakuszewski,80299 Center Avenue,90020,CA,pjakuszewskijh@yelp.com
703,Maryl Pattinson,4711 Badeau Center,93399,CA,mpattinsonji@delicious.com
704,Rollins Bartosek,299 Melby Avenue,95405,CA,rbartosekjj@cbslocal.com
705,Jamima Melato,82967 Emmet Point,78255,TX,jmelatojk@aboutads.info
706,Kathy Crowne,34659 Dottie Pass,60669,IL,kcrownejl@miitbeian.gov.cn
707,Amerigo Farrans,55 Bluejay Hill,17605,PA,afarransjm@twitpic.com
708,Brandon Bangiard,45 Waxwing Road,98682,WA,bbangiardjn@mapquest.com
709,Rockwell Ferrarini,3386 Schlimgen Park,46295,IN,rferrarinijo@ftc.gov
710,Pearline Tarbet,67181 Vernon Lane,79118,TX,ptarbetjp@alexa.com
711,Alejandro Skeels,599 Annamark Lane,01152,MA,askeelsjq@sakura.ne.jp
712,Rocky Askell,305 Pennsylvania Avenue,19725,DE,raskelljr@unblog.fr
713,Allan Redding,8320 Dovetail Trail,44710,OH,areddingjs@shutterfly.com
714,Mariana Kersaw,96 Hayes Park,75507,TX,mkersawjt@shop-pro.jp
715,Reynolds Grieveson,23 Morrow Place,20546,DC,rgrievesonju@cloudflare.com
716,Matty Renhard,3648 Cordelia Terrace,95138,CA,mrenhardjv@berkeley.edu
717,Fletch Gabey,272 Southridge Lane,61629,IL,fgabeyjw@sourceforge.net
718,Lian Tschierse,10 1st Point,38119,TN,ltschiersejx@dmoz.org
719,Rachael Bissex,09 Eagan Terrace,32825,FL,rbissexjy@archive.org
720,Ellynn Kringe,96433 Meadow Valley Way,94660,CA,ekringejz@unblog.fr
721,Dilly Antic,71136 Mitchell Circle,99215,WA,dantick0@usatoday.com
722,Diandra Petrescu,5775 Lerdahl Plaza,48126,MI,dpetrescuk1@home.pl
723,Carmine McVicar,575 Brentwood Plaza,45999,OH,cmcvicark2@jimdo.com
724,Brandy Woolfitt,9832 Mcbride Court,02453,MA,bwoolfittk3@tmall.com
725,Hermia Biddles,78 Spaight Pass,36109,AL,hbiddlesk4@prnewswire.com
726,Arnold Longega,9869 Monica Drive,37250,TN,alongegak5@hubpages.com
727,Rhett Croster,67 Merrick Parkway,72204,AR,rcrosterk6@wsj.com
728,Leia Hallgate,36176 Debs Hill,48670,MI,lhallgatek7@fema.gov
729,Jase Hulles,056 Florence Crossing,60078,IL,jhullesk8@people.com.cn
730,Derrik Thunnercliffe,2 Sachtjen Court,76598,TX,dthunnercliffek9@so-net.ne.jp
731,Renault Nelthropp,8499 Hovde Place,45218,OH,rnelthroppka@tamu.edu
732,Euell Carletti,91 Leroy Plaza,44315,OH,ecarlettikb@slashdot.org
733,York Whitty,85835 Stoughton Pass,75372,TX,ywhittykc@furl.net
734,Lek Barrass,544 Northwestern Center,72905,AR,lbarrasskd@icq.com
735,Allistir Wittey,2 Harper Hill,91125,CA,awitteyke@dedecms.com
736,Livvie Rocks,5 Roxbury Junction,38136,TN,lrockskf@ocn.ne.jp
737,Fredelia Imbrey,4 Northview Court,20073,DC,fimbreykg@taobao.com
738,Margi De Beauchamp,1 Evergreen Parkway,98104,WA,mdekh@friendfeed.com
739,Annora Craw,7 North Junction,93740,CA,acrawki@gov.uk
740,Gillian MacFaell,8701 Marcy Crossing,28284,NC,gmacfaellkj@shop-pro.jp
741,Jereme Crummie,938 Utah Hill,64136,MO,jcrummiekk@imgur.com
742,Philippine Earwaker,34 Crowley Plaza,40256,KY,pearwakerkl@sbwire.com
743,Christoforo Bouldon,15595 Pankratz Alley,10459,NY,cbouldonkm@eepurl.com
744,Sherill MacKnight,1 Sage Terrace,23436,VA,smacknightkn@businesswire.com
745,Sheri Maystone,9 Upham Court,83722,ID,smaystoneko@ask.com
746,Loreen Milsap,6316 Haas Way,22184,VA,lmilsapkp@networkadvertising.org
747,Ernaline Eadon,399 Stang Circle,94544,CA,eeadonkq@un.org
748,Garwin Shoesmith,266 Acker Trail,24024,VA,gshoesmithkr@creativecommons.org
749,Zara Toderi,6523 Mcguire Court,81005,CO,ztoderiks@samsung.com
750,Maiga Gwyneth,7570 Grayhawk Street,34205,FL,mgwynethkt@wikispaces.com
751,Olga Joron,73461 Chinook Plaza,31422,GA,ojoronku@forbes.com
752,Linnie Swanne,420 Transport Trail,33625,FL,lswannekv@google.ru
753,Jeannine Kittles,3388 Paget Center,83716,ID,jkittleskw@cnn.com
754,Jammie Winfield,6706 Derek Way,83727,ID,jwinfieldkx@livejournal.com
755,Elie Toynbee,3 Vernon Plaza,76305,TX,etoynbeeky@over-blog.com
756,Martainn Trangmar,7 5th Hill,36195,AL,mtrangmarkz@barnesandnoble.com
757,Lissy Gammell,39584 Longview Alley,78278,TX,lgammelll0@simplemachines.org
758,Archibaldo Pheazey,388 Express Alley,16534,PA,apheazeyl1@mac.com
759,Germain Chadband,1045 Graedel Junction,97201,OR,gchadbandl2@moonfruit.com
760,Carlye Montilla,2 Clemons Junction,79116,TX,cmontillal3@wisc.edu
761,Naomi Sturgess,5922 Bashford Court,55166,MN,nsturgessl4@blinklist.com
762,Desi Brimham,293 South Plaza,38131,TN,dbrimhaml5@nymag.com
763,Robinet Revan,24 Eastlawn Place,81005,CO,rrevanl6@bluehost.com
764,Jeanie Dachey,23328 Mayer Junction,48211,MI,jdacheyl7@guardian.co.uk
765,Gavan Casari,4958 Menomonie Junction,93305,CA,gcasaril8@hao123.com
766,Ardenia Davidzon,406 Tennyson Alley,90398,CA,adavidzonl9@godaddy.com
767,Olga Vicar,21407 Washington Plaza,93591,CA,ovicarla@google.ru
768,Blinny Bigley,44271 Fairview Terrace,70005,LA,bbigleylb@myspace.com
769,Patty Pittham,76 Columbus Pass,23293,VA,ppitthamlc@instagram.com
770,Marlene Eberdt,118 Graedel Alley,75260,TX,meberdtld@jugem.jp
771,Caresse O'Heaney,4632 Eagle Crest Crossing,34114,FL,coheaneyle@homestead.com
772,Henri Synnot,53 Maple Crossing,02119,MA,hsynnotlf@histats.com
773,Nolie Scotchmoor,0 Bayside Way,76711,TX,nscotchmoorlg@omniture.com
774,Shanie Glisenan,03 Rigney Place,55123,MN,sglisenanlh@answers.com
775,Barnett Harsant,37224 Warbler Alley,31998,GA,bharsantli@cocolog-nifty.com
776,Cinderella Sogg,3884 Twin Pines Lane,84605,UT,csogglj@bing.com
777,Hanni Davana,3404 Johnson Hill,97206,OR,hdavanalk@dyndns.org
778,Jasmina Wilmington,0351 Fairfield Lane,84403,UT,jwilmingtonll@163.com
779,Huey Bwye,46501 Iowa Hill,98121,WA,hbwyelm@wordpress.org
780,Arvin Presslie,4029 Susan Junction,19892,DE,apresslieln@house.gov
781,Myrlene Coomer,50127 Vahlen Parkway,33141,FL,mcoomerlo@lulu.com
782,Lorant Gwillyam,023 Mesta Circle,45208,OH,lgwillyamlp@techcrunch.com
783,Alexis Filan,0 Emmet Point,40293,KY,afilanlq@loc.gov
784,Rich Jarley,020 Towne Junction,23272,VA,rjarleylr@over-blog.com
785,Heriberto Capsey,05 Hansons Drive,20397,DC,hcapseyls@psu.edu
786,Christabella Treuge,16 Schiller Alley,96815,HI,ctreugelt@nationalgeographic.com
787,Randene Speir,25 Green Ridge Street,07112,NJ,rspeirlu@arizona.edu
788,Verne Itter,8 Mosinee Park,66286,KS,vitterlv@usnews.com
789,Andrei Grossier,86 Laurel Avenue,77346,TX,agrossierlw@miitbeian.gov.cn
790,Salvidor Coupman,91313 Farragut Trail,33305,FL,scoupmanlx@google.co.jp
791,Kassia Duesbury,2779 Coleman Terrace,11407,NY,kduesburyly@theguardian.com
792,Franny Tottem,7 Artisan Lane,41905,KY,ftottemlz@loc.gov
793,Saw Gynne,97448 Hayes Court,79977,TX,sgynnem0@163.com
794,Damon Wesson,786 Butterfield Circle,20067,DC,dwessonm1@wisc.edu
795,Jo Dearlove,1486 Village Place,20210,DC,jdearlovem2@prweb.com
796,Keri Rodwell,9 High Crossing Avenue,02458,MA,krodwellm3@netscape.com
797,Forster MacAirt,3686 Mosinee Lane,34210,FL,fmacairtm4@slate.com
798,Wally Alekseev,533 Vahlen Point,61635,IL,walekseevm5@devhub.com
799,Costa Snook,8599 Almo Place,34114,FL,csnookm6@economist.com
800,Claire Johnigan,49 Erie Crossing,36195,AL,cjohniganm7@columbia.edu
801,Alexina Levay,6 Aberg Pass,85035,AZ,alevaym8@twitter.com
802,Lydon Baudic,616 Commercial Street,20719,MD,lbaudicm9@prweb.com
803,Ignace Jerratsch,22537 Spenser Trail,85754,AZ,ijerratschma@ox.ac.uk
804,Lilah Stanford,255 Shasta Plaza,08922,NJ,lstanfordmb@reddit.com
805,Obadias Shitliffe,84 Forest Pass,15261,PA,oshitliffemc@cbslocal.com
806,Selie Segrave,394 Loomis Street,32314,FL,ssegravemd@storify.com
807,Matthieu Tutton,24 Stoughton Street,30061,GA,mtuttonme@chronoengine.com
808,Teddy Osler,1010 Farragut Way,34605,FL,toslermf@nsw.gov.au
809,Adelle Trevethan,141 Maple Wood Junction,46406,IN,atrevethanmg@yellowpages.com
810,Leigh Jerrams,2 Golden Leaf Circle,06726,CT,ljerramsmh@google.co.jp
811,Milli Fer,3012 Portage Parkway,44191,OH,mfermi@ucoz.com
812,Roselin Ower,85879 Fairview Crossing,23208,VA,rowermj@elpais.com
813,Carter Feldman,6263 Talisman Pass,77299,TX,cfeldmanmk@naver.com
814,Cy Quainton,3951 Nevada Road,75216,TX,cquaintonml@squarespace.com
815,Kikelia Ragg,0 Arizona Center,89166,NV,kraggmm@salon.com
816,Clarette Yuryshev,674 Lighthouse Bay Circle,75231,TX,cyuryshevmn@squarespace.com
817,Cherlyn McGarel,329 American Parkway,60619,IL,cmcgarelmo@yellowbook.com
818,Reena Santus,2440 Homewood Hill,33075,FL,rsantusmp@chicagotribune.com
819,Cody Boundy,588 Westerfield Way,33694,FL,cboundymq@ezinearticles.com
820,Eula Watts,9 Elka Junction,37924,TN,ewattsmr@php.net
821,Samuel Flooks,4801 Carberry Way,75265,TX,sflooksms@eventbrite.com
822,Laraine Liggens,52 Village Way,27717,NC,lliggensmt@symantec.com
823,Alecia Smitham,7 Farragut Way,95833,CA,asmithammu@nymag.com
824,Morgana Daborn,2134 Truax Terrace,60657,IL,mdabornmv@example.com
825,Kristy Wilbor,72 Bultman Plaza,93591,CA,kwilbormw@joomla.org
826,Alexei Brixey,0 Gulseth Street,88584,TX,abrixeymx@altervista.org
827,Selma Willey,596 Katie Trail,91328,CA,swilleymy@topsy.com
828,Benn Wisby,0 Hudson Crossing,66699,KS,bwisbymz@reddit.com
829,Milli Gronno,133 Birchwood Point,68144,NE,mgronnon0@youtu.be
830,Aluin Bothams,25093 Donald Terrace,85297,AZ,abothamsn1@woothemes.com
831,Jephthah Eglin,52 Jana Pass,39216,MS,jeglinn2@pbs.org
832,Sumner Wooff,1 Shelley Road,63143,MO,swooffn3@sbwire.com
833,Gertrude Risman,9382 Division Pass,95205,CA,grismann4@umich.edu
834,Helli Alban,30033 Hudson Way,19810,DE,halbann5@blogs.com
835,Jacinthe Gebhard,419 Union Center,53790,WI,jgebhardn6@cnbc.com
836,Carlo Cawkill,1 Shasta Alley,44310,OH,ccawkilln7@mysql.com
837,Marline Fance,97159 Mallard Hill,70820,LA,mfancen8@networksolutions.com
838,Peria Le Marchant,83 Warbler Point,22205,VA,plen9@dailymail.co.uk
839,Cassondra Robillard,9200 Jenna Pass,32813,FL,crobillardna@nifty.com
840,Stacy Meriot,4 Northview Lane,22096,VA,smeriotnb@blogger.com
841,Oneida Barnish,3699 Katie Pass,33175,FL,obarnishnc@technorati.com
842,Donall Cadle,323 Melby Street,60691,IL,dcadlend@phpbb.com
843,Nanny Brandon,01869 Loomis Parkway,75379,TX,nbrandonne@yellowbook.com
844,Jennee Eilhertsen,331 Coleman Circle,32891,FL,jeilhertsennf@omniture.com
845,Alfy Shier,94592 Village Street,06726,CT,ashierng@geocities.jp
846,Benedick Prickett,8523 Buena Vista Street,70836,LA,bprickettnh@dell.com
847,Selena Corson,46959 Rockefeller Place,20566,DC,scorsonni@goo.gl
848,Lucais Beszant,8 Bobwhite Hill,20430,DC,lbeszantnj@mysql.com
849,Elissa Waslin,8 Prairie Rose Pass,88546,TX,ewaslinnk@abc.net.au
850,Ringo Klambt,445 Darwin Alley,80920,CO,rklambtnl@toplist.cz
851,Heidie Forcade,160 Pennsylvania Road,46805,IN,hforcadenm@tuttocitta.it
852,Matthus Lomasny,115 Muir Avenue,10090,NY,mlomasnynn@1688.com
853,Christean Feacham,93170 Tennessee Crossing,10469,NY,cfeachamno@ycombinator.com
854,Gaelan Heighton,18 Fulton Circle,55579,MN,gheightonnp@nyu.edu
855,Sonya Abramcik,78498 Banding Place,28263,NC,sabramciknq@nasa.gov
856,Adelheid Magill,5 Jana Drive,90101,CA,amagillnr@privacy.gov.au
857,Wald Murcott,987 Schlimgen Terrace,79923,TX,wmurcottns@a8.net
858,Egor Kirvin,2 Onsgard Pass,20016,DC,ekirvinnt@webeden.co.uk
859,Ingra Leven,503 Pleasure Hill,45470,OH,ilevennu@princeton.edu
860,Edithe Langston,0 Oneill Hill,20167,VA,elangstonnv@buzzfeed.com
861,Henriette Dadge,97 Elgar Court,85053,AZ,hdadgenw@indiatimes.com
862,Wolfie Rudgley,78236 Old Gate Terrace,07208,NJ,wrudgleynx@gravatar.com
863,Kaleb Rispine,4505 Portage Road,75387,TX,krispineny@unblog.fr
864,Bastian Dafydd,4781 Oak Valley Park,90410,CA,bdafyddnz@bing.com
865,Moira Brixham,85 Vera Avenue,95894,CA,mbrixhamo0@blogger.com
866,Ki Swateridge,04689 Troy Drive,68517,NE,kswateridgeo1@shutterfly.com
867,Carlina Bleesing,198 Del Sol Terrace,71105,LA,cbleesingo2@yolasite.com
868,Davida Calterone,1947 Messerschmidt Pass,95123,CA,dcalteroneo3@ibm.com
869,Cindie Minker,62134 Badeau Center,10275,NY,cminkero4@senate.gov
870,Alys Tackell,425 Springview Hill,70183,LA,atackello5@sitemeter.com
871,Marley Devany,7868 Brickson Park Way,48295,MI,mdevanyo6@blinklist.com
872,Devlen Edgin,88633 Melvin Parkway,19120,PA,dedgino7@howstuffworks.com
873,Ag Chillistone,58961 Memorial Junction,36616,AL,achillistoneo8@elpais.com
874,Pierre Gouldeby,498 Stoughton Lane,79405,TX,pgouldebyo9@ted.com
875,Derby Preedy,49836 Roth Court,98158,WA,dpreedyoa@dagondesign.com
876,Blondell Cammidge,77 Messerschmidt Circle,93106,CA,bcammidgeob@businessinsider.com
877,Zitella Sheaber,87 Amoth Plaza,95173,CA,zsheaberoc@ning.com
878,Cicely Reck,8 Spaight Trail,30386,GA,creckod@uol.com.br
879,Adriano Cunniff,759 8th Avenue,83732,ID,acunniffoe@yale.edu
880,Stephanus Wressell,14145 East Junction,99220,WA,swressellof@vk.com
881,Yance Henniger,31 Buhler Crossing,79955,TX,yhennigerog@microsoft.com
882,Cicily Axtonne,172 Di Loreto Lane,85005,AZ,caxtonneoh@theglobeandmail.com
883,Ignacius Beeson,66946 Eggendart Trail,78235,TX,ibeesonoi@usda.gov
884,Wilhelmina Duddle,94890 Paget Way,10260,NY,wduddleoj@toplist.cz
885,Malva MacVay,004 Victoria Avenue,02119,MA,mmacvayok@slate.com
886,Gilburt Hartil,212 Division Park,14646,NY,ghartilol@smugmug.com
887,Maxy Bill,232 Oak Valley Crossing,22156,VA,mbillom@ebay.com
888,Bryn Chaloner,5391 Swallow Alley,89155,NV,bchaloneron@netvibes.com
889,Alex Kestian,6 Sycamore Circle,75205,TX,akestianoo@php.net
890,Ferris Rousby,07328 Hollow Ridge Drive,94089,CA,frousbyop@yandex.ru
891,Jeni Lound,60346 Eastlawn Terrace,90060,CA,jloundoq@mozilla.com
892,Adda Breem,668 Acker Way,56398,MN,abreemor@vkontakte.ru
893,Mar Iwanowicz,65808 Thompson Hill,85053,AZ,miwanowiczos@g.co
894,Gladys Viccars,2956 Sherman Junction,85720,AZ,gviccarsot@rediff.com
895,Kyrstin Scuse,1030 Arrowood Circle,98042,WA,kscuseou@hud.gov
896,Raquela Limrick,1713 Harper Center,33023,FL,rlimrickov@dropbox.com
897,Cicely Mattholie,1 Sachtjen Road,62764,IL,cmattholieow@ibm.com
898,Freedman Duchart,90 Drewry Alley,78215,TX,fduchartox@home.pl
899,Sadie Dumingos,7463 Cambridge Road,91499,CA,sdumingosoy@unblog.fr
900,Kira Pickerill,66 Blue Bill Park Junction,31605,GA,kpickerilloz@icq.com
901,Pavel Francey,11 Clarendon Terrace,43666,OH,pfranceyp0@360.cn
902,Tailor Galey,5 Bunting Parkway,63121,MO,tgaleyp1@google.co.uk
903,Candie Karpe,1 Moose Terrace,53405,WI,ckarpep2@house.gov
904,Zed Antonnikov,1 Hanover Plaza,79188,TX,zantonnikovp3@gov.uk
905,Jemima Wippermann,93 Thierer Hill,19131,PA,jwippermannp4@geocities.com
906,Sela Darrigoe,8 Butterfield Drive,20226,DC,sdarrigoep5@hexun.com
907,Berny Valiant,9115 Morningstar Junction,28215,NC,bvaliantp6@theguardian.com
908,Chrysa Rubinow,6024 Clove Point,70174,LA,crubinowp7@phoca.cz
909,Reagan Kentish,921 Erie Alley,85215,AZ,rkentishp8@slate.com
910,Martha Lecointe,90 Green Center,95823,CA,mlecointep9@simplemachines.org
911,Adela MacDougal,4790 Trailsway Park,93311,CA,amacdougalpa@google.nl
912,Carroll Aberdein,94 Homewood Pass,79928,TX,caberdeinpb@seattletimes.com
913,Aldric Domm,58 Surrey Trail,06120,CT,adommpc@zdnet.com
914,Grethel Pevsner,8 Bartillon Court,20442,DC,gpevsnerpd@army.mil
915,Jeannie Sanger,174 Evergreen Pass,90015,CA,jsangerpe@cdc.gov
916,Bradford Dimbleby,81 Dakota Road,78759,TX,bdimblebypf@spiegel.de
917,Kirsteni Culshaw,31 Mitchell Lane,02163,MA,kculshawpg@reverbnation.com
918,Kare Jewster,4 Moulton Center,02142,MA,kjewsterph@behance.net
919,Ty Mabbott,86 Michigan Hill,64082,MO,tmabbottpi@mac.com
920,Prince Medeway,48192 Leroy Parkway,40287,KY,pmedewaypj@umich.edu
921,Randi Boys,618 Homewood Road,72199,AR,rboyspk@va.gov
922,Frasier Northgraves,75023 Birchwood Hill,23203,VA,fnorthgravespl@dagondesign.com
923,Nicky Sherringham,3 Corry Circle,12255,NY,nsherringhampm@cyberchimps.com
924,Jackqueline Gooderidge,21926 Tony Terrace,74116,OK,jgooderidgepn@google.nl
925,Bjorn Parke,343 Welch Way,76310,TX,bparkepo@gizmodo.com
926,Jarib Simnett,28 Hoffman Alley,97221,OR,jsimnettpp@myspace.com
927,Leonidas Musla,9 Namekagon Parkway,47306,IN,lmuslapq@webs.com
928,Earl Kleinberer,5 Dahle Way,77705,TX,ekleinbererpr@disqus.com
929,Colline Grinikhinov,65996 David Street,40250,KY,cgrinikhinovps@hp.com
930,Pier Kidman,085 Delaware Court,29411,SC,pkidmanpt@comsenz.com
931,Cyndia Boddis,0130 West Hill,17126,PA,cboddispu@google.ca
932,Tybalt Bartlomiejczyk,23 Marquette Parkway,14220,NY,tbartlomiejczykpv@yellowbook.com
933,Amalle Relfe,0811 Randy Drive,85311,AZ,arelfepw@ustream.tv
934,Bartolemo MacCheyne,8 Sunbrook Way,16510,PA,bmaccheynepx@aol.com
935,Etty Petrovykh,400 Harper Parkway,55564,MN,epetrovykhpy@printfriendly.com
936,Layney Phipard-Shears,71 Scoville Lane,55115,MN,lphipardshearspz@pen.io
937,Romonda Janaszewski,3 Wayridge Way,98133,WA,rjanaszewskiq0@fastcompany.com
938,Emory O' Neligan,99 Novick Point,32830,FL,eoq1@163.com
939,Kalila Courtese,5 Lighthouse Bay Crossing,88584,TX,kcourteseq2@spotify.com
940,Katy Johnsey,76 Atwood Street,20918,MD,kjohnseyq3@home.pl
941,Chrissie Aucock,4646 Johnson Trail,66617,KS,caucockq4@theglobeandmail.com
942,Jamey Tyne,988 Arapahoe Terrace,21282,MD,jtyneq5@dagondesign.com
943,Nadean Kilmartin,36 Duke Park,06912,CT,nkilmartinq6@sitemeter.com
944,Bord Dady,2157 Lyons Point,78245,TX,bdadyq7@dot.gov
945,Margarita Gotthard.sf,2380 Pawling Park,75387,TX,mgotthardsfq8@gov.uk
946,Kariotta Tuppeny,35064 Hoepker Hill,60697,IL,ktuppenyq9@shinystat.com
947,Nicko Dorney,9 Corscot Street,79916,TX,ndorneyqa@flickr.com
948,Miles Toke,3636 Tomscot Hill,93407,CA,mtokeqb@economist.com
949,Hugibert Fearnsides,7 Prentice Avenue,85710,AZ,hfearnsidesqc@phoca.cz
950,Freda Uccelli,4340 Memorial Road,28299,NC,fuccelliqd@google.co.uk
951,Nicky Tee,1872 Monument Crossing,92812,CA,nteeqe@bizjournals.com
952,Peyter Baverstock,925 Lakeland Parkway,23454,VA,pbaverstockqf@nps.gov
953,Eugenia Olivetta,43 Manley Place,88589,TX,eolivettaqg@usda.gov
954,Cullie Echalie,5 Basil Plaza,33153,FL,cechalieqh@so-net.ne.jp
955,Talbot Pottinger,7 1st Terrace,33499,FL,tpottingerqi@ibm.com
956,Cherie Joysey,91 Independence Parkway,46207,IN,cjoyseyqj@netvibes.com
957,Davita Powling,385 Mesta Avenue,92648,CA,dpowlingqk@cocolog-nifty.com
958,Lottie Moylane,9047 Oakridge Street,54313,WI,lmoylaneql@dion.ne.jp
959,Leeanne Asgodby,28394 Division Court,78726,TX,lasgodbyqm@networkadvertising.org
960,Carlo Aberhart,053 Ludington Road,20205,DC,caberhartqn@mit.edu
961,Tallulah Scadding,67964 Bartillon Park,39505,MS,tscaddingqo@vkontakte.ru
962,Sanford Clynman,9 Golf Course Avenue,27635,NC,sclynmanqp@nps.gov
963,Anjela Hartlebury,25 Sherman Avenue,90015,CA,ahartleburyqq@indiatimes.com
964,Barrie Gentsch,74403 Bowman Pass,34276,FL,bgentschqr@umich.edu
965,Berny Penquet,72 Elgar Trail,80920,CO,bpenquetqs@icio.us
966,Gertruda Marzelo,6 Lillian Terrace,92705,CA,gmarzeloqt@hp.com
967,Nanon Sudran,2065 Harbort Street,53263,WI,nsudranqu@oaic.gov.au
968,Eadmund Lander,50 Morning Pass,77260,TX,elanderqv@nymag.com
969,Letti Quantick,65892 Northwestern Crossing,76192,TX,lquantickqw@360.cn
970,Calvin Stockwell,001 Laurel Trail,98140,WA,cstockwellqx@theatlantic.com
971,Appolonia Mulrean,00032 Dorton Pass,34620,FL,amulreanqy@tmall.com
972,Stacie Delahunty,34427 School Court,11054,NY,sdelahuntyqz@loc.gov
973,Mathilde Amner,52452 Raven Way,20851,MD,mamnerr0@behance.net
974,Jacky Dixey,5036 Service Point,79405,TX,jdixeyr1@wired.com
975,Mariel Reddoch,4 Grim Junction,30245,GA,mreddochr2@who.int
976,Cece Morrad,78 Oneill Point,39236,MS,cmorradr3@about.me
977,Monique Lempel,71867 6th Crossing,98417,WA,mlempelr4@netvibes.com
978,Adelle Gyurko,2062 Caliangt Drive,20851,MD,agyurkor5@yolasite.com
979,Bennett Trowl,58 Debs Park,95973,CA,btrowlr6@umich.edu
980,Lurette Bridal,4483 Roxbury Crossing,27150,NC,lbridalr7@imdb.com
981,Florian Hair,9013 Northland Terrace,55805,MN,fhairr8@pcworld.com
982,Marni Turtle,8510 Lotheville Junction,07522,NJ,mturtler9@diigo.com
983,Mathian Westoll,296 Warner Avenue,16505,PA,mwestollra@dyndns.org
984,Harlen Templman,67 Haas Road,83711,ID,htemplmanrb@cargocollective.com
985,Coletta Yonnie,7557 Oak Valley Junction,32244,FL,cyonnierc@abc.net.au
986,Derrick Cinavas,1616 Forster Parkway,01129,MA,dcinavasrd@histats.com
987,Drucy Wind,58590 Village Point,99709,AK,dwindre@google.de
988,Florette Hughill,722 Cody Park,52405,IA,fhughillrf@cpanel.net
989,Carmela Brenard,195 Packers Plaza,02124,MA,cbrenardrg@seesaa.net
990,Wallis Brosini,2 Glendale Drive,39705,MS,wbrosinirh@angelfire.com
991,Vincenz Goldsberry,3253 Caliangt Trail,89125,NV,vgoldsberryri@angelfire.com
992,Esme Surgeon,21160 Hallows Drive,47134,IN,esurgeonrj@devhub.com
993,Fredek Witherup,3 Hansons Alley,32236,FL,fwitheruprk@acquirethisname.com
994,Tarah Cabane,019 Forest Dale Hill,88006,NM,tcabanerl@washingtonpost.com
995,Nanete Mackrell,2108 Dryden Terrace,89140,NV,nmackrellrm@forbes.com
996,Vanessa Brookes,9 Barnett Crossing,22036,VA,vbrookesrn@hhs.gov
997,Cynthie Feild,3 3rd Plaza,53263,WI,cfeildro@clickbank.net
998,Kayle Shepley,861 Grasskamp Park,94605,CA,kshepleyrp@sitemeter.com
999,Kenneth Brinkler,676 South Street,06510,CT,kbrinklerrq@topsy.com
1000,Elsie Banister,3 Esker Plaza,70607,LA,ebanisterrr@webeden.co.uk
