id,name,address,zipcode,state,email
1,Barbabra Overy,758 Claremont Parkway,79905,TX,bovery0@shareasale.com
2,Virginia McTerrelly,5741 Dwight Street,30301,GA,vmcterrelly1@ustream.tv
3,Letta Treanor,60665 Park Meadow Road,32969,FL,ltreanor2@marketwatch.com
4,Kassie Castagna,50100 Sheridan Lane,44315,OH,kcastagna3@kickstarter.com
5,Pooh Ixer,0429 Village Green Center,97296,OR,pixer4@nhs.uk
6,Rozelle Garaway,97 Vidon Road,73190,OK,rgaraway5@amazonaws.com
7,Christa Zavittieri,109 Butternut Avenue,02114,MA,czavittieri6@domainmarket.com
8,Orv Bontine,5366 Jackson Trail,27705,NC,obontine7@privacy.gov.au
9,Cindy Malam,76139 Annamark Center,43605,OH,cmalam8@springer.com
10,Janey Fleetham,161 Pierstorff Pass,60351,IL,jfleetham9@odnoklassniki.ru
11,Arman Ayliffe,19 Laurel Alley,98907,WA,aayliffea@fda.gov
12,Francklin Clackson,63805 Farwell Trail,78749,TX,fclacksonb@hatena.ne.jp
13,Arlen Roze,7708 Schurz Crossing,29416,SC,arozec@intel.com
14,Artemus Matteotti,14603 Upham Alley,37250,TN,amatteottid@fastcompany.com
15,Durward Normanville,0239 Hoepker Junction,70826,LA,dnormanvillee@technorati.com
16,Clive Shevels,46 Ryan Lane,45426,OH,cshevelsf@miibeian.gov.cn
17,Devland Absolon,8001 Russell Circle,75372,TX,dabsolong@telegraph.co.uk
18,Delphine Gorghetto,4 Lakewood Gardens Drive,35405,AL,dgorghettoh@networksolutions.com
19,Rosalyn Pain,60943 Blue Bill Park Point,78410,TX,rpaini@mysql.com
20,Timothy Fairpool,5 Golf Course Street,22234,VA,tfairpoolj@soundcloud.com
21,Ethe Arnoult,24 Kinsman Point,94627,CA,earnoultk@wunderground.com
22,Rodrique Jordeson,4309 Reinke Way,97271,OR,rjordesonl@gizmodo.com
23,Murray Deex,325 Golf Circle,30045,GA,mdeexm@w3.org
24,Devondra Burry,8 Longview Drive,38119,TN,dburryn@reverbnation.com
25,Herc de Merida,98089 Everett Terrace,76198,TX,hdeo@ebay.co.uk
26,Nicolle Simons,5650 Garrison Avenue,12237,NY,nsimonsp@scientificamerican.com
27,Brandon Enrietto,58 Corben Street,70124,LA,benriettoq@dell.com
28,Harley Burchall,53 Maple Wood Point,20425,DC,hburchallr@vkontakte.ru
29,Lock Calkin,19085 Warner Pass,40205,KY,lcalkins@npr.org
30,Ingelbert Tickel,0861 Lillian Trail,20409,DC,itickelt@pbs.org
31,Willa Priver,2572 Eastlawn Terrace,17622,PA,wpriveru@topsy.com
32,Charlean Stolte,558 Kipling Junction,84403,UT,cstoltev@cargocollective.com
33,Annabal Niesel,1 Namekagon Pass,07305,NJ,anieselw@yahoo.co.jp
34,Babb Inott,90 Barnett Avenue,95133,CA,binottx@google.de
35,Parry Giordano,3 Myrtle Avenue,12325,NY,pgiordanoy@google.nl
36,Skyler Castagnaro,15595 Tony Street,45228,OH,scastagnaroz@wsj.com
37,Janeta Binestead,76 Blackbird Trail,34474,FL,jbinestead10@mlb.com
38,Dev Vettore,3734 Pierstorff Crossing,34114,FL,dvettore11@mozilla.com
39,Malinde Joder,7 Sunfield Lane,16510,PA,mjoder12@nature.com
40,Hewett Jeste,55 American Ash Pass,60669,IL,hjeste13@opensource.org
41,Thayne Atyeo,8 Debra Road,45254,OH,tatyeo14@delicious.com
42,Wain Burge,07 Kropf Point,89160,NV,wburge15@rambler.ru
43,Eveline Webland,62201 Summit Road,61110,IL,ewebland16@booking.com
44,Beatriz Lewing,77323 Stephen Court,90305,CA,blewing17@newsvine.com
45,Penny Cissen,84954 Vidon Hill,32520,FL,pcissen18@nationalgeographic.com
46,Bengt Gerling,85890 Farragut Street,62723,IL,bgerling19@blinklist.com
47,Mickie Haines,0 Norway Maple Lane,60609,IL,mhaines1a@delicious.com
48,Cammie Stallard,38870 Mcguire Alley,27110,NC,cstallard1b@sitemeter.com
49,Englebert Matejka,95 Grasskamp Hill,35815,AL,ematejka1c@skyrock.com
50,Melania Dosdill,5043 Steensland Crossing,95138,CA,mdosdill1d@a8.net
51,Jesse Aronstam,1 Welch Drive,76711,TX,jaronstam1e@wsj.com
52,Piggy Duncombe,9 Lakeland Circle,93094,CA,pduncombe1f@va.gov
53,Selie Twycross,383 Browning Place,75260,TX,stwycross1g@taobao.com
54,Sharl Robertazzi,66596 Iowa Point,06816,CT,srobertazzi1h@google.co.jp
55,Kyle Felstead,76 Vahlen Center,80241,CO,kfelstead1i@meetup.com
56,Jaquelyn Yerrington,1 Old Gate Parkway,46634,IN,jyerrington1j@hibu.com
57,Ruby Bachnic,44068 Mitchell Park,23504,VA,rbachnic1k@purevolume.com
58,Leonardo Dolan,3 Buhler Point,93750,CA,ldolan1l@oakley.com
59,Libbi Ungerer,027 Trailsway Drive,01654,MA,lungerer1m@unesco.org
60,Jonah Oake,5100 Russell Lane,92115,CA,joake1n@netlog.com
61,Phyllis Bazeley,125 Warner Parkway,33963,FL,pbazeley1o@noaa.gov
62,Kellen Norvell,950 Springview Way,53205,WI,knorvell1p@trellian.com
63,Clarisse Lown,937 Oak Valley Alley,27610,NC,clown1q@creativecommons.org
64,Lorianna Fletcher,62165 Marquette Street,76198,TX,lfletcher1r@photobucket.com
65,Jeniffer McGowing,76880 Caliangt Drive,92844,CA,jmcgowing1s@squidoo.com
66,Darin Farquhar,63155 American Center,20709,MD,dfarquhar1t@comcast.net
67,Joelly Domelow,89 Grasskamp Lane,77095,TX,jdomelow1u@answers.com
68,Sergeant Meekings,90933 Kropf Way,35215,AL,smeekings1v@amazon.de
69,Glendon Labusch,05327 Rigney Crossing,37405,TN,glabusch1w@thetimes.co.uk
70,Aldridge Dibnah,32402 Commercial Court,37210,TN,adibnah1x@mtv.com
71,Maribeth Madge,81 Packers Drive,93311,CA,mmadge1y@bloomberg.com
72,Jenilee McGilroy,09 Lien Street,90040,CA,jmcgilroy1z@webnode.com
73,Letta Cotsford,87659 Dovetail Terrace,20414,DC,lcotsford20@twitter.com
74,Cristie Buxey,59 Vernon Junction,94273,CA,cbuxey21@sakura.ne.jp
75,Neil Shires,439 Stang Way,10292,NY,nshires22@omniture.com
76,Geoffry Geale,87 Golf Course Pass,84093,UT,ggeale23@prnewswire.com
77,Riccardo Ivanichev,49039 Summerview Way,30092,GA,rivanichev24@yellowpages.com
78,Field Leavey,1091 Lukken Center,33625,FL,fleavey25@xing.com
79,Bessie Giacobazzi,6068 Superior Lane,77030,TX,bgiacobazzi26@nasa.gov
80,Cookie Aslott,17 Green Ridge Alley,62794,IL,caslott27@surveymonkey.com
81,Brion Mathwen,50 Alpine Parkway,20530,DC,bmathwen28@liveinternet.ru
82,Gillie Cicconettii,87 Caliangt Alley,80905,CO,gcicconettii29@netlog.com
83,Beaufort Van Castele,1 Elmside Road,98481,WA,bvan2a@sciencedaily.com
84,Freddy Kleynen,3 Talmadge Place,37220,TN,fkleynen2b@studiopress.com
85,Bastien Hurlin,02866 Rutledge Parkway,33164,FL,bhurlin2c@dell.com
86,Stafani Romero,78083 Sachtjen Lane,74156,OK,sromero2d@webnode.com
87,Bancroft Kilbey,793 Mendota Avenue,80255,CO,bkilbey2e@macromedia.com
88,Malinde McGillivray,27596 Kipling Court,77020,TX,mmcgillivray2f@microsoft.com
89,Nancee Banbrigge,64511 Derek Pass,47306,IN,nbanbrigge2g@usatoday.com
90,Sonnie Bentham3,71289 Ryan Pass,35487,AL,sbentham2h@imdb.com
91,Murial Harnor,3203 Declaration Drive,75799,TX,mharnor2i@statcounter.com
92,Leonidas Lowndes,2 Dahle Hill,44130,OH,llowndes2j@webmd.com
93,Melosa Maryott,92 Lillian Hill,54305,WI,mmaryott2k@ezinearticles.com
94,Vittoria Hallums,843 Center Place,29610,SC,vhallums2l@blinklist.com
95,Kiri Brownbill,33 Pierstorff Crossing,98682,WA,kbrownbill2m@globo.com
96,Ruthie Burnsyde,2 Debs Drive,84110,UT,rburnsyde2n@printfriendly.com
97,Lorri Baudet,300 Macpherson Alley,92662,CA,lbaudet2o@cnet.com
98,Lenette Thornhill,4809 Arrowood Circle,33129,FL,lthornhill2p@livejournal.com
99,Marley Orwell,0689 East Center,30323,GA,morwell2q@typepad.com
100,Royal Budget,029 Arkansas Avenue,39534,MS,rbudget2r@technorati.com
101,Gaven Stienham,88 Buena Vista Circle,94616,CA,gstienham2s@howstuffworks.com
102,Ladonna Lindblad,7676 Eggendart Center,06533,CT,llindblad2t@phoca.cz
103,Dagny Mor,8 Russell Circle,45490,OH,dmor2u@youtube.com
104,Chancey Gatus,7929 Jenifer Center,55412,MN,cgatus2v@constantcontact.com
105,Gale Freire,4 Tennyson Lane,87121,NM,gfreire2w@netlog.com
106,Dud Marjanovic,62 Bobwhite Parkway,59806,MT,dmarjanovic2x@myspace.com
107,Eula Dewes,8 Hayes Drive,78789,TX,edewes2y@admin.ch
108,Lila Greally,1243 Aberg Pass,55188,MN,lgreally2z@wiley.com
109,Dotty Gummow,701 Eliot Road,78759,TX,dgummow30@columbia.edu
110,Yuma Pestricke,4657 Schlimgen Point,44720,OH,ypestricke31@ox.ac.uk
111,Berri Tawton,12756 Lunder Street,96810,HI,btawton32@sciencedirect.com
112,Skippy Scandroot,123 Hazelcrest Lane,10459,NY,sscandroot33@networksolutions.com
113,Tess Farbrace,198 Leroy Trail,55127,MN,tfarbrace34@rediff.com
114,Bev Cromblehome,3 David Junction,32526,FL,bcromblehome35@nba.com
115,Kirbee Walak,2523 Golf Circle,64125,MO,kwalak36@bigcartel.com
116,Emmi Richardsson,0 Manitowish Junction,44315,OH,erichardsson37@1688.com
117,Nada Verryan,941 Pierstorff Trail,36109,AL,nverryan38@cbc.ca
118,Marleah Scholes,62 Sutherland Center,32244,FL,mscholes39@ifeng.com
119,Consolata Botha,6 American Lane,76505,TX,cbotha3a@theguardian.com
120,Eloisa Belcher,4 West Center,48912,MI,ebelcher3b@cpanel.net
121,Nico Bergen,065 Erie Plaza,25313,WV,nbergen3c@furl.net
122,Manny Senett,388 Dexter Court,61651,IL,msenett3d@e-recht24.de
123,Heindrick Greener,43614 Eagle Crest Pass,33315,FL,hgreener3e@eepurl.com
124,Trescha Kynoch,18 Londonderry Trail,17140,PA,tkynoch3f@goo.ne.jp
125,Benton Commin,2367 Blackbird Lane,19610,PA,bcommin3g@artisteer.com
126,Roxana Craft,331 Pond Court,33355,FL,rcraft3h@mit.edu
127,Jody Bench,95695 Hanover Pass,20029,DC,jbench3i@google.ca
128,Emlynne Cuffe,2 Eastwood Lane,90040,CA,ecuffe3j@un.org
129,Nathan Dregan,3 Carpenter Street,79699,TX,ndregan3k@salon.com
130,Moises Kensit,26 Macpherson Plaza,75074,TX,mkensit3l@mtv.com
131,Bernie Beckmann,7 Fulton Avenue,59105,MT,bbeckmann3m@census.gov
132,Rodina Rainon,57 Declaration Avenue,70179,LA,rrainon3n@geocities.com
133,Blane Chart,1 Monterey Lane,88558,TX,bchart3o@mac.com
134,Catha Vasovic,73 Mallory Hill,76598,TX,cvasovic3p@arstechnica.com
135,Wandis Lemoir,37 Warner Center,48295,MI,wlemoir3q@ted.com
136,Celestina Dickon,6245 Eliot Way,29505,SC,cdickon3r@tuttocitta.it
137,Ody Amer,99577 High Crossing Alley,64082,MO,oamer3s@cafepress.com
138,Elysee Wallege,553 Columbus Junction,78255,TX,ewallege3t@mapy.cz
139,Willy Philipeau,9600 Merry Point,50369,IA,wphilipeau3u@unicef.org
140,Edee Dolman,987 Merry Place,28210,NC,edolman3v@tinyurl.com
141,Calley Sked,37 Bashford Park,31296,GA,csked3w@godaddy.com
142,Kellia Allin,772 Lillian Place,94132,CA,kallin3x@ustream.tv
143,Gussy Semiras,66 Summerview Road,37240,TN,gsemiras3y@t.co
144,Ealasaid Grzegorczyk,7454 Bonner Center,78205,TX,egrzegorczyk3z@vkontakte.ru
145,Dara Fardo,32 Mifflin Park,79923,TX,dfardo40@exblog.jp
146,Yankee Rayner,2 Dottie Crossing,33233,FL,yrayner41@twitpic.com
147,Job Dodridge,31 Hallows Parkway,31422,GA,jdodridge42@toplist.cz
148,Vere Coombe,94 Cottonwood Avenue,75049,TX,vcoombe43@unicef.org
149,Zola Colton,33746 Canary Alley,90810,CA,zcolton44@vkontakte.ru
150,Celestyna Measom,2538 Browning Avenue,10115,NY,cmeasom45@ycombinator.com
151,Scarlett Murford,60 Harper Court,83705,ID,smurford46@intel.com
152,Harri Jordon,613 Rusk Street,33972,FL,hjordon47@cafepress.com
153,Jeromy Mathiasen,25 Fallview Plaza,32236,FL,jmathiasen48@bizjournals.com
154,Dene Boyall,895 Clemons Hill,06538,CT,dboyall49@tinypic.com
155,Eustace Opy,33986 Stephen Junction,94975,CA,eopy4a@friendfeed.com
156,Garrard Kerrey,96953 School Plaza,02453,MA,gkerrey4b@merriam-webster.com
157,Sidonia Ciobutaro,59 Saint Paul Crossing,55114,MN,sciobutaro4c@youku.com
158,Egan Junkison,31 Trailsway Center,33169,FL,ejunkison4d@plala.or.jp
159,Justen Calderon,7014 Esker Court,89145,NV,jcalderon4e@latimes.com
160,Sara Lewsley,226 Cherokee Park,95405,CA,slewsley4f@slashdot.org
161,Erika Turneaux,86165 Badeau Junction,44393,OH,eturneaux4g@hexun.com
162,Bartolemo Zammitt,38 Caliangt Parkway,20851,MD,bzammitt4h@hud.gov
163,Lizbeth Lorent,7887 Texas Street,33543,FL,llorent4i@t.co
164,Prisca Denk,0 Melody Trail,66160,KS,pdenk4j@webs.com
165,Zilvia Kenewell,841 Basil Street,10019,NY,zkenewell4k@telegraph.co.uk
166,Janene Hallin,53703 Autumn Leaf Point,88535,TX,jhallin4l@diigo.com
167,Mireielle Edwardes,85 Amoth Road,20540,DC,medwardes4m@de.vu
168,Dewain Grimsley,1 Vernon Crossing,33185,FL,dgrimsley4n@icq.com
169,Alyson De Ruggero,11824 Shopko Place,11205,NY,ade4o@japanpost.jp
170,Sherwin Daintry,1393 Lien Court,88589,TX,sdaintry4p@merriam-webster.com
171,Sandy Biggs,8915 Larry Drive,75710,TX,sbiggs4q@hhs.gov
172,Harbert Rossoni,7 Gina Center,87115,NM,hrossoni4r@desdev.cn
173,Drugi O'Bradden,0915 8th Lane,85246,AZ,dobradden4s@hostgator.com
174,Colin Andreix,598 Cody Avenue,95813,CA,candreix4t@nifty.com
175,Hazel Conville,695 Sycamore Parkway,75185,TX,hconville4u@opensource.org
176,Hunt Clipston,18196 Hazelcrest Crossing,80525,CO,hclipston4v@alibaba.com
177,Cornie Teulier,9067 Lawn Drive,50315,IA,cteulier4w@microsoft.com
178,Skell Brennon,350 Prairieview Pass,48211,MI,sbrennon4x@flickr.com
179,Tiff Emtage,58 Basil Way,93786,CA,temtage4y@wikipedia.org
180,Darcy Knuckles,47 Prairieview Court,11044,NY,dknuckles4z@hexun.com
181,Guthrie Rizzo,2 Pennsylvania Place,77493,TX,grizzo50@irs.gov
182,Mikol Chipping,5445 Independence Court,89105,NV,mchipping51@blogtalkradio.com
183,Kathryn O'Lunny,94 Surrey Place,64199,MO,kolunny52@businessweek.com
184,Donnie Wandrack,02495 Arizona Drive,22212,VA,dwandrack53@boston.com
185,Avery Menendez,9709 Clove Junction,14215,NY,amenendez54@wikispaces.com
186,Onfre Loynton,695 Dennis Circle,66622,KS,oloynton55@lulu.com
187,Floria Battany,3 Lindbergh Center,98498,WA,fbattany56@intel.com
188,Coleman Chaucer,64 Hooker Pass,06854,CT,cchaucer57@biglobe.ne.jp
189,Gino Simonnet,772 Londonderry Street,67236,KS,gsimonnet58@yelp.com
190,Orlan Corteney,74099 Schmedeman Trail,75185,TX,ocorteney59@shop-pro.jp
191,Gert Koene,9351 Derek Court,94105,CA,gkoene5a@tripadvisor.com
192,Harri Bagehot,0 Truax Avenue,46226,IN,hbagehot5b@icq.com
193,Steffie Aubery,39 Merchant Way,20566,DC,saubery5c@utexas.edu
194,Mohandis Bodycote,273 Thierer Point,52245,IA,mbodycote5d@studiopress.com
195,Eugen Allans,6 Melody Drive,76129,TX,eallans5e@businessweek.com
196,Robbyn Seif,76327 Ronald Regan Circle,98498,WA,rseif5f@nydailynews.com
197,Griff Camelli,6 Menomonie Trail,20409,DC,gcamelli5g@flavors.me
198,Lucille Jorczyk,0881 Prairieview Terrace,93750,CA,ljorczyk5h@macromedia.com
199,Karlotte Royl,9027 Nobel Street,24029,VA,kroyl5i@narod.ru
200,Odille Holdin,92690 Graceland Center,40293,KY,oholdin5j@narod.ru
201,Ashley Pittway,015 Shelley Road,98417,WA,apittway5k@technorati.com
202,Kayla Frift,14 Oakridge Center,39204,MS,kfrift5l@nps.gov
203,Frasquito Mariot,18 Blackbird Court,60681,IL,fmariot5m@whitehouse.gov
204,Jae Hearst,47 Summer Ridge Court,30130,GA,jhearst5n@feedburner.com
205,Ranice Crabb,5388 Prairieview Point,89178,NV,rcrabb5o@upenn.edu
206,Camila Norvell,23293 Barnett Drive,65110,MO,cnorvell5p@discovery.com
207,Jo-anne Blackwood,0 Fallview Avenue,20380,DC,jblackwood5q@purevolume.com
208,Gena Harm,5239 Jana Crossing,13251,NY,gharm5r@usgs.gov
209,Arny Trouel,45644 Gina Center,33325,FL,atrouel5s@usa.gov
210,Sidney Griffen,4 Mendota Pass,57193,SD,sgriffen5t@walmart.com
211,Eziechiele Paskins,3419 Delladonna Crossing,95833,CA,epaskins5u@printfriendly.com
212,Paula Conklin,76 Main Pass,90310,CA,pconklin5v@spotify.com
213,Maribeth Ginley,6821 South Road,60614,IL,mginley5w@cocolog-nifty.com
214,Parnell Cattach,0494 Bunker Hill Way,80638,CO,pcattach5x@hp.com
215,Ellette Wadlow,87 8th Avenue,60657,IL,ewadlow5y@comsenz.com
216,Rebecca Sargint,92 Sunfield Parkway,73119,OK,rsargint5z@surveymonkey.com
217,Kermie Arnaldy,77687 Clove Street,63110,MO,karnaldy60@xrea.com
218,Tammy Kimmons,0113 Scott Street,99205,WA,tkimmons61@bluehost.com
219,Phil Everix,2 2nd Alley,85305,AZ,peverix62@wsj.com
220,Sarene Mylan,7122 Valley Edge Center,33064,FL,smylan63@paginegialle.it
221,Winny Rubinlicht,3228 Starling Trail,77055,TX,wrubinlicht64@topsy.com
222,Bronson Dengate,5250 Tennyson Pass,60674,IL,bdengate65@amazon.de
223,Jessamyn Shawcroft,46292 Montana Plaza,99812,AK,jshawcroft66@symantec.com
224,Currie Fordham,827 Cody Junction,15286,PA,cfordham67@sciencedirect.com
225,Aleen Dener,3575 Harper Junction,27409,NC,adener68@e-recht24.de
226,Toby Rooms,466 Armistice Alley,14205,NY,trooms69@telegraph.co.uk
227,Yorker Timbridge,936 Waxwing Point,77388,TX,ytimbridge6a@myspace.com
228,Lorie Demaine,4677 Burrows Road,90610,CA,ldemaine6b@icio.us
229,Darb Nunson,700 Rockefeller Crossing,88574,TX,dnunson6c@geocities.com
230,Free Lancastle,29 Monument Parkway,14210,NY,flancastle6d@domainmarket.com
231,Gianni Abramcik,30 Kedzie Terrace,06160,CT,gabramcik6e@usda.gov
232,Edith Lakeman,484 Rockefeller Circle,79405,TX,elakeman6f@arizona.edu
233,Lacie Halwell,82886 Westridge Lane,12262,NY,lhalwell6g@skyrock.com
234,Petr Lowdeane,6904 Ridgeview Trail,99522,AK,plowdeane6h@yellowpages.com
235,Timoteo Haysham,28816 Rowland Alley,02162,MA,thaysham6i@t.co
236,Jonie Gainor,63 Prairie Rose Court,02905,RI,jgainor6j@github.io
237,Salem Iacofo,6 Buhler Parkway,70894,LA,siacofo6k@auda.org.au
238,Jaime Westphal,4 Service Alley,66699,KS,jwestphal6l@loc.gov
239,Jerrie Jancey,97428 Kennedy Crossing,02472,MA,jjancey6m@nationalgeographic.com
240,Marya Bordes,82 Hagan Avenue,33325,FL,mbordes6n@psu.edu
241,Moses Mogford,487 Clove Street,98506,WA,mmogford6o@bloglovin.com
242,Stormy Willimott,4256 Milwaukee Park,66210,KS,swillimott6p@squidoo.com
243,Marcela Surmeir,5 Bartillon Hill,49505,MI,msurmeir6q@fema.gov
244,Audry Kirkbright,12 Ludington Park,02905,RI,akirkbright6r@geocities.com
245,Fallon Houlden,22528 Reinke Way,28225,NC,fhoulden6s@shutterfly.com
246,Theodor Pocknell,91301 High Crossing Way,85205,AZ,tpocknell6t@baidu.com
247,Ambur Hamstead,62 Luster Crossing,77015,TX,ahamstead6u@netlog.com
248,Averil Steanson,2018 Merchant Court,31914,GA,asteanson6v@loc.gov
249,Brady Hum,03430 Union Trail,21290,MD,bhum6w@acquirethisname.com
250,Sybilla Learoyd,164 Logan Park,93778,CA,slearoyd6x@i2i.jp
251,Giacopo Vizor,8 Melody Crossing,91199,CA,gvizor6y@mac.com
252,Desmond Bartocci,4687 Haas Avenue,36616,AL,dbartocci6z@mayoclinic.com
253,Issy Cisec,74 Cherokee Court,77025,TX,icisec70@eventbrite.com
254,Rena Moodie,09 Buhler Park,64082,MO,rmoodie71@yellowpages.com
255,Kaylil Tourne,53 Drewry Way,52804,IA,ktourne72@boston.com
256,Carlye O Sullivan,15547 South Place,55805,MN,co73@posterous.com
257,Dru Alloway,12 Mockingbird Center,95219,CA,dalloway74@constantcontact.com
258,Jerad Tunna,88645 West Terrace,20268,DC,jtunna75@harvard.edu
259,Mar Tankard,98 Miller Crossing,61825,IL,mtankard76@devhub.com
260,Stavro Stambridge,6 Anderson Pass,95219,CA,sstambridge77@dropbox.com
261,Fidelio Antao,467 Riverside Drive,13251,NY,fantao78@amazon.de
262,Alfy Bremmer,8480 Dwight Junction,55108,MN,abremmer79@cmu.edu
263,Danya Wombwell,86220 Fieldstone Road,70142,LA,dwombwell7a@360.cn
264,Annalise Deener,487 Nova Center,34642,FL,adeener7b@patch.com
265,Thornton Devil,32355 Reinke Crossing,14905,NY,tdevil7c@typepad.com
266,Fons Midgley,2534 Commercial Avenue,70607,LA,fmidgley7d@reverbnation.com
267,Sheelagh Hyndman,03 Monica Lane,21239,MD,shyndman7e@stumbleupon.com
268,Misty Poad,8 Red Cloud Way,20436,DC,mpoad7f@moonfruit.com
269,Normie Cobbin,076 Cottonwood Hill,64142,MO,ncobbin7g@whitehouse.gov
270,Xaviera Radbone,7 Basil Pass,38181,TN,xradbone7h@patch.com
271,Lisetta Carek,327 5th Parkway,78405,TX,lcarek7i@usda.gov
272,Arleen Finlater,5860 Moulton Court,85067,AZ,afinlater7j@latimes.com
273,Barton Breche,4 Fisk Alley,94522,CA,bbreche7k@patch.com
274,Pepi Moscone,401 Elka Road,98185,WA,pmoscone7l@seattletimes.com
275,Doralynne Squirrell,487 Rusk Trail,40618,KY,dsquirrell7m@house.gov
276,Cristy Veschambre,00276 Gateway Road,07544,NJ,cveschambre7n@sogou.com
277,Tammie Chevins,7 Kenwood Street,55108,MN,tchevins7o@opensource.org
278,Nonnah Iacavone,65 Division Alley,23203,VA,niacavone7p@baidu.com
279,Hobard Reveland,147 Comanche Drive,22234,VA,hreveland7q@alibaba.com
280,Kevan Spurgeon,37 Elgar Parkway,20540,DC,kspurgeon7r@answers.com
281,Jenn Juszczak,7 Oak Road,85062,AZ,jjuszczak7s@omniture.com
282,Friederike Coatman,35 Almo Plaza,85072,AZ,fcoatman7t@artisteer.com
283,Kyle Tull,5625 Kings Center,87201,NM,ktull7u@cnn.com
284,Eran Hawkridge,2 Jackson Avenue,60669,IL,ehawkridge7v@guardian.co.uk
285,Clark Sidon,2 Montana Drive,93750,CA,csidon7w@constantcontact.com
286,Rubi Ivins,38 Karstens Circle,71914,AR,rivins7x@upenn.edu
287,Meggy Callar,050 Lotheville Lane,20226,DC,mcallar7y@patch.com
288,Ilsa Demann,46 Menomonie Way,16107,PA,idemann7z@sphinn.com
289,Kassandra Quincee,9 Graedel Drive,78240,TX,kquincee80@angelfire.com
290,Carolan De Gregorio,4 Luster Drive,72215,AR,cde81@ca.gov
291,Matthieu Kinlock,66392 Tennessee Center,38150,TN,mkinlock82@topsy.com
292,Karyn MacMoyer,213 Vernon Terrace,43220,OH,kmacmoyer83@patch.com
293,Maggie Chasson,98848 Ronald Regan Center,28055,NC,mchasson84@friendfeed.com
294,Jeralee Nursey,596 Rigney Drive,80299,CO,jnursey85@amazon.com
295,Colman Gong,2 Westerfield Alley,37924,TN,cgong86@salon.com
296,Hernando Collaton,730 Bowman Street,17121,PA,hcollaton87@devhub.com
297,Giles Arundale,3122 Riverside Way,62723,IL,garundale88@youtube.com
298,Martica Wessel,55 Huxley Trail,85743,AZ,mwessel89@va.gov
299,Brana Brocklebank,8875 Summit Drive,94712,CA,bbrocklebank8a@sina.com.cn
300,Idalia Marie,7 Dunning Center,20062,DC,imarie8b@netscape.com
301,Whitaker O'Gormley,44616 Charing Cross Hill,94616,CA,wogormley8c@nydailynews.com
302,Allina Duval,5 Bunker Hill Center,77386,TX,aduval8d@myspace.com
303,Haroun Berriball,34 Beilfuss Place,77015,TX,hberriball8e@yelp.com
304,Ferguson Woollends,2635 Cody Circle,29625,SC,fwoollends8f@wired.com
305,Gaby Holmyard,088 Veith Road,06105,CT,gholmyard8g@cisco.com
306,Falkner Sirett,1 Ludington Plaza,94154,CA,fsirett8h@prnewswire.com
307,Leeann Loblie,26962 Heffernan Way,66667,KS,lloblie8i@ifeng.com
308,Chickie Billsberry,024 Northridge Center,88530,TX,cbillsberry8j@opensource.org
309,Lavina Formilli,69 Mayer Pass,34276,FL,lformilli8k@who.int
310,Sheeree Garrettson,2382 Morningstar Crossing,20226,DC,sgarrettson8l@globo.com
311,Sherye Izakof,3475 Vermont Center,45249,OH,sizakof8m@google.it
312,Kelley Lipman,965 Dexter Place,20210,DC,klipman8n@timesonline.co.uk
313,Stavros Farn,80 Harper Point,79945,TX,sfarn8o@t-online.de
314,Ede Brisco,58 Lakeland Street,80243,CO,ebrisco8p@bloglines.com
315,Zuzana Moff,73784 Cordelia Road,97271,OR,zmoff8q@people.com.cn
316,Bel Screen,57 Columbus Trail,45470,OH,bscreen8r@infoseek.co.jp
317,Farlay Pleasants,572 Loftsgordon Avenue,60078,IL,fpleasants8s@theglobeandmail.com
318,Karlens Syphus,301 Rutledge Court,90055,CA,ksyphus8t@phpbb.com
319,Amye Buchanan,625 Westridge Circle,75342,TX,abuchanan8u@wunderground.com
320,Opalina Annis,4528 Londonderry Street,16565,PA,oannis8v@tiny.cc
321,Inge Chellenham,5 Southridge Hill,90094,CA,ichellenham8w@zdnet.com
322,Lilly Knill,52 Sugar Plaza,95894,CA,lknill8x@newsvine.com
323,Caron Ferrarin,251 Main Terrace,80243,CO,cferrarin8y@scientificamerican.com
324,Sly Misselbrook,6 Cascade Circle,33405,FL,smisselbrook8z@bbc.co.uk
325,Erinna Lilian,02284 Bluestem Center,98008,WA,elilian90@archive.org
326,Annnora Carous,0 Fairview Hill,35895,AL,acarous91@omniture.com
327,Cordi Howling,910 Lillian Parkway,45490,OH,chowling92@quantcast.com
328,Francoise Trematick,0 Donald Pass,90847,CA,ftrematick93@deviantart.com
329,Fabio Boik,252 Eastwood Alley,49048,MI,fboik94@webnode.com
330,Francois Firth,1555 International Crossing,44720,OH,ffirth95@fc2.com
331,Alair Garber,6 Jenifer Street,28220,NC,agarber96@cargocollective.com
332,Dwain Island,0 Crescent Oaks Street,43635,OH,disland97@vinaora.com
333,Jenda Yewdell,64908 Merrick Center,85035,AZ,jyewdell98@webs.com
334,Prentiss Boleyn,71976 Bluestem Avenue,33111,FL,pboleyn99@time.com
335,Jennee Rimes,7277 Sommers Court,88569,TX,jrimes9a@sohu.com
336,Rosaleen Syphus,7 Green Ridge Pass,21281,MD,rsyphus9b@state.tx.us
337,Ellary Moylane,040 Hermina Plaza,55108,MN,emoylane9c@cnn.com
338,Hamel McKean,1388 Anniversary Center,97312,OR,hmckean9d@domainmarket.com
339,Bengt Vernalls,5482 Dennis Crossing,10305,NY,bvernalls9e@g.co
340,Kirsten Basset,48830 Judy Junction,98405,WA,kbasset9f@parallels.com
341,Pryce Scannell,9 Monica Way,28805,NC,pscannell9g@infoseek.co.jp
342,Allsun Ingilson,5563 Portage Drive,78410,TX,aingilson9h@geocities.jp
343,Marlon Lewton,0 Village Green Alley,20719,MD,mlewton9i@imgur.com
344,Latrena Jorioz,1810 Sundown Drive,45426,OH,ljorioz9j@zdnet.com
345,Nissa Cham,689 Service Junction,80915,CO,ncham9k@com.com
346,Lorry Milsom,39 Waubesa Road,55423,MN,lmilsom9l@flickr.com
347,Kimmi Antal,89 Myrtle Terrace,46207,IN,kantal9m@psu.edu
348,Claudina d'Escoffier,46280 Claremont Park,88569,TX,cdescoffier9n@etsy.com
349,Rafi Copyn,4 Rutledge Terrace,61640,IL,rcopyn9o@delicious.com
350,Daryl Keilloh,42 Sheridan Parkway,27116,NC,dkeilloh9p@mit.edu
351,Jarrod Gurnee,823 Hagan Way,10105,NY,jgurnee9q@ebay.co.uk
352,Jaime Shellshear,8 Rutledge Way,91411,CA,jshellshear9r@telegraph.co.uk
353,Jervis Karlicek,92173 Petterle Way,24020,VA,jkarlicek9s@ucoz.ru
354,Clarie Pilgrim,0083 Packers Avenue,89135,NV,cpilgrim9t@whitehouse.gov
355,Julina Berthelmot,9226 Artisan Road,93399,CA,jberthelmot9u@com.com
356,Richmond Cammish,6904 Continental Center,60691,IL,rcammish9v@plala.or.jp
357,Roch Dimond,526 Annamark Place,88525,TX,rdimond9w@shop-pro.jp
358,Wendie Yurukhin,30144 Onsgard Place,77070,TX,wyurukhin9x@tinypic.com
359,Kerwin Micah,26 Summer Ridge Park,20719,MD,kmicah9y@sourceforge.net
360,Hildagard Masdon,448 Nova Road,95160,CA,hmasdon9z@cnbc.com
361,Jayme Wesgate,881 Comanche Road,33421,FL,jwesgatea0@homestead.com
362,Bibi Sedwick,3932 Darwin Drive,20540,DC,bsedwicka1@sfgate.com
363,Wayland Schlagh,010 Declaration Way,80126,CO,wschlagha2@statcounter.com
364,Fitz Eltone,3826 Meadow Vale Park,38143,TN,feltonea3@google.it
365,Junette Nichols,13 Larry Alley,55572,MN,jnicholsa4@shutterfly.com
366,Ernie Eytel,796 Farmco Junction,10029,NY,eeytela5@google.co.uk
367,Pammy Moorcraft,57519 8th Center,75387,TX,pmoorcrafta6@tamu.edu
368,Drusi Deaves,7 Tennyson Street,80204,CO,ddeavesa7@foxnews.com
369,Dorian Robichon,28606 Maple Wood Center,19172,PA,drobichona8@google.pl
370,Martainn Haslewood,51 Killdeer Place,20918,MD,mhaslewooda9@yellowpages.com
371,Ailina Mor,40668 Karstens Terrace,98115,WA,amoraa@utexas.edu
372,Geralda Lagen,67 Everett Court,33906,FL,glagenab@miibeian.gov.cn
373,Ardelle Falconer,876 Erie Road,27710,NC,afalconerac@miibeian.gov.cn
374,Riane Burbridge,5829 Grim Center,58122,ND,rburbridgead@diigo.com
375,Jeri Kenningham,35 Onsgard Terrace,34479,FL,jkenninghamae@nytimes.com
376,Meghan Kent,86581 Warbler Street,48107,MI,mkentaf@hexun.com
377,Jerrine Battey,2915 Northland Alley,66667,KS,jbatteyag@census.gov
378,Dedie Daine,234 Merrick Trail,37410,TN,ddaineah@aol.com
379,Petronia Slimon,2 Prairieview Plaza,83722,ID,pslimonai@amazonaws.com
380,Thebault Eede,2180 Fairview Crossing,59105,MT,teedeaj@oracle.com
381,Milli Weepers,1886 Westridge Road,50393,IA,mweepersak@com.com
382,Adan Dunge,2 Springview Crossing,48919,MI,adungeal@hibu.com
383,Tammi Simondson,201 John Wall Park,92612,CA,tsimondsonam@bravesites.com
384,Northrop Christley,926 Sutherland Center,67236,KS,nchristleyan@t.co
385,Gabriele Showl,73518 Mayfield Alley,35487,AL,gshowlao@chronoengine.com
386,Agathe Andree,2 Harper Center,23663,VA,aandreeap@t-online.de
387,Guntar Kaley,71757 Almo Terrace,85715,AZ,gkaleyaq@wired.com
388,Lise Worstall,4 Coleman Trail,75310,TX,lworstallar@economist.com
389,Hobey Sommerland,985 Ronald Regan Parkway,32885,FL,hsommerlandas@uol.com.br
390,Theresa Attewill,979 Crowley Road,20189,VA,tattewillat@wunderground.com
391,Verile Prydie,58 Rusk Street,71166,LA,vprydieau@usa.gov
392,Penelope Fish,85 East Center,20380,DC,pfishav@github.io
393,Theresita Varfolomeev,1533 Corscot Circle,29220,SC,tvarfolomeevaw@nasa.gov
394,Susan Jewiss,3 Colorado Crossing,34238,FL,sjewissax@hao123.com
395,Rockey Acutt,580 Jenna Lane,91797,CA,racuttay@ft.com
396,Theresita Riba,5 Warner Terrace,28815,NC,tribaaz@zdnet.com
397,Xerxes Foulger,56 Mcbride Park,33963,FL,xfoulgerb0@webeden.co.uk
398,Cassondra Mickleborough,8605 Northland Place,48335,MI,cmickleboroughb1@ft.com
399,Edyth Reinmar,15362 Sundown Way,47732,IN,ereinmarb2@freewebs.com
400,Antoinette Jiggens,87 Hauk Alley,78764,TX,ajiggensb3@yahoo.com
401,Hedwig Bouchard,31 Crownhardt Parkway,32304,FL,hbouchardb4@bluehost.com
402,Bord Hillin,302 Comanche Way,70883,LA,bhillinb5@istockphoto.com
403,Cordell Graal,3 Annamark Parkway,32868,FL,cgraalb6@miitbeian.gov.cn
404,Trenna O'Cosgra,94914 Goodland Terrace,78470,TX,tocosgrab7@harvard.edu
405,Kerrill Siviour,49962 Stang Court,88514,TX,ksiviourb8@aol.com
406,Humfried Boobier,5 Sherman Court,34276,FL,hboobierb9@yelp.com
407,Marlon Rosenshine,7 Longview Lane,64125,MO,mrosenshineba@gnu.org
408,Etta Marlow,6 Blue Bill Park Place,33673,FL,emarlowbb@java.com
409,Nanni Ghilks,51 International Lane,16522,PA,nghilksbc@usgs.gov
410,Bentlee Gladyer,7 Thackeray Trail,94611,CA,bgladyerbd@list-manage.com
411,Sherwynd Arter,84440 Fremont Way,64142,MO,sarterbe@blogtalkradio.com
412,Lodovico Tubby,0909 Tony Court,66220,KS,ltubbybf@jugem.jp
413,Trent Bretherton,31 Debra Junction,44105,OH,tbrethertonbg@google.com.au
414,Chaunce Coalbran,06 Homewood Point,60646,IL,ccoalbranbh@google.com.au
415,Ario Pim,083 American Ash Street,63131,MO,apimbi@trellian.com
416,Elianore Karpmann,1924 Merry Pass,92105,CA,ekarpmannbj@sun.com
417,Sascha Taylor,8307 Elgar Court,44720,OH,staylorbk@yandex.ru
418,Townsend Bluschke,73195 Park Meadow Junction,64199,MO,tbluschkebl@ezinearticles.com
419,Codee Pinchbeck,153 Lindbergh Crossing,15215,PA,cpinchbeckbm@nifty.com
420,Avram Entwistle,1 Morning Plaza,50315,IA,aentwistlebn@wix.com
421,Regina Jorg,9467 Butterfield Place,20238,DC,rjorgbo@shutterfly.com
422,Mavra Greenley,6590 Sachs Plaza,27404,NC,mgreenleybp@adobe.com
423,Trixie Doniso,58 Moulton Crossing,77806,TX,tdonisobq@goo.gl
424,Arney Burrus,0598 Mockingbird Street,61614,IL,aburrusbr@sbwire.com
425,Lind Need,5 Melrose Place,89115,NV,lneedbs@forbes.com
426,Kimberly Meron,8231 Barby Crossing,92878,CA,kmeronbt@odnoklassniki.ru
427,Hewie Skone,9873 Washington Junction,01152,MA,hskonebu@wp.com
428,Lovell Nardi,02 Blaine Drive,10270,NY,lnardibv@prweb.com
429,Lynnell Blockey,0483 Dapin Terrace,78260,TX,lblockeybw@wired.com
430,Richy Stoffels,98 Atwood Way,77218,TX,rstoffelsbx@statcounter.com
431,Dulcie Blagden,250 Donald Crossing,83405,ID,dblagdenby@epa.gov
432,Morganne Feldberger,5304 Weeping Birch Road,95219,CA,mfeldbergerbz@google.es
433,Rowe Ornils,6942 Stoughton Junction,43215,OH,rornilsc0@sciencedirect.com
434,Jess Calrow,493 Hagan Crossing,98481,WA,jcalrowc1@patch.com
435,Baxter Carlon,106 Brickson Park Road,27710,NC,bcarlonc2@vinaora.com
436,Ilyssa Passion,7 Roth Park,63180,MO,ipassionc3@soundcloud.com
437,Laurel Giannasi,51854 Dahle Lane,75310,TX,lgiannasic4@omniture.com
438,Misty Joincey,278 Nevada Place,85053,AZ,mjoinceyc5@eepurl.com
439,Nikolaos Cardew,5 Farmco Street,29203,SC,ncardewc6@lycos.com
440,Keith Minghi,17979 Raven Parkway,74108,OK,kminghic7@1688.com
441,Wilma Stannion,09 Magdeline Plaza,85246,AZ,wstannionc8@wufoo.com
442,Claudius Slemming,908 Reinke Trail,70894,LA,cslemmingc9@hubpages.com
443,Ellwood Moquin,64 Lien Drive,75392,TX,emoquinca@unblog.fr
444,Raynell Paumier,9234 Larry Road,15235,PA,rpaumiercb@amazon.de
445,Lia Hardage,04 Kinsman Trail,45228,OH,lhardagecc@drupal.org
446,Viviene Cabotto,16 Westend Place,43226,OH,vcabottocd@house.gov
447,Urson Earpe,456 Green Ridge Hill,27264,NC,uearpece@xrea.com
448,Francesco Thridgould,7 Village Lane,76016,TX,fthridgouldcf@vimeo.com
449,Rayner Prevost,0324 Knutson Alley,89595,NV,rprevostcg@gmpg.org
450,Clevie Dinneges,9758 2nd Plaza,40596,KY,cdinnegesch@pen.io
451,Tracy MacCorkell,3212 Southridge Junction,75358,TX,tmaccorkellci@statcounter.com
452,Hetti Domeny,69173 Bowman Court,33064,FL,hdomenycj@trellian.com
453,Concettina Woolland,6 Ilene Point,64144,MO,cwoollandck@senate.gov
454,De witt Lattimore,42 Superior Terrace,19714,DE,dwittcl@i2i.jp
455,Goldarina Houseman,96 Beilfuss Point,60435,IL,ghousemancm@hatena.ne.jp
456,Carlin Hardingham,3 School Point,64125,MO,chardinghamcn@about.com
457,Perren Gleasane,26 Center Plaza,85720,AZ,pgleasaneco@list-manage.com
458,Laurent Fance,3681 Old Gate Junction,54915,WI,lfancecp@stumbleupon.com
459,Niels Fender,5 Towne Crossing,20029,DC,nfendercq@about.me
460,Corny Kemble,2490 Mesta Drive,53710,WI,ckemblecr@ucsd.edu
461,Charles O'Garmen,7380 Di Loreto Street,23509,VA,cogarmencs@blogs.com
462,Ax Giraths,78 Old Gate Point,17140,PA,agirathsct@nba.com
463,Bogart Karlmann,86 Rockefeller Circle,22333,VA,bkarlmanncu@cdbaby.com
464,Bambie Ciccoloi,62 Killdeer Drive,66606,KS,bciccoloicv@webmd.com
465,Kaspar Jack,8 Monument Terrace,23242,VA,kjackcw@yelp.com
466,Conn Bezzant,04091 Ilene Terrace,61640,IL,cbezzantcx@topsy.com
467,Martina Dobie,6 Dwight Hill,76004,TX,mdobiecy@si.edu
468,Doralin Pote,3 Kedzie Center,67210,KS,dpotecz@ucoz.com
469,Page Folland,2 Alpine Drive,33124,FL,pfollandd0@infoseek.co.jp
470,Gal Offill,135 Cottonwood Point,95298,CA,goffilld1@ucla.edu
471,Arnuad Chesterton,6 Bunker Hill Park,25726,WV,achestertond2@phoca.cz
472,Corry Lippett,8 Jana Lane,75185,TX,clippettd3@rambler.ru
473,Binny Marriage,891 Mifflin Plaza,20557,DC,bmarriaged4@telegraph.co.uk
474,Bennie Swate,4728 Shoshone Junction,27150,NC,bswated5@last.fm
475,Cyrillus McGerraghty,8584 Monterey Way,92662,CA,cmcgerraghtyd6@usnews.com
476,Auria Careswell,7 Raven Court,98206,WA,acareswelld7@va.gov
477,Sylvester Benfield,2 Dennis Place,92648,CA,sbenfieldd8@stanford.edu
478,Gonzales Nelson,9044 Oak Court,31704,GA,gnelsond9@sphinn.com
479,Casper Bydaway,9695 Sunbrook Center,10125,NY,cbydawayda@sciencedirect.com
480,Idelle Golledge,11 South Hill,15250,PA,igolledgedb@pbs.org
481,Chloe Clout,52284 Columbus Drive,30356,GA,ccloutdc@europa.eu
482,Zita Gudeman,2820 Eastlawn Court,43204,OH,zgudemandd@un.org
483,Shana Finnis,47014 Thierer Plaza,45203,OH,sfinnisde@goo.ne.jp
484,Margie Chaplain,11611 Lakewood Street,66667,KS,mchaplaindf@timesonline.co.uk
485,Jarrett Amis,6138 Westridge Pass,14263,NY,jamisdg@about.me
486,Janaye Costello,6 International Hill,34605,FL,jcostellodh@mysql.com
487,Rey Chaldecott,3 Warrior Circle,20436,DC,rchaldecottdi@com.com
488,Kilian Bettles,60939 Kropf Junction,15225,PA,kbettlesdj@scribd.com
489,Brocky Robottham,39 Rigney Terrace,56372,MN,brobotthamdk@gnu.org
490,Clark Froschauer,90610 High Crossing Junction,92668,CA,cfroschauerdl@china.com.cn
491,Natale Wray,370 Marquette Terrace,68179,NE,nwraydm@ycombinator.com
492,Adrien Hallgate,8 Porter Avenue,90081,CA,ahallgatedn@vistaprint.com
493,Griffin Goadsby,455 Eastlawn Point,06721,CT,ggoadsbydo@ehow.com
494,Lucas Evens,8 Shelley Drive,02472,MA,levensdp@hao123.com
495,Lillian Le Provest,8 Norway Maple Street,32575,FL,lledq@dagondesign.com
496,Dorine Morrow,6 Wayridge Court,77015,TX,dmorrowdr@baidu.com
497,Alfons McDuff,32 Old Shore Alley,53220,WI,amcduffds@istockphoto.com
498,Bryna Costelow,667 Erie Lane,71130,LA,bcostelowdt@tiny.cc
499,Riley Oakenford,59 Knutson Alley,90005,CA,roakenforddu@sciencedirect.com
500,Brianna Catley,280 Dorton Street,55115,MN,bcatleydv@meetup.com
501,Freddy Slite,88737 Stang Street,33405,FL,fslitedw@addthis.com
502,Vidovik Gleeson,99 Mockingbird Circle,40298,KY,vgleesondx@bloglovin.com
503,Jefferson Artinstall,332 Acker Park,78215,TX,jartinstalldy@opensource.org
504,Mercedes McGlaughn,8755 Harper Pass,55579,MN,mmcglaughndz@apple.com
505,Rodolphe Glaves,42071 Merchant Street,94405,CA,rglavese0@myspace.com
506,Louie Izkoveski,13 Forest Point,33763,FL,lizkoveskie1@vimeo.com
507,Yorker Fone,62 Gale Way,89150,NV,yfonee2@abc.net.au
508,Emmie Yusupov,00 Pierstorff Alley,60609,IL,eyusupove3@topsy.com
509,Aeriell Sutterby,5109 Everett Road,32859,FL,asutterbye4@businessweek.com
510,Hillery Kellaway,856 Dorton Parkway,20883,MD,hkellawaye5@parallels.com
511,Annie Crosskell,2056 Holy Cross Parkway,02298,MA,acrosskelle6@nytimes.com
512,Averyl Dingivan,8 Clarendon Alley,57198,SD,adingivane7@mysql.com
513,Shoshana Strathman,20991 Sommers Avenue,07208,NJ,sstrathmane8@wikimedia.org
514,Malcolm Derycot,2 Porter Crossing,79977,TX,mderycote9@state.gov
515,Adelind Patrick,84377 Almo Alley,79182,TX,apatrickea@yahoo.com
516,Alyson Parnaby,22 Dapin Crossing,78426,TX,aparnabyeb@skype.com
517,Bordy Gilling,34549 Bunker Hill Trail,80126,CO,bgillingec@gizmodo.com
518,Teirtza Betho,2 Shelley Trail,75372,TX,tbethoed@1und1.de
519,Arlette Siggens,011 Talmadge Trail,85260,AZ,asiggensee@usgs.gov
520,Gregory Mallatratt,23570 Charing Cross Place,21265,MD,gmallatrattef@hhs.gov
521,Ermanno Wooffitt,1526 Clove Junction,18763,PA,ewooffitteg@illinois.edu
522,Morganica McCloid,248 Grover Point,19191,PA,mmccloideh@psu.edu
523,Johan Popeley,3381 Coolidge Road,87140,NM,jpopeleyei@meetup.com
524,Carleton Gealy,1 Pleasure Point,07544,NJ,cgealyej@un.org
525,Rora Marre,23 Mayer Trail,94291,CA,rmarreek@yahoo.com
526,Judith Bouttell,58237 Pine View Hill,40250,KY,jbouttellel@diigo.com
527,Hurlee Gaskell,25 Forest Crossing,85255,AZ,hgaskellem@meetup.com
528,Deanne Bulleyn,3161 4th Pass,46825,IN,dbulleynen@rakuten.co.jp
529,Abbey MacClay,28618 Clyde Gallagher Circle,25305,WV,amacclayeo@hexun.com
530,Alysa Ragdale,07 Kensington Center,30092,GA,aragdaleep@diigo.com
531,Batholomew Behning,8097 Almo Place,45999,OH,bbehningeq@surveymonkey.com
532,Cecile Cooney,340 Glacier Hill Plaza,30045,GA,ccooneyer@networkadvertising.org
533,Romeo Turtle,0 Holy Cross Center,49505,MI,rturtlees@epa.gov
534,Barnabe Yarker,07 Golf Course Plaza,19120,PA,byarkeret@craigslist.org
535,Ginnie Darnody,98430 Butterfield Circle,78230,TX,gdarnodyeu@elpais.com
536,Trixie Stanbridge,6 Fuller Hill,22070,VA,tstanbridgeev@reverbnation.com
537,Duffy Leverentz,7 Bowman Junction,30368,GA,dleverentzew@shareasale.com
538,Stephine Livermore,1326 Russell Court,99709,AK,slivermoreex@wufoo.com
539,Fenelia Carley,06 Shoshone Point,65898,MO,fcarleyey@ftc.gov
540,Hobey Challoner,5 Saint Paul Point,07522,NJ,hchallonerez@guardian.co.uk
541,Nannie Rother,3 John Wall Avenue,61709,IL,nrotherf0@hc360.com
542,Monica Sunock,7310 Toban Terrace,75044,TX,msunockf1@sakura.ne.jp
543,Vera Rosewarne,88 3rd Pass,44321,OH,vrosewarnef2@huffingtonpost.com
544,Lib Dilnot,95 Sutherland Terrace,73197,OK,ldilnotf3@joomla.org
545,Clayton Clubbe,2 Warner Place,35810,AL,cclubbef4@creativecommons.org
546,Sonnie Reggiani,85 Moose Road,12255,NY,sreggianif5@tiny.cc
547,Talyah de Najera,89564 Nelson Circle,24009,VA,tdef6@networksolutions.com
548,Chase Kuhnke,0664 Superior Circle,14225,NY,ckuhnkef7@wufoo.com
549,Homerus Potteridge,52 Di Loreto Circle,44185,OH,hpotteridgef8@cnet.com
550,Lorne Greber,03250 Nelson Alley,19714,DE,lgreberf9@howstuffworks.com
551,Ignace Hansmann,280 Mandrake Alley,68117,NE,ihansmannfa@hatena.ne.jp
552,Nixie Tingle,0894 Montana Parkway,43610,OH,ntinglefb@illinois.edu
553,Devora Broadbury,10092 Drewry Center,11225,NY,dbroadburyfc@last.fm
554,Federica Cianelli,7212 Redwing Court,90847,CA,fcianellifd@cyberchimps.com
555,Egor Trinke,83927 Lake View Parkway,84093,UT,etrinkefe@shop-pro.jp
556,Kelcie MacAulay,11612 Knutson Lane,99790,AK,kmacaulayff@slashdot.org
557,Ki Francescuzzi,97 Lakewood Gardens Point,86305,AZ,kfrancescuzzifg@usda.gov
558,Penny Micco,7 Delaware Way,89714,NV,pmiccofh@xrea.com
559,Aloise Zorzoni,50 Charing Cross Point,60641,IL,azorzonifi@deliciousdays.com
560,Isaac Dallaway,901 Kingsford Hill,20260,DC,idallawayfj@smh.com.au
561,Mariele Kleinplac,4125 Onsgard Avenue,22309,VA,mkleinplacfk@shutterfly.com
562,Talbot Meader,3913 Oak Avenue,29319,SC,tmeaderfl@feedburner.com
563,Corrina Winter,43590 Shelley Trail,10009,NY,cwinterfm@gizmodo.com
564,Florence Spiring,57331 Logan Pass,14624,NY,fspiringfn@umich.edu
565,Cchaddie Ogger,3 Mitchell Alley,01152,MA,coggerfo@comsenz.com
566,Miltie Portigall,3 Badeau Way,79945,TX,mportigallfp@hud.gov
567,Adriano Dafydd,714 Stang Crossing,29411,SC,adafyddfq@is.gd
568,Kaye Vicary,21243 Farwell Lane,20430,DC,kvicaryfr@webeden.co.uk
569,Melony Biagi,2 Mockingbird Point,71151,LA,mbiagifs@eepurl.com
570,Erwin Jovasevic,0662 Vermont Court,84152,UT,ejovasevicft@nba.com
571,Cobby Garlant,0 Scofield Point,90605,CA,cgarlantfu@bravesites.com
572,Joelly Kinny,4989 Mockingbird Crossing,40581,KY,jkinnyfv@pinterest.com
573,Niccolo Creech,521 Express Center,99215,WA,ncreechfw@vk.com
574,Chastity Wynch,78097 Carioca Parkway,23612,VA,cwynchfx@posterous.com
575,Brose Catcheside,76828 Loftsgordon Trail,92725,CA,bcatchesidefy@jigsy.com
576,Arden Janovsky,2 Mesta Drive,94132,CA,ajanovskyfz@apple.com
577,Rosaleen Try,9989 Marquette Park,59771,MT,rtryg0@chicagotribune.com
578,Dame Kiddie,1 Mifflin Junction,22301,VA,dkiddieg1@reddit.com
579,Tallie Ridehalgh,219 Pennsylvania Point,55441,MN,tridehalghg2@comsenz.com
580,Reeba Ranyard,590 Fieldstone Pass,55123,MN,rranyardg3@wufoo.com
581,Marysa Hallgarth,866 Forest Dale Point,10260,NY,mhallgarthg4@gov.uk
582,Catherine Penley,44 Tennessee Junction,66112,KS,cpenleyg5@oracle.com
583,Faustine Jarrard,116 Cherokee Center,85725,AZ,fjarrardg6@biblegateway.com
584,Livvy McGooch,2 Bultman Court,27615,NC,lmcgoochg7@archive.org
585,Gabie Berrisford,07558 Schlimgen Street,13210,NY,gberrisfordg8@apple.com
586,Elfie Pocock,96361 Weeping Birch Park,79928,TX,epocockg9@liveinternet.ru
587,Caitlin Riddel,2000 Fisk Drive,08638,NJ,criddelga@deviantart.com
588,Christos Garrard,30499 Buell Place,14276,NY,cgarrardgb@networkadvertising.org
589,Padraig Zecchini,4 Spohn Junction,10165,NY,pzecchinigc@smugmug.com
590,Brander Goude,631 Northview Lane,60193,IL,bgoudegd@economist.com
591,Zorah Fasson,8 Troy Terrace,16510,PA,zfassonge@dedecms.com
592,Eachelle Padly,58660 Spaight Way,90510,CA,epadlygf@seesaa.net
593,Wilt Gavini,2479 Gerald Street,48076,MI,wgavinigg@mlb.com
594,Angelo Frewer,387 Portage Avenue,33963,FL,afrewergh@instagram.com
595,Reinhold Povall,005 Hoepker Center,78250,TX,rpovallgi@google.cn
596,Antonietta Pettyfar,08 Sunbrook Trail,12205,NY,apettyfargj@indiatimes.com
597,Murvyn O'Ruane,75 Del Sol Pass,68531,NE,moruanegk@elpais.com
598,Mayer Lemmertz,17057 Aberg Plaza,48206,MI,mlemmertzgl@engadget.com
599,Sherill Pietersma,94263 Browning Court,60078,IL,spietersmagm@businesswire.com
600,Herbie Giddens,385 Steensland Center,85015,AZ,hgiddensgn@ow.ly
601,Sheila Openshaw,9 Wayridge Pass,48098,MI,sopenshawgo@webnode.com
602,Parnell Cradey,63 Caliangt Park,34108,FL,pcradeygp@yahoo.com
603,Malynda MacDiarmond,78 Miller Way,47712,IN,mmacdiarmondgq@timesonline.co.uk
604,Ely Hanrott,23299 Lake View Hill,10009,NY,ehanrottgr@senate.gov
605,Wren Janaszewski,38 Service Way,06510,CT,wjanaszewskigs@wunderground.com
606,Michele Domino,8056 Loftsgordon Trail,06183,CT,mdominogt@cam.ac.uk
607,Pierre Johananoff,1 Thackeray Street,75310,TX,pjohananoffgu@tinyurl.com
608,Zora Roggerone,688 Brentwood Point,06183,CT,zroggeronegv@fastcompany.com
609,Patrizio Lemmon,183 Brown Pass,79116,TX,plemmongw@infoseek.co.jp
610,Orelie Balmer,365 Forest Dale Center,23203,VA,obalmergx@nba.com
611,Victoria Fendlow,9973 Bobwhite Circle,02114,MA,vfendlowgy@tmall.com
612,Susannah Mc Ilory,315 Vernon Road,93094,CA,smcgz@spiegel.de
613,Sherlock Pesterfield,99 Continental Alley,90610,CA,spesterfieldh0@booking.com
614,Arda Stilgoe,27 Sage Street,83405,ID,astilgoeh1@ezinearticles.com
615,Beverie Bottrell,96 Farwell Place,25705,WV,bbottrellh2@vistaprint.com
616,Hildegaard Tisun,54189 Bartelt Avenue,76147,TX,htisunh3@unc.edu
617,Livvy Orrock,76 Hooker Road,33134,FL,lorrockh4@deviantart.com
618,Adriaens Ilyushkin,6 Dovetail Hill,75367,TX,ailyushkinh5@tripod.com
619,Tierney Emps,7 Harper Lane,78235,TX,tempsh6@friendfeed.com
620,Marylin Josefs,80 Emmet Way,63167,MO,mjosefsh7@java.com
621,Enriqueta Wanka,7916 Farragut Circle,47705,IN,ewankah8@tuttocitta.it
622,Cazzie Leband,147 Buhler Place,85045,AZ,clebandh9@miitbeian.gov.cn
623,Patrizius Rastrick,921 Saint Paul Hill,91520,CA,prastrickha@sfgate.com
624,Dirk Ockwell,7 Messerschmidt Alley,95133,CA,dockwellhb@friendfeed.com
625,Archaimbaud Dibb,33984 Miller Crossing,06145,CT,adibbhc@xinhuanet.com
626,Griswold Pleasants,6 Helena Court,70033,LA,gpleasantshd@constantcontact.com
627,Lionello Moyers,88 Hoard Road,65898,MO,lmoyershe@blogspot.com
628,Kerianne Parsons,2 Kenwood Center,94975,CA,kparsonshf@google.cn
629,Rog Waple,4 Lakewood Gardens Point,02745,MA,rwaplehg@arizona.edu
630,Donia Bromley,2 Londonderry Plaza,85754,AZ,dbromleyhh@pagesperso-orange.fr
631,Eleonore Amsberger,864 Westridge Place,48550,MI,eamsbergerhi@independent.co.uk
632,Rozanne Feldklein,03 Spohn Terrace,28263,NC,rfeldkleinhj@opensource.org
633,Monti Ballam,8 Jay Crossing,70820,LA,mballamhk@hexun.com
634,Trix Arnoll,8 Grasskamp Center,77250,TX,tarnollhl@geocities.com
635,Courtney Hadaway,1916 Canary Court,47712,IN,chadawayhm@alexa.com
636,Camila Ciraldo,433 Lakewood Gardens Hill,34210,FL,cciraldohn@biglobe.ne.jp
637,Rolf Brockway,19 Delaware Alley,60624,IL,rbrockwayho@devhub.com
638,Barr Grigolli,25 Manley Point,48206,MI,bgrigollihp@parallels.com
639,Brade Konertz,7538 Fuller Parkway,02109,MA,bkonertzhq@trellian.com
640,Carola Carlesso,53524 Stone Corner Way,33915,FL,ccarlessohr@wufoo.com
641,Ario Lutwidge,27853 Lakewood Gardens Road,85754,AZ,alutwidgehs@bravesites.com
642,Jandy Brothwood,2 Charing Cross Lane,83757,ID,jbrothwoodht@wordpress.com
643,Wait Drayn,5557 Brickson Park Circle,23459,VA,wdraynhu@imgur.com
644,Lloyd Di Meo,04 Daystar Road,94132,CA,ldihv@fc2.com
645,Jilli MacInherney,83 Lawn Road,38181,TN,jmacinherneyhw@examiner.com
646,Brit Ferns,18 Melrose Terrace,32244,FL,bfernshx@blogger.com
647,Bertrand Havik,699 Pierstorff Point,22156,VA,bhavikhy@etsy.com
648,Ruthanne Blazewski,7 Graceland Trail,19886,DE,rblazewskihz@apple.com
649,Jaquenetta Solomonides,14264 Ramsey Plaza,85210,AZ,jsolomonidesi0@umich.edu
650,Ichabod Linge,71 Killdeer Pass,36205,AL,ilingei1@gov.uk
651,Rubia Megarry,5116 Independence Place,27710,NC,rmegarryi2@friendfeed.com
652,Lainey McLice,45 Lotheville Junction,29208,SC,lmclicei3@technorati.com
653,Mae Beaconsall,186 Mandrake Avenue,01105,MA,mbeaconsalli4@nydailynews.com
654,Rayner Uttridge,076 Hudson Point,75705,TX,ruttridgei5@wordpress.com
655,Penn Bulbeck,5 Springview Park,88579,TX,pbulbecki6@chron.com
656,Walther Betton,1166 Grayhawk Road,64054,MO,wbettoni7@cnbc.com
657,Brok Stelle,340 Canary Junction,21282,MD,bstellei8@clickbank.net
658,Issiah Mackie,1538 Farragut Alley,11044,NY,imackiei9@time.com
659,Griffin Biggam,5737 Center Drive,20299,DC,gbiggamia@github.com
660,Seana Winckworth,442 Mandrake Crossing,28220,NC,swinckworthib@cnet.com
661,Galina Morby,9847 Canary Court,20557,DC,gmorbyic@nbcnews.com
662,Twila Graith,2564 Loomis Street,06510,CT,tgraithid@diigo.com
663,Engelbert Spilsted,1020 Florence Road,99210,WA,espilstedie@list-manage.com
664,Renard Albon,1 Katie Point,92805,CA,ralbonif@vkontakte.ru
665,Angie Seid,0 New Castle Crossing,38150,TN,aseidig@reddit.com
666,Travus Busen,0463 Northview Pass,89105,NV,tbusenih@fastcompany.com
667,Shanan Pfaffel,3 Crownhardt Trail,11044,NY,spfaffelii@mashable.com
668,Dorie Darco,528 Armistice Point,57110,SD,ddarcoij@cbc.ca
669,Shannan Joyson,735 Chinook Lane,55446,MN,sjoysonik@hc360.com
670,Elton Werner,0993 Schlimgen Drive,68144,NE,ewerneril@bloglines.com
671,Tara O'Nolan,2480 Scott Road,10039,NY,tonolanim@webnode.com
672,Theodora Oakton,4833 Garrison Alley,46825,IN,toaktonin@360.cn
673,Zacherie Gaudin,8 Red Cloud Place,41905,KY,zgaudinio@scribd.com
674,Della Battrum,8494 Maple Wood Junction,60636,IL,dbattrumip@ask.com
675,Flint Scadding,0415 Lake View Plaza,06160,CT,fscaddingiq@google.it
676,Mort Warratt,4217 Everett Parkway,25336,WV,mwarrattir@symantec.com
677,Doyle Berkelay,1 John Wall Circle,32909,FL,dberkelayis@blogspot.com
678,Aristotle Filan,9 Cascade Circle,11355,NY,afilanit@storify.com
679,Neely Vasiljevic,7 Fieldstone Plaza,33164,FL,nvasiljeviciu@desdev.cn
680,Quint Rupprecht,14 Reindahl Pass,77075,TX,qrupprechtiv@independent.co.uk
681,Benedetto Alcido,30 Mendota Hill,17121,PA,balcidoiw@xrea.com
682,Clyde Crocetto,89482 Myrtle Road,32854,FL,ccrocettoix@nbcnews.com
683,Bernete Mulford,9 Towne Court,79605,TX,bmulfordiy@list-manage.com
684,Lynnelle MacKenny,588 7th Place,25356,WV,lmackennyiz@comsenz.com
685,Eben Korlat,457 Ilene Parkway,38150,TN,ekorlatj0@histats.com
686,Eadie Dabourne,51 Buhler Pass,12227,NY,edabournej1@prweb.com
687,Wilona Kivelhan,2904 Goodland Junction,23509,VA,wkivelhanj2@prlog.org
688,Lillian Decaze,8 Hermina Street,40596,KY,ldecazej3@bravesites.com
689,Kayle Addy,024 Columbus Plaza,33196,FL,kaddyj4@comsenz.com
690,Celestia Gumb,03 Northfield Plaza,19178,PA,cgumbj5@fc2.com
691,Melony Froude,3 Portage Hill,31904,GA,mfroudej6@spotify.com
692,Noak Fenich,9678 Marcy Court,90605,CA,nfenichj7@artisteer.com
693,Barney McEneny,19987 Thackeray Trail,67205,KS,bmcenenyj8@xing.com
694,Rosamund Cockshtt,50333 Kinsman Drive,76198,TX,rcockshttj9@cnbc.com
695,Nanny Crichton,4175 Delaware Crossing,06127,CT,ncrichtonja@cornell.edu
696,Alexis Johannes,79 Stephen Road,86305,AZ,ajohannesjb@huffingtonpost.com
697,Blake Benet,973 Becker Lane,31132,GA,bbenetjc@opera.com
698,Barclay Lidington,41681 Bay Avenue,46015,IN,blidingtonjd@ft.com
699,Abbe Filipic,71462 Holmberg Alley,92883,CA,afilipicje@feedburner.com
700,Tedd Rippen,163 Pond Junction,58106,ND,trippenjf@multiply.com
701,Giuditta Carragher,3965 Spohn Center,19605,PA,gcarragherjg@dot.gov
702,Farris Columbine,074 Washington Alley,06816,CT,fcolumbinejh@edublogs.org
703,Winfield Fulker,100 Chive Way,61640,IL,wfulkerji@vinaora.com
704,Rachele Limprecht,181 Glacier Hill Point,84135,UT,rlimprechtjj@w3.org
705,Hanson Gagan,4570 Del Sol Circle,96835,HI,hgaganjk@nature.com
706,Annabella Garnson,9812 Algoma Pass,93794,CA,agarnsonjl@cornell.edu
707,Sarge Giblett,79067 Hazelcrest Center,94110,CA,sgiblettjm@loc.gov
708,Den Morales,89 Cascade Terrace,87140,NM,dmoralesjn@youtube.com
709,Constantin Prebble,1813 Butternut Trail,02912,RI,cprebblejo@de.vu
710,Hulda Bonafant,58569 Clove Court,62205,IL,hbonafantjp@gizmodo.com
711,Gallard Janouch,912 Dorton Parkway,63104,MO,gjanouchjq@timesonline.co.uk
712,Geoffry Issac,5 Briar Crest Terrace,93386,CA,gissacjr@gmpg.org
713,Alis Tchir,26 Hudson Avenue,06127,CT,atchirjs@utexas.edu
714,Jeannine Peetermann,692 Lillian Parkway,93386,CA,jpeetermannjt@elegantthemes.com
715,Peggy Tatters,09278 La Follette Lane,53705,WI,ptattersju@bing.com
716,Pansie Sall,871 Eastlawn Terrace,75210,TX,psalljv@yale.edu
717,Birgitta Gunner,83148 Center Alley,07522,NJ,bgunnerjw@alexa.com
718,Amata McKane,52 Morningstar Road,22047,VA,amckanejx@census.gov
719,Cosette Bryenton,35 Dawn Center,44905,OH,cbryentonjy@topsy.com
720,Haze Treswell,46 Fuller Hill,63126,MO,htreswelljz@xrea.com
721,Marcel Molden,8731 Havey Point,21211,MD,mmoldenk0@gmpg.org
722,Freddie MacGauhy,13 Almo Trail,25709,WV,fmacgauhyk1@amazon.co.uk
723,Olvan Brettor,30640 Manitowish Pass,56372,MN,obrettork2@trellian.com
724,Binky Malkie,04 Larry Junction,90055,CA,bmalkiek3@webnode.com
725,Valdemar Dunkerk,29382 North Road,35487,AL,vdunkerkk4@china.com.cn
726,Paxton Juzek,5 Anhalt Way,33884,FL,pjuzekk5@homestead.com
727,Octavius Pinkerton,4 Katie Way,20195,VA,opinkertonk6@twitter.com
728,Sal Traise,66 Farragut Alley,11215,NY,straisek7@desdev.cn
729,Margarete Morgans,012 Warrior Crossing,87140,NM,mmorgansk8@google.com
730,Ermanno Gecks,6 Sheridan Place,92160,CA,egecksk9@businessinsider.com
731,Shellysheldon Pettingall,2282 Lakeland Junction,63143,MO,spettingallka@wisc.edu
732,Andriana Bougen,59 Bayside Crossing,27605,NC,abougenkb@google.cn
733,Garald Eckersall,55 Walton Point,98447,WA,geckersallkc@nydailynews.com
734,Shell Perview,0 Westport Park,88553,TX,sperviewkd@telegraph.co.uk
735,Annalee Waugh,15 Merry Center,98516,WA,awaughke@istockphoto.com
736,Elberta Zorro,991 Melody Road,72905,AR,ezorrokf@wikipedia.org
737,Betsey Le land,14 Darwin Court,11436,NY,blekg@joomla.org
738,Anderea Fermor,65 Warner Hill,75277,TX,afermorkh@yellowbook.com
739,Lavina Jzhakov,93 Buell Junction,28314,NC,ljzhakovki@hubpages.com
740,Pegeen Mack,00 Rigney Plaza,90050,CA,pmackkj@issuu.com
741,Thorsten Whaley,001 Spaight Plaza,97286,OR,twhaleykk@plala.or.jp
742,Hillel Episcopio,40551 Hintze Court,88530,TX,hepiscopiokl@51.la
743,Emmye Molloy,1 Mayfield Drive,70505,LA,emolloykm@etsy.com
744,Wald Rolance,3164 Welch Way,19892,DE,wrolancekn@tiny.cc
745,Catlin Wason,08429 John Wall Lane,33436,FL,cwasonko@reverbnation.com
746,Dita McGerraghty,681 Mosinee Pass,95818,CA,dmcgerraghtykp@fastcompany.com
747,Bunnie Vischi,42 Florence Lane,22119,VA,bvischikq@disqus.com
748,Babbette Daniellot,5789 Blue Bill Park Point,20892,MD,bdaniellotkr@prnewswire.com
749,Kate McCaffery,85 Moland Hill,95108,CA,kmccafferyks@1688.com
750,Katherina Rolse,68541 Brentwood Point,53263,WI,krolsekt@shop-pro.jp
751,Aguste Stonehewer,71 Clyde Gallagher Pass,93726,CA,astonehewerku@myspace.com
752,Robinett Jinkin,832 Coleman Terrace,45233,OH,rjinkinkv@tiny.cc
753,Nappy Gatley,17 Commercial Hill,20892,MD,ngatleykw@yelp.com
754,Reagan Barrow,9144 Mccormick Way,90060,CA,rbarrowkx@nhs.uk
755,Prissie Halliburton,9712 Parkside Avenue,28220,NC,phalliburtonky@tuttocitta.it
756,Katharina Spenceley,1380 Valley Edge Road,92056,CA,kspenceleykz@wufoo.com
757,Hadley Helling,556 Green Plaza,76711,TX,hhellingl0@rakuten.co.jp
758,Cory Gainsford,527 Lawn Alley,12325,NY,cgainsfordl1@wikimedia.org
759,Briano Altofts,19 Loomis Road,20883,MD,baltoftsl2@va.gov
760,Sanford Segebrecht,315 Stephen Crossing,78759,TX,ssegebrechtl3@ifeng.com
761,Findley McRobb,7936 Nancy Place,80127,CO,fmcrobbl4@technorati.com
762,Natka Toller,7 Di Loreto Circle,25326,WV,ntollerl5@hexun.com
763,Alfonso Scarfe,97923 Manley Street,94405,CA,ascarfel6@privacy.gov.au
764,Laurette Schubuser,43986 Mccormick Park,32505,FL,lschubuserl7@globo.com
765,Nonna Pinch,3370 Holy Cross Junction,28314,NC,npinchl8@pen.io
766,Vassily McInnery,319 Clemons Way,75037,TX,vmcinneryl9@bing.com
767,Lenette Atkin,0377 Sundown Street,48107,MI,latkinla@washington.edu
768,Thorny Selwyn,6224 Dapin Terrace,43210,OH,tselwynlb@guardian.co.uk
769,Elmo Bown,40 Carey Road,32964,FL,ebownlc@theguardian.com
770,Freeman Soro,96051 Westridge Plaza,20566,DC,fsorold@cbsnews.com
771,Gerard Schapiro,88719 Towne Park,25305,WV,gschapirole@google.ru
772,Wainwright Carragher,7 Forster Trail,33034,FL,wcarragherlf@wix.com
773,Ketty Brandes,918 Little Fleur Way,39305,MS,kbrandeslg@mashable.com
774,Reinhard Tustin,0368 Towne Road,68117,NE,rtustinlh@hexun.com
775,Bernadene McCome,706 Fieldstone Way,11470,NY,bmccomeli@abc.net.au
776,Laverne Patsall,6 Meadow Ridge Alley,30380,GA,lpatsalllj@bigcartel.com
777,Dudley Davidsohn,9559 Little Fleur Crossing,56398,MN,ddavidsohnlk@t.co
778,Micky Cradock,6 Ilene Avenue,32610,FL,mcradockll@mayoclinic.com
779,Corine Pocklington,69754 Surrey Court,78250,TX,cpocklingtonlm@friendfeed.com
780,Farris Jarrard,47172 Clarendon Road,30045,GA,fjarrardln@census.gov
781,Val Newburn,87 Porter Hill,76544,TX,vnewburnlo@devhub.com
782,Nil Demoge,24 Fremont Avenue,78205,TX,ndemogelp@skype.com
783,Dorita Gussin,58 Sommers Point,91797,CA,dgussinlq@imageshack.us
784,Rodie Chennells,83 David Circle,33731,FL,rchennellslr@engadget.com
785,Flin Braunston,95374 Atwood Junction,20892,MD,fbraunstonls@networkadvertising.org
786,Francisca Godain,7 Eastwood Place,01105,MA,fgodainlt@va.gov
787,Casandra Kmicicki,87801 Fordem Center,35254,AL,ckmicickilu@sphinn.com
788,Grady Mucklestone,13 Pawling Center,71213,LA,gmucklestonelv@hud.gov
789,Frieda Knevet,908 Chinook Plaza,33686,FL,fknevetlw@cocolog-nifty.com
790,Noelle Castaignet,330 Swallow Hill,55470,MN,ncastaignetlx@dion.ne.jp
791,Libbie Caunter,9 Vernon Pass,64153,MO,lcaunterly@amazon.co.jp
792,Grethel Kopje,37137 Corry Avenue,40515,KY,gkopjelz@macromedia.com
793,Brenda Byrnes,5 Colorado Drive,98424,WA,bbyrnesm0@diigo.com
794,Bary Leathley,8 Westport Place,43605,OH,bleathleym1@ning.com
795,Harlin Booler,176 2nd Alley,36195,AL,hboolerm2@ebay.com
796,Raddie Passy,57 Hazelcrest Place,27455,NC,rpassym3@whitehouse.gov
797,Sinclair Cheeld,7816 Northport Road,92844,CA,scheeldm4@nymag.com
798,Hamish De Cleen,5 Dapin Place,94042,CA,hdem5@imageshack.us
799,Delores Vasilyevski,15 Gale Plaza,94616,CA,dvasilyevskim6@squidoo.com
800,Jacquie Hinsch,8980 Sundown Park,77493,TX,jhinschm7@purevolume.com
801,Sande Gaffney,884 Montana Parkway,80525,CO,sgaffneym8@ucoz.com
802,Jereme Freezer,2 Bunker Hill Plaza,34981,FL,jfreezerm9@dyndns.org
803,Sherm Geffen,3 Sunfield Court,33305,FL,sgeffenma@usa.gov
804,Albina Sterrie,4 Northland Way,73173,OK,asterriemb@yolasite.com
805,Marilin Hyndson,02732 Banding Trail,20414,DC,mhyndsonmc@51.la
806,Kayne Ridout,3 Marcy Hill,95108,CA,kridoutmd@slashdot.org
807,Prinz Skacel,521 Roxbury Junction,39216,MS,pskacelme@upenn.edu
808,Bank Scheffler,15906 Norway Maple Street,48206,MI,bschefflermf@paginegialle.it
809,Delia Schmuhl,518 Jana Trail,48919,MI,dschmuhlmg@sogou.com
810,Cos Premble,724 Dorton Plaza,23203,VA,cpremblemh@npr.org
811,Vickie Teenan,6648 Sauthoff Pass,93291,CA,vteenanmi@ucoz.com
812,Bronnie Minucci,76136 Claremont Road,99260,WA,bminuccimj@de.vu
813,Kipp Brignell,698 Northwestern Crossing,79491,TX,kbrignellmk@biglobe.ne.jp
814,Sandy Badgers,53 Morrow Hill,30089,GA,sbadgersml@yahoo.com
815,Waly Orteaux,4 Homewood Place,30045,GA,worteauxmm@prnewswire.com
816,Kaleb Ordish,235 Logan Circle,35905,AL,kordishmn@mit.edu
817,Reynolds Maron,746 Independence Park,15134,PA,rmaronmo@dedecms.com
818,Howard Pawfoot,6 Waywood Point,20430,DC,hpawfootmp@surveymonkey.com
819,Rayshell Snartt,41471 Jenifer Trail,44105,OH,rsnarttmq@netscape.com
820,Bonni Verralls,8337 John Wall Junction,02119,MA,bverrallsmr@hostgator.com
821,Joleen O' Borne,244 Crest Line Alley,39204,MS,joms@ebay.co.uk
822,Wilmette Zanitti,0267 Colorado Pass,19610,PA,wzanittimt@usgs.gov
823,Rianon Stigers,55 Iowa Center,55407,MN,rstigersmu@addtoany.com
824,Carlen Dickenson,977 Rieder Point,71130,LA,cdickensonmv@cnet.com
825,Joyann Rylands,640 Hovde Center,36622,AL,jrylandsmw@ehow.com
826,Celina Warry,3 Mayer Trail,96845,HI,cwarrymx@barnesandnoble.com
827,Bertrando Pyott,26 Lakewood Gardens Street,78759,TX,bpyottmy@utexas.edu
828,Virgie Crispin,85395 Schurz Crossing,90310,CA,vcrispinmz@facebook.com
829,Zsa zsa Rosone,048 Thierer Trail,30358,GA,zzsan0@behance.net
830,Francisca McParlin,56244 American Place,84093,UT,fmcparlinn1@netlog.com
831,Claudelle Victoria,32 Oakridge Street,33064,FL,cvictorian2@globo.com
832,Jonie Martijn,91248 Oriole Lane,72118,AR,jmartijnn3@ustream.tv
833,Taddeo Andriveau,1 Summit Court,77554,TX,tandriveaun4@mapy.cz
834,Dana Lautie,23172 John Wall Center,36610,AL,dlautien5@e-recht24.de
835,Hussein McKague,7183 Forest Run Lane,19605,PA,hmckaguen6@economist.com
836,Adora Rotge,0693 Merry Circle,77554,TX,arotgen7@ocn.ne.jp
837,Sven Beccero,56 Rieder Drive,75379,TX,sbecceron8@webs.com
838,Philly McConnal,2 Gulseth Parkway,10004,NY,pmcconnaln9@jiathis.com
839,Ketti Derrington,93570 Scoville Circle,91616,CA,kderringtonna@moonfruit.com
840,D'arcy Padilla,079 Schiller Way,10009,NY,dpadillanb@yahoo.com
841,Dniren Gormally,39 Colorado Street,46406,IN,dgormallync@scientificamerican.com
842,Alf Grayley,9707 Westend Place,22212,VA,agrayleynd@g.co
843,Decca Westman,40 Gale Way,19495,PA,dwestmanne@thetimes.co.uk
844,Catherina Salkild,4 Westend Point,33954,FL,csalkildnf@edublogs.org
845,Marlin Livock,6 Meadow Valley Way,10459,NY,mlivockng@sphinn.com
846,Aggi Martschik,83 Rieder Park,52245,IA,amartschiknh@360.cn
847,Gaile Cleave,59204 Marcy Way,30905,GA,gcleaveni@pbs.org
848,Bart Lefeaver,6360 Dwight Center,20210,DC,blefeavernj@ocn.ne.jp
849,Heida Challace,65982 Elmside Way,63143,MO,hchallacenk@tinyurl.com
850,Flora McGeachy,09 Clyde Gallagher Hill,01654,MA,fmcgeachynl@multiply.com
851,Mariana Tooher,3 Express Circle,10009,NY,mtoohernm@mozilla.com
852,Sula Gell,5545 Fulton Drive,92822,CA,sgellnn@sciencedirect.com
853,Garey Simpson,0 Linden Crossing,20575,DC,gsimpsonno@amazon.de
854,Yard Caville,94 Monument Avenue,19131,PA,ycavillenp@hao123.com
855,Ulrica Sreenan,13 Hooker Terrace,37995,TN,usreenannq@jigsy.com
856,Micaela Speddin,1156 Union Pass,28256,NC,mspeddinnr@woothemes.com
857,Cherice Proudlock,26890 Nevada Court,70116,LA,cproudlockns@economist.com
858,Vernor Hallifax,64649 Moland Court,70607,LA,vhallifaxnt@mysql.com
859,Lewie Woolgar,13351 Sloan Way,60351,IL,lwoolgarnu@stanford.edu
860,Rubina MacDiarmid,883 Merrick Lane,78783,TX,rmacdiarmidnv@parallels.com
861,Arluene Alelsandrowicz,17 Erie Junction,27425,NC,aalelsandrowicznw@amazon.de
862,Harrie Cassels,2730 4th Drive,54305,WI,hcasselsnx@digg.com
863,Verge Rubinsohn,533 Hansons Plaza,20918,MD,vrubinsohnny@examiner.com
864,Asia Avrashin,20167 Raven Place,85255,AZ,aavrashinnz@java.com
865,Silvano Hannay,47 Merchant Street,94126,CA,shannayo0@networksolutions.com
866,Koralle Barns,1 Continental Avenue,78749,TX,kbarnso1@umich.edu
867,Oswald Balazot,250 Esker Road,78759,TX,obalazoto2@mapy.cz
868,Hewe Messam,9 Southridge Hill,20470,DC,hmessamo3@wix.com
869,Caleb Norheny,7 Florence Plaza,30336,GA,cnorhenyo4@desdev.cn
870,Terrye Buxey,1 Clyde Gallagher Parkway,76011,TX,tbuxeyo5@noaa.gov
871,Caro Theodoris,35348 Tennyson Circle,23277,VA,ctheodoriso6@upenn.edu
872,Kylila Clampe,944 Stuart Circle,28815,NC,kclampeo7@buzzfeed.com
873,Gregg Jenicek,921 Heath Center,16505,PA,gjeniceko8@shareasale.com
874,Mar Doxsey,6 Springs Trail,89120,NV,mdoxseyo9@acquirethisname.com
875,Penelope Yashaev,8 Upham Circle,35225,AL,pyashaevoa@gnu.org
876,Johanna Adriaens,7640 Michigan Park,33462,FL,jadriaensob@scribd.com
877,Huntlee Matteuzzi,378 Marcy Place,44105,OH,hmatteuzzioc@miibeian.gov.cn
878,Humphrey Adriaens,70 Spenser Trail,78470,TX,hadriaensod@tumblr.com
879,Caron Tejada,583 Hagan Avenue,60636,IL,ctejadaoe@tuttocitta.it
880,Reinaldo Ianne,82 Summit Way,55572,MN,rianneof@naver.com
881,Lorrie Keggin,519 Maple Wood Parkway,90015,CA,lkegginog@europa.eu
882,Clark Bisatt,5733 Waxwing Parkway,06120,CT,cbisattoh@businessinsider.com
883,Rickie Bembrigg,462 Ohio Trail,93399,CA,rbembriggoi@example.com
884,Thoma MacGilmartin,87620 Sauthoff Court,90810,CA,tmacgilmartinoj@vimeo.com
885,Kinnie McAdam,68 Garrison Park,33175,FL,kmcadamok@google.fr
886,Kelwin Whight,7 Schmedeman Lane,11436,NY,kwhightol@yandex.ru
887,Homere Angove,5 Kingsford Parkway,11024,NY,hangoveom@accuweather.com
888,Erl Gerlts,53844 5th Place,95118,CA,egerltson@rakuten.co.jp
889,Ashlan Bewshaw,1 Bluestem Place,21290,MD,abewshawoo@tuttocitta.it
890,Gaspar Larway,3739 Coleman Street,24020,VA,glarwayop@fema.gov
891,Pascal Tuer,9516 Cherokee Junction,11205,NY,ptueroq@illinois.edu
892,Minor Avramovitz,06 Sugar Avenue,60505,IL,mavramovitzor@msu.edu
893,Biddie Pynn,265 Marcy Alley,55407,MN,bpynnos@creativecommons.org
894,Dory Matthius,9300 Killdeer Street,35295,AL,dmatthiusot@umn.edu
895,Thadeus Seal,41 Oxford Road,16522,PA,tsealou@prlog.org
896,Ninnetta Anscott,21833 Lillian Avenue,94913,CA,nanscottov@rambler.ru
897,Haily Boughtflower,42879 Moose Center,48107,MI,hboughtflowerow@networkadvertising.org
898,Rock McManus,352 Golf View Lane,20062,DC,rmcmanusox@statcounter.com
899,Agna Dennington,2410 Kennedy Hill,89150,NV,adenningtonoy@nasa.gov
900,Debbi Bonefant,9094 Rowland Street,37228,TN,dbonefantoz@house.gov
901,Alexei Genever,957 Monica Street,30610,GA,ageneverp0@unblog.fr
902,Cicely MacDunlevy,7 Commercial Center,10203,NY,cmacdunlevyp1@about.com
903,Les Raymond,270 Randy Alley,80209,CO,lraymondp2@woothemes.com
904,Emmye Stammirs,9851 Bayside Road,40287,KY,estammirsp3@taobao.com
905,Zonnya McQuorkell,12040 Arapahoe Road,20016,DC,zmcquorkellp4@quantcast.com
906,Sholom Kleinert,78854 Westerfield Way,80920,CO,skleinertp5@jigsy.com
907,Amalita Gutowska,577 Arapahoe Place,74133,OK,agutowskap6@hatena.ne.jp
908,Mireille Hayller,4821 Di Loreto Pass,31998,GA,mhayllerp7@last.fm
909,Law Neeves,49 Reinke Terrace,20470,DC,lneevesp8@goo.ne.jp
910,Geneva Percifer,8 Welch Drive,32941,FL,gperciferp9@nasa.gov
911,Terrell Aron,664 Fulton Street,18514,PA,taronpa@techcrunch.com
912,Joellyn Chislett,99 Hansons Point,48550,MI,jchislettpb@free.fr
913,Winfred Francie,3 Trailsway Trail,93750,CA,wfranciepc@reverbnation.com
914,Sybila Simionato,66 Emmet Parkway,30316,GA,ssimionatopd@wikipedia.org
915,Mortie Bankes,52 Chive Junction,38161,TN,mbankespe@amazonaws.com
916,Rustie Sever,5 Lawn Plaza,85205,AZ,rseverpf@scribd.com
917,Rik Casarino,3120 Stang Terrace,15220,PA,rcasarinopg@disqus.com
918,Casey Saffer,069 Homewood Terrace,25709,WV,csafferph@acquirethisname.com
919,Kennith Dobbyn,31 Northfield Road,32885,FL,kdobbynpi@pen.io
920,Casey Arlt,5891 Mifflin Parkway,15274,PA,carltpj@harvard.edu
921,Normand Banbrigge,6 Coolidge Road,33758,FL,nbanbriggepk@php.net
922,Marlow Gardiner,39037 Grover Hill,85020,AZ,mgardinerpl@vistaprint.com
923,Elfrida Pomery,88 Waxwing Trail,48901,MI,epomerypm@oakley.com
924,Bob McCooke,5363 Northport Junction,10170,NY,bmccookepn@paginegialle.it
925,Waylen Hetterich,46 Barby Alley,22234,VA,whetterichpo@hugedomains.com
926,Beatrix Gostall,6894 Declaration Parkway,11254,NY,bgostallpp@ask.com
927,Patti Gilkison,04 Daystar Point,46852,IN,pgilkisonpq@cbsnews.com
928,Maxi Haugg,083 Walton Center,77493,TX,mhauggpr@cmu.edu
929,Philip Priddie,5115 Sutherland Circle,48211,MI,ppriddieps@aol.com
930,Ryon Bottby,581 Delaware Road,65105,MO,rbottbypt@zdnet.com
931,Michelle Rochewell,2 Comanche Drive,98206,WA,mrochewellpu@miibeian.gov.cn
932,Gabriele Beeston,679 Buell Road,92160,CA,gbeestonpv@adobe.com
933,Melicent Tebbe,6 Ryan Point,45243,OH,mtebbepw@bandcamp.com
934,Roselin Loxly,5 Rieder Drive,23459,VA,rloxlypx@apple.com
935,Alessandro Jozsa,08 Erie Avenue,45223,OH,ajozsapy@pen.io
936,Sharity Dobbison,559 Spohn Park,60078,IL,sdobbisonpz@hatena.ne.jp
937,Beverie Klaiser,833 Village Green Trail,02114,MA,bklaiserq0@wired.com
938,Fernandina Feldbau,23 Spenser Hill,20046,DC,ffeldbauq1@wikimedia.org
939,Owen Maggill'Andreis,148 Paget Crossing,20010,DC,omaggillandreisq2@quantcast.com
940,Joellyn Checchi,9388 Sycamore Road,97221,OR,jchecchiq3@whitehouse.gov
941,Gertie Benedick,216 Mariners Cove Center,92805,CA,gbenedickq4@reference.com
942,Cass Foston,06383 International Crossing,32803,FL,cfostonq5@163.com
943,Carlina Dickenson,714 Autumn Leaf Pass,79105,TX,cdickensonq6@bbb.org
944,Gabriello Penvarden,6 Talmadge Center,55448,MN,gpenvardenq7@digg.com
945,Griffin Camelin,99 Mcguire Plaza,70116,LA,gcamelinq8@bloomberg.com
946,Sisely Lindsell,56428 Mcbride Road,63158,MO,slindsellq9@naver.com
947,Elane Rodway,231 Shopko Circle,27404,NC,erodwayqa@google.co.jp
948,Izabel Gallyhaock,10 Fallview Point,80945,CO,igallyhaockqb@youtu.be
949,Katerine Sherringham,26134 Del Sol Crossing,60567,IL,ksherringhamqc@pen.io
950,Goldi Swepson,1699 Dayton Way,31205,GA,gswepsonqd@netlog.com
951,Ilka Broughton,2 Bashford Avenue,77040,TX,ibroughtonqe@barnesandnoble.com
952,Hadleigh Tutin,2719 Warner Plaza,95205,CA,htutinqf@scientificamerican.com
953,Libbie Demangeot,8408 Kenwood Way,32244,FL,ldemangeotqg@friendfeed.com
954,Adria Eyeington,1 Hanover Park,65805,MO,aeyeingtonqh@163.com
955,Daisey Bernardotte,09665 Hazelcrest Court,77218,TX,dbernardotteqi@yelp.com
956,Larine Mouncey,5140 Basil Drive,20892,MD,lmounceyqj@phpbb.com
957,Margaret Alebrooke,59 Menomonie Road,39236,MS,malebrookeqk@usatoday.com
958,Tracie Leithgoe,75673 Schurz Hill,44111,OH,tleithgoeql@example.com
959,Sabra Bower,39360 Almo Lane,33805,FL,sbowerqm@blogspot.com
960,Patty Egdell,49 Holy Cross Hill,30340,GA,pegdellqn@nifty.com
961,Ara Goundrill,3395 Hermina Alley,92165,CA,agoundrillqo@examiner.com
962,Kirsti Dandison,1 Jana Road,78475,TX,kdandisonqp@foxnews.com
963,Jolynn Collett,613 Summit Hill,46226,IN,jcollettqq@odnoklassniki.ru
964,Alexa Lintall,4 Crowley Pass,72199,AR,alintallqr@about.com
965,Walt Cornilli,999 Manufacturers Alley,24009,VA,wcornilliqs@disqus.com
966,Morton Haestier,81861 Butterfield Lane,22313,VA,mhaestierqt@about.me
967,Berky Pauletto,111 Del Sol Circle,48505,MI,bpaulettoqu@google.cn
968,Prudy Raftery,006 Sunnyside Alley,11024,NY,prafteryqv@netscape.com
969,Carlos Iddons,1 International Road,82007,WY,ciddonsqw@cdc.gov
970,Athene Ahlf,5107 Michigan Trail,14683,NY,aahlfqx@yandex.ru
971,Shelia Keets,11011 Amoth Park,66642,KS,skeetsqy@europa.eu
972,George Heaselgrave,12301 Shopko Plaza,10099,NY,gheaselgraveqz@cnn.com
973,Calley Craggs,677 Delladonna Point,94132,CA,ccraggsr0@flickr.com
974,Brinn Tretter,7718 Kingsford Pass,06912,CT,btretterr1@wufoo.com
975,Christina Suttling,6 2nd Circle,37605,TN,csuttlingr2@xrea.com
976,Brit Buckner,298 Crest Line Junction,22036,VA,bbucknerr3@rambler.ru
977,Jordain Revan,4759 Roth Road,33129,FL,jrevanr4@spiegel.de
978,Bradly Zouch,34385 Dixon Way,02142,MA,bzouchr5@networkadvertising.org
979,Buckie Chilles,3 Rigney Road,70894,LA,bchillesr6@ox.ac.uk
980,Heida Harkes,53 Memorial Junction,92835,CA,hharkesr7@guardian.co.uk
981,Lawry Simonel,35 Almo Center,79118,TX,lsimonelr8@virginia.edu
982,Merna Jadczak,58 Old Gate Way,10105,NY,mjadczakr9@sina.com.cn
983,Dyana Griston,49 Marquette Lane,88563,TX,dgristonra@blogs.com
984,Boris Sweeney,48 Hallows Street,22313,VA,bsweeneyrb@dmoz.org
985,Evelyn Breacher,50102 Mallard Way,20520,DC,ebreacherrc@unicef.org
986,Luce Bestwick,06 Del Mar Lane,73152,OK,lbestwickrd@hexun.com
987,Thibaut Ridolfi,509 Delaware Court,78278,TX,tridolfire@a8.net
988,Tamara Antonietti,98 Burning Wood Pass,92013,CA,tantoniettirf@dropbox.com
989,Rockie Mayes,3698 Center Hill,30368,GA,rmayesrg@blogger.com
990,Pat Duggary,762 Bobwhite Alley,76310,TX,pduggaryrh@people.com.cn
991,Andrey Bucky,25 Ridge Oak Way,92725,CA,abuckyri@ezinearticles.com
992,Edwina McGerraghty,78 Esch Way,90505,CA,emcgerraghtyrj@comcast.net
993,Austina McCrory,4 Jenifer Way,10459,NY,amccroryrk@webeden.co.uk
994,Jessi Goudie,3 Oakridge Street,77386,TX,jgoudierl@mysql.com
995,Frank Guidoni,78 Clemons Circle,61605,IL,fguidonirm@google.it
996,Wait Pecey,5 Gulseth Terrace,80905,CO,wpeceyrn@nymag.com
997,Chad Northleigh,715 Golf Street,53785,WI,cnorthleighro@merriam-webster.com
998,Caitrin Ovill,035 Rowland Park,70894,LA,covillrp@state.gov
999,Ulla Schutze,739 Morningstar Alley,85743,AZ,uschutzerq@twitpic.com
1000,Millicent Durden,34 Oakridge Way,32092,FL,mdurdenrr@nydailynews.com
