id,name,address,zipcode,state,email
1,Kathye Glackin,4 Tony Point,01114,MA,kglackin0@e-recht24.de
2,Jourdan Vanichkin,0 Nobel Junction,28815,NC,jvanichkin1@google.pl
3,Nicko Jaze,59 Village Way,35242,AL,njaze2@census.gov
4,Caressa Cool,54 Northwestern Pass,50310,IA,ccool3@macromedia.com
5,Filia Payze,692 Lillian Center,30340,GA,fpayze4@clickbank.net
6,Saxe Wolfindale,79371 Reindahl Drive,30301,GA,swolfindale5@engadget.com
7,Marilyn Dines,0462 Westend Point,52804,IA,mdines6@google.fr
8,Ester Riseley,20 Chive Plaza,75367,TX,eriseley7@51.la
9,Trude Hawlgarth,2601 Kedzie Crossing,61635,IL,thawlgarth8@arstechnica.com
10,Charmine Martinello,488 Gale Court,63110,MO,cmartinello9@symantec.com
11,Wallie Foyster,2842 Merrick Parkway,66112,KS,wfoystera@elegantthemes.com
12,Jorrie Brimacombe,9 Springs Street,55428,MN,jbrimacombeb@bizjournals.com
13,Daryl McAnellye,9669 Dottie Plaza,90847,CA,dmcanellyec@state.tx.us
14,Tamiko Alenov,288 Memorial Road,48901,MI,talenovd@lycos.com
15,Phyllida Knutsen,54402 American Ash Hill,14683,NY,pknutsene@unesco.org
16,Alyson Jellings,4641 Dennis Road,39236,MS,ajellingsf@1688.com
17,Amelia Heugel,75605 Upham Hill,67205,KS,aheugelg@xing.com
18,Roi Llop,91684 Hauk Lane,20220,DC,rlloph@ibm.com
19,Suzie O' Hanvey,1658 Cordelia Lane,20557,DC,soi@wordpress.com
20,Alvis Ollivier,80517 Shelley Street,35215,AL,aollivierj@berkeley.edu
21,Norman Doy,245 Sunbrook Parkway,92056,CA,ndoyk@moonfruit.com
22,Ilka Berrigan,78 4th Pass,33543,FL,iberriganl@wisc.edu
23,Dacia Saull,42 Forest Run Pass,64109,MO,dsaullm@harvard.edu
24,Aldin Gaymar,1908 Homewood Trail,56372,MN,agaymarn@smugmug.com
25,Sully Guillotin,889 Saint Paul Street,91103,CA,sguillotino@simplemachines.org
26,Sigismondo Lidington,222 Spenser Terrace,32854,FL,slidingtonp@skyrock.com
27,Nathaniel Garden,82 Debra Parkway,40225,KY,ngardenq@ihg.com
28,Ignaz Gasticke,06904 Dennis Parkway,94250,CA,igasticker@timesonline.co.uk
29,Maddie Biasioli,863 Spohn Junction,01605,MA,mbiasiolis@joomla.org
30,Trula Oakton,1240 Walton Place,33325,FL,toaktont@springer.com
31,Lynda Geist,574 Atwood Road,55423,MN,lgeistu@twitpic.com
32,Stace Bluett,6 Dayton Trail,32854,FL,sbluettv@ca.gov
33,Merrili Commuzzo,6 Ruskin Park,78410,TX,mcommuzzow@merriam-webster.com
34,Parsifal Matuszyk,9164 Burrows Circle,79705,TX,pmatuszykx@indiatimes.com
35,Lew MacKee,95 Rockefeller Junction,94207,CA,lmackeey@networksolutions.com
36,Wayne Gounel,5877 Haas Place,33416,FL,wgounelz@businessinsider.com
37,Doloritas Buske,7 Blaine Alley,52245,IA,dbuske10@mozilla.org
38,Rabbi Bransgrove,59422 Weeping Birch Plaza,78470,TX,rbransgrove11@blogtalkradio.com
39,Orelia Bibey,28 Kinsman Pass,75236,TX,obibey12@mail.ru
40,Eduard Rosendall,666 Buell Crossing,20392,DC,erosendall13@oakley.com
41,Uriel Eskriett,2557 Sommers Court,90405,CA,ueskriett14@businessinsider.com
42,Anton Disbury,574 Sage Avenue,70129,LA,adisbury15@buzzfeed.com
43,Dorothy Bruhke,16 Anderson Place,31119,GA,dbruhke16@pbs.org
44,Vaughn Lilley,23 Kensington Junction,14276,NY,vlilley17@netlog.com
45,Keely Pittham,2 Sauthoff Street,23605,VA,kpittham18@privacy.gov.au
46,Othilie Blazewicz,1 Redwing Place,10150,NY,oblazewicz19@yolasite.com
47,Lindy Cammoile,39 Bayside Court,75049,TX,lcammoile1a@constantcontact.com
48,Leupold Shaw,806 Twin Pines Crossing,88525,TX,lshaw1b@ft.com
49,Kelby Raper,07 Fulton Court,59771,MT,kraper1c@arizona.edu
50,Yvonne Pierrepoint,04 Harper Road,24020,VA,ypierrepoint1d@eepurl.com
51,Cobby Kermitt,1796 Stone Corner Point,48107,MI,ckermitt1e@forbes.com
52,Jeannine Broadist,738 Carberry Terrace,32244,FL,jbroadist1f@odnoklassniki.ru
53,Marillin Chiplen,388 Sommers Alley,25711,WV,mchiplen1g@newsvine.com
54,Madel MacDearmaid,05784 Golden Leaf Circle,20883,MD,mmacdearmaid1h@blinklist.com
55,Cherida Antecki,6831 Northfield Parkway,74116,OK,cantecki1i@umich.edu
56,Glyn Mauro,3506 Farwell Trail,46867,IN,gmauro1j@storify.com
57,Aylmar Lalevee,2372 Village Parkway,75044,TX,alalevee1k@over-blog.com
58,Stirling Snead,954 Dexter Point,06922,CT,ssnead1l@imageshack.us
59,Britney Poore,9 Nevada Point,50320,IA,bpoore1m@time.com
60,Gerti Barkas,171 Ilene Circle,95173,CA,gbarkas1n@opensource.org
61,Shea Stilwell,0 Corben Circle,44125,OH,sstilwell1o@godaddy.com
62,Oralia Vannah,4080 Spenser Point,71151,LA,ovannah1p@ezinearticles.com
63,Jonathan Goncaves,327 Melrose Alley,99522,AK,jgoncaves1q@furl.net
64,Conney Cran,8345 6th Court,32128,FL,ccran1r@typepad.com
65,Skelly Crinkley,56 Trailsway Parkway,83711,ID,scrinkley1s@home.pl
66,Heida Geer,03 Carey Terrace,27605,NC,hgeer1t@cam.ac.uk
67,Donetta Mebius,8 Kennedy Plaza,13224,NY,dmebius1u@github.io
68,Borden McGurgan,66506 Dapin Hill,10024,NY,bmcgurgan1v@yahoo.co.jp
69,Svend Swynfen,349 Sachtjen Terrace,46857,IN,sswynfen1w@bbc.co.uk
70,Franny Kovacs,88 Esch Plaza,91520,CA,fkovacs1x@merriam-webster.com
71,Edvard Duferie,933 Oxford Road,77212,TX,eduferie1y@barnesandnoble.com
72,Rana Priestley,80 Bluestem Trail,14652,NY,rpriestley1z@godaddy.com
73,Ewell Hintze,90 Cody Circle,70820,LA,ehintze20@npr.org
74,Stanleigh Sellar,0 Sommers Plaza,98411,WA,ssellar21@digg.com
75,Mikol Milborn,711 Loftsgordon Way,33064,FL,mmilborn22@ucoz.ru
76,Charlena Schuler,9 Swallow Trail,45470,OH,cschuler23@huffingtonpost.com
77,Ingmar Leydon,46 Corry Avenue,27264,NC,ileydon24@google.fr
78,Jere Kmietsch,497 Ridgeway Pass,60657,IL,jkmietsch25@woothemes.com
79,Meggi Westhofer,4 Drewry Pass,97206,OR,mwesthofer26@mit.edu
80,Dulcea Benoi,79 Lotheville Hill,10024,NY,dbenoi27@exblog.jp
81,Ulrika Demanche,563 2nd Place,20005,DC,udemanche28@samsung.com
82,Cesare Tennock,7913 Mallory Place,80915,CO,ctennock29@people.com.cn
83,Peria Tiesman,1 Golden Leaf Crossing,33906,FL,ptiesman2a@foxnews.com
84,Gerik Khan,5 Garrison Street,99252,WA,gkhan2b@hostgator.com
85,Linn Caillou,7106 North Pass,37450,TN,lcaillou2c@bloglines.com
86,Claribel Guillain,585 Manitowish Road,77040,TX,cguillain2d@163.com
87,Brande Keech,27 Mendota Center,66205,KS,bkeech2e@google.cn
88,Agna Volet,843 Eagle Crest Avenue,77255,TX,avolet2f@virginia.edu
89,Sherri Insoll,7765 Thierer Pass,85297,AZ,sinsoll2g@bloomberg.com
90,Dillie Gravells,3705 Dixon Center,08638,NJ,dgravells2h@sakura.ne.jp
91,Quint Fulbrook,744 Grover Trail,57193,SD,qfulbrook2i@wiley.com
92,Derrik Sawbridge,959 Sundown Avenue,24020,VA,dsawbridge2j@un.org
93,Dorthy Standley,4625 East Place,15279,PA,dstandley2k@virginia.edu
94,Gibby Emm,922 Commercial Avenue,71137,LA,gemm2l@soundcloud.com
95,Dudley Marcos,70 Dayton Pass,19120,PA,dmarcos2m@statcounter.com
96,Maris Cramp,8598 Bunker Hill Alley,29215,SC,mcramp2n@sourceforge.net
97,Sutherlan Delgua,46 Monument Trail,10014,NY,sdelgua2o@engadget.com
98,Gretta McMenamie,9878 Cody Terrace,37245,TN,gmcmenamie2p@ow.ly
99,Zandra Leask,52 Kenwood Street,23504,VA,zleask2q@auda.org.au
100,Mendie MacTrustram,0310 Kim Drive,25331,WV,mmactrustram2r@wufoo.com
101,Willy Rushforth,496 Lunder Way,10029,NY,wrushforth2s@jalbum.net
102,Austina Bemand,817 Ridge Oak Court,20470,DC,abemand2t@paginegialle.it
103,Prescott Wace,46945 Cottonwood Hill,10045,NY,pwace2u@bbb.org
104,Charmine Tatham,9 Sunbrook Center,73104,OK,ctatham2v@toplist.cz
105,Tedra Stanistrete,7 Bunting Crossing,70187,LA,tstanistrete2w@cocolog-nifty.com
106,Odell Donat,9337 Paget Parkway,85020,AZ,odonat2x@thetimes.co.uk
107,Aime Cammoile,359 Towne Junction,32314,FL,acammoile2y@wordpress.org
108,Lexy Barhims,16748 Anniversary Pass,38104,TN,lbarhims2z@qq.com
109,Emma Cale,94583 Acker Court,29424,SC,ecale30@mozilla.com
110,Kayne Blare,9 Butternut Circle,94913,CA,kblare31@arstechnica.com
111,Therese Sulman,27 Gateway Court,29615,SC,tsulman32@bbb.org
112,Ignatius Blogg,0764 Montana Place,47805,IN,iblogg33@examiner.com
113,Valera Wimlett,6 Londonderry Court,67260,KS,vwimlett34@merriam-webster.com
114,Christy McCoveney,24931 Donald Center,50315,IA,cmccoveney35@gmpg.org
115,Aliza Climson,60103 Grover Terrace,90015,CA,aclimson36@msu.edu
116,Tom Parrot,9 Erie Park,02405,MA,tparrot37@addtoany.com
117,Bonnie Waycott,3645 Park Meadow Center,15215,PA,bwaycott38@umich.edu
118,Morganne Curzey,40 Butternut Lane,76310,TX,mcurzey39@ycombinator.com
119,Druci Dow,90442 Artisan Park,99210,WA,ddow3a@slashdot.org
120,Feliks Dorricott,240 Mitchell Place,35215,AL,fdorricott3b@google.co.uk
121,Dyan Byard,2836 Mallard Park,96825,HI,dbyard3c@joomla.org
122,Carmon Bampforth,37593 Elmside Hill,93106,CA,cbampforth3d@disqus.com
123,Kassia Tessyman,8035 Portage Lane,75392,TX,ktessyman3e@technorati.com
124,Maia Cockroft,1 Stuart Crossing,89130,NV,mcockroft3f@mayoclinic.com
125,Cello Barrow,3594 Esch Junction,49006,MI,cbarrow3g@nytimes.com
126,Humphrey Lukesch,86 Michigan Pass,19196,PA,hlukesch3h@gizmodo.com
127,Gaspar Grollmann,243 Badeau Lane,17622,PA,ggrollmann3i@fc2.com
128,Kirstyn Biglin,950 Grim Street,80044,CO,kbiglin3j@1und1.de
129,Obadiah Goodswen,22520 Dottie Street,32575,FL,ogoodswen3k@virginia.edu
130,Karl Jozwik,5 Morningstar Junction,63196,MO,kjozwik3l@nsw.gov.au
131,Demetria Minear,023 Rigney Street,20719,MD,dminear3m@google.com
132,Deanna Sellars,2 Packers Plaza,85040,AZ,dsellars3n@yale.edu
133,Corry Cusworth,8846 Havey Trail,33190,FL,ccusworth3o@issuu.com
134,Kori Eisikowitch,20739 Old Gate Hill,13217,NY,keisikowitch3p@msn.com
135,Ginni Gallant,33677 Westport Plaza,45203,OH,ggallant3q@craigslist.org
136,Emilie Crossman,5991 Monica Point,33487,FL,ecrossman3r@angelfire.com
137,Phylis Galland,99 Warbler Hill,50981,IA,pgalland3s@posterous.com
138,Mercie Pixton,4 Dexter Road,24503,VA,mpixton3t@sitemeter.com
139,Ann-marie Pownall,40 Claremont Center,79118,TX,apownall3u@nytimes.com
140,Hilton Maclean,173 Luster Park,06145,CT,hmaclean3v@latimes.com
141,Jerrilyn Comolli,91550 Namekagon Road,10280,NY,jcomolli3w@go.com
142,Joy Stuchberry,74815 Rieder Alley,07544,NJ,jstuchberry3x@liveinternet.ru
143,Christen Leither,383 Clarendon Trail,48258,MI,cleither3y@cam.ac.uk
144,Ephraim Heffy,80 Donald Place,85099,AZ,eheffy3z@washington.edu
145,Eolanda Larman,44 Lakewood Court,90405,CA,elarman40@archive.org
146,Bess Boggon,2 Homewood Center,73167,OK,bboggon41@answers.com
147,Laurence Kinney,57 Esker Point,27404,NC,lkinney42@rambler.ru
148,Eula O'Hollegan,031 Hanson Alley,74149,OK,eohollegan43@economist.com
149,Calypso Driffill,7 Grasskamp Parkway,49444,MI,cdriffill44@ameblo.jp
150,Peta Doerrling,99 Dryden Alley,38181,TN,pdoerrling45@over-blog.com
151,Magdalen Jackalin,52 Monterey Avenue,98687,WA,mjackalin46@paypal.com
152,Stacee Biswell,32723 Doe Crossing Hill,92867,CA,sbiswell47@sfgate.com
153,Gherardo Langhorn,888 Hoard Court,75353,TX,glanghorn48@fastcompany.com
154,Beaufort Greenan,90 American Terrace,90060,CA,bgreenan49@free.fr
155,Udall Kelland,92 Sutherland Junction,20591,DC,ukelland4a@statcounter.com
156,Calley Kennler,5 Northwestern Hill,33805,FL,ckennler4b@t.co
157,Mano Murcott,8 Aberg Park,77388,TX,mmurcott4c@indiatimes.com
158,Luis Shenley,5 Sheridan Trail,75507,TX,lshenley4d@adobe.com
159,Kermie Hazelden,30 Loftsgordon Lane,36104,AL,khazelden4e@imageshack.us
160,Keir Cockayne,95 Badeau Hill,33811,FL,kcockayne4f@xing.com
161,Vidovik Bridgnell,572 Spaight Hill,33884,FL,vbridgnell4g@dell.com
162,Justinn Gier,7429 Westend Parkway,15240,PA,jgier4h@nih.gov
163,Moise Rabbitts,73691 Ridge Oak Plaza,97211,OR,mrabbitts4i@ucoz.ru
164,Hugo Malacrida,34518 Lighthouse Bay Court,34205,FL,hmalacrida4j@bandcamp.com
165,Nanette Caley,250 Marcy Parkway,40220,KY,ncaley4k@flavors.me
166,Charissa Bloodworth,5998 Mcguire Court,85748,AZ,cbloodworth4l@dropbox.com
167,Tracie Strover,331 Gina Court,30311,GA,tstrover4m@w3.org
168,Ali Croser,8130 Bluestem Hill,72916,AR,acroser4n@shareasale.com
169,Enoch Overington,984 Colorado Park,93762,CA,eoverington4o@ezinearticles.com
170,Suzann Hirtzmann,6 Eagan Circle,33954,FL,shirtzmann4p@desdev.cn
171,Hobart McGarel,53966 Prentice Trail,25721,WV,hmcgarel4q@naver.com
172,Martica Ambrogio,28 Melby Street,44710,OH,mambrogio4r@google.com.br
173,Fremont Eady,04229 Tomscot Drive,27425,NC,feady4s@yolasite.com
174,Hedy Davydychev,35 Killdeer Way,95852,CA,hdavydychev4t@home.pl
175,Morgana Simonitto,6 Homewood Parkway,06705,CT,msimonitto4u@bbc.co.uk
176,Willdon Whyffen,64629 Arizona Way,45432,OH,wwhyffen4v@symantec.com
177,Jeanne Dey,57780 Union Road,12325,NY,jdey4w@google.pl
178,Simonette Bilsborrow,3 Tony Center,98516,WA,sbilsborrow4x@bloomberg.com
179,Ker Josifovic,78642 Hermina Drive,02745,MA,kjosifovic4y@illinois.edu
180,Alleyn Mullinder,9 Grayhawk Drive,12305,NY,amullinder4z@dmoz.org
181,Cletus St Angel,00324 Holy Cross Street,79955,TX,cst50@nationalgeographic.com
182,Launce Henricsson,66 Eggendart Drive,33355,FL,lhenricsson51@flickr.com
183,Griselda Bamell,913 Di Loreto Pass,28210,NC,gbamell52@nymag.com
184,Kirsteni Absalom,4 Grim Parkway,08650,NJ,kabsalom53@jimdo.com
185,Halie Le Marchant,6 Graedel Drive,33462,FL,hle54@auda.org.au
186,Corette Lydiatt,528 Cardinal Terrace,30328,GA,clydiatt55@w3.org
187,Tallie Esterbrook,776 Kensington Park,33310,FL,testerbrook56@wordpress.org
188,Andria McCrow,8522 Prentice Plaza,66642,KS,amccrow57@nationalgeographic.com
189,Nichole Munt,4086 Loftsgordon Parkway,19136,PA,nmunt58@huffingtonpost.com
190,Bennett Ellum,4010 Dovetail Circle,22111,VA,bellum59@bluehost.com
191,Susanna Philimore,15018 Bunting Parkway,44710,OH,sphilimore5a@bravesites.com
192,Cobb Pimley,5 Sundown Circle,92612,CA,cpimley5b@weibo.com
193,Tarra Heys,6 Calypso Court,20551,DC,theys5c@abc.net.au
194,Jerri Rivel,381 Mallory Court,33196,FL,jrivel5d@go.com
195,Garwin Domnin,87674 Lukken Center,34665,FL,gdomnin5e@ycombinator.com
196,Goldina Vallens,51163 Sunbrook Hill,02453,MA,gvallens5f@dedecms.com
197,Beau Tattershall,82807 Lakewood Place,18768,PA,btattershall5g@blogtalkradio.com
198,Roseann Feria,60 Ramsey Avenue,92145,CA,rferia5h@imgur.com
199,Sari Sunter,88 Dexter Street,94522,CA,ssunter5i@discovery.com
200,Bertram Lebel,99919 Lien Way,57188,SD,blebel5j@slate.com
201,Mallory Drache,63207 Schmedeman Hill,77293,TX,mdrache5k@github.com
202,Philippe McGrory,49 Rieder Alley,32627,FL,pmcgrory5l@wired.com
203,Avictor Klammt,723 Melody Road,33686,FL,aklammt5m@weather.com
204,Finn Melbourne,797 Farragut Avenue,77271,TX,fmelbourne5n@techcrunch.com
205,Jock Hymers,201 Comanche Street,91131,CA,jhymers5o@reddit.com
206,Maryl Wollen,1 Vernon Center,56944,DC,mwollen5p@addtoany.com
207,Shea Wrightham,207 Lotheville Way,28289,NC,swrightham5q@usa.gov
208,Harris Withams,8318 Hooker Avenue,11044,NY,hwithams5r@imgur.com
209,Caryl Nafzger,2 Hagan Avenue,20005,DC,cnafzger5s@hao123.com
210,Opalina McCrorie,38269 Westerfield Way,95354,CA,omccrorie5t@uiuc.edu
211,Mar Konert,1 Troy Trail,64190,MO,mkonert5u@loc.gov
212,Egor Farens,030 Judy Center,34949,FL,efarens5v@economist.com
213,Josefa Giraldez,966 Westridge Center,55598,MN,jgiraldez5w@twitpic.com
214,Kristel Ashenhurst,45690 Pennsylvania Street,20337,DC,kashenhurst5x@xing.com
215,Corty Dunbabin,784 Duke Plaza,64114,MO,cdunbabin5y@deliciousdays.com
216,Brade Shipperbottom,7975 Merrick Lane,48930,MI,bshipperbottom5z@eventbrite.com
217,Samantha Dootson,2086 Blue Bill Park Center,92186,CA,sdootson60@vinaora.com
218,Rosalyn O'Rafferty,3581 Clyde Gallagher Point,75062,TX,rorafferty61@howstuffworks.com
219,Maritsa Bool,09819 Express Point,60691,IL,mbool62@youtu.be
220,Coraline Espinola,88 Ruskin Place,88579,TX,cespinola63@dailymail.co.uk
221,Mayne Penhallurick,29542 Moland Crossing,92165,CA,mpenhallurick64@delicious.com
222,Brandtr Jakubowicz,1110 Carberry Parkway,20073,DC,bjakubowicz65@admin.ch
223,Joella Barbisch,00630 Stang Alley,10039,NY,jbarbisch66@vimeo.com
224,Garik Cohrs,7 Texas Place,30066,GA,gcohrs67@github.com
225,Breena Kloska,2 Armistice Point,14220,NY,bkloska68@ebay.co.uk
226,Tiphani Collicott,77 Linden Point,55487,MN,tcollicott69@jigsy.com
227,Kial Grassi,36 Monica Trail,35815,AL,kgrassi6a@chicagotribune.com
228,Kat Riggey,6 Forster Alley,23520,VA,kriggey6b@bbc.co.uk
229,Kirsteni Gerauld,9 Parkside Way,50347,IA,kgerauld6c@reverbnation.com
230,Saunder Adamsen,155 Hudson Plaza,33310,FL,sadamsen6d@nbcnews.com
231,Marylynne Lindeberg,8170 Atwood Place,94291,CA,mlindeberg6e@odnoklassniki.ru
232,Cesya Larwood,7260 Graedel Crossing,19115,PA,clarwood6f@discovery.com
233,Alfred MacKain,2 Gina Plaza,52804,IA,amackain6g@edublogs.org
234,Maribelle Calafate,0442 Killdeer Place,53225,WI,mcalafate6h@rambler.ru
235,Tiebout Dayes,513 Dryden Avenue,66286,KS,tdayes6i@wsj.com
236,Roma Kauschke,047 Sutherland Avenue,34981,FL,rkauschke6j@globo.com
237,Ottilie Wetherburn,08025 Sutteridge Drive,20530,DC,owetherburn6k@irs.gov
238,Sayre Loveitt,58644 Grim Drive,73114,OK,sloveitt6l@last.fm
239,Thomas Dadge,016 Hoard Circle,37410,TN,tdadge6m@github.io
240,Emory Ibeson,0897 Rieder Center,46226,IN,eibeson6n@vkontakte.ru
241,Rodolfo Moat,12184 Hermina Park,75049,TX,rmoat6o@wsj.com
242,Jedediah Isham,448 Redwing Plaza,38308,TN,jisham6p@devhub.com
243,Melly Kampshell,94886 Ridgeway Circle,89510,NV,mkampshell6q@berkeley.edu
244,Allyson Lowman,9 Kinsman Pass,27690,NC,alowman6r@com.com
245,Laurena Duigan,23 Buell Terrace,32511,FL,lduigan6s@vimeo.com
246,Karleen Mussetti,6 Independence Trail,33411,FL,kmussetti6t@goo.gl
247,Orly Gorger,0 Atwood Avenue,48295,MI,ogorger6u@themeforest.net
248,Giorgi Janos,65 Chinook Road,78260,TX,gjanos6v@google.de
249,Lucille Braine,58048 Mosinee Terrace,84120,UT,lbraine6w@discuz.net
250,Fran Raithbie,52 Sheridan Avenue,45403,OH,fraithbie6x@sakura.ne.jp
251,Mela O'Kynsillaghe,65 Hagan Road,13505,NY,mokynsillaghe6y@over-blog.com
252,Annamaria Baff,80 Scott Way,55127,MN,abaff6z@wsj.com
253,Ibrahim Braunds,2148 Loeprich Plaza,55127,MN,ibraunds70@amazon.co.jp
254,Quinta Smaile,50 Oak Valley Trail,89155,NV,qsmaile71@homestead.com
255,Shoshana Demeter,995 Hanover Pass,45807,OH,sdemeter72@wired.com
256,Dianna Paolazzi,24416 Service Trail,66112,KS,dpaolazzi73@163.com
257,Ahmad Antoshin,8641 Porter Crossing,56944,DC,aantoshin74@twitpic.com
258,Tisha Rose,1404 American Ash Lane,44710,OH,trose75@rediff.com
259,Terry Bath,34671 Lindbergh Lane,78278,TX,tbath76@oracle.com
260,Orsola Waldera,14 Crownhardt Plaza,06538,CT,owaldera77@va.gov
261,Federico Marciek,3 Almo Pass,14225,NY,fmarciek78@odnoklassniki.ru
262,Henrieta Badrock,403 Lien Lane,40576,KY,hbadrock79@arizona.edu
263,Lorry O'Curneen,9 Hazelcrest Park,91186,CA,locurneen7a@youtu.be
264,Riva Tremlett,06 Tomscot Point,78732,TX,rtremlett7b@redcross.org
265,Onfroi Smithies,6 Knutson Terrace,43231,OH,osmithies7c@bbb.org
266,Mallissa Merrigan,18 Dayton Trail,20456,DC,mmerrigan7d@wikia.com
267,Florida Trevithick,9485 Fordem Pass,45470,OH,ftrevithick7e@dagondesign.com
268,Ty Herreros,41 Randy Pass,55557,MN,therreros7f@cdc.gov
269,Wallie Lazenby,17 Southridge Terrace,03804,NH,wlazenby7g@irs.gov
270,Celestine Ingry,8933 Grover Place,29215,SC,cingry7h@t-online.de
271,Amye Girardini,39239 Esch Lane,35487,AL,agirardini7i@marriott.com
272,Caterina Amys,3980 Katie Street,78426,TX,camys7j@dailymotion.com
273,Emmeline Gannon,5 Del Mar Road,76129,TX,egannon7k@redcross.org
274,Kalindi Cisec,71068 Stone Corner Terrace,80305,CO,kcisec7l@oaic.gov.au
275,Marje Witherby,3 Havey Lane,35895,AL,mwitherby7m@kickstarter.com
276,Flora Regler,3034 Forster Circle,58106,ND,fregler7n@huffingtonpost.com
277,Humbert Cron,6 Fairview Place,97201,OR,hcron7o@nhs.uk
278,Irvine Acedo,5 Burrows Junction,85720,AZ,iacedo7p@opensource.org
279,Brook Nel,952 Brentwood Trail,60193,IL,bnel7q@zimbio.com
280,Kareem Lannin,7 Bultman Pass,64144,MO,klannin7r@youku.com
281,Cleve Pagin,12173 Schlimgen Parkway,53220,WI,cpagin7s@google.pl
282,Federico Bentick,4 International Trail,94207,CA,fbentick7t@a8.net
283,Bethena Domb,1 Pierstorff Lane,02216,MA,bdomb7u@oakley.com
284,Mariette Bruntje,11 Garrison Terrace,29225,SC,mbruntje7v@meetup.com
285,Darleen Nazer,1 Prairie Rose Circle,32830,FL,dnazer7w@nih.gov
286,Bertha Wethey,91830 Glacier Hill Plaza,75246,TX,bwethey7x@dion.ne.jp
287,Ahmed Simao,502 Del Sol Avenue,20231,DC,asimao7y@imdb.com
288,Antonetta Chidley,29 Elgar Way,37131,TN,achidley7z@devhub.com
289,Marchelle Kliesl,6 Eastwood Way,96154,CA,mkliesl80@printfriendly.com
290,Derry Nolte,6451 Becker Circle,80161,CO,dnolte81@gizmodo.com
291,Cornie Percy,23 Ridgeview Alley,89120,NV,cpercy82@dedecms.com
292,Patty Izzat,07 Independence Court,20566,DC,pizzat83@github.io
293,Rodd Gwyllt,906 Jana Trail,13210,NY,rgwyllt84@biblegateway.com
294,Juli Brinkley,2 Garrison Court,23504,VA,jbrinkley85@usda.gov
295,Roxane Davidoff,80086 Darwin Hill,35405,AL,rdavidoff86@hp.com
296,Farrel Scoyles,990 Waubesa Park,15230,PA,fscoyles87@virginia.edu
297,Kendall Titt,7741 Northridge Terrace,95894,CA,ktitt88@unblog.fr
298,Gerrard Firbank,470 Sycamore Hill,10009,NY,gfirbank89@dyndns.org
299,Harmon Bunting,842 Glacier Hill Hill,62794,IL,hbunting8a@apple.com
300,Reinaldo Cudbird,56 Bay Hill,20260,DC,rcudbird8b@ftc.gov
301,Phyllys Hiner,9753 Stang Parkway,87110,NM,phiner8c@va.gov
302,Kiley Marshman,7484 Luster Lane,22903,VA,kmarshman8d@blinklist.com
303,Teodoor Lutz,8464 Sutteridge Junction,46207,IN,tlutz8e@usgs.gov
304,Alfonse Dyble,56 Lien Court,36205,AL,adyble8f@virginia.edu
305,Boy Pullan,5 Susan Crossing,78783,TX,bpullan8g@creativecommons.org
306,Leonanie Gawkroge,44667 Green Parkway,38131,TN,lgawkroge8h@guardian.co.uk
307,Michelle Petrowsky,79770 Loomis Crossing,95219,CA,mpetrowsky8i@tumblr.com
308,Mari McClaurie,5 Comanche Pass,08695,NJ,mmcclaurie8j@usgs.gov
309,Corry Kerins,73 Stuart Parkway,45020,OH,ckerins8k@blogtalkradio.com
310,Carmen Ruben,1765 Bashford Street,91103,CA,cruben8l@mapy.cz
311,Gan Gierek,625 Bluestem Plaza,77554,TX,ggierek8m@timesonline.co.uk
312,Karly McGauhy,316 Prairie Rose Avenue,45432,OH,kmcgauhy8n@bloglovin.com
313,Dodie Delcastel,38225 Daystar Way,85305,AZ,ddelcastel8o@w3.org
314,Tierney Demageard,357 Washington Plaza,80126,CO,tdemageard8p@seesaa.net
315,Ladonna Doggrell,1327 Red Cloud Plaza,27150,NC,ldoggrell8q@biglobe.ne.jp
316,Ephrem McSporon,4 Ryan Avenue,85210,AZ,emcsporon8r@surveymonkey.com
317,Phillis Lehr,731 Petterle Alley,43231,OH,plehr8s@patch.com
318,Bing Champagne,68 Nevada Street,28284,NC,bchampagne8t@toplist.cz
319,Bertrando Hayley,7 Hazelcrest Avenue,48275,MI,bhayley8u@dagondesign.com
320,Federico Breznovic,11007 Novick Street,92519,CA,fbreznovic8v@slashdot.org
321,Wakefield Zanolli,76 Mcbride Plaza,89706,NV,wzanolli8w@icio.us
322,Clay Facchini,501 Kropf Road,32808,FL,cfacchini8x@digg.com
323,Rennie Bootes,0138 Sherman Drive,99709,AK,rbootes8y@wikia.com
324,Lela Hanster,95092 Fisk Crossing,22047,VA,lhanster8z@accuweather.com
325,Gregorio Fillgate,96 Commercial Way,33963,FL,gfillgate90@si.edu
326,Natala Wilkie,561 Dayton Crossing,23208,VA,nwilkie91@bing.com
327,Daffie Overstreet,3496 Elgar Terrace,73071,OK,doverstreet92@cdbaby.com
328,Bert Chesher,91306 Hanover Center,93740,CA,bchesher93@weibo.com
329,Ursala Damato,7 Gale Drive,99512,AK,udamato94@clickbank.net
330,Charlene Shankster,5 Lotheville Street,66629,KS,cshankster95@shutterfly.com
331,Petronilla Flint,1012 Harper Junction,47905,IN,pflint96@deviantart.com
332,Brodie Bownas,6410 Manitowish Crossing,06127,CT,bbownas97@globo.com
333,Barbabra Gameson,57812 Bayside Trail,95150,CA,bgameson98@prweb.com
334,Susie Pattingson,5393 Saint Paul Terrace,94660,CA,spattingson99@smh.com.au
335,Dani Goodram,87 Nova Lane,92110,CA,dgoodram9a@google.nl
336,Teresina Pett,30522 Del Sol Circle,34642,FL,tpett9b@chicagotribune.com
337,Kinsley Zuanelli,2992 Blaine Trail,46015,IN,kzuanelli9c@yellowpages.com
338,Jolynn Robjant,94946 Vermont Parkway,33487,FL,jrobjant9d@illinois.edu
339,Jada Wankling,8 Golf View Point,24004,VA,jwankling9e@va.gov
340,Malissia Uzzell,79 6th Park,47805,IN,muzzell9f@yellowpages.com
341,Boote Caron,21 Sugar Street,10009,NY,bcaron9g@issuu.com
342,Roxane Beekman,82185 Canary Parkway,78210,TX,rbeekman9h@shutterfly.com
343,Leanora Gouch,685 Carey Lane,57105,SD,lgouch9i@bloomberg.com
344,Collete Ratley,88014 Mccormick Lane,90030,CA,cratley9j@sourceforge.net
345,Rhonda Puller,8 Ramsey Street,76505,TX,rpuller9k@google.com
346,Marcile Luckman,86874 Algoma Street,33141,FL,mluckman9l@craigslist.org
347,Bart Plaister,75716 Monterey Circle,32835,FL,bplaister9m@nytimes.com
348,Robinet Tolworthy,1 Lakeland Center,97271,OR,rtolworthy9n@youtube.com
349,Oby Rozanski,7636 Buena Vista Plaza,02208,MA,orozanski9o@ebay.co.uk
350,Morly Van der Hoven,47 Holy Cross Place,77223,TX,mvan9p@usatoday.com
351,Lauri Garley,5 Claremont Pass,48919,MI,lgarley9q@over-blog.com
352,Peggy Klyner,109 Fallview Terrace,90610,CA,pklyner9r@discovery.com
353,Gayle Dudderidge,0 Park Meadow Avenue,78260,TX,gdudderidge9s@github.io
354,Desiree Frowing,75 Stephen Center,47405,IN,dfrowing9t@usda.gov
355,Rocky Bockmaster,58 Annamark Center,78255,TX,rbockmaster9u@nydailynews.com
356,Reinaldos Brooks,9 Holy Cross Junction,37235,TN,rbrooks9v@mashable.com
357,Ari Pillans,60756 Welch Park,29305,SC,apillans9w@bloglines.com
358,Nicolas Benoix,4 Wayridge Plaza,02162,MA,nbenoix9x@prnewswire.com
359,Dominica Semmens,900 5th Center,44315,OH,dsemmens9y@utexas.edu
360,Horace Garret,364 Anniversary Trail,63158,MO,hgarret9z@columbia.edu
361,Walker Deller,94508 Marcy Hill,30386,GA,wdellera0@toplist.cz
362,Shellie Whiffin,65528 Lyons Parkway,59112,MT,swhiffina1@paginegialle.it
363,Eberhard Rubertelli,1 Monument Avenue,52809,IA,erubertellia2@nationalgeographic.com
364,Marylynne Porch,52 Mitchell Terrace,79916,TX,mporcha3@aboutads.info
365,Jacklin Summerfield,88 Shelley Parkway,38181,TN,jsummerfielda4@webs.com
366,Cara Pashbee,5967 Fremont Circle,48604,MI,cpashbeea5@biblegateway.com
367,Hatty Bryan,0920 Bunting Plaza,59806,MT,hbryana6@constantcontact.com
368,Norry Woollin,920 Basil Alley,89193,NV,nwoollina7@chron.com
369,Tymothy Howsley,39 Laurel Circle,91199,CA,thowsleya8@hud.gov
370,Pansy Stallebrass,349 Monterey Crossing,33610,FL,pstallebrassa9@feedburner.com
371,Northrop Beckles,97 Mifflin Trail,94297,CA,nbecklesaa@privacy.gov.au
372,Justen Golsworthy,27 Onsgard Lane,84605,UT,jgolsworthyab@godaddy.com
373,Aldridge Testin,312 Blaine Junction,30605,GA,atestinac@globo.com
374,Flory Cameron,969 Helena Center,30096,GA,fcameronad@time.com
375,Carole Ramme,724 Di Loreto Crossing,85099,AZ,crammeae@nature.com
376,Elita Curtayne,8496 Jay Pass,32215,FL,ecurtayneaf@state.tx.us
377,Devonna Bertwistle,51 Knutson Center,60158,IL,dbertwistleag@exblog.jp
378,Currie Manjin,61 Green Street,90305,CA,cmanjinah@elpais.com
379,Ranna Yanele,2039 Milwaukee Avenue,22309,VA,ryaneleai@squarespace.com
380,Dallis Canter,093 East Terrace,19897,DE,dcanteraj@hatena.ne.jp
381,Hetty de Quesne,1732 Johnson Street,33758,FL,hdeak@eepurl.com
382,Mycah Preshaw,6842 Corscot Plaza,19125,PA,mpreshawal@usatoday.com
383,Floria Poulett,6 Paget Trail,90035,CA,fpoulettam@redcross.org
384,Gloria Dufoure,9 Graedel Park,32808,FL,gdufourean@barnesandnoble.com
385,Mikey Oldknow,7920 Ronald Regan Point,20005,DC,moldknowao@devhub.com
386,Cassi Lakin,81 Pond Trail,35405,AL,clakinap@topsy.com
387,Merry Sabin,9514 Coolidge Way,27409,NC,msabinaq@ihg.com
388,Jamima Buttrey,24 8th Street,90310,CA,jbuttreyar@bloglovin.com
389,Gasparo Pinniger,2224 Sutherland Street,76705,TX,gpinnigeras@taobao.com
390,Debera Gallier,4 Commercial Circle,44130,OH,dgallierat@4shared.com
391,Felipe Dowley,7 Hoffman Road,30351,GA,fdowleyau@a8.net
392,Ruby Beevis,711 Melrose Park,79940,TX,rbeevisav@apple.com
393,Rafferty Petrillo,33 Rutledge Terrace,13505,NY,rpetrilloaw@squarespace.com
394,Hyacinthie Loges,334 Ridge Oak Center,35295,AL,hlogesax@blinklist.com
395,Karoly Gytesham,8 Starling Street,88525,TX,kgyteshamay@wunderground.com
396,Roarke Rutgers,8556 Delaware Point,38109,TN,rrutgersaz@bloomberg.com
397,Quinton Duly,61 Monument Hill,97206,OR,qdulyb0@salon.com
398,Cacilie Welchman,67 Dennis Crossing,02216,MA,cwelchmanb1@cloudflare.com
399,Marina Erswell,8 Stone Corner Circle,85077,AZ,merswellb2@google.cn
400,Shirl Pahler,619 Summer Ridge Terrace,87592,NM,spahlerb3@nba.com
401,Jamie Ormes,84 Barby Plaza,06854,CT,jormesb4@java.com
402,Niels Roswarne,65811 Clemons Pass,20231,DC,nroswarneb5@newyorker.com
403,Oriana Estabrook,7 Mallard Way,78285,TX,oestabrookb6@blogspot.com
404,Donal Gavrieli,25 Brentwood Trail,89110,NV,dgavrielib7@jiathis.com
405,Svend Lithgow,385 Golf Course Trail,40220,KY,slithgowb8@soup.io
406,Bobine Umbers,33 Harbort Terrace,77276,TX,bumbersb9@123-reg.co.uk
407,Tonya Serot,9 Claremont Hill,48242,MI,tserotba@forbes.com
408,Darelle Bande,69729 Superior Road,95155,CA,dbandebb@rakuten.co.jp
409,Kristen Culter,359 Brickson Park Avenue,10454,NY,kculterbc@networksolutions.com
410,Christy Waistall,83627 Del Sol Lane,30096,GA,cwaistallbd@google.it
411,Natalee Arnault,1432 Cambridge Place,34611,FL,narnaultbe@ed.gov
412,York Bake,6 Forest Terrace,95138,CA,ybakebf@usda.gov
413,Adolf Barbisch,52 Mccormick Pass,30392,GA,abarbischbg@macromedia.com
414,Kaycee Whitehouse,627 Roth Avenue,77505,TX,kwhitehousebh@blogger.com
415,Carmelina MacCombe,27612 Brickson Park Hill,68583,NE,cmaccombebi@economist.com
416,Wilton Allatt,97923 Eagan Court,40524,KY,wallattbj@noaa.gov
417,Rickie Gasking,6 Dixon Avenue,96805,HI,rgaskingbk@t-online.de
418,Basil Sinkin,34 Mockingbird Hill,71161,LA,bsinkinbl@bing.com
419,Rhody Stollen,1973 Spohn Hill,07195,NJ,rstollenbm@delicious.com
420,Janela McCrory,5410 Carioca Parkway,30919,GA,jmccrorybn@typepad.com
421,Dugald Rigardeau,95114 Arapahoe Terrace,87190,NM,drigardeaubo@tuttocitta.it
422,Ertha Joul,16609 Homewood Road,48930,MI,ejoulbp@google.cn
423,Natala Vobes,4459 Miller Court,94263,CA,nvobesbq@stumbleupon.com
424,Louie Goldsworthy,877 Claremont Terrace,10170,NY,lgoldsworthybr@angelfire.com
425,Mora Mountford,556 Haas Avenue,78749,TX,mmountfordbs@pbs.org
426,Kalle Bellsham,28835 Lunder Way,47405,IN,kbellshambt@a8.net
427,Lela Rigard,10194 Fordem Place,30375,GA,lrigardbu@soup.io
428,Ysabel Craik,786 Dayton Way,10024,NY,ycraikbv@a8.net
429,Adam Akess,666 Hagan Place,68531,NE,aakessbw@sourceforge.net
430,Patten Alpine,30 Nova Junction,56944,DC,palpinebx@ovh.net
431,Artie O'Ruane,1704 Starling Court,74103,OK,aoruaneby@cisco.com
432,Karry Gritland,778 Arizona Terrace,31410,GA,kgritlandbz@stanford.edu
433,Cornie Haestier,85 School Court,32964,FL,chaestierc0@eventbrite.com
434,Joanna Rembaud,58677 Thompson Junction,19172,PA,jrembaudc1@timesonline.co.uk
435,Rivy Bohea,325 Larry Trail,60636,IL,rboheac2@un.org
436,Carlita Gamble,6 Huxley Center,36610,AL,cgamblec3@eepurl.com
437,Adey MacCracken,7455 Shelley Plaza,94207,CA,amaccrackenc4@mapquest.com
438,Lishe Wrought,426 Waxwing Trail,90071,CA,lwroughtc5@nhs.uk
439,Angelle Rapa,7432 Vidon Hill,80228,CO,arapac6@si.edu
440,Joella Westnage,4229 Sycamore Junction,75323,TX,jwestnagec7@com.com
441,Berti Breffit,3 Park Meadow Avenue,33330,FL,bbreffitc8@vkontakte.ru
442,Salomo Sindle,10930 Bellgrove Avenue,40546,KY,ssindlec9@blogger.com
443,Payton Pestor,821 Butternut Place,66276,KS,ppestorca@lulu.com
444,Harri Crilley,4 Cottonwood Park,19115,PA,hcrilleycb@jigsy.com
445,Hugues D'Adda,73085 Kingsford Place,53716,WI,hdaddacc@networksolutions.com
446,Kean Jimson,510 Cambridge Avenue,06120,CT,kjimsoncd@bing.com
447,Ronna Illing,1 Evergreen Hill,37250,TN,rillingce@qq.com
448,Philip Bartolomieu,9 Sutteridge Road,20508,DC,pbartolomieucf@360.cn
449,Tyrus Rallings,9708 Parkside Avenue,33884,FL,trallingscg@blogger.com
450,Aretha Leif,26 Jenifer Lane,85305,AZ,aleifch@symantec.com
451,Alan Bambery,93 Londonderry Center,63158,MO,abamberyci@upenn.edu
452,Goldarina Erat,54729 Pleasure Place,88546,TX,geratcj@latimes.com
453,Ferdinande Hebbs,8 Elgar Junction,55114,MN,fhebbsck@wufoo.com
454,Delores Glazyer,22 Dovetail Trail,38161,TN,dglazyercl@cbsnews.com
455,Lynsey Sherrington,1161 Ridgeway Park,35290,AL,lsherringtoncm@163.com
456,Dell Curtois,28 Sutherland Parkway,19810,DE,dcurtoiscn@studiopress.com
457,Helenka Spark,2 Crownhardt Plaza,33013,FL,hsparkco@elpais.com
458,Nikolai Tredger,997 Monica Lane,44905,OH,ntredgercp@wikia.com
459,Octavius Prestner,4672 Judy Way,55805,MN,oprestnercq@cloudflare.com
460,Zora Brewitt,07 Charing Cross Plaza,07104,NJ,zbrewittcr@weebly.com
461,Pascal Moulton,06 Myrtle Plaza,77554,TX,pmoultoncs@usnews.com
462,Nissie Haggarty,89392 Merry Street,30356,GA,nhaggartyct@apple.com
463,Bobbie Tesoe,1 Waxwing Street,32891,FL,btesoecu@gnu.org
464,Cozmo Cassells,4 Merry Trail,21239,MD,ccassellscv@alibaba.com
465,Issie Kettley,76096 Laurel Circle,34605,FL,ikettleycw@nydailynews.com
466,Fanchette Pozzo,719 Rutledge Crossing,75353,TX,fpozzocx@godaddy.com
467,Pearla Curless,8011 Schmedeman Crossing,78240,TX,pcurlesscy@twitter.com
468,Kaspar Rubertis,5 Hoffman Way,73114,OK,krubertiscz@histats.com
469,Nikolos Schaben,659 Linden Avenue,02912,RI,nschabend0@google.com
470,Rosalinde Gooble,3 Grayhawk Hill,20508,DC,rgoobled1@cpanel.net
471,Catlin Bruneton,344 Messerschmidt Way,75367,TX,cbrunetond2@fastcompany.com
472,Derk Attersoll,1764 Surrey Hill,20580,DC,dattersolld3@bloglovin.com
473,Cristin O'Cannavan,1 Quincy Lane,40745,KY,cocannavand4@pcworld.com
474,Reeva Ollet,0 Farmco Pass,48555,MI,rolletd5@creativecommons.org
475,Claudina Sprott,0446 Veith Crossing,62776,IL,csprottd6@ihg.com
476,Jacinthe Wooland,25627 Stoughton Way,77554,TX,jwoolandd7@washington.edu
477,Nichole Treacy,446 Express Terrace,33467,FL,ntreacyd8@hatena.ne.jp
478,Jackelyn Staite,2 Mariners Cove Center,10474,NY,jstaited9@hubpages.com
479,Kimmy Sellens,53 Maple Wood Point,80310,CO,ksellensda@mapquest.com
480,Eveline Janku,04650 Sutherland Place,75251,TX,ejankudb@tripod.com
481,Gwendolen Cosely,881 Mifflin Park,47306,IN,gcoselydc@samsung.com
482,Wyatan Stichel,777 Portage Trail,28210,NC,wsticheldd@webnode.com
483,Julius Fox,3 Dixon Way,96805,HI,jfoxde@goo.gl
484,Glyn Sponton,8 Thackeray Drive,22903,VA,gspontondf@nationalgeographic.com
485,Flint Clavey,0 Gulseth Circle,27710,NC,fclaveydg@scribd.com
486,Danika Kopelman,87646 Fisk Place,19160,PA,dkopelmandh@hostgator.com
487,Timmie Simison,707 Sutherland Trail,87121,NM,tsimisondi@nasa.gov
488,Rolf Pickworth,86825 Helena Lane,33906,FL,rpickworthdj@illinois.edu
489,Liam Aronowitz,59908 Jay Lane,24040,VA,laronowitzdk@businessweek.com
490,Jourdan Glazier,7 Trailsway Trail,43226,OH,jglazierdl@sciencedirect.com
491,Forester Veillard,977 Chinook Circle,33758,FL,fveillarddm@google.ca
492,Konstance Wyon,89 Towne Crossing,80291,CO,kwyondn@youtu.be
493,Tucker Twining,3 Novick Junction,61635,IL,ttwiningdo@webeden.co.uk
494,Leonid Brantl,0132 Elgar Pass,80044,CO,lbrantldp@bigcartel.com
495,Dayle Ferdinand,36438 Elka Parkway,32830,FL,dferdinanddq@shareasale.com
496,Jeniffer Gelly,12 Main Place,33758,FL,jgellydr@meetup.com
497,Sidonnie Stanlike,9946 Hazelcrest Circle,30392,GA,sstanlikeds@epa.gov
498,Eudora Dullingham,517 Delladonna Center,34135,FL,edullinghamdt@sitemeter.com
499,Ardelis Jilkes,84 Fremont Lane,55905,MN,ajilkesdu@answers.com
500,Stacee Morrison,68542 Moulton Lane,94286,CA,smorrisondv@lulu.com
501,Kiley Rickersey,9467 Almo Junction,32244,FL,krickerseydw@princeton.edu
502,Bari Staker,1404 Arkansas Pass,10557,NY,bstakerdx@ovh.net
503,Joyann Colbran,4026 Pine View Junction,07505,NJ,jcolbrandy@skyrock.com
504,Heddi Donaho,230 Haas Avenue,75251,TX,hdonahodz@samsung.com
505,Aurore Kleinmintz,98580 Mendota Trail,73135,OK,akleinmintze0@jimdo.com
506,Jeanne Odney,55 Reindahl Pass,80328,CO,jodneye1@fc2.com
507,Sharyl O'Cleary,4 Sugar Park,33647,FL,soclearye2@msn.com
508,Archie Adriaens,9 Butterfield Lane,98008,WA,aadriaense3@bing.com
509,Ronica Kiehnlt,4745 Brickson Park Pass,54313,WI,rkiehnlte4@liveinternet.ru
510,Vallie Riccetti,47 Waxwing Street,27717,NC,vriccettie5@phoca.cz
511,Bernette Ray,61841 Welch Hill,10249,NY,braye6@slideshare.net
512,Myrta Sueter,7 Rusk Park,17121,PA,msuetere7@soup.io
513,Rowland Pinks,9 Village Green Pass,20904,MD,rpinkse8@usa.gov
514,Damaris Firle,264 Erie Park,32595,FL,dfirlee9@netlog.com
515,George Chainey,64 Texas Drive,53220,WI,gchaineyea@tiny.cc
516,Jemimah Carrodus,581 Barnett Street,40210,KY,jcarroduseb@jiathis.com
517,Drucy Sinnock,61 Melrose Junction,30605,GA,dsinnockec@ebay.co.uk
518,Husein Hindenberger,033 Talisman Parkway,75392,TX,hhindenbergered@shinystat.com
519,Aubry Moye,641 Vahlen Trail,91406,CA,amoyeee@google.es
520,Gustie Molyneux,6620 Anthes Trail,85067,AZ,gmolyneuxef@businesswire.com
521,Rossie Izhak,4703 Redwing Court,10029,NY,rizhakeg@paypal.com
522,Sydney Carren,1 Clyde Gallagher Drive,30919,GA,scarreneh@shareasale.com
523,Jaquenette Backhouse,64825 Towne Court,88589,TX,jbackhouseei@tripod.com
524,Skyler Bandt,05965 Autumn Leaf Plaza,73034,OK,sbandtej@livejournal.com
525,Glynnis Mcasparan,05 Dunning Center,85099,AZ,gmcasparanek@nbcnews.com
526,Flory Deverock,0 Cardinal Park,10110,NY,fdeverockel@cdbaby.com
527,Ario Spraberry,35 Laurel Pass,62723,IL,aspraberryem@eventbrite.com
528,Ruddy Stolz,24 Talmadge Terrace,02208,MA,rstolzen@homestead.com
529,Cris Skullet,961 Gerald Parkway,60435,IL,cskulleteo@so-net.ne.jp
530,Pepi Trudgion,81970 Waxwing Junction,75037,TX,ptrudgionep@businessinsider.com
531,Cathe Kerrey,896 Heffernan Pass,12325,NY,ckerreyeq@qq.com
532,Ekaterina di Rocca,8326 Fairview Trail,34985,FL,edier@salon.com
533,Kym Levinge,0 Barnett Hill,94116,CA,klevingees@theatlantic.com
534,Mehetabel Lamort,192 Waywood Point,90189,CA,mlamortet@51.la
535,Gwendolyn Tanti,196 Thompson Lane,38150,TN,gtantieu@ihg.com
536,Sharyl Keune,01921 Springview Trail,96835,HI,skeuneev@nationalgeographic.com
537,Annie Twist,5 Holy Cross Lane,34290,FL,atwistew@unblog.fr
538,Ransom Sterke,708 Bellgrove Circle,55402,MN,rsterkeex@bigcartel.com
539,Pavia MacCafferky,28022 Everett Junction,64136,MO,pmaccafferkyey@army.mil
540,Nester Magnus,9 Grim Crossing,46406,IN,nmagnusez@google.co.uk
541,Madalyn Houtby,88942 Spenser Hill,64179,MO,mhoutbyf0@wp.com
542,Stephani Griffen,23 Swallow Park,85710,AZ,sgriffenf1@so-net.ne.jp
543,Meggy Lovemore,475 Kingsford Pass,44305,OH,mlovemoref2@phoca.cz
544,Norene Shuttle,45 Talisman Center,68110,NE,nshuttlef3@paypal.com
545,Locke Schuck,43596 Dryden Junction,37995,TN,lschuckf4@bloomberg.com
546,Adolf Gorner,04 Del Mar Trail,98121,WA,agornerf5@gravatar.com
547,Carla Riolfo,131 New Castle Trail,95397,CA,criolfof6@earthlink.net
548,Brooke Vittle,68024 Pepper Wood Avenue,45208,OH,bvittlef7@blinklist.com
549,Zorah Inge,649 Fairfield Point,20041,DC,zingef8@samsung.com
550,Guillemette Maly,45435 Ilene Pass,70836,LA,gmalyf9@ow.ly
551,Micheline Alderman,2 Fuller Street,49544,MI,maldermanfa@cam.ac.uk
552,Starlin Chaves,06 Schlimgen Point,37914,TN,schavesfb@google.ru
553,Melisse Cyples,13167 Anzinger Road,40596,KY,mcyplesfc@unesco.org
554,Benedict Cicchetto,2 Carpenter Way,48555,MI,bcicchettofd@globo.com
555,Rich Buske,4 Graedel Street,33961,FL,rbuskefe@boston.com
556,Rivy Beenham,68415 Pleasure Court,53220,WI,rbeenhamff@ow.ly
557,Ira Klimas,1 Chive Park,08619,NJ,iklimasfg@csmonitor.com
558,Artie Peabody,6459 Truax Hill,93106,CA,apeabodyfh@state.tx.us
559,Jae Ballantine,471 Calypso Place,77245,TX,jballantinefi@dailymotion.com
560,Mehetabel Coatts,157 3rd Crossing,20022,DC,mcoattsfj@jiathis.com
561,Celisse Tremolieres,98 Twin Pines Pass,76129,TX,ctremolieresfk@bloglovin.com
562,Alasdair Sinnat,53 Vermont Avenue,90045,CA,asinnatfl@uiuc.edu
563,Carlynne Medford,2 Del Sol Alley,94116,CA,cmedfordfm@arizona.edu
564,Edan Moline,5 Blue Bill Park Court,45208,OH,emolinefn@hugedomains.com
565,Tandy Neachell,601 Namekagon Road,75799,TX,tneachellfo@scientificamerican.com
566,Teodorico Dallander,3 Mockingbird Trail,47719,IN,tdallanderfp@apple.com
567,Dione Patrick,08961 Hermina Pass,27415,NC,dpatrickfq@washingtonpost.com
568,Hanny Quinney,873 Buell Center,16550,PA,hquinneyfr@fc2.com
569,Thornie Skipper,262 Badeau Point,32505,FL,tskipperfs@php.net
570,Jordanna Coldicott,565 Comanche Circle,30375,GA,jcoldicottft@sohu.com
571,Neille Frain,954 Duke Terrace,55436,MN,nfrainfu@1und1.de
572,Caria Jellett,8194 Fuller Crossing,92519,CA,cjellettfv@booking.com
573,Walden Rankcom,584 Bartelt Park,36616,AL,wrankcomfw@purevolume.com
574,Artair Greville,82 Amoth Parkway,90035,CA,agrevillefx@nhs.uk
575,Alverta Blaydon,90 Lindbergh Junction,62711,IL,ablaydonfy@narod.ru
576,Quintus Luby,8694 Twin Pines Circle,31190,GA,qlubyfz@ning.com
577,Ian Newbold,7924 Buhler Point,60609,IL,inewboldg0@stumbleupon.com
578,Blaine Dounbare,2 Vahlen Court,85205,AZ,bdounbareg1@privacy.gov.au
579,Corinne Chatfield,9287 Continental Park,79769,TX,cchatfieldg2@hostgator.com
580,Clo Doornbos,23 Barnett Alley,28805,NC,cdoornbosg3@merriam-webster.com
581,Amabel Evill,64 Valley Edge Alley,22333,VA,aevillg4@uiuc.edu
582,Alfie Feek,7 Holmberg Junction,78225,TX,afeekg5@ameblo.jp
583,Hamel Pellew,8 Cardinal Road,77206,TX,hpellewg6@un.org
584,Jordon Brideaux,38068 Riverside Park,28284,NC,jbrideauxg7@google.co.uk
585,Abramo O'Mannion,1 Loeprich Road,57110,SD,aomanniong8@bbb.org
586,Whitman Lammerts,21 Sommers Park,98481,WA,wlammertsg9@prnewswire.com
587,Kit Isabell,171 Oriole Parkway,02305,MA,kisabellga@hao123.com
588,Ariella Grassi,567 Homewood Court,33034,FL,agrassigb@ibm.com
589,Amelia Higounet,6 Fieldstone Avenue,55585,MN,ahigounetgc@geocities.jp
590,Keith Snodden,11135 Brown Street,91131,CA,ksnoddengd@yellowbook.com
591,Yorker Lucas,81765 Amoth Place,45999,OH,ylucasge@virginia.edu
592,Ardyth Algy,38165 Iowa Point,27264,NC,aalgygf@slashdot.org
593,Shauna Kubatsch,6 Spohn Crossing,63158,MO,skubatschgg@auda.org.au
594,Barb Ivantyev,32970 Basil Crossing,21282,MD,bivantyevgh@google.nl
595,Wrennie Shackelton,045 North Circle,20414,DC,wshackeltongi@umn.edu
596,Frances Lehrahan,02643 Ruskin Center,10170,NY,flehrahangj@ucla.edu
597,Erl Croxford,37 6th Place,76305,TX,ecroxfordgk@spiegel.de
598,Corabella Shuttleworth,7942 Swallow Lane,46207,IN,cshuttleworthgl@oakley.com
599,Vikki Jecks,7312 Fallview Junction,29220,SC,vjecksgm@domainmarket.com
600,Cristabel Kinton,459 Swallow Lane,37914,TN,ckintongn@pagesperso-orange.fr
601,Maxine Navarro,13653 Burning Wood Drive,94660,CA,mnavarrogo@kickstarter.com
602,Allin Jaggar,3 Jenna Pass,21203,MD,ajaggargp@nih.gov
603,Nicholle Rabl,191 East Crossing,81005,CO,nrablgq@seattletimes.com
604,Philippine Daugherty,89 Larry Alley,27415,NC,pdaughertygr@unicef.org
605,Tybie Oseman,256 Orin Way,20005,DC,tosemangs@webeden.co.uk
606,Emma Gerger,2312 Lawn Lane,77223,TX,egergergt@seattletimes.com
607,Letta Zuker,5 Forster Terrace,89519,NV,lzukergu@cafepress.com
608,Donovan Steptowe,140 Westport Alley,30061,GA,dsteptowegv@hp.com
609,Annora Guido,749 Vermont Crossing,18105,PA,aguidogw@furl.net
610,Sherwood Giacopelo,75 Sullivan Trail,34282,FL,sgiacopelogx@google.com
611,Katrina Farrants,75978 Green Ridge Street,98664,WA,kfarrantsgy@alibaba.com
612,Oralle Halstead,57601 New Castle Place,77386,TX,ohalsteadgz@irs.gov
613,Valentin Mulbery,18 Orin Street,25305,WV,vmulberyh0@wired.com
614,Saw Niemiec,0 Oak Junction,91520,CA,sniemiech1@deliciousdays.com
615,Erik Poone,0 Ronald Regan Junction,32590,FL,epooneh2@si.edu
616,Danila Pays,91735 Sunbrook Terrace,53405,WI,dpaysh3@stumbleupon.com
617,Pauletta Preedy,30859 Mallard Avenue,19805,DE,ppreedyh4@nba.com
618,Karena Preshaw,59283 Beilfuss Trail,93762,CA,kpreshawh5@unesco.org
619,Kellia Hamill,80 Morning Point,51110,IA,khamillh6@t-online.de
620,Jeromy Bassam,2538 Miller Circle,98405,WA,jbassamh7@howstuffworks.com
621,Norean Visco,00319 Columbus Street,44705,OH,nviscoh8@google.com
622,Ryan Clifton,14 Maple Court,65805,MO,rcliftonh9@weebly.com
623,Maryjane Doggart,493 Farmco Park,92145,CA,mdoggartha@plala.or.jp
624,Dido Capaldi,502 Magdeline Plaza,77005,TX,dcapaldihb@about.me
625,Merna Klugel,2 Ludington Street,33153,FL,mklugelhc@china.com.cn
626,Rem Whal,51966 Ridge Oak Circle,29905,SC,rwhalhd@webeden.co.uk
627,Wini Yukhnini,232 Commercial Drive,20299,DC,wyukhninihe@clickbank.net
628,Martynne Bestiman,82238 Ramsey Court,13251,NY,mbestimanhf@usda.gov
629,Davina Ozintsev,76 Trailsway Court,40510,KY,dozintsevhg@unicef.org
630,Glynis Labrone,78204 Mariners Cove Terrace,55166,MN,glabronehh@jimdo.com
631,Rheba Wyllie,098 Maywood Circle,79452,TX,rwylliehi@usgs.gov
632,Lise Futter,5 Warbler Street,13505,NY,lfutterhj@marriott.com
633,Clary Dewhurst,497 Mallory Way,25726,WV,cdewhursthk@ask.com
634,Gaye Geater,5 Independence Crossing,90398,CA,ggeaterhl@51.la
635,Corbie Seacombe,18756 New Castle Crossing,78215,TX,cseacombehm@icq.com
636,Katey Micklewicz,16663 Longview Lane,44505,OH,kmicklewiczhn@eventbrite.com
637,Marvin Ledrane,22 Packers Street,14269,NY,mledraneho@hatena.ne.jp
638,Yardley Licquorish,54969 Maple Park,16550,PA,ylicquorishhp@hud.gov
639,Tymon Pates,601 Homewood Drive,78296,TX,tpateshq@ocn.ne.jp
640,Mendel Boys,8 Graceland Point,80262,CO,mboyshr@quantcast.com
641,Gallagher Cardillo,324 Huxley Plaza,33673,FL,gcardillohs@npr.org
642,Lacy Winslade,5364 High Crossing Avenue,02216,MA,lwinsladeht@hostgator.com
643,Farra Rosenbloom,782 Butternut Plaza,53779,WI,frosenbloomhu@globo.com
644,Paco Thacke,226 Merry Place,50315,IA,pthackehv@mapquest.com
645,Serge Hall,77 Moose Parkway,77223,TX,shallhw@spiegel.de
646,Magdalen Bartles,564 Shasta Place,79916,TX,mbartleshx@fda.gov
647,Sam Dredge,75522 Rockefeller Center,04109,ME,sdredgehy@jimdo.com
648,Alaric Vedyaev,147 Butternut Avenue,76544,TX,avedyaevhz@mayoclinic.com
649,Brad Richel,78874 Stuart Junction,33330,FL,bricheli0@nyu.edu
650,Pascale Mercey,719 Anniversary Way,08603,NJ,pmerceyi1@vinaora.com
651,Wiley Kubiczek,79 Butterfield Crossing,36205,AL,wkubiczeki2@bluehost.com
652,Diego Billo,94 Vera Pass,34102,FL,dbilloi3@ted.com
653,Jada Harmes,5327 John Wall Trail,60614,IL,jharmesi4@google.pl
654,Saba Bownass,32 Marquette Lane,27409,NC,sbownassi5@gravatar.com
655,Yalonda Belcham,4467 Badeau Plaza,80015,CO,ybelchami6@jugem.jp
656,Syman Willingam,517 Hallows Trail,80235,CO,swillingami7@admin.ch
657,Jackelyn Chestle,0 Waywood Way,06505,CT,jchestlei8@parallels.com
658,Francesco Sheran,6 Lakeland Point,87180,NM,fsherani9@mtv.com
659,Corry Lobell,873 Rieder Trail,33245,FL,clobellia@constantcontact.com
660,Zachary Bergstrand,80184 Butterfield Drive,33705,FL,zbergstrandib@technorati.com
661,Hunfredo Lemar,82 Florence Alley,43215,OH,hlemaric@mozilla.com
662,Niki Rentoll,8 International Pass,10170,NY,nrentollid@amazonaws.com
663,Sampson Gorthy,1741 Duke Crossing,50936,IA,sgorthyie@indiatimes.com
664,Josh Odell,920 Susan Center,33982,FL,jodellif@flavors.me
665,Isadore Denziloe,4248 Schurz Terrace,02905,RI,idenziloeig@toplist.cz
666,Christalle Gelletly,03129 Linden Point,20816,MD,cgelletlyih@bloglovin.com
667,Philomena Dorman,34379 Basil Lane,98417,WA,pdormanii@histats.com
668,Kimmie O'Keeffe,0 Dunning Way,06120,CT,kokeeffeij@ucsd.edu
669,Mirabella Swancott,93792 Birchwood Street,20062,DC,mswancottik@goo.gl
670,Maribel Bridden,5 Waubesa Point,80209,CO,mbriddenil@house.gov
671,Candi Filpi,011 Bonner Court,90050,CA,cfilpiim@abc.net.au
672,Alwin BURWIN,269 Crowley Way,78737,TX,aburwinin@list-manage.com
673,Yehudi Phelp,92 Vernon Park,19805,DE,yphelpio@indiatimes.com
674,Audre Rule,75 John Wall Place,10705,NY,aruleip@dell.com
675,Scot Hackleton,24337 Corben Terrace,33185,FL,shackletoniq@slate.com
676,Thoma Naylor,31345 Bunker Hill Terrace,19178,PA,tnaylorir@github.io
677,Pennie Paylor,6 Blaine Avenue,34981,FL,ppayloris@scientificamerican.com
678,Diann Ivashev,60487 Porter Court,10004,NY,divashevit@microsoft.com
679,Cherish Yeoland,6055 Johnson Terrace,79945,TX,cyeolandiu@baidu.com
680,Alison Spinozzi,1 Arrowood Street,77299,TX,aspinozziiv@disqus.com
681,Cris Ive,0 Drewry Trail,01905,MA,civeiw@wikispaces.com
682,Theressa Sturgess,407 1st Circle,75241,TX,tsturgessix@yelp.com
683,Rodolph McNish,57 Hagan Street,95298,CA,rmcnishiy@nymag.com
684,Maryanna Skews,66 Parkside Plaza,72905,AR,mskewsiz@hao123.com
685,Ash Daice,14 Westport Street,77055,TX,adaicej0@reference.com
686,Clayborn Madgett,004 Parkside Court,90840,CA,cmadgettj1@disqus.com
687,Roberta Aitkenhead,0 Westport Court,33075,FL,raitkenheadj2@google.de
688,Robby Pawellek,6 Northport Drive,34135,FL,rpawellekj3@cmu.edu
689,Ariana Pridden,228 Westport Avenue,02305,MA,apriddenj4@state.gov
690,Wendeline Davio,1 Lawn Lane,33625,FL,wdavioj5@home.pl
691,Ransell Dotson,69 Sutherland Place,93094,CA,rdotsonj6@goodreads.com
692,Livvie Quilter,0 Milwaukee Hill,76129,TX,lquilterj7@scientificamerican.com
693,Carr Wahner,9591 Hovde Hill,08650,NJ,cwahnerj8@miibeian.gov.cn
694,Karee Tarbin,700 Southridge Court,64187,MO,ktarbinj9@t-online.de
695,Brewer Schimank,250 Darwin Place,98411,WA,bschimankja@digg.com
696,Nelle Bosse,46 Sloan Point,98175,WA,nbossejb@tumblr.com
697,Carly Arblaster,73 Lindbergh Lane,40618,KY,carblasterjc@independent.co.uk
698,Ichabod Brodnecke,3 Homewood Hill,23705,VA,ibrodneckejd@barnesandnoble.com
699,Sabra Steedman,92 Nevada Avenue,15230,PA,ssteedmanje@ezinearticles.com
700,Garth Parlor,8 Bartelt Drive,79705,TX,gparlorjf@myspace.com
701,Christie Lafford,77 Barnett Point,39296,MS,claffordjg@naver.com
702,Sammie Sustins,82472 Fallview Way,98417,WA,ssustinsjh@gmpg.org
703,Xerxes Gussie,754 Shelley Park,23663,VA,xgussieji@google.ru
704,Jillana Gianilli,5 Lighthouse Bay Road,10705,NY,jgianillijj@studiopress.com
705,Rhonda Bortoluzzi,45421 Sherman Plaza,98195,WA,rbortoluzzijk@sakura.ne.jp
706,Geneva Peterffy,439 Green Center,10029,NY,gpeterffyjl@ezinearticles.com
707,Jeanette Minchinton,493 Green Ridge Avenue,77266,TX,jminchintonjm@yelp.com
708,Mickey Loades,30 New Castle Hill,60630,IL,mloadesjn@about.com
709,Chase Lamkin,8 Clemons Street,95852,CA,clamkinjo@aboutads.info
710,Cleon Seagar,559 Vermont Avenue,34282,FL,cseagarjp@phoca.cz
711,Barbette Bailess,56303 Eastlawn Way,18768,PA,bbailessjq@netscape.com
712,Dina Hacun,7 Saint Paul Park,17126,PA,dhacunjr@com.com
713,Aggi Clyburn,8 Randy Lane,78759,TX,aclyburnjs@bloglines.com
714,Odelinda Hegerty,5485 Kedzie Parkway,27635,NC,ohegertyjt@feedburner.com
715,Shaine Rioch,235 Acker Lane,65898,MO,sriochju@prweb.com
716,Udale Siley,1 Nevada Plaza,82007,WY,usileyjv@weibo.com
717,Cristine Karoly,1033 Harbort Crossing,78783,TX,ckarolyjw@yahoo.co.jp
718,Homer Kruschev,83 Graceland Center,79182,TX,hkruschevjx@sciencedirect.com
719,Robby Lough,3934 Oak Valley Junction,92415,CA,rloughjy@wordpress.com
720,Lorene Itzig,0591 Pepper Wood Junction,77346,TX,litzigjz@gnu.org
721,Devina Gane,4400 Milwaukee Terrace,71161,LA,dganek0@51.la
722,Shirlee Dodamead,6 Meadow Ridge Avenue,85015,AZ,sdodameadk1@google.co.uk
723,Reginauld Fuente,32481 7th Center,32314,FL,rfuentek2@geocities.com
724,Liane O'Dunneen,61 Eastwood Alley,93778,CA,lodunneenk3@chronoengine.com
725,Curcio Buchanan,7966 Eggendart Point,88589,TX,cbuchanank4@tinypic.com
726,Filide Isaq,9069 Carey Street,55115,MN,fisaqk5@house.gov
727,Feliks Samwyse,90149 Darwin Parkway,34210,FL,fsamwysek6@ucoz.ru
728,Ives Bassingden,83 Johnson Terrace,43204,OH,ibassingdenk7@nhs.uk
729,Early Tolhurst,1863 Veith Lane,11215,NY,etolhurstk8@miibeian.gov.cn
730,Marty Poupard,3499 Dovetail Avenue,11407,NY,mpoupardk9@ucoz.ru
731,Tait Dexter,57509 Ronald Regan Park,60691,IL,tdexterka@nbcnews.com
732,Joelie Gulliford,232 Esch Center,99205,WA,jgullifordkb@tmall.com
733,Crawford Feake,2133 7th Avenue,92160,CA,cfeakekc@nhs.uk
734,Lockwood Burrett,79 Carpenter Circle,75799,TX,lburrettkd@chron.com
735,Regen Beecker,1 Summit Trail,28256,NC,rbeeckerke@bing.com
736,Shelby Copo,23 Pennsylvania Parkway,87195,NM,scopokf@csmonitor.com
737,Betteanne Nickell,5039 Stephen Alley,44705,OH,bnickellkg@youtu.be
738,Nikita Hutsby,96826 Sloan Lane,92405,CA,nhutsbykh@nydailynews.com
739,Abra Cleft,7289 Raven Alley,87110,NM,acleftki@photobucket.com
740,Valera Abramovic,0 Fremont Center,55579,MN,vabramovickj@creativecommons.org
741,Euell Tomaszkiewicz,4593 Cherokee Plaza,08922,NJ,etomaszkiewiczkk@bbc.co.uk
742,Annelise Overal,70 5th Court,77288,TX,aoveralkl@chronoengine.com
743,Rosemaria Ionnisian,473 Golf View Hill,06912,CT,rionnisiankm@wikipedia.org
744,Fredrick Brimilcombe,17959 Canary Lane,46406,IN,fbrimilcombekn@yahoo.com
745,Cary Torpie,5787 Basil Lane,35405,AL,ctorpieko@yale.edu
746,Roderick Giabuzzi,055 Fremont Park,33805,FL,rgiabuzzikp@nba.com
747,Dicky Pleager,123 Waxwing Circle,11431,NY,dpleagerkq@berkeley.edu
748,Chen Coneley,4 Michigan Center,47737,IN,cconeleykr@goodreads.com
749,Blondelle Holborn,9 Algoma Place,06721,CT,bholbornks@chron.com
750,Flynn Bollam,745 Veith Avenue,64160,MO,fbollamkt@people.com.cn
751,Petunia Mauger,97499 Rockefeller Center,77240,TX,pmaugerku@devhub.com
752,Patricio Grove,8271 Esker Road,46254,IN,pgrovekv@slate.com
753,Clio Ardern,19 Montana Park,11231,NY,cardernkw@amazon.de
754,Ulrike Sealy,109 Basil Pass,85720,AZ,usealykx@bloglovin.com
755,Charmaine O'Donnell,26917 2nd Circle,33647,FL,codonnellky@miitbeian.gov.cn
756,Englebert Citrine,9 Johnson Drive,45218,OH,ecitrinekz@dion.ne.jp
757,Muffin Spiers,2 Dawn Circle,45203,OH,mspiersl0@google.it
758,Madalena Pauel,1 Morrow Trail,02453,MA,mpauell1@adobe.com
759,Yorke Alenin,42672 Duke Alley,53726,WI,yaleninl2@columbia.edu
760,Tom Lilloe,63220 Nancy Plaza,55436,MN,tlilloel3@youtube.com
761,Claresta Atheis,124 Buhler Drive,38197,TN,catheisl4@yolasite.com
762,Sela Dominicacci,90862 4th Road,10270,NY,sdominicaccil5@taobao.com
763,Lonee Jerdan,3088 Warbler Pass,33330,FL,ljerdanl6@about.com
764,Allix Stickler,50 David Plaza,78759,TX,asticklerl7@bluehost.com
765,Riccardo Govern,36779 Bonner Park,78250,TX,rgovernl8@techcrunch.com
766,Kasey Exer,459 Spenser Alley,37931,TN,kexerl9@eventbrite.com
767,Bel Itshak,0 Myrtle Lane,63196,MO,bitshakla@thetimes.co.uk
768,Aldrich Checo,49 Marcy Center,77806,TX,achecolb@ox.ac.uk
769,Kettie Claire,55532 Pine View Point,89160,NV,kclairelc@ovh.net
770,Ricki Altham,7 Kropf Circle,50315,IA,ralthamld@yahoo.co.jp
771,Augustus Tutin,143 Transport Avenue,39305,MS,atutinle@google.com
772,Theresita Crippes,920 Miller Hill,36104,AL,tcrippeslf@nhs.uk
773,Dulce Dick,9 Colorado Trail,34233,FL,ddicklg@ehow.com
774,Bennie Lamy,5647 Surrey Plaza,55428,MN,blamylh@mlb.com
775,Laird Fouracre,493 New Castle Avenue,46699,IN,lfouracreli@house.gov
776,Devlin Vivien,064 La Follette Plaza,93907,CA,dvivienlj@tuttocitta.it
777,Lock Norwich,57508 Upham Circle,48609,MI,lnorwichlk@blogger.com
778,Lindy Frankiss,247 Veith Court,12210,NY,lfrankissll@reddit.com
779,Anabal Cregan,297 Clemons Trail,44310,OH,acreganlm@businesswire.com
780,Deb Sangra,766 Mallory Terrace,93150,CA,dsangraln@ed.gov
781,Constantine Crotty,459 Springview Center,84145,UT,ccrottylo@google.es
782,Grantham Rothon,9445 Porter Court,84140,UT,grothonlp@huffingtonpost.com
783,Hugh O'Hartigan,3 Wayridge Drive,37605,TN,hohartiganlq@sphinn.com
784,Diann Van Giffen,852 Butterfield Center,40576,KY,dvanlr@imageshack.us
785,Georgena Stone,4 Sloan Circle,62723,IL,gstonels@pinterest.com
786,Judon Matskiv,47 Knutson Pass,33196,FL,jmatskivlt@i2i.jp
787,Rosalinda Kelwick,42 Mallard Junction,02162,MA,rkelwicklu@zimbio.com
788,Mallissa Ickeringill,93 Oakridge Crossing,19196,PA,mickeringilllv@abc.net.au
789,Rosamund Angus,99 Brown Hill,33715,FL,ranguslw@homestead.com
790,Georgena Wallenger,4 Sloan Junction,19886,DE,gwallengerlx@mozilla.com
791,Edeline Eldered,19518 Moulton Point,20883,MD,eelderedly@cafepress.com
792,Jeff Opdenort,0 Banding Court,35895,AL,jopdenortlz@ca.gov
793,Reine Roston,368 Corscot Parkway,33610,FL,rrostonm0@howstuffworks.com
794,Chantalle Rendell,3861 Dovetail Parkway,36616,AL,crendellm1@disqus.com
795,Hilton Bentz,1 Kinsman Crossing,92844,CA,hbentzm2@mapy.cz
796,Jecho Snowdon,45 Buena Vista Street,79968,TX,jsnowdonm3@yahoo.com
797,Say Nyssen,908 Little Fleur Trail,21282,MD,snyssenm4@1688.com
798,Raynor Abells,42553 Pennsylvania Pass,20010,DC,rabellsm5@upenn.edu
799,Ilse Grimshaw,55 Menomonie Road,75205,TX,igrimshawm6@google.es
800,Lory Saylor,3551 Sycamore Hill,55905,MN,lsaylorm7@mtv.com
801,Marven Cathee,520 Oriole Avenue,95194,CA,mcatheem8@merriam-webster.com
802,Denny Sarrell,5 Monterey Center,14269,NY,dsarrellm9@bbb.org
803,Lotta Slayton,5555 Hollow Ridge Plaza,20719,MD,lslaytonma@4shared.com
804,Noah Argile,63226 Garrison Street,21211,MD,nargilemb@mtv.com
805,Sidonia Olennikov,27947 Bultman Center,85020,AZ,solennikovmc@usda.gov
806,Emmott O'Grogane,9970 Dahle Circle,24034,VA,eogroganemd@acquirethisname.com
807,Dillon Blackett,68 Swallow Park,23324,VA,dblackettme@nydailynews.com
808,Raf Blencoe,566 Northview Hill,88558,TX,rblencoemf@ibm.com
809,Nichole Dukelow,070 Acker Street,36670,AL,ndukelowmg@theguardian.com
810,Connie Swaisland,77 Westend Hill,76210,TX,cswaislandmh@blogger.com
811,Antonina Coombes,82 Rusk Park,14652,NY,acoombesmi@mysql.com
812,Alvin Starr,299 Birchwood Drive,02458,MA,astarrmj@prnewswire.com
813,Judie Patmore,79448 Shoshone Place,45264,OH,jpatmoremk@linkedin.com
814,Ree Ramshaw,8049 Hayes Alley,48267,MI,rramshawml@rambler.ru
815,Alia O' Liddy,8368 Clemons Parkway,77293,TX,aomm@mtv.com
816,Loreen Adlem,69 Dixon Circle,94245,CA,ladlemmn@gmpg.org
817,Saba Easseby,9219 Eggendart Parkway,62756,IL,seassebymo@bloglovin.com
818,Alex Tireman,54 Weeping Birch Circle,74141,OK,atiremanmp@google.pl
819,Floria Inde,1 Oxford Lane,79955,TX,findemq@elegantthemes.com
820,Wallis Laidler,486 La Follette Hill,22047,VA,wlaidlermr@amazon.de
821,Philip Cumberbatch,77 Holy Cross Junction,93762,CA,pcumberbatchms@themeforest.net
822,Barnabas Fetterplace,26 Straubel Way,74170,OK,bfetterplacemt@tinypic.com
823,Auria Pordall,02 Lillian Plaza,92105,CA,apordallmu@amazon.com
824,Mirabella Irvin,83119 Nancy Way,85311,AZ,mirvinmv@spiegel.de
825,Ronni Hort,3274 Dapin Way,97232,OR,rhortmw@addtoany.com
826,Brockie Havvock,7 Sauthoff Drive,64125,MO,bhavvockmx@clickbank.net
827,Jeddy Glander,3 Sloan Circle,13205,NY,jglandermy@scientificamerican.com
828,Costa MacGillespie,67 Nova Circle,32209,FL,cmacgillespiemz@miitbeian.gov.cn
829,Valentin Hibbart,1 Morning Circle,01605,MA,vhibbartn0@smh.com.au
830,Cynthy Crosse,34127 Wayridge Street,20210,DC,ccrossen1@microsoft.com
831,Rawley Gerin,17 Darwin Circle,47905,IN,rgerinn2@bbb.org
832,Tania Shwenn,53 Briar Crest Terrace,46805,IN,tshwennn3@ifeng.com
833,Ingar Cazalet,193 Helena Place,02203,MA,icazaletn4@prlog.org
834,Heriberto Riggert,139 Shoshone Terrace,24009,VA,hriggertn5@weebly.com
835,Yves Pasmore,72 Bay Alley,33305,FL,ypasmoren6@diigo.com
836,Briney Kipling,08328 Mcguire Way,19810,DE,bkiplingn7@paginegialle.it
837,Dexter Elsdon,80826 Golf Course Terrace,66286,KS,delsdonn8@ox.ac.uk
838,Marietta Beedon,45 Amoth Center,94177,CA,mbeedonn9@census.gov
839,Sonia Jinkinson,86 Wayridge Drive,53263,WI,sjinkinsonna@businessweek.com
840,Hervey Luther,2230 Moulton Parkway,39505,MS,hluthernb@diigo.com
841,Hestia Ollive,248 Sunbrook Alley,63143,MO,hollivenc@blogtalkradio.com
842,Elvina Wardlaw,6 Mcguire Parkway,63110,MO,ewardlawnd@ucsd.edu
843,Aeriell Turgoose,64319 Grim Parkway,24020,VA,aturgoosene@list-manage.com
844,Rodger Rosle,1 Waubesa Drive,97221,OR,rroslenf@macromedia.com
845,Julissa Gibling,1098 Vermont Park,83732,ID,jgiblingng@kickstarter.com
846,Martica Rowney,025 Ruskin Road,93150,CA,mrowneynh@irs.gov
847,Morley Lavis,0 Bartillon Crossing,38181,TN,mlavisni@about.me
848,Jeniffer Gilyott,6994 Carey Place,20238,DC,jgilyottnj@people.com.cn
849,Rebe Feighry,720 Arapahoe Trail,36205,AL,rfeighrynk@paginegialle.it
850,Sheeree Kennealy,3 Carey Way,20456,DC,skennealynl@ft.com
851,Thatcher Chedgey,64 Northview Circle,93584,CA,tchedgeynm@dailymotion.com
852,Jillana Liggens,86849 Loftsgordon Trail,95865,CA,jliggensnn@imdb.com
853,Debor Tayt,6 Emmet Plaza,73157,OK,dtaytno@shareasale.com
854,Seline Tallet,4 Manufacturers Trail,84115,UT,stalletnp@github.com
855,Gertrude Dykes,83 Hauk Pass,94132,CA,gdykesnq@imageshack.us
856,Guido Scoles,2 Barnett Way,94126,CA,gscolesnr@cargocollective.com
857,Sosanna Boustead,37054 Moland Plaza,90035,CA,sbousteadns@salon.com
858,Sig Anthon,6 Derek Court,76016,TX,santhonnt@home.pl
859,Cristobal Keese,163 Homewood Road,37939,TN,ckeesenu@nature.com
860,Gayla Bagshawe,422 Brickson Park Point,10275,NY,gbagshawenv@printfriendly.com
861,Ruttger Upham,38588 Hazelcrest Way,76544,TX,ruphamnw@scribd.com
862,Wyatan Giacovazzo,285 Armistice Hill,79410,TX,wgiacovazzonx@flavors.me
863,Lynnell Tann,28246 Grim Parkway,79945,TX,ltannny@nih.gov
864,Baillie Ganning,37 Debs Pass,85030,AZ,bganningnz@pagesperso-orange.fr
865,Glen Iacovuzzi,4 Truax Point,95205,CA,giacovuzzio0@netvibes.com
866,Kliment Teaser,11929 Cottonwood Road,94116,CA,kteasero1@state.tx.us
867,Opalina Cowmeadow,17052 Eggendart Way,75241,TX,ocowmeadowo2@acquirethisname.com
868,Flory Warboy,9693 South Junction,98206,WA,fwarboyo3@ca.gov
869,Denny Grice,91 Troy Trail,08922,NJ,dgriceo4@salon.com
870,Bradney Hebditch,7214 Ridgeway Pass,40576,KY,bhebditcho5@youtu.be
871,Maggie Sparrowhawk,5 Donald Point,32277,FL,msparrowhawko6@craigslist.org
872,Josias Yosselevitch,333 Union Street,36119,AL,jyosselevitcho7@tuttocitta.it
873,Evangeline Luckham,38 Southridge Plaza,35220,AL,eluckhamo8@bbb.org
874,Sammy Seckom,86 Debra Pass,20892,MD,sseckomo9@foxnews.com
875,Raynor Le Hucquet,621 Hoepker Center,92725,CA,rleoa@ebay.com
876,Tara Bartholin,7 Dorton Drive,94042,CA,tbartholinob@nbcnews.com
877,Viole Baumer,29 Coolidge Drive,78789,TX,vbaumeroc@google.co.uk
878,Sax Peaddie,132 Dunning Terrace,30506,GA,speaddieod@nhs.uk
879,Gabriella Wallentin,71 Di Loreto Terrace,53716,WI,gwallentinoe@cnn.com
880,Amargo Tregale,3803 Sycamore Park,92176,CA,atregaleof@youku.com
881,Max Moncrieffe,3 Del Mar Plaza,20195,VA,mmoncrieffeog@gov.uk
882,Burton Brimacombe,74058 Crowley Trail,33467,FL,bbrimacombeoh@tinyurl.com
883,Gabriella Gonnel,078 Messerschmidt Place,85383,AZ,ggonneloi@europa.eu
884,Joelly Sheere,02 Warbler Plaza,35244,AL,jsheereoj@ask.com
885,Lesya Aronstam,90 Stone Corner Hill,45414,OH,laronstamok@dmoz.org
886,Orelia Lowy,48 Bunker Hill Lane,90305,CA,olowyol@mysql.com
887,Verge Kingwell,687 Autumn Leaf Parkway,73152,OK,vkingwellom@microsoft.com
888,Rivkah Ragbourn,2 Lakewood Gardens Road,63150,MO,rragbournon@accuweather.com
889,Nadiya McCusker,61133 Truax Drive,71115,LA,nmccuskeroo@noaa.gov
890,Katy Lightwing,3154 Bashford Pass,22070,VA,klightwingop@arizona.edu
891,Deerdre Filyushkin,6014 Hoffman Street,27705,NC,dfilyushkinoq@nih.gov
892,Luce Blaver,5 Spaight Crossing,88569,TX,lblaveror@stumbleupon.com
893,Lorianne Frances,84 American Ash Crossing,18105,PA,lfrancesos@techcrunch.com
894,Sammy Sloy,252 Lien Street,92121,CA,ssloyot@nationalgeographic.com
895,Joellen Proffitt,54589 Hoffman Junction,23464,VA,jproffittou@sun.com
896,Renault Mitham,1606 Continental Hill,11220,NY,rmithamov@cafepress.com
897,Sonnie Trundell,415 Forest Run Center,80249,CO,strundellow@artisteer.com
898,Dominique Grosier,8 East Way,20851,MD,dgrosierox@macromedia.com
899,Guillema Prevost,24 Vera Hill,10459,NY,gprevostoy@springer.com
900,Milena Tookill,7823 Mifflin Plaza,77505,TX,mtookilloz@amazon.com
901,Mord Huntingdon,060 Burrows Drive,07112,NJ,mhuntingdonp0@cam.ac.uk
902,Anthia Yakutin,36361 Stoughton Street,20310,DC,ayakutinp1@goo.ne.jp
903,Annemarie Sinkin,7641 Truax Court,32209,FL,asinkinp2@yandex.ru
904,Mollie Keep,4359 Leroy Drive,38188,TN,mkeepp3@ucoz.com
905,Serge Tuffley,1 Swallow Terrace,31296,GA,stuffleyp4@cpanel.net
906,Evanne Glandon,23 John Wall Terrace,19058,PA,eglandonp5@smh.com.au
907,Alysia Dener,8498 Golf Course Point,17140,PA,adenerp6@accuweather.com
908,Ammamaria Leates,3 Pleasure Crossing,93794,CA,aleatesp7@histats.com
909,Coralie Ditty,9845 Coleman Court,40524,KY,cdittyp8@loc.gov
910,Kristan Penritt,2 Harper Parkway,83716,ID,kpenrittp9@infoseek.co.jp
911,Eduino Gilhool,20261 Esker Terrace,55487,MN,egilhoolpa@bing.com
912,Winfred Thomke,6 4th Pass,30130,GA,wthomkepb@xrea.com
913,Mellicent Haythornthwaite,3739 Merrick Lane,76305,TX,mhaythornthwaitepc@gov.uk
914,Welsh Cumine,57166 Lake View Parkway,93584,CA,wcuminepd@xinhuanet.com
915,Lynnette Sleney,3802 Scofield Junction,33994,FL,lsleneype@mail.ru
916,Craig Gaffey,0006 Roxbury Pass,83732,ID,cgaffeypf@theguardian.com
917,Beryl Krause,4 Karstens Court,43699,OH,bkrausepg@plala.or.jp
918,Oralie Kadd,76804 Macpherson Lane,29403,SC,okaddph@so-net.ne.jp
919,Evonne Capaldi,95564 Stoughton Terrace,33615,FL,ecapaldipi@soup.io
920,Dorrie Colwill,4 Sugar Junction,14683,NY,dcolwillpj@delicious.com
921,Xavier Pottery,295 Tomscot Street,23237,VA,xpotterypk@state.gov
922,Kylila Suff,79 Columbus Point,30368,GA,ksuffpl@china.com.cn
923,Hadley Barrow,4 Carberry Hill,48555,MI,hbarrowpm@ucla.edu
924,Abraham Priest,32 Carey Parkway,46278,IN,apriestpn@nationalgeographic.com
925,Deidre Estrella,525 Bashford Court,68179,NE,destrellapo@cpanel.net
926,Wash Debow,170 Northland Avenue,40250,KY,wdebowpp@comcast.net
927,Inga Duprey,8134 Oxford Center,34745,FL,idupreypq@google.nl
928,Anet Figgs,94 Springview Pass,85715,AZ,afiggspr@plala.or.jp
929,Pieter Broschek,3582 Monument Hill,97312,OR,pbroschekps@comsenz.com
930,Ardelis Patrie,50463 Northview Pass,50362,IA,apatriept@unc.edu
931,Neala Swinford,7381 Hazelcrest Point,32909,FL,nswinfordpu@cisco.com
932,Warren Lamping,90673 Hansons Lane,20508,DC,wlampingpv@mozilla.com
933,Brier Sinncock,7155 Eliot Parkway,29240,SC,bsinncockpw@webs.com
934,Durward Creigan,4 School Place,79699,TX,dcreiganpx@sina.com.cn
935,Yves Erbe,82475 Thackeray Court,44118,OH,yerbepy@ucla.edu
936,Lindon Hankard,15 Calypso Alley,85099,AZ,lhankardpz@hhs.gov
937,Deirdre Tween,71556 Sachtjen Alley,20904,MD,dtweenq0@amazon.co.jp
938,Aguie Vittery,90 Hermina Plaza,34615,FL,avitteryq1@columbia.edu
939,Mason Balnave,57 Forster Road,23213,VA,mbalnaveq2@ebay.co.uk
940,Glennie Hawe,3 Pond Point,64160,MO,ghaweq3@cbc.ca
941,Devina Manchett,13544 Johnson Parkway,85705,AZ,dmanchettq4@google.co.uk
942,Becky Eatttok,0 Fordem Plaza,77030,TX,beatttokq5@sakura.ne.jp
943,Peter MacDearmont,75866 Holy Cross Hill,90810,CA,pmacdearmontq6@over-blog.com
944,Katina Portlock,25027 Prairie Rose Drive,94121,CA,kportlockq7@economist.com
945,Marena Johantges,6655 Comanche Place,89125,NV,mjohantgesq8@businessweek.com
946,Elisabeth Beric,7880 Eastlawn Center,14683,NY,ebericq9@techcrunch.com
947,Irwin Meynell,55 Brown Avenue,70616,LA,imeynellqa@patch.com
948,Wally Sherwen,8929 Stephen Hill,33462,FL,wsherwenqb@guardian.co.uk
949,Rooney Springham,841 Claremont Road,51105,IA,rspringhamqc@blogspot.com
950,Malinda Britney,744 Del Mar Place,75049,TX,mbritneyqd@chron.com
951,Jehu Plait,71818 John Wall Point,14215,NY,jplaitqe@dailymotion.com
952,Babb De L'Isle,75 Dixon Junction,08638,NJ,bdeqf@ucla.edu
953,Elmer Danhel,4 Kipling Court,43204,OH,edanhelqg@shinystat.com
954,Dillon O'Corrane,934 New Castle Lane,94164,CA,docorraneqh@bluehost.com
955,Nady Schroeder,088 Dayton Junction,23605,VA,nschroederqi@archive.org
956,Evie Bradnock,82 Merrick Plaza,92176,CA,ebradnockqj@un.org
957,Wallie Drejer,5913 Division Trail,10459,NY,wdrejerqk@edublogs.org
958,Lilah Honeywood,13 Buhler Way,21405,MD,lhoneywoodql@boston.com
959,Kevina Joesbury,408 6th Road,94291,CA,kjoesburyqm@squidoo.com
960,Ricca Segrott,9947 Sheridan Terrace,30066,GA,rsegrottqn@ebay.co.uk
961,Elisa Bole,26 Sunfield Pass,11254,NY,eboleqo@creativecommons.org
962,Tabby Drewes,2709 Cardinal Court,76310,TX,tdrewesqp@meetup.com
963,Amelina Speke,03 Golden Leaf Crossing,38168,TN,aspekeqq@delicious.com
964,Hillyer Station,2558 Straubel Crossing,32868,FL,hstationqr@gmpg.org
965,Adoree Oldmeadow,14250 Monica Avenue,33742,FL,aoldmeadowqs@yahoo.com
966,Bibbie Hovey,595 Jackson Way,89140,NV,bhoveyqt@washington.edu
967,Kearney Parsons,4 Fallview Alley,68144,NE,kparsonsqu@friendfeed.com
968,Lynnell Featherstonhaugh,8 Kim Avenue,90020,CA,lfeatherstonhaughqv@bigcartel.com
969,Trudey Tweed,694 Elmside Circle,88553,TX,ttweedqw@cnn.com
970,Kirsten Tackett,69093 Fieldstone Plaza,77388,TX,ktackettqx@hubpages.com
971,Ches Tolefree,80 Jenna Road,98664,WA,ctolefreeqy@dailymail.co.uk
972,Wain Wyldbore,7481 Scott Hill,30311,GA,wwyldboreqz@loc.gov
973,Charlot Tallboy,3 Thackeray Trail,23324,VA,ctallboyr0@baidu.com
974,Bobby Spray,008 Cottonwood Court,36628,AL,bsprayr1@hp.com
975,Elwood Brickdale,521 Maple Parkway,55557,MN,ebrickdaler2@fastcompany.com
976,Janella Annakin,12 Kingsford Place,20540,DC,jannakinr3@meetup.com
977,Janessa Ellinor,73 Fremont Road,79764,TX,jellinorr4@imdb.com
978,Derick Robet,8 Autumn Leaf Trail,50315,IA,drobetr5@blog.com
979,Leroy Swinden,580 Quincy Alley,93709,CA,lswindenr6@icio.us
980,Wilow Stienham,15 Cottonwood Drive,25711,WV,wstienhamr7@topsy.com
981,Sidonia Morritt,2175 Corscot Terrace,06726,CT,smorrittr8@constantcontact.com
982,Vere Don,6768 1st Avenue,72905,AR,vdonr9@si.edu
983,Casey Adhams,443 Coleman Avenue,70142,LA,cadhamsra@addtoany.com
984,Giffy Mighele,20553 Paget Road,43610,OH,gmighelerb@fastcompany.com
985,Vivia Pimblotte,04683 Bluestem Way,31296,GA,vpimblotterc@google.co.uk
986,Jonis Ivashechkin,2289 Manley Plaza,60567,IL,jivashechkinrd@wisc.edu
987,Anna Achurch,030 La Follette Circle,84199,UT,aachurchre@domainmarket.com
988,Phillip Constantine,73 Golf Course Drive,78205,TX,pconstantinerf@businesswire.com
989,Alanna Killock,7378 Susan Road,72199,AR,akillockrg@phpbb.com
990,Lotte Allsobrook,19 Dawn Terrace,76110,TX,lallsobrookrh@wikipedia.org
991,Konstance Troyes,63 Washington Trail,14905,NY,ktroyesri@hubpages.com
992,Royal Muccino,3631 Emmet Pass,17405,PA,rmuccinorj@oaic.gov.au
993,Christoper Rape,6 Nelson Trail,76147,TX,craperk@phpbb.com
994,Pernell Gildersleeve,91831 Hudson Center,23464,VA,pgildersleeverl@ca.gov
995,Gerardo Spadollini,8 Coolidge Drive,79928,TX,gspadollinirm@google.ca
996,Dunn Benns,78 Amoth Alley,90055,CA,dbennsrn@sphinn.com
997,Lona D'Onisi,84210 Delaware Pass,94712,CA,ldonisiro@comcast.net
998,Nerita Fandrich,62901 Menomonie Drive,94147,CA,nfandrichrp@is.gd
999,Wilt Simonelli,6100 Leroy Plaza,91186,CA,wsimonellirq@geocities.jp
1000,Adriano Skerm,6683 Brown Avenue,34238,FL,askermrr@networkadvertising.org
