id,name,address,zipcode,state,email
1,Ranna Wye,84752 Maple Wood Circle,84140,UT,rwye0@tuttocitta.it
2,Elna Aizikovich,981 Pond Alley,72916,AR,eaizikovich1@patch.com
3,Fanya Cuzen,5 Monterey Junction,44505,OH,fcuzen2@squidoo.com
4,Arluene Pulham,027 Lien Hill,80920,CO,apulham3@nasa.gov
5,Emmet Kenway,36 Spohn Point,33028,FL,ekenway4@facebook.com
6,Merry Oubridge,7 Jana Hill,76505,TX,moubridge5@prweb.com
7,Alethea Le Brun,90569 Heath Pass,37605,TN,ale6@google.co.jp
8,Keenan Galvan,560 Ludington Place,71161,LA,kgalvan7@privacy.gov.au
9,Terrance Lillicrap,0878 Texas Terrace,75037,TX,tlillicrap8@domainmarket.com
10,Jobina Prescote,3 Sloan Trail,66215,KS,jprescote9@cnbc.com
11,Francine Arias,2639 Rusk Road,78245,TX,fariasa@irs.gov
12,Brandon Bissex,5320 Esker Parkway,45223,OH,bbissexb@ustream.tv
13,Rowland Liveing,510 South Parkway,29625,SC,rliveingc@blinklist.com
14,Marjy Deam,95 Graedel Court,23509,VA,mdeamd@elpais.com
15,Michaella Moresby,5463 Lerdahl Pass,06726,CT,mmoresbye@google.ca
16,Felic Pringle,90 Dexter Terrace,92013,CA,fpringlef@indiegogo.com
17,Saunderson Panter,86927 Donald Park,71130,LA,spanterg@hc360.com
18,Gill Partner,55101 Maywood Street,64149,MO,gpartnerh@ox.ac.uk
19,Tomas Elgey,87297 Waxwing Terrace,55114,MN,telgeyi@earthlink.net
20,Saloma Athowe,52 Division Road,51110,IA,sathowej@php.net
21,Gustave Conigsby,59580 Messerschmidt Terrace,08638,NJ,gconigsbyk@mapy.cz
22,Guendolen Rodder,47 Gateway Place,38188,TN,grodderl@yelp.com
23,Vivian Silly,711 Thierer Parkway,34135,FL,vsillym@zimbio.com
24,Bobbee O'Regan,474 Del Sol Plaza,46814,IN,boregann@friendfeed.com
25,Tommie Brando,699 Summit Parkway,34605,FL,tbrandoo@jiathis.com
26,Ingmar Stook,1355 Erie Way,88006,NM,istookp@cnbc.com
27,Alene Lomasney,76 Ridgeway Road,97221,OR,alomasneyq@soup.io
28,Armando Bunson,38800 Laurel Avenue,30301,GA,abunsonr@parallels.com
29,Genevra Offin,193 Oneill Circle,25726,WV,goffins@123-reg.co.uk
30,Emilio Mahody,06 Merrick Lane,67260,KS,emahodyt@sourceforge.net
31,Betty Mathy,4318 Jenna Hill,25726,WV,bmathyu@hibu.com
32,Lavinia Dickings,15 Dwight Pass,77713,TX,ldickingsv@omniture.com
33,Alayne Cadman,274 Spaight Pass,62711,IL,acadmanw@ovh.net
34,Jenica MacKimm,4988 Barnett Road,20210,DC,jmackimmx@mozilla.com
35,Lillis Iredell,4 Valley Edge Alley,80310,CO,liredelly@zdnet.com
36,Hastie Oats,572 Tomscot Terrace,32526,FL,hoatsz@opensource.org
37,Charmain Botfield,9794 Harbort Lane,39204,MS,cbotfield10@youku.com
38,Skip Conklin,44404 Tennessee Lane,85210,AZ,sconklin11@house.gov
39,Dyana Ritchley,75240 Sycamore Terrace,20503,DC,dritchley12@who.int
40,Zarla Silley,30 Vernon Court,75710,TX,zsilley13@php.net
41,Ceil Roche,53 Colorado Alley,40505,KY,croche14@spotify.com
42,Alane Crehan,1 Northwestern Crossing,93150,CA,acrehan15@wunderground.com
43,Brion O'Lagen,75 Mendota Drive,80920,CO,bolagen16@google.com.hk
44,Wolf Bedrosian,46518 Tomscot Center,73197,OK,wbedrosian17@cdbaby.com
45,Johnette McCloughen,8689 Morningstar Street,75367,TX,jmccloughen18@columbia.edu
46,Whitney Ezele,12 Eliot Point,49444,MI,wezele19@businessweek.com
47,Elita Robarts,947 Northland Road,97286,OR,erobarts1a@g.co
48,Maryjo Want,40100 Oneill Lane,02283,MA,mwant1b@jalbum.net
49,Gabriel Brahm,200 Jana Place,77713,TX,gbrahm1c@dropbox.com
50,Jerry Downey,60 Jana Way,33731,FL,jdowney1d@liveinternet.ru
51,Lind Hancke,2081 School Alley,95113,CA,lhancke1e@usatoday.com
52,Sophie Birdsey,65 Burning Wood Plaza,37405,TN,sbirdsey1f@issuu.com
53,Giacopo Beininck,1314 Susan Way,06120,CT,gbeininck1g@aol.com
54,Mercy Binstead,257 Lukken Plaza,43268,OH,mbinstead1h@com.com
55,Kasey McKeevers,37 School Road,37416,TN,kmckeevers1i@yellowbook.com
56,Standford Roome,89 7th Avenue,33625,FL,sroome1j@google.com.au
57,Tadeo Nanuccioi,4 Kings Plaza,53785,WI,tnanuccioi1k@artisteer.com
58,Hube Carslake,82 East Center,20456,DC,hcarslake1l@naver.com
59,Cherry Ebbett,31 Karstens Lane,78703,TX,cebbett1m@dell.com
60,Falito Cattermull,5 Talmadge Alley,55127,MN,fcattermull1n@spiegel.de
61,Sherlock Shellcross,25 Londonderry Junction,44705,OH,sshellcross1o@bloglovin.com
62,Sarah Lintott,59 Esch Parkway,80279,CO,slintott1p@hugedomains.com
63,Yevette Stollenbecker,8082 Jay Court,30905,GA,ystollenbecker1q@microsoft.com
64,Stormi Kindle,1266 Scott Point,24034,VA,skindle1r@usatoday.com
65,Sybila Alpin,738 Upham Place,14269,NY,salpin1s@berkeley.edu
66,Charissa Gherardini,17 Onsgard Avenue,63196,MO,cgherardini1t@about.com
67,Sheilakathryn Biddwell,85756 High Crossing Way,20575,DC,sbiddwell1u@chronoengine.com
68,Mortie Moyle,2667 Maple Wood Street,60636,IL,mmoyle1v@gov.uk
69,Currie Petty,9 Northport Court,14263,NY,cpetty1w@techcrunch.com
70,Michail Amort,9 Acker Court,35295,AL,mamort1x@google.nl
71,Staci Rubertelli,73209 Tony Lane,27717,NC,srubertelli1y@google.fr
72,Henrik Caunt,146 Scofield Pass,75236,TX,hcaunt1z@oaic.gov.au
73,Alberik Salvador,039 Lotheville Crossing,47134,IN,asalvador20@ft.com
74,Dorothea Christley,0400 Sherman Pass,20029,DC,dchristley21@techcrunch.com
75,Kalindi Hanshaw,1 Pond Court,95894,CA,khanshaw22@eventbrite.com
76,Ody Van Leeuwen,88 Lunder Center,92668,CA,ovan23@washingtonpost.com
77,Cathrine Troyes,9417 Shopko Way,44111,OH,ctroyes24@un.org
78,Abe Baudy,65 4th Trail,38131,TN,abaudy25@paypal.com
79,Allsun Faint,47643 Lakeland Junction,19151,PA,afaint26@oracle.com
80,Kipper Brushneen,732 Sherman Plaza,79950,TX,kbrushneen27@nytimes.com
81,Garald Fuzzard,87 Green Ridge Trail,55441,MN,gfuzzard28@state.tx.us
82,Olympie Landsborough,7 Forest Run Point,91117,CA,olandsborough29@diigo.com
83,Sig Trippack,46 Eastlawn Trail,68134,NE,strippack2a@bandcamp.com
84,Sigismondo Roddan,91044 Nevada Plaza,80045,CO,sroddan2b@comcast.net
85,Muffin Sherred,41 Evergreen Plaza,11254,NY,msherred2c@nsw.gov.au
86,Alfonse Sickamore,393 Derek Hill,79171,TX,asickamore2d@ocn.ne.jp
87,Conant Ege,4174 Mosinee Crossing,20709,MD,cege2e@adobe.com
88,Ailbert Gent,92 Nobel Way,23705,VA,agent2f@last.fm
89,Aleksandr Van Castele,4041 Graedel Street,45454,OH,avan2g@va.gov
90,Bertrand Sigart,5 Elka Parkway,64114,MO,bsigart2h@odnoklassniki.ru
91,Melania Magne,6069 Red Cloud Circle,32092,FL,mmagne2i@aol.com
92,Cassie Follan,348 Norway Maple Circle,80525,CO,cfollan2j@taobao.com
93,Kaitlynn Evesque,0 Hollow Ridge Parkway,25313,WV,kevesque2k@miitbeian.gov.cn
94,Glenn Speechley,8 Hudson Avenue,31106,GA,gspeechley2l@opera.com
95,Chelsae Imbrey,34795 Westridge Drive,59771,MT,cimbrey2m@imgur.com
96,Emiline Corradetti,65 Brickson Park Trail,23509,VA,ecorradetti2n@spiegel.de
97,Daveen Zanetto,3 Eagle Crest Park,99210,WA,dzanetto2o@php.net
98,Alard Sacchetti,3519 Gina Avenue,92405,CA,asacchetti2p@hexun.com
99,Corrie Walbrook,865 Melrose Hill,43610,OH,cwalbrook2q@google.ca
100,Suki Bruff,18802 Bluejay Terrace,02208,MA,sbruff2r@goo.gl
101,Sammie McAlinden,1817 Farmco Drive,89550,NV,smcalinden2s@posterous.com
102,Leodora Chapple,9 Oneill Drive,53716,WI,lchapple2t@imdb.com
103,Anderson Folomkin,7307 Kenwood Pass,20189,VA,afolomkin2u@tinypic.com
104,Rosalinda Gude,9207 Little Fleur Circle,88535,TX,rgude2v@hp.com
105,Nan Zylbermann,76 Portage Center,20078,DC,nzylbermann2w@geocities.com
106,Burty Ginley,97715 Havey Circle,35263,AL,bginley2x@examiner.com
107,Tabbie Huxster,8 Gina Avenue,33715,FL,thuxster2y@seesaa.net
108,Tomlin Pooly,46502 Cody Parkway,90189,CA,tpooly2z@nydailynews.com
109,Cahra Arsnell,2133 Green Ridge Way,21281,MD,carsnell30@elegantthemes.com
110,Klaus Esley,227 Golf View Crossing,90505,CA,kesley31@livejournal.com
111,Hiram Derrington,348 Washington Court,20784,MD,hderrington32@soup.io
112,Web Morton,7 Emmet Avenue,06160,CT,wmorton33@aboutads.info
113,Thaine Mathan,699 Judy Court,50369,IA,tmathan34@drupal.org
114,Hersh Mesnard,196 Westridge Alley,75605,TX,hmesnard35@weather.com
115,Freeman Catonne,858 Kipling Drive,02298,MA,fcatonne36@ft.com
116,Marvin Korda,89 Evergreen Hill,14263,NY,mkorda37@nba.com
117,Bianca Faivre,1628 Logan Center,83705,ID,bfaivre38@unblog.fr
118,Franchot Mort,9447 Heffernan Point,14604,NY,fmort39@netvibes.com
119,Mead Colliar,7671 Loeprich Point,76205,TX,mcolliar3a@guardian.co.uk
120,Adlai Keasley,53553 Kingsford Drive,43220,OH,akeasley3b@symantec.com
121,Gian Campa,23674 Stang Trail,32830,FL,gcampa3c@xing.com
122,Patricio Dahlgren,7659 Dunning Plaza,83727,ID,pdahlgren3d@mediafire.com
123,Dinnie Allport,8 Manufacturers Point,14614,NY,dallport3e@furl.net
124,Ellis Peiro,87053 Fisk Hill,98166,WA,epeiro3f@yahoo.com
125,Jamil Kliche,01402 Harper Road,85053,AZ,jkliche3g@sogou.com
126,Rosabella Freda,7 Service Road,20904,MD,rfreda3h@pagesperso-orange.fr
127,Tony Gath,8559 High Crossing Drive,55407,MN,tgath3i@mapy.cz
128,Ray Steynor,063 Harper Crossing,13210,NY,rsteynor3j@state.tx.us
129,Goober Tume,87968 Mallory Way,23293,VA,gtume3k@google.com.au
130,Pamela Haggerty,14836 Forest Run Center,68179,NE,phaggerty3l@wikimedia.org
131,Colman Walbridge,97182 Milwaukee Crossing,33633,FL,cwalbridge3m@vimeo.com
132,Winnie Hulke,727 Burning Wood Parkway,60351,IL,whulke3n@blinklist.com
133,Emerson Tezure,84 Oak Parkway,32868,FL,etezure3o@wufoo.com
134,Angelita Klemz,5 Cherokee Hill,75260,TX,aklemz3p@state.gov
135,Arden Grishakov,86 Porter Circle,90071,CA,agrishakov3q@epa.gov
136,Teodor Lachaize,788 Sutteridge Junction,55428,MN,tlachaize3r@icq.com
137,Isabella Flinn,64083 Fieldstone Junction,77255,TX,iflinn3s@ovh.net
138,Dallas Lockyer,124 Oriole Point,76310,TX,dlockyer3t@virginia.edu
139,Edyth Onge,8539 Meadow Valley Court,23220,VA,eonge3u@tinypic.com
140,Bernie McKevany,85 Beilfuss Avenue,85077,AZ,bmckevany3v@jugem.jp
141,Toby Fayer,99434 Rowland Lane,89166,NV,tfayer3w@ocn.ne.jp
142,Kliment Tugman,32863 Gulseth Street,78044,TX,ktugman3x@a8.net
143,Ronica Dacres,8 Vermont Alley,50347,IA,rdacres3y@etsy.com
144,Shane Blissett,0920 Mayer Center,39210,MS,sblissett3z@ehow.com
145,Delora Blazek,7817 Hazelcrest Point,34745,FL,dblazek40@fc2.com
146,Jedediah Igglesden,7868 Fuller Point,87115,NM,jigglesden41@artisteer.com
147,Peggie Cannings,209 Bay Street,89505,NV,pcannings42@bravesites.com
148,Darrin Cator,3 Blaine Park,99260,WA,dcator43@ox.ac.uk
149,Imelda Marc,18 Jenifer Lane,72215,AR,imarc44@shop-pro.jp
150,Dyann Cassar,21 Iowa Court,75210,TX,dcassar45@shinystat.com
151,Fern Deppen,885 Kinsman Way,76129,TX,fdeppen46@shutterfly.com
152,Morten Hollingby,72088 Myrtle Terrace,76016,TX,mhollingby47@indiatimes.com
153,Kelsy Borborough,1887 Moose Way,67210,KS,kborborough48@netvibes.com
154,Evvy Blitz,60880 Haas Trail,32854,FL,eblitz49@meetup.com
155,Jania Covington,67088 Waubesa Pass,35244,AL,jcovington4a@google.de
156,Rodi McShee,91320 Hovde Street,55436,MN,rmcshee4b@wordpress.org
157,Gerome Phizakarley,35716 Bonner Parkway,34981,FL,gphizakarley4c@mozilla.com
158,Hazlett Yakovlev,5083 Lindbergh Hill,28805,NC,hyakovlev4d@posterous.com
159,Arline Smylie,19 Bultman Court,91117,CA,asmylie4e@state.tx.us
160,Kalvin Middis,816 Troy Drive,50347,IA,kmiddis4f@nydailynews.com
161,Giorgi Innot,11 Hooker Center,99507,AK,ginnot4g@bloomberg.com
162,Austen Vearncombe,287 Sloan Park,19897,DE,avearncombe4h@skyrock.com
163,Brooks Corcoran,96962 Elmside Plaza,05609,VT,bcorcoran4i@independent.co.uk
164,Erinna Dieton,9 8th Parkway,49018,MI,edieton4j@jiathis.com
165,Dev Jendrys,15 Hoffman Lane,28235,NC,djendrys4k@smugmug.com
166,Nadia Itzig,16 Prairieview Place,24020,VA,nitzig4l@washington.edu
167,Bernie MacGorman,62 Pankratz Junction,83405,ID,bmacgorman4m@mozilla.com
168,Antonella Hussell,20757 American Ash Drive,93740,CA,ahussell4n@squidoo.com
169,Tyrus Coulbeck,42 Welch Terrace,46226,IN,tcoulbeck4o@wikia.com
170,Charisse Marquess,966 Logan Center,89087,NV,cmarquess4p@sun.com
171,Stacee de Savery,54 Browning Court,99512,AK,sde4q@goodreads.com
172,Kakalina Buckham,37 Almo Park,73034,OK,kbuckham4r@patch.com
173,Rory Treadgall,7 Merchant Parkway,90305,CA,rtreadgall4s@state.gov
174,Nicky Hembrow,3 Corben Center,79950,TX,nhembrow4t@netvibes.com
175,Maje Weedon,1744 Erie Street,97211,OR,mweedon4u@angelfire.com
176,Salmon Pearmine,03 Elka Avenue,06510,CT,spearmine4v@pen.io
177,Conny Warfield,431 Transport Circle,70815,LA,cwarfield4w@discuz.net
178,Elsinore Baudesson,738 Kinsman Crossing,73104,OK,ebaudesson4x@amazon.co.uk
179,Briney Geraldini,3972 Reinke Circle,23464,VA,bgeraldini4y@reverbnation.com
180,Sibley Goodbairn,0930 Annamark Avenue,77554,TX,sgoodbairn4z@examiner.com
181,Dahlia Nelissen,6755 Holy Cross Junction,44310,OH,dnelissen50@vimeo.com
182,Sidney Esom,89 Blaine Drive,60624,IL,sesom51@umich.edu
183,Clem Dyhouse,875 Ohio Crossing,10249,NY,cdyhouse52@usnews.com
184,Tomlin Trowler,38295 Aberg Terrace,19897,DE,ttrowler53@google.com.hk
185,Carmelle Gianolo,04166 Grim Crossing,77266,TX,cgianolo54@vkontakte.ru
186,Derry Folling,689 Mifflin Park,89505,NV,dfolling55@alexa.com
187,Sella Gobeau,82795 Fulton Way,55598,MN,sgobeau56@joomla.org
188,Zolly Kedward,8630 Harbort Lane,92160,CA,zkedward57@fotki.com
189,Leonelle Lovegrove,1118 Anthes Place,38131,TN,llovegrove58@1und1.de
190,Manuel Wedge,67 Melby Junction,77020,TX,mwedge59@uol.com.br
191,Wolf Lourens,6 Forster Road,45271,OH,wlourens5a@booking.com
192,Kinny Cassley,484 Derek Avenue,90805,CA,kcassley5b@si.edu
193,Dorolisa Couvert,0 Nobel Street,89193,NV,dcouvert5c@auda.org.au
194,Graham Blennerhassett,474 Oak Valley Junction,02216,MA,gblennerhassett5d@howstuffworks.com
195,Adey Gabala,01582 Jackson Center,84403,UT,agabala5e@netscape.com
196,Else Domleo,5143 Elgar Pass,87592,NM,edomleo5f@cafepress.com
197,Audi Pound,3577 Larry Place,49444,MI,apound5g@reference.com
198,Denney Napolione,5130 Golf Avenue,22070,VA,dnapolione5h@github.io
199,Anselm Tims,6 Maryland Center,92662,CA,atims5i@abc.net.au
200,Maighdiln Errol,7 Corben Park,23289,VA,merrol5j@theguardian.com
201,Constanta Dunnett,33786 Di Loreto Way,85737,AZ,cdunnett5k@free.fr
202,Micaela Maylard,6 Texas Alley,47732,IN,mmaylard5l@netscape.com
203,Salomon Sayles,210 Ridgeway Place,40618,KY,ssayles5m@ustream.tv
204,Salvatore Ketts,18916 Portage Avenue,55436,MN,sketts5n@hud.gov
205,Artemus Sydry,45877 Lien Park,80270,CO,asydry5o@pinterest.com
206,Ogdon Decourt,3 Nobel Drive,28272,NC,odecourt5p@microsoft.com
207,Adrienne Hyndley,37267 Farwell Point,77080,TX,ahyndley5q@xinhuanet.com
208,Griffy Dickenson,80012 Sheridan Lane,62776,IL,gdickenson5r@hao123.com
209,Mendy Dibdale,1 Bellgrove Road,57110,SD,mdibdale5s@fastcompany.com
210,Willis Slessor,905 Sachtjen Plaza,25716,WV,wslessor5t@vkontakte.ru
211,Bailie Crevy,7 Merry Avenue,79940,TX,bcrevy5u@weather.com
212,Chanda Lamas,4 Sutherland Crossing,77075,TX,clamas5v@wired.com
213,Gunner Cossum,20 Forest Run Avenue,28272,NC,gcossum5w@bluehost.com
214,Theressa Pettyfer,97 Loftsgordon Park,75392,TX,tpettyfer5x@netscape.com
215,Araldo O'Lunny,8298 Kim Plaza,85732,AZ,aolunny5y@businessweek.com
216,Geoff Plumb,1 Chive Circle,23471,VA,gplumb5z@sphinn.com
217,Yuma Richfield,0 Namekagon Trail,48232,MI,yrichfield60@bbb.org
218,Wally Eiler,1 Del Sol Way,10125,NY,weiler61@discuz.net
219,Donnell Greatland,5 Veith Place,37215,TN,dgreatland62@admin.ch
220,Andee Conradie,19726 Coolidge Center,32215,FL,aconradie63@rakuten.co.jp
221,Hermie Hetterich,73822 Badeau Drive,90076,CA,hhetterich64@1und1.de
222,Jerome Tenant,57 Tony Trail,70165,LA,jtenant65@fotki.com
223,Bernete Rydzynski,26601 Fordem Circle,94116,CA,brydzynski66@mediafire.com
224,Chancey Butterwick,38130 Hayes Trail,80925,CO,cbutterwick67@yelp.com
225,Ferris Wedmore.,321 Lien Junction,02458,MA,fwedmore68@latimes.com
226,Zonda Rissen,6 Starling Street,55188,MN,zrissen69@smh.com.au
227,Vincenty Lamperd,0 Claremont Alley,80005,CO,vlamperd6a@umich.edu
228,Magdaia Ketton,4 Weeping Birch Center,11236,NY,mketton6b@cocolog-nifty.com
229,Eleonora Sibson,706 Spenser Plaza,94245,CA,esibson6c@mtv.com
230,Jory Coit,26 Hanover Street,55108,MN,jcoit6d@jalbum.net
231,Boone Saynor,3822 Norway Maple Place,36114,AL,bsaynor6e@sciencedirect.com
232,Nate Crudgington,6399 2nd Park,77035,TX,ncrudgington6f@alexa.com
233,Leelah Kelk,916 Towne Trail,20414,DC,lkelk6g@booking.com
234,Mara Fleury,43 Kropf Junction,75062,TX,mfleury6h@pcworld.com
235,Julie Nendick,74 Claremont Court,92648,CA,jnendick6i@mlb.com
236,Ellette Itzkovitch,2376 Gale Drive,83206,ID,eitzkovitch6j@wikia.com
237,Ber Cowling,7564 Dennis Point,17126,PA,bcowling6k@zdnet.com
238,Sandye O'Dougherty,32594 5th Way,64054,MO,sodougherty6l@msn.com
239,Carlina Tomasini,33098 Laurel Alley,33686,FL,ctomasini6m@time.com
240,Tami McGirr,186 Pankratz Road,19805,DE,tmcgirr6n@flickr.com
241,Belita McGloin,2 Reindahl Street,47747,IN,bmcgloin6o@cpanel.net
242,Deerdre Maccaig,9561 Stuart Court,80995,CO,dmaccaig6p@wired.com
243,Harmonia Millom,34 Weeping Birch Center,92645,CA,hmillom6q@princeton.edu
244,Vincents Worsnop,0077 Oakridge Alley,12227,NY,vworsnop6r@creativecommons.org
245,Sigfrid Lafoy,2 Farragut Court,22301,VA,slafoy6s@chicagotribune.com
246,Laurence Culwen,90951 John Wall Trail,61709,IL,lculwen6t@dmoz.org
247,Faina Sagg,47144 Mosinee Parkway,90805,CA,fsagg6u@mail.ru
248,Haywood Hartle,6 Almo Way,77844,TX,hhartle6v@intel.com
249,Rudiger Setchell,58868 Merchant Pass,33605,FL,rsetchell6w@nytimes.com
250,Fred Hoofe,5 Dawn Hill,79955,TX,fhoofe6x@dagondesign.com
251,Mufi Greaser,4558 Cottonwood Alley,64136,MO,mgreaser6y@usnews.com
252,Filippa Rudkin,64 Moose Crossing,77212,TX,frudkin6z@tinypic.com
253,Curtice Trainer,06 Farmco Terrace,46278,IN,ctrainer70@google.es
254,Cori Durnford,98002 Garrison Lane,43656,OH,cdurnford71@unicef.org
255,Erroll Cammocke,032 Independence Lane,78265,TX,ecammocke72@so-net.ne.jp
256,Cyndi Altree,9784 Utah Center,33175,FL,caltree73@rediff.com
257,Marijo Craighead,2366 Browning Terrace,63104,MO,mcraighead74@mtv.com
258,Consolata Carver,900 John Wall Trail,28256,NC,ccarver75@mozilla.org
259,Regan Joire,9546 Mockingbird Plaza,91103,CA,rjoire76@ft.com
260,Krystalle Coventon,5 Fallview Center,75210,TX,kcoventon77@springer.com
261,Tori Lauderdale,019 Dakota Way,73152,OK,tlauderdale78@bing.com
262,Margit Carcass,6907 Dexter Park,33715,FL,mcarcass79@163.com
263,Cleve Edlyn,8400 Alpine Way,77085,TX,cedlyn7a@youku.com
264,Creighton Beatty,53 Oakridge Plaza,29225,SC,cbeatty7b@about.com
265,Patience Kinsella,90 Memorial Street,47712,IN,pkinsella7c@jalbum.net
266,Shae Marrow,73631 Forest Lane,92121,CA,smarrow7d@studiopress.com
267,Pattie O'Heyne,10 Union Plaza,20508,DC,poheyne7e@wordpress.com
268,Dyanna Learie,01 South Point,90831,CA,dlearie7f@youku.com
269,Lonny Fells,552 Birchwood Pass,14205,NY,lfells7g@gizmodo.com
270,Mil Mellody,2354 Kim Hill,78291,TX,mmellody7h@nature.com
271,Jack Weatherhill,36 Michigan Lane,94154,CA,jweatherhill7i@elegantthemes.com
272,Mariellen Edelmann,690 Manitowish Crossing,33320,FL,medelmann7j@cbc.ca
273,Maressa Gemeau,9416 Manufacturers Avenue,28410,NC,mgemeau7k@irs.gov
274,Quill Torrent,2 Farragut Hill,44310,OH,qtorrent7l@hc360.com
275,Tildie Adds,4312 Dovetail Trail,33737,FL,tadds7m@com.com
276,Benetta Regus,40 Everett Way,77554,TX,bregus7n@zdnet.com
277,Rinaldo Rulf,48175 Raven Center,48275,MI,rrulf7o@dion.ne.jp
278,Ashlen Jerrand,2443 Acker Point,52245,IA,ajerrand7p@microsoft.com
279,Jan Scarbarrow,5472 Stone Corner Trail,77223,TX,jscarbarrow7q@bbb.org
280,Valerye Diss,00765 Clarendon Point,55557,MN,vdiss7r@guardian.co.uk
281,Vasily Gosdin,789 Kedzie Trail,19120,PA,vgosdin7s@mashable.com
282,Pauly Killock,07 Dexter Parkway,92132,CA,pkillock7t@nps.gov
283,Timmie Montrose,8856 Monterey Park,20057,DC,tmontrose7u@redcross.org
284,Diann Elvidge,282 International Terrace,19714,DE,delvidge7v@desdev.cn
285,Misti Buey,498 Delladonna Way,63136,MO,mbuey7w@dagondesign.com
286,Sidoney Evemy,7 Sheridan Junction,19160,PA,sevemy7x@sun.com
287,Karena Stobbs,3 Johnson Crossing,30386,GA,kstobbs7y@cbsnews.com
288,Hadley Triggol,0 Main Alley,19120,PA,htriggol7z@umn.edu
289,Myrtle Cracknell,790 Walton Lane,62705,IL,mcracknell80@devhub.com
290,Ula Dunseith,87423 Northwestern Point,22301,VA,udunseith81@diigo.com
291,Janeczka Fost,17200 Daystar Junction,44305,OH,jfost82@163.com
292,Roderich Gye,54109 Charing Cross Drive,38136,TN,rgye83@apache.org
293,Maggi Seabourne,94 Marcy Drive,54305,WI,mseabourne84@networkadvertising.org
294,Tilda Chanders,855 Pankratz Way,97221,OR,tchanders85@fda.gov
295,Marcelline Lennie,32 Maywood Plaza,34665,FL,mlennie86@loc.gov
296,Anatole Shepeard,25693 Kipling Crossing,63158,MO,ashepeard87@bandcamp.com
297,Sadye De Leek,739 American Court,23514,VA,sde88@cmu.edu
298,Micheline Milby,776 Forster Court,92410,CA,mmilby89@reverbnation.com
299,Jordan Harrop,77 Orin Lane,48224,MI,jharrop8a@hibu.com
300,Edgar Prickett,56276 Hauk Way,97221,OR,eprickett8b@slashdot.org
301,Shelba Sushams,50874 Jana Plaza,70154,LA,ssushams8c@rediff.com
302,Fredericka Morton,0 Florence Parkway,75379,TX,fmorton8d@ycombinator.com
303,Rochester Mourant,99699 High Crossing Junction,92612,CA,rmourant8e@weibo.com
304,Shadow Champion,25506 Rowland Street,45408,OH,schampion8f@myspace.com
305,Osgood Kesterton,88514 Cardinal Circle,66276,KS,okesterton8g@ted.com
306,Sigfried Askham,499 Mcguire Parkway,80930,CO,saskham8h@ezinearticles.com
307,Lydon Carreck,2 Emmet Street,90030,CA,lcarreck8i@wikipedia.org
308,Rafaelita Fosten,4 Grover Plaza,23285,VA,rfosten8j@unesco.org
309,Orly Brunon,9204 Lyons Circle,78044,TX,obrunon8k@chron.com
310,Russell Brettelle,9163 Miller Lane,20709,MD,rbrettelle8l@tuttocitta.it
311,Taddeusz Simmell,736 American Ash Plaza,80241,CO,tsimmell8m@mail.ru
312,Panchito Storrar,65 Nancy Avenue,73119,OK,pstorrar8n@etsy.com
313,Marsiella Physick,5 Nobel Drive,60604,IL,mphysick8o@multiply.com
314,Ross Cornil,17184 Rutledge Place,20530,DC,rcornil8p@google.ru
315,Caterina Oaten,402 Corben Center,66286,KS,coaten8q@mozilla.org
316,Evangelin Belden,6 Nova Plaza,33462,FL,ebelden8r@pagesperso-orange.fr
317,Uriel Dwelley,1 Morrow Avenue,91505,CA,udwelley8s@github.io
318,Theda Greenley,92 Oak Valley Trail,94263,CA,tgreenley8t@issuu.com
319,Stephie Gummow,282 Monument Point,20067,DC,sgummow8u@tmall.com
320,Coleman Raigatt,1586 Esch Street,87190,NM,craigatt8v@newyorker.com
321,Natasha Elder,0 Annamark Parkway,66642,KS,nelder8w@seattletimes.com
322,Estella Jedrzejczak,0 Norway Maple Place,57188,SD,ejedrzejczak8x@addthis.com
323,Bambie MacNulty,1 Northwestern Lane,40515,KY,bmacnulty8y@dedecms.com
324,Bard MacNeachtain,18 Monterey Pass,72222,AR,bmacneachtain8z@whitehouse.gov
325,Ina Mortlock,3 Huxley Way,66606,KS,imortlock90@aboutads.info
326,Aliza Carslake,343 Lyons Avenue,45807,OH,acarslake91@mysql.com
327,Davita Deacon,71 Alpine Junction,19104,PA,ddeacon92@symantec.com
328,Micheline Lahive,77697 Luster Terrace,79159,TX,mlahive93@ox.ac.uk
329,Forrester Rabbet,2 Colorado Point,74116,OK,frabbet94@wufoo.com
330,Dasya Downe,2849 Mifflin Way,06905,CT,ddowne95@cbsnews.com
331,Mahmoud Pilmoor,0 Fairview Parkway,78470,TX,mpilmoor96@over-blog.com
332,Huey Cherrington,30190 Superior Parkway,91499,CA,hcherrington97@bluehost.com
333,Leighton Maps,3 Portage Road,29424,SC,lmaps98@dyndns.org
334,Dniren Seathwright,6582 Starling Point,75323,TX,dseathwright99@bloomberg.com
335,Fin Emery,8719 Clarendon Road,85077,AZ,femery9a@elpais.com
336,Elmore Sneesby,033 Maryland Center,32590,FL,esneesby9b@instagram.com
337,Tom Danbye,33 Morning Avenue,06905,CT,tdanbye9c@chron.com
338,Phil Latchmore,898 Maple Wood Park,18018,PA,platchmore9d@adobe.com
339,Frederick Stobbe,19 Eagan Point,33028,FL,fstobbe9e@baidu.com
340,Langsdon Makinson,5867 Victoria Court,75387,TX,lmakinson9f@dailymail.co.uk
341,Florian Espin,26955 Goodland Parkway,30316,GA,fespin9g@google.ca
342,Holli Ericsson,75 Redwing Drive,98417,WA,hericsson9h@senate.gov
343,Daryn Wehner,70199 Corscot Avenue,95354,CA,dwehner9i@ft.com
344,Trista Winchurch,7187 Little Fleur Pass,97240,OR,twinchurch9j@marketwatch.com
345,Cariotta Smallacombe,555 Bunting Lane,38104,TN,csmallacombe9k@cdbaby.com
346,Walden Lewendon,60007 Schlimgen Lane,20189,VA,wlewendon9l@com.com
347,Tildi Schleswig-Holstein,994 Cardinal Hill,70160,LA,tschleswigholstein9m@wikia.com
348,Giorgio Cordaroy,3128 Welch Way,98127,WA,gcordaroy9n@issuu.com
349,Erick Thirlaway,01 Almo Way,22217,VA,ethirlaway9o@fastcompany.com
350,Tobie Besse,25357 West Point,35220,AL,tbesse9p@dot.gov
351,Shea Murtagh,193 Vahlen Avenue,89140,NV,smurtagh9q@github.io
352,Nikaniki Itzakson,869 Nobel Hill,24515,VA,nitzakson9r@mayoclinic.com
353,Melisandra Carne,31405 Mayfield Way,36114,AL,mcarne9s@timesonline.co.uk
354,Dennet Bengal,6 Hintze Center,85072,AZ,dbengal9t@dailymotion.com
355,Westbrooke Starrs,8408 Main Pass,24020,VA,wstarrs9u@microsoft.com
356,Maurene Cromleholme,550 New Castle Parkway,78235,TX,mcromleholme9v@hao123.com
357,Antony Lowrie,91 Jenifer Crossing,87505,NM,alowrie9w@reddit.com
358,Alphonso Doyland,585 Dapin Avenue,15205,PA,adoyland9x@chronoengine.com
359,Vinni Pebworth,7 Florence Street,34643,FL,vpebworth9y@vimeo.com
360,Farra Sisley,37196 Stephen Terrace,20892,MD,fsisley9z@devhub.com
361,Stepha Howel,34866 Dwight Crossing,62756,IL,showela0@t.co
362,Bobbette Pedreschi,1530 Surrey Place,55108,MN,bpedreschia1@fotki.com
363,Maurene Bengoechea,6 Rowland Lane,33405,FL,mbengoecheaa2@pbs.org
364,Hobey Silman,9578 Texas Point,30130,GA,hsilmana3@globo.com
365,Pall Utteridge,3465 Grasskamp Point,78465,TX,putteridgea4@nationalgeographic.com
366,Esmaria Baudain,68 Superior Crossing,30245,GA,ebaudaina5@tamu.edu
367,Rex Tolputt,0 Basil Road,72905,AR,rtolputta6@feedburner.com
368,Nissy Juett,74 Lakewood Gardens Lane,33305,FL,njuetta7@163.com
369,Ramon Dawks,74 Carey Road,99522,AK,rdawksa8@hugedomains.com
370,Olimpia Sands-Allan,192 Forest Run Street,36628,AL,osandsallana9@blog.com
371,Noe Gilchrist,9428 Straubel Crossing,45238,OH,ngilchristaa@wikia.com
372,Verne Merner,371 Melvin Center,53785,WI,vmernerab@slideshare.net
373,Rolf Flatt,090 Lien Plaza,97286,OR,rflattac@51.la
374,Cloris Munks,99919 Fair Oaks Hill,31296,GA,cmunksad@hibu.com
375,Corbet Hazeup,73380 Boyd Alley,33134,FL,chazeupae@foxnews.com
376,Samantha Sherred,0 Towne Avenue,73129,OK,ssherredaf@linkedin.com
377,Adlai Barbery,66 Eagle Crest Crossing,85705,AZ,abarberyag@about.me
378,Cyndi Coen,980 Gale Point,20380,DC,ccoenah@ning.com
379,Zondra Cattlemull,58518 Delladonna Plaza,49518,MI,zcattlemullai@usatoday.com
380,Merilyn Terris,1 Bellgrove Crossing,35815,AL,mterrisaj@eventbrite.com
381,Hadrian Wyllis,78145 Loftsgordon Circle,35231,AL,hwyllisak@imdb.com
382,Lloyd D'Enrico,64953 Spaight Court,50335,IA,ldenricoal@parallels.com
383,Roxana Jansson,7219 Corry Street,19160,PA,rjanssonam@cafepress.com
384,Celestyn Thebe,96 Ridgeview Pass,33075,FL,cthebean@networksolutions.com
385,Wolf Hotton,4505 Elka Terrace,70033,LA,whottonao@sbwire.com
386,Letisha Nys,894 Lotheville Pass,22096,VA,lnysap@state.gov
387,Marcelo Gaiger,94000 Oneill Plaza,37931,TN,mgaigeraq@naver.com
388,Brooks Merrell,5 Jay Road,06606,CT,bmerrellar@jiathis.com
389,Corella Dwane,4612 Jenifer Center,20557,DC,cdwaneas@clickbank.net
390,Gilburt MacCook,201 Haas Lane,92196,CA,gmaccookat@noaa.gov
391,Reggie Degnen,61 Vernon Terrace,94302,CA,rdegnenau@reuters.com
392,Lu Filippov,3 Lillian Way,88514,TX,lfilippovav@ow.ly
393,Minni Platts,44 Riverside Lane,33605,FL,mplattsaw@163.com
394,Ansley Wycliff,45 Continental Drive,46295,IN,awycliffax@tmall.com
395,Moore Gammel,1511 Maywood Trail,99812,AK,mgammelay@about.me
396,Jessamine MacDonogh,419 South Place,37416,TN,jmacdonoghaz@technorati.com
397,Miranda Jurs,72990 Armistice Trail,11499,NY,mjursb0@is.gd
398,Vanda Kembery,1893 Nevada Pass,67215,KS,vkemberyb1@vistaprint.com
399,Glenine Flight,43443 Clarendon Junction,27621,NC,gflightb2@e-recht24.de
400,Katya Hunnisett,78438 Forest Way,29625,SC,khunnisettb3@hugedomains.com
401,Christabel Friend,00 Briar Crest Junction,98411,WA,cfriendb4@csmonitor.com
402,Nicki Illingworth,36903 Crest Line Parkway,90094,CA,nillingworthb5@51.la
403,Whitby Lamar,4 Artisan Avenue,44760,OH,wlamarb6@live.com
404,Leontine Sprague,1512 Anzinger Junction,36622,AL,lspragueb7@nbcnews.com
405,Eugenia Crome,8 Pleasure Crossing,73167,OK,ecromeb8@bravesites.com
406,Ivor Shilling,90866 Springview Lane,32803,FL,ishillingb9@tinyurl.com
407,Ad Outlaw,3 Forest Dale Road,35205,AL,aoutlawba@unicef.org
408,Guthry Bizzey,40271 Daystar Circle,39210,MS,gbizzeybb@mtv.com
409,Nickey Mulheron,46787 Marquette Place,75265,TX,nmulheronbc@naver.com
410,Clerkclaude Ketchen,6 Sage Junction,76134,TX,cketchenbd@cdc.gov
411,Randa Chadd,207 Ronald Regan Park,93794,CA,rchaddbe@xing.com
412,Wayne Grigore,946 Charing Cross Way,73152,OK,wgrigorebf@1und1.de
413,Benoit Achromov,19665 Riverside Way,87195,NM,bachromovbg@comsenz.com
414,Rivalee Plitz,8252 Brickson Park Circle,32215,FL,rplitzbh@unc.edu
415,Darnall Emm,07 Corben Trail,10004,NY,demmbi@altervista.org
416,Jo-anne Barles,60820 Lyons Court,84135,UT,jbarlesbj@mayoclinic.com
417,Jessey Fickling,98126 Norway Maple Place,20442,DC,jficklingbk@hubpages.com
418,Freedman Whitley,9119 Golf Hill,33124,FL,fwhitleybl@is.gd
419,Danella Waleworke,65 High Crossing Alley,78710,TX,dwaleworkebm@harvard.edu
420,Abram Oldfield,60 Fisk Crossing,63110,MO,aoldfieldbn@macromedia.com
421,Hewie Annets,2 Clarendon Alley,34135,FL,hannetsbo@wunderground.com
422,Alanah Forth,3945 Riverside Avenue,80015,CO,aforthbp@netscape.com
423,Trixie Briztman,474 Moulton Terrace,08608,NJ,tbriztmanbq@imgur.com
424,Anneliese Pinar,1 Arizona Lane,61614,IL,apinarbr@columbia.edu
425,Shana Dudliston,337 Sullivan Parkway,77010,TX,sdudlistonbs@netlog.com
426,Thomasina Coupman,7 Annamark Circle,89130,NV,tcoupmanbt@a8.net
427,Maximilianus Trevenu,45 Garrison Junction,79968,TX,mtrevenubu@xrea.com
428,Laurianne Legerwood,4190 Merrick Junction,50706,IA,llegerwoodbv@netvibes.com
429,Dane Bernucci,61 Fair Oaks Parkway,02163,MA,dbernuccibw@omniture.com
430,Marney Shobrook,705 Waywood Parkway,07310,NJ,mshobrookbx@gizmodo.com
431,Gordan Portinari,8616 Johnson Road,46825,IN,gportinariby@vistaprint.com
432,Fanya Lawrance,3921 Trailsway Plaza,98664,WA,flawrancebz@dmoz.org
433,Desirae Hutchison,42 Shelley Street,22036,VA,dhutchisonc0@wufoo.com
434,Celestia Gabbidon,59255 Eastwood Park,94177,CA,cgabbidonc1@sakura.ne.jp
435,Stacee Byatt,279 Surrey Point,36195,AL,sbyattc2@amazon.com
436,Karlee Fuggle,761 Butternut Circle,22093,VA,kfugglec3@unicef.org
437,Charmine Shayes,468 Graedel Terrace,48670,MI,cshayesc4@house.gov
438,Harper Fyrth,83603 Washington Center,78682,TX,hfyrthc5@histats.com
439,Lay McGorman,39093 Sachtjen Pass,94154,CA,lmcgormanc6@unicef.org
440,Edlin Crandon,7393 Sheridan Terrace,12247,NY,ecrandonc7@loc.gov
441,Wandie Meanwell,04 Emmet Way,06816,CT,wmeanwellc8@opensource.org
442,Kandy Moretto,05 Di Loreto Point,83722,ID,kmorettoc9@marriott.com
443,Dorena Kix,896 Vera Parkway,34981,FL,dkixca@intel.com
444,Sonny Loud,3139 Forest Alley,55458,MN,sloudcb@newsvine.com
445,Benedick Kettlestringe,36 Towne Terrace,31205,GA,bkettlestringecc@npr.org
446,Windy Alty,81 Birchwood Way,66667,KS,waltycd@booking.com
447,Koren Goddert.sf,0 Thackeray Hill,20195,VA,kgoddertsfce@skype.com
448,Alfons Truluck,204 Troy Terrace,11044,NY,atruluckcf@tmall.com
449,Perry Carmel,0989 Anhalt Junction,10110,NY,pcarmelcg@theguardian.com
450,Octavius Beddo,4 Kensington Hill,80223,CO,obeddoch@drupal.org
451,Hi Roggerone,63515 Mandrake Drive,27658,NC,hroggeroneci@rediff.com
452,Ronnie Lyokhin,574 Browning Street,78210,TX,rlyokhincj@loc.gov
453,Jerrilee Buxey,92983 Trailsway Crossing,74126,OK,jbuxeyck@nationalgeographic.com
454,Vinni Artiss,566 4th Parkway,20078,DC,vartisscl@example.com
455,Orel Digby,95 Pearson Crossing,76129,TX,odigbycm@ucsd.edu
456,Hugo Soughton,64 Trailsway Pass,79905,TX,hsoughtoncn@yelp.com
457,Cori Bannon,0 Reinke Terrace,21239,MD,cbannonco@furl.net
458,Jacqueline Puig,297 Fairview Crossing,49544,MI,jpuigcp@furl.net
459,Sue Wollard,41197 Memorial Trail,20073,DC,swollardcq@csmonitor.com
460,Kamilah Montes,2455 Scott Lane,68124,NE,kmontescr@gov.uk
461,Mufi Eliassen,20 Center Street,94089,CA,meliassencs@slideshare.net
462,Mile Loutheane,29500 Manley Hill,33680,FL,mloutheanect@paypal.com
463,Barney Wilcockes,07 Blackbird Center,89714,NV,bwilcockescu@mapquest.com
464,Adler Persey,501 Sugar Road,18105,PA,aperseycv@gov.uk
465,Victoir Kerwood,7 Forest Dale Junction,30368,GA,vkerwoodcw@tinyurl.com
466,Beulah Whitfeld,4323 Thierer Lane,73142,OK,bwhitfeldcx@army.mil
467,Boote Arrundale,276 Rigney Crossing,45233,OH,barrundalecy@wp.com
468,Jennica Brenard,84936 Valley Edge Lane,85099,AZ,jbrenardcz@opensource.org
469,Bianka Baumann,92 Onsgard Lane,78475,TX,bbaumannd0@smugmug.com
470,Egor Sire,72500 Meadow Valley Crossing,85083,AZ,esired1@prlog.org
471,Monroe Marquese,47 Little Fleur Street,75251,TX,mmarquesed2@fastcompany.com
472,Melisenda Murcott,32 Charing Cross Way,14639,NY,mmurcottd3@bizjournals.com
473,Gillie Tilzey,7 Summer Ridge Terrace,25721,WV,gtilzeyd4@seattletimes.com
474,Troy Feehan,736 Veith Crossing,58122,ND,tfeehand5@ezinearticles.com
475,Fifine Lage,77 Trailsway Pass,33069,FL,flaged6@hao123.com
476,Consuela O' Markey,46 Starling Road,77266,TX,cod7@indiegogo.com
477,Derwin Damsell,0 Corben Court,20525,DC,ddamselld8@addthis.com
478,Vittoria Harlick,8471 Eagan Crossing,78465,TX,vharlickd9@photobucket.com
479,Rochette Domokos,7 Village Green Park,79999,TX,rdomokosda@vk.com
480,Karla Whistance,02 Birchwood Pass,85005,AZ,kwhistancedb@fda.gov
481,Paco Ladell,688 Elgar Park,44760,OH,pladelldc@bloglines.com
482,Ennis Mawditt,95 Monterey Junction,75367,TX,emawdittdd@google.nl
483,Jeremy Trewman,10086 Badeau Road,70174,LA,jtrewmande@netscape.com
484,Zacharia Simonato,2 Scoville Circle,50330,IA,zsimonatodf@wikia.com
485,Grayce Gunton,50 International Center,92160,CA,gguntondg@bloglines.com
486,Foster Frotton,4 Springview Pass,90005,CA,ffrottondh@google.com.au
487,Amandy Rayment,7519 Caliangt Plaza,79605,TX,araymentdi@sitemeter.com
488,Wald Maes,50235 Waubesa Court,19184,PA,wmaesdj@goo.gl
489,Francois Hawkswood,061 Memorial Alley,30033,GA,fhawkswooddk@yahoo.co.jp
490,Rowe Scamp,0425 Toban Plaza,46202,IN,rscampdl@unesco.org
491,Layla Fenny,6 Upham Avenue,10464,NY,lfennydm@mediafire.com
492,Tabbie Simko,20 Meadow Ridge Point,34474,FL,tsimkodn@theguardian.com
493,Beatrisa Carlos,22114 Service Hill,32118,FL,bcarlosdo@flavors.me
494,Myrilla Wooding,2 Debra Lane,20051,DC,mwoodingdp@example.com
495,Misti Armit,4259 Alpine Court,90094,CA,marmitdq@columbia.edu
496,Suzi Chorlton,6592 Buell Junction,31704,GA,schorltondr@cyberchimps.com
497,Elfrida Bedo,997 Grover Hill,19714,DE,ebedods@surveymonkey.com
498,Dana Ibbitt,5 Iowa Terrace,25711,WV,dibbittdt@cocolog-nifty.com
499,Ayn Millier,6 Lake View Trail,31196,GA,amillierdu@booking.com
500,Clywd Fernao,399 Wayridge Lane,50981,IA,cfernaodv@blog.com
501,Stanton Botger,21 Weeping Birch Trail,23612,VA,sbotgerdw@xrea.com
502,Hilliary Algate,3 Havey Center,20392,DC,halgatedx@indiatimes.com
503,Umberto Sherington,507 Myrtle Junction,78230,TX,usheringtondy@phoca.cz
504,Miltie Youthead,7 Buhler Court,75372,TX,myoutheaddz@wiley.com
505,Jaquelyn Lilford,845 Jenifer Center,02142,MA,jlilforde0@blogs.com
506,Jana Setter,7 Bellgrove Park,27621,NC,jsettere1@epa.gov
507,Floria Petera,408 Westport Road,95973,CA,fpeterae2@ning.com
508,Mattie Robrose,8 Thierer Crossing,34276,FL,mrobrosee3@netlog.com
509,Julie Lafaye,70044 Onsgard Park,14609,NY,jlafayee4@hostgator.com
510,Bat Spurier,2283 Warrior Crossing,20409,DC,bspuriere5@cnet.com
511,Gwenneth McCole,54 Old Gate Court,78250,TX,gmccolee6@opensource.org
512,Tristan Bridgeman,7962 Oneill Parkway,11447,NY,tbridgemane7@hao123.com
513,Joel Titlow,540 3rd Crossing,94913,CA,jtitlowe8@yale.edu
514,Sallyanne Roskell,64 Kensington Junction,63158,MO,sroskelle9@vinaora.com
515,Mackenzie Whittall,1744 Macpherson Street,14614,NY,mwhittallea@twitter.com
516,Ezra Alves,1018 Bunker Hill Lane,77705,TX,ealveseb@blog.com
517,Chaddy Giannotti,9176 Fremont Place,14609,NY,cgiannottiec@ted.com
518,Stephie Kaesmans,73906 Welch Pass,17126,PA,skaesmansed@odnoklassniki.ru
519,Meade Pinch,12 Grasskamp Plaza,23242,VA,mpinchee@cocolog-nifty.com
520,Bethena Notman,8 Redwing Pass,19191,PA,bnotmanef@cnn.com
521,Sander Hambleton,735 Lindbergh Center,79452,TX,shambletoneg@weibo.com
522,Jorrie Lyddyard,846 Mccormick Way,70124,LA,jlyddyardeh@dot.gov
523,Alexa Klosser,2061 Truax Way,60652,IL,aklosserei@zimbio.com
524,Miltie Brookzie,0169 Rigney Plaza,20062,DC,mbrookzieej@over-blog.com
525,Freida Terrett,7355 John Wall Street,92115,CA,fterrettek@usnews.com
526,Klemens Alderson,69 Norway Maple Road,02208,MA,kaldersonel@ted.com
527,Yolande Wimp,2026 Kensington Lane,98464,WA,ywimpem@wsj.com
528,Lishe Kyngdon,606 Express Center,43284,OH,lkyngdonen@cisco.com
529,Chelsae Paike,52519 Crescent Oaks Drive,75246,TX,cpaikeeo@sitemeter.com
530,Tamas Pierce,89824 Dunning Alley,97075,OR,tpierceep@jugem.jp
531,Alverta De Souza,51694 Transport Plaza,33325,FL,adeeq@bbc.co.uk
532,Zollie Toovey,44964 Clyde Gallagher Avenue,19131,PA,ztooveyer@istockphoto.com
533,Mick Jendrys,36 Maple Wood Drive,52809,IA,mjendryses@cornell.edu
534,Lorraine Larcher,46 Merry Park,14619,NY,llarcheret@multiply.com
535,Sula Ivons,86 Shelley Street,32803,FL,sivonseu@mapy.cz
536,Cosetta Godrich,2916 Stuart Trail,43215,OH,cgodrichev@newsvine.com
537,Puff Bielby,09 Commercial Circle,65211,MO,pbielbyew@discuz.net
538,Koren Raft,34518 Debra Circle,62705,IL,kraftex@sourceforge.net
539,Cymbre Veldens,94956 Rusk Street,73034,OK,cveldensey@paypal.com
540,Joline Shute,6202 Bultman Lane,63116,MO,jshuteez@google.co.uk
541,Delly Cutchie,8 Sutherland Circle,38197,TN,dcutchief0@phpbb.com
542,Deloris Pigram,476 Utah Pass,34479,FL,dpigramf1@yahoo.com
543,Micky Sitford,6887 Summerview Plaza,30392,GA,msitfordf2@bizjournals.com
544,Eugine Olpin,64 High Crossing Drive,38143,TN,eolpinf3@paypal.com
545,Arlene Sultana,2 Stang Pass,89706,NV,asultanaf4@ebay.co.uk
546,Vinnie Sebert,0676 Ruskin Park,90040,CA,vsebertf5@ycombinator.com
547,Tadd Alvarado,15 Stoughton Park,94660,CA,talvaradof6@nature.com
548,Alejandro Fairbrother,9232 Thierer Plaza,87140,NM,afairbrotherf7@businesswire.com
549,Wesley Barrett,90 Loomis Lane,27116,NC,wbarrettf8@dell.com
550,Blake Cussen,6 Mayer Trail,32803,FL,bcussenf9@hibu.com
551,Erny Halworth,266 Aberg Park,50936,IA,ehalworthfa@ycombinator.com
552,Zerk Sibborn,911 Corry Street,63143,MO,zsibbornfb@squarespace.com
553,Mychal Hedaux,272 Hollow Ridge Crossing,93704,CA,mhedauxfc@ehow.com
554,Geri Robinette,819 Weeping Birch Avenue,71115,LA,grobinettefd@istockphoto.com
555,Giorgi Kane,9271 Sutherland Way,33190,FL,gkanefe@va.gov
556,Clemmie Deacon,9 Little Fleur Plaza,60686,IL,cdeaconff@telegraph.co.uk
557,Avery Lyddy,1 La Follette Court,14609,NY,alyddyfg@dedecms.com
558,Julianne Hoopper,0483 Dottie Court,94154,CA,jhoopperfh@japanpost.jp
559,Des Tidman,09138 Packers Place,33111,FL,dtidmanfi@bbc.co.uk
560,Vasilis Dingsdale,4974 Stuart Way,33694,FL,vdingsdalefj@blogger.com
561,Nick Obispo,5 Stephen Circle,37405,TN,nobispofk@statcounter.com
562,Althea Danielli,958 Oxford Street,20591,DC,adaniellifl@themeforest.net
563,Roxanna Crumley,01630 Northview Crossing,12255,NY,rcrumleyfm@ebay.co.uk
564,Amby Bithell,22074 Grasskamp Place,15255,PA,abithellfn@diigo.com
565,Sarajane Cassels,03 Garrison Center,40225,KY,scasselsfo@ezinearticles.com
566,Jessi Flores,038 Lakeland Crossing,32118,FL,jfloresfp@macromedia.com
567,Byram Pates,2 Eliot Trail,30375,GA,bpatesfq@usda.gov
568,Irwin Doornbos,92121 Kipling Trail,48258,MI,idoornbosfr@list-manage.com
569,Shane Curdell,25 Thierer Drive,77271,TX,scurdellfs@opensource.org
570,Devin Fossett,76 Banding Way,60697,IL,dfossettft@wikia.com
571,Ophelia Cunde,4533 Packers Point,68117,NE,ocundefu@narod.ru
572,Brooke Weinmann,89 Killdeer Circle,18763,PA,bweinmannfv@feedburner.com
573,Gretal Hauck,9 Farragut Way,97206,OR,ghauckfw@sourceforge.net
574,Roddie Preston,587 Dryden Park,21684,MD,rprestonfx@tumblr.com
575,Harlene Huge,842 Elka Road,18763,PA,hhugefy@youku.com
576,Rosemonde Kliement,5 Prairie Rose Point,75049,TX,rkliementfz@linkedin.com
577,Etta Sines,44404 Toban Point,10249,NY,esinesg0@ow.ly
578,Pavla Jereatt,9 Menomonie Plaza,70160,LA,pjereattg1@zdnet.com
579,Demetris Klosser,8 Waubesa Crossing,18706,PA,dklosserg2@shareasale.com
580,Weidar Loudian,9225 Crescent Oaks Way,32236,FL,wloudiang3@cnn.com
581,Freemon Bellson,43 Kim Way,85067,AZ,fbellsong4@ted.com
582,Jim Fitchett,3100 Lakewood Court,27455,NC,jfitchettg5@furl.net
583,Carlie Tinwell,245 Kedzie Court,76210,TX,ctinwellg6@mozilla.com
584,Charles Robillard,80364 Dottie Way,27705,NC,crobillardg7@admin.ch
585,Thekla Wrightson,70 Sachs Junction,21684,MD,twrightsong8@flavors.me
586,Babbette Tozer,060 Golf View Road,90081,CA,btozerg9@slate.com
587,Forbes Schollick,51005 Bartillon Crossing,30301,GA,fschollickga@pen.io
588,Sigrid Paolone,94261 Alpine Way,73190,OK,spaolonegb@bluehost.com
589,Beatrix Dudney,70596 Johnson Center,67230,KS,bdudneygc@yahoo.co.jp
590,Lothaire Plews,286 Johnson Pass,44177,OH,lplewsgd@edublogs.org
591,Corby Lillegard,384 Lakewood Gardens Junction,45271,OH,clillegardge@skyrock.com
592,Windy Carmel,74 Mallard Court,22217,VA,wcarmelgf@ox.ac.uk
593,Georgette Swinney,203 Londonderry Junction,53779,WI,gswinneygg@studiopress.com
594,Gabriellia Ranscomb,99 Brickson Park Pass,39305,MS,granscombgh@eventbrite.com
595,Cheryl Danilenko,2653 Westridge Place,67260,KS,cdanilenkogi@jimdo.com
596,Ava Golley,2 Dexter Street,77240,TX,agolleygj@about.com
597,Chery Gilby,6645 Scott Circle,63196,MO,cgilbygk@harvard.edu
598,Clarita Cheers,78549 Carey Crossing,22070,VA,ccheersgl@prlog.org
599,Filia Derx,952 Fordem Street,93750,CA,fderxgm@rakuten.co.jp
600,Marshall Stratton,042 Meadow Ridge Court,59806,MT,mstrattongn@gizmodo.com
601,Aaren Ungerecht,03 Clemons Point,10014,NY,aungerechtgo@unc.edu
602,Sibby Fawkes,52812 Susan Hill,63110,MO,sfawkesgp@discuz.net
603,Fonz Rowdell,08047 Ryan Place,33994,FL,frowdellgq@bizjournals.com
604,Bastian Hearthfield,121 Hoard Alley,55579,MN,bhearthfieldgr@imdb.com
605,Helsa Dyer,1150 Scofield Hill,68144,NE,hdyergs@tumblr.com
606,Ab Mallen,420 Hayes Terrace,32808,FL,amallengt@godaddy.com
607,Samson Hudless,651 Sage Way,55448,MN,shudlessgu@weibo.com
608,Trace McCann,749 Spenser Place,32803,FL,tmccanngv@nih.gov
609,Prescott Wikey,5617 Di Loreto Point,30386,GA,pwikeygw@cnet.com
610,Sid Barrus,20406 Waywood Lane,43210,OH,sbarrusgx@dyndns.org
611,Dun Twyning,2 Moose Place,52405,IA,dtwyninggy@jimdo.com
612,Zebulen Agdahl,586 Lindbergh Park,80951,CO,zagdahlgz@ft.com
613,Gray Strivens,245 Manufacturers Avenue,20591,DC,gstrivensh0@miibeian.gov.cn
614,Maryanna Jepp,20046 Arrowood Terrace,63169,MO,mjepph1@youtu.be
615,Rip Avesque,975 Nancy Point,10474,NY,ravesqueh2@1688.com
616,Rodney Grolmann,5 Elka Avenue,32969,FL,rgrolmannh3@loc.gov
617,Corny Beavors,72599 Lakewood Gardens Lane,53726,WI,cbeavorsh4@storify.com
618,Filide Heistermann,7292 Dennis Place,92705,CA,fheistermannh5@google.fr
619,Dalston Winspeare,46 Park Meadow Drive,90005,CA,dwinspeareh6@barnesandnoble.com
620,Philip Josselsohn,70 Coleman Road,75605,TX,pjosselsohnh7@cnet.com
621,Mohammed Wetherhead,03 Burrows Trail,48107,MI,mwetherheadh8@si.edu
622,Ruy Moysey,782 Bluestem Center,35263,AL,rmoyseyh9@google.com.hk
623,Harold Seeler,674 Dapin Point,11231,NY,hseelerha@biglobe.ne.jp
624,Geraldine Woolfoot,763 Hintze Point,33615,FL,gwoolfoothb@youtube.com
625,Alysa Spurett,82 Judy Trail,32304,FL,aspuretthc@t.co
626,Misha Stearley,0 4th Terrace,10105,NY,mstearleyhd@opera.com
627,Constantin Pitts,9496 Dahle Park,14269,NY,cpittshe@hp.com
628,Rosanna Wanklyn,4515 Moose Street,76210,TX,rwanklynhf@ow.ly
629,Lolita Jaspar,02448 Mandrake Terrace,94207,CA,ljasparhg@xinhuanet.com
630,Adena Joskowicz,21 Corben Avenue,32244,FL,ajoskowiczhh@dyndns.org
631,Ralf McLennan,753 Express Pass,63150,MO,rmclennanhi@usa.gov
632,Raimondo Mosten,17 Menomonie Court,22111,VA,rmostenhj@sitemeter.com
633,Dacey Revey,24638 Badeau Avenue,23663,VA,dreveyhk@exblog.jp
634,Laurice Geraldo,1 Del Mar Park,55172,MN,lgeraldohl@washingtonpost.com
635,Sherwynd Cutforth,87 Charing Cross Terrace,20041,DC,scutforthhm@prnewswire.com
636,Garrett Simpkin,29 Luster Drive,10060,NY,gsimpkinhn@earthlink.net
637,Clea Fligg,82547 Everett Avenue,33018,FL,cfliggho@umn.edu
638,Charmion Deinhardt,4887 Forster Terrace,70815,LA,cdeinhardthp@sina.com.cn
639,Ramona Tullett,09932 Stang Terrace,06160,CT,rtulletthq@springer.com
640,Filberto Bunker,29 Monica Plaza,77806,TX,fbunkerhr@dropbox.com
641,Rahal Slowgrove,933 Aberg Pass,92805,CA,rslowgrovehs@ihg.com
642,Far Monksfield,0 Amoth Terrace,55103,MN,fmonksfieldht@live.com
643,Audra Smallthwaite,772 Jana Street,55428,MN,asmallthwaitehu@qq.com
644,Genvieve Ainslie,952 Lindbergh Place,64190,MO,gainsliehv@fc2.com
645,Kevyn Pye,59415 Novick Alley,22047,VA,kpyehw@sourceforge.net
646,Win Limb,38 Hintze Way,32575,FL,wlimbhx@jigsy.com
647,Erminie Thurley,5 Gerald Hill,94207,CA,ethurleyhy@ask.com
648,Wernher Camplin,7296 Gerald Alley,02114,MA,wcamplinhz@china.com.cn
649,Rosita MacKaig,0 Becker Pass,96805,HI,rmackaigi0@microsoft.com
650,Randell Vampouille,18 Coolidge Parkway,02745,MA,rvampouillei1@auda.org.au
651,Anthia Swatten,796 Vahlen Place,33124,FL,aswatteni2@buzzfeed.com
652,Timothea Oldland,15 Weeping Birch Court,10310,NY,toldlandi3@adobe.com
653,Cassey Lorand,8367 Bay Plaza,78235,TX,clorandi4@webnode.com
654,Audrie Vautre,5768 Leroy Lane,56944,DC,avautrei5@gmpg.org
655,Elke Wrey,1440 Morrow Drive,94132,CA,ewreyi6@storify.com
656,Domenic Manzell,66958 8th Park,50706,IA,dmanzelli7@cmu.edu
657,Merrili Dinzey,620 Myrtle Junction,66276,KS,mdinzeyi8@live.com
658,Thorsten de la Valette Parisot,896 Mallory Way,66622,KS,tdei9@businessweek.com
659,Davina Outridge,0943 Riverside Trail,66286,KS,doutridgeia@salon.com
660,Dexter Capps,80909 Rockefeller Center,20299,DC,dcappsib@state.tx.us
661,Zorina Genthner,334 Summerview Crossing,92115,CA,zgenthneric@tuttocitta.it
662,Korella Duckitt,91840 Linden Center,20215,DC,kduckittid@ihg.com
663,Lura Fake,64798 Sunbrook Parkway,30323,GA,lfakeie@illinois.edu
664,Hollie Priditt,8320 Shelley Street,15240,PA,hpridittif@dedecms.com
665,Alphard McGenn,55 Vermont Avenue,33345,FL,amcgennig@surveymonkey.com
666,Henka Souttar,359 Golf Place,80045,CO,hsouttarih@artisteer.com
667,Elva Skala,9 Lien Alley,92137,CA,eskalaii@friendfeed.com
668,Cherianne Edds,31927 Jackson Terrace,46825,IN,ceddsij@1688.com
669,Robin Takos,87 Chive Point,22205,VA,rtakosik@hc360.com
670,Roddie Willars,935 Union Road,12242,NY,rwillarsil@photobucket.com
671,Victor Kilby,9931 Hallows Place,76121,TX,vkilbyim@cdbaby.com
672,Marianna Simionescu,21 Brentwood Junction,70883,LA,msimionescuin@pinterest.com
673,Dene Brickham,82 Corben Junction,54915,WI,dbrickhamio@godaddy.com
674,Cristie Ilyushkin,2 Grover Park,35220,AL,cilyushkinip@dion.ne.jp
675,Lewes Jamison,8 Valley Edge Lane,96805,HI,ljamisoniq@intel.com
676,Noellyn Prosek,4119 8th Avenue,12227,NY,nprosekir@ebay.co.uk
677,Margery Covolini,3 Sundown Drive,17121,PA,mcovoliniis@163.com
678,Nathanial Frape,584 Clove Trail,40233,KY,nfrapeit@umich.edu
679,Mathe Triggle,6 Schurz Circle,90015,CA,mtriggleiu@msu.edu
680,Nickolai Cowmeadow,61093 Charing Cross Junction,90810,CA,ncowmeadowiv@yelp.com
681,Benny Slorach,431 Oak Valley Place,60674,IL,bslorachiw@nymag.com
682,Holmes Muncey,1 Carey Parkway,55123,MN,hmunceyix@microsoft.com
683,Roseann Dulson,4213 8th Trail,33758,FL,rdulsoniy@prlog.org
684,Lotta Chippindale,65937 3rd Park,12232,NY,lchippindaleiz@amazon.de
685,Gustavo Caush,70 Hansons Parkway,45505,OH,gcaushj0@yahoo.com
686,Allard Hagger,62 Nelson Avenue,32868,FL,ahaggerj1@ebay.com
687,Sheree D'Elias,208 Hooker Alley,20520,DC,sdeliasj2@princeton.edu
688,Kerk Bertenshaw,008 Clove Road,73119,OK,kbertenshawj3@nydailynews.com
689,Ray Greson,9 Main Place,64054,MO,rgresonj4@qq.com
690,Westbrook Pledge,43 Farmco Street,02216,MA,wpledgej5@a8.net
691,Vincents Boissier,1153 Elmside Terrace,53215,WI,vboissierj6@virginia.edu
692,Sibylla MacDuffie,93 Waywood Place,33245,FL,smacduffiej7@gnu.org
693,Niel Hindrich,652 Manufacturers Terrace,78265,TX,nhindrichj8@auda.org.au
694,Candie Petrelluzzi,21 Miller Way,58207,ND,cpetrelluzzij9@ca.gov
695,Aloysius Wiffield,19 Nova Pass,08619,NJ,awiffieldja@histats.com
696,Arlette Curtis,037 Cascade Junction,39236,MS,acurtisjb@spotify.com
697,Shaylynn Dodge,9 Anzinger Drive,74133,OK,sdodgejc@google.com.au
698,Blake Gittens,564 Roth Alley,23464,VA,bgittensjd@si.edu
699,Ayn Enocksson,92 Beilfuss Hill,45203,OH,aenockssonje@vistaprint.com
700,Clea Fealty,8153 Talmadge Pass,77050,TX,cfealtyjf@geocities.jp
701,Kassia Tallowin,036 Toban Point,78260,TX,ktallowinjg@msu.edu
702,Mayer Stenson,9014 Grim Road,60669,IL,mstensonjh@nbcnews.com
703,Cammi Wimbush,4968 Pawling Place,07544,NJ,cwimbushji@technorati.com
704,Kirstin Grisbrook,73234 Vahlen Avenue,34615,FL,kgrisbrookjj@zdnet.com
705,Vincents Barratt,553 Texas Crossing,99522,AK,vbarrattjk@kickstarter.com
706,Wainwright Illem,6 Rockefeller Street,58207,ND,willemjl@bloglines.com
707,Min Orbine,8 Bayside Hill,37450,TN,morbinejm@earthlink.net
708,Susi Beaston,05366 Independence Road,33185,FL,sbeastonjn@icio.us
709,Carolann Woolford,2 Porter Point,10099,NY,cwoolfordjo@answers.com
710,Curcio Brombell,11179 Karstens Street,95828,CA,cbrombelljp@prweb.com
711,Dallas Duchasteau,99 Burrows Lane,75605,TX,dduchasteaujq@paypal.com
712,Hyacinthie Loosely,3036 Southridge Circle,34233,FL,hlooselyjr@cornell.edu
713,Ellene Houltham,01237 8th Street,44315,OH,ehoulthamjs@virginia.edu
714,Miquela Franz,31228 Anthes Plaza,28235,NC,mfranzjt@wisc.edu
715,Verney Cowap,79359 Colorado Lane,30911,GA,vcowapju@phpbb.com
716,Ashia Tremblet,2 Golden Leaf Crossing,38197,TN,atrembletjv@google.com.br
717,Herb Woodruffe,9535 Stuart Plaza,23514,VA,hwoodruffejw@wikipedia.org
718,Amii Kirvell,449 Union Street,32526,FL,akirvelljx@cyberchimps.com
719,Torrance Duigan,59810 7th Lane,55590,MN,tduiganjy@bigcartel.com
720,Idell Duell,619 Sage Pass,76192,TX,iduelljz@uiuc.edu
721,Dody Ryhorovich,3 Myrtle Drive,70593,LA,dryhorovichk0@twitter.com
722,Roxie Bachman,61 Ronald Regan Point,45249,OH,rbachmank1@list-manage.com
723,Herrick Dog,9 Clarendon Place,11205,NY,hdogk2@simplemachines.org
724,Efren Whittock,76 Towne Avenue,32244,FL,ewhittockk3@jimdo.com
725,Jessica Roggers,44238 Carey Street,78465,TX,jroggersk4@mail.ru
726,Barrie Tregunna,09950 Anhalt Terrace,33069,FL,btregunnak5@nps.gov
727,Helen-elizabeth Godsafe,6284 Kipling Trail,23213,VA,hgodsafek6@barnesandnoble.com
728,Joane Rosander,65193 High Crossing Center,39204,MS,jrosanderk7@weibo.com
729,Martie Cambell,3747 Vera Drive,47747,IN,mcambellk8@so-net.ne.jp
730,Aggy Guitonneau,091 Starling Point,47747,IN,aguitonneauk9@mac.com
731,Carey Gronous,8 Prentice Avenue,31998,GA,cgronouska@seattletimes.com
732,Cathrine Blare,85 Comanche Circle,94142,CA,cblarekb@slideshare.net
733,Barrett Roncelli,14 High Crossing Road,92519,CA,broncellikc@upenn.edu
734,Jerrome Tolley,43015 Summer Ridge Parkway,40250,KY,jtolleykd@amazonaws.com
735,Henka Dibden,38194 Sundown Circle,77060,TX,hdibdenke@sun.com
736,Esra McAirt,46611 Ryan Way,18018,PA,emcairtkf@sohu.com
737,Athene McGeown,70306 Boyd Hill,33647,FL,amcgeownkg@163.com
738,Quincey Muehler,2097 Green Drive,99522,AK,qmuehlerkh@purevolume.com
739,Carmella Rontsch,6 Trailsway Alley,46231,IN,crontschki@sogou.com
740,Jarrod Hyndes,119 Jay Park,77234,TX,jhyndeskj@free.fr
741,Trixy Haly,46 Memorial Way,85062,AZ,thalykk@goo.ne.jp
742,Marianna McTavy,9235 Blackbird Drive,46221,IN,mmctavykl@reference.com
743,Jorgan Duchenne,81 Westport Court,78044,TX,jduchennekm@sciencedirect.com
744,Darnell Dixie,512 Sommers Park,92825,CA,ddixiekn@163.com
745,Augustina Lygo,420 Northview Trail,48956,MI,alygoko@cbslocal.com
746,Erhart Harg,961 Laurel Circle,33325,FL,ehargkp@mac.com
747,Jeannette Forrester,6 Melody Pass,70149,LA,jforresterkq@stanford.edu
748,Helga Gowdridge,4 Sundown Avenue,27116,NC,hgowdridgekr@indiatimes.com
749,Kaycee Wey,640 Loftsgordon Junction,01114,MA,kweyks@unblog.fr
750,Gaylene Baudains,6 Blackbird Road,15205,PA,gbaudainskt@weebly.com
751,Laird Bampforth,72257 Carioca Pass,49018,MI,lbampforthku@feedburner.com
752,Mic Lymer,175 Carpenter Pass,40225,KY,mlymerkv@army.mil
753,Georgiana Libri,954 Forest Run Park,39534,MS,glibrikw@facebook.com
754,Norene McArdell,2 Moose Lane,88558,TX,nmcardellkx@drupal.org
755,Katharyn Cutchie,08077 Tennyson Road,31132,GA,kcutchieky@cloudflare.com
756,Tammara Viveash,17 Tennyson Drive,64193,MO,tviveashkz@narod.ru
757,Tait Melmore,52 Basil Point,14646,NY,tmelmorel0@blogspot.com
758,Nissa Obert,97 Park Meadow Junction,33982,FL,nobertl1@cnet.com
759,Lorianne Bullock,10 Texas Drive,75037,TX,lbullockl2@tinyurl.com
760,Tonye Pietruszka,28 Moulton Point,22244,VA,tpietruszkal3@dell.com
761,Gaynor Rawlins,090 Nova Park,87140,NM,grawlinsl4@pcworld.com
762,Gregorio Fri,245 Prentice Drive,89036,NV,gfril5@biglobe.ne.jp
763,Mariellen Saunier,9 Kedzie Plaza,23220,VA,msaunierl6@cdc.gov
764,Ralph Winnett,80 Holmberg Way,95155,CA,rwinnettl7@nasa.gov
765,Basilio Beedell,199 Hermina Circle,28314,NC,bbeedelll8@examiner.com
766,Lainey Dunbobin,1 Susan Plaza,80241,CO,ldunbobinl9@pcworld.com
767,Tate Labro,06 Mendota Avenue,84152,UT,tlabrola@multiply.com
768,Dav Blowers,098 Carioca Plaza,20022,DC,dblowerslb@squarespace.com
769,Rand Randales,7745 Buell Hill,78250,TX,rrandaleslc@1und1.de
770,Borden Chance,9 Katie Crossing,30356,GA,bchanceld@cbsnews.com
771,Elberta Curzey,8932 Schurz Point,20189,VA,ecurzeyle@ibm.com
772,Earlie Nemchinov,72121 Bowman Alley,98417,WA,enemchinovlf@flavors.me
773,Rurik Peatheyjohns,64 Sunbrook Point,33233,FL,rpeatheyjohnslg@studiopress.com
774,Sonya Nelsey,5059 Brentwood Hill,32969,FL,snelseylh@ocn.ne.jp
775,Jerrie Roullier,8904 Riverside Park,30506,GA,jroullierli@apache.org
776,Donnell Nollet,217 Thompson Avenue,77015,TX,dnolletlj@a8.net
777,Rosalinda Summerhayes,67 Basil Park,06705,CT,rsummerhayeslk@discuz.net
778,Cornelia Bagehot,54338 Wayridge Hill,10099,NY,cbagehotll@youtube.com
779,Leyla Bryde,30911 Rusk Crossing,93750,CA,lbrydelm@1und1.de
780,Devlin Fumagalli,38 Moose Avenue,33982,FL,dfumagalliln@patch.com
781,Ameline Simison,7139 Bunting Point,62764,IL,asimisonlo@tripadvisor.com
782,Maxy Pizer,22 Pankratz Lane,89130,NV,mpizerlp@nasa.gov
783,Oona Ovanesian,21 Vernon Center,64130,MO,oovanesianlq@loc.gov
784,Cristin Sabin,67 Macpherson Pass,10260,NY,csabinlr@ezinearticles.com
785,Ellette Raith,8 Fieldstone Point,92110,CA,eraithls@google.ru
786,Beck Rraundl,99 Paget Crossing,33448,FL,brraundllt@posterous.com
787,Hattie Matzen,43380 Arizona Terrace,10131,NY,hmatzenlu@istockphoto.com
788,Liva Langthorne,3 Gina Trail,85040,AZ,llangthornelv@home.pl
789,Gale Davidson,4240 Arizona Crossing,23459,VA,gdavidsonlw@guardian.co.uk
790,Kass Palfery,4088 Luster Plaza,66642,KS,kpalferylx@irs.gov
791,Karlyn McCosker,75217 Trailsway Park,38104,TN,kmccoskerly@geocities.jp
792,Humberto Kubalek,70187 Express Point,88569,TX,hkubaleklz@ucoz.ru
793,Norman Castiglioni,9 Reinke Avenue,85383,AZ,ncastiglionim0@rakuten.co.jp
794,Jerome Bloomer,90508 Armistice Terrace,45020,OH,jbloomerm1@shareasale.com
795,Rene Shearn,95107 Mitchell Hill,76505,TX,rshearnm2@reference.com
796,Gratiana Collishaw,07 Vahlen Park,23228,VA,gcollishawm3@mapquest.com
797,Amalia Helian,24 Oakridge Center,20430,DC,ahelianm4@reference.com
798,Tanya Connar,63 Dixon Center,92725,CA,tconnarm5@xrea.com
799,Patten Killock,71212 Bunting Alley,37210,TN,pkillockm6@ovh.net
800,Lanie Bozward,03652 Fordem Road,46202,IN,lbozwardm7@livejournal.com
801,Amy Clementet,52 Hooker Park,93005,CA,aclementetm8@linkedin.com
802,Ody Peeke-Vout,3613 Golf View Plaza,92883,CA,opeekevoutm9@bandcamp.com
803,Amos Isles,2 Jenna Road,23663,VA,aislesma@google.com.br
804,Jeniffer Killik,32 Hagan Alley,25716,WV,jkillikmb@51.la
805,Dayle Baise,53 Harper Point,29424,SC,dbaisemc@wiley.com
806,Richmond Rampling,917 Forest Place,10557,NY,rramplingmd@indiegogo.com
807,Clari Gowans,63567 Nancy Way,79928,TX,cgowansme@blogs.com
808,Killian Lochead,05215 Rutledge Road,92191,CA,klocheadmf@youku.com
809,Jobie Norledge,95424 Delaware Pass,44393,OH,jnorledgemg@ning.com
810,Hunt Booeln,15596 Carioca Court,82007,WY,hbooelnmh@mozilla.org
811,Nealon Kinvan,4 Johnson Road,80209,CO,nkinvanmi@un.org
812,Auroora Falck,83 Glendale Plaza,36114,AL,afalckmj@foxnews.com
813,Bernetta Lukash,13057 Upham Street,98424,WA,blukashmk@sohu.com
814,Addia Betterton,89491 Redwing Road,10474,NY,abettertonml@friendfeed.com
815,Tisha Paur,547 Northwestern Point,60657,IL,tpaurmm@icq.com
816,Charlton Idiens,1 Logan Hill,44555,OH,cidiensmn@360.cn
817,Ange Campagne,8 Meadow Valley Place,94126,CA,acampagnemo@ft.com
818,Elise Saura,39137 Prairieview Point,14276,NY,esauramp@soup.io
819,Horatius Olney,7 Sullivan Street,85732,AZ,holneymq@patch.com
820,Electra Slinger,679 Prentice Plaza,96805,HI,eslingermr@cam.ac.uk
821,Somerset Galley,5430 Gina Street,30905,GA,sgalleyms@toplist.cz
822,Van Bemment,953 Riverside Circle,60646,IL,vbemmentmt@google.de
823,Sim Adshede,2 Mayfield Park,35810,AL,sadshedemu@vistaprint.com
824,Lelia Colchett,0628 Elmside Crossing,33610,FL,lcolchettmv@reddit.com
825,Jacquelin Menlow,785 Sage Junction,50362,IA,jmenlowmw@nasa.gov
826,Trixi Leetham,02 Grasskamp Circle,33763,FL,tleethammx@geocities.jp
827,Griff Siley,889 Bonner Point,19196,PA,gsileymy@simplemachines.org
828,Mame Sackes,3 Mayer Crossing,97206,OR,msackesmz@i2i.jp
829,Pat Davydkov,46 Oxford Crossing,02104,MA,pdavydkovn0@sciencedirect.com
830,Tobiah Serris,0 Monument Street,40546,KY,tserrisn1@ft.com
831,Janeen Loffhead,2 Chive Center,30316,GA,jloffheadn2@istockphoto.com
832,Isabella Botright,8264 Vernon Parkway,60657,IL,ibotrightn3@discovery.com
833,Randi Palley,4076 Meadow Vale Drive,33421,FL,rpalleyn4@flickr.com
834,Gustavus Kinze,67 Bartelt Court,32092,FL,gkinzen5@shop-pro.jp
835,Dorthy Dykas,90 Everett Place,24040,VA,ddykasn6@businessweek.com
836,Pepe Stacy,5158 Anhalt Circle,15274,PA,pstacyn7@howstuffworks.com
837,Lacy Mulmuray,23716 Reindahl Plaza,06854,CT,lmulmurayn8@marriott.com
838,Andromache Colville,042 Mallard Avenue,70174,LA,acolvillen9@altervista.org
839,Duke Crowche,623 Macpherson Way,32941,FL,dcrowchena@virginia.edu
840,Ynes Robuchon,14529 Twin Pines Circle,33913,FL,yrobuchonnb@vinaora.com
841,Legra Birkinshaw,572 Corry Lane,82007,WY,lbirkinshawnc@histats.com
842,Eada Ormerod,91 Manufacturers Place,20041,DC,eormerodnd@parallels.com
843,Tracie Scripture,670 Welch Lane,80161,CO,tscripturene@elpais.com
844,Adelheid Mabb,64848 Algoma Junction,85219,AZ,amabbnf@lulu.com
845,Germaine Sambles,0 Miller Point,97255,OR,gsamblesng@chron.com
846,Zachary Mountcastle,05885 Lakewood Avenue,33310,FL,zmountcastlenh@miitbeian.gov.cn
847,Baxter Behling,95266 Meadow Valley Place,19120,PA,bbehlingni@sina.com.cn
848,Kelli Sheed,00 Amoth Alley,48258,MI,ksheednj@hhs.gov
849,Cara Brodest,6046 Pankratz Parkway,02405,MA,cbrodestnk@spiegel.de
850,Paton Sexstone,6691 Golf Crossing,30328,GA,psexstonenl@blogspot.com
851,Sallie Colley,22520 Starling Junction,48901,MI,scolleynm@engadget.com
852,Annabelle Skim,37580 Hooker Circle,90101,CA,askimnn@ameblo.jp
853,Everard Tolworthie,771 Blackbird Parkway,35805,AL,etolworthieno@rediff.com
854,Aidan Faires,24601 Anniversary Parkway,68517,NE,afairesnp@typepad.com
855,Neville Brilon,942 Buell Hill,88574,TX,nbrilonnq@miitbeian.gov.cn
856,Alikee Davio,63551 Maywood Place,33705,FL,adavionr@angelfire.com
857,Kellby Wooding,271 Bellgrove Lane,63136,MO,kwoodingns@diigo.com
858,Hartwell Skryne,492 Clarendon Parkway,19605,PA,hskrynent@oakley.com
859,Bradney Coltart,97 Hovde Circle,19191,PA,bcoltartnu@xinhuanet.com
860,Erny Bonde,348 Judy Plaza,10310,NY,ebondenv@businesswire.com
861,Laurene Ladell,232 Lighthouse Bay Court,77234,TX,lladellnw@mysql.com
862,Geoffry Colvine,8713 Haas Terrace,08650,NJ,gcolvinenx@google.com.au
863,Ann-marie Haken,5 Brentwood Hill,40287,KY,ahakenny@a8.net
864,Rance Woodberry,60 Fremont Way,24048,VA,rwoodberrynz@newyorker.com
865,Melesa Blest,67133 Randy Junction,32215,FL,mblesto0@nps.gov
866,Averill Asker,9170 Sunnyside Lane,96154,CA,aaskero1@jigsy.com
867,Hale Aujean,6 Hayes Trail,60614,IL,haujeano2@ted.com
868,Rickert Corkett,9302 Loeprich Junction,93106,CA,rcorketto3@goodreads.com
869,Camille Worgen,78961 Eggendart Center,36610,AL,cworgeno4@indiatimes.com
870,Fenelia McKune,98416 Florence Street,90101,CA,fmckuneo5@smugmug.com
871,Bord Seiler,67 Sunnyside Pass,37605,TN,bseilero6@joomla.org
872,Collete Muriel,56 Mifflin Place,49018,MI,cmurielo7@xrea.com
873,Bern Quilleash,10064 Heffernan Park,27717,NC,bquilleasho8@livejournal.com
874,Linnie Vlasin,91 Coolidge Plaza,87592,NM,lvlasino9@wp.com
875,Del Smart,08 Cascade Road,79955,TX,dsmartoa@npr.org
876,Tarrance Gwatkin,41374 Hallows Pass,60691,IL,tgwatkinob@sitemeter.com
877,Wilone Hatherall,68 Gateway Trail,93584,CA,whatheralloc@51.la
878,Keri Esmead,041 Maple Wood Way,66667,KS,kesmeadod@mlb.com
879,Lesli Dyerson,72958 Menomonie Pass,95054,CA,ldyersonoe@ameblo.jp
880,June Brice,98 Mandrake Plaza,18763,PA,jbriceof@blogger.com
881,Brew Konzelmann,2 Kropf Parkway,88584,TX,bkonzelmannog@upenn.edu
882,Mireille Czajkowska,94 Oriole Lane,88541,TX,mczajkowskaoh@bloglovin.com
883,Dorree Klosser,8 Mitchell Hill,73129,OK,dklosseroi@reddit.com
884,Luisa Whytock,8973 Bartelt Parkway,94121,CA,lwhytockoj@umich.edu
885,Jorgan Norrey,6 Laurel Crossing,93005,CA,jnorreyok@yahoo.co.jp
886,Nye Ellard,15014 Ridge Oak Terrace,10039,NY,nellardol@army.mil
887,Aurore MacKean,0 Amoth Place,06145,CT,amackeanom@oakley.com
888,Arabelle Sisson,3 Bobwhite Circle,37995,TN,asissonon@berkeley.edu
889,Sande O'Mullally,7254 Springs Court,55412,MN,somullallyoo@msu.edu
890,Kym Lattos,67667 Stuart Park,13224,NY,klattosop@simplemachines.org
891,Terrel Matura,44055 Summer Ridge Avenue,53790,WI,tmaturaoq@prweb.com
892,Jaclin Cuthbert,9934 Daystar Lane,94405,CA,jcuthbertor@mapy.cz
893,Nicolea Ladbury,2226 Dakota Way,25331,WV,nladburyos@dailymail.co.uk
894,Philippa Shearman,32 Mifflin Plaza,01129,MA,pshearmanot@technorati.com
895,Bobby Comar,469 North Alley,48242,MI,bcomarou@google.co.uk
896,Meaghan Burchett,41 Gale Street,53716,WI,mburchettov@theatlantic.com
897,Raimondo Leeuwerink,1 Pankratz Park,94605,CA,rleeuwerinkow@sun.com
898,Augustine Bremner,8581 Farragut Hill,33233,FL,abremnerox@ifeng.com
899,Stepha Colleford,1 Washington Plaza,90015,CA,scollefordoy@theguardian.com
900,Bastien Woodthorpe,78057 Continental Point,73142,OK,bwoodthorpeoz@xinhuanet.com
901,Darrelle Manning,7438 Tony Plaza,79934,TX,dmanningp0@nps.gov
902,Olivie Buckle,3509 Autumn Leaf Way,27105,NC,obucklep1@topsy.com
903,Issiah Melonby,1 Redwing Hill,54915,WI,imelonbyp2@sourceforge.net
904,Ruperta Mangam,01350 Anzinger Parkway,95205,CA,rmangamp3@t.co
905,Heloise Gobeau,47 Artisan Park,77299,TX,hgobeaup4@mac.com
906,Debee Heersma,5 Graedel Parkway,89706,NV,dheersmap5@myspace.com
907,Legra Byway,15 Eastwood Trail,60674,IL,lbywayp6@buzzfeed.com
908,Jarrad Kelloway,47 Bartelt Circle,02305,MA,jkellowayp7@webnode.com
909,Calley Fordham,5 Ludington Way,77346,TX,cfordhamp8@creativecommons.org
910,Janean Hearl,17496 Kenwood Trail,94042,CA,jhearlp9@w3.org
911,Gannon Pentelo,9203 David Point,39282,MS,gpentelopa@deliciousdays.com
912,Susanna Aubury,7823 Blackbird Way,30351,GA,sauburypb@uol.com.br
913,Sandor Dumbar,6293 Dennis Lane,60674,IL,sdumbarpc@cyberchimps.com
914,Scarface Scholes,85 Continental Junction,14210,NY,sscholespd@github.com
915,Clemmie Ryman,8877 Novick Hill,78415,TX,crymanpe@jiathis.com
916,Margi Sailes,4 Summerview Plaza,34102,FL,msailespf@time.com
917,Davide Hadingham,0361 Texas Alley,20189,VA,dhadinghampg@utexas.edu
918,Lyndsay Kleeborn,538 Village Green Plaza,22903,VA,lkleebornph@cam.ac.uk
919,Stepha Martelet,057 Pepper Wood Parkway,98148,WA,smarteletpi@123-reg.co.uk
920,Cyrillus O'Kelly,7766 Fisk Street,76310,TX,cokellypj@huffingtonpost.com
921,Christean Cleatherow,6 Hollow Ridge Trail,31196,GA,ccleatherowpk@jalbum.net
922,Shelba Sansbury,0 Center Street,30368,GA,ssansburypl@wired.com
923,Berni Jouannin,903 Arkansas Trail,33680,FL,bjouanninpm@photobucket.com
924,Dougy Gjerde,294 6th Avenue,67260,KS,dgjerdepn@hexun.com
925,Fiorenze Bodimeade,14 Colorado Road,36616,AL,fbodimeadepo@europa.eu
926,Vally Gibling,0650 Burrows Court,85710,AZ,vgiblingpp@addthis.com
927,Gabbi Ainger,88 Kedzie Parkway,25305,WV,gaingerpq@symantec.com
928,Stephanie Vallantine,23106 Bowman Court,37131,TN,svallantinepr@prlog.org
929,Burty Sabben,9 Scoville Park,25726,WV,bsabbenps@biglobe.ne.jp
930,Barb Domegan,7517 8th Point,40576,KY,bdomeganpt@diigo.com
931,Leeann Colbridge,494 Magdeline Trail,22313,VA,lcolbridgepu@edublogs.org
932,Codee Leathes,09 Mccormick Avenue,10115,NY,cleathespv@blogger.com
933,Matthias Carnduff,05 Forest Dale Court,52809,IA,mcarnduffpw@imgur.com
934,Linea Bossons,2 Susan Pass,96820,HI,lbossonspx@yellowpages.com
935,Anton Naptine,31 Crowley Court,32204,FL,anaptinepy@dedecms.com
936,Darby Synan,9 Dahle Point,45223,OH,dsynanpz@bravesites.com
937,Malina Maryska,7443 Anderson Hill,94705,CA,mmaryskaq0@theatlantic.com
938,Alice Linton,51379 Manley Center,36641,AL,alintonq1@tripadvisor.com
939,Angeli Kiraly,231 Ronald Regan Center,53225,WI,akiralyq2@ustream.tv
940,Alfy Wavish,901 Becker Junction,25716,WV,awavishq3@scientificamerican.com
941,Leah Gerb,061 Muir Park,81015,CO,lgerbq4@istockphoto.com
942,Benjamin Dungey,5367 Summerview Crossing,85053,AZ,bdungeyq5@mozilla.org
943,Darlene Dobbson,2 Quincy Place,17622,PA,ddobbsonq6@qq.com
944,Donnie Standish-Brooks,9 Ilene Parkway,84115,UT,dstandishbrooksq7@netvibes.com
945,Luciana Douse,192 Myrtle Point,19115,PA,ldouseq8@purevolume.com
946,Sherilyn Kaszper,31119 Hayes Park,33462,FL,skaszperq9@flavors.me
947,Fran Mulqueen,46059 Gulseth Park,55417,MN,fmulqueenqa@youtube.com
948,Dianne Klimowicz,79 Calypso Pass,44720,OH,dklimowiczqb@fotki.com
949,Inglis Butcher,68892 Coleman Avenue,08603,NJ,ibutcherqc@ed.gov
950,Liam Winfield,0 Monterey Hill,48224,MI,lwinfieldqd@sohu.com
951,Winny McCuffie,98159 Mifflin Junction,23285,VA,wmccuffieqe@sciencedirect.com
952,Naomi Raymen,9100 Westend Circle,27116,NC,nraymenqf@so-net.ne.jp
953,Rey Iltchev,411 Surrey Crossing,49006,MI,riltchevqg@printfriendly.com
954,Lyle Evett,9464 Old Gate Way,38143,TN,levettqh@symantec.com
955,Thadeus Cornbell,44 North Lane,90020,CA,tcornbellqi@dyndns.org
956,Lorna Dennis,856 Sullivan Park,30356,GA,ldennisqj@creativecommons.org
957,Bruis Brunelli,0 Arizona Drive,11215,NY,bbrunelliqk@stanford.edu
958,Bernhard Crosfield,4280 Leroy Avenue,91411,CA,bcrosfieldql@twitpic.com
959,Trey Safe,17 Garrison Trail,48211,MI,tsafeqm@jalbum.net
960,Berthe Buye,17 Texas Street,20520,DC,bbuyeqn@clickbank.net
961,Krispin Assiter,94 Ridgeview Place,78265,TX,kassiterqo@friendfeed.com
962,Norah Daton,5248 Montana Trail,36628,AL,ndatonqp@dedecms.com
963,Tadd Mithon,84584 Rusk Street,83705,ID,tmithonqq@nasa.gov
964,Jamie Haile,02145 Dayton Crossing,63158,MO,jhaileqr@blogger.com
965,Sterne Berzons,580 Grayhawk Way,98516,WA,sberzonsqs@youku.com
966,Wayne Braine,24 Becker Trail,76129,TX,wbraineqt@tripod.com
967,Nelle Gaber,813 Green Ridge Terrace,79116,TX,ngaberqu@va.gov
968,Thornton Vize,51 Holy Cross Trail,65110,MO,tvizeqv@mit.edu
969,Elmer Giraldo,74336 Cody Park,06705,CT,egiraldoqw@google.ca
970,Nertie Scutter,03052 Karstens Street,31136,GA,nscutterqx@qq.com
971,Natalina Tudbald,27 Haas Road,20260,DC,ntudbaldqy@sfgate.com
972,Isaiah Candwell,970 Hansons Lane,93709,CA,icandwellqz@salon.com
973,Karie Ivanaev,49 Rusk Place,12210,NY,kivanaevr0@squarespace.com
974,Zia McKevany,930 American Junction,48126,MI,zmckevanyr1@studiopress.com
975,Farica Magne,69370 Holmberg Trail,13251,NY,fmagner2@umich.edu
976,Padgett Monksfield,62728 Bunting Park,94177,CA,pmonksfieldr3@dyndns.org
977,Jeremias Lukasen,5287 Merchant Trail,99205,WA,jlukasenr4@angelfire.com
978,Joletta Caddy,5264 Mockingbird Terrace,70005,LA,jcaddyr5@prnewswire.com
979,Tomkin Willacot,0 Sage Court,80930,CO,twillacotr6@taobao.com
980,Dunn Trillow,3718 Merry Junction,98140,WA,dtrillowr7@cloudflare.com
981,Ermengarde Wynn,57904 Reinke Pass,08619,NJ,ewynnr8@nbcnews.com
982,Theressa Jorczyk,27815 Harbort Parkway,60609,IL,tjorczykr9@nymag.com
983,Abbie Dorton,834 Chive Avenue,36114,AL,adortonra@youku.com
984,Lucho Nussii,60 Londonderry Drive,31136,GA,lnussiirb@lycos.com
985,Ade Segeswoeth,5889 Utah Lane,60630,IL,asegeswoethrc@cam.ac.uk
986,Onofredo Bendelow,57 Caliangt Place,78732,TX,obendelowrd@mac.com
987,Ewell Devenish,21142 Superior Alley,17405,PA,edevenishre@blinklist.com
988,Sean Devo,837 Eggendart Terrace,13210,NY,sdevorf@yahoo.co.jp
989,Augustine Eager,4 Homewood Court,06510,CT,aeagerrg@marriott.com
990,Ebonee Wederell,2639 Longview Park,39705,MS,ewederellrh@ucoz.ru
991,Torrie Dhillon,44352 Sloan Alley,92645,CA,tdhillonri@cam.ac.uk
992,Sybila Hadgraft,3970 Village Lane,60614,IL,shadgraftrj@va.gov
993,Chantal Eul,61 Chive Parkway,89155,NV,ceulrk@washington.edu
994,Elsey Glasbey,69 Melby Place,20503,DC,eglasbeyrl@illinois.edu
995,Shermie Schiesterl,57 Stuart Circle,32118,FL,sschiesterlrm@shinystat.com
996,Fleur Tremoille,3 Kim Pass,40581,KY,ftremoillern@answers.com
997,Persis Blondell,71682 Spohn Place,79705,TX,pblondellro@blogspot.com
998,Lonnie Corbie,21921 Talmadge Junction,48930,MI,lcorbierp@wikipedia.org
999,Dorothea Butter,4 Mitchell Plaza,98195,WA,dbutterrq@jiathis.com
1000,Den Tomankiewicz,36 Carey Lane,50362,IA,dtomankiewiczrr@live.com
