id,name,address,zipcode,state,email
1,Jacenta Woosnam,73 Green Ridge Pass,49018,MI,jwoosnam0@sohu.com
2,Jacquenette Meardon,589 Debs Plaza,98447,WA,jmeardon1@buzzfeed.com
3,Courtnay Janikowski,8632 Hallows Street,75236,TX,cjanikowski2@mozilla.com
4,Hettie MacTrustie,8 Kings Alley,92668,CA,hmactrustie3@virginia.edu
5,Gustav Tollerton,2 Green Ridge Lane,63150,MO,gtollerton4@vkontakte.ru
6,Pearl Beevers,75 Warbler Place,98158,WA,pbeevers5@army.mil
7,Gloria Binden,90496 Lerdahl Place,29610,SC,gbinden6@google.ru
8,Arnie Baudrey,44044 Sachtjen Terrace,90810,CA,abaudrey7@columbia.edu
9,Lorena Saltwell,2 Fallview Hill,94237,CA,lsaltwell8@cocolog-nifty.com
10,Kimmie Kleimt,4912 Melvin Court,84135,UT,kkleimt9@alexa.com
11,Palmer Simonsson,4418 Hallows Plaza,31205,GA,psimonssona@indiatimes.com
12,Beryl Filkin,0 Fuller Point,98127,WA,bfilkinb@cdc.gov
13,My Bollini,55498 Farmco Road,33315,FL,mbollinic@cpanel.net
14,Nadeen Giamo,7943 Holmberg Trail,71151,LA,ngiamod@wordpress.org
15,Bruis Grover,4653 Little Fleur Way,92825,CA,bgrovere@washingtonpost.com
16,Christoper Allebone,5 Bluestem Terrace,20910,MD,callebonef@uiuc.edu
17,Gerri Gebuhr,4726 Kinsman Center,20310,DC,ggebuhrg@posterous.com
18,Rolando Cathcart,3097 West Center,92645,CA,rcathcarth@amazonaws.com
19,Valida Rysom,55812 Nova Court,86305,AZ,vrysomi@amazon.co.uk
20,Tammie Bagnal,725 Graceland Junction,62794,IL,tbagnalj@people.com.cn
21,Karlens Coy,9 Bartelt Junction,27635,NC,kcoyk@uiuc.edu
22,Charlotta Markus,2 Summer Ridge Center,70160,LA,cmarkusl@apple.com
23,Barbette Farra,8 Thompson Lane,56372,MN,bfarram@dailymail.co.uk
24,Pansie Cirlos,38501 Sugar Alley,32412,FL,pcirlosn@uol.com.br
25,Nicolina Plum,51 Morningstar Circle,98516,WA,nplumo@wordpress.org
26,Herc Tipping,33396 Grim Crossing,11210,NY,htippingp@taobao.com
27,Lorianna Bilofsky,4 Delladonna Pass,79171,TX,lbilofskyq@smh.com.au
28,Roberto Rothermel,62343 Red Cloud Crossing,48098,MI,rrothermelr@odnoklassniki.ru
29,Tamar Hartshorne,68219 Oak Valley Place,44329,OH,thartshornes@yale.edu
30,Sosanna Purviss,2 Hollow Ridge Pass,70616,LA,spurvisst@upenn.edu
31,Kynthia Hundy,932 Burning Wood Parkway,10469,NY,khundyu@creativecommons.org
32,Lynette Blazy,59264 Kenwood Street,24004,VA,lblazyv@opensource.org
33,Leela Skivington,073 Porter Circle,29610,SC,lskivingtonw@thetimes.co.uk
34,Isabeau Mammatt,2 Clarendon Hill,90094,CA,imammattx@nature.com
35,Rockwell Harring,75 Buena Vista Lane,94616,CA,rharringy@vk.com
36,Mohandis Lummus,158 Jenna Parkway,46254,IN,mlummusz@drupal.org
37,Sabra Sellen,29 Morrow Center,30340,GA,ssellen10@vkontakte.ru
38,Nollie Novotne,1498 Buhler Terrace,67210,KS,nnovotne11@un.org
39,Shermy Phinnis,97294 Huxley Drive,16565,PA,sphinnis12@cyberchimps.com
40,Beatrix Birtles,16 Tennessee Place,92170,CA,bbirtles13@reference.com
41,Aloysia Cauley,64759 7th Crossing,46239,IN,acauley14@nsw.gov.au
42,Suellen Galer,27 Spohn Road,91131,CA,sgaler15@redcross.org
43,Kennie Patching,32231 5th Road,16107,PA,kpatching16@xrea.com
44,Min de Almeida,8 Daystar Street,32520,FL,mde17@cisco.com
45,Jody Ivantyev,5 Beilfuss Point,98664,WA,jivantyev18@pinterest.com
46,Hillary Scallan,51158 Waxwing Crossing,32220,FL,hscallan19@fastcompany.com
47,Hailee Beare,0 Huxley Circle,99215,WA,hbeare1a@parallels.com
48,Lynett Cronin,436 Cascade Parkway,06905,CT,lcronin1b@joomla.org
49,Tobie Knewstubb,3 Laurel Center,20425,DC,tknewstubb1c@bandcamp.com
50,Etti Purslow,89 Hauk Avenue,84140,UT,epurslow1d@hp.com
51,Rennie Bulch,1 Lyons Street,77020,TX,rbulch1e@usda.gov
52,Karen Lowater,645 Farmco Terrace,75392,TX,klowater1f@gnu.org
53,Adolf Elldred,595 Annamark Terrace,43240,OH,aelldred1g@skyrock.com
54,Timoteo Gwyn,5 Ridgeview Lane,98424,WA,tgwyn1h@psu.edu
55,Alard Pedwell,6031 Randy Hill,43226,OH,apedwell1i@utexas.edu
56,Brandais Breed,51521 North Crossing,85010,AZ,bbreed1j@artisteer.com
57,Derek Duckit,0 Browning Drive,64199,MO,dduckit1k@scientificamerican.com
58,Bentley Siggin,91967 Butternut Terrace,56398,MN,bsiggin1l@wikipedia.org
59,Lena holmes,060 Atwood Point,06705,CT,lholmes1m@prlog.org
60,Pippy Just,6600 Veith Avenue,90840,CA,pjust1n@mit.edu
61,Janeta Togwell,89159 Russell Way,83206,ID,jtogwell1o@slate.com
62,Zaccaria Skakunas,1767 Fuller Road,44485,OH,zskakunas1p@cnbc.com
63,Raquel Sidworth,2151 Sullivan Plaza,25726,WV,rsidworth1q@imgur.com
64,Myrtice Bestall,18 Fallview Pass,33190,FL,mbestall1r@blinklist.com
65,Jeanne Meddemmen,4706 Aberg Pass,62705,IL,jmeddemmen1s@linkedin.com
66,Rog Christley,0537 Continental Road,40215,KY,rchristley1t@cmu.edu
67,Hannis Monget,42 Bay Lane,81010,CO,hmonget1u@cpanel.net
68,Gussie Parram,32761 Caliangt Plaza,98506,WA,gparram1v@cbsnews.com
69,Rozelle Primett,7341 American Ash Avenue,34114,FL,rprimett1w@cyberchimps.com
70,Anni Stiven,62972 Chinook Junction,06505,CT,astiven1x@instagram.com
71,Sheela Haskey,2 Continental Place,99210,WA,shaskey1y@tmall.com
72,Dirk Pole,41818 Stephen Lane,23454,VA,dpole1z@yellowbook.com
73,Chilton Toderi,66007 Center Drive,32118,FL,ctoderi20@e-recht24.de
74,Bellanca Reveland,95971 Florence Place,88525,TX,breveland21@tamu.edu
75,Ollie Granham,8166 Crescent Oaks Drive,16550,PA,ogranham22@upenn.edu
76,Randee Brandoni,01 Erie Pass,38308,TN,rbrandoni23@free.fr
77,Jocelin Brecher,26 Warrior Pass,23520,VA,jbrecher24@upenn.edu
78,Clint de Glanville,1478 Rowland Lane,73142,OK,cde25@freewebs.com
79,Margarita Bagshaw,60 Northview Road,10009,NY,mbagshaw26@nymag.com
80,Rriocard Steel,3873 Pleasure Crossing,98464,WA,rsteel27@chron.com
81,Ogdon Leeson,4 Warner Drive,54305,WI,oleeson28@msu.edu
82,Jacynth Magwood,54142 Glacier Hill Place,50393,IA,jmagwood29@devhub.com
83,Arnie Whittlesee,3127 Nevada Point,68197,NE,awhittlesee2a@ocn.ne.jp
84,Tobi Lowdham,976 Manitowish Crossing,92822,CA,tlowdham2b@mayoclinic.com
85,Glendon Fawckner,795 Garrison Court,77493,TX,gfawckner2c@columbia.edu
86,Ariela Drogan,644 Express Plaza,92805,CA,adrogan2d@diigo.com
87,Carling Punshon,28122 Buena Vista Trail,33661,FL,cpunshon2e@nytimes.com
88,Karisa Lantaph,41587 Express Road,91131,CA,klantaph2f@webs.com
89,Hershel Colombier,364 Kim Street,17405,PA,hcolombier2g@networkadvertising.org
90,Alf Eberle,28022 Graceland Alley,22217,VA,aeberle2h@gizmodo.com
91,Crichton Weafer,5748 Red Cloud Point,34949,FL,cweafer2i@discuz.net
92,Case Moxted,77 Superior Circle,35405,AL,cmoxted2j@msu.edu
93,Burg Strugnell,076 Scofield Plaza,49006,MI,bstrugnell2k@weebly.com
94,Jone Stickney,57605 Toban Parkway,53705,WI,jstickney2l@webs.com
95,Caryl Chilcott,13658 8th Terrace,20078,DC,cchilcott2m@usa.gov
96,Jo Brosh,9585 Homewood Point,20599,DC,jbrosh2n@wired.com
97,Jacquette Extance,17869 Stone Corner Alley,98447,WA,jextance2o@ning.com
98,Lura Quare,217 Dryden Way,35810,AL,lquare2p@mashable.com
99,Ives Skellorne,75103 Pierstorff Park,96850,HI,iskellorne2q@wiley.com
100,Travis Rostron,976 Sherman Terrace,72209,AR,trostron2r@irs.gov
101,Beauregard Mingard,39459 Red Cloud Hill,70883,LA,bmingard2s@freewebs.com
102,Marcile Rowntree,949 Eliot Crossing,90310,CA,mrowntree2t@ow.ly
103,Cheryl Haquin,0751 John Wall Crossing,30311,GA,chaquin2u@google.com.hk
104,Andonis Pomfrett,80998 Burning Wood Plaza,77386,TX,apomfrett2v@creativecommons.org
105,Sarine Amys,8 Eastwood Way,17121,PA,samys2w@instagram.com
106,Darby Fuster,04 Fordem Circle,30096,GA,dfuster2x@a8.net
107,Silvie Giffen,529 Mariners Cove Park,30311,GA,sgiffen2y@vinaora.com
108,Joann Bushen,5568 Homewood Hill,37939,TN,jbushen2z@canalblog.com
109,Holmes Trinkwon,97 Express Terrace,79945,TX,htrinkwon30@loc.gov
110,Lyndsey Henworth,91045 Sloan Lane,12242,NY,lhenworth31@lulu.com
111,Sonnie Spinetti,9 Vahlen Alley,73197,OK,sspinetti32@nhs.uk
112,Thomasina Leander,739 Lukken Terrace,29605,SC,tleander33@bandcamp.com
113,Kelly Clemow,7 Gateway Lane,33615,FL,kclemow34@myspace.com
114,Kile Braunroth,1 Loomis Trail,25726,WV,kbraunroth35@furl.net
115,Evin MacCroary,1 Haas Trail,32808,FL,emaccroary36@npr.org
116,Reamonn Scorer,44 Mifflin Plaza,20892,MD,rscorer37@ezinearticles.com
117,Hettie Furphy,8 Tennessee Street,58505,ND,hfurphy38@senate.gov
118,Katya Frude,165 Clemons Crossing,39505,MS,kfrude39@bloglines.com
119,Darla Gordon-Giles,3002 Manley Way,80217,CO,dgordongiles3a@myspace.com
120,Virgie Lemon,21893 Bashford Point,30911,GA,vlemon3b@sciencedaily.com
121,Ginnie Terzi,1756 Kenwood Terrace,34620,FL,gterzi3c@godaddy.com
122,Eugenie Frobisher,1674 Mandrake Plaza,06120,CT,efrobisher3d@illinois.edu
123,Atlante Sherratt,4 Bartillon Center,50347,IA,asherratt3e@wiley.com
124,Sherry Fayne,02671 Briar Crest Road,80015,CO,sfayne3f@cmu.edu
125,Ferrell Hayto,54853 Anthes Road,96815,HI,fhayto3g@ucsd.edu
126,Johny Maris,676 Dennis Parkway,80044,CO,jmaris3h@princeton.edu
127,Sinclair Poll,1350 Sunnyside Parkway,55436,MN,spoll3i@issuu.com
128,Camala Testro,00 Continental Hill,73109,OK,ctestro3j@shutterfly.com
129,Ewell Zanitti,3043 School Center,32595,FL,ezanitti3k@cafepress.com
130,Vevay Feltham,7680 Dexter Alley,23260,VA,vfeltham3l@opera.com
131,Amitie Bondy,24 Elka Court,14269,NY,abondy3m@mysql.com
132,Cindelyn McCay,063 Gerald Street,85030,AZ,cmccay3n@biglobe.ne.jp
133,Irv Feldstein,408 Novick Park,27105,NC,ifeldstein3o@salon.com
134,Malissia Mullenger,6 Center Place,02208,MA,mmullenger3p@tripod.com
135,Cher Samms,1571 Magdeline Pass,95219,CA,csamms3q@nytimes.com
136,Clementia Upham,0 Cambridge Lane,99512,AK,cupham3r@a8.net
137,Sofie Fetherstonhaugh,48517 Graceland Plaza,93794,CA,sfetherstonhaugh3s@jugem.jp
138,Hoyt Shmyr,54124 Dwight Center,46862,IN,hshmyr3t@sakura.ne.jp
139,Aubine Waldera,6 Warbler Center,64199,MO,awaldera3u@fc2.com
140,Toni Bisset,041 Lakeland Place,45238,OH,tbisset3v@dropbox.com
141,Valentia Champneys,5211 Ludington Place,55565,MN,vchampneys3w@apache.org
142,Lenee Fuxman,5 Eggendart Circle,61629,IL,lfuxman3x@cbc.ca
143,Melania Scrimshaw,5 Scofield Center,76310,TX,mscrimshaw3y@free.fr
144,Zia Mitham,2 Bultman Plaza,89178,NV,zmitham3z@salon.com
145,Philippa Hechlin,6460 Drewry Point,06120,CT,phechlin40@mediafire.com
146,Sondra Allport,623 Petterle Parkway,32511,FL,sallport41@ucoz.com
147,Doralyn Bloss,46864 Novick Park,23237,VA,dbloss42@livejournal.com
148,Hy Oliveto,8472 Harper Center,30306,GA,holiveto43@comsenz.com
149,Teodor Ramsdale,2480 Johnson Parkway,08650,NJ,tramsdale44@ca.gov
150,Costa Clench,82 Carioca Center,14905,NY,cclench45@blogger.com
151,Matt Firpi,5550 South Terrace,23208,VA,mfirpi46@spotify.com
152,Joice Blues,3 6th Lane,27717,NC,jblues47@hao123.com
153,Dre Klimsch,88 Havey Hill,90398,CA,dklimsch48@fda.gov
154,Pavel Cockran,2653 Grasskamp Avenue,64101,MO,pcockran49@cnn.com
155,Westleigh Robilliard,92 Ruskin Court,95298,CA,wrobilliard4a@narod.ru
156,Sig Tuddall,18414 Carey Terrace,98127,WA,studdall4b@gov.uk
157,Raimund Gorusso,408 Linden Avenue,53710,WI,rgorusso4c@biblegateway.com
158,Reinaldos Main,664 Pennsylvania Hill,89519,NV,rmain4d@stanford.edu
159,Tanny Klementz,7 Continental Road,30089,GA,tklementz4e@tuttocitta.it
160,Otto Amoss,5681 Sundown Pass,19109,PA,oamoss4f@posterous.com
161,Harcourt Dallas,71 8th Lane,79405,TX,hdallas4g@state.tx.us
162,Ernaline Muzzollo,19261 Comanche Terrace,40220,KY,emuzzollo4h@psu.edu
163,Andros Gawthrop,2 Melvin Crossing,21229,MD,agawthrop4i@sohu.com
164,Jayme Bettesworth,8 John Wall Place,79710,TX,jbettesworth4j@tinyurl.com
165,Mallory Chetwynd,2 Hovde Crossing,28289,NC,mchetwynd4k@flavors.me
166,Lindsy Dumbrell,3942 Buhler Plaza,90065,CA,ldumbrell4l@sciencedaily.com
167,Jonas Paridge,2 Mcguire Hill,90055,CA,jparidge4m@mtv.com
168,Marget Medwell,2121 4th Trail,30605,GA,mmedwell4n@sphinn.com
169,Hilliard McBeth,701 Nancy Road,02912,RI,hmcbeth4o@columbia.edu
170,Maximo Conville,31387 Prentice Circle,36689,AL,mconville4p@nationalgeographic.com
171,Alan Calley,703 Stoughton Point,78726,TX,acalley4q@eepurl.com
172,Camel Gommes,88 Clemons Trail,28230,NC,cgommes4r@clickbank.net
173,Gabi Lukovic,6 Springs Court,60604,IL,glukovic4s@arizona.edu
174,Misti Yitzhok,1223 Loeprich Plaza,95823,CA,myitzhok4t@symantec.com
175,Cly Allderidge,911 Mitchell Trail,90810,CA,callderidge4u@cdc.gov
176,Hebert Dowley,524 Drewry Park,79994,TX,hdowley4v@trellian.com
177,Jaine Beauchamp,0191 Lukken Parkway,93311,CA,jbeauchamp4w@sourceforge.net
178,Dicky Aiston,7749 Bayside Lane,28205,NC,daiston4x@feedburner.com
179,Quincey Vasile,506 Hagan Center,50981,IA,qvasile4y@berkeley.edu
180,Caritta Schulke,76265 Meadow Valley Center,35487,AL,cschulke4z@amazon.de
181,Jenna Tarbett,6 Armistice Crossing,21290,MD,jtarbett50@tamu.edu
182,Celene Tenaunt,9 Delaware Plaza,89160,NV,ctenaunt51@feedburner.com
183,Casar Hussell,9 Stuart Street,15215,PA,chussell52@marketwatch.com
184,Maurita Madders,08 Badeau Center,33543,FL,mmadders53@lycos.com
185,Charlie Flowith,6 Hansons Lane,94544,CA,cflowith54@tumblr.com
186,Dorie Moff,5925 Duke Pass,97232,OR,dmoff55@irs.gov
187,Aidan Henrion,671 Lerdahl Alley,67220,KS,ahenrion56@hexun.com
188,Jdavie Gourley,82031 Westerfield Circle,98140,WA,jgourley57@edublogs.org
189,Wileen Osboldstone,92257 Muir Terrace,73119,OK,wosboldstone58@cargocollective.com
190,Ogdan Pears,0402 Fieldstone Center,29305,SC,opears59@ifeng.com
191,Grete Tripp,5 Sommers Plaza,94142,CA,gtripp5a@com.com
192,Marylinda Redsell,2003 Spohn Pass,33906,FL,mredsell5b@vk.com
193,Siward Mickleborough,8 Southridge Point,92725,CA,smickleborough5c@admin.ch
194,Mack Swainger,778 Atwood Trail,15225,PA,mswainger5d@utexas.edu
195,Keane Beldom,58309 Aberg Way,89135,NV,kbeldom5e@plala.or.jp
196,Keven Holdron,327 Hintze Way,35295,AL,kholdron5f@sciencedaily.com
197,Lamond Buddock,24768 Hermina Plaza,44125,OH,lbuddock5g@foxnews.com
198,Vera Abley,168 Kingsford Court,94142,CA,vabley5h@dropbox.com
199,Hazlett Towhey,83035 Grover Center,97206,OR,htowhey5i@indiatimes.com
200,Krystal Schankelborg,375 Alpine Terrace,23436,VA,kschankelborg5j@canalblog.com
201,Jameson Dillingham,4884 Havey Place,33633,FL,jdillingham5k@patch.com
202,Korney Isgate,77 Corry Park,53785,WI,kisgate5l@ft.com
203,Gardie Tolliday,77798 Magdeline Terrace,14614,NY,gtolliday5m@tuttocitta.it
204,Clyve Rippin,15288 Garrison Center,20299,DC,crippin5n@prlog.org
205,Nellie Nieass,540 Eastwood Place,23225,VA,nnieass5o@phpbb.com
206,Ariana Sartain,159 Debs Lane,85053,AZ,asartain5p@weebly.com
207,Chelsea Gossington,02 Fulton Pass,68531,NE,cgossington5q@cornell.edu
208,Mattias Casali,70 American Ash Terrace,19146,PA,mcasali5r@house.gov
209,Lindon Rappport,908 Maryland Drive,23509,VA,lrappport5s@ucoz.ru
210,Lebbie Sammons,04 Namekagon Trail,70826,LA,lsammons5t@about.me
211,Deeanne Scottrell,0 Hudson Drive,55564,MN,dscottrell5u@seesaa.net
212,Curtice Lester,145 Manley Pass,90060,CA,clester5v@nasa.gov
213,Brigitte Freestone,811 Graedel Trail,75241,TX,bfreestone5w@prlog.org
214,Ingeberg O'Hear,61785 Morning Terrace,10029,NY,iohear5x@devhub.com
215,Vasily Skillitt,68061 Kennedy Hill,77055,TX,vskillitt5y@nasa.gov
216,D'arcy Wallage,3270 Caliangt Street,68517,NE,dwallage5z@delicious.com
217,Humberto Hauch,509 Schiller Point,75379,TX,hhauch60@shop-pro.jp
218,Sile Hubbart,1130 Maryland Terrace,93740,CA,shubbart61@mlb.com
219,Cristine Mitchley,31 Fairfield Plaza,80228,CO,cmitchley62@drupal.org
220,Trstram McCallum,4 Judy Lane,92056,CA,tmccallum63@cmu.edu
221,Raul Hamby,5436 Loftsgordon Street,22119,VA,rhamby64@moonfruit.com
222,Karlie Filon,1552 Stephen Point,55115,MN,kfilon65@addthis.com
223,Hallie Terrington,04407 3rd Terrace,20215,DC,hterrington66@woothemes.com
224,Creight Castilla,31666 Esker Drive,97075,OR,ccastilla67@spotify.com
225,Eward Lysons,749 Cordelia Place,30328,GA,elysons68@shinystat.com
226,Ahmed Windle,41 Riverside Drive,85748,AZ,awindle69@fema.gov
227,Ade Float,652 Eastlawn Way,14205,NY,afloat6a@webeden.co.uk
228,Ilka Lambal,46078 Westerfield Way,88519,TX,ilambal6b@php.net
229,Charlot Keedwell,5375 Debs Terrace,60630,IL,ckeedwell6c@so-net.ne.jp
230,Jasun Lundberg,3791 Cordelia Terrace,92137,CA,jlundberg6d@accuweather.com
231,Magnum Horlock,5555 Green Ridge Parkway,13217,NY,mhorlock6e@ucoz.ru
232,Logan Wesgate,28103 Anhalt Trail,11241,NY,lwesgate6f@foxnews.com
233,Niccolo Walbrook,14 Fieldstone Parkway,44511,OH,nwalbrook6g@altervista.org
234,Fay Pask,5093 Rigney Circle,25336,WV,fpask6h@github.io
235,Marena Loghan,3 Kenwood Street,31132,GA,mloghan6i@zdnet.com
236,Didi Marshalleck,84 Eagan Park,80328,CO,dmarshalleck6j@redcross.org
237,Jesse Late,44306 Bay Alley,40250,KY,jlate6k@biblegateway.com
238,Dora Sewall,3029 Eastlawn Hill,53716,WI,dsewall6l@nsw.gov.au
239,Madelin Duffrie,92 Delladonna Circle,11436,NY,mduffrie6m@prlog.org
240,Joseph Cometto,87746 Nelson Hill,19605,PA,jcometto6n@sbwire.com
241,Evvy Mountain,92793 Cambridge Junction,84135,UT,emountain6o@deliciousdays.com
242,Faulkner Sangra,2 Stuart Alley,57193,SD,fsangra6p@friendfeed.com
243,Kira Schust,6 Pennsylvania Center,88535,TX,kschust6q@eventbrite.com
244,Gwenny Jodkowski,29785 Roth Trail,78278,TX,gjodkowski6r@rambler.ru
245,Hilliard Blackler,9 Schlimgen Trail,77085,TX,hblackler6s@nsw.gov.au
246,Tine Fincken,75783 Union Circle,08695,NJ,tfincken6t@blogtalkradio.com
247,Giustina Lammin,74 Stephen Way,63150,MO,glammin6u@gizmodo.com
248,Flora Duffer,9587 North Alley,27157,NC,fduffer6v@scribd.com
249,Hoyt Berks,6 Thompson Trail,10305,NY,hberks6w@google.ru
250,Janeta Kefford,253 Swallow Park,23242,VA,jkefford6x@networkadvertising.org
251,Melessa Gaskarth,5551 Roxbury Terrace,49510,MI,mgaskarth6y@nasa.gov
252,Renata Longshaw,40 Dennis Point,02109,MA,rlongshaw6z@cam.ac.uk
253,Karia Stopforth,4138 Erie Way,32092,FL,kstopforth70@nytimes.com
254,Janine Fishleigh,72 Fieldstone Lane,75265,TX,jfishleigh71@sfgate.com
255,Mar Ailmer,081 Sherman Road,32835,FL,mailmer72@cnet.com
256,Eadmund Izhaky,5 Pepper Wood Circle,90831,CA,eizhaky73@slashdot.org
257,Ninnetta Sabben,46 2nd Park,22333,VA,nsabben74@hc360.com
258,Maximo Puddefoot,3 Loeprich Park,08104,NJ,mpuddefoot75@free.fr
259,Ruprecht Avison,70 Scoville Drive,23285,VA,ravison76@surveymonkey.com
260,Orelee O'Rourke,8 Kedzie Drive,19109,PA,oorourke77@nih.gov
261,Carmon Thomazet,41 Thompson Parkway,85015,AZ,cthomazet78@devhub.com
262,Philomena Faraker,1 Comanche Alley,33620,FL,pfaraker79@jigsy.com
263,Fedora Licciardiello,870 Fair Oaks Pass,74149,OK,flicciardiello7a@aboutads.info
264,Cheri Mapplebeck,4258 Graceland Hill,79159,TX,cmapplebeck7b@liveinternet.ru
265,Bent Yanyushkin,6 Bashford Court,80305,CO,byanyushkin7c@cyberchimps.com
266,Zsa zsa Jellico,3 Magdeline Parkway,77055,TX,zzsa7d@yelp.com
267,Roxine McCraw,289 Colorado Park,80241,CO,rmccraw7e@marriott.com
268,Deidre Duffit,841 Village Plaza,78245,TX,dduffit7f@ocn.ne.jp
269,Katherina Skea,2084 Browning Pass,85035,AZ,kskea7g@themeforest.net
270,Rhea Cohani,956 Grim Terrace,59105,MT,rcohani7h@virginia.edu
271,Gardie Stripp,399 Delaware Point,20010,DC,gstripp7i@vk.com
272,Tremaine Verna,710 Magdeline Crossing,79911,TX,tverna7j@usnews.com
273,Fergus Eveleigh,882 Monica Avenue,33972,FL,feveleigh7k@jalbum.net
274,Noll Vaune,167 Maywood Lane,14263,NY,nvaune7l@tiny.cc
275,Amandy Praton,79 Transport Avenue,58106,ND,apraton7m@paypal.com
276,Gino Borland,64955 Larry Road,44760,OH,gborland7n@infoseek.co.jp
277,Fidelia Macallam,74720 Sutteridge Center,92170,CA,fmacallam7o@biglobe.ne.jp
278,Luci Balshaw,1689 Haas Lane,45419,OH,lbalshaw7p@wikia.com
279,Inesita Stephenson,8973 Arapahoe Avenue,33141,FL,istephenson7q@tripod.com
280,Raoul Salaman,146 Tony Lane,75216,TX,rsalaman7r@cloudflare.com
281,Jonis Joppich,647 Sachtjen Point,34605,FL,jjoppich7s@smh.com.au
282,Cedric Tothacot,4248 Vidon Way,32225,FL,ctothacot7t@soup.io
283,Mayne Dockree,09 Sloan Trail,77065,TX,mdockree7u@foxnews.com
284,Connie Nettles,85573 Luster Parkway,17605,PA,cnettles7v@squarespace.com
285,Daffie Jankiewicz,28 Village Green Parkway,79911,TX,djankiewicz7w@zdnet.com
286,Dayle Offener,4 Mandrake Crossing,79705,TX,doffener7x@dropbox.com
287,Melody Troni,4 Bunting Avenue,23705,VA,mtroni7y@ed.gov
288,Hallsy Jaskiewicz,46753 Sutherland Point,20816,MD,hjaskiewicz7z@t-online.de
289,Dusty Coleborn,9 Petterle Crossing,29319,SC,dcoleborn80@cisco.com
290,Valentia Slafford,09220 Mendota Way,53790,WI,vslafford81@nba.com
291,Vanessa Urion,9 Anthes Parkway,33625,FL,vurion82@patch.com
292,Evania McLardie,375 Memorial Avenue,27705,NC,emclardie83@tamu.edu
293,Conway Chooter,72954 Sycamore Street,80920,CO,cchooter84@dailymail.co.uk
294,Decca Woodyeare,367 Washington Center,33180,FL,dwoodyeare85@cmu.edu
295,Orlan Marklow,8 2nd Plaza,10170,NY,omarklow86@unblog.fr
296,Wini Wadsworth,30045 Beilfuss Lane,33164,FL,wwadsworth87@domainmarket.com
297,Torrey Gunton,3 American Ash Lane,55564,MN,tgunton88@cnet.com
298,Sunshine Mattheeuw,52 Delaware Center,97075,OR,smattheeuw89@comcast.net
299,Conroy Iohananof,69 Charing Cross Circle,17126,PA,ciohananof8a@storify.com
300,Appolonia Lorentz,905 Troy Avenue,33737,FL,alorentz8b@cargocollective.com
301,Abelard McArd,87 Mayer Plaza,94291,CA,amcard8c@oracle.com
302,Dolorita Cheetam,02587 Hansons Way,11205,NY,dcheetam8d@goodreads.com
303,Pearline Petr,5838 Fallview Plaza,27635,NC,ppetr8e@51.la
304,Corella Kirton,8939 Larry Street,64114,MO,ckirton8f@digg.com
305,Homere O'Docherty,20530 Waywood Terrace,21216,MD,hodocherty8g@ted.com
306,Sharona Bewshire,8 Ruskin Road,77299,TX,sbewshire8h@yahoo.com
307,Arlen Hallaways,958 Sage Drive,32405,FL,ahallaways8i@goo.gl
308,Kaleb Skeermer,62 Garrison Avenue,11225,NY,kskeermer8j@pinterest.com
309,Nolan Faucherand,00258 Homewood Plaza,14233,NY,nfaucherand8k@google.cn
310,Merry Nayer,186 Dahle Way,78230,TX,mnayer8l@cnet.com
311,Ajay McErlaine,3 Randy Center,75387,TX,amcerlaine8m@miitbeian.gov.cn
312,Maye Woodroof,911 Sommers Junction,63126,MO,mwoodroof8n@apache.org
313,Elden Lockwood,5601 Clyde Gallagher Hill,90020,CA,elockwood8o@pbs.org
314,Sabina Scroxton,24259 4th Junction,27615,NC,sscroxton8p@elpais.com
315,Kaspar Parkes,52122 Melody Circle,74184,OK,kparkes8q@yellowpages.com
316,Edlin Barnish,14211 Caliangt Center,63110,MO,ebarnish8r@techcrunch.com
317,Belia Cloute,308 High Crossing Circle,02472,MA,bcloute8s@prweb.com
318,Jermaine McCrie,17 Lukken Crossing,33355,FL,jmccrie8t@angelfire.com
319,Conrade Petracci,38 Sutteridge Circle,35225,AL,cpetracci8u@squarespace.com
320,Carny Lassetter,44365 Manitowish Court,77240,TX,classetter8v@ftc.gov
321,Mercie Pickerill,989 Vidon Drive,20016,DC,mpickerill8w@liveinternet.ru
322,Angelica Orum,515 Bonner Way,44321,OH,aorum8x@icio.us
323,Bernice Lomath,54 Sugar Street,75241,TX,blomath8y@spiegel.de
324,Sammy Carles,9 Burrows Lane,94142,CA,scarles8z@sfgate.com
325,Priscella Cranton,06413 Miller Court,13224,NY,pcranton90@apache.org
326,Karney Baxstair,1166 Shopko Place,57188,SD,kbaxstair91@geocities.com
327,Jeni Strowger,151 Old Gate Road,37924,TN,jstrowger92@4shared.com
328,Agatha Baton,197 Gateway Court,64149,MO,abaton93@jugem.jp
329,Mikol Roobottom,23105 Lerdahl Circle,44185,OH,mroobottom94@redcross.org
330,Jess Vasilischev,787 Mendota Pass,20380,DC,jvasilischev95@dell.com
331,Morgun Betz,4 Sunbrook Crossing,85072,AZ,mbetz96@hatena.ne.jp
332,Caspar Faircloth,3277 Commercial Crossing,90305,CA,cfaircloth97@salon.com
333,Annaliese Hamil,7 Delaware Terrace,85210,AZ,ahamil98@sakura.ne.jp
334,Zerk Chittem,518 Dahle Lane,75379,TX,zchittem99@dropbox.com
335,Theodora Alliberton,19978 Clove Street,28815,NC,talliberton9a@prweb.com
336,Jeffie Welberry,691 Oak Crossing,99517,AK,jwelberry9b@mayoclinic.com
337,Mandel Saul,46857 Fair Oaks Center,33190,FL,msaul9c@simplemachines.org
338,Lindsay Londer,7635 Brown Way,90081,CA,llonder9d@blog.com
339,Erek Dinning,95 Porter Trail,31210,GA,edinning9e@pen.io
340,Kacie Fuidge,82897 Oak Junction,77070,TX,kfuidge9f@europa.eu
341,Alister Cordall,2608 Homewood Road,30336,GA,acordall9g@indiegogo.com
342,Randell Craw,4 Lerdahl Avenue,10557,NY,rcraw9h@joomla.org
343,Pansie Jeaneau,8147 Pine View Avenue,98109,WA,pjeaneau9i@storify.com
344,Lottie MacCague,62696 Lakewood Drive,94522,CA,lmaccague9j@prlog.org
345,Bessie Sandham,041 North Parkway,89135,NV,bsandham9k@artisteer.com
346,Everett Mary,033 Hudson Place,30605,GA,emary9l@mashable.com
347,Cordey Kamen,40046 Huxley Point,37245,TN,ckamen9m@eepurl.com
348,Hephzibah Fowles,1748 Eagle Crest Circle,27658,NC,hfowles9n@cnn.com
349,Georgy Standring,1454 Oneill Road,70174,LA,gstandring9o@youtu.be
350,Kesley Takis,60691 Veith Parkway,36605,AL,ktakis9p@acquirethisname.com
351,Matthaeus Covill,64545 Lawn Crossing,38136,TN,mcovill9q@kickstarter.com
352,Bethina Aitkin,7 Amoth Place,22908,VA,baitkin9r@npr.org
353,Gerrilee Roch,66595 Loomis Court,94807,CA,groch9s@engadget.com
354,Jesse Bursnoll,16137 Green Avenue,02124,MA,jbursnoll9t@lulu.com
355,Gerard Strike,9 Mandrake Trail,88569,TX,gstrike9u@samsung.com
356,Dorella Tills,23825 Loftsgordon Street,97306,OR,dtills9v@fda.gov
357,Aurlie Tippler,1 Melby Street,78732,TX,atippler9w@quantcast.com
358,Devi Herrema,35 Lakeland Hill,64142,MO,dherrema9x@ask.com
359,Marie-jeanne Sutcliff,36 Garrison Avenue,31210,GA,msutcliff9y@wunderground.com
360,Hermine Fernanando,0052 Eagan Way,93762,CA,hfernanando9z@nhs.uk
361,Dania Wernher,3058 Maple Avenue,80249,CO,dwernhera0@issuu.com
362,Kamillah Esslement,695 Londonderry Parkway,47937,IN,kesslementa1@hatena.ne.jp
363,Marget Neville,6 Bartelt Road,08619,NJ,mnevillea2@jigsy.com
364,Fred Sheirlaw,2290 Packers Way,78240,TX,fsheirlawa3@usnews.com
365,Lock Winkell,04 Loeprich Way,89155,NV,lwinkella4@example.com
366,Lacy Lottrington,0085 Schlimgen Court,31416,GA,llottringtona5@blinklist.com
367,Heindrick Dacke,930 John Wall Pass,34238,FL,hdackea6@list-manage.com
368,Marcello Bramhall,9424 Kenwood Alley,43231,OH,mbramhalla7@dell.com
369,Dalila Wordsley,95453 Waubesa Drive,46266,IN,dwordsleya8@bbb.org
370,Kelcie Bigly,4070 Katie Crossing,35254,AL,kbiglya9@soup.io
371,Mella Kaley,72733 Anderson Terrace,50315,IA,mkaleyaa@opensource.org
372,Ced Chesswas,42 Fuller Crossing,45432,OH,cchesswasab@cdbaby.com
373,Jourdan Philpotts,1 Clemons Crossing,53234,WI,jphilpottsac@ed.gov
374,Gibb Ambrogioli,72965 Twin Pines Lane,34605,FL,gambrogioliad@1und1.de
375,Sansone Rzehorz,55 Troy Hill,77713,TX,srzehorzae@miibeian.gov.cn
376,Hamlen Coucha,2325 Jenna Drive,78225,TX,hcouchaaf@mapy.cz
377,Avis Grevatt,5 Lillian Trail,79699,TX,agrevattag@sciencedaily.com
378,Jaimie Robecon,325 Golf Course Plaza,35236,AL,jrobeconah@dedecms.com
379,Jae Gentry,1 Arkansas Crossing,33777,FL,jgentryai@de.vu
380,Felice Piaggia,25773 Ruskin Way,98127,WA,fpiaggiaaj@flavors.me
381,Ardis Philot,577 Forest Dale Plaza,92835,CA,aphilotak@ebay.com
382,Jemima Dowall,290 Meadow Valley Terrace,22244,VA,jdowallal@paypal.com
383,Mercy Proudley,522 Atwood Alley,85205,AZ,mproudleyam@spiegel.de
384,Giavani Antoszczyk,5 Badeau Trail,20215,DC,gantoszczykan@ucoz.com
385,Eunice Clifford,5631 Riverside Plaza,76705,TX,ecliffordao@wikia.com
386,Pyotr Idle,4 Logan Place,20709,MD,pidleap@is.gd
387,Cher Lanney,55 Westerfield Center,19886,DE,clanneyaq@arizona.edu
388,Jere Gunningham,6930 Lindbergh Hill,89074,NV,jgunninghamar@wikia.com
389,Florance Galbraith,87 Portage Trail,87121,NM,fgalbraithas@go.com
390,Cherice Danks,532 Dapin Court,38308,TN,cdanksat@google.it
391,Lindy Hurnell,4 Grayhawk Pass,28289,NC,lhurnellau@cpanel.net
392,Amelia Rissen,24 Carberry Way,34745,FL,arissenav@google.com.hk
393,Al Petris,9511 Buhler Terrace,12262,NY,apetrisaw@networksolutions.com
394,Valentin Hartus,7 Saint Paul Center,22313,VA,vhartusax@foxnews.com
395,Rolland Albin,7 Laurel Road,33963,FL,ralbinay@smh.com.au
396,Scarlett Benns,95243 Thierer Pass,90076,CA,sbennsaz@artisteer.com
397,Charita Grzelczyk,5945 Main Point,68524,NE,cgrzelczykb0@apache.org
398,Cookie Morphet,90618 Bay Circle,98664,WA,cmorphetb1@microsoft.com
399,Verene Sherebrooke,60 Oak Place,55402,MN,vsherebrookeb2@sitemeter.com
400,Roanna Danks,04465 Meadow Valley Lane,87592,NM,rdanksb3@mtv.com
401,Edi Laurenson,1 Portage Hill,70616,LA,elaurensonb4@un.org
402,Melanie Leggott,4 Blackbird Lane,48555,MI,mleggottb5@japanpost.jp
403,Farlie Drissell,800 Maryland Circle,70894,LA,fdrissellb6@globo.com
404,Ellerey MacGorrie,6301 Almo Avenue,94286,CA,emacgorrieb7@aol.com
405,Burlie Aujean,86957 Farwell Circle,98447,WA,baujeanb8@google.com
406,Dorthea Kittman,818 Mifflin Plaza,79165,TX,dkittmanb9@xrea.com
407,Beaufort Monget,186 Dwight Avenue,33034,FL,bmongetba@blinklist.com
408,Enos Pixton,6841 Sundown Crossing,49544,MI,epixtonbb@naver.com
409,Eryn MacCard,9966 Gateway Junction,83711,ID,emaccardbc@people.com.cn
410,Johnny Ahrendsen,490 Heath Point,33448,FL,jahrendsenbd@nationalgeographic.com
411,Piggy Girodias,2245 Bobwhite Plaza,88514,TX,pgirodiasbe@oakley.com
412,Currie De Freyne,67410 Sunfield Terrace,77025,TX,cdebf@cam.ac.uk
413,Garrott Seavers,9597 Waywood Crossing,76105,TX,gseaversbg@reference.com
414,Remy Abad,6 Ronald Regan Crossing,33436,FL,rabadbh@wordpress.org
415,Keith Balsellie,9560 Meadow Ridge Street,15134,PA,kbalselliebi@gizmodo.com
416,Mead Fagge,48 Bunting Court,68197,NE,mfaggebj@cdc.gov
417,Ashien Huckerby,4546 Hovde Hill,10474,NY,ahuckerbybk@berkeley.edu
418,Isabel Ludlem,82472 Sundown Alley,22405,VA,iludlembl@storify.com
419,Alexander Dossetter,76794 Stang Plaza,20319,DC,adossetterbm@reuters.com
420,Timmie Whitehair,9667 Menomonie Road,95138,CA,twhitehairbn@ucla.edu
421,Hunter Casiroli,97 Vidon Plaza,29615,SC,hcasirolibo@va.gov
422,Nike L'argent,666 5th Alley,80328,CO,nlargentbp@prnewswire.com
423,Ferdinande Stephens,888 Canary Crossing,60636,IL,fstephensbq@xing.com
424,Torin Renneke,8 Stang Point,38181,TN,trennekebr@nifty.com
425,Olly Fitzpatrick,1131 Fisk Alley,21216,MD,ofitzpatrickbs@ameblo.jp
426,Rheta Brickett,2 Toban Place,17605,PA,rbrickettbt@php.net
427,Demetris Cruft,91949 Vidon Center,86305,AZ,dcruftbu@discovery.com
428,Derek Moughtin,1114 Arizona Way,76134,TX,dmoughtinbv@biglobe.ne.jp
429,Wilburt Balnaves,07 Golf Course Avenue,95064,CA,wbalnavesbw@mlb.com
430,Audie Farfalameev,2 Granby Way,50335,IA,afarfalameevbx@ebay.co.uk
431,Mark Knapton,94806 Maple Street,77388,TX,mknaptonby@google.ru
432,Perl Drivers,73 Hoepker Park,30316,GA,pdriversbz@smugmug.com
433,Spencer Noyes,5 Northland Road,19495,PA,snoyesc0@theguardian.com
434,Greta Tremonte,7 Lunder Center,15230,PA,gtremontec1@google.ru
435,Ellerey Scamp,8332 Towne Hill,35285,AL,escampc2@jiathis.com
436,Yorker Synder,0 Lighthouse Bay Avenue,23436,VA,ysynderc3@shareasale.com
437,Enrichetta Sibbering,50673 Golf View Point,78225,TX,esibberingc4@oracle.com
438,Loree Curry,31591 Oakridge Park,27658,NC,lcurryc5@zdnet.com
439,Marjie Feldstein,2952 Moose Trail,73104,OK,mfeldsteinc6@guardian.co.uk
440,Catarina MacCallum,86 Homewood Terrace,24009,VA,cmaccallumc7@timesonline.co.uk
441,Eimile Swigger,0961 Northport Place,85025,AZ,eswiggerc8@buzzfeed.com
442,Zaneta Hands,710 Pearson Road,74184,OK,zhandsc9@google.com.au
443,Terza MacGuffie,6 Jackson Terrace,87180,NM,tmacguffieca@ed.gov
444,Riordan Burhill,3 Artisan Point,79769,TX,rburhillcb@google.com.hk
445,Ofelia Braunle,5784 Browning Road,38181,TN,obraunlecc@people.com.cn
446,Dukey Trill,193 Sycamore Pass,32627,FL,dtrillcd@usda.gov
447,Maxy Copas,7612 Kenwood Terrace,30306,GA,mcopasce@marriott.com
448,Ainsley Gantlett,17 Forest Run Parkway,48224,MI,agantlettcf@istockphoto.com
449,Adi Gyse,2387 Jenna Alley,74108,OK,agysecg@un.org
450,Torie Entwistle,31 Reinke Alley,06183,CT,tentwistlech@nationalgeographic.com
451,Kristoffer Joselson,58745 Granby Park,95133,CA,kjoselsonci@github.io
452,Cristiano Bartusek,7083 Fisk Trail,97229,OR,cbartusekcj@go.com
453,Cecilia Slyne,46 Sauthoff Alley,30092,GA,cslyneck@t.co
454,Avivah Alton,37010 Chinook Avenue,47705,IN,aaltoncl@vkontakte.ru
455,Zenia Forth,2 Sommers Way,24024,VA,zforthcm@ovh.net
456,Francesca Cottis,82 Drewry Way,33283,FL,fcottiscn@jiathis.com
457,Dante Hargitt,8431 Buena Vista Street,23471,VA,dhargittco@acquirethisname.com
458,Glenn Dowles,090 Maywood Way,97075,OR,gdowlescp@meetup.com
459,Charmaine Pannett,6 Sunfield Trail,33233,FL,cpannettcq@businessweek.com
460,Devlin Cauderlie,196 Harbort Parkway,35215,AL,dcauderliecr@chronoengine.com
461,Morissa Ladson,1991 Doe Crossing Road,17105,PA,mladsoncs@sourceforge.net
462,Nefen Tuson,036 Leroy Lane,97216,OR,ntusonct@ask.com
463,Helenelizabeth Kemmett,4824 Schurz Parkway,70124,LA,hkemmettcu@wisc.edu
464,Inglebert Warrener,8 Basil Place,75185,TX,iwarrenercv@weebly.com
465,Fidel Hammersley,5 Carioca Road,11210,NY,fhammersleycw@nydailynews.com
466,Jerrine Arnaldy,94405 Anderson Avenue,76004,TX,jarnaldycx@so-net.ne.jp
467,Elwyn Eade,8539 Village Green Way,80310,CO,eeadecy@geocities.jp
468,Rhody Borrie,326 Grasskamp Alley,94121,CA,rborriecz@liveinternet.ru
469,Jeff Brayne,4480 Crescent Oaks Street,35244,AL,jbrayned0@umich.edu
470,Merrick Reardon,940 Kensington Hill,77201,TX,mreardond1@twitpic.com
471,Garrek Signorelli,116 Marcy Crossing,40280,KY,gsignorellid2@netscape.com
472,Jamie Pennone,09 6th Court,60652,IL,jpennoned3@yellowbook.com
473,Felita Leyes,4572 Maryland Trail,78260,TX,fleyesd4@icq.com
474,Hana Fugere,55 Alpine Street,06152,CT,hfugered5@4shared.com
475,Arliene Ravilus,8912 Colorado Drive,19109,PA,aravilusd6@twitter.com
476,Willyt Girth,3616 Charing Cross Lane,32595,FL,wgirthd7@examiner.com
477,Kaiser Druhan,7995 Dahle Point,90405,CA,kdruhand8@jimdo.com
478,Clementia Shoebottom,80827 Beilfuss Junction,81005,CO,cshoebottomd9@instagram.com
479,Pembroke Juszkiewicz,18 Raven Road,43610,OH,pjuszkiewiczda@bigcartel.com
480,Annissa Crecy,43 Dennis Center,20088,DC,acrecydb@scribd.com
481,Oralie Mein,4 Mandrake Avenue,20189,VA,omeindc@plala.or.jp
482,Elna Ryle,81678 Saint Paul Pass,80228,CO,eryledd@amazon.co.uk
483,Diane-marie Ilyin,388 Harper Park,87105,NM,dilyinde@lycos.com
484,Kordula Reichardt,078 3rd Center,30045,GA,kreichardtdf@jalbum.net
485,Orelia Pablo,80273 Hintze Court,33432,FL,opablodg@mapquest.com
486,Lenna Rotham,882 Lien Road,29625,SC,lrothamdh@de.vu
487,Sasha Truter,2456 Red Cloud Drive,34629,FL,struterdi@myspace.com
488,Antoni Dominguez,529 Larry Avenue,88584,TX,adominguezdj@yolasite.com
489,Ferd Papa,88 Dorton Terrace,98516,WA,fpapadk@bizjournals.com
490,Emogene Eykel,343 Harbort Hill,30358,GA,eeykeldl@apple.com
491,Cherish Carlsen,7236 Talisman Crossing,10454,NY,ccarlsendm@bloomberg.com
492,Laurent Gay,5033 Declaration Crossing,40745,KY,lgaydn@goo.gl
493,Lanna Robers,07695 Mallard Place,71208,LA,lrobersdo@si.edu
494,Justin Peskett,17771 Graedel Center,97221,OR,jpeskettdp@ca.gov
495,Tracie Vasyukov,937 Namekagon Junction,63116,MO,tvasyukovdq@google.com.hk
496,Gilbertine Kennifick,19 Lindbergh Crossing,89135,NV,gkennifickdr@gnu.org
497,Markos Bodycote,754 Menomonie Alley,20520,DC,mbodycoteds@hostgator.com
498,Aime Stenett,29873 Oriole Park,27626,NC,astenettdt@clickbank.net
499,Gleda Schapiro,5239 Shasta Crossing,59112,MT,gschapirodu@cnet.com
500,Marysa Chisnall,6821 Boyd Alley,43240,OH,mchisnalldv@sphinn.com
501,Osgood Boulds,54161 Warbler Terrace,28410,NC,obouldsdw@hhs.gov
502,Sunshine Brayfield,18385 Larry Hill,25326,WV,sbrayfielddx@tripod.com
503,Kellina Arnowitz,021 Pawling Street,27658,NC,karnowitzdy@nature.com
504,Dud D'Adamo,62 Roth Parkway,24048,VA,ddadamodz@google.com
505,Gabie Byfford,47450 Bellgrove Plaza,08695,NJ,gbyfforde0@nhs.uk
506,Tedmund McGiven,57 Cambridge Street,33906,FL,tmcgivene1@ask.com
507,Randi McCusker,75252 Emmet Court,11231,NY,rmccuskere2@pbs.org
508,Kylynn Hearsum,8726 Mifflin Trail,66617,KS,khearsume3@youtube.com
509,Bobine Garnsworthy,4507 Arapahoe Alley,20226,DC,bgarnsworthye4@msn.com
510,Yetty Stubley,47262 4th Court,93721,CA,ystubleye5@washington.edu
511,Gail Bownas,48 Katie Pass,79764,TX,gbownase6@addtoany.com
512,Isaak Meth,3 Toban Plaza,20414,DC,imethe7@webnode.com
513,Swen Rushmer,8 Evergreen Pass,12227,NY,srushmere8@smh.com.au
514,Emmaline Rubie,9145 Wayridge Hill,95298,CA,erubiee9@163.com
515,Donnell Campo,0742 Haas Way,48211,MI,dcampoea@pinterest.com
516,Abba Duplock,3532 Lighthouse Bay Parkway,80915,CO,aduplockeb@behance.net
517,Guthrey Louedey,1628 Hallows Hill,20784,MD,glouedeyec@stanford.edu
518,Leigh Kettley,13266 Oriole Plaza,89193,NV,lkettleyed@nps.gov
519,Moore Cornehl,07550 Merchant Terrace,06140,CT,mcornehlee@skyrock.com
520,Gayle Tolefree,0 Milwaukee Place,16565,PA,gtolefreeef@oaic.gov.au
521,Ross Filipczak,839 Almo Avenue,70154,LA,rfilipczakeg@sciencedaily.com
522,Brodie Crowest,2 Hallows Crossing,84409,UT,bcrowesteh@craigslist.org
523,Nikola Icom,2675 Oak Valley Way,48211,MI,nicomei@craigslist.org
524,Othilia Gwalter,60649 Portage Pass,29579,SC,ogwalterej@washington.edu
525,Giordano Rens,863 Katie Terrace,94257,CA,grensek@github.io
526,Correy Almey,2530 Cottonwood Parkway,53716,WI,calmeyel@livejournal.com
527,Jerri Minster,4 Ridgeway Center,11210,NY,jminsterem@jiathis.com
528,Patsy Relton,7942 Straubel Terrace,31422,GA,preltonen@pbs.org
529,Steffie Possel,782 Mifflin Alley,07112,NJ,sposseleo@netvibes.com
530,Micky Proschke,1507 Maple Hill,79116,TX,mproschkeep@xrea.com
531,Gabi Powton,888 Harbort Plaza,32830,FL,gpowtoneq@google.com.br
532,Ivett Swiffen,3 Farragut Street,77065,TX,iswiffener@google.com.au
533,Pet Pittendreigh,9813 Glacier Hill Crossing,85754,AZ,ppittendreighes@intel.com
534,Ryley Habben,19 Carpenter Street,34282,FL,rhabbenet@sohu.com
535,Kimmie Groundwater,931 Morningstar Crossing,17405,PA,kgroundwatereu@sbwire.com
536,Salem Heape,914 Elmside Pass,20022,DC,sheapeev@cloudflare.com
537,Jemmy Tewelson,829 Hanover Lane,95054,CA,jtewelsonew@weather.com
538,Lemar Wederell,78564 Sheridan Terrace,87110,NM,lwederellex@w3.org
539,Parnell Armin,9 Fordem Junction,93704,CA,parminey@lycos.com
540,Weidar Lysaght,94 West Drive,68164,NE,wlysaghtez@disqus.com
541,Birgit Alennikov,3 Forest Dale Lane,87110,NM,balennikovf0@ftc.gov
542,Leopold Cridland,78 Oakridge Avenue,77844,TX,lcridlandf1@arizona.edu
543,Leann Treharne,8 Caliangt Junction,45243,OH,ltreharnef2@vistaprint.com
544,Reta McIlenna,762 Anzinger Parkway,71213,LA,rmcilennaf3@google.ru
545,Jerrie Midlane,57 6th Junction,34981,FL,jmidlanef4@auda.org.au
546,Valeria Betchley,3 Starling Way,95108,CA,vbetchleyf5@plala.or.jp
547,Pierette Athow,452 Vera Road,85210,AZ,pathowf6@dedecms.com
548,Valma McCook,2 Helena Hill,24014,VA,vmccookf7@indiatimes.com
549,Hilliard Froment,769 Duke Court,95160,CA,hfromentf8@hhs.gov
550,Trevar Rummings,1129 Hayes Street,79769,TX,trummingsf9@twitpic.com
551,Rab Tebbut,49961 Duke Lane,75372,TX,rtebbutfa@stumbleupon.com
552,Therine Lean,1671 Toban Alley,46295,IN,tleanfb@icio.us
553,Hana Qusklay,99426 Hintze Avenue,75358,TX,hqusklayfc@usa.gov
554,Sybille Midson,8 Pine View Alley,88553,TX,smidsonfd@privacy.gov.au
555,Becca Dobson,0 Valley Edge Center,31196,GA,bdobsonfe@google.de
556,Loleta Giorgio,42143 Transport Parkway,85271,AZ,lgiorgioff@twitter.com
557,Gradey Pennell,258 Bonner Parkway,10024,NY,gpennellfg@yahoo.co.jp
558,Starla Caistor,2067 Russell Drive,15225,PA,scaistorfh@google.it
559,Alexandros Whyley,8468 Miller Parkway,06825,CT,awhyleyfi@miitbeian.gov.cn
560,Freedman Errigo,27 Autumn Leaf Terrace,44105,OH,ferrigofj@123-reg.co.uk
561,Zane Harragin,02645 Cottonwood Park,80940,CO,zharraginfk@1und1.de
562,Dun Kivelle,94 Becker Circle,15205,PA,dkivellefl@harvard.edu
563,Kermy Grigg,14649 Carpenter Trail,36104,AL,kgriggfm@ovh.net
564,Domenico Canelas,418 Mockingbird Crossing,60609,IL,dcanelasfn@latimes.com
565,Abner Babbe,7388 Hooker Junction,23551,VA,ababbefo@illinois.edu
566,Flossi Beaves,5642 Milwaukee Pass,55579,MN,fbeavesfp@cam.ac.uk
567,Maurise Kenchington,698 International Avenue,11355,NY,mkenchingtonfq@usa.gov
568,Killian Willingham,4980 Nevada Junction,99812,AK,kwillinghamfr@boston.com
569,Margi Vanyukhin,495 Anhalt Drive,25711,WV,mvanyukhinfs@facebook.com
570,Janie Bernardot,74 Blaine Drive,95813,CA,jbernardotft@aol.com
571,Blythe Bellsham,60517 Moose Parkway,11205,NY,bbellshamfu@umn.edu
572,Tonnie Pavlov,40482 South Street,22244,VA,tpavlovfv@gmpg.org
573,Cherry Vear,1 Reinke Trail,44905,OH,cvearfw@shinystat.com
574,May Frost,09 Sauthoff Lane,33811,FL,mfrostfx@sfgate.com
575,Jamesy Birtonshaw,5764 Ridgeway Plaza,32128,FL,jbirtonshawfy@indiegogo.com
576,Trude Newe,84 Dapin Way,97221,OR,tnewefz@comsenz.com
577,Opal Angeau,47 Lindbergh Trail,63196,MO,oangeaug0@hubpages.com
578,Ellwood Sempill,12 Becker Lane,20566,DC,esempillg1@exblog.jp
579,Tedmund Krolak,77649 Evergreen Point,40298,KY,tkrolakg2@nationalgeographic.com
580,Noll Beckingham,1 Farmco Drive,46406,IN,nbeckinghamg3@archive.org
581,Jehanna Cicculini,2 Debra Lane,23242,VA,jcicculinig4@usgs.gov
582,Cecilius Jesteco,540 Burrows Center,85015,AZ,cjestecog5@umich.edu
583,Nial Akroyd,01 Riverside Point,46852,IN,nakroydg6@wikipedia.org
584,Issie Assante,2334 Loftsgordon Crossing,76004,TX,iassanteg7@scribd.com
585,Melloney Endecott,9443 Ridgeview Circle,29805,SC,mendecottg8@europa.eu
586,Jehanna Sperling,28 Memorial Crossing,74149,OK,jsperlingg9@bigcartel.com
587,Carleen Bailess,8776 Old Gate Lane,11388,NY,cbailessga@msn.com
588,Paulina Verduin,9 La Follette Pass,92822,CA,pverduingb@miibeian.gov.cn
589,Murdock Hurn,5488 Vidon Crossing,70160,LA,mhurngc@quantcast.com
590,Amalea Aggiss,526 Basil Alley,40225,KY,aaggissgd@nbcnews.com
591,Cara Benbow,3 Columbus Park,10014,NY,cbenbowge@noaa.gov
592,Garry Housaman,22 Farwell Avenue,02745,MA,ghousamangf@goodreads.com
593,Dulsea Brosenius,946 Shasta Terrace,92645,CA,dbroseniusgg@prlog.org
594,Sean Coomber,34611 Clarendon Drive,55458,MN,scoombergh@etsy.com
595,Brand Angus,20286 Holy Cross Circle,94297,CA,bangusgi@cyberchimps.com
596,Emma Oury,86 Nevada Alley,20851,MD,eourygj@slate.com
597,Myrtia Comizzoli,30 Pond Drive,77255,TX,mcomizzoligk@amazon.com
598,Monro Giacobelli,7398 Glendale Trail,67260,KS,mgiacobelligl@vk.com
599,Vaclav Hoggan,15274 School Road,85383,AZ,vhoggangm@ask.com
600,Walden Breem,2 Homewood Court,50310,IA,wbreemgn@pbs.org
601,Cecil Reinbech,805 Towne Crossing,11054,NY,creinbechgo@constantcontact.com
602,Gabi Ricart,0212 Coleman Way,77228,TX,gricartgp@blogs.com
603,Nanon Kubasiewicz,44664 Bowman Plaza,77554,TX,nkubasiewiczgq@theglobeandmail.com
604,Fredia Artist,1163 Schurz Center,74141,OK,fartistgr@zimbio.com
605,Waiter Gallegos,6 Morning Terrace,60657,IL,wgallegosgs@nyu.edu
606,Engelbert Blas,999 Kennedy Street,64101,MO,eblasgt@biblegateway.com
607,Marlyn Mauchlen,9 Helena Park,31132,GA,mmauchlengu@spiegel.de
608,Madelyn Craigg,142 Independence Trail,62205,IL,mcraigggv@etsy.com
609,Knox Brice,517 Debs Street,80223,CO,kbricegw@cnet.com
610,Cyrus Meneyer,9403 Truax Street,73034,OK,cmeneyergx@dmoz.org
611,Julius Sweating,1050 Orin Alley,33625,FL,jsweatinggy@google.com.au
612,Gareth Hammand,690 Brentwood Point,77240,TX,ghammandgz@ed.gov
613,Nancy Dibdale,0 Northport Terrace,90005,CA,ndibdaleh0@google.ca
614,Farrand MacCafferty,2002 Atwood Plaza,39305,MS,fmaccaffertyh1@lulu.com
615,Irv Fould,570 Rutledge Pass,70174,LA,ifouldh2@rambler.ru
616,Cindelyn Nussey,1 Dovetail Road,91499,CA,cnusseyh3@geocities.jp
617,Emlen Whipp,46692 Swallow Hill,47134,IN,ewhipph4@nhs.uk
618,Esme Coltman,9 Dixon Street,08619,NJ,ecoltmanh5@sfgate.com
619,Alf Woodwin,798 Stang Way,78744,TX,awoodwinh6@discuz.net
620,Yurik Carneck,27 Riverside Alley,55480,MN,ycarneckh7@amazonaws.com
621,Andre Albrook,52 Morningstar Center,20430,DC,aalbrookh8@about.me
622,Crissy Minear,9 Independence Hill,45999,OH,cminearh9@goo.ne.jp
623,Caldwell Turpin,1793 Macpherson Road,35220,AL,cturpinha@canalblog.com
624,Iggie MacLoughlin,40 Banding Drive,30605,GA,imacloughlinhb@nifty.com
625,Elsy Mewhirter,7740 Nevada Lane,22036,VA,emewhirterhc@dyndns.org
626,Nevin Breckon,63644 Kensington Circle,23242,VA,nbreckonhd@yandex.ru
627,Nye Heditch,4772 Miller Center,55115,MN,nheditchhe@blogs.com
628,Freddy Pears,84531 Carpenter Alley,47737,IN,fpearshf@studiopress.com
629,Tiphani Shovelton,91 Brown Court,55480,MN,tshoveltonhg@disqus.com
630,Tab Larne,0 Forest Circle,35279,AL,tlarnehh@google.es
631,Dorris Macklin,32925 Lakeland Place,76105,TX,dmacklinhi@topsy.com
632,Puff Morris,9 Kings Court,95210,CA,pmorrishj@sfgate.com
633,Marrissa McKnockiter,76172 Wayridge Court,20904,MD,mmcknockiterhk@themeforest.net
634,Boniface Pickerell,1812 Coolidge Drive,34282,FL,bpickerellhl@blogtalkradio.com
635,Franzen Acton,1119 Annamark Court,60646,IL,factonhm@bluehost.com
636,Burch Gerhts,8 Haas Junction,47937,IN,bgerhtshn@reverbnation.com
637,Quentin Chasier,4672 Stuart Trail,66112,KS,qchasierho@so-net.ne.jp
638,Happy Pillington,34925 Jenna Alley,92030,CA,hpillingtonhp@discovery.com
639,Letizia Ing,608 Debra Avenue,02124,MA,linghq@sogou.com
640,Oneida Daen,4 Stone Corner Park,94132,CA,odaenhr@dot.gov
641,Sherye Guye,93561 Bayside Place,22212,VA,sguyehs@seattletimes.com
642,Chase Dafydd,63594 Crownhardt Drive,97296,OR,cdafyddht@sourceforge.net
643,Demetra McClymond,09446 Merrick Street,98687,WA,dmcclymondhu@utexas.edu
644,Constantine Gaze,4 Di Loreto Parkway,93591,CA,cgazehv@mit.edu
645,Bradly Ruslen,032 Kenwood Hill,34981,FL,bruslenhw@soundcloud.com
646,Randell Goodding,6 Blaine Road,25775,WV,rgooddinghx@wordpress.com
647,Doretta Wedmore,078 Logan Park,18763,PA,dwedmorehy@skype.com
648,Brandice Galgey,453 Lien Parkway,87110,NM,bgalgeyhz@hibu.com
649,Kellie Beaglehole,4 Prairie Rose Trail,20591,DC,kbeagleholei0@nsw.gov.au
650,Bear Defraine,69 Sherman Park,92645,CA,bdefrainei1@youtube.com
651,Joyann Berard,45416 Truax Street,78783,TX,jberardi2@geocities.jp
652,Norah Probbin,85 Golf Course Crossing,15274,PA,nprobbini3@sun.com
653,Woodie O'Luney,019 Park Meadow Lane,45203,OH,woluneyi4@squarespace.com
654,Smith Pobjoy,91151 Brentwood Hill,77250,TX,spobjoyi5@ed.gov
655,Tammie Linton,219 Cherokee Junction,53785,WI,tlintoni6@independent.co.uk
656,Ellene Clay,2 Hooker Drive,60505,IL,eclayi7@newsvine.com
657,Judye Rosita,832 Ohio Street,35815,AL,jrositai8@independent.co.uk
658,Caddric Frier,70 Arapahoe Court,55417,MN,cfrieri9@weebly.com
659,Eduard Chiese,7047 Drewry Plaza,32605,FL,echieseia@constantcontact.com
660,Shirleen Vanyutin,3951 Dawn Court,53785,WI,svanyutinib@domainmarket.com
661,Prissie Ricket,55 Parkside Drive,33731,FL,pricketic@vimeo.com
662,Ania Jeannesson,83 Golf View Point,59105,MT,ajeannessonid@freewebs.com
663,Candra McManus,3266 Emmet Road,29505,SC,cmcmanusie@hibu.com
664,Barbette Meighan,565 Lukken Alley,14639,NY,bmeighanif@fastcompany.com
665,Gail Summersby,44463 High Crossing Hill,66667,KS,gsummersbyig@imgur.com
666,Iolanthe Fifoot,167 Leroy Junction,31410,GA,ififootih@zdnet.com
667,Fabe McKern,048 Randy Circle,22405,VA,fmckernii@dagondesign.com
668,Pearce Bispham,5410 Anniversary Road,85383,AZ,pbisphamij@yale.edu
669,Caddric McKmurrie,15 Fieldstone Lane,48901,MI,cmckmurrieik@odnoklassniki.ru
670,Georgina Swyer,3 Londonderry Alley,19172,PA,gswyeril@salon.com
671,Adel Haggett,5 Prairie Rose Crossing,76305,TX,ahaggettim@sun.com
672,Caterina Morshead,01 Westend Terrace,31132,GA,cmorsheadin@lulu.com
673,Rollin Castellini,397 Independence Circle,06705,CT,rcastelliniio@ow.ly
674,Virgilio Pickston,7 Waxwing Pass,30336,GA,vpickstonip@sciencedaily.com
675,Aleksandr Levey,2413 Red Cloud Parkway,15210,PA,aleveyiq@arizona.edu
676,Kass Crosskill,58975 Birchwood Parkway,14604,NY,kcrosskillir@ning.com
677,Jonie Bastock,5524 Coleman Court,32627,FL,jbastockis@addthis.com
678,Madelena Tandy,942 Cambridge Crossing,30368,GA,mtandyit@oracle.com
679,Ernest Balwin,44 Fieldstone Alley,12232,NY,ebalwiniu@elpais.com
680,Bucky Twinterman,660 Donald Center,33416,FL,btwintermaniv@usa.gov
681,April Veasey,16933 Butterfield Street,40256,KY,aveaseyiw@163.com
682,Zonnya Billson,67933 Glacier Hill Trail,06905,CT,zbillsonix@cdbaby.com
683,Vanda Beneze,53 Hollow Ridge Way,85215,AZ,vbenezeiy@cargocollective.com
684,Gardner Piel,30 Darwin Crossing,28230,NC,gpieliz@imdb.com
685,Erna Sclater,1066 Farragut Center,61640,IL,esclaterj0@spiegel.de
686,Sigrid Manthroppe,2 Surrey Court,95818,CA,smanthroppej1@nymag.com
687,Kennith Velti,40030 Talmadge Point,85284,AZ,kveltij2@ihg.com
688,Emmit Backs,7599 Northridge Crossing,71115,LA,ebacksj3@studiopress.com
689,Wanids Poolton,6684 Waywood Street,95405,CA,wpooltonj4@about.com
690,Jemmie Hardern,5 Namekagon Way,25711,WV,jhardernj5@angelfire.com
691,Livvyy Wootton,8 Charing Cross Road,77201,TX,lwoottonj6@e-recht24.de
692,Amber Millyard,6599 Green Hill,40287,KY,amillyardj7@cnn.com
693,Ketti McPike,62861 Westend Road,62723,IL,kmcpikej8@vistaprint.com
694,Saul Barrs,98 Stephen Park,77065,TX,sbarrsj9@arstechnica.com
695,Cyndy McPeice,7548 High Crossing Way,02104,MA,cmcpeiceja@irs.gov
696,Carlyle Shearstone,991 Bultman Street,17110,PA,cshearstonejb@squarespace.com
697,Byram Kilvington,0989 Dottie Center,19160,PA,bkilvingtonjc@craigslist.org
698,Elfie Mapholm,7975 Hintze Road,32885,FL,emapholmjd@nba.com
699,Adams Stuke,639 Fallview Road,20189,VA,astukeje@delicious.com
700,Tobias Ottam,800 Fremont Drive,92170,CA,tottamjf@oracle.com
701,Chelsey Stilldale,9320 Moulton Terrace,60686,IL,cstilldalejg@nature.com
702,Lexis Bruffell,66804 Glacier Hill Park,14646,NY,lbruffelljh@telegraph.co.uk
703,Vanya Lanfear,92359 Comanche Junction,87592,NM,vlanfearji@unicef.org
704,Lauree Perkis,12 Montana Alley,88514,TX,lperkisjj@de.vu
705,Ludovico Ever,23 Logan Alley,28272,NC,leverjk@sohu.com
706,Miner Roadnight,7025 David Hill,28220,NC,mroadnightjl@phoca.cz
707,Tadd Curcher,400 Steensland Terrace,33134,FL,tcurcherjm@typepad.com
708,Dov Bottell,3772 Dayton Lane,45233,OH,dbottelljn@netscape.com
709,Duff McGoon,2 Hermina Hill,06816,CT,dmcgoonjo@devhub.com
710,Corilla McKeran,5 Mendota Road,62711,IL,cmckeranjp@stanford.edu
711,Norton Note,6 Fordem Pass,02305,MA,nnotejq@nih.gov
712,Chancey Tweedy,18 Hintze Street,94522,CA,ctweedyjr@google.it
713,Tobias Gibbieson,1761 Burning Wood Hill,14646,NY,tgibbiesonjs@businesswire.com
714,Latrina Murford,263 Birchwood Drive,92110,CA,lmurfordjt@marketwatch.com
715,Sumner Onians,2716 Cottonwood Court,32803,FL,soniansju@ft.com
716,Sybille Gymblett,21 Dovetail Hill,06705,CT,sgymblettjv@marketwatch.com
717,Findlay Cossum,00 Bultman Drive,45470,OH,fcossumjw@xrea.com
718,Simeon Stoodale,39438 Fieldstone Trail,89436,NV,sstoodalejx@blog.com
719,Elisabet Muneely,73 Corry Avenue,55402,MN,emuneelyjy@twitpic.com
720,Reeba Massingham,1 Kenwood Way,34629,FL,rmassinghamjz@csmonitor.com
721,Briggs Meredith,93976 Swallow Avenue,98907,WA,bmeredithk0@statcounter.com
722,Dominique Goldthorpe,0 Reindahl Drive,49006,MI,dgoldthorpek1@mac.com
723,Franny Elph,33029 Rowland Lane,33811,FL,felphk2@businessinsider.com
724,Cinnamon Chaster,92 Dahle Avenue,80161,CO,cchasterk3@blinklist.com
725,Virgie Laverack,1063 Summerview Trail,68524,NE,vlaverackk4@google.fr
726,Inesita Ayrs,610 Blackbird Park,48505,MI,iayrsk5@biglobe.ne.jp
727,Asher Setch,7050 Meadow Valley Lane,37450,TN,asetchk6@ed.gov
728,Ricky Dyerson,80526 Twin Pines Park,25331,WV,rdyersonk7@mtv.com
729,Bogart Sealove,4012 Lillian Plaza,23551,VA,bsealovek8@illinois.edu
730,Gustie Ballin,4 Marcy Way,75392,TX,gballink9@foxnews.com
731,Anissa Morritt,60918 Kedzie Plaza,48275,MI,amorrittka@redcross.org
732,Koren Train,02239 Larry Terrace,75392,TX,ktrainkb@walmart.com
733,Dennis Pearn,976 Welch Alley,78265,TX,dpearnkc@mapy.cz
734,Felice Entwistle,38 Sullivan Avenue,95128,CA,fentwistlekd@taobao.com
735,Chloe Cozens,7 Scofield Parkway,55428,MN,ccozenske@shop-pro.jp
736,Rachelle Hierro,6 Fisk Court,71161,LA,rhierrokf@senate.gov
737,Lynnet Colter,1 Sachs Drive,10310,NY,lcolterkg@ucla.edu
738,Rabi Ostrich,43 Bultman Park,91406,CA,rostrichkh@cnbc.com
739,Shermie Pember,33 New Castle Center,90505,CA,spemberki@unc.edu
740,Ashbey Gravie,2529 Waubesa Alley,60624,IL,agraviekj@epa.gov
741,Tad Torrisi,9158 Hansons Avenue,33954,FL,ttorrisikk@com.com
742,Aurel Leacock,88921 Corscot Pass,76004,TX,aleacockkl@mtv.com
743,Brendan Haddow,00070 Pawling Crossing,19610,PA,bhaddowkm@prnewswire.com
744,Delila Ghent,906 Jenifer Junction,14624,NY,dghentkn@tripadvisor.com
745,Viviene Alster,02 Sugar Road,92176,CA,valsterko@livejournal.com
746,Damon Hunston,3 Grasskamp Street,30356,GA,dhunstonkp@uol.com.br
747,Agata Georger,31471 Oxford Lane,84409,UT,ageorgerkq@washington.edu
748,Neale Booty,1101 Mockingbird Trail,92822,CA,nbootykr@etsy.com
749,Elly Shoreman,951 Amoth Park,74108,OK,eshoremanks@usatoday.com
750,Erika Feather,59 Vermont Trail,92410,CA,efeatherkt@redcross.org
751,Dewey Jarvie,52158 Gulseth Park,20215,DC,djarvieku@wordpress.org
752,Nate Hansed,2405 Tony Drive,94159,CA,nhansedkv@de.vu
753,Ignatius Muzzi,4 American Ash Way,32813,FL,imuzzikw@cnet.com
754,Annabela Benjamin,74873 Lawn Hill,06127,CT,abenjaminkx@cbc.ca
755,Creight Bradock,189 Darwin Alley,34290,FL,cbradockky@hc360.com
756,Dot Pottinger,840 Cherokee Hill,96845,HI,dpottingerkz@cdbaby.com
757,Garland McDugal,7868 Clove Point,94230,CA,gmcdugall0@is.gd
758,Herbie Gorry,2 Kennedy Alley,02912,RI,hgorryl1@nationalgeographic.com
759,Minna Hedau,2847 Fisk Junction,31904,GA,mhedaul2@google.fr
760,Kristal Kobelt,71 5th Court,07310,NJ,kkobeltl3@ezinearticles.com
761,Joaquin Lubeck,86931 Marcy Street,47705,IN,jlubeckl4@fotki.com
762,Kennie Balsdon,26184 Artisan Place,06152,CT,kbalsdonl5@multiply.com
763,Bartlet Fenner,7700 Corry Drive,39210,MS,bfennerl6@linkedin.com
764,Stormy Mapston,8697 Steensland Terrace,44118,OH,smapstonl7@list-manage.com
765,Curt Eyrl,96698 Sunnyside Center,28225,NC,ceyrll8@engadget.com
766,Silas Blockey,3 Roth Center,30358,GA,sblockeyl9@fotki.com
767,Jolene Caveill,756 Nelson Plaza,31205,GA,jcaveillla@va.gov
768,Arabela Kettoe,633 Katie Point,43215,OH,akettoelb@nps.gov
769,Hewitt Ferrao,17 Commercial Circle,23705,VA,hferraolc@cocolog-nifty.com
770,Levin Goter,3734 Gerald Alley,46620,IN,lgoterld@etsy.com
771,Nanny Adamini,887 Westport Alley,28289,NC,nadaminile@sphinn.com
772,Dur Willshear,84284 Karstens Center,99210,WA,dwillshearlf@engadget.com
773,Barnabe Cartwright,24603 Reinke Avenue,44191,OH,bcartwrightlg@discuz.net
774,Rickie Greguol,415 Fisk Terrace,76905,TX,rgreguollh@goo.ne.jp
775,Dickie Quinevan,82 Bonner Street,70805,LA,dquinevanli@mtv.com
776,Rosalinde Westraw,931 Dapin Hill,33715,FL,rwestrawlj@fc2.com
777,Beilul Concannon,83374 Johnson Road,33330,FL,bconcannonlk@mysql.com
778,Tomasine Lukas,221 Southridge Junction,90005,CA,tlukasll@theguardian.com
779,Nikolai Hugli,40172 Grayhawk Parkway,88546,TX,nhuglilm@seattletimes.com
780,Nolan Kiddye,80 American Way,79171,TX,nkiddyeln@over-blog.com
781,Guenevere Edgington,9503 Dunning Avenue,78710,TX,gedgingtonlo@smugmug.com
782,Terry Crystal,158 Shopko Park,96825,HI,tcrystallp@free.fr
783,Boycie Hassin,953 Prairie Rose Circle,77554,TX,bhassinlq@omniture.com
784,Bordie Jennaway,98944 Crowley Terrace,10633,NY,bjennawaylr@qq.com
785,Margot Chilles,61 Dahle Center,84110,UT,mchillesls@ycombinator.com
786,Gianina Wenden,8 Amoth Center,34620,FL,gwendenlt@biglobe.ne.jp
787,Cordy Scotford,36296 Garrison Parkway,89135,NV,cscotfordlu@fda.gov
788,Clovis Kerfoot,62072 Grim Place,95298,CA,ckerfootlv@odnoklassniki.ru
789,Winifred Lotherington,68 Rowland Road,78710,TX,wlotheringtonlw@hhs.gov
790,Suzanna Roebottom,0 Arizona Center,93584,CA,sroebottomlx@parallels.com
791,Dorelia Minico,10 Lakewood Gardens Hill,84093,UT,dminicoly@constantcontact.com
792,Nehemiah Kyteley,5 Tennessee Place,66160,KS,nkyteleylz@amazon.de
793,Abran Gorrie,086 Lake View Road,95397,CA,agorriem0@google.es
794,Roslyn Rutgers,06355 Katie Avenue,32605,FL,rrutgersm1@issuu.com
795,Aura Georgeot,74 Sugar Pass,91520,CA,ageorgeotm2@nbcnews.com
796,Dian Dorkin,656 Westend Place,87115,NM,ddorkinm3@sitemeter.com
797,Philbert Fawdry,642 American Junction,28815,NC,pfawdrym4@wix.com
798,Laetitia Sprackling,34 Amoth Alley,90015,CA,lspracklingm5@livejournal.com
799,Danette Ledwidge,2 Golf Course Court,38131,TN,dledwidgem6@taobao.com
800,Inna Quinney,53660 Monument Terrace,38143,TN,iquinneym7@paginegialle.it
801,Rafael Pilmore,10623 Canary Plaza,71115,LA,rpilmorem8@java.com
802,Agace Sheahan,046 Steensland Place,98166,WA,asheahanm9@aol.com
803,Burt Grimes,7783 Arizona Road,35254,AL,bgrimesma@soup.io
804,Clemmy Morfett,7426 Weeping Birch Crossing,55470,MN,cmorfettmb@vistaprint.com
805,Ken Deverose,41792 Boyd Court,75074,TX,kdeverosemc@altervista.org
806,Nissy Elfleet,6877 Center Hill,23242,VA,nelfleetmd@bigcartel.com
807,Deanne Birtle,74 Arrowood Center,90398,CA,dbirtleme@cdc.gov
808,Wyatt Lafford,49776 Union Parkway,88525,TX,wlaffordmf@whitehouse.gov
809,Phillida Serrell,39135 Fremont Street,77260,TX,pserrellmg@prnewswire.com
810,Merrick Panons,17559 Manufacturers Circle,94291,CA,mpanonsmh@msu.edu
811,Chauncey Denziloe,389 Dexter Lane,34620,FL,cdenziloemi@ezinearticles.com
812,Noelle Scouse,08 Shelley Park,21747,MD,nscousemj@dedecms.com
813,Dorian Gurney,9327 Buhler Terrace,40586,KY,dgurneymk@amazon.de
814,Barbey Cartwright,903 Sutteridge Alley,33147,FL,bcartwrightml@xinhuanet.com
815,Gusty Lincoln,86439 Mallory Drive,73190,OK,glincolnmm@tinypic.com
816,Eloisa Corradini,1 Shopko Trail,78405,TX,ecorradinimn@phoca.cz
817,Hobart Spinke,02 South Trail,80262,CO,hspinkemo@hatena.ne.jp
818,Giustino Menhci,15345 Vernon Drive,90015,CA,gmenhcimp@diigo.com
819,Hedi Goldsack,343 Anhalt Hill,43635,OH,hgoldsackmq@t-online.de
820,Joni Polding,6953 Derek Lane,40591,KY,jpoldingmr@cnn.com
821,Conny Whittier,033 Portage Way,53277,WI,cwhittierms@altervista.org
822,Morris Makeswell,5269 Morrow Circle,10280,NY,mmakeswellmt@wikia.com
823,Mattias Weyland,6885 Northfield Parkway,74149,OK,mweylandmu@infoseek.co.jp
824,Rosemonde Pettko,4946 Delladonna Point,68105,NE,rpettkomv@digg.com
825,Cirstoforo Aguirrezabala,76494 Utah Junction,20420,DC,caguirrezabalamw@bloglovin.com
826,Sharona Beeho,7 Killdeer Crossing,24020,VA,sbeehomx@sun.com
827,Aurel McNevin,2 Morning Avenue,33605,FL,amcnevinmy@webmd.com
828,Gigi Titcombe,6 Summit Road,88519,TX,gtitcombemz@unicef.org
829,Delmor Iacivelli,7247 Sutherland Circle,74193,OK,diacivellin0@google.cn
830,Susette Quail,756 Cascade Parkway,29305,SC,squailn1@hostgator.com
831,Morley Burnyate,69553 Schmedeman Place,68197,NE,mburnyaten2@desdev.cn
832,Rudd Bittleson,09 Holmberg Trail,68124,NE,rbittlesonn3@photobucket.com
833,Walt MacDuffie,57 Briar Crest Junction,64054,MO,wmacduffien4@amazonaws.com
834,Tab Conley,4 Dahle Avenue,20503,DC,tconleyn5@qq.com
835,Dillie Habard,9 Ronald Regan Drive,20046,DC,dhabardn6@uol.com.br
836,Nessi Carbett,9 Burrows Place,19172,PA,ncarbettn7@buzzfeed.com
837,Valma Dwyer,06 Tomscot Hill,77240,TX,vdwyern8@illinois.edu
838,Jaquenetta Phizacklea,068 Donald Point,34981,FL,jphizacklean9@cloudflare.com
839,Giselbert Braker,52825 Shopko Pass,75310,TX,gbrakerna@disqus.com
840,Bradney Meaking,3325 Darwin Park,97306,OR,bmeakingnb@economist.com
841,Killy Gheorghescu,6 Dexter Parkway,63116,MO,kgheorghescunc@wisc.edu
842,Toinette Josefsen,64685 Straubel Pass,90810,CA,tjosefsennd@dropbox.com
843,Kristofer Twells,16 Maple Wood Road,80940,CO,ktwellsne@nydailynews.com
844,Ancell Huddy,35 Northport Trail,20244,DC,ahuddynf@tumblr.com
845,Bartel Ferretti,07 Morning Lane,95113,CA,bferretting@networksolutions.com
846,Graehme Eales,2 Butternut Road,10249,NY,gealesnh@sciencedaily.com
847,Drud MacArdle,58 Stone Corner Point,88535,TX,dmacardleni@oakley.com
848,Aksel Rotchell,2174 Duke Avenue,95973,CA,arotchellnj@ft.com
849,Merrill Mulvy,027 Tennessee Park,91328,CA,mmulvynk@wordpress.com
850,Katina Easterby,70 Golf View Court,91406,CA,keasterbynl@e-recht24.de
851,Sunny Alleyne,088 Village Terrace,46699,IN,salleynenm@uiuc.edu
852,Fredric Inold,29 Barby Junction,97216,OR,finoldnn@sakura.ne.jp
853,Sansone Haggie,5350 Mccormick Plaza,34605,FL,shaggieno@cbc.ca
854,Geordie Breadmore,3 Jay Circle,77005,TX,gbreadmorenp@sogou.com
855,Violette Handke,49674 Gateway Place,30392,GA,vhandkenq@craigslist.org
856,Sibby Brumham,5 Farmco Crossing,92186,CA,sbrumhamnr@imageshack.us
857,Ced Baudet,37241 International Hill,83722,ID,cbaudetns@amazon.com
858,Berkly Eskell,04 Vidon Parkway,94105,CA,beskellnt@homestead.com
859,Hazlett Martineau,090 Lawn Point,43656,OH,hmartineaunu@mozilla.com
860,Winfield Mattussevich,48790 Green Road,67210,KS,wmattussevichnv@ning.com
861,Myles Saint,8486 Hermina Terrace,79705,TX,msaintnw@google.com.br
862,Gene Kowalski,5 Buell Parkway,90810,CA,gkowalskinx@taobao.com
863,Charis Skedgell,74 Carberry Plaza,93386,CA,cskedgellny@domainmarket.com
864,Aida Naerup,9 Bellgrove Point,28230,NC,anaerupnz@jiathis.com
865,Nichole MacTerlagh,56 Lakeland Terrace,90071,CA,nmacterlagho0@nyu.edu
866,Elsinore Jammes,828 International Lane,30506,GA,ejammeso1@amazon.co.uk
867,Brett Mitford,4150 Truax Parkway,50362,IA,bmitfordo2@t-online.de
868,Jessie Kinrade,97 Cascade Lane,20319,DC,jkinradeo3@taobao.com
869,Tito Gleasane,568 Meadow Ridge Place,50393,IA,tgleasaneo4@cnet.com
870,Annabelle Thickpenny,2147 Golf View Court,38308,TN,athickpennyo5@mapquest.com
871,Adolf Vase,45853 Bunting Street,97405,OR,avaseo6@japanpost.jp
872,Jerome Middleweek,997 Lakewood Gardens Junction,75216,TX,jmiddleweeko7@toplist.cz
873,Beale Dickings,484 Carioca Crossing,76598,TX,bdickingso8@shutterfly.com
874,Obadiah Gronowe,77 Graedel Circle,52410,IA,ogronoweo9@tamu.edu
875,Saraann Waberer,59 Tennyson Drive,84110,UT,swabereroa@bigcartel.com
876,Janella Piperley,95 Redwing Park,74170,OK,jpiperleyob@w3.org
877,Rogerio Rawlyns,03 Superior Way,23277,VA,rrawlynsoc@rediff.com
878,Grier Dockrell,837 7th Circle,32627,FL,gdockrellod@senate.gov
879,Kerk Berr,47360 Butterfield Trail,01813,MA,kberroe@nyu.edu
880,Tamma Charlick,789 Oak Valley Court,01654,MA,tcharlickof@ibm.com
881,Roland Garnam,91 Kenwood Parkway,77343,TX,rgarnamog@discuz.net
882,Cammi Simmins,37 Kings Point,20370,DC,csimminsoh@slideshare.net
883,Cleon Kneeland,895 Vernon Junction,37914,TN,ckneelandoi@army.mil
884,Ninetta Van Geffen,74677 Blackbird Court,90605,CA,nvanoj@reverbnation.com
885,Damiano Greenhough,337 Bay Avenue,71213,LA,dgreenhoughok@stanford.edu
886,Merell Shropsheir,43 Moose Circle,97211,OR,mshropsheirol@webnode.com
887,Sukey Firth,596 Carberry Hill,32277,FL,sfirthom@hatena.ne.jp
888,Jarret Jorden,5 Blue Bill Park Street,70826,LA,jjordenon@smh.com.au
889,Constance Feldstein,50346 Rigney Pass,89012,NV,cfeldsteinoo@phoca.cz
890,Gilda Hambridge,19 Montana Way,17126,PA,ghambridgeop@google.cn
891,Bess Nials,1487 Hintze Park,78470,TX,bnialsoq@sciencedaily.com
892,Roselle Orteau,1 Kipling Circle,30245,GA,rorteauor@tinypic.com
893,Prince Cains,15399 Anniversary Court,78220,TX,pcainsos@example.com
894,Mateo Wells,063 Jay Way,36689,AL,mwellsot@prweb.com
895,Naoma Dybell,52 Tony Junction,80525,CO,ndybellou@rakuten.co.jp
896,Arvie Taunton.,083 Oriole Crossing,95128,CA,atauntonov@msn.com
897,Ranique Bowstead,0726 Esch Pass,23520,VA,rbowsteadow@comsenz.com
898,Pat Swatten,84 Gulseth Alley,20546,DC,pswattenox@tuttocitta.it
899,Kristel Geleman,7 Bobwhite Trail,14604,NY,kgelemanoy@google.ca
900,Leonard Bison,1904 Springs Parkway,03804,NH,lbisonoz@123-reg.co.uk
901,Andras Fry,623 Bowman Hill,20546,DC,afryp0@shinystat.com
902,Sidonia Portinari,0 Anhalt Crossing,10305,NY,sportinarip1@hubpages.com
903,Tracy Ditzel,2 Maple Wood Hill,78405,TX,tditzelp2@princeton.edu
904,Luisa Rodrig,0158 Schiller Park,90010,CA,lrodrigp3@acquirethisname.com
905,Giustino Attersoll,09686 Heath Parkway,97255,OR,gattersollp4@squidoo.com
906,Traci Licas,60236 Rigney Court,39705,MS,tlicasp5@naver.com
907,Feliza Elliff,11 Bluejay Hill,44329,OH,felliffp6@eepurl.com
908,Carmina Jakes,145 Forster Alley,92513,CA,cjakesp7@furl.net
909,Cullie Keeting,4360 Kensington Street,70124,LA,ckeetingp8@flavors.me
910,Thorin Darville,8 Ridge Oak Crossing,90025,CA,tdarvillep9@cdbaby.com
911,Julina Pavel,2824 Haas Street,23459,VA,jpavelpa@apache.org
912,Leyla Pitblado,605 Valley Edge Plaza,30301,GA,lpitbladopb@tinyurl.com
913,Clementine Goodrum,9849 Lukken Hill,75236,TX,cgoodrumpc@tinypic.com
914,Chrystal Knight,1 Coleman Drive,47737,IN,cknightpd@nytimes.com
915,Parnell Gini,0 Fieldstone Terrace,85072,AZ,pginipe@umich.edu
916,Ivette Yell,5953 Mccormick Circle,32941,FL,iyellpf@wufoo.com
917,Arlena Catanheira,13 Annamark Place,19125,PA,acatanheirapg@ow.ly
918,Carmita Forten,90741 Birchwood Crossing,19886,DE,cfortenph@fda.gov
919,Koo Maddra,49177 Ryan Pass,37939,TN,kmaddrapi@noaa.gov
920,Isaiah Ciotto,762 Monterey Lane,75205,TX,iciottopj@narod.ru
921,Lizbeth Sheldrick,20381 Kensington Drive,89519,NV,lsheldrickpk@dyndns.org
922,Augusto Siddele,80826 Sutherland Center,12242,NY,asiddelepl@vimeo.com
923,Ruperta Barlace,80790 Ridge Oak Trail,46699,IN,rbarlacepm@fda.gov
924,Beltran Padden,1 Daystar Pass,40280,KY,bpaddenpn@statcounter.com
925,Almeria Urrey,13893 Springs Lane,70826,LA,aurreypo@twitter.com
926,Rory Farn,78 Vidon Lane,23551,VA,rfarnpp@nymag.com
927,Cosimo Pryce,4 Grasskamp Center,98042,WA,cprycepq@vistaprint.com
928,Peyton Linforth,43 Jay Street,44310,OH,plinforthpr@weibo.com
929,Fleurette Meys,628 Hauk Street,22070,VA,fmeysps@home.pl
930,Rodrique Bockett,31921 Arizona Junction,85015,AZ,rbockettpt@elpais.com
931,Luisa Pickerin,91 Quincy Place,70183,LA,lpickerinpu@booking.com
932,Danit Dagger,320 Pine View Avenue,45243,OH,ddaggerpv@craigslist.org
933,Pauletta Siley,940 Clemons Center,77218,TX,psileypw@eepurl.com
934,Shannon Formigli,455 Larry Way,33448,FL,sformiglipx@furl.net
935,Durante Rydings,2 Clemons Center,29215,SC,drydingspy@discuz.net
936,Caz Gravett,51 Karstens Street,12210,NY,cgravettpz@csmonitor.com
937,Moe Van Niekerk,16 Veith Way,90087,CA,mvanq0@buzzfeed.com
938,Rozella Yglesia,843 Warrior Street,20167,VA,ryglesiaq1@youtu.be
939,Derry Mulles,75438 Bowman Lane,33661,FL,dmullesq2@issuu.com
940,Vanny Meas,8005 Carey Center,23203,VA,vmeasq3@mit.edu
941,Reyna Cotty,580 Hoffman Junction,23272,VA,rcottyq4@bloglines.com
942,Keith Jako,60784 Cherokee Court,78721,TX,kjakoq5@tumblr.com
943,Andy Lumpkin,0 Prairieview Parkway,77250,TX,alumpkinq6@netscape.com
944,Elissa Connaughton,2481 High Crossing Junction,94302,CA,econnaughtonq7@virginia.edu
945,Guthry Pedrol,1 Bonner Lane,74141,OK,gpedrolq8@unc.edu
946,Breena Dymoke,6806 Graceland Road,25326,WV,bdymokeq9@domainmarket.com
947,Perice Kidgell,934 Golf Court,80150,CO,pkidgellqa@wikia.com
948,Maurizia Bloan,8085 Talisman Point,93750,CA,mbloanqb@wordpress.com
949,Mandi Dewis,098 Haas Avenue,33737,FL,mdewisqc@surveymonkey.com
950,Kip Jerrold,5 Hanover Avenue,33954,FL,kjerroldqd@imdb.com
951,Elwin Gebbe,8 Browning Parkway,70815,LA,egebbeqe@blogtalkradio.com
952,Falkner Guinnane,53 2nd Parkway,30386,GA,fguinnaneqf@altervista.org
953,Jeanna Reidie,9459 Thackeray Terrace,01905,MA,jreidieqg@indiatimes.com
954,Mureil Handley,01813 Main Drive,77090,TX,mhandleyqh@house.gov
955,Adore Mortell,16498 Gale Lane,80920,CO,amortellqi@unc.edu
956,Franzen Matantsev,4 Nobel Trail,20067,DC,fmatantsevqj@comcast.net
957,Dell Danelutti,33 Scoville Crossing,77276,TX,ddaneluttiqk@japanpost.jp
958,Cayla Lindborg,62146 Knutson Way,79928,TX,clindborgql@paginegialle.it
959,Eloise Burdekin,08066 Morrow Court,79999,TX,eburdekinqm@networkadvertising.org
960,Alysia Upson,1424 Florence Avenue,20215,DC,aupsonqn@sbwire.com
961,Jaimie Eveleigh,7 Charing Cross Terrace,45414,OH,jeveleighqo@biblegateway.com
962,Noellyn Chatband,798 Summer Ridge Road,64187,MO,nchatbandqp@netscape.com
963,Donnamarie Coke,6846 Larry Drive,33963,FL,dcokeqq@live.com
964,Selena Fearfull,1613 Shelley Point,76310,TX,sfearfullqr@tamu.edu
965,Barn Immings,65730 Dakota Court,79764,TX,bimmingsqs@wikimedia.org
966,Siusan Renehan,0 Westridge Alley,88535,TX,srenehanqt@marriott.com
967,Piper Petasch,26164 International Alley,71208,LA,ppetaschqu@wp.com
968,Meredeth McKelvey,5 Anzinger Park,25721,WV,mmckelveyqv@opensource.org
969,Tamiko Milsted,79 Mallory Street,80915,CO,tmilstedqw@thetimes.co.uk
970,Madelina Cowlin,9647 Birchwood Lane,28284,NC,mcowlinqx@soundcloud.com
971,Morgan Ochiltree,638 Raven Circle,22093,VA,mochiltreeqy@admin.ch
972,Ricki Bartolomeotti,5337 Stuart Road,19120,PA,rbartolomeottiqz@dell.com
973,Lemmie Zuanazzi,04558 Corscot Crossing,80045,CO,lzuanazzir0@tamu.edu
974,Heall Muckian,5287 Florence Road,32605,FL,hmuckianr1@mapquest.com
975,Artus Houldin,4303 4th Drive,59623,MT,ahouldinr2@microsoft.com
976,Giusto Lynett,6007 Fulton Pass,45432,OH,glynettr3@ycombinator.com
977,Aubrey Fellow,3 Portage Road,06673,CT,afellowr4@eventbrite.com
978,Andree Britten,44161 Ruskin Avenue,92170,CA,abrittenr5@ibm.com
979,Harriette Chalcraft,82 Grasskamp Plaza,75265,TX,hchalcraftr6@friendfeed.com
980,Rosita Woollcott,828 Summerview Alley,07310,NJ,rwoollcottr7@cpanel.net
981,Wynn Doughartie,46308 Shopko Park,55407,MN,wdoughartier8@com.com
982,Norbert Jolin,40238 Farwell Crossing,29319,SC,njolinr9@businessinsider.com
983,Maryanna McGahern,848 Swallow Pass,19093,PA,mmcgahernra@tuttocitta.it
984,Stafford Woodington,11310 Laurel Lane,85205,AZ,swoodingtonrb@tiny.cc
985,Timmie Abys,5 Golf View Place,79710,TX,tabysrc@google.cn
986,Tally Tremeer,21 Oakridge Drive,02458,MA,ttremeerrd@nba.com
987,Cele Tregonna,44 Macpherson Place,80262,CO,ctregonnare@dagondesign.com
988,Sherm Keynes,2055 Maywood Drive,08922,NJ,skeynesrf@flickr.com
989,Thomasa Seago,9797 Hudson Point,87195,NM,tseagorg@ebay.co.uk
990,Hugues Cottisford,23 Meadow Ridge Center,43215,OH,hcottisfordrh@nhs.uk
991,Lyssa Treadger,6 Pankratz Road,55407,MN,ltreadgerri@weibo.com
992,Kyla Mount,1 Ridgeview Lane,10464,NY,kmountrj@latimes.com
993,Lexine Mattersey,9221 Prentice Crossing,46254,IN,lmatterseyrk@ihg.com
994,Son Turner,926 Buhler Avenue,80945,CO,sturnerrl@mapy.cz
995,Ginevra Gravet,15780 Kennedy Drive,80940,CO,ggravetrm@networksolutions.com
996,Chiarra Seadon,077 Dexter Lane,70815,LA,cseadonrn@bloglines.com
997,Saloma Kinnach,4705 Ridge Oak Avenue,20709,MD,skinnachro@engadget.com
998,Shurlocke Spelman,581 Anhalt Hill,29225,SC,sspelmanrp@ocn.ne.jp
999,Ranna Gamet,30 Toban Way,40225,KY,rgametrq@blogspot.com
1000,Glenda Yakovlev,875 Atwood Plaza,12205,NY,gyakovlevrr@cnn.com
