id,name,address,zipcode,state,email
1,Norene Casbolt,078 Almo Street,90805,CA,ncasbolt0@scribd.com
2,Legra McCallion,8169 Emmet Road,64193,MO,lmccallion1@va.gov
3,Gil Swabey,1588 Superior Lane,75251,TX,gswabey2@usnews.com
4,Linet Reason,030 Hoepker Lane,43210,OH,lreason3@howstuffworks.com
5,Rowney Scoggins,985 Park Meadow Avenue,85045,AZ,rscoggins4@jigsy.com
6,Leonard Capey,775 Lighthouse Bay Way,78682,TX,lcapey5@123-reg.co.uk
7,Livia MacCorley,64 Gulseth Circle,90831,CA,lmaccorley6@webeden.co.uk
8,Clyde Statefield,595 Porter Terrace,77299,TX,cstatefield7@hc360.com
9,Giavani Podbury,2012 Schmedeman Trail,27499,NC,gpodbury8@ebay.co.uk
10,Siusan Gendricke,24556 Sauthoff Point,23324,VA,sgendricke9@google.de
11,Renate Hadeke,3 Monterey Center,64149,MO,rhadekea@liveinternet.ru
12,Hilton Piercey,94 Lien Parkway,68505,NE,hpierceyb@i2i.jp
13,Georgette Sneath,33581 Stoughton Drive,32128,FL,gsneathc@wunderground.com
14,Moe Pritchitt,00188 Butterfield Street,66160,KS,mpritchittd@businesswire.com
15,Dino Jirieck,2 Bowman Trail,98166,WA,djiriecke@diigo.com
16,Aldwin Chadwyck,2929 Northview Terrace,98907,WA,achadwyckf@google.it
17,Louella Legat,60505 Badeau Lane,78744,TX,llegatg@answers.com
18,Ely Cristobal,946 Di Loreto Crossing,80920,CO,ecristobalh@nytimes.com
19,Kean Jedrzejczyk,5515 Vidon Drive,20238,DC,kjedrzejczyki@seattletimes.com
20,Carey Flatman,155 Bowman Road,55436,MN,cflatmanj@sohu.com
21,Dede Maple,50 Arkansas Street,22313,VA,dmaplek@dyndns.org
22,Janos Narbett,09475 Independence Drive,20851,MD,jnarbettl@etsy.com
23,Piper Yackiminie,1458 Petterle Circle,23213,VA,pyackiminiem@domainmarket.com
24,Mag Erangy,6 Hagan Circle,72916,AR,merangyn@sun.com
25,Wynne Hardes,1 Sloan Trail,32314,FL,whardeso@china.com.cn
26,Skip Lace,1056 Onsgard Drive,94137,CA,slacep@miibeian.gov.cn
27,Leandra Izaac,0955 Manley Road,33982,FL,lizaacq@bing.com
28,Carmen Cogley,6254 Becker Alley,64142,MO,ccogleyr@tumblr.com
29,Horacio Oland,98165 Barby Junction,55811,MN,holands@posterous.com
30,Leland Marsy,48853 Sundown Circle,23504,VA,lmarsyt@biglobe.ne.jp
31,Morly Knotte,86 Harper Avenue,65218,MO,mknotteu@fema.gov
32,Thorn Harcourt,6 Mayfield Way,47737,IN,tharcourtv@usatoday.com
33,Carmon McCumesky,10 Corry Street,55407,MN,cmccumeskyw@bloglines.com
34,Jillane Tessier,289 Arkansas Street,48275,MI,jtessierx@illinois.edu
35,Cordi Crockett,1 Cambridge Drive,78220,TX,ccrocketty@slashdot.org
36,Murdoch Gillogley,2 Pearson Drive,19120,PA,mgillogleyz@dell.com
37,Darline Djuricic,22 Sherman Pass,53790,WI,ddjuricic10@e-recht24.de
38,Findlay Manuele,3225 Sheridan Way,84093,UT,fmanuele11@chron.com
39,Jamie Simonnet,10 Shoshone Drive,95108,CA,jsimonnet12@ning.com
40,Marilyn Mathivat,5 Memorial Terrace,91131,CA,mmathivat13@google.nl
41,Isak Brabham,92 Ilene Way,89120,NV,ibrabham14@ebay.com
42,Lisa Sherwill,3315 Prairieview Circle,65211,MO,lsherwill15@fotki.com
43,Erica Godar,10091 Reinke Street,34949,FL,egodar16@squidoo.com
44,Viva Foker,404 Spenser Terrace,94913,CA,vfoker17@so-net.ne.jp
45,Chadwick Sansam,94488 Swallow Crossing,70505,LA,csansam18@networkadvertising.org
46,Wandie Down,704 Talisman Center,36125,AL,wdown19@google.com.br
47,Verile Coulling,3265 Mesta Park,28220,NC,vcoulling1a@netscape.com
48,Alexandra Bewsy,720 Jackson Crossing,77060,TX,abewsy1b@imgur.com
49,Salim Cranson,3553 Twin Pines Drive,32244,FL,scranson1c@t-online.de
50,Alleen Le Huquet,0 Cambridge Trail,59623,MT,ale1d@soundcloud.com
51,Rowan Halbeard,3751 Golden Leaf Place,52245,IA,rhalbeard1e@goo.gl
52,Gib Drissell,9094 Northridge Circle,27499,NC,gdrissell1f@si.edu
53,Tam Mosdill,7952 Havey Crossing,75342,TX,tmosdill1g@storify.com
54,Linea Gornal,84 Reindahl Parkway,92717,CA,lgornal1h@livejournal.com
55,Angie Moggie,6594 Marquette Place,45490,OH,amoggie1i@posterous.com
56,Merwyn Spaven,7924 Cambridge Park,55166,MN,mspaven1j@discuz.net
57,Rana Duffil,4326 Nova Crossing,20205,DC,rduffil1k@qq.com
58,Ninnette Baitman,99 Menomonie Court,46231,IN,nbaitman1l@google.co.uk
59,Cos Scay,15598 Red Cloud Terrace,93407,CA,cscay1m@discovery.com
60,Lilyan Jehu,200 Dovetail Place,78245,TX,ljehu1n@macromedia.com
61,Lion Gareisr,786 Paget Parkway,97296,OR,lgareisr1o@lulu.com
62,Dorette Snaden,5328 Armistice Place,75799,TX,dsnaden1p@gov.uk
63,Erich Paulig,4 Lillian Park,44705,OH,epaulig1q@economist.com
64,Kendrick Jerzycowski,0677 Jenna Circle,79171,TX,kjerzycowski1r@photobucket.com
65,Eunice Lamberts,2 Spaight Point,87592,NM,elamberts1s@uiuc.edu
66,Giacinta Jacques,87 Red Cloud Court,94605,CA,gjacques1t@redcross.org
67,Hortensia Cureton,01 Stoughton Pass,75287,TX,hcureton1u@mac.com
68,Philipa Neary,95533 Maple Road,51105,IA,pneary1v@engadget.com
69,Saunderson Lambie,861 New Castle Circle,88584,TX,slambie1w@whitehouse.gov
70,Oby Tedder,23844 Meadow Valley Park,55114,MN,otedder1x@google.ca
71,Ruthe Rooson,61 Service Pass,80243,CO,rrooson1y@meetup.com
72,Randall Slowcock,426 Vahlen Alley,44105,OH,rslowcock1z@apache.org
73,Marshall Lasselle,0086 Russell Hill,36616,AL,mlasselle20@feedburner.com
74,Pam Celier,7 Kropf Drive,33064,FL,pcelier21@cdbaby.com
75,Lamar Stoyle,97 Beilfuss Avenue,88579,TX,lstoyle22@huffingtonpost.com
76,Jocelyn Guerro,6817 Raven Lane,46202,IN,jguerro23@taobao.com
77,Essie Kestle,2 Springs Junction,78769,TX,ekestle24@infoseek.co.jp
78,Pincus Tash,8 Redwing Center,70607,LA,ptash25@cloudflare.com
79,Aretha Lordon,172 Hoffman Alley,46620,IN,alordon26@altervista.org
80,Alley Bader,8 Hintze Hill,53710,WI,abader27@wikipedia.org
81,Austin Well,85 Moose Circle,22301,VA,awell28@twitter.com
82,Shanon Chaffin,51645 Vera Pass,78470,TX,schaffin29@stanford.edu
83,David Errigo,34 Debs Center,91505,CA,derrigo2a@gov.uk
84,Nancee Squelch,2 Annamark Trail,06538,CT,nsquelch2b@prweb.com
85,Thayne Duchart,05 Golf View Road,11247,NY,tduchart2c@joomla.org
86,Anna-diane Smallpeice,450 Randy Way,64149,MO,asmallpeice2d@oracle.com
87,Minette Grigorio,33 Crowley Road,29610,SC,mgrigorio2e@about.me
88,Morgan Pinks,2094 Armistice Parkway,45490,OH,mpinks2f@indiatimes.com
89,Jerome Bogaert,4873 Ronald Regan Road,39282,MS,jbogaert2g@nsw.gov.au
90,Garik Vanshin,656 Melvin Circle,87201,NM,gvanshin2h@flavors.me
91,Diego Adkin,02 Weeping Birch Pass,10275,NY,dadkin2i@reference.com
92,Cathlene Rushmer,38103 Dovetail Street,85077,AZ,crushmer2j@ocn.ne.jp
93,Caldwell Vautin,94 Mcguire Alley,40546,KY,cvautin2k@mozilla.com
94,Irina Boosey,4 Susan Crossing,72199,AR,iboosey2l@topsy.com
95,Flemming Serjeant,97248 Kennedy Lane,94605,CA,fserjeant2m@acquirethisname.com
96,Clarke Scarlan,2 Rigney Street,98405,WA,cscarlan2n@loc.gov
97,Donny Pittoli,1 Colorado Terrace,92878,CA,dpittoli2o@phoca.cz
98,La verne Hagwood,760 Iowa Trail,14263,NY,lverne2p@lulu.com
99,Frieda Santen,76989 Atwood Center,79764,TX,fsanten2q@twitpic.com
100,Molly Sproston,3 Green Center,52405,IA,msproston2r@hud.gov
101,Tresa Coode,51 Farragut Parkway,06127,CT,tcoode2s@gmpg.org
102,Zebulon Lowey,9 Gulseth Pass,71151,LA,zlowey2t@unesco.org
103,Bridget Quarrell,121 Monica Avenue,34135,FL,bquarrell2u@foxnews.com
104,Sophia Bucktharp,674 Warbler Circle,45208,OH,sbucktharp2v@lulu.com
105,Rona Murfill,47 Hauk Park,19160,PA,rmurfill2w@spotify.com
106,Kris Cornford,21 Waywood Pass,12210,NY,kcornford2x@nih.gov
107,Kelcy Salvadori,300 Texas Street,78240,TX,ksalvadori2y@ezinearticles.com
108,Aksel MacLese,4356 Orin Street,59771,MT,amaclese2z@msu.edu
109,Mareah Quarmby,5 Nancy Place,60646,IL,mquarmby30@yellowbook.com
110,Petey Grinvalds,08869 Lunder Avenue,33175,FL,pgrinvalds31@biblegateway.com
111,Granny Tocque,49510 Petterle Junction,23504,VA,gtocque32@google.cn
112,Farrell Penchen,191 Cody Drive,98104,WA,fpenchen33@soup.io
113,Evelina Cisneros,9514 Fairfield Avenue,14624,NY,ecisneros34@umn.edu
114,Timmie Roches,551 Myrtle Junction,33963,FL,troches35@washingtonpost.com
115,Sutton Emmert,54 Emmet Avenue,10004,NY,semmert36@dot.gov
116,Niven Rohan,89891 Longview Crossing,43215,OH,nrohan37@nasa.gov
117,Denny Winkless,7 Oneill Crossing,06127,CT,dwinkless38@seesaa.net
118,Krista Yoxen,8 Lotheville Plaza,92555,CA,kyoxen39@vimeo.com
119,Addie Mularkey,0 Vermont Hill,38181,TN,amularkey3a@yale.edu
120,Hieronymus Gooddie,201 Annamark Park,20337,DC,hgooddie3b@scientificamerican.com
121,Herminia Verheyden,6 Leroy Alley,32627,FL,hverheyden3c@surveymonkey.com
122,Davis Van Hesteren,7 Aberg Street,22070,VA,dvan3d@mail.ru
123,Adi Verry,6634 Butterfield Drive,77020,TX,averry3e@webmd.com
124,Kellia Quakley,07 Oak Valley Circle,45213,OH,kquakley3f@bloglovin.com
125,Modestine Ciccotto,4514 Fairview Court,80204,CO,mciccotto3g@blogtalkradio.com
126,Curtis Mannakee,76808 Rockefeller Center,61105,IL,cmannakee3h@eventbrite.com
127,Donna Skeermor,4472 Express Circle,70183,LA,dskeermor3i@cnbc.com
128,Ring Krishtopaittis,5 Anniversary Street,75379,TX,rkrishtopaittis3j@tamu.edu
129,Florenza Clemmey,86541 Butterfield Trail,92196,CA,fclemmey3k@cargocollective.com
130,Madelyn Kareman,52 Grasskamp Lane,59806,MT,mkareman3l@ameblo.jp
131,Percival Enrique,3 Veith Drive,84189,UT,penrique3m@goo.gl
132,Loria Sherbrooke,2400 Meadow Ridge Center,55557,MN,lsherbrooke3n@edublogs.org
133,Gaspard McGoon,98 Basil Street,88541,TX,gmcgoon3o@sohu.com
134,Cassie Lowres,29 Schiller Center,77080,TX,clowres3p@hibu.com
135,Jackquelin Ortells,07 Carpenter Trail,75216,TX,jortells3q@tumblr.com
136,Marlane Geggie,7 Schlimgen Junction,75062,TX,mgeggie3r@techcrunch.com
137,Ingelbert Parradice,60392 Kim Plaza,24048,VA,iparradice3s@tmall.com
138,Deborah Melbert,53101 Huxley Hill,33320,FL,dmelbert3t@e-recht24.de
139,Renata Pisco,5 Calypso Trail,48258,MI,rpisco3u@blogs.com
140,Madella Grogono,0 Westridge Parkway,50330,IA,mgrogono3v@flavors.me
141,Emmy Sefton,67 Jenna Drive,77201,TX,esefton3w@xrea.com
142,Pierson McSweeney,9 Buena Vista Crossing,92137,CA,pmcsweeney3x@etsy.com
143,Flint Godar,7 Hauk Terrace,94705,CA,fgodar3y@weebly.com
144,Marcelle Waddam,2396 Sommers Pass,64199,MO,mwaddam3z@huffingtonpost.com
145,Gun Ponter,0989 Towne Pass,89115,NV,gponter40@harvard.edu
146,Robert Riggulsford,6 Artisan Avenue,26505,WV,rriggulsford41@furl.net
147,Fredia Galliard,8455 Victoria Terrace,64144,MO,fgalliard42@google.nl
148,Ardene Fleckney,6587 Pepper Wood Avenue,43284,OH,afleckney43@wikipedia.org
149,Kliment Acutt,3 Laurel Avenue,32859,FL,kacutt44@chronoengine.com
150,Rip Otley,22 Gina Crossing,89519,NV,rotley45@angelfire.com
151,Gill Varfalameev,391 Susan Terrace,07112,NJ,gvarfalameev46@chicagotribune.com
152,Abel Guilliatt,8050 Division Parkway,33164,FL,aguilliatt47@tiny.cc
153,Dag Karlqvist,4 High Crossing Place,85297,AZ,dkarlqvist48@senate.gov
154,Carla Dobing,7 Mayer Court,94230,CA,cdobing49@biblegateway.com
155,Cordy Doey,94 Karstens Point,20205,DC,cdoey4a@vinaora.com
156,Salvidor Buckam,4688 Green Junction,62756,IL,sbuckam4b@e-recht24.de
157,Micah Moulding,31529 Sloan Trail,27605,NC,mmoulding4c@themeforest.net
158,Marlon Grieswood,044 Hollow Ridge Junction,95205,CA,mgrieswood4d@icq.com
159,Jaquelyn McCathie,16 Wayridge Parkway,25716,WV,jmccathie4e@buzzfeed.com
160,Lemmy MacKerley,97 Donald Plaza,64193,MO,lmackerley4f@desdev.cn
161,Devin Finney,5256 Fuller Street,91841,CA,dfinney4g@a8.net
162,Monica Wigsell,18 Kedzie Hill,15906,PA,mwigsell4h@utexas.edu
163,Kare Wakeford,3685 Roxbury Center,20420,DC,kwakeford4i@bing.com
164,Livia Matusson,2025 Russell Road,19495,PA,lmatusson4j@lycos.com
165,Vikky Rosencwaig,4 7th Drive,32304,FL,vrosencwaig4k@friendfeed.com
166,Tamma Ganny,80569 3rd Way,35805,AL,tganny4l@deviantart.com
167,Franny Ambrosch,85 Golf Course Alley,24004,VA,fambrosch4m@webs.com
168,Giacobo Arber,327 Cherokee Parkway,68583,NE,garber4n@salon.com
169,Jake Kermath,6 Washington Pass,14646,NY,jkermath4o@creativecommons.org
170,Tessa Wombwell,459 Ronald Regan Avenue,95138,CA,twombwell4p@pcworld.com
171,Bette-ann Scourfield,40 Harper Center,98109,WA,bscourfield4q@redcross.org
172,Maritsa Pavia,48983 Bunker Hill Way,22119,VA,mpavia4r@netscape.com
173,Pepe Trevaskiss,3739 Ludington Hill,55108,MN,ptrevaskiss4s@bloglines.com
174,Roman Welburn,58185 Westport Road,52405,IA,rwelburn4t@army.mil
175,Damaris Gudd,89 Waywood Lane,60681,IL,dgudd4u@businessweek.com
176,Gaby Cruess,3753 Muir Trail,64142,MO,gcruess4v@state.tx.us
177,Maxie Marmon,8 Elgar Alley,87190,NM,mmarmon4w@godaddy.com
178,Raleigh Loosely,30102 Brown Hill,37450,TN,rloosely4x@t-online.de
179,Alf Ryman,74 Kensington Way,79710,TX,aryman4y@wikia.com
180,Roselia Schwerin,17091 Kenwood Way,33330,FL,rschwerin4z@mayoclinic.com
181,Deborah Venny,04952 Hauk Drive,27621,NC,dvenny50@fda.gov
182,Petrina Rees,5 Helena Way,10459,NY,prees51@timesonline.co.uk
183,Emmalynne Drewitt,60 Norway Maple Circle,13251,NY,edrewitt52@newsvine.com
184,Maggee Thom,151 Mcbride Circle,26505,WV,mthom53@wikimedia.org
185,Lorianna Igounet,4 Larry Alley,20078,DC,ligounet54@umn.edu
186,Sara Hiom,7 Comanche Park,22111,VA,shiom55@state.tx.us
187,Harlene Fairbairn,79 Stuart Pass,55573,MN,hfairbairn56@rediff.com
188,Nessy Janos,757 Johnson Avenue,65898,MO,njanos57@seattletimes.com
189,Damian Rennebeck,00184 Goodland Plaza,02283,MA,drennebeck58@unesco.org
190,Aretha Hartman,84 Columbus Junction,06854,CT,ahartman59@nsw.gov.au
191,Kile Williscroft,01584 Summit Place,63180,MO,kwilliscroft5a@weibo.com
192,Christa Grevatt,30 Coleman Circle,53785,WI,cgrevatt5b@mayoclinic.com
193,Kala Drogan,11 Claremont Crossing,76162,TX,kdrogan5c@istockphoto.com
194,Ingemar Lord,8256 Warbler Place,70174,LA,ilord5d@imageshack.us
195,Bear Beringer,06043 Knutson Place,25313,WV,bberinger5e@icq.com
196,Cherlyn Duddle,2 Cottonwood Park,33737,FL,cduddle5f@si.edu
197,Antonia Dumbleton,75 Killdeer Junction,06140,CT,adumbleton5g@ow.ly
198,Stan Sirman,196 Buell Alley,31190,GA,ssirman5h@state.tx.us
199,Annelise Kilbey,0924 Mendota Crossing,47134,IN,akilbey5i@marriott.com
200,Mirella Berkeley,9 Little Fleur Trail,76134,TX,mberkeley5j@shutterfly.com
201,Zebedee Supple,0379 5th Way,85383,AZ,zsupple5k@free.fr
202,Ag Korbmaker,4 Mcguire Parkway,95108,CA,akorbmaker5l@stanford.edu
203,Ara Cooch,4266 Gina Junction,92424,CA,acooch5m@usnews.com
204,Kinnie Lilleyman,02 Scoville Hill,35405,AL,klilleyman5n@samsung.com
205,Sawyere Betser,1664 Meadow Vale Center,79705,TX,sbetser5o@intel.com
206,Olivia Cyson,974 2nd Point,77055,TX,ocyson5p@google.co.jp
207,Edie Dohmer,73 Sauthoff Hill,27705,NC,edohmer5q@sourceforge.net
208,Roxane Dullingham,35837 Pennsylvania Center,90610,CA,rdullingham5r@pcworld.com
209,Herbert Colvie,36 Sundown Lane,77505,TX,hcolvie5s@privacy.gov.au
210,Jereme Deftie,7673 Merrick Avenue,75062,TX,jdeftie5t@de.vu
211,Fremont Nolda,071 Bobwhite Street,60435,IL,fnolda5u@drupal.org
212,Betteanne Kuzemka,85161 Pond Pass,10280,NY,bkuzemka5v@imageshack.us
213,Bjorn Spilling,4 Pankratz Crossing,20425,DC,bspilling5w@nsw.gov.au
214,Waite Ingree,57 Havey Parkway,85020,AZ,wingree5x@godaddy.com
215,Bevon Paley,55946 Evergreen Park,70883,LA,bpaley5y@altervista.org
216,Cris Conquest,3235 Talisman Park,59771,MT,cconquest5z@amazon.de
217,Amargo Harvatt,58520 3rd Park,10131,NY,aharvatt60@admin.ch
218,Giraldo Skerm,6 Westerfield Park,53210,WI,gskerm61@redcross.org
219,Roobbie Loddy,6129 Hermina Lane,94291,CA,rloddy62@soundcloud.com
220,Neely Bestwall,43 Old Gate Parkway,89120,NV,nbestwall63@smh.com.au
221,Boycie Jelfs,831 Jana Crossing,87110,NM,bjelfs64@japanpost.jp
222,Rustie Dods,1 Bunker Hill Road,76129,TX,rdods65@google.it
223,Neron Sked,483 Merry Plaza,30022,GA,nsked66@nydailynews.com
224,Wallis Blaxland,451 Barby Terrace,23237,VA,wblaxland67@angelfire.com
225,Darby Keatley,5 Leroy Point,96810,HI,dkeatley68@ft.com
226,Ware Smedmoor,40972 Nelson Alley,90025,CA,wsmedmoor69@narod.ru
227,Aurie Birks,5 Surrey Alley,72231,AR,abirks6a@mayoclinic.com
228,Martynne Lawrey,50 Thackeray Avenue,92030,CA,mlawrey6b@blinklist.com
229,Ricoriki Harmes,79 Havey Terrace,36134,AL,rharmes6c@forbes.com
230,Brandais Kee,598 Loeprich Plaza,94126,CA,bkee6d@ft.com
231,Esmaria Rastall,739 Pleasure Lane,92127,CA,erastall6e@ucoz.com
232,Brooke Briztman,7 Kropf Terrace,59806,MT,bbriztman6f@google.cn
233,Janeczka Kardos-Stowe,4 Acker Park,15261,PA,jkardosstowe6g@wsj.com
234,Webster Sanpere,89 Buell Center,33180,FL,wsanpere6h@nature.com
235,Oliy Beadles,13752 Debs Crossing,15266,PA,obeadles6i@e-recht24.de
236,Jyoti Pirolini,80 Ludington Avenue,08650,NJ,jpirolini6j@ezinearticles.com
237,Renado Arno,583 Huxley Plaza,28278,NC,rarno6k@census.gov
238,Orren Kenway,6891 Springview Road,40524,KY,okenway6l@studiopress.com
239,Clarette Peckham,49996 Marcy Plaza,24009,VA,cpeckham6m@studiopress.com
240,Carina Gubbin,3 Fairfield Drive,95205,CA,cgubbin6n@bbc.co.uk
241,Had Rannells,65161 Merchant Avenue,75246,TX,hrannells6o@ow.ly
242,Toby Steiner,812 Paget Hill,93704,CA,tsteiner6p@imageshack.us
243,Selma Gouge,289 Fair Oaks Pass,55480,MN,sgouge6q@trellian.com
244,Wylie Rosetti,9 Eagan Place,77844,TX,wrosetti6r@xinhuanet.com
245,Evey Fleckness,8267 Longview Parkway,93150,CA,efleckness6s@gravatar.com
246,Edyth Hearne,79 Bartillon Park,30022,GA,ehearne6t@123-reg.co.uk
247,Kenneth Hambright,07444 Moland Pass,75260,TX,khambright6u@plala.or.jp
248,Simone Mc Caughen,9 Service Trail,06673,CT,smc6v@chron.com
249,Fancie Parsons,9 Holmberg Alley,48956,MI,fparsons6w@accuweather.com
250,Jerome Sparrowhawk,5756 Gerald Parkway,10474,NY,jsparrowhawk6x@house.gov
251,Kara-lynn Face,23608 Service Court,27658,NC,kface6y@elpais.com
252,Austin Burt,986 Shopko Trail,80241,CO,aburt6z@posterous.com
253,Sande Norheny,6165 Gina Pass,99709,AK,snorheny70@unicef.org
254,Mano Pala,6 Ilene Drive,85072,AZ,mpala71@51.la
255,Cece Wigfield,6577 Florence Court,40618,KY,cwigfield72@omniture.com
256,Wolfie Leach,3 Division Street,43226,OH,wleach73@virginia.edu
257,Kris Farre,3 Ohio Avenue,79977,TX,kfarre74@addthis.com
258,Margette Marcq,67 Raven Road,53220,WI,mmarcq75@people.com.cn
259,Brock Wooldridge,5101 Miller Drive,19104,PA,bwooldridge76@goodreads.com
260,Christalle Freeborn,5856 Monument Parkway,66286,KS,cfreeborn77@webmd.com
261,Patsy Sweeting,6 Farragut Circle,34981,FL,psweeting78@google.ca
262,Berne Minchindon,494 Wayridge Junction,33961,FL,bminchindon79@google.ru
263,Rene Diament,506 Warbler Park,20430,DC,rdiament7a@aol.com
264,Evan Pimer,7859 Lillian Plaza,65805,MO,epimer7b@hibu.com
265,Natalina Spinella,2018 Darwin Trail,47712,IN,nspinella7c@cdbaby.com
266,Poul Van Hault,0 Chinook Street,14269,NY,pvan7d@unesco.org
267,Hobard Jansey,962 Holmberg Road,29215,SC,hjansey7e@qq.com
268,Debby Raecroft,8 Mayfield Place,55564,MN,draecroft7f@wix.com
269,Grenville Napolione,3824 Hagan Place,12227,NY,gnapolione7g@unicef.org
270,Jacqueline MacKenzie,0383 Eastwood Pass,64101,MO,jmackenzie7h@hud.gov
271,Piotr D'Adamo,39296 Dakota Plaza,28055,NC,pdadamo7i@trellian.com
272,Eachelle Gillean,9152 Kropf Hill,34276,FL,egillean7j@google.ca
273,Bride Drewes,91 Morningstar Hill,49505,MI,bdrewes7k@51.la
274,Shina Phoebe,203 Debra Pass,60193,IL,sphoebe7l@uol.com.br
275,Lacee Giblett,0056 Sachs Circle,97286,OR,lgiblett7m@newsvine.com
276,Brigitta Cocksedge,308 Kings Road,97306,OR,bcocksedge7n@tamu.edu
277,Gunter Odby,29 Darwin Junction,10009,NY,godby7o@list-manage.com
278,Ivett De Launde,3436 Mitchell Junction,75323,TX,ide7p@ovh.net
279,Boycey Koeppke,14 Lien Terrace,60681,IL,bkoeppke7q@jalbum.net
280,Ermengarde Gilgryst,0 Miller Terrace,78726,TX,egilgryst7r@harvard.edu
281,Dottie Galbreath,0144 Esch Pass,37235,TN,dgalbreath7s@sohu.com
282,Tracey Dome,18 Warbler Street,32092,FL,tdome7t@nhs.uk
283,Christoffer Blasing,4 Sommers Hill,92170,CA,cblasing7u@miitbeian.gov.cn
284,Ermin Peaker,6 Merchant Road,64193,MO,epeaker7v@gov.uk
285,Hasty Sexcey,0839 Donald Junction,28242,NC,hsexcey7w@tinyurl.com
286,Cornie Gottschalk,1 Lunder Center,22205,VA,cgottschalk7x@java.com
287,Salem Gethyn,6 Helena Plaza,92153,CA,sgethyn7y@surveymonkey.com
288,Celia Gilkes,31357 2nd Street,92160,CA,cgilkes7z@themeforest.net
289,Wilbur Prestie,5650 Service Circle,84105,UT,wprestie80@howstuffworks.com
290,Priscella Tumasian,3 Carey Way,37939,TN,ptumasian81@scribd.com
291,Diane-marie Dauney,8 Roth Circle,25305,WV,ddauney82@berkeley.edu
292,William Perview,63 Farmco Hill,98447,WA,wperview83@adobe.com
293,Pen Janney,31 Mifflin Street,99215,WA,pjanney84@earthlink.net
294,Michaella Godmer,95113 Stoughton Alley,28230,NC,mgodmer85@cbc.ca
295,Latashia Beardon,9 Lotheville Crossing,89140,NV,lbeardon86@addthis.com
296,Lammond Martinho,9 Bartelt Parkway,08104,NJ,lmartinho87@redcross.org
297,Lorene Spere,9677 Maple Court,45807,OH,lspere88@ifeng.com
298,Carlynne Gehrels,755 Iowa Place,33615,FL,cgehrels89@jimdo.com
299,Jenni Pawle,039 Monterey Street,33124,FL,jpawle8a@example.com
300,Trenton Fulk,566 Namekagon Way,63110,MO,tfulk8b@engadget.com
301,Vasili Rambadt,02 Dexter Park,36114,AL,vrambadt8c@ameblo.jp
302,Shelagh Salter,60370 Esker Terrace,36109,AL,ssalter8d@yelp.com
303,Israel Hairesnape,891 Havey Lane,68124,NE,ihairesnape8e@infoseek.co.jp
304,Clarke Seabright,563 Sachtjen Terrace,85383,AZ,cseabright8f@youtu.be
305,Darbie Sallter,14 Chinook Court,07305,NJ,dsallter8g@posterous.com
306,Jolynn Pauly,70700 Vera Way,44130,OH,jpauly8h@infoseek.co.jp
307,Jennee Baleine,16335 Rutledge Circle,60078,IL,jbaleine8i@cyberchimps.com
308,Wang Kochl,2 Farragut Junction,67205,KS,wkochl8j@sohu.com
309,Brewster Shickle,9 Warrior Terrace,48956,MI,bshickle8k@wired.com
310,Aridatha Velez,863 Buhler Parkway,75358,TX,avelez8l@rakuten.co.jp
311,Sherilyn Michin,49 Reinke Terrace,33013,FL,smichin8m@mapy.cz
312,Roobbie Warbey,169 Golf View Way,74126,OK,rwarbey8n@engadget.com
313,Jenine Drayson,4608 Charing Cross Avenue,75246,TX,jdrayson8o@yolasite.com
314,Rancell MacCallister,932 Helena Crossing,55598,MN,rmaccallister8p@earthlink.net
315,Cornelia Samwyse,25 Monterey Plaza,30610,GA,csamwyse8q@sfgate.com
316,Arnuad Bullock,6994 Tony Hill,23228,VA,abullock8r@go.com
317,Konstanze Keningley,4 Truax Street,66205,KS,kkeningley8s@jigsy.com
318,Suzette Castanaga,6 Clemons Drive,06912,CT,scastanaga8t@g.co
319,Marnie Duigenan,1 Dottie Alley,36114,AL,mduigenan8u@oakley.com
320,Lynsey Wilcocke,5 Butternut Avenue,06183,CT,lwilcocke8v@army.mil
321,Farrel Cornish,2035 Portage Junction,73157,OK,fcornish8w@sitemeter.com
322,Phil Vincent,7 Waywood Pass,19093,PA,pvincent8x@foxnews.com
323,Kim Lumly,00806 Hayes Lane,66629,KS,klumly8y@dyndns.org
324,Giselbert Livings,9183 Rusk Place,35254,AL,glivings8z@yandex.ru
325,Pegeen Heyball,80849 4th Point,33310,FL,pheyball90@technorati.com
326,Mora Dunan,69460 Prentice Park,32309,FL,mdunan91@dedecms.com
327,Belle Lyster,8398 Barnett Center,98516,WA,blyster92@google.pl
328,Doria Eliaz,47 Jana Terrace,36104,AL,deliaz93@engadget.com
329,Gannie Martell,76335 Utah Street,63131,MO,gmartell94@devhub.com
330,Bonny Tomasino,267 Maywood Way,79105,TX,btomasino95@mtv.com
331,Trudi Peaden,7166 Forest Dale Lane,62718,IL,tpeaden96@mit.edu
332,Dodi Ponder,7910 Talisman Center,33487,FL,dponder97@wired.com
333,Godard Berecloth,3 Fieldstone Way,80150,CO,gberecloth98@biblegateway.com
334,Whitaker Kenwrick,7942 Lawn Point,06510,CT,wkenwrick99@google.com.au
335,Kay Carlsen,196 Ludington Trail,15220,PA,kcarlsen9a@bloglovin.com
336,Ree Stranieri,7 Kensington Drive,36622,AL,rstranieri9b@wikia.com
337,Coleman Exroll,144 Loeprich Center,37205,TN,cexroll9c@theglobeandmail.com
338,Skell Melrose,771 Cardinal Alley,02283,MA,smelrose9d@123-reg.co.uk
339,Decca Bassham,73211 Algoma Center,27717,NC,dbassham9e@tumblr.com
340,Seka Bolin,0520 Mayer Junction,32919,FL,sbolin9f@dmoz.org
341,Inigo Eggleson,0097 Arkansas Junction,89105,NV,ieggleson9g@yandex.ru
342,Carolynn Goodanew,8 Sunfield Drive,07112,NJ,cgoodanew9h@umn.edu
343,Frederico Duchenne,360 Knutson Way,88589,TX,fduchenne9i@wikia.com
344,Hakim Poulton,2 Iowa Junction,20046,DC,hpoulton9j@xing.com
345,Nappie Novik,7648 Granby Point,62525,IL,nnovik9k@weibo.com
346,Gerhardt Dykas,6439 Logan Road,11407,NY,gdykas9l@shareasale.com
347,Natassia McBoyle,6 Lindbergh Drive,32399,FL,nmcboyle9m@hao123.com
348,Fawn Baldoni,9 Lunder Trail,66112,KS,fbaldoni9n@csmonitor.com
349,Jo ann Bosence,27 Vera Avenue,55905,MN,jann9o@bloglines.com
350,Ruthy Doncaster,3062 Prentice Point,74156,OK,rdoncaster9p@smh.com.au
351,Judy Bischoff,77566 Rusk Plaza,55572,MN,jbischoff9q@fastcompany.com
352,Andi Coveley,9 Hazelcrest Terrace,34745,FL,acoveley9r@vk.com
353,Stavro Stadding,0740 Fisk Pass,78260,TX,sstadding9s@blinklist.com
354,Reba Burnham,287 Talmadge Avenue,50330,IA,rburnham9t@blog.com
355,Eberto Itzig,3 Heath Plaza,06127,CT,eitzig9u@ed.gov
356,Ericka Wegner,6023 Packers Circle,98464,WA,ewegner9v@mayoclinic.com
357,Kenton Thunnercliffe,57944 Dottie Drive,32941,FL,kthunnercliffe9w@ebay.com
358,Bernhard Tewkesberry,9677 Village Green Way,48206,MI,btewkesberry9x@fda.gov
359,Louella Clotworthy,283 Gina Circle,15274,PA,lclotworthy9y@skyrock.com
360,Yurik Stowgill,0 Rieder Hill,55805,MN,ystowgill9z@theglobeandmail.com
361,Ondrea Eldrid,48 Forest Parkway,28242,NC,oeldrida0@ezinearticles.com
362,Evy Sterricks,4792 Paget Crossing,95838,CA,esterricksa1@cbslocal.com
363,Yale Tanzer,7 Evergreen Junction,94712,CA,ytanzera2@gmpg.org
364,Bradford Ossenna,8 Pepper Wood Pass,99220,WA,bossennaa3@ft.com
365,Gaye Licciardo,88 Manufacturers Center,55412,MN,glicciardoa4@opensource.org
366,Bernard Canner,27439 Northport Lane,37914,TN,bcannera5@example.com
367,Aguie Rosson,2 Cascade Trail,46202,IN,arossona6@ft.com
368,Riane Yandell,11797 8th Avenue,80217,CO,ryandella7@dagondesign.com
369,Evered Brittian,765 Forster Alley,43605,OH,ebrittiana8@nydailynews.com
370,Jozef Harwood,007 Darwin Lane,54313,WI,jharwooda9@loc.gov
371,Marlene Burgwyn,14377 Brickson Park Crossing,22903,VA,mburgwynaa@howstuffworks.com
372,Addison Batrop,71655 Elgar Crossing,94257,CA,abatropab@msu.edu
373,Emanuele Petrichat,849 Toban Pass,65898,MO,epetrichatac@jigsy.com
374,Raine Plain,80876 David Road,22908,VA,rplainad@dropbox.com
375,Danny Halpine,6801 Armistice Alley,29505,SC,dhalpineae@digg.com
376,Darlene Kave,36 Sunfield Drive,89110,NV,dkaveaf@shinystat.com
377,Saul Bauckham,28 Hintze Park,19810,DE,sbauckhamag@nba.com
378,Ingar Daville,892 Kedzie Hill,80291,CO,idavilleah@creativecommons.org
379,Ronny Boddice,80 Petterle Lane,32220,FL,rboddiceai@usda.gov
380,Vladimir Conneely,048 Artisan Trail,35254,AL,vconneelyaj@hostgator.com
381,Casar Hasluck,768 Packers Way,15134,PA,chasluckak@pinterest.com
382,Hamish Bride,417 Shopko Alley,96850,HI,hbrideal@guardian.co.uk
383,Lucilia Gorling,7106 Crowley Circle,18105,PA,lgorlingam@webs.com
384,Benjy Evensden,1995 Jana Point,88519,TX,bevensdenan@comsenz.com
385,Thebault Andrag,803 Carberry Junction,27615,NC,tandragao@prlog.org
386,Ford Oake,267 John Wall Court,46896,IN,foakeap@ebay.co.uk
387,Dean Thews,1 Victoria Court,60652,IL,dthewsaq@mysql.com
388,Nomi Josephov,54 David Alley,77305,TX,njosephovar@spotify.com
389,Lianne Rhoades,170 Hintze Road,80328,CO,lrhoadesas@yale.edu
390,Astrix Lygoe,62 Bluejay Pass,19151,PA,alygoeat@mlb.com
391,Nat Scutchings,5845 Ridgeview Pass,11854,NY,nscutchingsau@ca.gov
392,Giselle Mottershaw,7 Mandrake Crossing,25770,WV,gmottershawav@marketwatch.com
393,Dominick Barnard,36360 Dawn Court,30356,GA,dbarnardaw@usa.gov
394,Silvano Lyburn,5174 Morrow Pass,29805,SC,slyburnax@ning.com
395,Yulma Mangham,18 Prairie Rose Junction,56372,MN,ymanghamay@oracle.com
396,Hall Kitter,90 Prairieview Place,85205,AZ,hkitteraz@columbia.edu
397,Hilde Grisewood,585 Dawn Plaza,10024,NY,hgrisewoodb0@pen.io
398,Sabra Miranda,5 Portage Parkway,88553,TX,smirandab1@odnoklassniki.ru
399,Kristy Lettington,8 Tony Trail,98148,WA,klettingtonb2@economist.com
400,Hilton Halfacree,5120 Merchant Plaza,55423,MN,hhalfacreeb3@usgs.gov
401,Rand Slayton,7196 Springs Plaza,45254,OH,rslaytonb4@shinystat.com
402,Chickie Locock,88767 Crest Line Lane,97232,OR,clocockb5@cnbc.com
403,Nikolia Dows,68 Summit Lane,93584,CA,ndowsb6@thetimes.co.uk
404,Kellia Gorke,60 Hoepker Road,16107,PA,kgorkeb7@last.fm
405,Dominik Wolters,2526 Westerfield Court,01114,MA,dwoltersb8@woothemes.com
406,Amara McIlwrick,255 Vera Drive,07544,NJ,amcilwrickb9@indiatimes.com
407,Nicoli Wohlers,228 Dunning Alley,36670,AL,nwohlersba@cloudflare.com
408,Tully Dommerque,0 Scofield Court,96845,HI,tdommerquebb@github.io
409,Renata Tugman,825 Sutherland Lane,35805,AL,rtugmanbc@furl.net
410,Balduin Ferrand,6268 Northland Road,92105,CA,bferrandbd@live.com
411,Cassy Abrashkov,64 Cherokee Crossing,30022,GA,cabrashkovbe@arizona.edu
412,Basia de Broke,5585 Scoville Avenue,61635,IL,bdebf@reuters.com
413,Ashla Hulle,318 Kedzie Circle,85020,AZ,ahullebg@smugmug.com
414,Ferrell Witton,8 Everett Pass,77055,TX,fwittonbh@phpbb.com
415,Isabelita Napleton,2977 Memorial Junction,66642,KS,inapletonbi@phoca.cz
416,Jenny Otridge,0 Carey Place,91199,CA,jotridgebj@discovery.com
417,Dyna Tansly,9 Anhalt Road,75265,TX,dtanslybk@google.com
418,Cherianne Amberg,6718 Mendota Way,95813,CA,cambergbl@taobao.com
419,Early Bickerstaffe,40 Everett Center,83405,ID,ebickerstaffebm@topsy.com
420,Danila Refford,8 Dottie Trail,95354,CA,dreffordbn@hud.gov
421,Ebenezer Riddoch,8 Dorton Parkway,71151,LA,eriddochbo@craigslist.org
422,Biddy Guidini,49 Lotheville Plaza,48211,MI,bguidinibp@comsenz.com
423,Dill Richter,35 Steensland Center,02142,MA,drichterbq@lycos.com
424,Debee Burroughes,18 Acker Road,85053,AZ,dburroughesbr@guardian.co.uk
425,Pearle Duinbleton,442 Stone Corner Alley,61110,IL,pduinbletonbs@1688.com
426,Andromache Lynagh,556 Montana Road,31210,GA,alynaghbt@drupal.org
427,Bellina Roser,2651 Summer Ridge Court,20268,DC,broserbu@cam.ac.uk
428,Sven Kenwin,024 Roxbury Plaza,14609,NY,skenwinbv@tinyurl.com
429,Lou Carnier,28285 Jenna Plaza,98133,WA,lcarnierbw@wikispaces.com
430,Chiquia Elwin,6848 Northview Lane,45238,OH,celwinbx@elegantthemes.com
431,Yul Pettie,67 Thierer Trail,50981,IA,ypettieby@goodreads.com
432,Alvina Sexcey,7 Vera Plaza,20557,DC,asexceybz@mit.edu
433,Cloe Archibould,71 Melrose Avenue,38109,TN,carchibouldc0@networksolutions.com
434,Delmore Arnaut,8 Merry Center,23668,VA,darnautc1@mayoclinic.com
435,Amelina Goose,57 Sherman Road,32808,FL,agoosec2@google.es
436,Giorgi Bunclark,7091 Doe Crossing Crossing,30506,GA,gbunclarkc3@census.gov
437,Kareem Painswick,8 Kensington Center,79452,TX,kpainswickc4@paginegialle.it
438,Theodoric Telega,8 Southridge Alley,22405,VA,ttelegac5@liveinternet.ru
439,Daron Thomson,8722 Caliangt Place,44305,OH,dthomsonc6@diigo.com
440,Jasper Spraggs,15813 Towne Street,59105,MT,jspraggsc7@intel.com
441,Max Jerzak,43215 Portage Court,20784,MD,mjerzakc8@nps.gov
442,Bert Oldknowe,43777 Lillian Road,25313,WV,boldknowec9@freewebs.com
443,Hayden Bosence,0420 Ilene Lane,17126,PA,hbosenceca@latimes.com
444,Lou Grigolon,51 Crowley Junction,46805,IN,lgrigoloncb@buzzfeed.com
445,Clementia Bastin,82769 Eliot Point,32808,FL,cbastincc@ucsd.edu
446,Nataniel Doy,95968 Di Loreto Point,33680,FL,ndoycd@issuu.com
447,Salmon Spiaggia,0628 Bluestem Point,34665,FL,sspiaggiace@tamu.edu
448,Trixi Morsey,5761 Lakewood Gardens Road,40298,KY,tmorseycf@upenn.edu
449,Klara Lissemore,1674 Vernon Point,78470,TX,klissemorecg@trellian.com
450,Mariquilla Glasspoole,07699 Russell Park,38109,TN,mglasspoolech@alibaba.com
451,Marion Kikke,8 Miller Road,10029,NY,mkikkeci@wiley.com
452,Dina Bellini,65 Derek Pass,93778,CA,dbellinicj@addtoany.com
453,Dniren Bernardinelli,681 Crescent Oaks Place,15240,PA,dbernardinellick@geocities.com
454,Denny Franken,96942 Eagan Circle,98127,WA,dfrankencl@shareasale.com
455,Alic Bradly,55 Dayton Road,58122,ND,abradlycm@technorati.com
456,Erasmus Dunckley,0 High Crossing Park,79705,TX,edunckleycn@unesco.org
457,Cedric Denty,75547 Longview Crossing,48956,MI,cdentyco@imageshack.us
458,Colline Hebblewhite,96 Melvin Way,44177,OH,chebblewhitecp@reuters.com
459,Kay Algar,67746 Eastlawn Circle,85053,AZ,kalgarcq@weibo.com
460,Zach Phelps,99 Moland Hill,55564,MN,zphelpscr@pinterest.com
461,Romola Beales,58018 Declaration Center,33742,FL,rbealescs@tamu.edu
462,Brantley Willey,8 Commercial Lane,27157,NC,bwilleyct@accuweather.com
463,Gray McIlenna,647 Village Drive,85010,AZ,gmcilennacu@aol.com
464,Rozalie Bonelle,6 Golden Leaf Hill,76004,TX,rbonellecv@typepad.com
465,Kerianne Mohammed,624 American Ash Pass,66215,KS,kmohammedcw@slideshare.net
466,Cello Haggath,1 Arkansas Hill,33421,FL,chaggathcx@state.gov
467,Nil Emmett,7938 Macpherson Pass,34102,FL,nemmettcy@scientificamerican.com
468,Clyve Vedeniktov,3 Kropf Alley,22217,VA,cvedeniktovcz@163.com
469,Giulietta Jeffs,3 Vidon Alley,73124,OK,gjeffsd0@flickr.com
470,Auberon Caple,703 Oakridge Place,91505,CA,acapled1@xinhuanet.com
471,Cynthea Lapere,079 Daystar Circle,75372,TX,clapered2@netlog.com
472,Kellby Parsell,19 Sage Park,85720,AZ,kparselld3@yelp.com
473,Tadd Gallear,9 Bayside Parkway,29805,SC,tgalleard4@unicef.org
474,Jacinta Ryce,2737 Boyd Pass,75342,TX,jryced5@usnews.com
475,Janella Frigot,28622 Dryden Circle,78245,TX,jfrigotd6@cnn.com
476,Evonne Gibbins,0031 Knutson Pass,85311,AZ,egibbinsd7@nationalgeographic.com
477,Fletcher Frend,81376 Bonner Center,45999,OH,ffrendd8@who.int
478,Wilt Brockway,976 Fordem Center,85077,AZ,wbrockwayd9@archive.org
479,Garrek Denecamp,95 Bartillon Way,47737,IN,gdenecampda@ca.gov
480,Nathaniel Hutable,834 Northport Lane,44130,OH,nhutabledb@tmall.com
481,Etty Jurn,651 Sauthoff Junction,46406,IN,ejurndc@free.fr
482,Tan Lambertson,55855 Trailsway Court,60641,IL,tlambertsondd@list-manage.com
483,Danyelle Westhofer,9 Spenser Crossing,39236,MS,dwesthoferde@skyrock.com
484,Liliane McGill,4005 Sunbrook Junction,80305,CO,lmcgilldf@ted.com
485,Cariotta Longfellow,345 Corscot Junction,21211,MD,clongfellowdg@xrea.com
486,Katusha Norcliff,04852 Westend Plaza,66667,KS,knorcliffdh@google.pl
487,Cyrille Tedstone,075 Ludington Court,79999,TX,ctedstonedi@1und1.de
488,Zebadiah Currom,174 Sullivan Trail,48206,MI,zcurromdj@theatlantic.com
489,Valina Bolens,072 Armistice Way,48232,MI,vbolensdk@dagondesign.com
490,Parker Page,39633 Hauk Crossing,06152,CT,ppagedl@spiegel.de
491,Hermy Glinde,702 Reinke Crossing,92191,CA,hglindedm@lulu.com
492,Adan Morcomb,25 Center Junction,10633,NY,amorcombdn@lycos.com
493,Constantia Hance,85 High Crossing Street,77065,TX,chancedo@1und1.de
494,Elsinore Ferne,54452 6th Pass,28263,NC,efernedp@skype.com
495,Susanne Barlthrop,0 Burning Wood Plaza,20231,DC,sbarlthropdq@ucoz.ru
496,Mathe Bentame,64346 Oriole Terrace,95108,CA,mbentamedr@theglobeandmail.com
497,Dani Ricca,3 Hermina Avenue,30610,GA,driccads@businessweek.com
498,Lynett Merrgen,167 Eastlawn Terrace,74149,OK,lmerrgendt@cnet.com
499,Kira McClintock,81475 Esch Terrace,33620,FL,kmcclintockdu@scientificamerican.com
500,Deni Willsmore,8 4th Center,32859,FL,dwillsmoredv@rediff.com
501,Misty Stanbra,41 Meadow Ridge Parkway,92717,CA,mstanbradw@wufoo.com
502,Euphemia Crudginton,38135 Pierstorff Crossing,77010,TX,ecrudgintondx@tamu.edu
503,Nichole Andraud,554 Charing Cross Court,95865,CA,nandrauddy@miitbeian.gov.cn
504,Edyth Keeton,88279 Nobel Way,97286,OR,ekeetondz@qq.com
505,Urban Juschka,19128 Westerfield Junction,94169,CA,ujuschkae0@boston.com
506,Odille Cathie,8 Esker Junction,48956,MI,ocathiee1@wix.com
507,Kele Abrahams,1163 Butternut Avenue,25305,WV,kabrahamse2@ovh.net
508,Abe Ege,16503 Transport Road,95054,CA,aegee3@independent.co.uk
509,Elisabetta Sheivels,3 Derek Place,53205,WI,esheivelse4@europa.eu
510,Morrie Garling,7 Debra Terrace,85015,AZ,mgarlinge5@who.int
511,Jaye Suddell,41 Fairfield Circle,78721,TX,jsuddelle6@bloglovin.com
512,Garvy Riddick,88700 Welch Road,28247,NC,griddicke7@networkadvertising.org
513,Ashlee Haimes,07 Sunfield Street,29805,SC,ahaimese8@vkontakte.ru
514,Farrand Caunce,2681 Vahlen Point,89155,NV,fcauncee9@mashable.com
515,Maurizia Ewan,1666 Merry Circle,13505,NY,mewanea@youku.com
516,Chad Leebetter,73749 Sheridan Terrace,06854,CT,cleebettereb@cornell.edu
517,Fredrick Beedle,3709 Dakota Street,19196,PA,fbeedleec@tinypic.com
518,Simeon Fontin,6 Banding Plaza,49505,MI,sfontined@blogspot.com
519,Thatch Berrey,96 Fremont Park,22908,VA,tberreyee@liveinternet.ru
520,Graham Mallalieu,6323 Ridge Oak Terrace,89510,NV,gmallalieuef@smugmug.com
521,Brandise Ford,68564 Sommers Avenue,81505,CO,bfordeg@rambler.ru
522,Korella Stapells,007 Swallow Plaza,48258,MI,kstapellseh@tamu.edu
523,Tamera Illiston,5627 Ohio Center,91210,CA,tillistonei@apple.com
524,Eolande Ferguson,4 Melby Circle,30045,GA,efergusonej@chronoengine.com
525,Sinclair Cornau,4447 Bluejay Circle,01654,MA,scornauek@printfriendly.com
526,Ardene Willbond,6761 Sage Court,91913,CA,awillbondel@miibeian.gov.cn
527,Audrey Zanetto,2909 Goodland Lane,98506,WA,azanettoem@house.gov
528,Zared Merida,60872 Beilfuss Point,20268,DC,zmeridaen@nymag.com
529,Patton Daldry,8789 Steensland Center,31217,GA,pdaldryeo@i2i.jp
530,Maryanna Ritmeyer,3203 Ohio Plaza,32859,FL,mritmeyerep@symantec.com
531,Bonita Hitchens,14 2nd Circle,98133,WA,bhitchenseq@meetup.com
532,Faunie MacNockater,46590 Bobwhite Avenue,77346,TX,fmacnockaterer@joomla.org
533,Marice Chaucer,770 Walton Park,38197,TN,mchauceres@yandex.ru
534,Fredi Tremoille,6 Pawling Avenue,77055,TX,ftremoilleet@instagram.com
535,Spenser Tomaskov,71072 Gina Junction,20299,DC,stomaskoveu@ft.com
536,Vi McMonies,3217 Monterey Parkway,20057,DC,vmcmoniesev@unicef.org
537,Stephan Eck,779 Laurel Pass,94142,CA,seckew@xrea.com
538,Silvana Bourbon,39 Pond Court,76134,TX,sbourbonex@creativecommons.org
539,Marcus Gillatt,35232 Rutledge Parkway,55412,MN,mgillattey@g.co
540,Lucas Braunton,628 Browning Drive,98664,WA,lbrauntonez@free.fr
541,Ilka Bravey,51782 Westerfield Road,45208,OH,ibraveyf0@reuters.com
542,Claire Richarz,7407 Paget Junction,80204,CO,cricharzf1@wikia.com
543,Ilario Hendriks,304 Pepper Wood Hill,28242,NC,ihendriksf2@sbwire.com
544,Aguie Peye,4 Eliot Terrace,38126,TN,apeyef3@sun.com
545,Blakelee Ditty,90 Brickson Park Avenue,45264,OH,bdittyf4@oracle.com
546,Cully Keighley,04123 Anniversary Drive,50936,IA,ckeighleyf5@webeden.co.uk
547,Roanna Langran,8 Fremont Hill,30905,GA,rlangranf6@tuttocitta.it
548,Caril Barszczewski,8 Moose Place,34611,FL,cbarszczewskif7@ihg.com
549,Arv Lau,437 Carberry Point,67205,KS,alauf8@qq.com
550,Ilyssa Junkinson,6 Coleman Avenue,46805,IN,ijunkinsonf9@cargocollective.com
551,Brodie Weatherell,9223 Nova Circle,78789,TX,bweatherellfa@state.tx.us
552,Alfi Boat,8 Blackbird Drive,50369,IA,aboatfb@hexun.com
553,Feodor Ludgrove,856 Loftsgordon Point,20546,DC,fludgrovefc@comcast.net
554,Peggy Greenhalgh,15269 Express Point,45296,OH,pgreenhalghfd@upenn.edu
555,Randolf covino,07252 Banding Park,25313,WV,rcovinofe@netlog.com
556,Lavinie McNirlin,43107 Stone Corner Plaza,71115,LA,lmcnirlinff@theguardian.com
557,Cary Cryer,7598 Evergreen Junction,11499,NY,ccryerfg@bloglines.com
558,Georgeanne Charte,425 Bonner Center,70894,LA,gchartefh@cdbaby.com
559,Rogerio Tuminelli,24 Monica Place,28299,NC,rtuminellifi@noaa.gov
560,Margi Parade,4061 Bayside Drive,68179,NE,mparadefj@uol.com.br
561,Raven Hellyar,7 Doe Crossing Pass,99812,AK,rhellyarfk@drupal.org
562,Blinny MacFadyen,87172 Swallow Drive,10131,NY,bmacfadyenfl@macromedia.com
563,Danyelle Poulter,0191 Longview Avenue,33487,FL,dpoulterfm@feedburner.com
564,Judye Fernandez,34 Meadow Valley Trail,33245,FL,jfernandezfn@amazon.co.jp
565,Chicky Ibotson,66575 Northridge Avenue,04109,ME,cibotsonfo@lulu.com
566,Wylie Sheron,9366 Oak Valley Plaza,19805,DE,wsheronfp@comcast.net
567,Clint Davsley,59 Cody Pass,75372,TX,cdavsleyfq@utexas.edu
568,Hermia Wolfindale,8071 Basil Junction,10469,NY,hwolfindalefr@springer.com
569,Noll Commin,361 Sunfield Circle,20310,DC,ncomminfs@is.gd
570,Virgil Macknish,53024 Tomscot Park,92132,CA,vmacknishft@chronoengine.com
571,Herby Petzold,62 Scott Court,75221,TX,hpetzoldfu@vistaprint.com
572,Bronnie Bleazard,181 Marcy Point,60614,IL,bbleazardfv@tuttocitta.it
573,Adam Bullant,721 Fordem Park,48242,MI,abullantfw@github.com
574,Cordell Rubie,48616 Melby Crossing,94230,CA,crubiefx@senate.gov
575,Gussi Skittles,97092 Sugar Point,65105,MO,gskittlesfy@flickr.com
576,Esme Likly,61219 Muir Place,28410,NC,eliklyfz@clickbank.net
577,Nikolai Hendin,1186 Center Point,94280,CA,nhending0@e-recht24.de
578,Teri Borgnol,3 Sugar Point,92196,CA,tborgnolg1@nhs.uk
579,Celestyn Dominichetti,810 High Crossing Alley,94132,CA,cdominichettig2@ft.com
580,Grazia Willimott,193 Sauthoff Court,33336,FL,gwillimottg3@cbc.ca
581,Michaela Twigley,663 Forest Junction,89087,NV,mtwigleyg4@reuters.com
582,Gerhardine Absolon,2 Southridge Terrace,44393,OH,gabsolong5@ustream.tv
583,Twila Zorer,416 Di Loreto Hill,01813,MA,tzorerg6@devhub.com
584,Chlo Somerscales,2 Havey Terrace,66205,KS,csomerscalesg7@vinaora.com
585,Ashley Mahoney,8 Division Drive,79605,TX,amahoneyg8@ft.com
586,Roslyn Hestrop,4081 Bluestem Center,92505,CA,rhestropg9@studiopress.com
587,Nev Rook,50 Hudson Crossing,01605,MA,nrookga@zimbio.com
588,Paulette Clousley,19243 Kings Place,77240,TX,pclousleygb@symantec.com
589,Freddy Guppey,62 Golf Course Road,84189,UT,fguppeygc@msu.edu
590,Aloin Silverstone,19998 Stoughton Street,33686,FL,asilverstonegd@indiegogo.com
591,Rici Blodg,25982 Algoma Trail,02453,MA,rblodgge@usda.gov
592,Cristy Breckwell,3309 Graceland Way,48550,MI,cbreckwellgf@jalbum.net
593,Meir Oager,13371 Toban Circle,66286,KS,moagergg@bizjournals.com
594,Melisse Griffithe,97276 Evergreen Lane,35810,AL,mgriffithegh@photobucket.com
595,Reider Poznanski,83632 Anniversary Court,93762,CA,rpoznanskigi@adobe.com
596,Cobb Skipp,5455 Onsgard Street,96810,HI,cskippgj@fema.gov
597,Calvin Admans,63131 Milwaukee Hill,51105,IA,cadmansgk@comsenz.com
598,Washington Maso,3517 American Ash Avenue,64144,MO,wmasogl@ehow.com
599,Viola Kadd,431 Mayfield Drive,84140,UT,vkaddgm@histats.com
600,Cordell Wilkinson,800 Melby Avenue,97206,OR,cwilkinsongn@hexun.com
601,Thelma Benny,6 Texas Street,93111,CA,tbennygo@ebay.co.uk
602,Lynnell Hanks,7277 Sherman Avenue,77218,TX,lhanksgp@imageshack.us
603,Yance Woolvin,49908 Ludington Trail,62764,IL,ywoolvingq@gravatar.com
604,Alexis Littledike,4 Hollow Ridge Drive,23504,VA,alittledikegr@vistaprint.com
605,Myrtie Scoullar,452 Bayside Avenue,71151,LA,mscoullargs@tamu.edu
606,Carol Petty,047 Dottie Place,99812,AK,cpettygt@cbslocal.com
607,Zackariah Jopke,536 Arrowood Point,27658,NC,zjopkegu@is.gd
608,Boot De Maine,68019 Steensland Court,28410,NC,bdegv@biblegateway.com
609,Nappy Filip,31 Maple Wood Crossing,36205,AL,nfilipgw@wikispaces.com
610,Nerita Cabera,2935 Vera Place,29403,SC,ncaberagx@imdb.com
611,Gregoire Getcliff,3 Little Fleur Terrace,45271,OH,ggetcliffgy@posterous.com
612,Jayson Zorzini,85951 Claremont Street,55412,MN,jzorzinigz@sphinn.com
613,Donal Barling,14 Clyde Gallagher Lane,76134,TX,dbarlingh0@geocities.com
614,Katha Darton,149 Lerdahl Drive,70174,LA,kdartonh1@harvard.edu
615,Bess Moth,2 Waywood Terrace,66617,KS,bmothh2@linkedin.com
616,Katha Cawood,354 Armistice Circle,55423,MN,kcawoodh3@archive.org
617,Egan Hamner,1205 Sommers Center,89120,NV,ehamnerh4@vk.com
618,Jesse Taysbil,89844 Mifflin Junction,95108,CA,jtaysbilh5@dion.ne.jp
619,Cody Leafe,1 Roxbury Drive,40287,KY,cleafeh6@icq.com
620,Abba Aitkenhead,0 Carioca Place,90610,CA,aaitkenheadh7@123-reg.co.uk
621,Maryrose Hamlin,88 Ridgeview Place,22908,VA,mhamlinh8@newyorker.com
622,Ollie Sabie,75 Stoughton Avenue,77005,TX,osabieh9@prlog.org
623,Lesley Creighton,9728 Burrows Place,14619,NY,lcreightonha@gizmodo.com
624,Perla Davis,58632 Morning Parkway,90040,CA,pdavishb@last.fm
625,Mia Coaker,9 Randy Way,77040,TX,mcoakerhc@newsvine.com
626,Damien Gumb,31 Stang Hill,01610,MA,dgumbhd@squarespace.com
627,Clayton Vasyagin,00286 Lien Center,79171,TX,cvasyaginhe@ucla.edu
628,Cobby Vasilkov,91 Schiller Drive,44177,OH,cvasilkovhf@zimbio.com
629,Kissiah Matthias,67375 Londonderry Terrace,20420,DC,kmatthiashg@aol.com
630,Didi Muldowney,38005 Chive Alley,31422,GA,dmuldowneyhh@time.com
631,Fernandina Melmar,1536 Atwood Point,95150,CA,fmelmarhi@usnews.com
632,Gunner Chaffer,53601 Rigney Place,33972,FL,gchafferhj@purevolume.com
633,Emerson Poupard,926 Homewood Terrace,70183,LA,epoupardhk@kickstarter.com
634,Georgeanne Le Marchant,25610 Harbort Circle,33142,FL,glehl@domainmarket.com
635,Winthrop Halgarth,194 Emmet Crossing,46634,IN,whalgarthhm@unc.edu
636,Salmon Hubach,70 Stoughton Crossing,15250,PA,shubachhn@gizmodo.com
637,Janetta Jeynes,856 Evergreen Parkway,94164,CA,jjeynesho@sitemeter.com
638,Benito Lies,928 Marquette Pass,68179,NE,blieshp@gnu.org
639,Norry Clewlowe,49 Bunting Point,55487,MN,nclewlowehq@creativecommons.org
640,Del Rubanenko,73489 Marcy Park,28299,NC,drubanenkohr@psu.edu
641,Zandra Sixsmith,37702 Forster Way,27150,NC,zsixsmithhs@gravatar.com
642,Maiga Tick,2658 Oak Valley Alley,03804,NH,mtickht@multiply.com
643,Welbie Stallion,97518 Lukken Alley,62794,IL,wstallionhu@hexun.com
644,Anstice Sporner,0389 Eastwood Alley,89595,NV,aspornerhv@issuu.com
645,Zorina Kundt,2587 Northview Terrace,19191,PA,zkundthw@msu.edu
646,Diane-marie Werny,66 Village Terrace,48555,MI,dwernyhx@drupal.org
647,Flinn Giabuzzi,10875 Forest Run Center,57110,SD,fgiabuzzihy@amazon.de
648,Prisca Custy,3 Starling Hill,43240,OH,pcustyhz@t-online.de
649,Allene Jarrel,49 Mitchell Trail,78296,TX,ajarreli0@chron.com
650,Pancho Eccott,5 Homewood Circle,78789,TX,peccotti1@sitemeter.com
651,Aldridge Dullaghan,4135 2nd Court,47732,IN,adullaghani2@unesco.org
652,Mallory Kingscote,389 Memorial Point,44305,OH,mkingscotei3@angelfire.com
653,Elianore Kunes,56 Hanson Crossing,15205,PA,ekunesi4@odnoklassniki.ru
654,Debi Yurshev,230 Cherokee Circle,07208,NJ,dyurshevi5@seesaa.net
655,Coleman Standbrooke,9 Burning Wood Street,12205,NY,cstandbrookei6@alibaba.com
656,Ketti Linn,81 Bartillon Court,48604,MI,klinni7@ask.com
657,Rivy Quickenden,30185 Loomis Center,11220,NY,rquickendeni8@columbia.edu
658,Wesley Swidenbank,4967 Graceland Lane,48224,MI,wswidenbanki9@si.edu
659,Yvon Brusby,732 Oriole Circle,43215,OH,ybrusbyia@squidoo.com
660,Stevana Town,0 Lindbergh Circle,60686,IL,stownib@digg.com
661,Archaimbaud Newark,6 Mayer Court,92519,CA,anewarkic@engadget.com
662,Hatty Mein,6101 Judy Plaza,75367,TX,hmeinid@fc2.com
663,Krisha Prettyjohns,79 Crest Line Junction,75216,TX,kprettyjohnsie@digg.com
664,Berny Noad,602 Morning Avenue,85720,AZ,bnoadif@mac.com
665,Emery Nesterov,063 Pawling Court,30380,GA,enesterovig@yahoo.com
666,Amabelle Orrin,84 Shelley Pass,45213,OH,aorrinih@ox.ac.uk
667,Manya Fetherstonhaugh,5 Schmedeman Point,06922,CT,mfetherstonhaughii@yandex.ru
668,Roxine Kupec,15 Moulton Terrace,45296,OH,rkupecij@nationalgeographic.com
669,Gretal Worner,0 Calypso Junction,86305,AZ,gwornerik@wordpress.org
670,Tedman Lashford,85251 Sachs Hill,18018,PA,tlashfordil@nymag.com
671,Shaylyn Soans,2978 Derek Road,02119,MA,ssoansim@umich.edu
672,Steward Skillett,338 Truax Hill,27415,NC,sskillettin@marriott.com
673,Alden Dorken,71140 Nobel Parkway,20310,DC,adorkenio@go.com
674,Magnum Broke,16974 Sycamore Lane,94116,CA,mbrokeip@rakuten.co.jp
675,Frazier Ricardou,29449 Fordem Crossing,31205,GA,fricardouiq@china.com.cn
676,Fidelia Aaronson,398 Mosinee Parkway,32520,FL,faaronsonir@nasa.gov
677,Rudie Steinor,6 Mcguire Point,29610,SC,rsteinoris@wikia.com
678,Jeanine Poll,0185 Onsgard Road,85732,AZ,jpollit@studiopress.com
679,Collie Turneaux,102 Prairie Rose Park,94250,CA,cturneauxiu@accuweather.com
680,Lauree Rablin,8 Carey Parkway,99599,AK,lrabliniv@buzzfeed.com
681,Morgun Hiorn,052 Fair Oaks Trail,90189,CA,mhiorniw@state.gov
682,Cecilla Dwine,11 Killdeer Junction,06912,CT,cdwineix@cmu.edu
683,Ursulina Bees,542 Namekagon Circle,77090,TX,ubeesiy@spiegel.de
684,Janos Tomblett,9893 Shoshone Road,55436,MN,jtomblettiz@themeforest.net
685,Caressa Lewin,7 Clove Circle,31119,GA,clewinj0@ucoz.ru
686,Herminia De Gowe,6920 Russell Center,15240,PA,hdej1@unesco.org
687,Melicent Roswarne,67090 Shasta Hill,34108,FL,mroswarnej2@sfgate.com
688,Patrice London,8751 Myrtle Alley,79165,TX,plondonj3@1688.com
689,Roana Gianulli,182 Crescent Oaks Road,80255,CO,rgianullij4@github.io
690,Correna Imesson,255 Hudson Plaza,20719,MD,cimessonj5@deliciousdays.com
691,Nevins Silverthorne,86740 Hovde Circle,10459,NY,nsilverthornej6@livejournal.com
692,Ephrayim Cellone,908 Steensland Pass,79118,TX,ecellonej7@nytimes.com
693,Osmund Bengtson,45712 Dexter Trail,98042,WA,obengtsonj8@last.fm
694,Tresa Wennam,44398 Hanover Lane,07522,NJ,twennamj9@va.gov
695,Isabella Trattles,7 Kinsman Way,83732,ID,itrattlesja@simplemachines.org
696,Theodor Leggis,8 Hooker Street,98664,WA,tleggisjb@squidoo.com
697,Em Anyon,175 Lien Plaza,30301,GA,eanyonjc@umich.edu
698,Flossy Gartside,918 Alpine Street,32868,FL,fgartsidejd@state.tx.us
699,Caron Christophersen,0 Colorado Center,28220,NC,cchristophersenje@nih.gov
700,Paule Veitch,64328 Dwight Junction,10270,NY,pveitchjf@a8.net
701,Rosa Jacobsohn,477 Pine View Center,70607,LA,rjacobsohnjg@elpais.com
702,Leeanne Feldmus,1 Pearson Road,88569,TX,lfeldmusjh@census.gov
703,Reba Worge,77 Leroy Parkway,85067,AZ,rworgeji@github.io
704,Beatriz Shewsmith,794 Hauk Drive,71105,LA,bshewsmithjj@squarespace.com
705,Ian Drummond,94276 Fisk Hill,55564,MN,idrummondjk@businessinsider.com
706,Adair Kybird,333 Hintze Junction,66160,KS,akybirdjl@europa.eu
707,Sophia Gilvear,31 Northwestern Crossing,45426,OH,sgilvearjm@cafepress.com
708,Giuditta Latchmore,07 1st Road,08104,NJ,glatchmorejn@princeton.edu
709,Marcie Basili,01159 Miller Point,20260,DC,mbasilijo@shareasale.com
710,Othelia Bevens,70839 Gina Road,10275,NY,obevensjp@fc2.com
711,Rance Karlik,423 Warrior Terrace,77223,TX,rkarlikjq@1und1.de
712,Florri Withers,8 Loeprich Center,47725,IN,fwithersjr@pinterest.com
713,Aland Dignam,0 Larry Crossing,33731,FL,adignamjs@bbc.co.uk
714,Sholom Boschmann,6826 Pearson Road,84170,UT,sboschmannjt@unicef.org
715,Dodie Foottit,53 Gina Point,91797,CA,dfoottitju@ow.ly
716,Juan Gaitung,26 New Castle Drive,11210,NY,jgaitungjv@fc2.com
717,Ingamar Shoebotham,70581 Rutledge Junction,65810,MO,ishoebothamjw@redcross.org
718,Karylin Cabrer,1 Waubesa Crossing,14269,NY,kcabrerjx@constantcontact.com
719,Westley Pluck,8 Arizona Park,13505,NY,wpluckjy@patch.com
720,Doy Smitton,56977 Melody Alley,89125,NV,dsmittonjz@so-net.ne.jp
721,Reagan Farrent,92 Lakewood Court,45233,OH,rfarrentk0@nature.com
722,Jose Aisthorpe,256 Crescent Oaks Way,32244,FL,jaisthorpek1@deliciousdays.com
723,Retha Petren,269 Rieder Trail,06505,CT,rpetrenk2@dyndns.org
724,Brina Trench,757 Brentwood Avenue,30096,GA,btrenchk3@multiply.com
725,Raff Furniss,7492 Transport Pass,06606,CT,rfurnissk4@ask.com
726,Carmelia Fairey,55 Holy Cross Terrace,77065,TX,cfaireyk5@imdb.com
727,Wilone Stell,05443 Melody Drive,20892,MD,wstellk6@umn.edu
728,Jilli Gunney,74384 Loftsgordon Plaza,20210,DC,jgunneyk7@cnet.com
729,Grethel Sousa,15 Lukken Center,02114,MA,gsousak8@yahoo.com
730,Karin Foskew,9 Forest Dale Terrace,25321,WV,kfoskewk9@typepad.com
731,Filippo Cicetti,40 Delladonna Street,75287,TX,fcicettika@cbsnews.com
732,Leeland Seleway,6 Bartillon Parkway,47812,IN,lselewaykb@latimes.com
733,Thain Witherow,2384 Bultman Place,75392,TX,twitherowkc@army.mil
734,Beltran Blacklidge,3968 Fieldstone Point,97206,OR,bblacklidgekd@prnewswire.com
735,Kettie Crayk,44 Kenwood Circle,64109,MO,kcraykke@army.mil
736,Junie Dollard,32 Melvin Alley,33315,FL,jdollardkf@hc360.com
737,Drusi McVeagh,113 Fieldstone Junction,68110,NE,dmcveaghkg@unc.edu
738,Philomena Goring,4766 Forest Dale Junction,13217,NY,pgoringkh@360.cn
739,Lorianna McKeurtan,966 Westport Plaza,14652,NY,lmckeurtanki@stumbleupon.com
740,Stanford Fudger,517 Nobel Street,00214,NH,sfudgerkj@discovery.com
741,Vern Byfford,268 Drewry Court,66611,KS,vbyffordkk@purevolume.com
742,Urson Rylett,336 Arizona Place,37245,TN,urylettkl@hugedomains.com
743,Harwell Garard,393 Fordem Court,94177,CA,hgarardkm@nationalgeographic.com
744,Bride Zack,6 Kedzie Junction,88589,TX,bzackkn@mail.ru
745,Hammad Hadingham,9 Farmco Park,33190,FL,hhadinghamko@dmoz.org
746,Karisa Scandwright,03 Forest Run Center,32941,FL,kscandwrightkp@accuweather.com
747,Gal Poyntz,268 Jay Terrace,55188,MN,gpoyntzkq@is.gd
748,Harri Jordan,0 Blaine Court,28815,NC,hjordankr@soup.io
749,Dasi Bolderson,4416 Gale Avenue,96825,HI,dboldersonks@mac.com
750,Edyth Broomhall,10 Mifflin Alley,90015,CA,ebroomhallkt@weebly.com
751,Jeni McIan,53 Warbler Hill,31605,GA,jmcianku@salon.com
752,Ryley Vaux,5387 Namekagon Trail,30311,GA,rvauxkv@npr.org
753,Lottie Southey,705 Carey Trail,89166,NV,lsoutheykw@dyndns.org
754,Esther Dobrowolski,0569 Eagan Parkway,70836,LA,edobrowolskikx@narod.ru
755,Corenda Gwyneth,0 Charing Cross Place,77085,TX,cgwynethky@accuweather.com
756,Dunstan Cordero,9 Leroy Alley,33982,FL,dcorderokz@opensource.org
757,Jens Drowsfield,0834 Debs Trail,49560,MI,jdrowsfieldl0@wufoo.com
758,Cally Ridpath,33451 Gina Alley,79911,TX,cridpathl1@fastcompany.com
759,Sheryl Mattke,0616 1st Parkway,27105,NC,smattkel2@narod.ru
760,Ulrica Kulis,0065 Lakewood Gardens Alley,79984,TX,ukulisl3@blog.com
761,Judas Moultrie,20 Ryan Avenue,13210,NY,jmoultriel4@diigo.com
762,Neila Cottrell,08469 Moland Hill,64179,MO,ncottrelll5@liveinternet.ru
763,Vidovik Arnaldy,7 Londonderry Circle,44760,OH,varnaldyl6@surveymonkey.com
764,Dosi Janton,3 Onsgard Plaza,39705,MS,djantonl7@blogs.com
765,Margeaux Gill,07337 Clove Court,27717,NC,mgilll8@vimeo.com
766,Kennedy Bugg,222 Doe Crossing Avenue,85297,AZ,kbuggl9@google.ca
767,Cicily Sizeland,26 Waxwing Plaza,94177,CA,csizelandla@clickbank.net
768,Rowan Andreazzi,887 Manufacturers Parkway,40576,KY,randreazzilb@github.com
769,Sande MacArd,468 Morning Center,04109,ME,smacardlc@comcast.net
770,Margo Gerger,2542 Fremont Center,32575,FL,mgergerld@dmoz.org
771,Mignon Pynn,1368 Hudson Alley,94064,CA,mpynnle@jimdo.com
772,Domenic MacGaughey,50 Sutteridge Avenue,87505,NM,dmacgaugheylf@jimdo.com
773,Nathaniel Meletti,30 Arkansas Trail,52809,IA,nmelettilg@pagesperso-orange.fr
774,Flora Lemonby,4 Forster Point,40225,KY,flemonbylh@quantcast.com
775,Geri Basset,2 Lillian Street,55127,MN,gbassetli@studiopress.com
776,Deane Verney,27703 Di Loreto Crossing,23514,VA,dverneylj@ted.com
777,Hanson Eddies,72469 Spaight Parkway,57193,SD,heddieslk@kickstarter.com
778,Sharity Heathcote,0 New Castle Hill,95054,CA,sheathcotell@oracle.com
779,Hadleigh Rochford,5 Stephen Trail,22119,VA,hrochfordlm@answers.com
780,Allina Baglan,92260 Stang Street,93740,CA,abaglanln@com.com
781,Maura Boyle,5253 Charing Cross Circle,33320,FL,mboylelo@4shared.com
782,Barth Lyal,5181 Twin Pines Pass,40205,KY,blyallp@techcrunch.com
783,Benedicto Appleby,0 Coolidge Way,97240,OR,bapplebylq@virginia.edu
784,Seumas Edgehill,2013 Melrose Way,77234,TX,sedgehilllr@slashdot.org
785,Nana Fisbburne,2372 Badeau Terrace,20005,DC,nfisbburnels@tripadvisor.com
786,Alfi Domenc,19 Sherman Center,84135,UT,adomenclt@google.co.uk
787,Vonny Rizzello,485 Blue Bill Park Center,61825,IL,vrizzellolu@acquirethisname.com
788,Terrie Amott,7 Esker Parkway,60208,IL,tamottlv@irs.gov
789,Giulio Gilford,78365 6th Pass,19172,PA,ggilfordlw@edublogs.org
790,Fremont Fahy,54 Norway Maple Lane,78732,TX,ffahylx@lycos.com
791,Ashil Montford,4 Kedzie Alley,53790,WI,amontfordly@xing.com
792,Dorothy Heindl,5870 Golden Leaf Center,32123,FL,dheindllz@photobucket.com
793,Annadiane Woofinden,04 Thompson Alley,40266,KY,awoofindenm0@issuu.com
794,Clyve Whapham,01 Portage Place,78470,TX,cwhaphamm1@prlog.org
795,Julietta Shemwell,150 Old Shore Crossing,99599,AK,jshemwellm2@jalbum.net
796,Rouvin Matiebe,4947 Cordelia Lane,28256,NC,rmatiebem3@parallels.com
797,Lorraine Wyard,7 Buhler Street,79699,TX,lwyardm4@ifeng.com
798,Deena Pinks,5 Quincy Hill,85260,AZ,dpinksm5@cisco.com
799,Rosanna Reaper,25957 Riverside Place,47405,IN,rreaperm6@wired.com
800,Yetty Hatrey,4 Daystar Pass,37416,TN,yhatreym7@cam.ac.uk
801,Tabbitha Gridley,4 Manley Drive,17110,PA,tgridleym8@shinystat.com
802,Marylynne Croizier,54 Rusk Avenue,15225,PA,mcroizierm9@comcast.net
803,Mindy Haller,017 Ridgeway Park,12262,NY,mhallerma@aboutads.info
804,Ellyn Yashin,4 Almo Junction,85083,AZ,eyashinmb@ifeng.com
805,Moyna Wassell,0265 Eagle Crest Road,27615,NC,mwassellmc@java.com
806,Abbe Graveson,2 Crescent Oaks Crossing,32526,FL,agravesonmd@jugem.jp
807,Marlena Winterson,58 Garrison Center,45271,OH,mwintersonme@telegraph.co.uk
808,Ring Garrique,00 Ohio Hill,17605,PA,rgarriquemf@state.tx.us
809,Lars Pentecost,7 Crest Line Terrace,70124,LA,lpentecostmg@usa.gov
810,Julina Oty,4453 Mallard Alley,60193,IL,jotymh@networkadvertising.org
811,Tessy Laurisch,52400 Fieldstone Point,37240,TN,tlaurischmi@nationalgeographic.com
812,Barclay Madge,323 Carioca Crossing,99812,AK,bmadgemj@list-manage.com
813,Querida Smithen,2192 Bowman Way,91109,CA,qsmithenmk@google.es
814,Pete Emanuel,043 Ruskin Way,60619,IL,pemanuelml@creativecommons.org
815,Jaynell Stenners,633 Macpherson Lane,14269,NY,jstennersmm@boston.com
816,Dolli Timmens,4 Pankratz Terrace,99790,AK,dtimmensmn@fotki.com
817,Maurie Ameer-Beg,201 Heffernan Road,30392,GA,mameerbegmo@hhs.gov
818,Garwin Moyser,21 Swallow Circle,27415,NC,gmoysermp@tamu.edu
819,Moina Yeliashev,182 Reinke Hill,62705,IL,myeliashevmq@paypal.com
820,Johan Sulland,4 Sage Hill,36195,AL,jsullandmr@nasa.gov
821,Nicolas Blemings,71288 Fairview Crossing,73173,OK,nblemingsms@hhs.gov
822,Loreen Gellately,1446 Emmet Road,32605,FL,lgellatelymt@soundcloud.com
823,Salim Scates,7 Sutteridge Place,40505,KY,sscatesmu@mayoclinic.com
824,Roger Pothergill,430 Melby Pass,35220,AL,rpothergillmv@google.co.uk
825,Daria Joslyn,09803 Sundown Point,98175,WA,djoslynmw@edublogs.org
826,Darcie Linsey,72 Myrtle Trail,45233,OH,dlinseymx@japanpost.jp
827,Aubrette Kennard,9437 Boyd Center,95118,CA,akennardmy@uol.com.br
828,Car Hovey,2546 Onsgard Plaza,10292,NY,choveymz@jimdo.com
829,Noak Bamford,05111 Sunbrook Place,48609,MI,nbamfordn0@jiathis.com
830,Nerta Bartczak,2 Oneill Place,92862,CA,nbartczakn1@stumbleupon.com
831,Evey Rubrow,6 Jana Crossing,37228,TN,erubrown2@nymag.com
832,Monroe Fairlie,304 Debra Pass,06145,CT,mfairlien3@friendfeed.com
833,Amandi Nichol,829 Algoma Junction,34238,FL,anicholn4@businessinsider.com
834,Adina McKeowon,2 Holmberg Hill,77206,TX,amckeowonn5@nytimes.com
835,Kristin Aslott,790 Westend Way,40293,KY,kaslottn6@archive.org
836,Opaline Pyecroft,892 Rutledge Center,24040,VA,opyecroftn7@lycos.com
837,Barry Gisbye,59 Roth Lane,11024,NY,bgisbyen8@51.la
838,Dorris Pearsey,35 Blue Bill Park Junction,98506,WA,dpearseyn9@networksolutions.com
839,Alyce Partkya,92 Kennedy Place,84110,UT,apartkyana@europa.eu
840,Zarla de Quesne,4018 Ridgeview Drive,53779,WI,zdenb@wikia.com
841,Orazio Waldron,9055 Dovetail Hill,85099,AZ,owaldronnc@constantcontact.com
842,Christabella Le Fleming,9189 Swallow Hill,48670,MI,clend@mozilla.com
843,Cam Kettlestringe,2 Buell Way,43210,OH,ckettlestringene@google.co.uk
844,Rosie Dymidowicz,939 Jackson Place,24040,VA,rdymidowicznf@drupal.org
845,Mirilla Fattore,27 Bobwhite Drive,06120,CT,mfattoreng@dailymail.co.uk
846,Farlie Popov,06 Ronald Regan Street,28055,NC,fpopovnh@ebay.co.uk
847,Frasier Sobtka,13317 Becker Way,89145,NV,fsobtkani@upenn.edu
848,Enriqueta Rankine,36 Evergreen Crossing,78215,TX,erankinenj@foxnews.com
849,Tamera Bales,113 Huxley Circle,94913,CA,tbalesnk@miibeian.gov.cn
850,Heather Dufore,0 Summit Way,45470,OH,hduforenl@tuttocitta.it
851,Morena Scalia,7728 Montana Crossing,22036,VA,mscalianm@lycos.com
852,Sig Lound,5365 Northwestern Hill,60681,IL,sloundnn@washington.edu
853,Piotr Lergan,5 Helena Trail,85255,AZ,plerganno@state.tx.us
854,Quillan Colerick,8 Valley Edge Alley,77045,TX,qcolericknp@elpais.com
855,West Wycliffe,982 Dennis Way,95194,CA,wwycliffenq@comsenz.com
856,Lanie Jurgenson,6351 Sommers Way,78470,TX,ljurgensonnr@networkadvertising.org
857,Ag Bootland,8 Derek Drive,66112,KS,abootlandns@jalbum.net
858,Tiebold Padula,86814 Kinsman Way,66642,KS,tpadulant@myspace.com
859,Sawyer Frizzell,67363 Bayside Park,93584,CA,sfrizzellnu@hatena.ne.jp
860,Theresita Stannas,83659 Mayfield Alley,55146,MN,tstannasnv@wisc.edu
861,Ave Bucksey,85073 Mifflin Place,80235,CO,abuckseynw@technorati.com
862,Dacia Bardell,0 Columbus Parkway,39534,MS,dbardellnx@uol.com.br
863,Romeo Yorath,372 Bunker Hill Parkway,40524,KY,ryorathny@blogger.com
864,Slade Tolmie,38 Pierstorff Drive,40515,KY,stolmienz@marketwatch.com
865,Ulrike Speed,71368 Fallview Place,77035,TX,uspeedo0@sphinn.com
866,Bink Wichard,91 Banding Plaza,28220,NC,bwichardo1@blogger.com
867,Chloette Shakle,0 Grim Way,66611,KS,cshakleo2@cdbaby.com
868,Terrie Guiness,303 International Junction,37924,TN,tguinesso3@who.int
869,Reynolds Gehrts,52994 Independence Trail,20078,DC,rgehrtso4@squarespace.com
870,Frannie Fulker,37631 Shopko Court,76305,TX,ffulkero5@amazon.de
871,Doralin Leavens,2711 Artisan Point,25775,WV,dleavenso6@digg.com
872,Enid Kremer,0 Coleman Junction,20525,DC,ekremero7@com.com
873,Coral Camden,27493 Clarendon Place,22119,VA,ccamdeno8@state.tx.us
874,Yank Sutterby,24 Loomis Plaza,10014,NY,ysutterbyo9@storify.com
875,Robbert Broggio,61652 Schlimgen Trail,33336,FL,rbroggiooa@booking.com
876,Corbin Gunn,40 Drewry Street,23272,VA,cgunnob@eventbrite.com
877,Dolf Coggles,58 Village Circle,88553,TX,dcogglesoc@google.com
878,Henrik Skade,72 Mendota Road,44329,OH,hskadeod@devhub.com
879,Happy Beange,8656 Anderson Plaza,08695,NJ,hbeangeoe@latimes.com
880,Drugi Norewood,79 Moland Circle,08619,NJ,dnorewoodof@etsy.com
881,Sigfrid Klimkov,340 Russell Alley,94273,CA,sklimkovog@histats.com
882,Nerte Yurin,134 Oneill Terrace,73152,OK,nyurinoh@goo.gl
883,Jen Dayment,4 Derek Road,32128,FL,jdaymentoi@discovery.com
884,Sascha Normington,40 School Avenue,53263,WI,snormingtonoj@pinterest.com
885,Humbert Benedicto,487 Lighthouse Bay Pass,86305,AZ,hbenedictook@360.cn
886,Chrisy Atwill,0120 Mccormick Park,90810,CA,catwillol@google.com
887,Bernhard Philliphs,884 Hauk Road,75265,TX,bphilliphsom@google.com.hk
888,Delora Pitchford,4972 Dunning Court,85005,AZ,dpitchfordon@shareasale.com
889,Adrian Grandison,4615 Birchwood Pass,83705,ID,agrandisonoo@buzzfeed.com
890,Jobyna Gillaspy,1 Granby Point,33075,FL,jgillaspyop@discovery.com
891,Lorilee Blare,9 Texas Court,41905,KY,lblareoq@51.la
892,Sherm Gennrich,92 Crescent Oaks Circle,30316,GA,sgennrichor@telegraph.co.uk
893,Giles Codd,009 Upham Terrace,43666,OH,gcoddos@dailymotion.com
894,Ardys Grellis,18451 Nova Crossing,75392,TX,agrellisot@youtu.be
895,Kathye Aries,0635 Corben Park,06505,CT,kariesou@people.com.cn
896,Nonie Dobrovolny,89688 Rusk Street,32225,FL,ndobrovolnyov@bloglovin.com
897,Augustine Fontel,15145 Hansons Junction,95133,CA,afontelow@tamu.edu
898,Hugh Pash,29 Bartillon Circle,33805,FL,hpashox@tamu.edu
899,Teodora Creamer,1 Truax Park,30605,GA,tcreameroy@photobucket.com
900,Viole Sodo,8 International Street,23612,VA,vsodooz@behance.net
901,Bayard Shilito,70382 Oak Valley Pass,89550,NV,bshilitop0@blog.com
902,Sallyann Calabry,3 Dixon Crossing,55585,MN,scalabryp1@sourceforge.net
903,Nola Fritter,26300 Southridge Point,60697,IL,nfritterp2@indiatimes.com
904,Derwin Lared,3076 Texas Avenue,35405,AL,dlaredp3@aboutads.info
905,Bald Lethabridge,43 Harbort Street,10090,NY,blethabridgep4@craigslist.org
906,Joey Proby,7 Monument Hill,13505,NY,jprobyp5@cnbc.com
907,Maurine Alleyne,0 Gerald Lane,29615,SC,malleynep6@squarespace.com
908,Dov Dumblton,838 Vera Pass,89140,NV,ddumbltonp7@aboutads.info
909,Cindra Stothard,27 Badeau Road,87121,NM,cstothardp8@howstuffworks.com
910,Cobb Senter,229 Luster Alley,27705,NC,csenterp9@dot.gov
911,Idelle Ciric,95 Fair Oaks Point,07195,NJ,iciricpa@si.edu
912,Lucila Rivlin,022 Orin Circle,48919,MI,lrivlinpb@constantcontact.com
913,Veronica Muggleston,11422 Meadow Vale Parkway,91841,CA,vmugglestonpc@blinklist.com
914,Agathe Hardingham,3 Kensington Pass,79491,TX,ahardinghampd@moonfruit.com
915,Bobby Ashton,0 Schmedeman Circle,97296,OR,bashtonpe@nytimes.com
916,Clarey Jehu,8555 Moland Junction,66622,KS,cjehupf@senate.gov
917,Celestine Nisen,3 Porter Street,22244,VA,cnisenpg@t-online.de
918,Winn Haighton,72 Norway Maple Junction,11499,NY,whaightonph@twitpic.com
919,Enrika Gianelli,88161 Mallard Way,06905,CT,egianellipi@mit.edu
920,Colman Pear,12 Holmberg Point,10060,NY,cpearpj@studiopress.com
921,Leeann Tickle,534 Old Gate Street,87110,NM,lticklepk@alexa.com
922,Leoline Tirrey,825 Monument Park,55480,MN,ltirreypl@webnode.com
923,Gerta Dinnington,0 Lillian Lane,33972,FL,gdinningtonpm@delicious.com
924,Domingo Spaice,1 Green Center,60646,IL,dspaicepn@umich.edu
925,Myrah Karolovsky,5249 Colorado Terrace,10039,NY,mkarolovskypo@topsy.com
926,Portia Giraudat,68991 Gulseth Drive,49544,MI,pgiraudatpp@sciencedirect.com
927,Jephthah Buie,2710 Becker Pass,46805,IN,jbuiepq@chron.com
928,Ronnie Rammell,7238 Norway Maple Plaza,44760,OH,rrammellpr@reddit.com
929,Rodolfo Parks,0 Bayside Plaza,48919,MI,rparksps@hud.gov
930,Katie Thumnel,8 Dunning Way,99220,WA,kthumnelpt@usa.gov
931,Monti Domnick,87 Springview Place,89130,NV,mdomnickpu@wikimedia.org
932,Elmira Swanson,047 Union Circle,44555,OH,eswansonpv@google.nl
933,Dolorita Arondel,66 Debs Trail,33330,FL,darondelpw@bluehost.com
934,Alano Rough,14 Thierer Avenue,80044,CO,aroughpx@google.de
935,Wilmer Benoey,29138 Bashford Center,92170,CA,wbenoeypy@un.org
936,Sukey Ruseworth,80 Sunnyside Lane,34205,FL,sruseworthpz@shutterfly.com
937,Maxy Corpes,1 Emmet Trail,33075,FL,mcorpesq0@yale.edu
938,Baxy Roeby,758 Golf Course Pass,78749,TX,broebyq1@t-online.de
939,Addy Broadfield,6 Crownhardt Plaza,92424,CA,abroadfieldq2@typepad.com
940,Rustin Ireland,9 Elmside Terrace,78470,TX,rirelandq3@wikispaces.com
941,Farleigh Brower,6 Dovetail Court,96820,HI,fbrowerq4@shareasale.com
942,Andriette Philipp,74 Moose Circle,77255,TX,aphilippq5@issuu.com
943,Erhard Briffett,75 Monica Place,83727,ID,ebriffettq6@nih.gov
944,Marchall Stearndale,496 Arapahoe Parkway,92662,CA,mstearndaleq7@domainmarket.com
945,Tristan Diamond,8 Sherman Street,20078,DC,tdiamondq8@diigo.com
946,Chrotoem Van der Baaren,24070 Dayton Circle,06721,CT,cvanq9@so-net.ne.jp
947,Carlynne Hearnah,55 Tony Circle,02912,RI,chearnahqa@fda.gov
948,Mellicent Pescott,28247 West Hill,10004,NY,mpescottqb@rakuten.co.jp
949,Loise Pancost,82 Brentwood Lane,20892,MD,lpancostqc@furl.net
950,Banky Bruckner,0 Eagan Point,29505,SC,bbrucknerqd@hp.com
951,Brooks Wilsee,25907 Sauthoff Way,31416,GA,bwilseeqe@example.com
952,Floyd Dutch,28407 Hoffman Point,13210,NY,fdutchqf@storify.com
953,Brett Redington,6757 Rigney Junction,10120,NY,bredingtonqg@163.com
954,Harriet Probyn,6 Heath Terrace,58207,ND,hprobynqh@wufoo.com
955,Nance Claasen,6 Novick Park,32969,FL,nclaasenqi@pagesperso-orange.fr
956,Averyl Scahill,7 Miller Way,32405,FL,ascahillqj@people.com.cn
957,Linea Jarred,6791 Jay Crossing,30066,GA,ljarredqk@cbsnews.com
958,Sally Sharkey,364 Ludington Avenue,48206,MI,ssharkeyql@diigo.com
959,Rozele Crowdace,09 Rieder Terrace,95818,CA,rcrowdaceqm@nymag.com
960,Ruben Wastall,8498 Fremont Avenue,64125,MO,rwastallqn@simplemachines.org
961,Broderic Whitta,7376 Pennsylvania Place,11205,NY,bwhittaqo@pagesperso-orange.fr
962,Genia Hourstan,9457 Steensland Junction,37210,TN,ghourstanqp@feedburner.com
963,Fae Fontin,49 Autumn Leaf Trail,65218,MO,ffontinqq@biblegateway.com
964,Lesley Bromilow,778 Del Sol Park,80525,CO,lbromilowqr@sbwire.com
965,Guenevere Bouldstridge,162 Waubesa Point,30092,GA,gbouldstridgeqs@tinypic.com
966,Tasia Duplock,966 Division Crossing,29905,SC,tduplockqt@va.gov
967,Dori Cleaves,0361 Esker Road,06912,CT,dcleavesqu@thetimes.co.uk
968,Dalston Tether,08 Cambridge Lane,01610,MA,dtetherqv@youtu.be
969,Sharleen Knibley,4 Charing Cross Way,80940,CO,sknibleyqw@shutterfly.com
970,Jodee Aleksidze,893 Parkside Point,06825,CT,jaleksidzeqx@e-recht24.de
971,Broderick Randal,99061 Morningstar Street,59806,MT,brandalqy@google.ru
972,Lynette Wythe,58699 Twin Pines Parkway,75044,TX,lwytheqz@ed.gov
973,Stefania Goom,568 Ridgeview Court,25709,WV,sgoomr0@adobe.com
974,Perle Goodman,44 Acker Court,94147,CA,pgoodmanr1@free.fr
975,Arlen Grabb,156 Memorial Road,75710,TX,agrabbr2@google.ru
976,Tanhya Ollerenshaw,517 Ohio Drive,31119,GA,tollerenshawr3@rakuten.co.jp
977,Carmencita Cann,09 Schiller Court,23272,VA,ccannr4@elpais.com
978,Blondie Reicherz,98930 Shopko Plaza,10125,NY,breicherzr5@abc.net.au
979,Ely Gamwell,33528 Colorado Place,64082,MO,egamwellr6@slashdot.org
980,Park Jillins,7902 Clemons Park,27610,NC,pjillinsr7@pcworld.com
981,Aldric Cardenas,1213 Shelley Drive,89087,NV,acardenasr8@mit.edu
982,Amelina Dealtry,4396 Warner Pass,33196,FL,adealtryr9@cocolog-nifty.com
983,Albie Skottle,40355 Erie Court,87195,NM,askottlera@barnesandnoble.com
984,Carce Jennens,84 Northridge Circle,84152,UT,cjennensrb@cbc.ca
985,Jacqui Father,14080 Thierer Avenue,02216,MA,jfatherrc@foxnews.com
986,Chase Mebius,608 Texas Circle,75799,TX,cmebiusrd@toplist.cz
987,Blithe Coxall,20234 Longview Terrace,06922,CT,bcoxallre@soup.io
988,Vonni Aherne,913 Fairview Avenue,10034,NY,vahernerf@creativecommons.org
989,Darnall Greenaway,163 Buell Pass,32885,FL,dgreenawayrg@ftc.gov
990,Evvy Simpkiss,5420 Hovde Plaza,76192,TX,esimpkissrh@twitter.com
991,Tymon Jiroutka,16 Roxbury Place,76004,TX,tjiroutkari@slideshare.net
992,Jena Kewley,3 Bowman Parkway,32209,FL,jkewleyrj@psu.edu
993,Arlena Chittleburgh,755 Hoepker Plaza,35805,AL,achittleburghrk@dion.ne.jp
994,Cassandry Echelle,0241 Thackeray Avenue,46634,IN,cechellerl@eepurl.com
995,Lotta Riseley,356 Birchwood Lane,20167,VA,lriseleyrm@uol.com.br
996,Cariotta Garard,781 Talmadge Terrace,77346,TX,cgarardrn@feedburner.com
997,Priscilla Syphus,05828 Sommers Hill,73104,OK,psyphusro@answers.com
998,Eb Hurdis,498 Erie Street,10292,NY,ehurdisrp@usnews.com
999,Noell Brazur,72 Ronald Regan Pass,22184,VA,nbrazurrq@youtube.com
1000,Conny Ponde,22862 Londonderry Street,77505,TX,cponderr@blog.com
