id,name,address,zipcode,state,email
1,Holmes Pardue,7863 Carpenter Plaza,25321,WV,hpardue0@unesco.org
2,Honey Lamplugh,41192 Cody Plaza,18505,PA,hlamplugh1@slashdot.org
3,Cammi Keyzor,0 Quincy Junction,78044,TX,ckeyzor2@sfgate.com
4,Dwain Wadelin,5798 Waubesa Way,63180,MO,dwadelin3@gmpg.org
5,Gerard Pedri,0580 5th Court,05609,VT,gpedri4@ifeng.com
6,Shanon McNelly,8026 Dexter Drive,33169,FL,smcnelly5@discovery.com
7,Paten Szabo,722 Hoard Park,10165,NY,pszabo6@answers.com
8,Fonzie Hounihan,5823 Harper Crossing,40225,KY,fhounihan7@blogtalkradio.com
9,Marshal MacCaughan,712 Fordem Terrace,32230,FL,mmaccaughan8@weather.com
10,Natty Kestian,4599 Arizona Lane,10260,NY,nkestian9@google.nl
11,Joye Muscott,5 Clyde Gallagher Terrace,02298,MA,jmuscotta@wisc.edu
12,Zolly Ind,00476 Delladonna Avenue,94257,CA,zindb@hugedomains.com
13,Jecho Drinkhall,80379 Crescent Oaks Terrace,91186,CA,jdrinkhallc@businessweek.com
14,Elia Mitchenson,49 Anderson Plaza,23237,VA,emitchensond@biglobe.ne.jp
15,Giustina Sotheby,4 Hansons Avenue,30386,GA,gsothebye@google.com
16,Ricki Delacourt,7 Oriole Avenue,43615,OH,rdelacourtf@de.vu
17,Fayina Castanares,73 Killdeer Junction,19120,PA,fcastanaresg@typepad.com
18,Halette Heyworth,2286 Burning Wood Road,95205,CA,hheyworthh@csmonitor.com
19,Kirbee Kenneford,62 Charing Cross Lane,20051,DC,kkennefordi@time.com
20,Mabel Borgnet,5 Mitchell Way,65211,MO,mborgnetj@omniture.com
21,Ted Scarce,7299 Esker Plaza,97286,OR,tscarcek@mapquest.com
22,Alaric Pottie,382 Cascade Lane,64142,MO,apottiel@google.pl
23,Gennifer Prawle,6745 Utah Road,27110,NC,gprawlem@paginegialle.it
24,Stacee Charlo,71 Holmberg Crossing,78405,TX,scharlon@facebook.com
25,Winny Fleetham,35519 Claremont Alley,23459,VA,wfleethamo@examiner.com
26,Kalila Searson,62 Westport Junction,31416,GA,ksearsonp@newsvine.com
27,Staci Saunder,796 High Crossing Trail,55114,MN,ssaunderq@hao123.com
28,Dwain Mingey,4 Rieder Trail,70033,LA,dmingeyr@tiny.cc
29,Felisha Laste,41 Quincy Point,95973,CA,flastes@networksolutions.com
30,Giles Lillecrap,12970 Loomis Place,90840,CA,glillecrapt@fastcompany.com
31,Paolo Huxham,71309 Mayfield Road,70616,LA,phuxhamu@unblog.fr
32,Ray Carrick,0 High Crossing Alley,32204,FL,rcarrickv@bandcamp.com
33,Noelyn Willetts,9 Fieldstone Way,33661,FL,nwillettsw@usda.gov
34,Averell Belsey,09 Walton Crossing,29203,SC,abelseyx@google.com.br
35,Giacopo Laughnan,22842 Springs Avenue,21275,MD,glaughnany@howstuffworks.com
36,Harley Garaway,438 Morningstar Lane,75251,TX,hgarawayz@cocolog-nifty.com
37,Alfy Parham,706 Lakewood Crossing,10004,NY,aparham10@xing.com
38,Karine Paff,1153 Fisk Drive,20099,DC,kpaff11@indiatimes.com
39,Emmy Wenderoth,60181 Randy Drive,81010,CO,ewenderoth12@upenn.edu
40,Jamima Van Leeuwen,7398 Onsgard Plaza,33777,FL,jvan13@tinyurl.com
41,Rriocard Tutchell,6 Luster Alley,59806,MT,rtutchell14@ezinearticles.com
42,Bertha Eyrl,54 Summer Ridge Street,52245,IA,beyrl15@4shared.com
43,Hewett Darrington,36 Talisman Place,71161,LA,hdarrington16@umich.edu
44,Charlena Hedditch,32087 Maywood Hill,95823,CA,chedditch17@bizjournals.com
45,Marnia Simmance,9411 Dorton Place,43220,OH,msimmance18@bloglovin.com
46,Sheppard Dillintone,21 Gale Road,20470,DC,sdillintone19@usa.gov
47,Weidar McShirie,07228 Talmadge Terrace,80910,CO,wmcshirie1a@bing.com
48,Valerie Lode,1442 Arrowood Point,25356,WV,vlode1b@twitter.com
49,Jake Younge,19977 Kensington Place,95833,CA,jyounge1c@meetup.com
50,Gerard Gibling,0 Sheridan Pass,33034,FL,ggibling1d@squidoo.com
51,Ramon Allsep,6 Bonner Circle,90081,CA,rallsep1e@netlog.com
52,Samuele O'Leahy,666 Forest Run Street,40280,KY,soleahy1f@rakuten.co.jp
53,Munmro Fallanche,0368 Daystar Pass,75185,TX,mfallanche1g@booking.com
54,Loralee Townshend,53742 Graedel Crossing,88569,TX,ltownshend1h@alibaba.com
55,Kahaleel Zorzetti,9 Talmadge Avenue,14614,NY,kzorzetti1i@163.com
56,Dione O'Nowlan,9 Mesta Junction,96154,CA,donowlan1j@blogtalkradio.com
57,Yvonne Tessyman,920 Bultman Point,07208,NJ,ytessyman1k@fc2.com
58,Emilia Dulieu,2805 Mesta Hill,27626,NC,edulieu1l@elpais.com
59,Tulley Colleer,8 Delladonna Avenue,95219,CA,tcolleer1m@instagram.com
60,Christyna Poynzer,548 Jackson Way,10454,NY,cpoynzer1n@symantec.com
61,Levy Vowles,4 Merrick Circle,80235,CO,lvowles1o@princeton.edu
62,Don Farr,5338 Claremont Trail,20244,DC,dfarr1p@tinyurl.com
63,Wallace Meekings,3 Moulton Point,87121,NM,wmeekings1q@microsoft.com
64,Cal Bauer,0 Crescent Oaks Trail,25326,WV,cbauer1r@ibm.com
65,Golda O'Henecan,09615 Haas Parkway,32919,FL,gohenecan1s@dell.com
66,Zorana Elldred,9882 Tomscot Parkway,45296,OH,zelldred1t@jimdo.com
67,Belita Checketts,088 Fremont Court,19120,PA,bchecketts1u@nhs.uk
68,Meryl Dowse,68065 Orin Point,47705,IN,mdowse1v@4shared.com
69,Patricio Earlam,9 Lake View Hill,98506,WA,pearlam1w@blinklist.com
70,Adina Muckart,339 Haas Avenue,02104,MA,amuckart1x@nih.gov
71,Saloma Fever,01014 Troy Way,22309,VA,sfever1y@prnewswire.com
72,Arabelle Asple,71 Bultman Hill,48604,MI,aasple1z@europa.eu
73,Bastien Shillinglaw,380 Vidon Pass,31132,GA,bshillinglaw20@mozilla.com
74,Chaunce Greenfield,9955 Killdeer Park,97255,OR,cgreenfield21@dagondesign.com
75,Lurline Tynan,768 Garrison Place,80910,CO,ltynan22@paginegialle.it
76,Damaris Gabites,08 Straubel Park,96840,HI,dgabites23@mashable.com
77,Karl Attrey,6 Michigan Street,85045,AZ,kattrey24@blinklist.com
78,Vonni Stilwell,46611 Mccormick Circle,33336,FL,vstilwell25@usa.gov
79,Audie Iwanowicz,4838 Twin Pines Plaza,55811,MN,aiwanowicz26@livejournal.com
80,Othella Ca,88250 Holy Cross Drive,80995,CO,oca27@army.mil
81,Abran Viste,5 Kings Road,94126,CA,aviste28@biblegateway.com
82,Danell Mackrell,05 Fair Oaks Park,55448,MN,dmackrell29@msu.edu
83,Hillery Baugham,9667 Center Alley,29610,SC,hbaugham2a@disqus.com
84,Olly Clark,9434 Waubesa Place,95113,CA,oclark2b@chronoengine.com
85,Darren McKeurton,5 Muir Plaza,62718,IL,dmckeurton2c@prnewswire.com
86,Aksel Mee,1689 Northland Trail,49560,MI,amee2d@blogs.com
87,Morgan Sentinella,024 Kropf Street,95133,CA,msentinella2e@umn.edu
88,Di Gidman,60053 Texas Lane,44310,OH,dgidman2f@quantcast.com
89,Orbadiah Janic,171 Orin Alley,45999,OH,ojanic2g@unesco.org
90,Dane Roly,4225 Springs Parkway,44760,OH,droly2h@cbslocal.com
91,Nobe Perel,0 Columbus Crossing,21203,MD,nperel2i@squidoo.com
92,Natale Arp,8692 Muir Junction,94089,CA,narp2j@webeden.co.uk
93,Jeramey Emanuel,0598 Dorton Trail,20319,DC,jemanuel2k@tinypic.com
94,Alla Byram,4 Westend Center,52245,IA,abyram2l@t-online.de
95,Kelcy Jansson,80 Manitowish Drive,31405,GA,kjansson2m@amazon.de
96,Sheppard Ilden,6 Fisk Lane,40505,KY,silden2n@squarespace.com
97,Cherida Cawston,59 Bay Street,94302,CA,ccawston2o@cmu.edu
98,Nikita Korfmann,3250 Darwin Court,80270,CO,nkorfmann2p@cnet.com
99,Dorena Cosens,429 Summerview Court,15230,PA,dcosens2q@chicagotribune.com
100,Merrile Rome,5 Maple Plaza,79118,TX,mrome2r@ucla.edu
101,Bernardo Gover,59775 Elgar Park,64125,MO,bgover2s@hp.com
102,Elonore Delacroix,211 Packers Place,20409,DC,edelacroix2t@disqus.com
103,Goddart Boggs,3 Pierstorff Way,33023,FL,gboggs2u@scribd.com
104,Ardenia Mullis,04 Kensington Crossing,10464,NY,amullis2v@virginia.edu
105,Rickie Pashley,0 Troy Avenue,35215,AL,rpashley2w@quantcast.com
106,Elicia Gaspard,4579 Buell Crossing,20918,MD,egaspard2x@cmu.edu
107,Mannie Elham,86441 Sunnyside Alley,74156,OK,melham2y@techcrunch.com
108,Jonas Henworth,6 Sage Lane,77260,TX,jhenworth2z@addthis.com
109,Judith Sunners,555 Miller Point,33686,FL,jsunners30@tripod.com
110,Hulda Kelk,47 Farmco Crossing,45505,OH,hkelk31@irs.gov
111,Dylan Dimitriev,338 Ilene Court,90010,CA,ddimitriev32@posterous.com
112,Sephira Alexander,7 Little Fleur Place,29615,SC,salexander33@myspace.com
113,Kelley Rigmond,282 Dexter Point,62525,IL,krigmond34@symantec.com
114,Julie Asaaf,655 Fuller Hill,66699,KS,jasaaf35@gravatar.com
115,Sigvard Connock,3124 Main Trail,44111,OH,sconnock36@gnu.org
116,Krissy Wisdish,0761 Upham Point,91841,CA,kwisdish37@themeforest.net
117,Vivyanne Wrankling,5397 Truax Crossing,33175,FL,vwrankling38@reuters.com
118,Pearle McClarence,000 Packers Lane,20508,DC,pmcclarence39@odnoklassniki.ru
119,Cleve Cordingly,23 Oak Street,80925,CO,ccordingly3a@yolasite.com
120,Cindy Scarman,80670 Lakewood Park,23663,VA,cscarman3b@omniture.com
121,Jolyn Gye,25783 Northland Hill,63116,MO,jgye3c@auda.org.au
122,Norton Ferenczy,47913 Jenifer Hill,91411,CA,nferenczy3d@cdbaby.com
123,Vernor Gravet,434 Pearson Hill,33325,FL,vgravet3e@pagesperso-orange.fr
124,Sheeree Crandon,04 Morning Court,74126,OK,scrandon3f@webs.com
125,Rriocard Rivalland,3672 Superior Alley,77271,TX,rrivalland3g@usatoday.com
126,Humberto Barter,3871 Loeprich Lane,55564,MN,hbarter3h@marriott.com
127,Mavra D'Alessio,964 Loftsgordon Place,24029,VA,mdalessio3i@dot.gov
128,Pablo Schindler,8 Lyons Junction,33436,FL,pschindler3j@cdc.gov
129,Benton Asling,67756 Holmberg Circle,85020,AZ,basling3k@hp.com
130,Kinny Parlett,669 Onsgard Point,95865,CA,kparlett3l@pinterest.com
131,Bat Inmett,577 Loftsgordon Center,60674,IL,binmett3m@angelfire.com
132,Lurline Easterfield,84835 Sutherland Parkway,73157,OK,leasterfield3n@un.org
133,Syman Podmore,5637 Killdeer Street,99812,AK,spodmore3o@baidu.com
134,Osgood Heddon,105 Moland Hill,78754,TX,oheddon3p@technorati.com
135,Therese Everest,924 Sycamore Way,33467,FL,teverest3q@macromedia.com
136,Zechariah Wynes,45 Troy Junction,78759,TX,zwynes3r@dot.gov
137,Arie Cuerda,30861 Crest Line Street,89706,NV,acuerda3s@springer.com
138,Enrichetta De Leek,42 Lukken Terrace,24040,VA,ede3t@com.com
139,Mellicent Nelsen,5 Myrtle Street,94705,CA,mnelsen3u@wp.com
140,Connor Vallerine,7 Aberg Terrace,24020,VA,cvallerine3v@comsenz.com
141,Jim Bugge,9 Jackson Road,43699,OH,jbugge3w@discovery.com
142,Danella Kalkofer,5911 Duke Alley,90060,CA,dkalkofer3x@miitbeian.gov.cn
143,Corny Fones,3363 Green Ridge Hill,79928,TX,cfones3y@fc2.com
144,Scottie Phipson,6 Tennyson Street,75185,TX,sphipson3z@omniture.com
145,Duffie Wornum,834 Bunting Point,44305,OH,dwornum40@friendfeed.com
146,Fred Parmenter,49 Mesta Drive,34108,FL,fparmenter41@kickstarter.com
147,Cristal Emlyn,84 Moose Court,68179,NE,cemlyn42@nymag.com
148,Frasier McDavitt,659 Esker Parkway,21203,MD,fmcdavitt43@ifeng.com
149,Rossie Clace,4 Spaight Place,87121,NM,rclace44@woothemes.com
150,Skipper Torrisi,21 Caliangt Road,14604,NY,storrisi45@nydailynews.com
151,Pen Blackall,5 Pankratz Road,96835,HI,pblackall46@constantcontact.com
152,Gustavus Dorrity,57 Tennyson Hill,68517,NE,gdorrity47@pbs.org
153,Peggy Balshaw,92469 Vermont Lane,94627,CA,pbalshaw48@cdc.gov
154,Renee Sallows,019 Brentwood Pass,85045,AZ,rsallows49@freewebs.com
155,Rosamund Knoller,88320 Utah Drive,92555,CA,rknoller4a@github.io
156,Eachelle Luttgert,442 Bartelt Junction,30061,GA,eluttgert4b@jiathis.com
157,Gearard Reddell,15647 Forster Hill,46896,IN,greddell4c@ca.gov
158,Skipton Maple,63827 Vidon Alley,33075,FL,smaple4d@hostgator.com
159,Nita Pharoah,51721 Anhalt Avenue,96154,CA,npharoah4e@csmonitor.com
160,Daria Cherry Holme,976 Mccormick Way,98042,WA,dcherry4f@epa.gov
161,Kerrin Karolczyk,812 Golf View Street,20456,DC,kkarolczyk4g@nymag.com
162,Coriss Morcombe,16 Kinsman Drive,80161,CO,cmorcombe4h@latimes.com
163,Melinda Gianuzzi,94 Dexter Hill,92165,CA,mgianuzzi4i@princeton.edu
164,Bess Gavrielly,72 Algoma Drive,30356,GA,bgavrielly4j@soundcloud.com
165,Zoe Kyberd,21333 Canary Point,70124,LA,zkyberd4k@angelfire.com
166,Sigismondo Wynes,3316 International Trail,30392,GA,swynes4l@yellowbook.com
167,Wren Rooze,13386 Loomis Crossing,20057,DC,wrooze4m@myspace.com
168,Pepita Lorrain,4 Hanson Place,59112,MT,plorrain4n@psu.edu
169,Jaynell Palatini,7663 Troy Parkway,02453,MA,jpalatini4o@mlb.com
170,Fleming Rumsey,7 Vernon Lane,68583,NE,frumsey4p@devhub.com
171,Leilah Gudgin,6181 Beilfuss Trail,28289,NC,lgudgin4q@comsenz.com
172,Conny Streather,91 Rowland Terrace,61709,IL,cstreather4r@walmart.com
173,Chelsae Penhalewick,17886 South Street,76544,TX,cpenhalewick4s@dailymail.co.uk
174,Mignon McCart,22 Eggendart Pass,28230,NC,mmccart4t@trellian.com
175,Olva Espinheira,5503 Dapin Plaza,70179,LA,oespinheira4u@ucoz.ru
176,Rowan Melsome,16 Brickson Park Hill,22908,VA,rmelsome4v@creativecommons.org
177,Ellie Padefield,253 Mariners Cove Park,30911,GA,epadefield4w@wired.com
178,Sandra Rozalski,6770 School Court,92619,CA,srozalski4x@wikipedia.org
179,Willamina End,208 Ryan Court,10469,NY,wend4y@alexa.com
180,Huberto Drane,21 Rockefeller Center,60681,IL,hdrane4z@mashable.com
181,Blithe Adcock,78568 West Avenue,55146,MN,badcock50@youtube.com
182,Glenine Neild,3849 Grayhawk Trail,54915,WI,gneild51@photobucket.com
183,Remy Francecione,9845 Memorial Trail,16565,PA,rfrancecione52@theglobeandmail.com
184,Jerald Mulbry,43 Fallview Center,89012,NV,jmulbry53@unicef.org
185,Novelia Castellucci,41585 Northland Street,32244,FL,ncastellucci54@bloglines.com
186,Caren Leeves,78752 Elka Avenue,27705,NC,cleeves55@symantec.com
187,Debera Ferby,4564 Oak Valley Street,25356,WV,dferby56@issuu.com
188,Rici Daw,70 Bellgrove Parkway,33028,FL,rdaw57@google.ru
189,Maddie Charters,0506 Pankratz Avenue,21281,MD,mcharters58@hostgator.com
190,Judah Roughsedge,53739 Declaration Crossing,48604,MI,jroughsedge59@mac.com
191,Ian Soutar,562 Shoshone Place,90071,CA,isoutar5a@omniture.com
192,Taffy Coffey,6 Grasskamp Drive,29220,SC,tcoffey5b@discuz.net
193,Maurene Prestner,39065 Burning Wood Center,94273,CA,mprestner5c@newyorker.com
194,Hannah Sustins,334 Ohio Point,13217,NY,hsustins5d@nih.gov
195,Johnnie Crutchley,86085 Granby Terrace,27157,NC,jcrutchley5e@prnewswire.com
196,Rodina Targett,70 Ramsey Drive,60674,IL,rtargett5f@domainmarket.com
197,Dahlia Curzey,555 Orin Way,45454,OH,dcurzey5g@merriam-webster.com
198,Cyndia Lamps,9817 Montana Terrace,12210,NY,clamps5h@scientificamerican.com
199,Dollie Lammers,95292 Harbort Place,93786,CA,dlammers5i@phoca.cz
200,Udall Heppenspall,00 High Crossing Park,49444,MI,uheppenspall5j@e-recht24.de
201,Dalston Swannell,34 Little Fleur Place,20319,DC,dswannell5k@ifeng.com
202,Hurley Sergent,0600 Ohio Drive,11854,NY,hsergent5l@phpbb.com
203,Cathee Czyz,50 Dorton Park,61640,IL,cczyz5m@storify.com
204,Hatti Dumingo,69 Northview Court,20016,DC,hdumingo5n@lycos.com
205,Kippar Lackey,35685 Hovde Circle,32891,FL,klackey5o@pen.io
206,Jocko Sanday,6568 Melby Plaza,89178,NV,jsanday5p@vk.com
207,Solomon Velden,9584 Porter Plaza,44111,OH,svelden5q@dion.ne.jp
208,Flore Dank,43841 Meadow Valley Plaza,14619,NY,fdank5r@nps.gov
209,Emilio Levet,3442 Debs Alley,30605,GA,elevet5s@vkontakte.ru
210,Duff Liddle,6600 Esker Drive,35215,AL,dliddle5t@comsenz.com
211,Charity Hellicar,3424 Bartillon Road,61605,IL,chellicar5u@mashable.com
212,Alvin Spleving,39152 Fieldstone Court,63196,MO,aspleving5v@fastcompany.com
213,Edythe Magowan,05 Hallows Street,89550,NV,emagowan5w@t.co
214,Eden Rockhill,6295 Schurz Alley,25356,WV,erockhill5x@360.cn
215,Theresina Alten,0508 Pond Terrace,45223,OH,talten5y@xinhuanet.com
216,Geneva Kivits,573 1st Parkway,98008,WA,gkivits5z@alibaba.com
217,Cheri Orneles,8 Blaine Place,78789,TX,corneles60@netvibes.com
218,Gigi Kellie,73297 5th Drive,70505,LA,gkellie61@quantcast.com
219,Andie Swales,386 Florence Place,92153,CA,aswales62@samsung.com
220,Christian Killimister,22982 Dixon Avenue,46814,IN,ckillimister63@wix.com
221,Rollin Weddeburn,86 Barnett Lane,60158,IL,rweddeburn64@apache.org
222,Delaney Porter,56319 La Follette Trail,34605,FL,dporter65@uol.com.br
223,Hube Lorait,825 Golf Course Drive,14205,NY,hlorait66@moonfruit.com
224,Cosetta Birdwhistle,1773 Mcbride Circle,88558,TX,cbirdwhistle67@nifty.com
225,Lisetta Lurcock,2 Lake View Alley,37250,TN,llurcock68@ucoz.ru
226,Pearce Duchateau,7151 Reindahl Pass,64130,MO,pduchateau69@sbwire.com
227,Forrest Farren,60106 Elgar Hill,19886,DE,ffarren6a@de.vu
228,Dannie McCaghan,5 Little Fleur Pass,32610,FL,dmccaghan6b@ask.com
229,Carleton Battisson,7 Hooker Junction,78470,TX,cbattisson6c@hhs.gov
230,Kiley Keedy,7 Burning Wood Street,68105,NE,kkeedy6d@wiley.com
231,Delora Titcumb,83 Commercial Circle,28805,NC,dtitcumb6e@bbb.org
232,Rebecka Allerton,2 Forest Run Place,68531,NE,rallerton6f@vinaora.com
233,Naomi Bloxsome,25979 Badeau Place,76205,TX,nbloxsome6g@hexun.com
234,Elwira St Clair,53 Stoughton Terrace,40745,KY,est6h@washington.edu
235,Ximenez Snozzwell,3 Melody Park,80525,CO,xsnozzwell6i@timesonline.co.uk
236,Raye Edel,1 Dwight Plaza,47732,IN,redel6j@webnode.com
237,Irwinn Lasham,51648 Westerfield Way,33777,FL,ilasham6k@weibo.com
238,Vittoria Padillo,5437 Luster Alley,77806,TX,vpadillo6l@theatlantic.com
239,Brice Leeke,88 Glacier Hill Way,14609,NY,bleeke6m@etsy.com
240,Dwight Bysouth,78 Tony Plaza,47747,IN,dbysouth6n@un.org
241,Sharl Poone,7 Lyons Pass,47732,IN,spoone6o@hostgator.com
242,Vernen Bebbell,5 Sunbrook Circle,65805,MO,vbebbell6p@weather.com
243,Haywood Perren,52 Annamark Crossing,31410,GA,hperren6q@amazon.com
244,Swen Flanaghan,00 Mccormick Circle,36610,AL,sflanaghan6r@ihg.com
245,Andree Whight,700 Monica Alley,95054,CA,awhight6s@cafepress.com
246,Lorine Carik,7122 Hermina Way,10705,NY,lcarik6t@bbb.org
247,Conroy Robertshaw,88 Hollow Ridge Avenue,33233,FL,crobertshaw6u@indiatimes.com
248,Dalton Boullin,2 Mallard Street,95155,CA,dboullin6v@live.com
249,Courtney Petrulis,6539 Del Sol Terrace,93111,CA,cpetrulis6w@bizjournals.com
250,Con Forrest,08 Acker Trail,19058,PA,cforrest6x@bbc.co.uk
251,Ronna Trigg,50 Hudson Center,10280,NY,rtrigg6y@tripod.com
252,Alina Anan,619 Northfield Street,45807,OH,aanan6z@state.tx.us
253,Vachel Gosnell,94830 Pepper Wood Alley,22217,VA,vgosnell70@over-blog.com
254,Cornelle Prawle,8849 2nd Terrace,43215,OH,cprawle71@fda.gov
255,Kalila Soltan,314 Bartillon Drive,00214,NH,ksoltan72@typepad.com
256,Nikola MacGuigan,8 Dakota Plaza,80044,CO,nmacguigan73@ebay.com
257,Terrell Boag,237 Melvin Park,80310,CO,tboag74@google.pl
258,Lida Seden,8 Warner Trail,10175,NY,lseden75@taobao.com
259,Victor Henner,88208 Mifflin Terrace,70160,LA,vhenner76@addtoany.com
260,Dalenna Aiston,8880 School Point,20414,DC,daiston77@e-recht24.de
261,Gabie Sabban,756 Ridgeway Junction,80150,CO,gsabban78@ocn.ne.jp
262,Sibilla Lethbridge,822 Village Green Alley,20010,DC,slethbridge79@amazonaws.com
263,Lorianne Peacher,2 Sherman Crossing,78265,TX,lpeacher7a@answers.com
264,Eula Cake,60 Golden Leaf Lane,92519,CA,ecake7b@vistaprint.com
265,Selie Ridgers,540 Canary Parkway,34210,FL,sridgers7c@amazon.co.uk
266,Polly Woollhead,66609 Swallow Court,70183,LA,pwoollhead7d@mapy.cz
267,Shepherd Habden,773 Sachtjen Lane,23260,VA,shabden7e@artisteer.com
268,Courtenay Kochs,5785 Loeprich Trail,34102,FL,ckochs7f@shareasale.com
269,Nollie Rusbridge,4 Lindbergh Parkway,48217,MI,nrusbridge7g@scientificamerican.com
270,Jamaal Boggers,2 Moland Terrace,30092,GA,jboggers7h@techcrunch.com
271,Christian Scruby,79281 Bayside Point,86305,AZ,cscruby7i@cisco.com
272,Mitchael Sorsbie,5731 Utah Circle,01105,MA,msorsbie7j@bigcartel.com
273,Augy Cumbridge,3428 Ludington Lane,53210,WI,acumbridge7k@blinklist.com
274,Cal Matteau,7 Vernon Street,78235,TX,cmatteau7l@youtube.com
275,Westbrooke Neubigging,84071 Sycamore Terrace,20816,MD,wneubigging7m@answers.com
276,Julienne Pringell,5 Tennessee Place,82007,WY,jpringell7n@elpais.com
277,Merwyn Lyle,90 Monterey Junction,77228,TX,mlyle7o@purevolume.com
278,Ryann De Vaux,62 Vera Circle,64190,MO,rde7p@sogou.com
279,Kimmie Holdall,63591 Superior Court,77206,TX,kholdall7q@yandex.ru
280,Ewan Skeat,22132 Dexter Road,25356,WV,eskeat7r@tiny.cc
281,Darnall Koche,456 Blackbird Lane,94105,CA,dkoche7s@networksolutions.com
282,Thom Brown,7 Mccormick Lane,34108,FL,tbrown7t@seattletimes.com
283,Stillmann Deekes,6137 Forest Court,70183,LA,sdeekes7u@illinois.edu
284,Luciano Thomke,15 Hoard Lane,08603,NJ,lthomke7v@edublogs.org
285,Donovan Minihane,1014 Delladonna Way,60435,IL,dminihane7w@state.gov
286,Bette-ann Coomer,1774 Mandrake Center,99512,AK,bcoomer7x@msn.com
287,Norris Le Leu,92358 Gulseth Court,16565,PA,nle7y@cyberchimps.com
288,Saloma Adolfson,74126 Columbus Avenue,78205,TX,sadolfson7z@wired.com
289,Munmro Redgewell,1 Caliangt Avenue,75342,TX,mredgewell80@dell.com
290,May Ancketill,9510 Nelson Crossing,70142,LA,mancketill81@yellowpages.com
291,Carney Keig,29230 Clyde Gallagher Plaza,36622,AL,ckeig82@issuu.com
292,Lucienne Plumb,821 Maple Wood Terrace,68105,NE,lplumb83@dell.com
293,Pepito Dranfield,93699 Monument Plaza,95064,CA,pdranfield84@ycombinator.com
294,Wain Pickaver,7 North Junction,84130,UT,wpickaver85@mail.ru
295,Rahel Blewett,0 Bunting Road,88519,TX,rblewett86@wikipedia.org
296,Stillman Roberts,6699 Sugar Place,31119,GA,sroberts87@naver.com
297,Roseann Campelli,8882 Kipling Parkway,33972,FL,rcampelli88@storify.com
298,Rosene D'Aubney,56175 West Avenue,58106,ND,rdaubney89@a8.net
299,Pen Brashier,15 Grim Parkway,77206,TX,pbrashier8a@washingtonpost.com
300,Lisa Birkmyre,69 Dovetail Alley,85083,AZ,lbirkmyre8b@tripadvisor.com
301,Julee Tamas,760 Duke Parkway,78285,TX,jtamas8c@wordpress.com
302,Cairistiona Syratt,41049 Anthes Trail,53225,WI,csyratt8d@tuttocitta.it
303,Rhett Bafford,76605 Mayer Hill,44305,OH,rbafford8e@wordpress.com
304,Brendis Jiroudek,907 Lakewood Gardens Lane,44118,OH,bjiroudek8f@etsy.com
305,Matthiew Garratt,7824 Schiller Crossing,94121,CA,mgarratt8g@wunderground.com
306,Denni Westley,15 Tomscot Junction,32909,FL,dwestley8h@blogspot.com
307,Marga Duffie,95079 Larry Park,64054,MO,mduffie8i@mashable.com
308,Diarmid Hanvey,7 Sloan Way,23551,VA,dhanvey8j@ifeng.com
309,Terrance Spowart,3749 Aberg Plaza,28815,NC,tspowart8k@noaa.gov
310,Hercules Bowditch,64394 Mandrake Parkway,96805,HI,hbowditch8l@wikispaces.com
311,Sibyl Southeran,78949 Schurz Junction,83757,ID,ssoutheran8m@gizmodo.com
312,Bevan Taphouse,38 East Junction,99220,WA,btaphouse8n@sfgate.com
313,Bertine Walpole,393 Caliangt Center,66622,KS,bwalpole8o@toplist.cz
314,Kearney Featley,95467 Homewood Drive,94250,CA,kfeatley8p@miitbeian.gov.cn
315,Arly Hassard,8 Kingsford Alley,20883,MD,ahassard8q@smh.com.au
316,Oby McGraw,91 Clemons Alley,63143,MO,omcgraw8r@163.com
317,Kenny Hubback,0416 Sugar Drive,37228,TN,khubback8s@addthis.com
318,Robers Necolds,78 Bashford Way,98158,WA,rnecolds8t@ibm.com
319,Weider Itzak,64 Welch Drive,33245,FL,witzak8u@yelp.com
320,Coriss Omand,32 Manitowish Way,37939,TN,comand8v@toplist.cz
321,Neala Bavridge,81957 Roth Terrace,97229,OR,nbavridge8w@squidoo.com
322,Friedrick Morfey,0354 Armistice Way,24029,VA,fmorfey8x@alibaba.com
323,Cullen Sine,62 Carioca Street,48956,MI,csine8y@ucsd.edu
324,Jacklin Durbann,39 Spaight Hill,23289,VA,jdurbann8z@list-manage.com
325,Jerrie Roots,23 Gulseth Plaza,36641,AL,jroots90@dailymotion.com
326,Zorina Ruppert,2659 Oak Pass,30096,GA,zruppert91@alexa.com
327,Kippy Trigwell,1 Becker Terrace,80270,CO,ktrigwell92@apache.org
328,Parrnell Stickins,925 Melrose Hill,33330,FL,pstickins93@ucla.edu
329,Lorain Hundley,2 Brown Center,33345,FL,lhundley94@ebay.co.uk
330,Cary Farman,5 Stone Corner Center,27615,NC,cfarman95@vkontakte.ru
331,Luther Winspear,336 South Drive,98687,WA,lwinspear96@globo.com
332,Fritz Readwood,71018 Stone Corner Junction,53716,WI,freadwood97@washington.edu
333,Rice Gipson,92616 Charing Cross Hill,46857,IN,rgipson98@surveymonkey.com
334,Arney Tipler,7002 Ridgeway Hill,76121,TX,atipler99@sphinn.com
335,Lexy Aberdeen,137 Esker Lane,64199,MO,laberdeen9a@jugem.jp
336,Flemming Grigor,1 Kinsman Pass,45440,OH,fgrigor9b@cpanel.net
337,Cindie Maryman,86999 Donald Hill,92137,CA,cmaryman9c@unc.edu
338,Sly Morican,58 Rieder Street,65105,MO,smorican9d@surveymonkey.com
339,Sybil Riseborough,5936 Granby Center,46239,IN,sriseborough9e@state.gov
340,Erminia Jimeno,61196 Lindbergh Alley,46247,IN,ejimeno9f@zdnet.com
341,Ethel Littley,7 Sherman Place,19151,PA,elittley9g@icq.com
342,Paige Fitchen,71 Lien Crossing,55402,MN,pfitchen9h@fc2.com
343,Vonnie Scad,9178 Thompson Road,22225,VA,vscad9i@people.com.cn
344,Maybelle Stagg,3558 Mallory Crossing,14215,NY,mstagg9j@yellowpages.com
345,Rip Tineman,22452 North Center,76115,TX,rtineman9k@diigo.com
346,Lexy Greaves,255 Lakewood Lane,19093,PA,lgreaves9l@netscape.com
347,Vlad Skip,2 Victoria Center,23277,VA,vskip9m@tamu.edu
348,Carlo Yushkin,502 Killdeer Way,53205,WI,cyushkin9n@stumbleupon.com
349,Denys Tabord,3 3rd Terrace,49560,MI,dtabord9o@so-net.ne.jp
350,Linoel Salvati,7 Porter Avenue,55115,MN,lsalvati9p@miitbeian.gov.cn
351,Darline Benting,70507 8th Pass,49518,MI,dbenting9q@un.org
352,June Barltrop,691 Killdeer Junction,85255,AZ,jbarltrop9r@google.es
353,Cy McCaughran,5101 Grayhawk Terrace,10454,NY,cmccaughran9s@reverbnation.com
354,Zondra Knagges,9 Gina Street,53705,WI,zknagges9t@imdb.com
355,Lory Dunlap,77 Schurz Way,75379,TX,ldunlap9u@360.cn
356,Auguste Caris,34 Surrey Center,15250,PA,acaris9v@moonfruit.com
357,Zebulen Creany,10270 Aberg Pass,66160,KS,zcreany9w@vinaora.com
358,Jourdan Cockaday,8439 Saint Paul Road,75241,TX,jcockaday9x@github.io
359,Bertha Dooley,88 Butternut Trail,12210,NY,bdooley9y@walmart.com
360,Patti Medcalf,28222 Dennis Street,98127,WA,pmedcalf9z@wiley.com
361,Rica Swift,00288 Ryan Avenue,78789,TX,rswifta0@fda.gov
362,Jinny Kosiada,51 Anzinger Hill,27635,NC,jkosiadaa1@elegantthemes.com
363,Otto Mugg,55 Daystar Terrace,78245,TX,omugga2@paginegialle.it
364,Ash Skayman,6 Messerschmidt Street,94126,CA,askaymana3@seattletimes.com
365,Meggy Wille,751 5th Junction,33694,FL,mwillea4@g.co
366,Kaiser Gunter,95 Glacier Hill Circle,10090,NY,kguntera5@1688.com
367,Casar More,3665 Di Loreto Park,59112,MT,cmorea6@hhs.gov
368,Alverta Sowten,56262 Becker Park,80925,CO,asowtena7@scientificamerican.com
369,Jolynn Clouston,5926 Oak Trail,19146,PA,jcloustona8@youtu.be
370,Renaud Stapforth,138 Lunder Avenue,64160,MO,rstapfortha9@oakley.com
371,Johann Walrond,1 Blue Bill Park Trail,77206,TX,jwalrondaa@macromedia.com
372,Mack Loghan,88414 Anthes Way,21216,MD,mloghanab@illinois.edu
373,Katalin Bisco,25 Northview Park,99260,WA,kbiscoac@who.int
374,Lin O'Gready,8298 Carberry Court,38104,TN,logreadyad@marketwatch.com
375,Masha Clother,70 Tony Drive,75310,TX,mclotherae@amazon.co.jp
376,Idelle Bathurst,52924 Moulton Junction,81015,CO,ibathurstaf@privacy.gov.au
377,Elset Coston,827 Shoshone Court,40298,KY,ecostonag@yandex.ru
378,Sheeree Whithalgh,92 Rieder Trail,19714,DE,swhithalghah@zdnet.com
379,Birdie Brattan,131 Bayside Road,18105,PA,bbrattanai@livejournal.com
380,Marge Matthewes,9756 Mcguire Place,60697,IL,mmatthewesaj@ow.ly
381,Glen Marriot,9179 Messerschmidt Pass,31136,GA,gmarriotak@fc2.com
382,Zachery Stocken,8 John Wall Trail,53790,WI,zstockenal@nifty.com
383,Ajay Revely,24851 Morrow Street,68531,NE,arevelyam@facebook.com
384,Findley McKyrrelly,4 Talisman Drive,78470,TX,fmckyrrellyan@digg.com
385,Haley Cattini,100 Arkansas Court,27635,NC,hcattiniao@ibm.com
386,Andie Billett,803 Warbler Parkway,95155,CA,abillettap@mayoclinic.com
387,Karon Slobom,77 Melody Pass,43635,OH,kslobomaq@cargocollective.com
388,Maure Verillo,809 Forest Lane,27717,NC,mverilloar@paypal.com
389,Adolphe Fayer,30500 Schmedeman Pass,19125,PA,afayeras@marriott.com
390,Giovanni Reedman,04678 Eastwood Trail,97286,OR,greedmanat@tinyurl.com
391,Nils Raatz,6 Meadow Vale Crossing,77085,TX,nraatzau@imdb.com
392,Judy Turmell,0 Veith Way,99517,AK,jturmellav@themeforest.net
393,Janka Dendon,00 Golf Course Crossing,11436,NY,jdendonaw@exblog.jp
394,Ozzie Puig,148 Kensington Junction,44185,OH,opuigax@sun.com
395,Brigid Pencott,853 Rusk Plaza,44197,OH,bpencottay@unblog.fr
396,Herminia Sandon,8131 Donald Pass,45254,OH,hsandonaz@opera.com
397,Walliw Jessopp,5 East Alley,89160,NV,wjessoppb0@china.com.cn
398,Mabelle Quinnet,08 Mandrake Hill,30092,GA,mquinnetb1@eventbrite.com
399,Winifield Pawlata,47 Prairieview Drive,20816,MD,wpawlatab2@diigo.com
400,Lorenzo Wasiel,386 American Ash Way,20260,DC,lwasielb3@furl.net
401,Fonsie Northfield,1921 South Street,39296,MS,fnorthfieldb4@umich.edu
402,Cynthia Dimanche,92 Delaware Park,15210,PA,cdimancheb5@wiley.com
403,Kahlil Lowton,203 Westerfield Drive,64153,MO,klowtonb6@theatlantic.com
404,Atalanta Mableson,18576 Melody Terrace,12237,NY,amablesonb7@senate.gov
405,Clary Quadrio,6 Delaware Point,20784,MD,cquadriob8@google.de
406,Herb Andino,970 Mallard Road,27409,NC,handinob9@usda.gov
407,Lawry Ollin,78004 East Terrace,32259,FL,lollinba@webs.com
408,Lyndsay Comberbeach,1859 Oneill Place,20580,DC,lcomberbeachbb@columbia.edu
409,Evered Durnall,567 Spaight Alley,25711,WV,edurnallbc@ed.gov
410,Monika Veale,38838 Caliangt Plaza,78265,TX,mvealebd@va.gov
411,Alberto Seedull,6 Thackeray Place,37995,TN,aseedullbe@reuters.com
412,Flss Carass,5976 Cambridge Drive,33180,FL,fcarassbf@quantcast.com
413,Leah Brasted,9 North Plaza,80204,CO,lbrastedbg@topsy.com
414,Clarita Bartak,00035 Troy Parkway,22036,VA,cbartakbh@newsvine.com
415,Earle Baudinelli,92131 Laurel Road,80204,CO,ebaudinellibi@nps.gov
416,Ingar Yukhin,1686 Chinook Street,32220,FL,iyukhinbj@macromedia.com
417,Consolata Baszniak,16804 New Castle Avenue,18514,PA,cbaszniakbk@issuu.com
418,Raimund Cannan,4247 4th Terrace,37405,TN,rcannanbl@smugmug.com
419,Cyndy Hammersley,852 Kipling Circle,71115,LA,chammersleybm@tiny.cc
420,Nike Ondrus,3 Crowley Hill,79415,TX,nondrusbn@creativecommons.org
421,Judy Loadman,773 Graedel Park,23213,VA,jloadmanbo@w3.org
422,Corby Awdry,837 Menomonie Parkway,47747,IN,cawdrybp@artisteer.com
423,Val Carlucci,78 Namekagon Hill,97221,OR,vcarluccibq@nhs.uk
424,Roxanna Lum,3048 Transport Court,06105,CT,rlumbr@nature.com
425,Harri Neachell,78 Harper Point,78682,TX,hneachellbs@instagram.com
426,Tallulah Ussher,6 Dawn Parkway,90101,CA,tussherbt@loc.gov
427,Clarice Everix,81 Warrior Junction,81010,CO,ceverixbu@newsvine.com
428,Grissel Brimming,0 Waxwing Court,77493,TX,gbrimmingbv@delicious.com
429,Lauren Dahle,07 Anderson Terrace,10004,NY,ldahlebw@goo.ne.jp
430,Kissiah Raoul,1 Meadow Valley Road,68164,NE,kraoulbx@mashable.com
431,Devin Bittany,54878 Mcguire Pass,55551,MN,dbittanyby@yolasite.com
432,Jehu Legg,2263 Norway Maple Park,80328,CO,jleggbz@phoca.cz
433,Helge Buckel,1327 Green Ridge Court,50315,IA,hbuckelc0@gravatar.com
434,Cheslie Anton,0 Westport Street,92668,CA,cantonc1@spotify.com
435,Fred Dunton,9899 Lake View Hill,80223,CO,fduntonc2@cbc.ca
436,Jolyn Whittlesee,002 Green Ridge Street,06673,CT,jwhittleseec3@indiegogo.com
437,Judon Really,4 Meadow Valley Place,89120,NV,jreallyc4@cmu.edu
438,Waylan Medina,3 Mesta Terrace,23242,VA,wmedinac5@washington.edu
439,Preston Leyshon,89 Continental Pass,17605,PA,pleyshonc6@vinaora.com
440,Ellie Newsome,820 Thackeray Place,33610,FL,enewsomec7@miibeian.gov.cn
441,Marjorie Paulet,585 Hoard Park,78255,TX,mpauletc8@census.gov
442,Luisa Tomlins,6612 Hallows Avenue,10705,NY,ltomlinsc9@pbs.org
443,Gustave Franceschielli,11862 Crest Line Court,85720,AZ,gfranceschiellica@bizjournals.com
444,Sayer Dommerque,9 Oak Lane,98127,WA,sdommerquecb@unesco.org
445,Minta Castelluzzi,46606 Bellgrove Drive,88546,TX,mcastelluzzicc@godaddy.com
446,Shandee Hassan,0 Kingsford Junction,93726,CA,shassancd@wiley.com
447,Duke Birckmann,81736 Farragut Road,30375,GA,dbirckmannce@mashable.com
448,Alasteir Ramirez,131 Montana Alley,55108,MN,aramirezcf@t-online.de
449,Cinderella Nund,08 Steensland Circle,12325,NY,cnundcg@moonfruit.com
450,Alain Grishanov,1558 Meadow Valley Pass,83405,ID,agrishanovch@163.com
451,Jessee Glanert,21950 Montana Trail,75287,TX,jglanertci@163.com
452,Robbie Leyzell,470 Russell Pass,77305,TX,rleyzellcj@comsenz.com
453,Marietta Sallan,777 Independence Drive,23454,VA,msallanck@who.int
454,Wilmer Blaymires,1 Farmco Hill,80951,CO,wblaymirescl@icq.com
455,Cherey Darbey,4 Express Way,38308,TN,cdarbeycm@so-net.ne.jp
456,Charmane Jager,8 Heffernan Pass,39204,MS,cjagercn@elpais.com
457,Miguelita Fechnie,15 Sunfield Terrace,40596,KY,mfechnieco@china.com.cn
458,Zitella Castaignet,7 Delladonna Drive,27150,NC,zcastaignetcp@uol.com.br
459,Gareth Patty,67 Veith Pass,31119,GA,gpattycq@prlog.org
460,Amberly Connechie,1244 Roxbury Place,10454,NY,aconnechiecr@bloomberg.com
461,Bald Happer,2 Atwood Road,21405,MD,bhappercs@geocities.jp
462,Nyssa Arnaldy,86945 Grayhawk Terrace,79105,TX,narnaldyct@blog.com
463,Brinna Dei,109 Kedzie Street,19725,DE,bdeicu@livejournal.com
464,Petr Thomtson,71 Rutledge Circle,45218,OH,pthomtsoncv@google.cn
465,Stacy Houlston,8 International Crossing,10110,NY,shoulstoncw@sakura.ne.jp
466,Benjie Rehme,9772 Haas Plaza,81015,CO,brehmecx@hao123.com
467,Ansel Nolin,6 Trailsway Crossing,74103,OK,anolincy@reuters.com
468,Cary Firmage,872 Lunder Road,40515,KY,cfirmagecz@eventbrite.com
469,Savina Waller,18 Troy Street,55579,MN,swallerd0@earthlink.net
470,Cahra Dorking,291 Burrows Plaza,20260,DC,cdorkingd1@diigo.com
471,Dan Giriardelli,312 Grasskamp Drive,33405,FL,dgiriardellid2@irs.gov
472,Karlie Epperson,4517 Everett Center,28289,NC,keppersond3@deviantart.com
473,Kaylee Clemendet,20 3rd Parkway,31106,GA,kclemendetd4@shinystat.com
474,Abelard Coonan,24173 Center Center,15220,PA,acoonand5@chicagotribune.com
475,Marie-ann Painswick,91965 Mallory Drive,02458,MA,mpainswickd6@sina.com.cn
476,Gussie Lambrick,30979 Portage Place,74116,OK,glambrickd7@networksolutions.com
477,Lorant Keneford,33 Talmadge Crossing,91205,CA,lkenefordd8@ucoz.ru
478,Charisse Jobey,891 Bartillon Circle,78278,TX,cjobeyd9@1und1.de
479,Noell Roslen,76 Forest Run Way,35205,AL,nroslenda@ask.com
480,Brook Joynes,021 Dunning Parkway,79950,TX,bjoynesdb@nationalgeographic.com
481,Alameda Gilphillan,78 Banding Avenue,44485,OH,agilphillandc@irs.gov
482,Matthew Simpkin,91604 Manitowish Court,99215,WA,msimpkindd@gov.uk
483,Drucy Hindshaw,9 Anzinger Lane,85040,AZ,dhindshawde@sohu.com
484,Bobbie Baudi,7435 Arizona Point,40586,KY,bbaudidf@discuz.net
485,Joanne Gammel,7387 Pennsylvania Junction,81015,CO,jgammeldg@ebay.com
486,Angelina Pollen,5 Thierer Junction,78245,TX,apollendh@patch.com
487,Madelon Merchant,3202 Homewood Terrace,06127,CT,mmerchantdi@goodreads.com
488,Annalise Le Quesne,73 Dorton Crossing,48206,MI,aledj@walmart.com
489,Isabeau Chander,664 Marquette Road,20436,DC,ichanderdk@technorati.com
490,Caryn Goodchild,457 Homewood Point,94257,CA,cgoodchilddl@yelp.com
491,Cletus Grierson,3 Hagan Road,23454,VA,cgriersondm@goo.gl
492,Gav Boissieux,32116 Gulseth Point,50347,IA,gboissieuxdn@macromedia.com
493,Krystalle Antecki,47981 Springs Road,38181,TN,kanteckido@com.com
494,Jada Haldane,0 Messerschmidt Trail,92862,CA,jhaldanedp@scribd.com
495,Leonore Davison,2 Moulton Avenue,80243,CO,ldavisondq@businesswire.com
496,Geoffrey Wordley,7271 Lukken Court,38119,TN,gwordleydr@networkadvertising.org
497,Creigh Abbey,3 Darwin Alley,78737,TX,cabbeyds@networksolutions.com
498,Travis Riddles,54 Meadow Ridge Court,55470,MN,triddlesdt@1und1.de
499,Blair Gallienne,3 Arrowood Terrace,24034,VA,bgalliennedu@aboutads.info
500,Robin Kunat,6002 Kings Pass,75265,TX,rkunatdv@hibu.com
501,Ricoriki Bamling,858 Meadow Vale Crossing,19146,PA,rbamlingdw@thetimes.co.uk
502,Zollie Treece,9116 Gulseth Circle,62205,IL,ztreecedx@shutterfly.com
503,Zebulen Gedney,401 Shoshone Plaza,30610,GA,zgedneydy@moonfruit.com
504,Giavani Cancutt,004 Declaration Alley,79159,TX,gcancuttdz@soup.io
505,Gustave Hourstan,4 Anderson Road,60669,IL,ghourstane0@aboutads.info
506,Aida McIlwrick,19 Hoepker Center,33742,FL,amcilwricke1@biblegateway.com
507,Cicely Proffer,03241 Dayton Circle,44760,OH,cproffere2@vimeo.com
508,Phaidra Philip,3 Reinke Junction,68517,NE,pphilipe3@xinhuanet.com
509,Aurelea Skiplorne,236 Granby Street,22903,VA,askiplornee4@salon.com
510,Teri Blanning,49655 Fairfield Pass,11236,NY,tblanninge5@pagesperso-orange.fr
511,Douglass Glendinning,70 Delaware Road,84110,UT,dglendinninge6@yale.edu
512,Lenette Lawrance,82 Golf Crossing,60652,IL,llawrancee7@redcross.org
513,Hendrik Angliss,46 Beilfuss Trail,23237,VA,hanglisse8@dot.gov
514,Hanna Rentoll,79739 Lighthouse Bay Park,33694,FL,hrentolle9@pcworld.com
515,Selene Newcom,4400 Hanson Junction,60351,IL,snewcomea@cnbc.com
516,Fitzgerald Farny,6 Bobwhite Drive,10019,NY,ffarnyeb@bandcamp.com
517,Eduard Jeffers,13 Sunnyside Avenue,44191,OH,ejeffersec@hp.com
518,Alexia Gimber,2466 Mesta Drive,37919,TN,agimbered@si.edu
519,Phylis Dello,74 Carpenter Place,47732,IN,pdelloee@auda.org.au
520,Ikey Beddoes,65791 Butternut Terrace,91606,CA,ibeddoesef@plala.or.jp
521,Anatol Corbally,70 Marcy Crossing,90055,CA,acorballyeg@gmpg.org
522,Breena Vinden,6700 Pawling Avenue,14604,NY,bvindeneh@goo.gl
523,Rourke Wytchard,82258 Loeprich Drive,53277,WI,rwytchardei@home.pl
524,Felecia Readmire,7427 Independence Junction,98115,WA,freadmireej@ovh.net
525,Barclay Cliss,0 Bluejay Center,67205,KS,bclissek@illinois.edu
526,Janek Melladew,213 Hoepker Avenue,20503,DC,jmelladewel@is.gd
527,Putnam Ogelbe,0353 Mockingbird Way,68105,NE,pogelbeem@pinterest.com
528,Creight Curley,333 Twin Pines Point,84130,UT,ccurleyen@usatoday.com
529,Johnnie Pettecrew,25339 Hauk Trail,97229,OR,jpettecreweo@yandex.ru
530,Isabeau Yannoni,338 Maple Wood Lane,37215,TN,iyannoniep@who.int
531,Aubert Baugham,32490 Hazelcrest Lane,89595,NV,abaughameq@nytimes.com
532,Stormie Nijssen,720 Bellgrove Trail,80217,CO,snijssener@unicef.org
533,Morgan Conrad,5 Transport Alley,15220,PA,mconrades@engadget.com
534,Wheeler Puckett,14820 Claremont Plaza,48670,MI,wpuckettet@icio.us
535,Jude Petrello,97586 Oriole Point,77020,TX,jpetrelloeu@gravatar.com
536,Riley Bottomore,653 4th Lane,92555,CA,rbottomoreev@sphinn.com
537,Audrey Wildash,33 Goodland Crossing,94207,CA,awildashew@mtv.com
538,Jany Kincaid,11 Moose Park,95054,CA,jkincaidex@thetimes.co.uk
539,Josi Tebbs,65351 Division Place,02162,MA,jtebbsey@miitbeian.gov.cn
540,Mallorie Babon,03 Pleasure Avenue,65105,MO,mbabonez@google.com
541,Shayne Brewin,08633 Scofield Parkway,14215,NY,sbrewinf0@google.pl
542,Robert Jervis,0 Ronald Regan Lane,11231,NY,rjervisf1@pen.io
543,L;urette Gaitskell,3892 Mayer Circle,80249,CO,lgaitskellf2@admin.ch
544,Allyn Cicchillo,9 Springs Trail,14276,NY,acicchillof3@marketwatch.com
545,Erl Gaddas,86 Gina Parkway,44555,OH,egaddasf4@oaic.gov.au
546,Anstice Stainton - Skinn,1350 American Center,68531,NE,astaintonf5@amazon.com
547,Carr MacBey,92157 Spohn Court,27605,NC,cmacbeyf6@mtv.com
548,Jerry Martynov,60 Dorton Center,62723,IL,jmartynovf7@prweb.com
549,Carolan Ullyatt,419 Scofield Court,60663,IL,cullyattf8@virginia.edu
550,Lark Felstead,3275 Debs Hill,66642,KS,lfelsteadf9@gnu.org
551,Rowe Dymick,95 Duke Hill,72222,AR,rdymickfa@blogs.com
552,Pablo Cud,4 Vidon Hill,27264,NC,pcudfb@desdev.cn
553,Karel Pynner,6289 Hansons Avenue,33305,FL,kpynnerfc@xinhuanet.com
554,Hermina De Carolis,2630 Oak Street,18763,PA,hdefd@nasa.gov
555,Amory Gration,125 Autumn Leaf Center,32405,FL,agrationfe@utexas.edu
556,Amelina Newnham,7 Tomscot Way,38131,TN,anewnhamff@huffingtonpost.com
557,Coletta Ashley,60856 Westridge Way,58505,ND,cashleyfg@indiegogo.com
558,Deloria Geal,22 Lukken Avenue,10705,NY,dgealfh@comsenz.com
559,Andriana Brandacci,59 Ruskin Terrace,30066,GA,abrandaccifi@dropbox.com
560,Beltran Solano,04804 Towne Point,55470,MN,bsolanofj@hhs.gov
561,Bobette Banfill,56 School Place,19495,PA,bbanfillfk@delicious.com
562,Neale Josilevich,0292 Namekagon Avenue,90405,CA,njosilevichfl@moonfruit.com
563,Elli Levecque,76105 Express Terrace,75799,TX,elevecquefm@ft.com
564,Hedda Coultas,61 Cherokee Circle,77218,TX,hcoultasfn@networksolutions.com
565,Rivi Pringour,42 Dennis Avenue,06606,CT,rpringourfo@eepurl.com
566,Roxie Spurrior,43 Arapahoe Center,28815,NC,rspurriorfp@amazon.co.jp
567,Sibley Goodhay,10 Alpine Court,20851,MD,sgoodhayfq@yale.edu
568,Kennan Rable,523 Daystar Parkway,34474,FL,krablefr@last.fm
569,Tonya Rupp,68445 Hooker Junction,46231,IN,truppfs@arstechnica.com
570,Chip Colleer,1 Lunder Road,75231,TX,ccolleerft@yellowbook.com
571,Haley Jonas,49898 Schmedeman Way,87180,NM,hjonasfu@bigcartel.com
572,Kennett Paulino,5148 Esch Road,22903,VA,kpaulinofv@google.com
573,Elisabeth Guillot,6988 Golf View Trail,38308,TN,eguillotfw@bing.com
574,Zola Graddon,86598 Sullivan Court,92812,CA,zgraddonfx@shinystat.com
575,Dolli Esposito,96 Trailsway Circle,93150,CA,despositofy@hexun.com
576,Winona Geockle,17365 Bashford Park,80920,CO,wgeocklefz@cam.ac.uk
577,Reidar Adolfsen,5 Golf Circle,95194,CA,radolfseng0@alibaba.com
578,Barty Coatham,1119 Brentwood Park,23471,VA,bcoathamg1@youtube.com
579,Ogden Quye,18 Coleman Alley,55572,MN,oquyeg2@uol.com.br
580,Ethelred Wagnerin,9470 Summit Crossing,90101,CA,ewagnering3@about.me
581,Chickie Stiggles,40683 Bashford Street,14220,NY,cstigglesg4@gnu.org
582,Gwenore Cockroft,178 Iowa Terrace,59623,MT,gcockroftg5@tinyurl.com
583,Miguela Opfer,341 Oxford Terrace,97206,OR,mopferg6@mapy.cz
584,Aguistin Aspinall,21475 Anzinger Point,48555,MI,aaspinallg7@yellowpages.com
585,Diann Hathorn,309 Anhalt Hill,95852,CA,dhathorng8@dagondesign.com
586,Wini Alvares,9 Hoard Junction,77705,TX,walvaresg9@pen.io
587,Theodora Doddemeade,82461 Eggendart Avenue,22313,VA,tdoddemeadega@wordpress.com
588,Adah Ferson,1367 Oakridge Hill,53234,WI,afersongb@mashable.com
589,Nelle Horribine,695 Redwing Center,30506,GA,nhorribinegc@ed.gov
590,Walther Sorsby,2 Jay Road,64153,MO,wsorsbygd@sitemeter.com
591,Allys Summerhayes,605 Valley Edge Way,46226,IN,asummerhayesge@plala.or.jp
592,Lisbeth Ipgrave,886 Kingsford Plaza,70593,LA,lipgravegf@irs.gov
593,Gracie Paddemore,04 Melrose Hill,30323,GA,gpaddemoregg@woothemes.com
594,Ximenes Cordingley,18963 Jenna Park,27710,NC,xcordingleygh@plala.or.jp
595,Tymothy Sidebottom,506 Gale Trail,95354,CA,tsidebottomgi@bandcamp.com
596,Quintana Trevethan,31094 Oxford Park,92405,CA,qtrevethangj@state.tx.us
597,Horatius Bortoli,6568 Mallory Place,55446,MN,hbortoligk@wiley.com
598,Jeffie Pickburn,2 Blue Bill Park Point,79955,TX,jpickburngl@de.vu
599,Danyette Broker,514 Lien Road,27690,NC,dbrokergm@hhs.gov
600,Esdras Sallarie,656 Summer Ridge Junction,40256,KY,esallariegn@unesco.org
601,Marysa MacDermott,6 Brickson Park Terrace,10160,NY,mmacdermottgo@ucla.edu
602,Arlen Beringer,31 Portage Street,93584,CA,aberingergp@blogtalkradio.com
603,Cal McWhannel,990 Norway Maple Hill,20051,DC,cmcwhannelgq@wordpress.com
604,Dunc Dorney,5224 Marquette Junction,72905,AR,ddorneygr@xinhuanet.com
605,Trev Clemmow,7 Duke Center,51110,IA,tclemmowgs@fc2.com
606,Colleen Inchan,22453 Grayhawk Terrace,32259,FL,cinchangt@hexun.com
607,Shirley Pead,54503 Westerfield Court,43656,OH,speadgu@aol.com
608,Dulcia Wadhams,707 Jenifer Court,92176,CA,dwadhamsgv@amazonaws.com
609,Myer Sicily,09612 South Pass,74126,OK,msicilygw@wikia.com
610,Merle Petry,54804 La Follette Crossing,78410,TX,mpetrygx@dailymail.co.uk
611,Avery Rottery,34575 Fremont Place,80045,CO,arotterygy@rediff.com
612,Lanni Daviot,02 Fairfield Alley,65211,MO,ldaviotgz@deviantart.com
613,Laure Rooms,55 Crowley Hill,75387,TX,lroomsh0@yandex.ru
614,Korry Dessent,81 Golden Leaf Center,10464,NY,kdessenth1@globo.com
615,Allie Lauga,43 Manley Avenue,19196,PA,alaugah2@mozilla.org
616,Mateo Trevallion,1 Westridge Way,98140,WA,mtrevallionh3@nature.com
617,Alberta Heales,8 Florence Lane,68517,NE,ahealesh4@hubpages.com
618,Patricio Ollie,88 Logan Drive,13224,NY,pollieh5@berkeley.edu
619,Hurley Mathwen,88857 Kings Avenue,22212,VA,hmathwenh6@about.me
620,Fiona Barendtsen,133 Cherokee Trail,29403,SC,fbarendtsenh7@theglobeandmail.com
621,Hardy Sheer,0345 Express Terrace,34629,FL,hsheerh8@tripadvisor.com
622,Britt Loiterton,9552 Transport Drive,06520,CT,bloitertonh9@wunderground.com
623,Blaire Ikringill,70 Monica Avenue,22333,VA,bikringillha@arizona.edu
624,Aigneis Jelphs,465 Chinook Hill,45419,OH,ajelphshb@ebay.com
625,Baily Tilberry,98265 Lakeland Pass,33913,FL,btilberryhc@mediafire.com
626,Nicolai Borthram,4825 Esch Way,20268,DC,nborthramhd@tuttocitta.it
627,Man Holde,31 Eagan Way,98506,WA,mholdehe@indiegogo.com
628,Enriqueta Bartoloma,30742 Everett Crossing,40266,KY,ebartolomahf@harvard.edu
629,Teddy Martensen,347 Bellgrove Pass,68517,NE,tmartensenhg@ftc.gov
630,Cornela Janowski,967 Maple Wood Avenue,20535,DC,cjanowskihh@sciencedaily.com
631,Benjy Temperley,13452 Carioca Drive,59623,MT,btemperleyhi@hubpages.com
632,Odie Andersch,96 Thierer Point,10474,NY,oanderschhj@cnn.com
633,Carlos Hilland,4 Ridgeview Junction,92619,CA,chillandhk@amazon.de
634,Bebe Washtell,2430 Coleman Point,90005,CA,bwashtellhl@ftc.gov
635,Renee Tomes,90295 Lunder Road,02283,MA,rtomeshm@dailymotion.com
636,Prisca Patriskson,971 Sutteridge Drive,78410,TX,ppatrisksonhn@nytimes.com
637,Ashton Petersen,85737 Straubel Center,40210,KY,apetersenho@mit.edu
638,Chrystal Torricella,9 Shasta Pass,94147,CA,ctorricellahp@liveinternet.ru
639,Carmencita Fintoph,40661 Oak Valley Plaza,95160,CA,cfintophhq@usa.gov
640,Karisa Bandey,01198 Hanson Pass,85743,AZ,kbandeyhr@ow.ly
641,Ulrick Aidler,98926 Dawn Alley,29203,SC,uaidlerhs@economist.com
642,Sydney Barby,7 Iowa Alley,64142,MO,sbarbyht@umich.edu
643,Sid Sibborn,770 School Street,75185,TX,ssibbornhu@europa.eu
644,Cindy Ivkovic,51203 Badeau Street,79950,TX,civkovichv@cocolog-nifty.com
645,Darla Grodden,60 Forster Terrace,92648,CA,dgroddenhw@mozilla.com
646,Paddie Dimond,09 Hansons Hill,22096,VA,pdimondhx@blogger.com
647,Dru Sorensen,90488 Manley Circle,88569,TX,dsorensenhy@reuters.com
648,Andros MacVagh,5 Schmedeman Park,89135,NV,amacvaghhz@sbwire.com
649,Page Gore,7644 Heffernan Junction,29411,SC,pgorei0@imageshack.us
650,Winni Briddock,35 Monterey Terrace,33661,FL,wbriddocki1@telegraph.co.uk
651,Maren Ramelet,39263 Transport Pass,34102,FL,mrameleti2@google.nl
652,Asia Reddan,79 John Wall Crossing,57193,SD,areddani3@yale.edu
653,Anne-marie Gladdor,0 Mccormick Court,20260,DC,agladdori4@tripod.com
654,Jackquelin Tofful,642 Ohio Pass,50335,IA,jtoffuli5@boston.com
655,Gypsy Widdocks,3080 Caliangt Lane,11205,NY,gwiddocksi6@loc.gov
656,Parke Doggett,891 Gulseth Drive,33283,FL,pdoggetti7@barnesandnoble.com
657,Rheba Woolatt,2268 Burrows Pass,70033,LA,rwoolatti8@columbia.edu
658,Lynnet Akrigg,16975 Colorado Parkway,22156,VA,lakriggi9@ameblo.jp
659,Waverly Chatain,812 Vahlen Point,99709,AK,wchatainia@senate.gov
660,Tobiah Olin,21 Chinook Parkway,58106,ND,tolinib@mediafire.com
661,Leandra Olivazzi,00329 Union Parkway,98447,WA,lolivazziic@typepad.com
662,Sharai Amburgy,14 Atwood Trail,67220,KS,samburgyid@storify.com
663,Kayla Paolacci,89465 Loftsgordon Lane,80044,CO,kpaolacciie@google.co.jp
664,Caye de Copeman,321 Scott Point,98140,WA,cdeif@shop-pro.jp
665,Timotheus Josefs,4473 Sycamore Street,75277,TX,tjosefsig@ucoz.ru
666,Waneta Cicchillo,900 Fieldstone Point,63150,MO,wcicchilloih@bigcartel.com
667,Brandice Crosston,84420 Basil Circle,27150,NC,bcrosstonii@independent.co.uk
668,Marrissa Lissett,1 Derek Crossing,94042,CA,mlissettij@sciencedirect.com
669,Hollis McPharlain,04999 Kennedy Hill,39216,MS,hmcpharlainik@answers.com
670,Kassey Goodsal,48158 Loomis Plaza,10270,NY,kgoodsalil@ocn.ne.jp
671,Terri Sich,4 Buena Vista Terrace,06520,CT,tsichim@amazonaws.com
672,Darla MacCallam,2485 Oakridge Drive,76192,TX,dmaccallamin@dailymail.co.uk
673,Ilysa Crannach,37 Park Meadow Avenue,40510,KY,icrannachio@live.com
674,Odo Prewett,587 Homewood Circle,33710,FL,oprewettip@npr.org
675,Val McGarry,72127 Randy Way,30195,GA,vmcgarryiq@facebook.com
676,Harriot Dollard,2 Sutherland Junction,78465,TX,hdollardir@wisc.edu
677,Phylis Lowthorpe,6 Commercial Pass,30919,GA,plowthorpeis@slate.com
678,Dickie MacKnockiter,8 Reindahl Junction,91103,CA,dmacknockiterit@exblog.jp
679,Wendel Ashwin,7504 Independence Avenue,48217,MI,washwiniu@si.edu
680,Jenilee Inott,848 East Place,64109,MO,jinottiv@bluehost.com
681,Saunders Sussems,80 Packers Terrace,33233,FL,ssussemsiw@tmall.com
682,Pete Leal,30876 Caliangt Park,46825,IN,plealix@t.co
683,Myrtia Pleavin,8 Talmadge Plaza,71208,LA,mpleaviniy@google.nl
684,Nowell Kindle,68607 Cordelia Alley,27705,NC,nkindleiz@weebly.com
685,Harwell Ellsom,07057 Forest Way,20016,DC,hellsomj0@mail.ru
686,Freddie Krier,7175 Montana Way,75392,TX,fkrierj1@wufoo.com
687,Sanford Borge,3253 Ryan Place,76192,TX,sborgej2@sphinn.com
688,Valle Gellett,1 Debra Hill,95194,CA,vgellettj3@4shared.com
689,Janette Napton,137 Warrior Drive,64190,MO,jnaptonj4@xinhuanet.com
690,Farley Gallen,089 Kedzie Road,53785,WI,fgallenj5@narod.ru
691,Valera Hendriksen,7143 Holy Cross Crossing,32255,FL,vhendriksenj6@marriott.com
692,Natalya Blann,7365 Old Shore Alley,22234,VA,nblannj7@qq.com
693,Matty Gaitung,4 Rieder Lane,19810,DE,mgaitungj8@naver.com
694,Delila Dyton,248 Comanche Center,66160,KS,ddytonj9@pen.io
695,Kenon Pendrid,81363 Sachtjen Plaza,33972,FL,kpendridja@tmall.com
696,Morgen Slemmonds,9 Rockefeller Avenue,98140,WA,mslemmondsjb@g.co
697,Natale Charle,899 Badeau Way,14683,NY,ncharlejc@harvard.edu
698,Sal De La Haye,55076 Marquette Hill,91406,CA,sdejd@google.co.jp
699,Arlene Andrzejowski,246 Thierer Hill,34135,FL,aandrzejowskije@list-manage.com
700,Husain Balshen,3105 Dovetail Hill,76305,TX,hbalshenjf@wikia.com
701,Tessy Snow,4 Valley Edge Drive,63169,MO,tsnowjg@ucoz.ru
702,Ashleigh Bellino,8306 Tennessee Circle,36104,AL,abellinojh@answers.com
703,Lev Duchesne,15 Lakewood Trail,14263,NY,lduchesneji@archive.org
704,Georgena Biddulph,6804 Alpine Drive,21405,MD,gbiddulphjj@facebook.com
705,Janot Freebury,68501 Cordelia Place,31605,GA,jfreeburyjk@timesonline.co.uk
706,Odell Rosso,696 Parkside Trail,47306,IN,orossojl@yandex.ru
707,Myranda Casewell,59610 Thackeray Point,47732,IN,mcasewelljm@parallels.com
708,Jory Bissex,18 Randy Junction,50335,IA,jbissexjn@over-blog.com
709,Mignon Clarke,055 Chinook Avenue,22205,VA,mclarkejo@csmonitor.com
710,Vasilis Iacomo,8378 Shopko Way,24020,VA,viacomojp@imageshack.us
711,Aubrie Cockayne,060 Judy Junction,60636,IL,acockaynejq@symantec.com
712,Andie Jerdein,6612 Sullivan Park,31210,GA,ajerdeinjr@drupal.org
713,Jordan Rhydderch,822 Stone Corner Street,10454,NY,jrhydderchjs@si.edu
714,Riobard Hamm,97 Moose Road,66699,KS,rhammjt@nba.com
715,Hyacinth Grishelyov,6 Sherman Junction,33028,FL,hgrishelyovju@umich.edu
716,Harmonie Marzellano,606 International Center,08619,NJ,hmarzellanojv@hubpages.com
717,Ellynn Jeans,435 Morrow Terrace,37995,TN,ejeansjw@arstechnica.com
718,Issie Peyton,246 Pierstorff Circle,77201,TX,ipeytonjx@apache.org
719,Rhonda Berg,78594 Waxwing Lane,47747,IN,rbergjy@ustream.tv
720,Reid Wingfield,85 Jenna Street,10249,NY,rwingfieldjz@bloomberg.com
721,Wallis Fallens,3028 Union Street,44485,OH,wfallensk0@gnu.org
722,Shae Tomkin,04 Vidon Court,37410,TN,stomkink1@google.ca
723,Hansiain Noel,3 Sage Place,50936,IA,hnoelk2@sciencedirect.com
724,Stanley Late,840 Twin Pines Drive,89087,NV,slatek3@rambler.ru
725,Rebekah Orgill,14622 Sugar Hill,97221,OR,rorgillk4@economist.com
726,Dougy Dormon,90603 Kenwood Park,20022,DC,ddormonk5@sogou.com
727,Devan Shallo,15379 Buena Vista Crossing,45440,OH,dshallok6@linkedin.com
728,Bobbe Freezor,44416 Lotheville Parkway,30045,GA,bfreezork7@biblegateway.com
729,Maryellen Mangam,1 Pine View Place,80951,CO,mmangamk8@de.vu
730,Rey Peacher,54106 Hintze Terrace,35236,AL,rpeacherk9@lycos.com
731,Jackquelin Skuse,9 Melby Hill,32277,FL,jskuseka@parallels.com
732,Wendye Feechum,86087 Ohio Place,22333,VA,wfeechumkb@utexas.edu
733,Fidole Kettlestring,94678 Lerdahl Crossing,14205,NY,fkettlestringkc@cbslocal.com
734,Jeremiah McKeown,42731 Holy Cross Plaza,74103,OK,jmckeownkd@photobucket.com
735,Nathalia Potkins,961 5th Way,61110,IL,npotkinske@histats.com
736,Leon Domney,645 Kensington Court,95064,CA,ldomneykf@umich.edu
737,Germaine Lavin,5144 Schlimgen Hill,20380,DC,glavinkg@jimdo.com
738,Jerrold Coultass,2 Shoshone Junction,33915,FL,jcoultasskh@patch.com
739,Carissa Attryde,8238 Riverside Avenue,31217,GA,cattrydeki@dagondesign.com
740,Catrina Espin,3837 Stephen Center,91616,CA,cespinkj@deliciousdays.com
741,Susana McCarle,5789 Upham Circle,61605,IL,smccarlekk@forbes.com
742,Sophia Scahill,04 Elmside Trail,85705,AZ,sscahillkl@auda.org.au
743,Heda Beever,2743 Bunting Parkway,75358,TX,hbeeverkm@yahoo.com
744,Raynard Matkin,63451 Ronald Regan Terrace,94622,CA,rmatkinkn@dropbox.com
745,Mylo Earnshaw,4663 Anthes Avenue,19810,DE,mearnshawko@blog.com
746,Andreas Tarbert,3412 Texas Avenue,93709,CA,atarbertkp@sogou.com
747,Loraine Leel,97 Golden Leaf Trail,10292,NY,lleelkq@illinois.edu
748,Charla Heart,9 Prairieview Way,89130,NV,cheartkr@earthlink.net
749,Krissy Bilham,2 Chive Parkway,01152,MA,kbilhamks@ezinearticles.com
750,Aldin Conkie,3538 Oxford Trail,02453,MA,aconkiekt@uol.com.br
751,Ronni Skuce,625 Melrose Terrace,39305,MS,rskuceku@europa.eu
752,Agretha Godridge,19 Miller Place,10014,NY,agodridgekv@huffingtonpost.com
753,Augie Togwell,197 Stone Corner Avenue,48912,MI,atogwellkw@studiopress.com
754,Llewellyn Ludlem,35396 Main Alley,75221,TX,lludlemkx@weibo.com
755,Web Sargint,9 Bartelt Circle,78703,TX,wsargintky@163.com
756,Myrle Kohnemann,112 Cody Pass,23260,VA,mkohnemannkz@nba.com
757,Alene Borman,59381 Butterfield Lane,85053,AZ,abormanl0@flavors.me
758,Far Schenfisch,1037 Vermont Point,91328,CA,fschenfischl1@blinklist.com
759,Mayor Jeskin,8 Vidon Terrace,11447,NY,mjeskinl2@prweb.com
760,Rosabel Gwyther,727 Prentice Terrace,01105,MA,rgwytherl3@comsenz.com
761,Ellette Gouge,4766 Upham Pass,64153,MO,egougel4@google.com.br
762,Edgard Woloschin,62720 Sundown Plaza,92170,CA,ewoloschinl5@facebook.com
763,Ida Stanway,81971 Anzinger Drive,67205,KS,istanwayl6@shutterfly.com
764,Lorianna Abrahamsen,16 Logan Road,77095,TX,labrahamsenl7@geocities.com
765,Milzie Mateescu,4 Kennedy Street,95160,CA,mmateescul8@wufoo.com
766,Elijah McNae,98 Morrow Circle,28289,NC,emcnael9@themeforest.net
767,Elvis Mc Gee,6163 Stoughton Pass,06726,CT,emcla@apple.com
768,Katherina Gilleon,1974 Lunder Crossing,95354,CA,kgilleonlb@dailymail.co.uk
769,Rutger Ambrogioni,1 Springview Hill,53263,WI,rambrogionilc@exblog.jp
770,Mufi Skett,8 Buhler Street,11220,NY,mskettld@sciencedaily.com
771,Novelia Detheridge,3 Riverside Circle,29424,SC,ndetheridgele@nps.gov
772,Irita Spurrior,99 Hoepker Court,97201,OR,ispurriorlf@about.com
773,Kitty Perez,1472 Ridgeway Terrace,95155,CA,kperezlg@cisco.com
774,Madeleine Beatson,9 Bellgrove Avenue,38188,TN,mbeatsonlh@dyndns.org
775,Norine Walrond,319 Comanche Place,10305,NY,nwalrondli@digg.com
776,Inge Carley,28 Lillian Pass,73152,OK,icarleylj@simplemachines.org
777,Marni Dunklee,77 Melvin Crossing,07305,NJ,mdunkleelk@ihg.com
778,Caralie Epps,09314 Browning Avenue,92867,CA,ceppsll@google.es
779,Josy Shinefield,9170 Columbus Trail,92153,CA,jshinefieldlm@fda.gov
780,Noell Kleinsmuntz,0 Mariners Cove Trail,11205,NY,nkleinsmuntzln@slate.com
781,Leyla Deniso,98 Red Cloud Avenue,71166,LA,ldenisolo@posterous.com
782,Nye Hoyles,25015 Elka Hill,15134,PA,nhoyleslp@gravatar.com
783,Isaak Fetherby,748 Hallows Road,92725,CA,ifetherbylq@miitbeian.gov.cn
784,Grove Garnar,2339 Dryden Alley,10292,NY,ggarnarlr@ted.com
785,Nicola McKean,2717 Fairview Center,90076,CA,nmckeanls@furl.net
786,Ashley Cozens,53340 Dakota Alley,48206,MI,acozenslt@disqus.com
787,Billie Huett,1 Butterfield Trail,10105,NY,bhuettlu@vistaprint.com
788,Shaylynn Rouf,3 Melrose Terrace,92805,CA,srouflv@patch.com
789,Dreddy Griss,8330 Spenser Junction,37939,TN,dgrisslw@yale.edu
790,Lanette Finnimore,35 Sloan Parkway,94142,CA,lfinnimorelx@reuters.com
791,Petronella Burkert,80 Southridge Plaza,20503,DC,pburkertly@github.com
792,Terri-jo Boni,0 Florence Park,45254,OH,tbonilz@amazonaws.com
793,Currey Gudd,25694 Prentice Plaza,20551,DC,cguddm0@webs.com
794,Vivia Hurry,3973 Ruskin Plaza,20525,DC,vhurrym1@yellowbook.com
795,Alexandro Kippling,63 Forest Way,36670,AL,akipplingm2@twitpic.com
796,Gunther Henworth,7487 Chive Park,37228,TN,ghenworthm3@blogger.com
797,Wallis Brusle,7 Clemons Court,72118,AR,wbruslem4@taobao.com
798,Duffie Heatherington,6426 Memorial Lane,28055,NC,dheatheringtonm5@oakley.com
799,Fionnula Baccas,0906 Weeping Birch Street,02405,MA,fbaccasm6@hostgator.com
800,Marget Clethro,89629 Del Mar Circle,92153,CA,mclethrom7@cnbc.com
801,Casar Sidden,2043 Laurel Drive,80920,CO,csiddenm8@pen.io
802,Gerianna Mora,866 Nancy Road,29305,SC,gmoram9@hubpages.com
803,Veronique Pierpoint,286 Melrose Place,02162,MA,vpierpointma@merriam-webster.com
804,Thalia Thormwell,1440 Nobel Avenue,10606,NY,tthormwellmb@wikia.com
805,Cleopatra Jorry,42 Cody Place,24040,VA,cjorrymc@about.me
806,Wanda Francais,8 Sycamore Drive,98907,WA,wfrancaismd@unc.edu
807,Denny Labbe,67197 Cardinal Trail,48555,MI,dlabbeme@edublogs.org
808,Arte McMenamin,6 Summit Road,20231,DC,amcmenaminmf@narod.ru
809,Hulda Ivimey,251 Huxley Crossing,74156,OK,hivimeymg@prweb.com
810,Rosamond Giampietro,7147 Barby Street,33013,FL,rgiampietromh@biglobe.ne.jp
811,Gladi Scandrick,25239 Twin Pines Parkway,20167,VA,gscandrickmi@livejournal.com
812,Ashely Drache,563 Tennessee Hill,83727,ID,adrachemj@typepad.com
813,Mair Urien,0 Birchwood Park,28815,NC,murienmk@naver.com
814,Cassondra Peeter,322 Dahle Alley,32835,FL,cpeeterml@comsenz.com
815,Sandye Dulen,70 Stang Plaza,06816,CT,sdulenmm@umn.edu
816,Mia Mawhinney,7 Boyd Plaza,25331,WV,mmawhinneymn@webmd.com
817,Tallia Cashley,77863 Moose Trail,92822,CA,tcashleymo@wikimedia.org
818,Lexie Virgin,51 Park Meadow Way,93311,CA,lvirginmp@1688.com
819,Cybil Sinney,1636 Maryland Avenue,81005,CO,csinneymq@ustream.tv
820,Baxie Carik,8 East Center,47719,IN,bcarikmr@sina.com.cn
821,Sandro Mault,45394 Heath Center,12205,NY,smaultms@shop-pro.jp
822,Rurik Fullilove,4 Kingsford Point,30605,GA,rfullilovemt@oakley.com
823,Milzie Seppey,081 Elka Drive,18514,PA,mseppeymu@home.pl
824,Putnem Renault,65 Troy Hill,23520,VA,prenaultmv@imageshack.us
825,Brigham Giabucci,79 Miller Pass,52405,IA,bgiabuccimw@omniture.com
826,Jorge Horley,0 Pearson Center,47719,IN,jhorleymx@over-blog.com
827,Charyl Lowell,91 Holmberg Park,02216,MA,clowellmy@cdc.gov
828,Leland Cettell,25793 School Parkway,28247,NC,lcettellmz@exblog.jp
829,Spenser Eskrigg,522 Gerald Hill,48275,MI,seskriggn0@trellian.com
830,Emelina Scoates,61029 Hoffman Center,91109,CA,escoatesn1@amazon.co.jp
831,Frasco McCahill,88 Nancy Trail,31132,GA,fmccahilln2@comcast.net
832,Myra Ingerson,88576 1st Plaza,75705,TX,mingersonn3@economist.com
833,Tabina Prestney,807 Bonner Point,87115,NM,tprestneyn4@plala.or.jp
834,Emmanuel Glidden,492 Ludington Trail,97240,OR,egliddenn5@tamu.edu
835,Flor Brownlea,80 Springs Park,53215,WI,fbrownlean6@sourceforge.net
836,Pattin Pardoe,11 2nd Crossing,10469,NY,ppardoen7@cbc.ca
837,Moses Welberry,57215 Saint Paul Park,24024,VA,mwelberryn8@baidu.com
838,Nady McFie,231 Mifflin Circle,48126,MI,nmcfien9@elpais.com
839,Binni Kroger,89 Helena Circle,76134,TX,bkrogerna@nytimes.com
840,Kalle O'Gaven,756 Menomonie Plaza,94263,CA,kogavennb@newsvine.com
841,Baxter Fernez,6 Rusk Hill,80915,CO,bferneznc@diigo.com
842,Woodrow Artiss,7872 Southridge Place,10099,NY,wartissnd@berkeley.edu
843,Garrick Giovanetti,1 Forster Terrace,55572,MN,ggiovanettine@bloglovin.com
844,Emmalynn Castillo,895 Harbort Center,90305,CA,ecastillonf@vistaprint.com
845,Riccardo Cassella,41382 Chive Terrace,37995,TN,rcassellang@slate.com
846,Dav Grigolli,97433 Merrick Pass,92196,CA,dgrigollinh@walmart.com
847,Pansie Kimbling,9 Golf Course Circle,22093,VA,pkimblingni@marriott.com
848,Nalani Daelman,991 Sage Circle,33625,FL,ndaelmannj@t.co
849,Annissa Astin,2228 Grasskamp Way,75185,TX,aastinnk@japanpost.jp
850,Lesley Marlow,4 Weeping Birch Junction,23668,VA,lmarlownl@umich.edu
851,Iosep Gotthard.sf,835 Milwaukee Court,77065,TX,igotthardsfnm@google.es
852,Spencer Hamblyn,33 Moulton Court,74133,OK,shamblynnn@europa.eu
853,Jennifer O'Doherty,14 Evergreen Avenue,53710,WI,jodohertyno@w3.org
854,Garwood Hardway,9 Montana Pass,76796,TX,ghardwaynp@techcrunch.com
855,Kimberley Pistol,74242 Fisk Terrace,53779,WI,kpistolnq@nsw.gov.au
856,Elene Landeaux,98 Porter Way,34479,FL,elandeauxnr@topsy.com
857,Chaddy Lundberg,8321 Oxford Court,20599,DC,clundbergns@springer.com
858,Darrin Gutans,7044 Ludington Street,14233,NY,dgutansnt@tamu.edu
859,Laureen Blackstone,1100 Tony Drive,55585,MN,lblackstonenu@linkedin.com
860,Filmore Gillyett,58437 Haas Street,48670,MI,fgillyettnv@cargocollective.com
861,Jamill Jemison,67 Golf Park,55436,MN,jjemisonnw@simplemachines.org
862,Powell Shorto,05 Spaight Point,02104,MA,pshortonx@google.es
863,Loy O'Gready,3 Ruskin Alley,92186,CA,logreadyny@yandex.ru
864,Betti Beagley,6461 Toban Avenue,30919,GA,bbeagleynz@booking.com
865,Astra Adin,0204 Tennyson Avenue,46896,IN,aadino0@bloglovin.com
866,Darby Cathee,5 Little Fleur Court,19196,PA,dcatheeo1@nytimes.com
867,Britt Cheal,8 Almo Way,77223,TX,bchealo2@netlog.com
868,Wilt Middlemist,75883 North Road,77293,TX,wmiddlemisto3@senate.gov
869,Cornell Bielefeld,433 Daystar Point,99599,AK,cbielefeldo4@opera.com
870,Marylin MacGibbon,24158 Canary Park,94245,CA,mmacgibbono5@jigsy.com
871,Domingo Breache,09267 Del Mar Trail,66215,KS,dbreacheo6@delicious.com
872,Hedwig Abrahams,6 Lien Court,88006,NM,habrahamso7@scribd.com
873,Pyotr Dumke,935 Eagan Street,06721,CT,pdumkeo8@bbb.org
874,Free Binion,49504 Porter Terrace,95354,CA,fbiniono9@blinklist.com
875,Nikita Berrey,129 Delaware Alley,88553,TX,nberreyoa@nasa.gov
876,Temple Fetteplace,34 Knutson Trail,84115,UT,tfetteplaceob@theatlantic.com
877,Maisie Nuccitelli,0 Carberry Road,97229,OR,mnuccitellioc@yelp.com
878,Buddie Caron,5645 Sunfield Pass,33069,FL,bcaronod@noaa.gov
879,Bliss Mc Dermid,1379 American Place,15250,PA,bmcoe@si.edu
880,Emmalee Ikin,40 Buena Vista Center,34605,FL,eikinof@printfriendly.com
881,Rochette Ingolotti,02 Derek Court,10131,NY,ringolottiog@usnews.com
882,Belvia Kollach,8959 Hermina Avenue,55407,MN,bkollachoh@tmall.com
883,Dasya Lavall,60 Del Sol Way,33647,FL,dlavalloi@jigsy.com
884,Frederique Keaton,7198 Roth Point,38126,TN,fkeatonoj@lulu.com
885,Tim O'Spillane,84 Heath Lane,61640,IL,tospillaneok@yale.edu
886,Farley Stronack,1288 Forest Dale Circle,18763,PA,fstronackol@cdc.gov
887,Nerte Algie,170 Summer Ridge Hill,77085,TX,nalgieom@guardian.co.uk
888,Nichol Attaway,35 Carberry Trail,57110,SD,nattawayon@odnoklassniki.ru
889,Waite Rampley,9234 Hintze Junction,92668,CA,wrampleyoo@storify.com
890,Valentino Scrine,728 Eliot Terrace,33336,FL,vscrineop@dyndns.org
891,Vyky Judkin,397 Parkside Street,17110,PA,vjudkinoq@aboutads.info
892,Elfie Stonestreet,8 Clemons Parkway,88584,TX,estonestreetor@shop-pro.jp
893,Dunc Stowell,53 Upham Pass,14619,NY,dstowellos@fc2.com
894,Randie Mounter,72844 Merry Trail,34981,FL,rmounterot@cornell.edu
895,Tracy Hockey,846 Merchant Pass,33680,FL,thockeyou@prnewswire.com
896,Agnes MacCaffery,1 Namekagon Point,71208,LA,amaccafferyov@independent.co.uk
897,Der Belitz,2143 Norway Maple Junction,76544,TX,dbelitzow@telegraph.co.uk
898,Idelle Mayho,90056 Vermont Park,46247,IN,imayhoox@ca.gov
899,Vanya Tutton,573 Stephen Point,81015,CO,vtuttonoy@mapy.cz
900,Marita Beastall,685 Ridgeway Pass,01654,MA,mbeastalloz@wikia.com
901,Ali Novkovic,8 Service Place,32399,FL,anovkovicp0@constantcontact.com
902,Edvard Filpo,0 American Ash Pass,90010,CA,efilpop1@sogou.com
903,Gabie Canete,2632 Spenser Center,16522,PA,gcanetep2@foxnews.com
904,Gerardo Moysey,26 Old Gate Way,44505,OH,gmoyseyp3@opensource.org
905,Gaspard Valler,663 Sunfield Avenue,30351,GA,gvallerp4@tumblr.com
906,Glenden Pods,505 Arkansas Drive,93005,CA,gpodsp5@bizjournals.com
907,Nydia Braundt,929 Sommers Pass,94142,CA,nbraundtp6@blogs.com
908,Alphonso Cawthery,9 Spenser Terrace,07522,NJ,acawtheryp7@domainmarket.com
909,Antin Pettitt,10 Lakewood Gardens Junction,77271,TX,apettittp8@wordpress.com
910,Eolanda Poulsum,4940 Russell Way,06606,CT,epoulsump9@imgur.com
911,Sonnie Moniker,681 Fair Oaks Trail,25775,WV,smonikerpa@ca.gov
912,Trumann Coomber,72264 Sullivan Terrace,32835,FL,tcoomberpb@blinklist.com
913,Nikolaus Macci,2 Melby Way,33175,FL,nmaccipc@joomla.org
914,Antone Begbie,18350 Vera Street,92121,CA,abegbiepd@lycos.com
915,Larine Blackstone,706 Upham Street,95397,CA,lblackstonepe@xinhuanet.com
916,Peirce MacCartan,0293 Del Mar Way,70805,LA,pmaccartanpf@wikimedia.org
917,Viva Jardein,41 Jenna Alley,85284,AZ,vjardeinpg@businessweek.com
918,Sonya Gabbatiss,65568 Di Loreto Circle,99812,AK,sgabbatissph@mozilla.org
919,Brnaba Stallon,63 Mandrake Point,10029,NY,bstallonpi@edublogs.org
920,Tamar Dayer,9 Killdeer Pass,14624,NY,tdayerpj@plala.or.jp
921,Napoleon Murkin,399 Hoard Terrace,90305,CA,nmurkinpk@shareasale.com
922,Christal Vanezis,34375 Kenwood Court,79176,TX,cvanezispl@vinaora.com
923,Mariam Robak,478 Bay Circle,30316,GA,mrobakpm@cisco.com
924,Orran Enderle,3 Doe Crossing Circle,30905,GA,oenderlepn@si.edu
925,Allix Havers,367 Transport Plaza,47737,IN,ahaverspo@accuweather.com
926,Christos Chaimson,02 Duke Alley,40233,KY,cchaimsonpp@sphinn.com
927,Hildagarde Celez,72685 Sutteridge Crossing,47937,IN,hcelezpq@eventbrite.com
928,Dorice King,1751 Ohio Alley,32803,FL,dkingpr@tiny.cc
929,Thadeus Puzey,0422 Waxwing Avenue,85260,AZ,tpuzeyps@bluehost.com
930,Marylynne Sturgess,9091 Hoard Park,36177,AL,msturgesspt@hao123.com
931,Andie Hirtz,54 Doe Crossing Plaza,27409,NC,ahirtzpu@behance.net
932,Montgomery Morrissey,484 Homewood Avenue,77228,TX,mmorrisseypv@businessweek.com
933,Andi Blanchet,73957 Maple Wood Place,89115,NV,ablanchetpw@statcounter.com
934,Gwynne Irvine,511 Rockefeller Drive,12247,NY,girvinepx@php.net
935,Alexis Jzhakov,053 Sycamore Junction,72222,AR,ajzhakovpy@imageshack.us
936,Maxy Teodori,48 Mcbride Road,20370,DC,mteodoripz@salon.com
937,Harcourt Golda,208 Delaware Hill,57105,SD,hgoldaq0@github.io
938,Daniella Durden,5 Sundown Hill,58122,ND,ddurdenq1@google.co.uk
939,Karrie Yetts,1 Stoughton Street,33034,FL,kyettsq2@indiegogo.com
940,Nevile Yegorovnin,6513 6th Road,99210,WA,nyegorovninq3@ibm.com
941,Bondie Pinckard,13847 Comanche Alley,73147,OK,bpinckardq4@yahoo.co.jp
942,Kessia Chanson,41 Helena Crossing,45264,OH,kchansonq5@dagondesign.com
943,Nadine Ivakhno,09 Stephen Crossing,84115,UT,nivakhnoq6@ezinearticles.com
944,Emery Keerl,8034 Trailsway Drive,95838,CA,ekeerlq7@mtv.com
945,Candace Ingleson,5 Spenser Pass,78205,TX,cinglesonq8@de.vu
946,Erek Weedenburg,53133 Mcguire Place,27626,NC,eweedenburgq9@icio.us
947,Cece Stebles,9 Northwestern Trail,79188,TX,csteblesqa@bluehost.com
948,Jada Towey,70 Quincy Trail,77010,TX,jtoweyqb@elpais.com
949,Danya Johnigan,32 Schurz Terrace,11044,NY,djohniganqc@sina.com.cn
950,Charles McGrayle,661 Brickson Park Avenue,64109,MO,cmcgrayleqd@unc.edu
951,Kyla Sharrier,1 Victoria Lane,88569,TX,ksharrierqe@about.com
952,Vail Idney,34249 Bartelt Point,45454,OH,vidneyqf@unc.edu
953,Steffi Opdenort,435 Nevada Crossing,93150,CA,sopdenortqg@amazon.de
954,Karla Jakubiak,4 Brickson Park Terrace,19196,PA,kjakubiakqh@hud.gov
955,Ethelind Beamiss,362 Mayer Road,35895,AL,ebeamissqi@phpbb.com
956,Bonnie Shoosmith,82 Bonner Hill,73142,OK,bshoosmithqj@gizmodo.com
957,Agace Burnyeat,289 Schmedeman Place,68510,NE,aburnyeatqk@symantec.com
958,Agretha Guile,4 Shoshone Alley,45432,OH,aguileql@aol.com
959,Trev Nutman,37273 Shelley Plaza,76178,TX,tnutmanqm@umn.edu
960,Sonia Bondy,42 Paget Point,46216,IN,sbondyqn@networksolutions.com
961,Roby Bletsoe,8492 Grover Plaza,73114,OK,rbletsoeqo@paginegialle.it
962,Cecilla Olyff,34342 Monument Street,62718,IL,colyffqp@umich.edu
963,Wolf Waghorn,51612 Hintze Circle,55579,MN,wwaghornqq@sitemeter.com
964,Kaleb Danis,8793 Kropf Hill,94116,CA,kdanisqr@pen.io
965,Flory Djorvic,755 Homewood Drive,23459,VA,fdjorvicqs@barnesandnoble.com
966,Venita Whitchurch,891 Commercial Drive,08104,NJ,vwhitchurchqt@nasa.gov
967,Rosabella Gout,168 Michigan Court,71166,LA,rgoutqu@dagondesign.com
968,Terri-jo Stace,2 Banding Place,74108,OK,tstaceqv@meetup.com
969,Temple Warmington,354 Helena Center,35279,AL,twarmingtonqw@behance.net
970,Elka Hagwood,40 Donald Plaza,40745,KY,ehagwoodqx@npr.org
971,Devon Bailess,61312 Russell Lane,32885,FL,dbailessqy@msu.edu
972,Mace Mathias,24 Village Alley,53705,WI,mmathiasqz@hexun.com
973,Anabella Worland,5521 Nelson Junction,23225,VA,aworlandr0@cyberchimps.com
974,Fayina Trevers,58 Leroy Place,71307,LA,ftreversr1@histats.com
975,Imogen Counihan,0154 Jackson Drive,46295,IN,icounihanr2@marketwatch.com
976,Georgiana De Pietri,181 Stoughton Center,46207,IN,gder3@google.ca
977,Anya Narramor,59238 Magdeline Park,52804,IA,anarramorr4@eventbrite.com
978,Jefferson Olesen,0968 Towne Hill,05609,VT,jolesenr5@yolasite.com
979,Brannon Cranmore,7 Gateway Plaza,94105,CA,bcranmorer6@nih.gov
980,Yettie Northfield,83992 Karstens Road,48258,MI,ynorthfieldr7@istockphoto.com
981,Ethelda Gascoine,8 Jay Trail,34102,FL,egascoiner8@wikia.com
982,Wally Goulborn,2738 Elmside Way,30392,GA,wgoulbornr9@vinaora.com
983,Rhys Donati,46132 Clyde Gallagher Lane,52245,IA,rdonatira@google.com.au
984,Emmerich Blackey,33735 Bartelt Way,45419,OH,eblackeyrb@businessweek.com
985,Ettie Netting,5655 Mallory Circle,27264,NC,enettingrc@a8.net
986,Ingamar Adshad,4887 Browning Parkway,34949,FL,iadshadrd@sciencedaily.com
987,Napoleon Grassi,0567 Luster Trail,21405,MD,ngrassire@salon.com
988,Marv Tether,97909 Calypso Trail,48098,MI,mtetherrf@macromedia.com
989,Michail Cheesworth,5 International Avenue,11215,NY,mcheesworthrg@hubpages.com
990,Merrie McWhinnie,31 Maple Wood Plaza,10125,NY,mmcwhinnierh@wisc.edu
991,Suzann Aylwin,473 Eggendart Plaza,68524,NE,saylwinri@example.com
992,Daisi Ovenell,0817 Killdeer Center,38181,TN,dovenellrj@nsw.gov.au
993,Micaela Spens,71 Hintze Terrace,43610,OH,mspensrk@dmoz.org
994,Teddie Longhorne,37084 Coleman Center,12232,NY,tlonghornerl@newyorker.com
995,Heinrick Hallows,27 Sutteridge Parkway,06922,CT,hhallowsrm@upenn.edu
996,Evelina Wheelwright,9 Mallard Way,53785,WI,ewheelwrightrn@shutterfly.com
997,Alla Gettone,3752 Grover Alley,55480,MN,agettonero@mail.ru
998,Rois Brastead,50 Ramsey Parkway,46239,IN,rbrasteadrp@fc2.com
999,Irma Pirelli,6772 Eagan Alley,78296,TX,ipirellirq@utexas.edu
1000,Matias Kemmet,30 Cardinal Center,38181,TN,mkemmetrr@cbc.ca
