id,name,address,zipcode,state,email
1,Leigha Kment,33 Sullivan Terrace,76115,TX,lkment0@xing.com
2,Dwight Alcide,7609 Lake View Center,75387,TX,dalcide1@mozilla.org
3,Jayme Bayldon,49989 Blue Bill Park Terrace,39210,MS,jbayldon2@flickr.com
4,Siffre Blune,76907 Vahlen Crossing,40280,KY,sblune3@jalbum.net
5,Webb Heckney,352 Texas Junction,10260,NY,wheckney4@ning.com
6,Trey Pocknell,157 Scott Park,94132,CA,tpocknell5@skype.com
7,Jessamyn McMillan,4813 Service Center,38114,TN,jmcmillan6@google.com.hk
8,Rupert Band,306 Esker Alley,89115,NV,rband7@admin.ch
9,Alanna Ledgard,29909 Katie Point,40225,KY,aledgard8@forbes.com
10,Christoper Balwin,34008 Beilfuss Crossing,98175,WA,cbalwin9@cbsnews.com
11,Cherie Snalum,0 Sunfield Plaza,40287,KY,csnaluma@ted.com
12,Napoleon Oseman,01898 Mayfield Circle,73173,OK,nosemanb@fda.gov
13,Maribeth East,0873 Autumn Leaf Place,66160,KS,meastc@netlog.com
14,Benton Custy,593 Kipling Junction,67220,KS,bcustyd@feedburner.com
15,Niel Greenroyd,5957 Anhalt Lane,57105,SD,ngreenroyde@unicef.org
16,Rodolphe Margrie,47321 Lawn Plaza,93750,CA,rmargrief@google.es
17,Lesley Gandy,376 Miller Circle,19191,PA,lgandyg@state.tx.us
18,Lani Rylstone,6482 Dixon Crossing,76016,TX,lrylstoneh@umn.edu
19,Raina Avrahamof,69253 Scott Alley,55564,MN,ravrahamofi@tripod.com
20,Niel Leadbeatter,2160 Texas Street,19810,DE,nleadbeatterj@google.com.hk
21,Daphna Phlippi,60 Old Shore Hill,92405,CA,dphlippik@mac.com
22,Brant Gething,6333 Debra Trail,02142,MA,bgethingl@istockphoto.com
23,Ariel Henrot,27796 Carpenter Road,76016,TX,ahenrotm@spiegel.de
24,Tobias Gladwish,76 Forest Road,30311,GA,tgladwishn@hugedomains.com
25,Curran Kimbury,1 Northview Junction,67210,KS,ckimburyo@nba.com
26,Donica Bussell,3 Northwestern Center,34233,FL,dbussellp@mail.ru
27,Mary Savoury,665 Vermont Terrace,37228,TN,msavouryq@slideshare.net
28,Idelle Cottle,982 Hooker Road,89150,NV,icottler@cbsnews.com
29,Erl Beecraft,584 Arrowood Road,75044,TX,ebeecrafts@europa.eu
30,Teddie Elms,784 Lotheville Avenue,11210,NY,telmst@google.co.jp
31,Armstrong Dowey,37 Macpherson Center,12227,NY,adoweyu@edublogs.org
32,Guthry Trowler,32 Blue Bill Park Road,95219,CA,gtrowlerv@shareasale.com
33,Ryun Yelding,59163 Tennessee Road,32830,FL,ryeldingw@tuttocitta.it
34,Jesus Message,1732 Hauk Circle,44393,OH,jmessagex@furl.net
35,Millie Okroy,68 Harbort Way,76305,TX,mokroyy@virginia.edu
36,Ahmed De Maria,016 Jay Center,44321,OH,adez@redcross.org
37,Xylina McGucken,2 Ridgeview Drive,20062,DC,xmcgucken10@virginia.edu
38,Diana Kellitt,0 Hansons Avenue,97312,OR,dkellitt11@cmu.edu
39,Abbe Cumo,3376 Basil Court,48550,MI,acumo12@webeden.co.uk
40,Lorelle Colbridge,277 Grover Avenue,46207,IN,lcolbridge13@hhs.gov
41,Ettie Clawley,7551 Bluestem Circle,48267,MI,eclawley14@mashable.com
42,Jamey Awmack,5 Leroy Plaza,10184,NY,jawmack15@java.com
43,Haven Wanklyn,349 Heffernan Way,39705,MS,hwanklyn16@naver.com
44,Andi Archibold,1614 Hansons Alley,06538,CT,aarchibold17@yale.edu
45,Alys Vizor,724 Dayton Lane,93773,CA,avizor18@uiuc.edu
46,Harcourt Syder,37 Truax Trail,03804,NH,hsyder19@blogs.com
47,Hubert Ten Broek,58597 Bobwhite Terrace,45454,OH,hten1a@comcast.net
48,Vanni Harryman,1 Johnson Trail,29905,SC,vharryman1b@dedecms.com
49,Donnajean Hobden,4 Toban Road,28225,NC,dhobden1c@meetup.com
50,Rourke Diego,359 Grim Road,77025,TX,rdiego1d@facebook.com
51,Elayne Asty,83 Logan Drive,77035,TX,easty1e@opensource.org
52,Brod Nickerson,6 Doe Crossing Circle,25336,WV,bnickerson1f@stumbleupon.com
53,Dunstan Illem,7 Pennsylvania Circle,71914,AR,dillem1g@cyberchimps.com
54,Jesus Aristide,87843 Hudson Pass,89166,NV,jaristide1h@house.gov
55,Adey Deehan,80975 Walton Park,38114,TN,adeehan1i@noaa.gov
56,Eolanda Caseley,91 Sutherland Avenue,93709,CA,ecaseley1j@phpbb.com
57,Anabelle Glanvill,6907 Steensland Street,84130,UT,aglanvill1k@soundcloud.com
58,Aurthur Tippett,66 Summit Circle,25336,WV,atippett1l@goo.ne.jp
59,Mary Farley,7 Bluestem Parkway,92662,CA,mfarley1m@wikia.com
60,Amity Syrett,68406 Annamark Lane,62525,IL,asyrett1n@redcross.org
61,Nyssa Prose,06 Ridgeway Terrace,32304,FL,nprose1o@nature.com
62,Julio Reyner,15632 Butternut Drive,59806,MT,jreyner1p@ucla.edu
63,Frayda Billing,2449 Randy Way,10131,NY,fbilling1q@nasa.gov
64,Jarvis Bowich,6716 5th Plaza,26505,WV,jbowich1r@ebay.co.uk
65,Jabez Ortmann,55 Eagle Crest Point,30358,GA,jortmann1s@ebay.co.uk
66,Ingelbert Jales,360 Mariners Cove Terrace,10160,NY,ijales1t@bbc.co.uk
67,Yvon Alwood,972 Westport Junction,38131,TN,yalwood1u@yahoo.co.jp
68,Deni Feye,7372 Sycamore Way,22156,VA,dfeye1v@t.co
69,Cortie Luparto,5745 Hanover Plaza,84409,UT,cluparto1w@nba.com
70,Taite Brockest,7723 Gina Drive,66225,KS,tbrockest1x@discuz.net
71,Lee Bollini,67 Stone Corner Lane,20904,MD,lbollini1y@soundcloud.com
72,Lonnie Ralls,4 Ryan Terrace,94605,CA,lralls1z@i2i.jp
73,Trevor Cuesta,252 Debra Drive,20231,DC,tcuesta20@ocn.ne.jp
74,Elladine Cristoforetti,0 Burrows Pass,80945,CO,ecristoforetti21@princeton.edu
75,Hermann Mapletoft,74435 Lien Place,92555,CA,hmapletoft22@bbb.org
76,Norri Valder,29 International Junction,32526,FL,nvalder23@miitbeian.gov.cn
77,Vernen Pimblotte,3 Barby Point,93305,CA,vpimblotte24@cnet.com
78,Hammad Nozzolii,2444 Division Court,29208,SC,hnozzolii25@wikia.com
79,Em Braxton,20 Algoma Lane,33330,FL,ebraxton26@gnu.org
80,Katharine O'Corren,3538 Delaware Drive,20580,DC,kocorren27@123-reg.co.uk
81,Berky Hoonahan,2787 Memorial Junction,36622,AL,bhoonahan28@amazon.com
82,Patty Luff,19902 Cascade Crossing,25331,WV,pluff29@imageshack.us
83,Jenine McCallum,6 Sutherland Pass,44321,OH,jmccallum2a@mail.ru
84,Dayna Blowin,567 5th Center,79905,TX,dblowin2b@psu.edu
85,Erastus Arlt,6 Wayridge Street,48555,MI,earlt2c@bigcartel.com
86,Tandy Banane,0 Sauthoff Terrace,60641,IL,tbanane2d@bravesites.com
87,Morty Concannon,8436 Evergreen Alley,35895,AL,mconcannon2e@mashable.com
88,Lamont Squirrel,74 Dahle Way,70154,LA,lsquirrel2f@simplemachines.org
89,Dennison Kettlesting,09675 Dovetail Parkway,49018,MI,dkettlesting2g@unblog.fr
90,Lani Shafto,4 Beilfuss Way,80223,CO,lshafto2h@pen.io
91,Tally Shury,8 Granby Hill,32964,FL,tshury2i@yahoo.com
92,Poppy Doxsey,91531 Anzinger Junction,60158,IL,pdoxsey2j@blogs.com
93,Susanna Brandacci,48361 Caliangt Center,01654,MA,sbrandacci2k@privacy.gov.au
94,Sanford Adicot,4113 Summer Ridge Junction,98140,WA,sadicot2l@sphinn.com
95,Gerek Wenderoth,54945 Farragut Pass,47812,IN,gwenderoth2m@nature.com
96,Glynis Gallally,79 2nd Drive,35805,AL,ggallally2n@cbslocal.com
97,Glyn Curry,242 Rowland Trail,14210,NY,gcurry2o@hugedomains.com
98,Barde Veness,84 Southridge Circle,33661,FL,bveness2p@furl.net
99,Laverna Mugglestone,51 Leroy Street,55805,MN,lmugglestone2q@newyorker.com
100,Kathy Hitchens,21 Mayer Place,30905,GA,khitchens2r@wunderground.com
101,Nat Robberts,4 Golf Course Avenue,45254,OH,nrobberts2s@comcast.net
102,Bren Lung,21993 Colorado Plaza,02124,MA,blung2t@apache.org
103,Drugi Alesbrook,1657 Westridge Place,02162,MA,dalesbrook2u@addtoany.com
104,Rickard Batistelli,0 Main Parkway,33432,FL,rbatistelli2v@tamu.edu
105,Sinclare Lorenzetto,7 Sheridan Center,24020,VA,slorenzetto2w@amazon.com
106,Mareah Mardee,8 Barby Hill,78250,TX,mmardee2x@shareasale.com
107,Lydon Leebeter,68 Tomscot Drive,34642,FL,lleebeter2y@csmonitor.com
108,Joey O'Gormley,9 Eagle Crest Circle,53710,WI,jogormley2z@infoseek.co.jp
109,Bartie People,2828 Onsgard Place,43635,OH,bpeople30@cpanel.net
110,Griff Moehle,07 Village Hill,32835,FL,gmoehle31@google.cn
111,Calhoun Juleff,9 Kim Lane,25313,WV,cjuleff32@cargocollective.com
112,Jody Hirschmann,49162 Becker Pass,93106,CA,jhirschmann33@wikimedia.org
113,Whitby Whichelow,33 Shelley Junction,32595,FL,wwhichelow34@usnews.com
114,Osbourne O'Hartnedy,35 Mifflin Terrace,10464,NY,oohartnedy35@storify.com
115,Farlie Tibald,48148 Del Sol Road,34620,FL,ftibald36@shareasale.com
116,Adel Paulton,4741 Mifflin Alley,33811,FL,apaulton37@bizjournals.com
117,Bunnie Mushawe,61503 Carberry Plaza,14619,NY,bmushawe38@youtu.be
118,Penny Congdon,260 Sauthoff Plaza,07310,NJ,pcongdon39@cmu.edu
119,Maurizio Oakly,4299 Oak Center,75372,TX,moakly3a@yelp.com
120,Rickard Hullin,91363 Michigan Terrace,87140,NM,rhullin3b@lulu.com
121,Cecile Hearons,7642 Lunder Trail,65810,MO,chearons3c@instagram.com
122,Bartel Bonhan,9818 Ohio Pass,50393,IA,bbonhan3d@smugmug.com
123,Hetti Brinicombe,62 Hovde Court,94110,CA,hbrinicombe3e@blinklist.com
124,Madeline Tull,34 Eggendart Crossing,80249,CO,mtull3f@stumbleupon.com
125,Angelina Miko,319 Old Gate Point,47705,IN,amiko3g@va.gov
126,Kendal Blow,18183 Thackeray Parkway,33325,FL,kblow3h@arizona.edu
127,Alidia Luciano,99915 Logan Center,36114,AL,aluciano3i@tripadvisor.com
128,Gustave Smallridge,90366 Florence Way,12262,NY,gsmallridge3j@people.com.cn
129,Fanya Petkens,88 Burrows Drive,80217,CO,fpetkens3k@mail.ru
130,Orran Morville,5 Kennedy Drive,75287,TX,omorville3l@1und1.de
131,Emmanuel Esson,43049 Cherokee Drive,76796,TX,eesson3m@newyorker.com
132,Gunner MacDirmid,85 Northfield Trail,30905,GA,gmacdirmid3n@bloomberg.com
133,Judye Allenson,9 American Road,32919,FL,jallenson3o@skype.com
134,Agnese Dumbreck,131 American Circle,98405,WA,adumbreck3p@yahoo.co.jp
135,Mirabelle Dowrey,078 Gerald Place,33034,FL,mdowrey3q@sina.com.cn
136,Letta Marvelley,01585 Bartelt Pass,19495,PA,lmarvelley3r@bravesites.com
137,Klara Tilly,4229 8th Junction,20051,DC,ktilly3s@hostgator.com
138,Nissy Woodhall,715 Nancy Trail,89510,NV,nwoodhall3t@imdb.com
139,Gris Riddles,69104 Clyde Gallagher Point,95813,CA,griddles3u@deviantart.com
140,Jessa Brymham,479 Loomis Hill,89178,NV,jbrymham3v@tiny.cc
141,Jamison Reuven,23 Old Shore Avenue,85284,AZ,jreuven3w@irs.gov
142,Selene Szymanski,125 Ryan Lane,99599,AK,sszymanski3x@ycombinator.com
143,Maddi Yesinov,646 Fairview Parkway,24009,VA,myesinov3y@trellian.com
144,Irvine Sunshine,9 Rigney Circle,32969,FL,isunshine3z@friendfeed.com
145,Zarla Parnaby,764 Macpherson Road,21239,MD,zparnaby40@stumbleupon.com
146,Teresa Dabernott,386 Veith Street,10060,NY,tdabernott41@japanpost.jp
147,Sheelagh Cordeau,3583 Dovetail Junction,93034,CA,scordeau42@tripadvisor.com
148,Ulrica Dewett,23 Messerschmidt Way,99517,AK,udewett43@nationalgeographic.com
149,Chan Gillbe,97798 High Crossing Trail,35236,AL,cgillbe44@usa.gov
150,Egon Palfrey,40 Vidon Place,22156,VA,epalfrey45@squidoo.com
151,Tonie Rockcliff,6176 Harper Trail,36119,AL,trockcliff46@altervista.org
152,Arturo Linde,4 Shoshone Point,40515,KY,alinde47@yahoo.com
153,Peri Sillett,24 Old Shore Street,27605,NC,psillett48@tumblr.com
154,Salim Daffey,7749 Namekagon Road,88514,TX,sdaffey49@ucsd.edu
155,Bernadine Lidden,323 Anniversary Trail,02912,RI,blidden4a@tinyurl.com
156,Theresita Ringrose,4 Dexter Way,45264,OH,tringrose4b@gov.uk
157,Cy Kaye,78 Mariners Cove Court,43215,OH,ckaye4c@last.fm
158,Hildegaard Georger,4 Hudson Point,90410,CA,hgeorger4d@globo.com
159,Maddie Crain,26019 Northfield Plaza,71208,LA,mcrain4e@stanford.edu
160,Hubie Veldman,7859 Rusk Trail,19605,PA,hveldman4f@multiply.com
161,Leicester Whaplington,29 Nelson Parkway,29220,SC,lwhaplington4g@wunderground.com
162,Lillian Middiff,5340 Bellgrove Plaza,33315,FL,lmiddiff4h@posterous.com
163,Rudd Greensite,2 Gina Terrace,02162,MA,rgreensite4i@smh.com.au
164,Wallas Ryton,8 Spohn Lane,79916,TX,wryton4j@noaa.gov
165,Margette Garfitt,41 Longview Junction,20078,DC,mgarfitt4k@time.com
166,Joline Cottage,80870 Northland Alley,33742,FL,jcottage4l@dion.ne.jp
167,Anabel Pugh,56032 Village Point,75037,TX,apugh4m@nbcnews.com
168,Eward Guilloton,699 Brickson Park Drive,58207,ND,eguilloton4n@vimeo.com
169,Keeley Eves,284 Bunker Hill Junction,78744,TX,keves4o@constantcontact.com
170,Herta Odlin,2 Ilene Crossing,77228,TX,hodlin4p@marriott.com
171,Leo Maggill'Andreis,88 Upham Park,95852,CA,lmaggillandreis4q@bandcamp.com
172,Randolf Chinge de Hals,00842 Claremont Terrace,95194,CA,rchinge4r@washingtonpost.com
173,West Ketteridge,3 Bultman Road,06152,CT,wketteridge4s@goo.gl
174,Findlay Starkings,13 Manley Point,11215,NY,fstarkings4t@example.com
175,Birk Kenna,79655 Mariners Cove Hill,45426,OH,bkenna4u@stumbleupon.com
176,Charyl Belfelt,1 Merchant Place,98907,WA,cbelfelt4v@addtoany.com
177,Leonardo McGifford,5889 Prairie Rose Pass,33994,FL,lmcgifford4w@unesco.org
178,Denise Bricknall,8524 Elka Alley,27499,NC,dbricknall4x@irs.gov
179,Bogart Diess,9590 Buhler Junction,10184,NY,bdiess4y@bbc.co.uk
180,Sanford Giacoppo,55 Springs Parkway,92640,CA,sgiacoppo4z@tiny.cc
181,Trace Petriello,81 Dovetail Terrace,10184,NY,tpetriello50@ocn.ne.jp
182,Orville Poizer,2223 Spenser Junction,55146,MN,opoizer51@fema.gov
183,Novelia Mapledoore,29240 Hovde Circle,92878,CA,nmapledoore52@yellowbook.com
184,Cordie Kopecka,74 New Castle Lane,40505,KY,ckopecka53@java.com
185,Rowen Warrilow,51866 Nobel Terrace,10606,NY,rwarrilow54@newsvine.com
186,Wilone Cund,500 Arrowood Court,85025,AZ,wcund55@goo.ne.jp
187,Patrica Pfeiffer,50292 Mcguire Lane,61651,IL,ppfeiffer56@google.com.au
188,Julienne Rothery,723 Boyd Point,49544,MI,jrothery57@cnet.com
189,Adham Erasmus,22755 Glendale Terrace,89012,NV,aerasmus58@statcounter.com
190,Cate Manoelli,29295 Mcbride Road,83732,ID,cmanoelli59@google.ru
191,Mollie Rains,27 Forster Trail,89012,NV,mrains5a@wp.com
192,Arlana Ceaser,281 Tony Plaza,32595,FL,aceaser5b@ebay.co.uk
193,Sarita Alty,2 Golf Course Terrace,23551,VA,salty5c@ihg.com
194,Shauna Tilzey,895 Bunting Crossing,96820,HI,stilzey5d@instagram.com
195,Berne Lantiff,14785 Barby Hill,32859,FL,blantiff5e@cbc.ca
196,Cassy Wallbrook,56 Cody Trail,79916,TX,cwallbrook5f@merriam-webster.com
197,Juieta Arendt,254 5th Avenue,52804,IA,jarendt5g@google.com.br
198,Alysia Petzold,730 Gina Center,90071,CA,apetzold5h@weebly.com
199,Lucais Grebner,160 Raven Hill,99220,WA,lgrebner5i@tamu.edu
200,Ewan Pandie,77501 Thackeray Circle,85025,AZ,epandie5j@twitter.com
201,Katti Seggie,3 Corscot Pass,78205,TX,kseggie5k@gizmodo.com
202,Rheba Style,6 Starling Park,93591,CA,rstyle5l@tinypic.com
203,Vinny Geane,2979 Sage Road,90081,CA,vgeane5m@shareasale.com
204,Bernadine Andrzejak,756 Eggendart Road,53726,WI,bandrzejak5n@mediafire.com
205,Ellary Nashe,05794 Old Gate Alley,98127,WA,enashe5o@utexas.edu
206,Becka Gallafant,3202 Macpherson Park,19093,PA,bgallafant5p@com.com
207,Shoshanna Derisley,56689 Londonderry Drive,32526,FL,sderisley5q@discovery.com
208,Cesar Goodluck,641 Fallview Trail,94405,CA,cgoodluck5r@state.gov
209,Erda Nussen,7112 Upham Junction,92805,CA,enussen5s@unblog.fr
210,Fayth Dransfield,406 Talmadge Street,55115,MN,fdransfield5t@istockphoto.com
211,Thorpe Dureden,9087 Reindahl Way,44111,OH,tdureden5u@cdc.gov
212,Elvis Kilshall,31775 David Junction,94042,CA,ekilshall5v@ucsd.edu
213,Winni L' Estrange,8 Shasta Court,32825,FL,wl5w@csmonitor.com
214,Faina Krinks,031 Northview Court,87201,NM,fkrinks5x@yale.edu
215,Hyatt Tilliards,61748 Veith Street,98158,WA,htilliards5y@thetimes.co.uk
216,Hedwig Wadmore,826 Monica Way,80223,CO,hwadmore5z@quantcast.com
217,Maura Grundon,77 Nelson Junction,37250,TN,mgrundon60@time.com
218,Josy Heliet,6 Pawling Drive,90810,CA,jheliet61@jimdo.com
219,Martha Gudahy,2438 Mallory Avenue,45208,OH,mgudahy62@noaa.gov
220,Gerianna Chirm,88 Thompson Drive,95205,CA,gchirm63@loc.gov
221,Waneta Culross,1 Comanche Circle,33261,FL,wculross64@constantcontact.com
222,Lonni Shottin,3427 Bultman Hill,66225,KS,lshottin65@studiopress.com
223,Emera Kippin,81845 Helena Park,01152,MA,ekippin66@mit.edu
224,Keefe Setchfield,2576 Oriole Plaza,90610,CA,ksetchfield67@elegantthemes.com
225,Marlin Lammenga,54485 Green Center,30380,GA,mlammenga68@artisteer.com
226,Randee Rhodes,319 Glendale Lane,15230,PA,rrhodes69@phoca.cz
227,Alexandros McGarrell,0 Reindahl Hill,24034,VA,amcgarrell6a@apache.org
228,El Stanyan,72219 Carberry Parkway,38150,TN,estanyan6b@microsoft.com
229,Tommie Zealey,68 Tony Circle,79769,TX,tzealey6c@google.de
230,Danyelle Bawcock,2 Norway Maple Trail,32220,FL,dbawcock6d@berkeley.edu
231,Bernie Dislee,8774 Donald Avenue,82007,WY,bdislee6e@irs.gov
232,Dorolisa Whitfield,93 School Center,80249,CO,dwhitfield6f@nydailynews.com
233,Sophronia Greenroyd,69 Toban Street,19196,PA,sgreenroyd6g@psu.edu
234,Rebekkah Moffet,11387 Lighthouse Bay Pass,14215,NY,rmoffet6h@edublogs.org
235,Janice Elkins,584 Vermont Circle,32590,FL,jelkins6i@wordpress.org
236,Tonnie Catterell,3 Kinsman Way,98682,WA,tcatterell6j@yellowbook.com
237,Harvey Redd,88 Dahle Park,20299,DC,hredd6k@soundcloud.com
238,Kendra Trappe,7 Bluestem Center,95865,CA,ktrappe6l@slate.com
239,Charyl Shatliff,16 Bashford Center,40510,KY,cshatliff6m@boston.com
240,Elita Meriot,06 Ruskin Lane,35205,AL,emeriot6n@sourceforge.net
241,Niko Ower,24512 Fallview Terrace,20238,DC,nower6o@howstuffworks.com
242,Van Braunlein,86158 Judy Road,22119,VA,vbraunlein6p@constantcontact.com
243,Stefa Giacomazzo,7821 Fisk Place,33661,FL,sgiacomazzo6q@toplist.cz
244,Matilda Pym,17 Fisk Drive,20005,DC,mpym6r@arizona.edu
245,Rosaleen Gemeau,57153 Lakeland Park,35215,AL,rgemeau6s@weather.com
246,Tasha McCallam,8663 High Crossing Drive,22309,VA,tmccallam6t@canalblog.com
247,Renate Kemball,4 Gerald Parkway,31998,GA,rkemball6u@tinypic.com
248,Boyd Jeune,75 Holmberg Center,36670,AL,bjeune6v@techcrunch.com
249,Boigie Matteucci,54459 Coolidge Court,74103,OK,bmatteucci6w@adobe.com
250,Bartolemo Grimsditch,1 Sachtjen Court,92170,CA,bgrimsditch6x@quantcast.com
251,Cayla Hakonsen,17137 Chive Alley,99512,AK,chakonsen6y@google.cn
252,Hobart Perone,11 Kenwood Terrace,47134,IN,hperone6z@dailymotion.com
253,Doll Jelfs,160 Lotheville Hill,30316,GA,djelfs70@uol.com.br
254,Colet Cattemull,4 Summit Way,01610,MA,ccattemull71@oakley.com
255,Hedvige Ciepluch,37740 Merrick Trail,70826,LA,hciepluch72@stumbleupon.com
256,Frederigo Briton,56998 Parkside Circle,78260,TX,fbriton73@yellowpages.com
257,Trish Choulerton,29 Florence Drive,78769,TX,tchoulerton74@who.int
258,Martie Bavister,48032 Golden Leaf Road,38150,TN,mbavister75@usatoday.com
259,Ashien Zanini,04968 Maple Court,85311,AZ,azanini76@delicious.com
260,Shurlocke Fowlie,540 Melby Terrace,02298,MA,sfowlie77@unc.edu
261,Benny Melan,1217 Mariners Cove Terrace,20392,DC,bmelan78@twitpic.com
262,Saw Kneeland,79 Dapin Alley,76705,TX,skneeland79@list-manage.com
263,June O'Toole,73661 Forest Center,77343,TX,jotoole7a@seesaa.net
264,Ely Bird,4855 Golf Court,20046,DC,ebird7b@etsy.com
265,Elspeth Swatridge,45934 Canary Court,89155,NV,eswatridge7c@ezinearticles.com
266,Junina Tidy,583 Dixon Junction,87201,NM,jtidy7d@fastcompany.com
267,Genevieve Edgeson,7647 Susan Avenue,93907,CA,gedgeson7e@clickbank.net
268,Georgy Gullan,77823 Luster Terrace,94257,CA,ggullan7f@google.fr
269,Deanna MacQuarrie,39930 Jenifer Lane,40280,KY,dmacquarrie7g@newsvine.com
270,Randal Wyett,71 Mcguire Street,32209,FL,rwyett7h@un.org
271,Aubrey Demchen,8344 Starling Place,48242,MI,ademchen7i@ow.ly
272,Demetris Ducarel,348 Fulton Street,30066,GA,dducarel7j@deviantart.com
273,Essa Nacey,452 Hazelcrest Plaza,92867,CA,enacey7k@canalblog.com
274,Andeee Storm,1934 Spohn Terrace,61651,IL,astorm7l@yellowbook.com
275,Janis Iceton,63134 Twin Pines Drive,98133,WA,jiceton7m@loc.gov
276,Deeanne Semper,45105 Dawn Point,38119,TN,dsemper7n@cyberchimps.com
277,Kaile MacGovern,1645 Sundown Pass,76147,TX,kmacgovern7o@ed.gov
278,Jolie Burrells,98480 Linden Park,02124,MA,jburrells7p@mapquest.com
279,Paco Brabbs,51 Sachs Crossing,33325,FL,pbrabbs7q@indiegogo.com
280,Anabella Dunkersley,9 Sutherland Pass,77554,TX,adunkersley7r@webs.com
281,Lonnard Faragher,60 Bellgrove Parkway,30096,GA,lfaragher7s@cam.ac.uk
282,Loralie Andriessen,26283 Ruskin Hill,15261,PA,landriessen7t@accuweather.com
283,Mala Baudasso,46 Bay Trail,25326,WV,mbaudasso7u@epa.gov
284,Betsy Layburn,100 Buhler Street,54915,WI,blayburn7v@google.fr
285,Doro Singleton,4 Prairieview Road,61635,IL,dsingleton7w@hatena.ne.jp
286,Odie Tulleth,4693 Thackeray Junction,40287,KY,otulleth7x@theatlantic.com
287,Garnet Mattholie,501 Luster Circle,46278,IN,gmattholie7y@un.org
288,Caz Badham,9 5th Terrace,14639,NY,cbadham7z@booking.com
289,Bertha Vedstra,491 Algoma Street,02305,MA,bvedstra80@ibm.com
290,Veronica Hambleton,730 John Wall Pass,34210,FL,vhambleton81@amazon.co.uk
291,Polly Giamitti,8308 Carpenter Trail,97229,OR,pgiamitti82@friendfeed.com
292,Conant Pattesall,7314 Saint Paul Center,95150,CA,cpattesall83@storify.com
293,Thorndike Drury,4892 Rutledge Center,32092,FL,tdrury84@cam.ac.uk
294,Jaquelyn Ganning,70 Mifflin Plaza,76305,TX,jganning85@scientificamerican.com
295,Orland Gutherson,42840 Eastlawn Point,37665,TN,ogutherson86@gov.uk
296,Elnar Mirando,57 Declaration Hill,48555,MI,emirando87@livejournal.com
297,Shurlocke Gercken,25 Garrison Plaza,53785,WI,sgercken88@indiegogo.com
298,Codi Kubczak,1 Sommers Drive,75277,TX,ckubczak89@google.es
299,Putnam Wilsher,48 Gerald Drive,76011,TX,pwilsher8a@comsenz.com
300,Tallie Cokayne,73 Logan Street,15220,PA,tcokayne8b@mapquest.com
301,Bell Sidle,6 Buell Parkway,28263,NC,bsidle8c@dailymail.co.uk
302,Carr Grinin,3374 Hansons Terrace,20062,DC,cgrinin8d@squarespace.com
303,Arleen Piddle,96 Nova Point,10249,NY,apiddle8e@arstechnica.com
304,Beatrice Lindmark,58252 School Terrace,52405,IA,blindmark8f@aol.com
305,Scarface Wattam,2 Alpine Street,20210,DC,swattam8g@yandex.ru
306,Queenie Geach,23 Schmedeman Court,20892,MD,qgeach8h@mozilla.com
307,Rena Mulvihill,6782 Thackeray Terrace,80255,CO,rmulvihill8i@dell.com
308,Dael Rubery,43 Lien Lane,93704,CA,drubery8j@toplist.cz
309,Tibold Audenis,537 Garrison Trail,35231,AL,taudenis8k@wordpress.org
310,Padgett Folonin,71 Katie Place,77554,TX,pfolonin8l@apache.org
311,Cordey Hailwood,637 Service Street,63116,MO,chailwood8m@dion.ne.jp
312,Stanwood Garley,1 Lillian Point,70826,LA,sgarley8n@bbb.org
313,Tomkin Darth,83117 Service Circle,92186,CA,tdarth8o@hexun.com
314,Emmaline Huddleston,94071 Mayer Alley,78215,TX,ehuddleston8p@nytimes.com
315,Emmalyn Nipper,0322 Acker Hill,90050,CA,enipper8q@tuttocitta.it
316,Abner Dedrick,82884 Summer Ridge Drive,29203,SC,adedrick8r@tumblr.com
317,Maryanne Keddle,192 Cottonwood Junction,33134,FL,mkeddle8s@networkadvertising.org
318,Sibella Hakeworth,342 Emmet Way,73190,OK,shakeworth8t@ibm.com
319,Edith Ianelli,49 Dwight Lane,80235,CO,eianelli8u@oaic.gov.au
320,Cicily Rove,358 Annamark Lane,92153,CA,crove8v@weather.com
321,Patton Chowne,08 Harbort Court,44310,OH,pchowne8w@ed.gov
322,Dolli Barrick,67 Straubel Plaza,22234,VA,dbarrick8x@spiegel.de
323,Ogdan Treadgold,6873 Kinsman Drive,80910,CO,otreadgold8y@hubpages.com
324,Weston Thirst,9516 Northview Plaza,80279,CO,wthirst8z@google.com.hk
325,Harlin Dimeloe,843 Dahle Point,31136,GA,hdimeloe90@technorati.com
326,Phaidra Vauls,53487 Sycamore Park,45432,OH,pvauls91@ucsd.edu
327,Hannah Pietruszewicz,12516 American Ash Lane,91406,CA,hpietruszewicz92@blog.com
328,Warren Lethley,71 Onsgard Drive,11024,NY,wlethley93@yale.edu
329,Kassia Radish,91 Red Cloud Terrace,28299,NC,kradish94@phpbb.com
330,Lulita Keaton,33021 Victoria Avenue,59112,MT,lkeaton95@homestead.com
331,Hersch Confort,76 Laurel Street,32909,FL,hconfort96@ted.com
332,Boris Snyder,1 Macpherson Plaza,20238,DC,bsnyder97@phpbb.com
333,Cly Stirley,00805 Stephen Junction,80270,CO,cstirley98@gizmodo.com
334,Maire Luby,905 John Wall Crossing,53705,WI,mluby99@t-online.de
335,Clarabelle Gabbitas,25 Green Ridge Pass,55423,MN,cgabbitas9a@163.com
336,Regan MacIlurick,840 Westport Court,40280,KY,rmacilurick9b@wikimedia.org
337,Conny Pannaman,4 Crownhardt Alley,38197,TN,cpannaman9c@cnet.com
338,Ginelle Nund,283 Troy Lane,20067,DC,gnund9d@cargocollective.com
339,Allister Stroton,3 Manley Way,30066,GA,astroton9e@kickstarter.com
340,Heath Chant,47881 Nelson Lane,32314,FL,hchant9f@amazon.co.jp
341,Marchall Chisnell,32348 Sutteridge Street,78405,TX,mchisnell9g@dedecms.com
342,Sephira Hannent,08 International Place,64149,MO,shannent9h@tripod.com
343,Carolann Lively,44554 Luster Plaza,36114,AL,clively9i@ebay.com
344,Andromache Monksfield,28244 Doe Crossing Avenue,44191,OH,amonksfield9j@oracle.com
345,Lucinda Skirvane,55 Merchant Avenue,75241,TX,lskirvane9k@surveymonkey.com
346,Gerda Anscombe,2145 Marquette Parkway,10079,NY,ganscombe9l@live.com
347,Jacinda Hekkert,5 Monument Junction,75323,TX,jhekkert9m@desdev.cn
348,Florri Axford,65357 Hooker Hill,29240,SC,faxford9n@domainmarket.com
349,Onida Burnham,260 Prentice Center,85053,AZ,oburnham9o@hc360.com
350,Anthea Pook,258 Dawn Point,06505,CT,apook9p@ox.ac.uk
351,Jemie Alfonsini,0679 Ilene Way,10184,NY,jalfonsini9q@icq.com
352,Elfie Whiteoak,108 High Crossing Place,20784,MD,ewhiteoak9r@quantcast.com
353,Kelcie Pevreal,85049 Susan Junction,30092,GA,kpevreal9s@sbwire.com
354,Joe Burgh,5 Rowland Way,76905,TX,jburgh9t@istockphoto.com
355,Godard Bursnoll,200 Troy Lane,45203,OH,gbursnoll9u@people.com.cn
356,Annabelle McAleese,3 Sheridan Hill,95973,CA,amcaleese9v@php.net
357,Cletus Lamberts,2 Scott Point,45490,OH,clamberts9w@umich.edu
358,Corry McGeown,706 Lunder Lane,98411,WA,cmcgeown9x@instagram.com
359,Felipa Hurran,5 Waubesa Park,55407,MN,fhurran9y@nsw.gov.au
360,Claudell Hales,9 Drewry Place,36119,AL,chales9z@ed.gov
361,Fergus Yushin,02 Red Cloud Way,45228,OH,fyushina0@prnewswire.com
362,Casie Stenson,516 Ludington Park,33625,FL,cstensona1@twitpic.com
363,Nariko Mattisson,6 Thackeray Point,08608,NJ,nmattissona2@gov.uk
364,Joletta Bevis,94963 Heath Plaza,10175,NY,jbevisa3@issuu.com
365,Clovis Clint,21 Talisman Circle,21203,MD,cclinta4@blog.com
366,Janice Hardiman,29 Corben Junction,64125,MO,jhardimana5@cyberchimps.com
367,Halie Cotty,65 Gina Avenue,27621,NC,hcottya6@imdb.com
368,Forest Estrella,2826 Grasskamp Avenue,28410,NC,festrellaa7@merriam-webster.com
369,Keeley Bonallick,54 2nd Plaza,10464,NY,kbonallicka8@fema.gov
370,Samantha Taffarello,80 Corry Trail,27635,NC,staffarelloa9@foxnews.com
371,Cora Joseph,914 Cascade Court,28305,NC,cjosephaa@goo.gl
372,Adrien Monnelly,5 Pawling Place,98498,WA,amonnellyab@nih.gov
373,Ruthann Diglin,90497 Arrowood Street,91109,CA,rdiglinac@amazon.de
374,Joceline Fellis,23051 Hooker Point,45271,OH,jfellisad@hatena.ne.jp
375,Sven Hannabus,18 Fremont Terrace,19109,PA,shannabusae@howstuffworks.com
376,Maybelle Pendle,428 Spohn Hill,79118,TX,mpendleaf@sourceforge.net
377,Lenore Pendleberry,39 Twin Pines Center,36628,AL,lpendleberryag@etsy.com
378,Joya Cissell,151 Dakota Alley,14215,NY,jcissellah@amazon.co.uk
379,Inger Muffin,249 Grayhawk Street,44125,OH,imuffinai@unblog.fr
380,Maure Clint,54763 Forest Dale Alley,10079,NY,mclintaj@t-online.de
381,Rae Hindenberger,4 Sycamore Hill,43226,OH,rhindenbergerak@toplist.cz
382,Norrie Headrick,2 Cardinal Parkway,80262,CO,nheadrickal@google.es
383,Kendra Currie,1 Mifflin Way,90045,CA,kcurrieam@dailymail.co.uk
384,Brose Farrants,51502 Brentwood Street,75185,TX,bfarrantsan@columbia.edu
385,Orelee Minto,29 Sycamore Avenue,68517,NE,omintoao@ning.com
386,Ardella Gurling,8946 Messerschmidt Center,97255,OR,agurlingap@eepurl.com
387,Davey Rentoll,995 Delaware Circle,63136,MO,drentollaq@parallels.com
388,Hedvige Rettie,820 Manley Lane,89012,NV,hrettiear@globo.com
389,Edmon Gracey,41129 Melby Center,90087,CA,egraceyas@engadget.com
390,Brittan Moralee,23 Columbus Avenue,87110,NM,bmoraleeat@ox.ac.uk
391,Winfield Denerley,519 Lien Parkway,60669,IL,wdenerleyau@istockphoto.com
392,Nils Corps,75409 Arapahoe Trail,71161,LA,ncorpsav@princeton.edu
393,Omar Donaldson,2382 Susan Terrace,92725,CA,odonaldsonaw@nhs.uk
394,Merry Sandells,20 Moose Circle,75241,TX,msandellsax@ftc.gov
395,Terza Escofier,76691 Waubesa Court,13505,NY,tescofieray@issuu.com
396,Domini Baglow,9 New Castle Way,58207,ND,dbaglowaz@wisc.edu
397,Mel MattiCCI,5 Jenna Way,31205,GA,mmatticcib0@ycombinator.com
398,Lori Beckett,572 Tomscot Court,78230,TX,lbeckettb1@google.com.hk
399,Dody Delgaty,6 Delladonna Hill,32277,FL,ddelgatyb2@youtu.be
400,Daisy Woolcocks,33168 Corscot Parkway,71914,AR,dwoolcocksb3@mlb.com
401,Minnnie Stitson,3923 Pearson Court,94280,CA,mstitsonb4@usatoday.com
402,Francisca Poate,2 Graedel Terrace,77343,TX,fpoateb5@about.me
403,Adelle Matthiesen,060 Hansons Pass,55108,MN,amatthiesenb6@simplemachines.org
404,Yehudi Caple,840 Lillian Avenue,32595,FL,ycapleb7@surveymonkey.com
405,Conan Mensler,0041 Bunting Center,60614,IL,cmenslerb8@google.cn
406,Melicent Gummie,815 Farwell Lane,32277,FL,mgummieb9@ask.com
407,Bourke Burkett,3 Merrick Point,66622,KS,bburkettba@ow.ly
408,Thomasina Londer,309 Oneill Circle,60686,IL,tlonderbb@csmonitor.com
409,Cesare Swatradge,1207 Derek Circle,94286,CA,cswatradgebc@oracle.com
410,Ursula Akister,2559 Steensland Circle,08603,NJ,uakisterbd@craigslist.org
411,Noah Crosson,92424 Thackeray Avenue,88584,TX,ncrossonbe@printfriendly.com
412,Morse Grise,64551 Colorado Center,80005,CO,mgrisebf@pen.io
413,Vonny Stronough,84358 East Drive,10120,NY,vstronoughbg@hp.com
414,Tonya Gussie,6 Bobwhite Parkway,29208,SC,tgussiebh@apple.com
415,Dyan Milmore,079 Mockingbird Lane,11480,NY,dmilmorebi@livejournal.com
416,Clayton Duchateau,2 Haas Way,92056,CA,cduchateaubj@blogtalkradio.com
417,Elwyn McCaighey,9 Esker Way,55417,MN,emccaigheybk@imdb.com
418,Kareem Allain,64 Michigan Trail,74116,OK,kallainbl@stanford.edu
419,Conant Ciciura,8 Pine View Trail,98175,WA,cciciurabm@fda.gov
420,Xylia Petrou,96 Johnson Way,77060,TX,xpetroubn@sourceforge.net
421,Diandra Curnnok,8 4th Circle,24020,VA,dcurnnokbo@thetimes.co.uk
422,Harmon Marcham,88 Hauk Way,27717,NC,hmarchambp@istockphoto.com
423,Adora Emeney,3 5th Pass,14619,NY,aemeneybq@posterous.com
424,Alikee Mungin,27934 Weeping Birch Point,62794,IL,amunginbr@zdnet.com
425,Krista Saffran,11 Lillian Drive,22096,VA,ksaffranbs@plala.or.jp
426,Bordie Neising,16 Mccormick Terrace,92835,CA,bneisingbt@techcrunch.com
427,Bobby Rampley,2 Ilene Terrace,11254,NY,brampleybu@stumbleupon.com
428,Benjy MacDougall,7858 Dahle Lane,96835,HI,bmacdougallbv@smh.com.au
429,Muffin Snelman,5 Hallows Crossing,49544,MI,msnelmanbw@reuters.com
430,Amargo Pryer,51 Continental Avenue,40745,KY,apryerbx@bbc.co.uk
431,Brigida Keyzman,96841 Westend Park,63104,MO,bkeyzmanby@bigcartel.com
432,Gris Sealy,3 Reinke Terrace,38150,TN,gsealybz@fotki.com
433,Ritchie Van Brug,4660 Arkansas Center,30022,GA,rvanc0@businesswire.com
434,Hamid Andreuzzi,2 Amoth Lane,79999,TX,handreuzzic1@sourceforge.net
435,Shantee Jendrach,8488 Homewood Park,20530,DC,sjendrachc2@zimbio.com
436,Rosemary Watkinson,57514 Hooker Lane,99522,AK,rwatkinsonc3@addtoany.com
437,Olimpia Crufts,565 Kinsman Terrace,48670,MI,ocruftsc4@dailymail.co.uk
438,Conny Forst,5370 Grover Parkway,70505,LA,cforstc5@quantcast.com
439,Terrijo McEvoy,74 Bay Park,06520,CT,tmcevoyc6@imgur.com
440,Clara Ilyuchyov,182 Judy Terrace,60652,IL,cilyuchyovc7@sun.com
441,Merill Brumbye,6356 Melody Place,98158,WA,mbrumbyec8@dell.com
442,Starr Thurstan,48551 Summit Parkway,91328,CA,sthurstanc9@noaa.gov
443,Ardella Adolfson,9777 Glacier Hill Street,46814,IN,aadolfsonca@baidu.com
444,Ora Shellard,43 Ludington Terrace,39705,MS,oshellardcb@dyndns.org
445,Winslow Arnaudet,6792 Mesta Terrace,76305,TX,warnaudetcc@icq.com
446,Florencia Sutty,8190 Longview Way,11054,NY,fsuttycd@geocities.com
447,Tobye Linnane,14 Prairieview Parkway,02119,MA,tlinnanece@ameblo.jp
448,Grenville Dinnage,916 Caliangt Terrace,17622,PA,gdinnagecf@theglobeandmail.com
449,Delmer Ballantine,2944 Graedel Terrace,80015,CO,dballantinecg@salon.com
450,Georgi Whitley,33309 Old Shore Plaza,99812,AK,gwhitleych@about.me
451,Samuele Zannuto,34504 Sutteridge Point,99260,WA,szannutoci@furl.net
452,Even Kleinpeltz,1761 Lien Alley,10029,NY,ekleinpeltzcj@hc360.com
453,Kristien Canby,433 Hanson Center,36134,AL,kcanbyck@hexun.com
454,Vance Bollard,69 Killdeer Park,63180,MO,vbollardcl@reference.com
455,Chevalier Stoller,7 Carpenter Alley,92127,CA,cstollercm@mtv.com
456,Maximilianus Bielfeldt,5517 Tony Plaza,10170,NY,mbielfeldtcn@hc360.com
457,Hewie Upjohn,804 Bay Center,95138,CA,hupjohnco@smugmug.com
458,Prue Stefi,09 Farmco Road,93106,CA,psteficp@auda.org.au
459,Winthrop Risom,73 Manitowish Pass,35805,AL,wrisomcq@fastcompany.com
460,Tomlin Harrild,8 Linden Court,78285,TX,tharrildcr@alexa.com
461,Allyce Shoobridge,55 Johnson Drive,78426,TX,ashoobridgecs@odnoklassniki.ru
462,Christiano Casely,80 Katie Trail,90081,CA,ccaselyct@xing.com
463,Carroll Caddens,243 Parkside Alley,91406,CA,ccaddenscu@cnet.com
464,Adena Spreadbury,17854 Schmedeman Hill,77218,TX,aspreadburycv@yolasite.com
465,Brandea Dyball,5 Gina Terrace,08603,NJ,bdyballcw@miitbeian.gov.cn
466,Loleta Borges,34 Wayridge Avenue,96825,HI,lborgescx@hibu.com
467,Lynnet Hrinchishin,4047 Northwestern Alley,36125,AL,lhrinchishincy@cornell.edu
468,Arliene Aslam,2577 Clarendon Parkway,70160,LA,aaslamcz@cam.ac.uk
469,Karisa Husselbee,44307 Eggendart Terrace,59105,MT,khusselbeed0@pinterest.com
470,Silva Wyne,31 Sauthoff Court,79118,TX,swyned1@hubpages.com
471,Augustine Denyagin,55299 Roxbury Place,11225,NY,adenyagind2@unc.edu
472,Martainn Di Francesco,0545 Bashford Parkway,91841,CA,mdid3@umich.edu
473,Eve Cammacke,4447 Darwin Lane,25362,WV,ecammacked4@census.gov
474,Claresta Flewett,81 Elmside Hill,92145,CA,cflewettd5@is.gd
475,Graehme Deares,39 Eagan Road,62718,IL,gdearesd6@ebay.co.uk
476,Tobi Holmyard,07056 Lindbergh Plaza,81505,CO,tholmyardd7@elegantthemes.com
477,Ainslee Josifovitz,35818 Stephen Street,94121,CA,ajosifovitzd8@w3.org
478,Glynn Chadwin,6 Glacier Hill Alley,11254,NY,gchadwind9@ed.gov
479,Vanda Cuppleditch,31 Talmadge Trail,31196,GA,vcuppleditchda@blogtalkradio.com
480,Myriam Rodgers,81090 West Place,77206,TX,mrodgersdb@weebly.com
481,Gil Tomasz,909 Toban Alley,97271,OR,gtomaszdc@who.int
482,Vivie Tynan,70 Stone Corner Street,20784,MD,vtynandd@devhub.com
483,Barnaby Coniff,9365 Milwaukee Junction,20010,DC,bconiffde@salon.com
484,Tami Barkhouse,53031 Messerschmidt Hill,98115,WA,tbarkhousedf@go.com
485,Hilary Woolley,940 Valley Edge Trail,34745,FL,hwoolleydg@mtv.com
486,Conway Fairbard,70 Cherokee Point,77806,TX,cfairbarddh@loc.gov
487,Lay Birley,66512 Mcguire Park,98008,WA,lbirleydi@businessinsider.com
488,Dasha Jozwik,4294 Becker Way,85311,AZ,djozwikdj@eepurl.com
489,Mia Akehurst,70 Arrowood Plaza,92862,CA,makehurstdk@wp.com
490,Archibaldo Jan,73114 West Alley,23285,VA,ajandl@cpanel.net
491,Chauncey Gagan,01 Leroy Junction,48242,MI,cgagandm@boston.com
492,Fons Antrum,82823 Hanson Avenue,91841,CA,fantrumdn@jiathis.com
493,Jacky Swapp,112 Merchant Terrace,33315,FL,jswappdo@google.com.hk
494,Daron Wollrauch,61 Nova Drive,37924,TN,dwollrauchdp@163.com
495,Honey Joint,6840 Oriole Circle,18763,PA,hjointdq@histats.com
496,Sheila-kathryn Renvoise,9 Hudson Drive,08608,NJ,srenvoisedr@mail.ru
497,Harbert Conduit,3 Luster Center,77060,TX,hconduitds@feedburner.com
498,Yorgo Cabrara,0240 Burning Wood Pass,25362,WV,ycabraradt@tumblr.com
499,Dannel Purdom,55 Porter Road,70505,LA,dpurdomdu@cbslocal.com
500,Abdul Dahlborg,6512 Magdeline Lane,77090,TX,adahlborgdv@github.com
501,Legra Wadham,3 Golf Plaza,55446,MN,lwadhamdw@comsenz.com
502,Jeremie Gile,44 Superior Plaza,84125,UT,jgiledx@free.fr
503,Alyss Maylard,883 Eagan Lane,33013,FL,amaylarddy@sun.com
504,Delila Cleall,543 2nd Drive,64082,MO,dclealldz@icio.us
505,Martyn Boumphrey,1244 Meadow Valley Crossing,19151,PA,mboumphreye0@disqus.com
506,Raul Wadhams,28718 Glendale Lane,55428,MN,rwadhamse1@skyrock.com
507,Lissie Wooster,83 Manitowish Avenue,33543,FL,lwoostere2@imdb.com
508,Ailbert Ungerer,962 Corscot Plaza,85748,AZ,aungerere3@theatlantic.com
509,Timmie Bailess,30465 Meadow Vale Center,75799,TX,tbailesse4@boston.com
510,Modesta Toulmin,1 Fordem Place,53785,WI,mtoulmine5@home.pl
511,Shelley Dossetter,76 Express Drive,76110,TX,sdossettere6@buzzfeed.com
512,Lettie Akker,01 Sheridan Hill,11054,NY,lakkere7@cargocollective.com
513,Noelyn Barczewski,146 Little Fleur Parkway,48505,MI,nbarczewskie8@ehow.com
514,Orel Witherup,7036 Hooker Pass,79905,TX,owitherupe9@edublogs.org
515,Jud Worviell,35 Morrow Plaza,85099,AZ,jworviellea@state.gov
516,Gerrilee Shawyer,77389 Washington Way,34108,FL,gshawyereb@nps.gov
517,Bendite Benford,9492 Graceland Avenue,61635,IL,bbenfordec@archive.org
518,Thatcher Boston,2 Parkside Terrace,76705,TX,tbostoned@list-manage.com
519,Calla Houndsom,29 Dixon Lane,01114,MA,choundsomee@biglobe.ne.jp
520,Alejoa Summerskill,174 Veith Street,72905,AR,asummerskillef@hhs.gov
521,Guendolen Kenchington,6 Corben Avenue,88569,TX,gkenchingtoneg@alibaba.com
522,Rosabella Kimblen,8 Maple Wood Hill,75392,TX,rkimbleneh@sun.com
523,Ray Halloway,50 Namekagon Junction,48267,MI,rhallowayei@cnet.com
524,Ralf Gilluley,75 Riverside Circle,11355,NY,rgilluleyej@dyndns.org
525,Elias Klemensiewicz,2944 Longview Court,23242,VA,eklemensiewiczek@lulu.com
526,Amalia Polino,7 Schiller Street,98424,WA,apolinoel@tripod.com
527,Wren Gustus,22236 Lindbergh Circle,78235,TX,wgustusem@ezinearticles.com
528,Glenda Gittus,6411 Knutson Park,47306,IN,ggittusen@51.la
529,Jordanna Cossell,30 Southridge Place,32941,FL,jcosselleo@example.com
530,Bryn Fundell,5358 Surrey Lane,99790,AK,bfundellep@com.com
531,Cyndie Rohfsen,87806 Forest Terrace,89436,NV,crohfseneq@360.cn
532,Granville Zienkiewicz,97735 Rowland Drive,28305,NC,gzienkiewiczer@ow.ly
533,Neilla Dowderswell,9 Prairie Rose Parkway,92822,CA,ndowderswelles@xinhuanet.com
534,Moselle Nizard,18490 Logan Drive,37240,TN,mnizardet@mysql.com
535,Janice Abrami,257 Troy Hill,20409,DC,jabramieu@vkontakte.ru
536,Anson Lowseley,50 Sunbrook Point,32236,FL,alowseleyev@wsj.com
537,Clevie Sloey,07 Swallow Alley,38181,TN,csloeyew@123-reg.co.uk
538,Towny Hollyard,95875 Stephen Street,76711,TX,thollyardex@usnews.com
539,Wernher Lyven,169 Di Loreto Alley,71914,AR,wlyveney@usatoday.com
540,Emlyn Gasson,5575 Monica Alley,92812,CA,egassonez@who.int
541,Patton Antonik,5 Arapahoe Junction,48217,MI,pantonikf0@cbslocal.com
542,Veronica Oughton,130 Bellgrove Park,31119,GA,voughtonf1@amazon.de
543,Hubert Rozea,6231 Canary Drive,63136,MO,hrozeaf2@google.cn
544,Leonore Skeermer,61311 Eagan Hill,98411,WA,lskeermerf3@ask.com
545,Shelli Vannuccinii,4 Clemons Park,73147,OK,svannucciniif4@alexa.com
546,Artus Dust,34 Schmedeman Street,55172,MN,adustf5@vinaora.com
547,Quent Broxton,9 Kedzie Way,48242,MI,qbroxtonf6@mysql.com
548,Kirstin Dunster,76 Rockefeller Terrace,33175,FL,kdunsterf7@wikia.com
549,Marlon Griffithe,265 Dorton Plaza,44321,OH,mgriffithef8@over-blog.com
550,Purcell Cream,797 Cascade Parkway,46852,IN,pcreamf9@cmu.edu
551,Freida Hellicar,32 Arkansas Road,68517,NE,fhellicarfa@a8.net
552,Shoshana Ozintsev,95044 Evergreen Drive,92165,CA,sozintsevfb@twitpic.com
553,Ginger MacGillivrie,40426 Stone Corner Alley,53785,WI,gmacgillivriefc@engadget.com
554,Oralie Earsman,080 Tony Place,06533,CT,oearsmanfd@hostgator.com
555,Belia Verdun,78 Buena Vista Court,35405,AL,bverdunfe@liveinternet.ru
556,D'arcy Feldberger,7856 Texas Street,33633,FL,dfeldbergerff@delicious.com
557,Jennifer Portress,0799 Summerview Hill,98133,WA,jportressfg@123-reg.co.uk
558,L;urette Sivyer,56 Brown Center,29225,SC,lsivyerfh@whitehouse.gov
559,Jackson Shawdforth,6752 Bultman Alley,19184,PA,jshawdforthfi@businessweek.com
560,Bertine Houldcroft,825 Hoepker Crossing,33196,FL,bhouldcroftfj@chron.com
561,Cherri Castellanos,1 Stoughton Drive,30340,GA,ccastellanosfk@hibu.com
562,Sashenka Rappaport,1393 Carberry Circle,10464,NY,srappaportfl@ucsd.edu
563,Griffie Rozanski,7 Hanover Lane,48912,MI,grozanskifm@4shared.com
564,Kiah Sudell,40 Petterle Circle,46620,IN,ksudellfn@google.com
565,Isidro Rattenbury,18569 Anniversary Terrace,32511,FL,irattenburyfo@google.co.jp
566,Tersina Wildman,84 Rowland Crossing,78230,TX,twildmanfp@baidu.com
567,Carroll Goulbourn,8392 Derek Road,43656,OH,cgoulbournfq@topsy.com
568,Heindrick Constantine,114 Northland Terrace,32610,FL,hconstantinefr@nytimes.com
569,Marci Sammonds,6 Schiller Junction,19196,PA,msammondsfs@nbcnews.com
570,Adelaide Hydes,38 Stang Court,77085,TX,ahydesft@fda.gov
571,Mike McGauhy,0200 Garrison Court,76121,TX,mmcgauhyfu@privacy.gov.au
572,Vincents Wareing,6 Lyons Center,55166,MN,vwareingfv@cnbc.com
573,Tammy Field,852 Iowa Lane,66276,KS,tfieldfw@shutterfly.com
574,Andee Senchenko,22 Esker Hill,73147,OK,asenchenkofx@tmall.com
575,Roseline Giacoppoli,0876 Fisk Road,89193,NV,rgiacoppolify@upenn.edu
576,Rozanne Scopes,52014 Cardinal Alley,21290,MD,rscopesfz@reference.com
577,Allistir Breton,68 Acker Avenue,34276,FL,abretong0@baidu.com
578,Zorine Brownsea,21655 Shoshone Junction,46247,IN,zbrownseag1@cbslocal.com
579,Mayer Freckelton,01018 Hauk Point,30911,GA,mfreckeltong2@printfriendly.com
580,Kaja Linklater,2180 Menomonie Alley,64504,MO,klinklaterg3@creativecommons.org
581,Elisabetta Jacson,55870 Logan Pass,45223,OH,ejacsong4@wix.com
582,Zack Bemment,74 Kedzie Place,53705,WI,zbemmentg5@ted.com
583,Con Hanham,15009 Northland Street,85215,AZ,chanhamg6@archive.org
584,Lilli Bedwell,0 Ruskin Lane,82007,WY,lbedwellg7@oakley.com
585,Aaron Gierck,05 4th Plaza,67230,KS,agierckg8@github.io
586,Thomasine Barnwall,4796 Hudson Trail,37924,TN,tbarnwallg9@ow.ly
587,Hatti Knight,88860 Hayes Place,75221,TX,hknightga@disqus.com
588,Pierce Storer,7 Stang Court,29505,SC,pstorergb@themeforest.net
589,Rivi Anneslie,01 Union Terrace,94257,CA,rannesliegc@zimbio.com
590,Andrea Alway,471 Russell Pass,77085,TX,aalwaygd@epa.gov
591,Dre Caswill,64464 Mendota Place,44905,OH,dcaswillge@t-online.de
592,Conni Whewell,9 Pierstorff Junction,92115,CA,cwhewellgf@odnoklassniki.ru
593,Artur Fever,8975 Coolidge Pass,80270,CO,afevergg@opensource.org
594,Adore O'Ruane,885 David Drive,14263,NY,aoruanegh@baidu.com
595,Salmon Blockey,5 Upham Junction,93386,CA,sblockeygi@netvibes.com
596,Teresina Polack,2 Lunder Plaza,83705,ID,tpolackgj@buzzfeed.com
597,Elsworth Bassford,7849 Calypso Plaza,77293,TX,ebassfordgk@alibaba.com
598,Berton Gavigan,086 Messerschmidt Place,89087,NV,bgavigangl@thetimes.co.uk
599,Sibilla Lott,3 Norway Maple Trail,92717,CA,slottgm@vinaora.com
600,Domini Worton,8 Anhalt Avenue,06538,CT,dwortongn@jiathis.com
601,Tillie Finker,308 Lukken Lane,28284,NC,tfinkergo@nytimes.com
602,Tommi Spillane,9600 Little Fleur Hill,02104,MA,tspillanegp@deliciousdays.com
603,Alair Cowndley,98 Hayes Plaza,19725,DE,acowndleygq@virginia.edu
604,Liz Phillott,85211 Rockefeller Park,91797,CA,lphillottgr@jigsy.com
605,Sansone Arbon,44 Kenwood Park,73135,OK,sarbongs@multiply.com
606,Fionna Blueman,09 Leroy Park,65810,MO,fbluemangt@businessinsider.com
607,Archer Hefferan,5 Linden Alley,02458,MA,ahefferangu@washington.edu
608,Charlot Cudbertson,44 Towne Alley,92127,CA,ccudbertsongv@domainmarket.com
609,Marabel Iron,781 Mccormick Way,20260,DC,mirongw@webs.com
610,Creigh Cradick,651 Nevada Road,24503,VA,ccradickgx@about.me
611,Ker Gilling,765 Annamark Avenue,91505,CA,kgillinggy@desdev.cn
612,Beryl Millership,8 Hallows Avenue,27455,NC,bmillershipgz@cnbc.com
613,Cece Lorkings,4 Sherman Circle,10004,NY,clorkingsh0@themeforest.net
614,Kassey Earie,34152 Mcguire Drive,34615,FL,kearieh1@illinois.edu
615,Whitney Laity,3 Golf View Trail,27705,NC,wlaityh2@so-net.ne.jp
616,Idalina Mapstone,09427 Holmberg Lane,46620,IN,imapstoneh3@seattletimes.com
617,Smitty Andrivot,386 Dottie Terrace,98115,WA,sandrivoth4@archive.org
618,Florenza Strood,28254 Columbus Parkway,17126,PA,fstroodh5@un.org
619,Stafani Sherrum,3 Eagan Point,94121,CA,ssherrumh6@devhub.com
620,Towny Beals,4 Crest Line Drive,43666,OH,tbealsh7@canalblog.com
621,Cathrin Pawlicki,808 Warrior Crossing,47725,IN,cpawlickih8@icio.us
622,Meredith Garroway,05062 Surrey Alley,94273,CA,mgarrowayh9@bloomberg.com
623,Cathlene Draper,655 Di Loreto Street,77050,TX,cdraperha@quantcast.com
624,Ambrose Blasdale,128 Lakewood Gardens Center,76210,TX,ablasdalehb@hao123.com
625,Zuzana Nansom,74 Porter Parkway,36628,AL,znansomhc@epa.gov
626,Nonah Westgate,5 East Trail,32244,FL,nwestgatehd@myspace.com
627,Raf Bordman,84 Banding Drive,70894,LA,rbordmanhe@nhs.uk
628,Itch Gunn,32803 Grover Crossing,47725,IN,igunnhf@gizmodo.com
629,Brooke Wollaston,8 Stephen Place,10150,NY,bwollastonhg@gnu.org
630,Sterne Catlin,45852 Ryan Center,45408,OH,scatlinhh@cargocollective.com
631,Indira Whiteland,2200 Schiller Hill,96840,HI,iwhitelandhi@google.ru
632,Marena Raffles,5 Sunbrook Avenue,33972,FL,mraffleshj@freewebs.com
633,Birdie Snowding,40267 Pond Circle,02905,RI,bsnowdinghk@berkeley.edu
634,Arty Draude,4330 Autumn Leaf Plaza,35815,AL,adraudehl@mysql.com
635,Langston Barnson,983 Badeau Trail,20525,DC,lbarnsonhm@umn.edu
636,Dane Havik,703 Hudson Point,47725,IN,dhavikhn@deviantart.com
637,Linnea Vacher,53498 Lakeland Lane,43666,OH,lvacherho@bravesites.com
638,Corine Haselden,71906 Fuller Terrace,97405,OR,chaseldenhp@un.org
639,Adda Ionnidis,32 Carberry Center,27150,NC,aionnidishq@aol.com
640,Otis Rodder,9 Colorado Terrace,93106,CA,orodderhr@deviantart.com
641,Lizzy Scambler,257 Farmco Court,15286,PA,lscamblerhs@mail.ru
642,Cass Hazeup,7 Veith Parkway,35295,AL,chazeupht@infoseek.co.jp
643,Georgette Conew,210 Hooker Terrace,29505,SC,gconewhu@statcounter.com
644,Paton Grimsdith,86546 Talisman Park,74184,OK,pgrimsdithhv@walmart.com
645,Tiler Brevitt,3 Center Lane,33180,FL,tbrevitthw@webmd.com
646,Robby Borkin,68893 American Ash Pass,40225,KY,rborkinhx@nba.com
647,Liuka Yakunin,8048 Alpine Point,85754,AZ,lyakuninhy@creativecommons.org
648,Tedi Saturley,800 Butternut Point,32595,FL,tsaturleyhz@pcworld.com
649,Juan Darter,69 Dapin Place,23237,VA,jdarteri0@engadget.com
650,Griz Starkings,81 Burrows Parkway,55805,MN,gstarkingsi1@mayoclinic.com
651,Brennen Shark,43254 High Crossing Junction,32244,FL,bsharki2@sourceforge.net
652,Simon Attree,166 Evergreen Hill,40745,KY,sattreei3@sbwire.com
653,Kyla Giacopetti,87245 Ridgeview Street,48550,MI,kgiacopettii4@t.co
654,Ned Dahmel,952 Hayes Avenue,97201,OR,ndahmeli5@state.gov
655,Maible Stapford,9 Lakewood Gardens Point,68124,NE,mstapfordi6@last.fm
656,Chucho Shorey,5143 Corscot Place,55579,MN,cshoreyi7@symantec.com
657,Nye Kimbrey,51928 Ohio Circle,21405,MD,nkimbreyi8@ebay.co.uk
658,Rora Stansell,042 Straubel Pass,76505,TX,rstanselli9@rambler.ru
659,Mariette MacElharge,90392 Lerdahl Court,60636,IL,mmacelhargeia@washingtonpost.com
660,Wyn Mithon,1 Nelson Crossing,21216,MD,wmithonib@github.io
661,Hobey Le Quesne,4781 Debs Plaza,24515,VA,hleic@usa.gov
662,Lizzie Russon,59382 Fair Oaks Street,29605,SC,lrussonid@un.org
663,Zoe Jesty,45 Sommers Court,79905,TX,zjestyie@merriam-webster.com
664,Claude Tarquini,8597 Melody Court,89505,NV,ctarquiniif@icio.us
665,Pauli Swannick,90 Badeau Circle,23668,VA,pswannickig@deviantart.com
666,Shae Taggerty,1 Harper Circle,60652,IL,staggertyih@ocn.ne.jp
667,Allen Staniforth,06261 Longview Junction,02114,MA,astaniforthii@ox.ac.uk
668,Chantal Wilcockes,11641 Sloan Alley,13251,NY,cwilcockesij@stumbleupon.com
669,Rice Muzzlewhite,82401 Maple Plaza,91499,CA,rmuzzlewhiteik@businesswire.com
670,Gamaliel Mathieu,14 Bowman Way,40596,KY,gmathieuil@ca.gov
671,Julia Theseira,78627 Dawn Crossing,90305,CA,jtheseiraim@mlb.com
672,Stephenie Hirthe,0354 Fallview Center,22156,VA,shirthein@multiply.com
673,Dredi Braddon,7194 Pennsylvania Plaza,79968,TX,dbraddonio@delicious.com
674,Frans Roggeman,408 Pierstorff Circle,64142,MO,froggemanip@about.com
675,Barnabe Masser,20 Ruskin Drive,28805,NC,bmasseriq@artisteer.com
676,Ellen Kuhle,107 Cascade Alley,98682,WA,ekuhleir@blogspot.com
677,Caesar Petett,87 Paget Center,73135,OK,cpetettis@digg.com
678,Husain Meineken,8902 Erie Place,33180,FL,hmeinekenit@symantec.com
679,Mordy Rayne,42211 Graedel Court,88535,TX,mrayneiu@fema.gov
680,Lyle Parmer,843 Haas Alley,70805,LA,lparmeriv@nytimes.com
681,Em Unworth,77036 Lerdahl Trail,23272,VA,eunworthiw@marketwatch.com
682,Tristan Vynehall,0 Clove Park,78285,TX,tvynehallix@delicious.com
683,Jo Goroni,2 Dayton Road,78475,TX,jgoroniiy@qq.com
684,Angele Ellens,31261 Grayhawk Way,34981,FL,aellensiz@ow.ly
685,Klaus Habergham,5661 Anhalt Court,58505,ND,khaberghamj0@qq.com
686,Waring Yarnold,45 Kings Alley,47905,IN,wyarnoldj1@liveinternet.ru
687,Holly Ellum,1965 Fulton Junction,37410,TN,hellumj2@g.co
688,Rudiger Cortnay,57 Rieder Place,83711,ID,rcortnayj3@state.tx.us
689,Marcus Gove,50 Sherman Park,77276,TX,mgovej4@stanford.edu
690,Kipp Harsnep,96381 Division Way,24004,VA,kharsnepj5@technorati.com
691,Sherwood Spir,89 Gale Way,23612,VA,sspirj6@loc.gov
692,Rosita Gilburt,4305 Arizona Pass,70187,LA,rgilburtj7@ovh.net
693,Charissa Hrynczyk,517 Fair Oaks Trail,45213,OH,chrynczykj8@youtube.com
694,Angie Johnes,6993 Ludington Street,80299,CO,ajohnesj9@addthis.com
695,Georgianne Berrie,35872 Buhler Alley,94544,CA,gberrieja@illinois.edu
696,Janeta Ashdown,3709 Wayridge Street,08638,NJ,jashdownjb@narod.ru
697,Afton Chevis,304 Judy Point,10039,NY,achevisjc@imageshack.us
698,Alli Bunston,32 Menomonie Center,32118,FL,abunstonjd@unblog.fr
699,Hildagarde Feifer,40 Westport Road,88006,NM,hfeiferje@rakuten.co.jp
700,Tommy Sallnow,73068 Green Terrace,64160,MO,tsallnowjf@phoca.cz
701,Maurie Pepler,07 Grover Junction,32277,FL,mpeplerjg@tripadvisor.com
702,Ingra Rickets,16488 Marcy Avenue,96840,HI,iricketsjh@last.fm
703,Martino Lunam,5603 Union Crossing,92883,CA,mlunamji@tuttocitta.it
704,Melinda Hartshorn,356 Loomis Park,33620,FL,mhartshornjj@bbc.co.uk
705,Conrade Dufoure,2 Oak Road,90094,CA,cdufourejk@cmu.edu
706,Alma Barbe,73220 Schmedeman Center,20010,DC,abarbejl@wix.com
707,Donall Kilmurry,6869 Upham Circle,22184,VA,dkilmurryjm@google.de
708,Palmer Heeks,637 Pennsylvania Court,44329,OH,pheeksjn@twitter.com
709,Lonnard Grima,5459 Merry Park,22184,VA,lgrimajo@sakura.ne.jp
710,Carin Terbeek,6706 High Crossing Way,77035,TX,cterbeekjp@cloudflare.com
711,Sandie Malkie,36437 Fulton Circle,50330,IA,smalkiejq@yellowpages.com
712,Whit Ricardon,76 Loomis Avenue,33034,FL,wricardonjr@infoseek.co.jp
713,Maia Rogge,997 Kingsford Terrace,73034,OK,mroggejs@github.io
714,Carol-jean Hawket,778 Steensland Terrace,19104,PA,chawketjt@geocities.com
715,Rey Jelf,81840 Hoepker Way,14220,NY,rjelfju@dmoz.org
716,Noelle Chettle,5 Acker Park,32605,FL,nchettlejv@domainmarket.com
717,Rose Crotty,59238 7th Parkway,33180,FL,rcrottyjw@reuters.com
718,Katharina Smidmore,9572 Kensington Crossing,43699,OH,ksmidmorejx@salon.com
719,Leonie Hane,46 Sunfield Junction,55115,MN,lhanejy@skype.com
720,Arron Bilney,8497 Dahle Court,37215,TN,abilneyjz@newsvine.com
721,Nevile Bezley,6380 Corscot Terrace,79705,TX,nbezleyk0@narod.ru
722,Frannie Llewelly,02146 Melody Trail,93704,CA,fllewellyk1@spotify.com
723,Arlene Cisec,8203 Kensington Alley,43226,OH,aciseck2@foxnews.com
724,Dominique Cleeton,37 Calypso Alley,48242,MI,dcleetonk3@de.vu
725,Berk Wells,2029 Village Green Place,49444,MI,bwellsk4@businessweek.com
726,Maurizia Hullett,39 Burrows Place,85297,AZ,mhullettk5@time.com
727,Berkley Polendine,9 Dayton Circle,94975,CA,bpolendinek6@addtoany.com
728,Eleanora Willimont,745 Muir Circle,23605,VA,ewillimontk7@ed.gov
729,Raphael Martins,80281 Bunker Hill Trail,20073,DC,rmartinsk8@shop-pro.jp
730,Robb Di Nisco,884 Brown Plaza,30092,GA,rdik9@yale.edu
731,Kelsi Kohnemann,27326 Ridgeview Alley,33742,FL,kkohnemannka@elegantthemes.com
732,Burk Rittmeier,233 Steensland Street,22111,VA,brittmeierkb@toplist.cz
733,Marisa Gillyatt,911 Delaware Alley,72231,AR,mgillyattkc@who.int
734,Cassondra Mattussevich,88261 Oak Valley Avenue,75246,TX,cmattussevichkd@cnet.com
735,Roxi Fancott,99 Summer Ridge Terrace,78410,TX,rfancottke@themeforest.net
736,Woodman Summerrell,514 Novick Way,93715,CA,wsummerrellkf@whitehouse.gov
737,Dillon Pybworth,976 Loomis Trail,85205,AZ,dpybworthkg@amazon.co.uk
738,Talya Brunel,154 Little Fleur Trail,36125,AL,tbrunelkh@phoca.cz
739,Tommy O'Kenny,18430 Namekagon Way,57105,SD,tokennyki@netvibes.com
740,Ardyce Trayhorn,369 Stang Avenue,28278,NC,atrayhornkj@tuttocitta.it
741,Penny Bosley,4558 Weeping Birch Pass,20073,DC,pbosleykk@un.org
742,Lotty Beadham,009 Donald Circle,68197,NE,lbeadhamkl@mozilla.com
743,Venus Dearing,7765 Independence Park,57193,SD,vdearingkm@reddit.com
744,Allyson Geale,2859 Corben Point,91131,CA,agealekn@163.com
745,Gilbertina Caney,6921 Center Court,94154,CA,gcaneyko@bloglines.com
746,Tracie Hagston,6 Glacier Hill Avenue,10310,NY,thagstonkp@mtv.com
747,Kaylyn Espin,28 Gale Pass,33686,FL,kespinkq@timesonline.co.uk
748,Gwynne Goodenough,3 Kipling Street,20238,DC,ggoodenoughkr@discuz.net
749,Bob Aksell,5 Hauk Way,07112,NJ,baksellks@dyndns.org
750,Hallsy Nation,9 Coolidge Parkway,60636,IL,hnationkt@moonfruit.com
751,Tammy Callingham,8076 Eastwood Court,07195,NJ,tcallinghamku@over-blog.com
752,Syd Gonnin,740 Chinook Terrace,01654,MA,sgonninkv@wordpress.com
753,Christiana Goff,1304 Menomonie Crossing,60691,IL,cgoffkw@mozilla.com
754,Kelly Churchward,0 Village Green Junction,57110,SD,kchurchwardkx@wikimedia.org
755,Toddy Miskin,7 Scoville Pass,23551,VA,tmiskinky@go.com
756,Felic Mitchenson,92 Oriole Park,23454,VA,fmitchensonkz@arizona.edu
757,Arturo Arnow,3 Nobel Avenue,19058,PA,aarnowl0@blogtalkradio.com
758,Sumner Heersema,25 Anthes Center,29240,SC,sheersemal1@123-reg.co.uk
759,Larina Greedyer,3352 Welch Street,90076,CA,lgreedyerl2@blogspot.com
760,Birk Hymus,2076 Scofield Pass,22301,VA,bhymusl3@uiuc.edu
761,Lorry Lansly,806 Oak Terrace,89166,NV,llanslyl4@senate.gov
762,Pierre Tukesby,5 Transport Terrace,46814,IN,ptukesbyl5@vkontakte.ru
763,Corinna Elden,4512 Lien Court,50315,IA,celdenl6@mozilla.com
764,Gaby Westpfel,62797 Steensland Junction,33961,FL,gwestpfell7@weibo.com
765,Minerva Ruddiforth,99640 Northfield Plaza,06152,CT,mruddiforthl8@statcounter.com
766,Cayla Cargo,5 Lakeland Point,33620,FL,ccargol9@zdnet.com
767,Bar Firminger,821 Mayer Crossing,17105,PA,bfirmingerla@usa.gov
768,Wade Corwin,81 Graedel Plaza,93591,CA,wcorwinlb@live.com
769,Darda Weeden,7 Grayhawk Trail,15230,PA,dweedenlc@elegantthemes.com
770,Hirsch Niessen,4478 Hermina Trail,90847,CA,hniessenld@msu.edu
771,Mohammed Bausmann,4 Vidon Road,93721,CA,mbausmannle@sfgate.com
772,Adda Gerrets,0 Crowley Place,92410,CA,agerretslf@ted.com
773,Kalina Nisbet,4 Sloan Street,12237,NY,knisbetlg@webeden.co.uk
774,Marketa Brunker,464 Del Mar Terrace,30311,GA,mbrunkerlh@mac.com
775,Damon De Vaux,21693 Dahle Trail,78278,TX,ddeli@jalbum.net
776,Zandra Schuelcke,8503 Karstens Court,14905,NY,zschuelckelj@hud.gov
777,Rusty Pettis,6105 Melrose Terrace,76011,TX,rpettislk@ezinearticles.com
778,Anthia Sowden,914 Sugar Junction,91103,CA,asowdenll@barnesandnoble.com
779,Dela Seakings,9 Northfield Street,31132,GA,dseakingslm@disqus.com
780,Happy Gibling,29867 Lunder Court,60614,IL,hgiblingln@instagram.com
781,Alana Endecott,56655 Darwin Center,02216,MA,aendecottlo@trellian.com
782,Tam Tarr,181 Corry Drive,20268,DC,ttarrlp@salon.com
783,Clarance Ruberry,656 Green Street,92105,CA,cruberrylq@gnu.org
784,Odelinda Hoovart,6806 Columbus Way,38161,TN,ohoovartlr@cargocollective.com
785,Laurel McKerley,06762 David Road,73179,OK,lmckerleyls@intel.com
786,Martino Sulman,59 Merrick Lane,33134,FL,msulmanlt@elegantthemes.com
787,Dareen Pieterick,710 Homewood Trail,80945,CO,dpietericklu@networksolutions.com
788,Laurena Hanson,1577 Saint Paul Junction,78245,TX,lhansonlv@cnet.com
789,Rose Eggleson,27167 Waubesa Terrace,78405,TX,regglesonlw@gnu.org
790,Jodie Bennis,6 Acker Park,88541,TX,jbennislx@oracle.com
791,Upton Brocks,914 Mendota Park,35215,AL,ubrocksly@bloomberg.com
792,Adan Hasloch,361 Southridge Court,68505,NE,ahaslochlz@tripod.com
793,Dorian Belsher,7 Buena Vista Drive,30061,GA,dbelsherm0@nbcnews.com
794,Gilbertina Borg-Bartolo,584 Sunbrook Junction,37405,TN,gborgbartolom1@npr.org
795,Lou Hanbridge,972 Morningstar Place,55412,MN,lhanbridgem2@opensource.org
796,Natka MacCallister,35246 Roxbury Parkway,65211,MO,nmaccallisterm3@chronoengine.com
797,Alphard Pozer,586 Talmadge Plaza,31106,GA,apozerm4@github.io
798,Hendrika McGilvary,4 Red Cloud Place,07208,NJ,hmcgilvarym5@imdb.com
799,Fran Childerley,1509 Bluejay Parkway,19610,PA,fchilderleym6@etsy.com
800,Kenyon Lody,471 Muir Point,01813,MA,klodym7@pagesperso-orange.fr
801,Crawford Lidgerton,3680 Duke Center,37131,TN,clidgertonm8@imgur.com
802,Juliana Randleson,4 Anniversary Drive,79491,TX,jrandlesonm9@tumblr.com
803,Vannie Prozescky,10 Graedel Crossing,53234,WI,vprozesckyma@skyrock.com
804,Tabina Leroux,89 Arizona Alley,94132,CA,tlerouxmb@xrea.com
805,Charmaine Wescott,252 Anzinger Avenue,25705,WV,cwescottmc@de.vu
806,Nannie Grzesiewicz,568 Westend Parkway,85015,AZ,ngrzesiewiczmd@vkontakte.ru
807,Eden Dobbings,44693 School Junction,20029,DC,edobbingsme@epa.gov
808,Angie McDoual,8 Buena Vista Court,99210,WA,amcdoualmf@aboutads.info
809,Averill Theunissen,12609 Homewood Crossing,85045,AZ,atheunissenmg@imdb.com
810,Gray Athelstan,3850 Columbus Parkway,21290,MD,gathelstanmh@dagondesign.com
811,Rollins Kirwood,2 Erie Terrace,45807,OH,rkirwoodmi@yelp.com
812,Irina Pendlenton,70 Browning Drive,33416,FL,ipendlentonmj@soup.io
813,Ax Dearle,9761 Gerald Crossing,20566,DC,adearlemk@gov.uk
814,Randi Capponeer,7700 Autumn Leaf Parkway,19184,PA,rcapponeerml@reddit.com
815,Pepi Domange,3 Fair Oaks Drive,38161,TN,pdomangemm@craigslist.org
816,Sheila Conor,8091 Stephen Parkway,30605,GA,sconormn@ucsd.edu
817,Ignatius Ratnege,77 Columbus Road,44720,OH,iratnegemo@wufoo.com
818,Stafani Dunston,8 Scofield Road,85737,AZ,sdunstonmp@mapy.cz
819,Orella Aloshkin,52741 Becker Avenue,31106,GA,oaloshkinmq@google.com.hk
820,Leontyne Weller,06 Rieder Alley,84140,UT,lwellermr@spotify.com
821,Candi Andress,219 Mifflin Lane,92668,CA,candressms@hud.gov
822,Phillida Ledwich,3 Bluejay Place,35290,AL,pledwichmt@adobe.com
823,Stanton Broszkiewicz,50 Westridge Drive,15286,PA,sbroszkiewiczmu@bigcartel.com
824,Antons Bedding,18 Vernon Street,79159,TX,abeddingmv@webeden.co.uk
825,Jeffy Adamkiewicz,5454 Anniversary Avenue,93106,CA,jadamkiewiczmw@yolasite.com
826,Christie Skingle,778 Fisk Drive,19805,DE,cskinglemx@gnu.org
827,Beatrix Grunguer,3911 Melvin Center,77015,TX,bgrunguermy@mayoclinic.com
828,Lulu Blackmoor,845 Redwing Hill,80235,CO,lblackmoormz@economist.com
829,Bernie Corkel,3108 Forest Point,02124,MA,bcorkeln0@photobucket.com
830,Colas Gleeson,99 Elka Trail,33777,FL,cgleesonn1@mozilla.org
831,Anabel Vivyan,5495 Mandrake Circle,64153,MO,avivyann2@wufoo.com
832,Rod Reuben,2154 Colorado Street,02305,MA,rreubenn3@dagondesign.com
833,Sharai Skeech,60888 Ridgeway Circle,39404,MS,sskeechn4@cbslocal.com
834,Son Greenleaf,50 Summerview Trail,32859,FL,sgreenleafn5@yellowpages.com
835,Mina Bentinck,71538 Colorado Plaza,66617,KS,mbentinckn6@meetup.com
836,Carma Arkley,6855 Bultman Avenue,75044,TX,carkleyn7@mozilla.com
837,Ethelbert Pimm,246 Moose Center,24034,VA,epimmn8@unc.edu
838,Rhea Arnecke,7683 Waubesa Way,15240,PA,rarnecken9@dyndns.org
839,Cacilia Nelthrop,5 Novick Alley,29220,SC,cnelthropna@csmonitor.com
840,Stefania Kleint,3596 Grover Pass,32259,FL,skleintnb@taobao.com
841,Viviene Benny,76 Sutherland Court,83757,ID,vbennync@geocities.jp
842,Barbabas Snyder,47297 Ridgeway Road,33416,FL,bsnydernd@fema.gov
843,Doralynne Alu,03 Reindahl Alley,52245,IA,dalune@kickstarter.com
844,Anita Durden,16 Arapahoe Center,64130,MO,adurdennf@europa.eu
845,Felizio Pennington,1464 Lakewood Park,23705,VA,fpenningtonng@ca.gov
846,Clyde Burgen,15805 Fremont Lane,96154,CA,cburgennh@technorati.com
847,Odelle Dragon,9919 Ohio Hill,76505,TX,odragonni@utexas.edu
848,Frederich Dilliway,95644 Banding Drive,14604,NY,fdilliwaynj@seattletimes.com
849,Gill Willmot,225 Elgar Way,33142,FL,gwillmotnk@baidu.com
850,Ruby Marple,38522 Troy Crossing,20268,DC,rmarplenl@cocolog-nifty.com
851,Aube Hallatt,62236 Transport Avenue,99205,WA,ahallattnm@myspace.com
852,Terri Di Maria,087 American Ash Lane,80161,CO,tdinn@buzzfeed.com
853,Norina Pelcheur,2 Marquette Park,11254,NY,npelcheurno@noaa.gov
854,Renie McCrisken,6491 Ridgeview Junction,66215,KS,rmccriskennp@youtu.be
855,Anatollo Duffree,373 Forster Avenue,60630,IL,aduffreenq@yahoo.co.jp
856,Levin Yakovich,5003 Heath Point,36689,AL,lyakovichnr@washingtonpost.com
857,Bernice Staynes,4538 Susan Trail,80930,CO,bstaynesns@tuttocitta.it
858,Thebault Scamadin,80 Gale Parkway,35220,AL,tscamadinnt@addthis.com
859,Serene Snookes,218 Crowley Parkway,94169,CA,ssnookesnu@diigo.com
860,Indira MacGray,0166 School Junction,66286,KS,imacgraynv@google.ru
861,Mela Chesterton,469 Cardinal Junction,46247,IN,mchestertonnw@alexa.com
862,Cora Cutts,5 Dryden Circle,93778,CA,ccuttsnx@tripadvisor.com
863,Klara Duplain,3 Emmet Center,79977,TX,kduplainny@google.com.br
864,Kaela Woodburne,162 Lawn Pass,78764,TX,kwoodburnenz@phoca.cz
865,Frannie Clausen-Thue,8 Carberry Terrace,20210,DC,fclausenthueo0@ftc.gov
866,Bella Shekle,169 Annamark Circle,53779,WI,bshekleo1@com.com
867,Selby Sher,744 Hauk Place,94177,CA,sshero2@sina.com.cn
868,Carlos Duffer,71 Hermina Street,33245,FL,cduffero3@php.net
869,Thacher Elstub,48229 International Parkway,34949,FL,telstubo4@usda.gov
870,Nefen Skews,44 Manley Crossing,95160,CA,nskewso5@networksolutions.com
871,Brady Bavin,853 Emmet Place,27116,NC,bbavino6@elegantthemes.com
872,Claresta Maryon,642 Pepper Wood Alley,32825,FL,cmaryono7@nyu.edu
873,Yelena Catton,0 Fisk Alley,46254,IN,ycattono8@hhs.gov
874,Elsbeth Adriaan,071 Arkansas Junction,66606,KS,eadriaano9@quantcast.com
875,Hendrik Stearn,0 Trailsway Street,80940,CO,hstearnoa@bbc.co.uk
876,Jeff Treffrey,0076 Anhalt Circle,37405,TN,jtreffreyob@jugem.jp
877,Skipp Di Angelo,4305 Hermina Court,94263,CA,sdioc@dropbox.com
878,Yehudit Crummay,70060 Victoria Crossing,17105,PA,ycrummayod@mapquest.com
879,Kimberley Nast,86 School Trail,23208,VA,knastoe@yale.edu
880,Malachi Shann,15896 Talmadge Court,55590,MN,mshannof@bloglovin.com
881,Rudie Whysall,18952 Debra Road,85725,AZ,rwhysallog@bravesites.com
882,Alfonse D'Adda,655 Grasskamp Alley,77030,TX,adaddaoh@unicef.org
883,Brigham Spore,084 East Pass,10090,NY,bsporeoi@samsung.com
884,Clair O'Cannovane,91308 Sullivan Hill,32215,FL,cocannovaneoj@phoca.cz
885,Darlleen Dodge,3586 1st Point,21211,MD,ddodgeok@zimbio.com
886,Blayne Finlason,990 Lunder Drive,29225,SC,bfinlasonol@cyberchimps.com
887,Jerrine Shimmin,6 Hayes Plaza,79968,TX,jshimminom@t.co
888,Errol Holtham,78997 Hoard Way,60351,IL,eholthamon@hud.gov
889,Kelcy Polle,211 Northridge Center,64054,MO,kpolleoo@nba.com
890,Ashil Lotte,6540 5th Park,91117,CA,alotteop@craigslist.org
891,Brady Aylward,49 Moose Park,54305,WI,baylwardoq@delicious.com
892,Gena Jestico,3 David Drive,28210,NC,gjesticoor@alexa.com
893,Gayelord Tournie,0 Atwood Lane,28256,NC,gtournieos@narod.ru
894,Maurise Traher,321 Barnett Road,37405,TN,mtraherot@artisteer.com
895,Cassey Obee,6259 Katie Way,55551,MN,cobeeou@blogtalkradio.com
896,Noami Pea,09631 Veith Circle,66105,KS,npeaov@behance.net
897,Betsey Unworth,037 Mcguire Pass,92030,CA,bunworthow@intel.com
898,Adolphus Elliston,069 Graedel Alley,90040,CA,aellistonox@google.co.jp
899,Nana Almack,8836 Texas Road,49544,MI,nalmackoy@mayoclinic.com
900,Regen Kindred,8 Pond Terrace,30033,GA,rkindredoz@deliciousdays.com
901,Collete Bremond,866 Chinook Place,92717,CA,cbremondp0@github.com
902,Gerik Dadds,6278 Hayes Center,32236,FL,gdaddsp1@dot.gov
903,Sidonia Adhams,380 Eastlawn Place,33487,FL,sadhamsp2@whitehouse.gov
904,Bank Imlin,0 Bartelt Hill,34615,FL,bimlinp3@intel.com
905,Mackenzie Rosenblatt,601 Bonner Junction,30375,GA,mrosenblattp4@themeforest.net
906,Nero Battany,07 Ilene Drive,80995,CO,nbattanyp5@uiuc.edu
907,Andy Plumstead,546 Elka Circle,85205,AZ,aplumsteadp6@godaddy.com
908,Iorgos Brundall,37 Lake View Avenue,23459,VA,ibrundallp7@mapquest.com
909,Francisco Blyden,88 Shoshone Center,85099,AZ,fblydenp8@loc.gov
910,Lalo Churchouse,3 Merry Street,79452,TX,lchurchousep9@aboutads.info
911,Beverlie Jennaroy,31 Lunder Lane,75507,TX,bjennaroypa@deviantart.com
912,Wilek Sjostrom,7280 Hansons Pass,68583,NE,wsjostrompb@washington.edu
913,Lilla Coulling,9158 Starling Alley,44485,OH,lcoullingpc@xrea.com
914,Melva Kurtis,241 Hermina Lane,63150,MO,mkurtispd@elpais.com
915,Danica Caldroni,90 Carey Way,35815,AL,dcaldronipe@wikimedia.org
916,Lawrence Lethlay,3 Dottie Plaza,20036,DC,llethlaypf@jalbum.net
917,Pavlov Stott,12 Waywood Parkway,93715,CA,pstottpg@addthis.com
918,Lemmy Kornilov,09 Lakewood Drive,64101,MO,lkornilovph@ovh.net
919,Teddy Mayall,631 Mayer Center,31422,GA,tmayallpi@google.co.uk
920,Gae Stokey,3030 Clyde Gallagher Place,53710,WI,gstokeypj@drupal.org
921,Cortney Crossfield,488 Havey Place,40215,KY,ccrossfieldpk@digg.com
922,Dee dee Tomaskunas,66 Lawn Place,94116,CA,ddeepl@reuters.com
923,Nil Wisniewski,8 Sullivan Hill,29225,SC,nwisniewskipm@slate.com
924,Dimitri Manueau,215 4th Lane,57105,SD,dmanueaupn@behance.net
925,Ives Cundey,56 Atwood Trail,58505,ND,icundeypo@google.co.jp
926,Reinwald Jedrzaszkiewicz,321 Oak Valley Junction,33811,FL,rjedrzaszkiewiczpp@blinklist.com
927,Sawyere Gonthard,4 Dovetail Court,98008,WA,sgonthardpq@list-manage.com
928,Gayle Pride,148 Lakewood Gardens Point,23277,VA,gpridepr@qq.com
929,Coop Hasted,3 Declaration Circle,08922,NJ,chastedps@1688.com
930,Joan Fairbridge,805 Manufacturers Hill,10004,NY,jfairbridgept@yellowbook.com
931,Vern Geoghegan,41 Glendale Plaza,35225,AL,vgeogheganpu@ftc.gov
932,Alastair Rigard,856 Clyde Gallagher Crossing,93591,CA,arigardpv@upenn.edu
933,Adelheid Littrell,398 Nevada Terrace,36125,AL,alittrellpw@paypal.com
934,Layney Haug,1 Oakridge Park,32230,FL,lhaugpx@edublogs.org
935,Reuven Blannin,851 Wayridge Road,06538,CT,rblanninpy@census.gov
936,Rory Attawell,0257 Bobwhite Drive,99205,WA,rattawellpz@icio.us
937,Tirrell Roote,66 Green Alley,77266,TX,trooteq0@blogs.com
938,Ladonna Cadden,6 Wayridge Point,97211,OR,lcaddenq1@hao123.com
939,Florrie Hoonahan,26532 Cascade Road,89130,NV,fhoonahanq2@bing.com
940,Thurstan Joincey,5037 Thierer Crossing,40220,KY,tjoinceyq3@naver.com
941,Wyndham McColgan,79 Dovetail Trail,36605,AL,wmccolganq4@clickbank.net
942,Lelia Dionisetto,55 Portage Hill,50330,IA,ldionisettoq5@admin.ch
943,Benni Bircher,809 Chinook Court,06922,CT,bbircherq6@dagondesign.com
944,Lynett Braz,5678 Arkansas Road,93704,CA,lbrazq7@qq.com
945,Nancey Bispo,84823 Milwaukee Street,92717,CA,nbispoq8@desdev.cn
946,Juliette Waith,487 Namekagon Plaza,97232,OR,jwaithq9@dion.ne.jp
947,Guendolen Spinetti,953 Eggendart Alley,88563,TX,gspinettiqa@themeforest.net
948,Jermain Bleackley,5 Burning Wood Way,02453,MA,jbleackleyqb@mtv.com
949,Yoshi Charman,28 Paget Junction,79989,TX,ycharmanqc@e-recht24.de
950,Ailbert Messitt,518 Oakridge Crossing,48550,MI,amessittqd@engadget.com
951,Sanderson Mussen,097 Utah Road,16522,PA,smussenqe@un.org
952,Wynn Cork,398 Mockingbird Junction,58106,ND,wcorkqf@imdb.com
953,Robyn Sides,242 Washington Pass,60604,IL,rsidesqg@bluehost.com
954,Willis Wegner,7534 Muir Plaza,72222,AR,wwegnerqh@cloudflare.com
955,Marianna Rymer,259 Oakridge Park,65898,MO,mrymerqi@t-online.de
956,Marysa Browell,04 Melby Alley,95828,CA,mbrowellqj@so-net.ne.jp
957,Shellysheldon Tossell,4 Donald Road,90087,CA,stossellqk@clickbank.net
958,Rois Longhorne,3458 Linden Drive,96850,HI,rlonghorneql@japanpost.jp
959,Jeremy Crowcum,949 Upham Circle,22111,VA,jcrowcumqm@myspace.com
960,Genvieve Essberger,288 Rigney Point,99599,AK,gessbergerqn@vimeo.com
961,Tania Lanchester,85262 Old Gate Park,44105,OH,tlanchesterqo@constantcontact.com
962,Helen Child,852 Esch Avenue,77070,TX,hchildqp@dropbox.com
963,Kristoforo Valder,11 Wayridge Center,77346,TX,kvalderqq@sitemeter.com
964,Halli Ilyinykh,6708 Carberry Center,17105,PA,hilyinykhqr@bing.com
965,Blayne O'Rourke,543 Maple Wood Parkway,07522,NJ,borourkeqs@surveymonkey.com
966,Kyrstin Basten,81864 Oak Trail,76110,TX,kbastenqt@usa.gov
967,Akim Lowen,9 Fisk Plaza,51105,IA,alowenqu@privacy.gov.au
968,Dallon Ainsby,90 Portage Place,19172,PA,dainsbyqv@comsenz.com
969,Gwendolen Ronca,0517 Manufacturers Park,33884,FL,groncaqw@usgs.gov
970,Tabbi Clarey,1 Melby Lane,55551,MN,tclareyqx@intel.com
971,Lezley Orrick,18 Thompson Hill,06105,CT,lorrickqy@symantec.com
972,Elliot Caukill,0037 Annamark Way,50320,IA,ecaukillqz@bloglines.com
973,Bald Grigorushkin,243 Homewood Junction,10125,NY,bgrigorushkinr0@twitpic.com
974,Gaven Cootes,7938 Crest Line Pass,15266,PA,gcootesr1@jigsy.com
975,Tucky Bullivent,93 Arapahoe Park,20784,MD,tbulliventr2@goo.ne.jp
976,Zsazsa Norridge,663 Lakewood Gardens Parkway,44177,OH,znorridger3@ow.ly
977,Gian Darrigone,41454 Rigney Avenue,33499,FL,gdarrigoner4@fema.gov
978,Claudie Youson,2 Birchwood Way,78682,TX,cyousonr5@sbwire.com
979,Ricky Balme,3371 Delaware Hill,32230,FL,rbalmer6@addthis.com
980,Mae Rofe,1 Rigney Parkway,35405,AL,mrofer7@t.co
981,Tonya Marsh,20884 Shopko Avenue,77554,TX,tmarshr8@walmart.com
982,Belicia Slegg,78782 Little Fleur Crossing,80255,CO,bsleggr9@ifeng.com
983,Margy Mallon,43 Reinke Crossing,74133,OK,mmallonra@taobao.com
984,Claudia MacAleese,62 Prentice Court,88519,TX,cmacaleeserb@ocn.ne.jp
985,Suellen Kimbrough,16 Crownhardt Avenue,12227,NY,skimbroughrc@booking.com
986,Rozele Thornewill,37 Hooker Street,98195,WA,rthornewillrd@constantcontact.com
987,Dominique Mc-Kerley,8436 Cardinal Center,95219,CA,dmckerleyre@wordpress.com
988,Chris Izard,677 Morningstar Park,35405,AL,cizardrf@pbs.org
989,Honoria Gaffon,0 Oakridge Alley,93786,CA,hgaffonrg@unicef.org
990,Hildy Ellacombe,97 Bunker Hill Way,80638,CO,hellacomberh@histats.com
991,Sherilyn Asty,6 Loftsgordon Place,94616,CA,sastyri@studiopress.com
992,Lindsay Floyd,4 Longview Center,23459,VA,lfloydrj@vk.com
993,Keane O'Cannovane,5 Bonner Park,23436,VA,kocannovanerk@pen.io
994,Washington Polotti,9 Vahlen Avenue,93094,CA,wpolottirl@histats.com
995,Reine Siemons,09 Debs Parkway,33954,FL,rsiemonsrm@dedecms.com
996,Keane Renackowna,2169 Elmside Center,63121,MO,krenackownarn@independent.co.uk
997,Svend Robeiro,0407 Hudson Lane,33028,FL,srobeiroro@list-manage.com
998,Alexandros Arnason,27816 Pennsylvania Street,79405,TX,aarnasonrp@desdev.cn
999,Forbes Beckers,797 Bunker Hill Terrace,64190,MO,fbeckersrq@tinypic.com
1000,Sabra Fonquernie,0973 Jenna Trail,70116,LA,sfonquernierr@blinklist.com
