id,name,address,zipcode,state,email
1,Coleman Entwisle,8365 Meadow Ridge Drive,32909,FL,centwisle0@businessweek.com
2,Hilary Martinelli,5 Banding Pass,73152,OK,hmartinelli1@blogs.com
3,Paloma Verney,41205 Hanover Terrace,35279,AL,pverney2@bluehost.com
4,Madella De Ambrosis,5 Tennessee Trail,02905,RI,mde3@cafepress.com
5,Hervey Garbert,521 Division Way,19610,PA,hgarbert4@amazon.co.jp
6,Aurore Kenafaque,84935 Oneill Street,94159,CA,akenafaque5@imageshack.us
7,Kandy Griffitts,26 Pearson Circle,28284,NC,kgriffitts6@indiatimes.com
8,Atalanta Absolom,54 Carey Center,23293,VA,aabsolom7@homestead.com
9,Gianna Pancast,886 Waywood Terrace,88546,TX,gpancast8@stanford.edu
10,Jerrie Seccombe,3698 Lindbergh Circle,89714,NV,jseccombe9@whitehouse.gov
11,Murry Copland,21 Valley Edge Point,32259,FL,mcoplanda@wired.com
12,Northrup McCurt,5010 Forest Dale Street,80951,CO,nmccurtb@live.com
13,Kelcie Eliez,9 Heath Center,93399,CA,keliezc@xing.com
14,Tabor Pickering,09950 Debs Crossing,33196,FL,tpickeringd@reference.com
15,Dredi Arnke,2099 Lake View Center,13251,NY,darnkee@tinyurl.com
16,Nathalie Colthard,12 Fremont Terrace,01813,MA,ncolthardf@cdbaby.com
17,Lenard Moquin,19 Tennessee Center,90015,CA,lmoquing@prnewswire.com
18,Brnaba Edwin,391 Arizona Drive,20062,DC,bedwinh@hatena.ne.jp
19,Gregorio Esland,0 Cherokee Junction,76544,TX,geslandi@cisco.com
20,Angie Lochrie,798 Mallory Crossing,76705,TX,alochriej@barnesandnoble.com
21,Jessika Paddy,99 Northview Center,48206,MI,jpaddyk@aboutads.info
22,Grenville Warwick,0 Michigan Circle,25775,WV,gwarwickl@alibaba.com
23,Constantina Yarrell,89482 Derek Crossing,33283,FL,cyarrellm@cbsnews.com
24,Eli Stollman,998 Russell Plaza,49048,MI,estollmann@senate.gov
25,Burty Sedgwick,6 Surrey Plaza,33673,FL,bsedgwicko@vinaora.com
26,Honey Klasen,71 Golf Terrace,79176,TX,hklasenp@bloglines.com
27,Evelin Canete,0 Scoville Drive,08638,NJ,ecaneteq@sun.com
28,Debee Karlik,3 Westend Pass,28805,NC,dkarlikr@aboutads.info
29,Pearle Olin,42368 Johnson Pass,30022,GA,polins@livejournal.com
30,Sybil Keal,338 Jenna Circle,45403,OH,skealt@toplist.cz
31,Way Pauler,5 Jenifer Hill,07544,NJ,wpauleru@illinois.edu
32,Moore Jermey,671 Waywood Trail,29424,SC,mjermeyv@google.com.br
33,Gennie Aston,49 Packers Parkway,10310,NY,gastonw@vkontakte.ru
34,Shell Node,8 North Alley,83405,ID,snodex@php.net
35,Hedvig Penritt,34235 Mallard Road,68583,NE,hpenritty@fastcompany.com
36,Lyndsie Curgenven,71 Sachs Avenue,58207,ND,lcurgenvenz@bloglovin.com
37,Angie Cheeney,8669 North Point,19892,DE,acheeney10@weebly.com
38,Zebedee O'Gleasane,9 Jenifer Parkway,46295,IN,zogleasane11@xing.com
39,Tedmund Ugo,99 Continental Point,80279,CO,tugo12@wikipedia.org
40,Brody Shiels,29 International Trail,45264,OH,bshiels13@cpanel.net
41,Leela Fairbard,3 Tony Crossing,47405,IN,lfairbard14@gravatar.com
42,Tiffy Brounfield,0687 Karstens Park,70805,LA,tbrounfield15@ning.com
43,Belva Healing,02225 Westend Trail,89130,NV,bhealing16@cbsnews.com
44,Willie Pariss,777 Memorial Way,24034,VA,wpariss17@yahoo.com
45,Isidro Mumbey,44 American Place,15134,PA,imumbey18@issuu.com
46,Tyne Apfler,22807 Upham Hill,20268,DC,tapfler19@blogtalkradio.com
47,Emlyn Mateescu,27 Iowa Crossing,10280,NY,emateescu1a@apache.org
48,Janith Faulder,553 3rd Plaza,10260,NY,jfaulder1b@163.com
49,Isadore Foldes,213 Gerald Place,19886,DE,ifoldes1c@godaddy.com
50,Erhard Logan,4 Susan Street,77299,TX,elogan1d@github.io
51,Dinnie Gormally,533 Sheridan Avenue,44305,OH,dgormally1e@guardian.co.uk
52,Sigismondo Rosendorf,79 Memorial Alley,49560,MI,srosendorf1f@utexas.edu
53,Gregoire Batten,9472 Burrows Drive,74103,OK,gbatten1g@gnu.org
54,Clarette Halpine,1 Carpenter Alley,64114,MO,chalpine1h@ed.gov
55,Mame Arguile,948 Bartillon Avenue,78415,TX,marguile1i@princeton.edu
56,Legra Pelz,7 Trailsway Court,02283,MA,lpelz1j@about.me
57,Adriena Arr,395 Merchant Terrace,53234,WI,aarr1k@washingtonpost.com
58,Jarad Milliere,54 Division Street,01610,MA,jmilliere1l@bravesites.com
59,Shari Bromley,028 Crest Line Road,76004,TX,sbromley1m@spotify.com
60,Bevon Gusticke,78 Pleasure Pass,79955,TX,bgusticke1n@spotify.com
61,Blair Daubeny,4 Barnett Point,88569,TX,bdaubeny1o@loc.gov
62,Elvina Aldous,0415 Dunning Crossing,30368,GA,ealdous1p@ow.ly
63,Melisent Stronach,2118 Michigan Circle,88558,TX,mstronach1q@w3.org
64,Craig Revening,926 Memorial Alley,33737,FL,crevening1r@eepurl.com
65,Robina Ray,970 Johnson Trail,84199,UT,rray1s@patch.com
66,Mylo McLuckie,61631 Charing Cross Point,88541,TX,mmcluckie1t@businessinsider.com
67,Vera Baylay,71073 Atwood Road,90610,CA,vbaylay1u@ted.com
68,Gifford Ramsey,37 Farmco Trail,37205,TN,gramsey1v@hubpages.com
69,Harwell Dannel,4 Elka Way,29905,SC,hdannel1w@elegantthemes.com
70,Sallee Lamasna,9 Monterey Road,27105,NC,slamasna1x@sbwire.com
71,Mitzi Stolli,246 Victoria Terrace,16522,PA,mstolli1y@fastcompany.com
72,Lennie Sidnall,3 Arizona Alley,75216,TX,lsidnall1z@cam.ac.uk
73,Simone Rapps,7 Oneill Park,48550,MI,srapps20@studiopress.com
74,Calli Catchpole,9 Raven Drive,17405,PA,ccatchpole21@sbwire.com
75,Aubert Messam,089 Melody Place,33013,FL,amessam22@comsenz.com
76,Danyelle Cuttell,04 Caliangt Terrace,32118,FL,dcuttell23@sphinn.com
77,Raf Mc Caughan,0 Sauthoff Terrace,44705,OH,rmc24@cyberchimps.com
78,Reina Filon,80 Mayer Parkway,28242,NC,rfilon25@cyberchimps.com
79,Ivar Beastall,9422 Petterle Alley,30340,GA,ibeastall26@cisco.com
80,Idelle Unworth,7895 Roxbury Alley,88589,TX,iunworth27@seesaa.net
81,Gilberte Eastbury,52963 Briar Crest Plaza,75367,TX,geastbury28@irs.gov
82,Boony Dexter,31180 Veith Place,14609,NY,bdexter29@whitehouse.gov
83,Larina Gilbride,4588 Lakeland Court,44485,OH,lgilbride2a@nymag.com
84,Rafaelita Furness,13 Fallview Alley,73179,OK,rfurness2b@cdbaby.com
85,Uta Fereday,118 Nobel Circle,90025,CA,ufereday2c@timesonline.co.uk
86,Neile Cod,497 Rieder Way,78715,TX,ncod2d@tripadvisor.com
87,Jobi Rhodus,078 Bay Pass,63126,MO,jrhodus2e@newsvine.com
88,Boothe Trout,69 Helena Alley,07522,NJ,btrout2f@ebay.com
89,Bambie Guillotin,1 Arrowood Plaza,79188,TX,bguillotin2g@addthis.com
90,Flora Henstone,89131 Sage Point,20535,DC,fhenstone2h@skype.com
91,Vanny Marousek,986 Hansons Alley,37931,TN,vmarousek2i@state.gov
92,Gretel Paxforde,49675 Schurz Plaza,64109,MO,gpaxforde2j@hostgator.com
93,Colver La Vigne,7 Caliangt Way,85246,AZ,cla2k@paypal.com
94,Robinet Root,92187 West Parkway,53405,WI,rroot2l@printfriendly.com
95,Amity Massel,3 Farwell Trail,49544,MI,amassel2m@skype.com
96,Shell Brusin,92 Sauthoff Junction,92013,CA,sbrusin2n@aol.com
97,Keenan Hylands,965 Eagan Plaza,43605,OH,khylands2o@stanford.edu
98,Shawn Elvy,0178 Longview Way,19160,PA,selvy2p@google.pl
99,Melisse MacGowing,96569 Fallview Road,20425,DC,mmacgowing2q@hibu.com
100,Annelise Jerosch,82642 Anthes Center,55572,MN,ajerosch2r@squarespace.com
101,Moritz Triggol,500 Straubel Road,92705,CA,mtriggol2s@spotify.com
102,Andres Hanhard,12 Towne Street,14276,NY,ahanhard2t@google.ru
103,Yettie Surphliss,2372 Sunfield Pass,75226,TX,ysurphliss2u@creativecommons.org
104,Alyce Pawlaczyk,30495 Old Gate Trail,78405,TX,apawlaczyk2v@addthis.com
105,Llywellyn Swinley,1347 Mifflin Parkway,21203,MD,lswinley2w@homestead.com
106,Alyse Fancett,7155 Hintze Circle,32405,FL,afancett2x@toplist.cz
107,Gracia Gaytor,90213 Forest Court,32919,FL,ggaytor2y@microsoft.com
108,Rooney Hillaby,1 Washington Junction,25389,WV,rhillaby2z@goodreads.com
109,Antonino Nesfield,13259 Aberg Crossing,85053,AZ,anesfield30@github.io
110,Clarance Montgomery,2816 Northridge Point,11388,NY,cmontgomery31@chronoengine.com
111,Katrinka Arderne,5524 Dovetail Pass,89166,NV,karderne32@youtube.com
112,Fawne Boman,56 Saint Paul Point,20425,DC,fboman33@phoca.cz
113,Meier Fardell,04119 Grasskamp Road,94064,CA,mfardell34@sohu.com
114,Barry Dudill,4998 Rockefeller Hill,85205,AZ,bdudill35@geocities.jp
115,Burl Ybarra,41 Morrow Hill,33175,FL,bybarra36@bizjournals.com
116,Isa Menat,63 Delaware Hill,30096,GA,imenat37@google.com.au
117,Celene Gow,42 Darwin Terrace,72209,AR,cgow38@berkeley.edu
118,Erv Carratt,99423 Birchwood Park,45505,OH,ecarratt39@berkeley.edu
119,Isac Loncaster,7543 Clove Park,66617,KS,iloncaster3a@vkontakte.ru
120,Xenos Matveyev,19039 Mariners Cove Park,47405,IN,xmatveyev3b@g.co
121,Paxon Varren,75 Jay Avenue,33954,FL,pvarren3c@google.ca
122,Merrile Tuppeny,88503 4th Alley,38114,TN,mtuppeny3d@shareasale.com
123,Ronda Worge,044 Briar Crest Terrace,44321,OH,rworge3e@hud.gov
124,Henriette Youngs,46 International Place,77271,TX,hyoungs3f@gravatar.com
125,Darnall Fearnsides,70224 Dexter Junction,30368,GA,dfearnsides3g@howstuffworks.com
126,Murdoch Guido,75153 Vernon Alley,62705,IL,mguido3h@diigo.com
127,Alisa Lippitt,3197 Kingsford Road,94273,CA,alippitt3i@wiley.com
128,Bone Boise,5055 Fallview Lane,64082,MO,bboise3j@netscape.com
129,Sholom Haslegrave,6 Melvin Street,37939,TN,shaslegrave3k@ovh.net
130,Archy Androletti,8 Springs Avenue,43699,OH,aandroletti3l@microsoft.com
131,Rania Finnis,72846 Bayside Way,80920,CO,rfinnis3m@linkedin.com
132,Sascha Yurin,8 Hooker Lane,20883,MD,syurin3n@creativecommons.org
133,Melisse Maryman,25 Manitowish Drive,33421,FL,mmaryman3o@about.me
134,Guido Scrivens,3 Artisan Pass,60686,IL,gscrivens3p@eventbrite.com
135,Delbert Hannond,3 Sundown Pass,36114,AL,dhannond3q@pinterest.com
136,Angel Neissen,176 Caliangt Alley,46221,IN,aneissen3r@guardian.co.uk
137,Orren Dufton,8 Summit Road,14220,NY,odufton3s@msn.com
138,Caroline Adshed,69393 Old Shore Point,23228,VA,cadshed3t@free.fr
139,Lou Gilmour,76 Elgar Point,20456,DC,lgilmour3u@guardian.co.uk
140,Sheila-kathryn Dwerryhouse,3185 Atwood Alley,79705,TX,sdwerryhouse3v@sitemeter.com
141,Gerhard Sidwell,90953 Hudson Drive,77080,TX,gsidwell3w@ebay.com
142,Joya Geraudel,2 6th Street,85246,AZ,jgeraudel3x@topsy.com
143,Wain Josilowski,76756 Jenifer Alley,95118,CA,wjosilowski3y@ehow.com
144,Marris Shoorbrooke,3314 Mallard Crossing,01152,MA,mshoorbrooke3z@about.me
145,Riane Farrin,9833 Cascade Drive,21290,MD,rfarrin40@independent.co.uk
146,Margit Kiln,319 Comanche Point,40225,KY,mkiln41@mashable.com
147,Keen Bacop,4 Declaration Junction,33345,FL,kbacop42@wikipedia.org
148,Phillip Caukill,4 Northview Pass,71130,LA,pcaukill43@bandcamp.com
149,Henriette Bridal,97415 Meadow Ridge Drive,34981,FL,hbridal44@about.me
150,Hobard Chant,46 Welch Center,47725,IN,hchant45@soup.io
151,Dorree Broggini,983 Garrison Alley,75287,TX,dbroggini46@infoseek.co.jp
152,Gibbie Keighley,96598 Waxwing Way,25356,WV,gkeighley47@omniture.com
153,Imelda Collings,05093 Ridgeview Street,79605,TX,icollings48@seattletimes.com
154,Merilee Risby,2 5th Circle,90010,CA,mrisby49@hugedomains.com
155,Ulrikaumeko Backhurst,8898 Bartillon Street,19714,DE,ubackhurst4a@hud.gov
156,Tremaine Kirwin,8 Green Ridge Way,20557,DC,tkirwin4b@live.com
157,Bessie Bomb,9405 Cascade Avenue,18505,PA,bbomb4c@yelp.com
158,Delly Joslin,3 Drewry Parkway,20425,DC,djoslin4d@state.tx.us
159,Ruthi Daffey,7574 Norway Maple Terrace,34620,FL,rdaffey4e@businessweek.com
160,Rodrick Whebell,1226 Eastlawn Drive,24020,VA,rwhebell4f@baidu.com
161,Bastian Pendreigh,2 Fieldstone Road,31190,GA,bpendreigh4g@ted.com
162,Arthur Weinham,4 Bowman Parkway,44393,OH,aweinham4h@instagram.com
163,Lizbeth Diggens,19212 Gerald Circle,15225,PA,ldiggens4i@123-reg.co.uk
164,Shaina Woolnough,67228 Rutledge Street,56398,MN,swoolnough4j@state.tx.us
165,Cori Obington,8915 Victoria Alley,78732,TX,cobington4k@diigo.com
166,Audry Dahlbom,5 Holy Cross Place,91131,CA,adahlbom4l@apple.com
167,Hallie Tarbet,683 Hoffman Alley,92648,CA,htarbet4m@amazonaws.com
168,Matthieu Baudinelli,3914 Lindbergh Pass,33180,FL,mbaudinelli4n@jimdo.com
169,Kasey MacCague,05 Goodland Court,23242,VA,kmaccague4o@prweb.com
170,Morgan Vigietti,96 Eggendart Circle,94177,CA,mvigietti4p@ebay.com
171,Otho Mattock,5671 Kennedy Point,48956,MI,omattock4q@ebay.com
172,Sergio Courtman,993 Aberg Drive,90410,CA,scourtman4r@ocn.ne.jp
173,Malva Schruurs,1 Thompson Lane,01610,MA,mschruurs4s@bloglines.com
174,Bernardo Tredwell,4883 Cardinal Crossing,19184,PA,btredwell4t@i2i.jp
175,Robert Roylance,31276 Burning Wood Place,77388,TX,rroylance4u@prnewswire.com
176,Norris Orrobin,30 Amoth Avenue,85705,AZ,norrobin4v@google.com.hk
177,Roselin Joust,7099 Hudson Road,62711,IL,rjoust4w@wikia.com
178,Neddy Pietrowicz,30278 Dapin Trail,90060,CA,npietrowicz4x@google.co.jp
179,Merrill Forbear,03 American Trail,01129,MA,mforbear4y@free.fr
180,Francene Chapelhow,4392 Annamark Circle,38126,TN,fchapelhow4z@prlog.org
181,Glenna Slarke,4 High Crossing Road,79705,TX,gslarke50@tmall.com
182,Maud Milberry,82 American Ash Hill,38168,TN,mmilberry51@skyrock.com
183,Henka Condliffe,70 Schlimgen Terrace,92415,CA,hcondliffe52@umn.edu
184,Katleen Ivshin,893 Becker Alley,92105,CA,kivshin53@ask.com
185,Guthry Ormes,809 Ohio Street,40505,KY,gormes54@liveinternet.ru
186,Mario Knell,46 Cordelia Crossing,95813,CA,mknell55@51.la
187,Zahara Franzoli,56180 Duke Pass,60641,IL,zfranzoli56@ezinearticles.com
188,Tandy Fildes,91613 Myrtle Hill,15255,PA,tfildes57@smh.com.au
189,Harald de Tocqueville,346 Transport Circle,06505,CT,hde58@arizona.edu
190,Hermie Daspar,18 Oriole Parkway,73157,OK,hdaspar59@prweb.com
191,Constanta Levis,0220 Oxford Terrace,24515,VA,clevis5a@geocities.jp
192,Babette Ovell,78949 Schmedeman Parkway,38197,TN,bovell5b@thetimes.co.uk
193,Joelie Widdocks,12 Killdeer Crossing,31196,GA,jwiddocks5c@upenn.edu
194,Bambi Posselt,42375 Pearson Road,90810,CA,bposselt5d@simplemachines.org
195,Boyd Pavelin,443 Hintze Parkway,19160,PA,bpavelin5e@state.tx.us
196,Douglas Semens,97 Red Cloud Park,33028,FL,dsemens5f@ted.com
197,Gualterio Lever,1 Pennsylvania Lane,37235,TN,glever5g@nyu.edu
198,Rhoda Dobbie,26 Prairie Rose Street,92415,CA,rdobbie5h@yelp.com
199,Dawna O'Halloran,1 Northview Court,91520,CA,dohalloran5i@hubpages.com
200,Ely Togwell,61 Melvin Circle,90020,CA,etogwell5j@chron.com
201,Drake Tarply,16963 Veith Center,77271,TX,dtarply5k@hexun.com
202,Tadeas Bjerkan,8 Marcy Road,20238,DC,tbjerkan5l@squarespace.com
203,Selle Quantrell,1429 Village Green Street,78205,TX,squantrell5m@etsy.com
204,Florida Whitfield,10 Washington Plaza,38114,TN,fwhitfield5n@pbs.org
205,Emmanuel Leyman,08628 Garrison Hill,95123,CA,eleyman5o@pinterest.com
206,Arther Boutellier,7 High Crossing Avenue,93750,CA,aboutellier5p@boston.com
207,Keely Oldershaw,76 Kinsman Terrace,40266,KY,koldershaw5q@diigo.com
208,Emalee Cuffley,47573 Harper Crossing,33124,FL,ecuffley5r@jigsy.com
209,Sonni Chance,7 Talisman Hill,50320,IA,schance5s@hubpages.com
210,Brandice Ryburn,11 Prairieview Park,91616,CA,bryburn5t@earthlink.net
211,Matty Halesworth,834 Dixon Terrace,40505,KY,mhalesworth5u@canalblog.com
212,Nani Hansana,835 Old Shore Lane,07195,NJ,nhansana5v@dot.gov
213,Gerri Lowndsborough,9 Karstens Circle,33805,FL,glowndsborough5w@elegantthemes.com
214,Britt Birkmyre,63 Schurz Lane,11854,NY,bbirkmyre5x@loc.gov
215,Arron Dorgon,4122 Mosinee Junction,12210,NY,adorgon5y@google.com
216,Sybila Sellor,5 Lerdahl Place,29610,SC,ssellor5z@stumbleupon.com
217,Esteban Melland,281 Victoria Avenue,77276,TX,emelland60@oaic.gov.au
218,Cammy Rooke,83966 Steensland Crossing,66667,KS,crooke61@discovery.com
219,Bern Brogan,70 Loomis Drive,84189,UT,bbrogan62@51.la
220,Barnie Boules,17 Forest Dale Pass,15134,PA,bboules63@sohu.com
221,Aile Nuth,9196 Kings Street,11480,NY,anuth64@domainmarket.com
222,Rodney Bottrell,7 Mesta Road,23454,VA,rbottrell65@google.fr
223,Calvin Marsland,134 Rusk Avenue,85311,AZ,cmarsland66@seattletimes.com
224,Aldous Kinchington,723 John Wall Crossing,36125,AL,akinchington67@sciencedirect.com
225,Maurise Durber,52 Grover Park,89714,NV,mdurber68@cam.ac.uk
226,Benyamin Dawes,0 Nelson Parkway,14652,NY,bdawes69@sina.com.cn
227,Diana Perillo,177 Loeprich Crossing,48670,MI,dperillo6a@sitemeter.com
228,Reggi Hawler,8902 Springs Street,43605,OH,rhawler6b@t.co
229,Wilmer Fifoot,7654 Paget Point,10160,NY,wfifoot6c@biblegateway.com
230,Gabriella Cicero,0263 Melrose Hill,76705,TX,gcicero6d@marriott.com
231,Keven Gorger,06612 Nancy Trail,06606,CT,kgorger6e@google.de
232,Wileen Valentinetti,405 Dottie Point,27404,NC,wvalentinetti6f@sciencedaily.com
233,Carma Lachaize,4 Eggendart Drive,33737,FL,clachaize6g@va.gov
234,Aloise Hackey,623 Swallow Trail,94142,CA,ahackey6h@icio.us
235,Adore Exroll,08327 Anthes Center,32309,FL,aexroll6i@google.com.hk
236,Miriam Tubritt,21 Ronald Regan Point,92717,CA,mtubritt6j@ameblo.jp
237,Noemi Puddephatt,70 Oakridge Center,99220,WA,npuddephatt6k@ask.com
238,Fayette Dorling,17208 Comanche Way,33694,FL,fdorling6l@arizona.edu
239,Quinn Noad,4156 Alpine Avenue,32255,FL,qnoad6m@xinhuanet.com
240,Hedi Dinis,0224 Lien Circle,12325,NY,hdinis6n@about.com
241,Christina Creyke,6000 Clove Parkway,23208,VA,ccreyke6o@phoca.cz
242,Lucius Lots,3 Pearson Place,92127,CA,llots6p@godaddy.com
243,Maridel Wilkison,521 Graceland Plaza,38150,TN,mwilkison6q@epa.gov
244,Carolyn Hammerberger,572 Duke Parkway,92612,CA,chammerberger6r@sbwire.com
245,Hettie Mcwhinnie,311 Starling Park,14269,NY,hmcwhinnie6s@e-recht24.de
246,Tera O'Leagham,12450 Redwing Plaza,52804,IA,toleagham6t@amazon.co.uk
247,Audy Skipworth,45091 4th Way,94177,CA,askipworth6u@baidu.com
248,Marris Burkinshaw,082 Autumn Leaf Point,33705,FL,mburkinshaw6v@timesonline.co.uk
249,Melly Harkes,6463 Canary Plaza,14614,NY,mharkes6w@europa.eu
250,Alexei Vanyukov,4710 Lakeland Crossing,84189,UT,avanyukov6x@harvard.edu
251,Mignonne Kettles,29 Kennedy Street,94302,CA,mkettles6y@admin.ch
252,Deidre Boal,1 Carpenter Terrace,77305,TX,dboal6z@ucla.edu
253,Fernanda Poynter,7 Pierstorff Avenue,20599,DC,fpoynter70@bloomberg.com
254,Denver Fuller,20 Heffernan Place,77250,TX,dfuller71@barnesandnoble.com
255,Rodina Scedall,60670 Village Trail,85743,AZ,rscedall72@tamu.edu
256,Christopher Wildman,59028 Rutledge Plaza,38181,TN,cwildman73@engadget.com
257,Morris Clayden,525 Packers Pass,79977,TX,mclayden74@comsenz.com
258,Jade Caurah,5162 Bashford Court,55579,MN,jcaurah75@cdc.gov
259,Lynn Eglin,34299 Northport Park,71115,LA,leglin76@foxnews.com
260,Jaimie Zuann,9 Mariners Cove Drive,38150,TN,jzuann77@people.com.cn
261,Aldwin Bleddon,617 Brentwood Circle,30022,GA,ableddon78@latimes.com
262,Carry Manis,13517 Dakota Hill,55188,MN,cmanis79@goo.ne.jp
263,Charissa Essame,85 Village Alley,78044,TX,cessame7a@chronoengine.com
264,Happy Arlott,766 Gateway Parkway,33694,FL,harlott7b@mtv.com
265,Sheila Cathesyed,46 Alpine Circle,59623,MT,scathesyed7c@is.gd
266,Alonzo Matokhnin,7114 Forster Road,94042,CA,amatokhnin7d@sina.com.cn
267,April Spiers,20675 Moland Place,06140,CT,aspiers7e@spotify.com
268,Rycca Sivell,81 Spenser Place,84605,UT,rsivell7f@twitter.com
269,Adelle Harkus,4822 Carey Parkway,60351,IL,aharkus7g@last.fm
270,Linc Suffield,952 Judy Center,20904,MD,lsuffield7h@adobe.com
271,Dottie Langstaff,60 Johnson Parkway,76016,TX,dlangstaff7i@sina.com.cn
272,Rhodie Cowperthwaite,3300 Northridge Alley,77346,TX,rcowperthwaite7j@cnbc.com
273,Tonie Garrity,06147 Heffernan Pass,99512,AK,tgarrity7k@bravesites.com
274,Jordain Tarplee,9 Boyd Way,92110,CA,jtarplee7l@usgs.gov
275,Hedda Le Marquand,23 Anderson Pass,54915,WI,hle7m@tinypic.com
276,Melli Loughnan,6 Straubel Terrace,32230,FL,mloughnan7n@japanpost.jp
277,Dorian Juden,7943 Esker Point,80204,CO,djuden7o@usnews.com
278,Trever Fforde,7441 Old Shore Pass,29319,SC,tfforde7p@ocn.ne.jp
279,Kiri Cleiment,81 1st Court,43226,OH,kcleiment7q@msn.com
280,Claudio Jozefiak,230 Stoughton Point,46247,IN,cjozefiak7r@wiley.com
281,Janella Skentelbery,06 Farragut Trail,45213,OH,jskentelbery7s@usgs.gov
282,Perice Grolle,69414 Alpine Drive,15261,PA,pgrolle7t@cmu.edu
283,Karlen Balderstone,93 Darwin Junction,15134,PA,kbalderstone7u@smh.com.au
284,Estel Blakes,54908 Banding Plaza,62723,IL,eblakes7v@printfriendly.com
285,Lorianne Whittock,6 Red Cloud Place,92160,CA,lwhittock7w@rakuten.co.jp
286,Lazaro Sealeaf,92 Trailsway Place,93584,CA,lsealeaf7x@wix.com
287,Erv Chestnutt,838 Holy Cross Lane,77206,TX,echestnutt7y@163.com
288,Johna MacCart,8 Hollow Ridge Park,63131,MO,jmaccart7z@unicef.org
289,Cloe Wiz,458 Grim Way,57105,SD,cwiz80@nbcnews.com
290,Candi Grzegorzewicz,92208 Moland Lane,53234,WI,cgrzegorzewicz81@nhs.uk
291,Farlie Rabb,02 Memorial Center,92668,CA,frabb82@trellian.com
292,Finlay Aberchirder,49485 Fuller Junction,28225,NC,faberchirder83@fotki.com
293,Tracie Bentham,96328 Memorial Park,10305,NY,tbentham84@symantec.com
294,Devin Ysson,902 Clarendon Road,48919,MI,dysson85@usatoday.com
295,Far Nannini,65 Crowley Terrace,13251,NY,fnannini86@time.com
296,Osborn Ringer,7 Nova Street,48295,MI,oringer87@intel.com
297,Pam Romain,17932 American Ash Trail,75710,TX,promain88@opera.com
298,Zondra Suttle,3067 Troy Junction,01905,MA,zsuttle89@nymag.com
299,Vinnie McLemon,5263 Bashford Park,06533,CT,vmclemon8a@cdc.gov
300,Carmel Lomen,731 Daystar Court,24029,VA,clomen8b@icio.us
301,Benni Ormston,6 Pleasure Alley,20231,DC,bormston8c@google.ru
302,Marin Rechert,78 David Parkway,33994,FL,mrechert8d@who.int
303,Estrella Casseldine,193 Swallow Alley,55572,MN,ecasseldine8e@businesswire.com
304,Fifine Skuce,78734 Cody Court,46805,IN,fskuce8f@macromedia.com
305,Hebert Thow,6 Elgar Pass,36177,AL,hthow8g@freewebs.com
306,Che Dullard,9 Emmet Avenue,22047,VA,cdullard8h@fc2.com
307,Madelina Charpling,77 West Hill,93094,CA,mcharpling8i@dyndns.org
308,Arluene Dabel,647 Hallows Park,34210,FL,adabel8j@clickbank.net
309,Diana Hansard,45 Cottonwood Hill,20508,DC,dhansard8k@fema.gov
310,Nat Speak,8 Esker Way,60505,IL,nspeak8l@vistaprint.com
311,Hillery Enrdigo,6773 Hanover Park,53716,WI,henrdigo8m@fastcompany.com
312,Frederich Kolushev,9 Ronald Regan Terrace,62776,IL,fkolushev8n@uiuc.edu
313,Vincent Dallyn,7103 Karstens Center,47705,IN,vdallyn8o@constantcontact.com
314,Darsie Pett,0 Mesta Circle,45020,OH,dpett8p@skype.com
315,Marylee Balshen,2622 Grayhawk Drive,11447,NY,mbalshen8q@upenn.edu
316,Jeana Hutt,22 Mendota Circle,55480,MN,jhutt8r@so-net.ne.jp
317,Evin Gethyn,9 Oriole Drive,77505,TX,egethyn8s@purevolume.com
318,Gerri Yanez,39321 Basil Crossing,06854,CT,gyanez8t@tripadvisor.com
319,Cassi Maudlin,97 Green Park,63150,MO,cmaudlin8u@youtube.com
320,Allis McClymont,35947 Crowley Terrace,31190,GA,amcclymont8v@t-online.de
321,Tammy Beagles,485 Eliot Park,38136,TN,tbeagles8w@infoseek.co.jp
322,Bertie Kembley,39716 Tennessee Way,06816,CT,bkembley8x@cbc.ca
323,Owen Kearns,8774 Moose Court,70160,LA,okearns8y@prlog.org
324,Ina Cawthera,3 Namekagon Plaza,33075,FL,icawthera8z@hud.gov
325,Gannon Jacobsohn,970 Eggendart Hill,73129,OK,gjacobsohn90@issuu.com
326,Jaimie Dmitr,18737 Delladonna Drive,85067,AZ,jdmitr91@fc2.com
327,Florentia Le Friec,9206 Fordem Court,53405,WI,fle92@ifeng.com
328,Alvie Cake,3 Anhalt Terrace,95160,CA,acake93@over-blog.com
329,Noel Kingescot,04501 Summer Ridge Drive,47905,IN,nkingescot94@altervista.org
330,Zarah McGookin,3 Kipling Drive,53220,WI,zmcgookin95@1und1.de
331,Ezekiel Bedinn,5922 Darwin Avenue,32819,FL,ebedinn96@disqus.com
332,Terrell Oehm,590 Dottie Park,90840,CA,toehm97@independent.co.uk
333,Isabella Filippucci,5752 Tennessee Pass,77080,TX,ifilippucci98@cnet.com
334,Vaclav Barten,575 Duke Hill,06825,CT,vbarten99@wikispaces.com
335,Merry Shortell,078 Carioca Point,10110,NY,mshortell9a@timesonline.co.uk
336,Verine Durnell,10174 Hansons Lane,02745,MA,vdurnell9b@desdev.cn
337,Lexi Fontanet,21067 Melrose Hill,20883,MD,lfontanet9c@pbs.org
338,Rosemonde Brogioni,019 Lerdahl Court,71105,LA,rbrogioni9d@joomla.org
339,Nicola Poulden,1616 Crowley Circle,20910,MD,npoulden9e@independent.co.uk
340,Fanya Markey,41436 Vera Point,29615,SC,fmarkey9f@usa.gov
341,Clio Deniske,3 Graceland Hill,12205,NY,cdeniske9g@bluehost.com
342,Franky Extance,28 Coleman Center,94263,CA,fextance9h@yolasite.com
343,Robers Titchen,734 Hintze Place,84125,UT,rtitchen9i@cyberchimps.com
344,Holt Ager,00743 Debs Road,30045,GA,hager9j@scientificamerican.com
345,Allix Suttling,96982 Bartelt Drive,32215,FL,asuttling9k@homestead.com
346,Roxi Rosenstein,0246 Thackeray Lane,32255,FL,rrosenstein9l@businessweek.com
347,Dixie Guisby,751 Starling Trail,98682,WA,dguisby9m@zimbio.com
348,Law Hanmer,6 Twin Pines Point,10034,NY,lhanmer9n@buzzfeed.com
349,Jewelle Colaton,5421 Parkside Avenue,96835,HI,jcolaton9o@nba.com
350,Viviana Leagas,51 Monterey Road,99260,WA,vleagas9p@lulu.com
351,Clementine D'Andrea,592 Valley Edge Lane,71105,LA,cdandrea9q@barnesandnoble.com
352,Denys Blackey,8219 Charing Cross Drive,10633,NY,dblackey9r@washingtonpost.com
353,Bentley Fevier,51 Pennsylvania Way,67236,KS,bfevier9s@mashable.com
354,Wildon Ritelli,501 Talmadge Street,23289,VA,writelli9t@shareasale.com
355,Eudora Seifert,6 Upham Junction,33196,FL,eseifert9u@cargocollective.com
356,Martelle Hext,07439 Victoria Park,20210,DC,mhext9v@devhub.com
357,Ertha Berryann,25 Coleman Alley,63158,MO,eberryann9w@homestead.com
358,Riannon Lovelock,84308 Montana Plaza,10115,NY,rlovelock9x@oracle.com
359,Arly Tarborn,885 Blue Bill Park Drive,48232,MI,atarborn9y@wisc.edu
360,Misha Orry,7 1st Place,85710,AZ,morry9z@lycos.com
361,Leena Thrift,4 Huxley Hill,67236,KS,lthrifta0@gov.uk
362,Darryl Arling,080 Hazelcrest Point,77030,TX,darlinga1@vkontakte.ru
363,Kermie Brydone,3 Utah Circle,65898,MO,kbrydonea2@imdb.com
364,Harold Kornalik,51 Heffernan Junction,20404,DC,hkornalika3@vinaora.com
365,Brooke Handes,36017 Lotheville Drive,31119,GA,bhandesa4@omniture.com
366,Brent Lindro,79081 Killdeer Pass,07208,NJ,blindroa5@gizmodo.com
367,Jareb Carbry,9369 Veith Junction,02745,MA,jcarbrya6@vkontakte.ru
368,Kirsteni Titman,3684 Burrows Street,29610,SC,ktitmana7@dailymail.co.uk
369,Michaella Peattie,86 Mcbride Junction,32803,FL,mpeattiea8@arizona.edu
370,Elliott Hendrik,406 Eastwood Road,10633,NY,ehendrika9@wp.com
371,Cristy Drabble,1 Tomscot Way,19196,PA,cdrabbleaa@narod.ru
372,Quintus Meredyth,31 Stoughton Street,67230,KS,qmeredythab@wordpress.org
373,Pren Manston,971 Luster Road,36670,AL,pmanstonac@utexas.edu
374,Christyna Gannaway,5310 Wayridge Road,23612,VA,cgannawayad@ehow.com
375,Reena Impett,85417 Buell Point,92822,CA,rimpettae@mail.ru
376,Gerianne Vedenisov,482 Rigney Park,01105,MA,gvedenisovaf@aol.com
377,Zachary Missen,0 Drewry Pass,40298,KY,zmissenag@lulu.com
378,Elena Walasik,1 Di Loreto Junction,12262,NY,ewalasikah@51.la
379,Colly Tweedell,9 Kensington Park,27409,NC,ctweedellai@springer.com
380,Cherilyn Hlavecek,2 Shelley Pass,46862,IN,chlavecekaj@mozilla.com
381,Ramonda Catto,18860 Charing Cross Street,98498,WA,rcattoak@cdbaby.com
382,Ulises Peterkin,1 Del Mar Point,87201,NM,upeterkinal@businessinsider.com
383,Manda Tabert,89007 Dottie Lane,33462,FL,mtabertam@seattletimes.com
384,Giorgio Gottelier,3 Katie Pass,33142,FL,ggottelieran@oracle.com
385,Aron Bleakley,8526 Doe Crossing Point,25331,WV,ableakleyao@google.fr
386,Pandora Huxter,9 Dennis Street,23436,VA,phuxterap@wikipedia.org
387,Muffin Dinneges,3 Havey Parkway,46634,IN,mdinnegesaq@ow.ly
388,Eba Dykes,463 5th Pass,75205,TX,edykesar@jiathis.com
389,Shea Bizzey,40997 Heffernan Road,53779,WI,sbizzeyas@wisc.edu
390,Gard Stump,24318 Paget Street,20195,VA,gstumpat@answers.com
391,Almira Staggs,1813 Nobel Park,92648,CA,astaggsau@livejournal.com
392,Clarke Iapico,5638 Dawn Hill,33467,FL,ciapicoav@home.pl
393,Abagael Wane,3412 Bartelt Park,28278,NC,awaneaw@tiny.cc
394,Crichton Connett,7 Dunning Lane,92160,CA,cconnettax@mit.edu
395,Deborah MacGowing,09 Maple Street,71130,LA,dmacgowingay@oakley.com
396,Doris Threlkeld,18609 Knutson Hill,93094,CA,dthrelkeldaz@storify.com
397,Allie Gronav,13 Sherman Parkway,76305,TX,agronavb0@google.pl
398,Bernadene Kahler,809 Express Road,77386,TX,bkahlerb1@imgur.com
399,Maurine Molloy,12474 Kropf Alley,19897,DE,mmolloyb2@dell.com
400,Lira Dumingos,8 Lillian Plaza,66205,KS,ldumingosb3@flavors.me
401,Bunnie Veljes,2232 Surrey Point,99210,WA,bveljesb4@squarespace.com
402,Coreen Fasey,71933 Warner Terrace,65810,MO,cfaseyb5@jigsy.com
403,Elisabet Ridgedell,0 Bay Junction,93786,CA,eridgedellb6@github.com
404,Balduin Barthelet,5491 Del Mar Parkway,95219,CA,bbartheletb7@pbs.org
405,Rosabella Rushmere,8 Butternut Park,94137,CA,rrushmereb8@infoseek.co.jp
406,Bettina Hellin,3 School Circle,92513,CA,bhellinb9@marketwatch.com
407,Dela Bucknell,12 7th Parkway,36622,AL,dbucknellba@is.gd
408,Shannan Addekin,8 Little Fleur Crossing,79984,TX,saddekinbb@php.net
409,Reinaldos Quimby,1 Chive Way,38119,TN,rquimbybc@ustream.tv
410,Steward Vuitte,7 Ludington Pass,22070,VA,svuittebd@upenn.edu
411,Kathe Cranefield,49 Johnson Hill,41905,KY,kcranefieldbe@discuz.net
412,Christy Krause,34 Thompson Parkway,76796,TX,ckrausebf@ftc.gov
413,Maxwell Di Boldi,9401 Farragut Court,61825,IL,mdibg@google.es
414,Odetta Bullick,3735 Farragut Place,70142,LA,obullickbh@ihg.com
415,Selle Growy,408 Michigan Plaza,55441,MN,sgrowybi@sitemeter.com
416,Demeter Spittles,8013 Schiller Center,35215,AL,dspittlesbj@infoseek.co.jp
417,Dyanne Clerc,9 Bluestem Lane,76162,TX,dclercbk@xing.com
418,Minni Mulloch,74957 Ridgeview Point,19725,DE,mmullochbl@furl.net
419,Gabriele Havard,80 Shasta Crossing,37995,TN,ghavardbm@pen.io
420,Lowe Nockles,33973 Barby Parkway,33915,FL,lnocklesbn@globo.com
421,Shalne Martel,86 Utah Road,83716,ID,smartelbo@mapy.cz
422,Arabel Tipperton,6 Lakeland Park,40510,KY,atippertonbp@noaa.gov
423,Ashli Choules,07 Grim Parkway,06140,CT,achoulesbq@so-net.ne.jp
424,Bellina Catonne,6939 Monument Avenue,33961,FL,bcatonnebr@ca.gov
425,Terrijo Macrow,29 Crowley Hill,64149,MO,tmacrowbs@dagondesign.com
426,Tiffie Polsin,57 6th Parkway,37410,TN,tpolsinbt@mozilla.org
427,Stevie Succamore,20914 Milwaukee Crossing,63167,MO,ssuccamorebu@patch.com
428,Benedict Norfolk,2 Memorial Way,98175,WA,bnorfolkbv@google.fr
429,Aarika Gallahar,1159 Quincy Hill,32610,FL,agallaharbw@youku.com
430,Katalin Bader,96 Vernon Circle,95894,CA,kbaderbx@prweb.com
431,Wynne Boscott,3 Dwight Drive,27658,NC,wboscottby@newyorker.com
432,Maryann Beadnell,437 Evergreen Hill,25709,WV,mbeadnellbz@state.gov
433,Rivy Maccree,1 David Trail,95210,CA,rmaccreec0@delicious.com
434,Mylo Kerner,84883 Express Road,76598,TX,mkernerc1@google.com.au
435,Cletis Kersting,98 Jackson Hill,55115,MN,ckerstingc2@ca.gov
436,Gerick Asmus,1 Acker Avenue,87505,NM,gasmusc3@xrea.com
437,Jude Lawty,247 Logan Pass,63131,MO,jlawtyc4@yelp.com
438,Susette Ravenscraft,29705 Welch Hill,85040,AZ,sravenscraftc5@tiny.cc
439,Nicky Stalley,25056 Beilfuss Parkway,34479,FL,nstalleyc6@answers.com
440,Concordia Langsbury,4713 Golf Way,30306,GA,clangsburyc7@behance.net
441,Meara Costerd,7 Orin Crossing,06905,CT,mcosterdc8@wix.com
442,Lizzie Viel,35 Independence Road,32215,FL,lvielc9@deviantart.com
443,Inger Rattenbury,17 Prentice Hill,85260,AZ,irattenburyca@oracle.com
444,Ashlie Mityushkin,89 Lakewood Gardens Court,51110,IA,amityushkincb@booking.com
445,Giorgio Goncaves,3339 Bartillon Park,95210,CA,ggoncavescc@storify.com
446,Otho Maxted,974 Lien Place,77025,TX,omaxtedcd@army.mil
447,Frederich Giral,84 Maywood Way,71213,LA,fgiralce@cdc.gov
448,Currie Murrock,74 Glendale Junction,15220,PA,cmurrockcf@vimeo.com
449,Bronnie Snazel,14191 Grim Trail,66210,KS,bsnazelcg@webeden.co.uk
450,Leonhard Kunes,4 Orin Plaza,33129,FL,lkunesch@chronoengine.com
451,Tina Lieber,527 Meadow Vale Trail,67260,KS,tlieberci@constantcontact.com
452,Jewell Mungan,77012 Meadow Ridge Lane,06606,CT,jmungancj@globo.com
453,Alfreda Byas,55086 Victoria Hill,33763,FL,abyasck@virginia.edu
454,Cathi Ibbison,209 Ilene Way,35242,AL,cibbisoncl@cbc.ca
455,Jodie Westcot,4 Ilene Crossing,07522,NJ,jwestcotcm@tripadvisor.com
456,Westleigh Beagles,360 Eastwood Terrace,07104,NJ,wbeaglescn@princeton.edu
457,Aleksandr Linthead,9747 Esch Street,84145,UT,alintheadco@bravesites.com
458,Marsiella Godrich,53 Blaine Trail,15274,PA,mgodrichcp@shop-pro.jp
459,Dee dee Fallon,9 Sloan Way,39505,MS,ddeecq@bravesites.com
460,Ruperta Santon,1 Lillian Alley,55905,MN,rsantoncr@paginegialle.it
461,Harlie Fusco,16 Oxford Crossing,36628,AL,hfuscocs@abc.net.au
462,Tammara Estcot,41250 Basil Lane,14619,NY,testcotct@twitpic.com
463,Matilde Ghion,9254 Coleman Avenue,34290,FL,mghioncu@shinystat.com
464,Alison Drew-Clifton,1828 North Drive,68117,NE,adrewcliftoncv@discovery.com
465,Quintus Bloschke,51409 2nd Drive,37405,TN,qbloschkecw@nsw.gov.au
466,Josepha De Giorgi,565 Meadow Ridge Center,43615,OH,jdecx@nationalgeographic.com
467,Caron Primrose,18 Monica Drive,18706,PA,cprimrosecy@google.com.au
468,Ryun Stobbs,865 Karstens Way,30323,GA,rstobbscz@i2i.jp
469,Adelheid Wiz,5 Hoard Junction,40581,KY,awizd0@rediff.com
470,Sibeal Hazlegrove,416 Norway Maple Pass,77271,TX,shazlegroved1@princeton.edu
471,Garrott Silverthorne,61354 Village Green Street,74170,OK,gsilverthorned2@hexun.com
472,Kym Greenroad,9771 Parkside Court,40287,KY,kgreenroadd3@webnode.com
473,Rubin Biddle,11 Kenwood Park,90060,CA,rbiddled4@geocities.jp
474,Larissa Gradwell,4034 Quincy Terrace,08104,NJ,lgradwelld5@dagondesign.com
475,Janine MacNeillie,26444 Rockefeller Way,20299,DC,jmacneillied6@vistaprint.com
476,Aland Maskew,43433 Harbort Terrace,23663,VA,amaskewd7@51.la
477,Lelia Bunch,24666 Reinke Point,33432,FL,lbunchd8@prnewswire.com
478,Gerri Dreghorn,6956 Melby Terrace,45249,OH,gdreghornd9@icq.com
479,Kimball Warbrick,03786 Stang Terrace,19136,PA,kwarbrickda@berkeley.edu
480,Blondie Charles,984 Muir Road,23237,VA,bcharlesdb@yelp.com
481,Vivianna Fontin,3942 Gale Street,67230,KS,vfontindc@chron.com
482,Bertie McColgan,352 Division Lane,06705,CT,bmccolgandd@facebook.com
483,Husain Erswell,780 Maryland Road,24034,VA,herswellde@guardian.co.uk
484,Claudine Hug,7604 Brentwood Hill,35279,AL,chugdf@google.com.au
485,Bennett Mc Curlye,89719 Farwell Terrace,50369,IA,bmcdg@elegantthemes.com
486,Ingeborg Threadgold,1256 Tennessee Crossing,11480,NY,ithreadgolddh@dedecms.com
487,Ignatius Yearne,16 Eagan Circle,59771,MT,iyearnedi@tripadvisor.com
488,Ellyn Conerding,8758 Havey Center,93750,CA,econerdingdj@sohu.com
489,Madeline Scahill,19759 Porter Place,07505,NJ,mscahilldk@naver.com
490,Lenka Wolvey,04459 Arizona Way,38126,TN,lwolveydl@wix.com
491,Wilma Syrett,34 Hallows Road,50320,IA,wsyrettdm@xrea.com
492,Octavia Gurrado,81 Mariners Cove Hill,32803,FL,ogurradodn@dmoz.org
493,Skylar Skoyles,34 Pawling Hill,32128,FL,sskoylesdo@arstechnica.com
494,Austine Kiddell,212 Stoughton Crossing,33605,FL,akiddelldp@wordpress.com
495,Nicole Blabie,10 Clove Center,60567,IL,nblabiedq@nps.gov
496,Denny Rea,44 La Follette Parkway,50706,IA,dreadr@ow.ly
497,Abbot Wisby,49 Drewry Plaza,83716,ID,awisbyds@newsvine.com
498,Imogene Farries,95 Forest Avenue,20215,DC,ifarriesdt@furl.net
499,Elvis Albertson,898 Schlimgen Circle,85705,AZ,ealbertsondu@arizona.edu
500,Margareta Hilland,8365 Coolidge Park,98442,WA,mhillanddv@vkontakte.ru
501,Ricki Kaveney,4034 Tony Circle,80305,CO,rkaveneydw@netscape.com
502,Kare Quogan,10873 Meadow Valley Center,35215,AL,kquogandx@gizmodo.com
503,Mortie Punt,9451 Maple Wood Alley,58505,ND,mpuntdy@webnode.com
504,Joyous Treby,499 Oneill Park,48555,MI,jtrebydz@usda.gov
505,Curt O'Nion,436 Mcbride Terrace,78044,TX,conione0@skyrock.com
506,Janenna Fensome,3781 Luster Junction,78215,TX,jfensomee1@theglobeandmail.com
507,Lu Roby,44 Roxbury Hill,20057,DC,lrobye2@yolasite.com
508,Priscilla Willeson,49162 Scoville Hill,20195,VA,pwillesone3@google.com.hk
509,Shauna Pentony,6 Thackeray Way,17121,PA,spentonye4@pcworld.com
510,Lian Kitchingman,408 Meadow Ridge Parkway,95155,CA,lkitchingmane5@biblegateway.com
511,Joanne Creffeild,377 1st Parkway,19178,PA,jcreffeilde6@sciencedaily.com
512,Saraann Orford,634 Pearson Plaza,94627,CA,sorforde7@psu.edu
513,Alys Crake,7 Granby Lane,10292,NY,acrakee8@arstechnica.com
514,Nevile Kornyakov,3572 Rowland Circle,80915,CO,nkornyakove9@pinterest.com
515,Jonas Kingaby,42 Lake View Way,77305,TX,jkingabyea@fda.gov
516,Adaline Shipton,67715 Dennis Point,33694,FL,ashiptoneb@spiegel.de
517,Pooh Dibbs,49613 Express Place,65211,MO,pdibbsec@hhs.gov
518,Corbet Loveday,17193 Corry Terrace,64153,MO,clovedayed@berkeley.edu
519,Karole Kolakovic,81377 Maryland Trail,75062,TX,kkolakovicee@godaddy.com
520,Dante Giff,24 Roth Place,20430,DC,dgiffef@hibu.com
521,Wright Croston,17420 Fairfield Circle,90847,CA,wcrostoneg@nationalgeographic.com
522,Rutherford Pindell,78693 Nancy Road,38168,TN,rpindelleh@msn.com
523,Mathias Southerden,08 Bartillon Hill,91117,CA,msoutherdenei@yandex.ru
524,Inigo Titchmarsh,72393 8th Street,92145,CA,ititchmarshej@macromedia.com
525,Giacomo Cristofolini,0 Ryan Drive,20535,DC,gcristofoliniek@booking.com
526,Frannie Cortese,4 Arrowood Drive,64144,MO,fcorteseel@ucoz.com
527,Thorn Gosse,5 Delladonna Circle,60505,IL,tgosseem@google.com.au
528,Finley Burt,7118 Blaine Center,45271,OH,fburten@intel.com
529,Dari Kidgell,24 Johnson Alley,70607,LA,dkidgelleo@example.com
530,Michel Freestone,80 Talisman Street,20709,MD,mfreestoneep@dedecms.com
531,Hoyt Stather,6 Moulton Place,53263,WI,hstathereq@dailymotion.com
532,Eolanda Atmore,217 Michigan Road,66606,KS,eatmoreer@mac.com
533,Brook Menzies,08 Oak Parkway,45440,OH,bmenzieses@icio.us
534,Lay Feeley,1340 Namekagon Trail,25321,WV,lfeeleyet@wordpress.com
535,Kirsteni Quarles,938 Arizona Court,85020,AZ,kquarleseu@ucsd.edu
536,Nollie Dilrew,95 Rieder Point,92160,CA,ndilrewev@tumblr.com
537,Enrique Addington,1 Schiller Point,15215,PA,eaddingtonew@google.co.jp
538,Margette Sellar,52910 4th Pass,84105,UT,msellarex@goodreads.com
539,Vonnie Torricella,48574 Lakewood Gardens Point,66606,KS,vtorricellaey@howstuffworks.com
540,Berkeley Peris,803 Autumn Leaf Lane,20231,DC,bperisez@geocities.com
541,Natalya Heeran,5194 Hansons Street,95354,CA,nheeranf0@blogtalkradio.com
542,Wynne Rangall,026 International Trail,44555,OH,wrangallf1@homestead.com
543,Rinaldo Axton,47236 Prairie Rose Court,92196,CA,raxtonf2@dell.com
544,Rosa Aylett,3 Tony Lane,79415,TX,raylettf3@wunderground.com
545,Ericha Emmott,150 Chinook Junction,36195,AL,eemmottf4@wp.com
546,Giustina Vinter,6 Division Place,65105,MO,gvinterf5@fema.gov
547,Brynna Wealleans,2062 Towne Trail,80905,CO,bwealleansf6@newyorker.com
548,Olvan Sullly,953 Schurz Plaza,28405,NC,osulllyf7@home.pl
549,Abby Pimme,1071 Hanson Parkway,75044,TX,apimmef8@feedburner.com
550,Latrena Jervoise,8 Northview Court,92812,CA,ljervoisef9@devhub.com
551,Shelagh Hindshaw,1752 Anthes Road,80044,CO,shindshawfa@nba.com
552,Dagny Blakeden,4918 Hauk Center,70505,LA,dblakedenfb@foxnews.com
553,Gwenni William,7260 Erie Drive,55402,MN,gwilliamfc@goo.ne.jp
554,Nicki Stuther,4 Evergreen Avenue,12222,NY,nstutherfd@ted.com
555,Erinn Wakelin,61 Elmside Plaza,60158,IL,ewakelinfe@timesonline.co.uk
556,Tiffanie Babbs,6827 Moland Point,85030,AZ,tbabbsff@businessweek.com
557,Ennis Bedding,47 Mallory Circle,10165,NY,ebeddingfg@symantec.com
558,Olva Pylkynyton,8664 Blackbird Parkway,20425,DC,opylkynytonfh@redcross.org
559,Cooper Mourton,3 Pawling Lane,67220,KS,cmourtonfi@mayoclinic.com
560,Kayley Vaudrey,00576 Barnett Court,73071,OK,kvaudreyfj@google.co.jp
561,Birdie Eby,2 Dexter Drive,70160,LA,bebyfk@businesswire.com
562,Pattie Tunniclisse,647 Rieder Lane,89012,NV,ptunniclissefl@usnews.com
563,Addie Manna,395 Sunbrook Junction,85284,AZ,amannafm@whitehouse.gov
564,Lyssa Parsisson,325 Bellgrove Place,98447,WA,lparsissonfn@typepad.com
565,Judie Weeks,69457 Lotheville Street,78749,TX,jweeksfo@quantcast.com
566,Maude Loveland,3404 Del Mar Pass,64179,MO,mlovelandfp@fda.gov
567,Lin Constable,7164 Center Court,33694,FL,lconstablefq@lulu.com
568,Ransom Cheavin,12998 Stephen Place,55564,MN,rcheavinfr@earthlink.net
569,Leigha Cannan,2826 Grayhawk Plaza,98907,WA,lcannanfs@google.ru
570,Thorin Naerup,6389 Harper Center,64190,MO,tnaerupft@google.ca
571,Clair Matschoss,44 Porter Avenue,80638,CO,cmatschossfu@mozilla.com
572,Sam Routh,5 Evergreen Trail,37665,TN,srouthfv@prlog.org
573,Arne Hatch,1 Northland Point,35279,AL,ahatchfw@wunderground.com
574,Isidor Binnion,63 Northfield Street,19104,PA,ibinnionfx@reverbnation.com
575,Heall Dowzell,44258 Manley Court,98115,WA,hdowzellfy@theglobeandmail.com
576,Brander Dockreay,498 Park Meadow Court,44191,OH,bdockreayfz@amazon.com
577,Yehudi Bartalini,64 Maple Wood Avenue,34985,FL,ybartalinig0@slideshare.net
578,Kristina Buttler,6 Gina Terrace,91406,CA,kbuttlerg1@usnews.com
579,Alla Allott,537 Utah Crossing,48901,MI,aallottg2@histats.com
580,Ashly Bartomieu,05 Hauk Lane,20599,DC,abartomieug3@wix.com
581,Michaella Goldsbrough,4 Stuart Crossing,87195,NM,mgoldsbroughg4@indiegogo.com
582,Roy Chezelle,1 Paget Lane,61825,IL,rchezelleg5@phoca.cz
583,Lucius Kehri,9405 Carberry Hill,45223,OH,lkehrig6@ucla.edu
584,Wilfrid Canon,1 Westridge Lane,08608,NJ,wcanong7@un.org
585,Faulkner Dawson,82 West Center,77266,TX,fdawsong8@taobao.com
586,Calvin Trudgion,43246 Norway Maple Parkway,07188,NJ,ctrudgiong9@mediafire.com
587,Toma Dugall,7072 New Castle Terrace,78250,TX,tdugallga@baidu.com
588,Tammy Stemp,27 Messerschmidt Circle,33075,FL,tstempgb@thetimes.co.uk
589,Stephenie Farish,7 Quincy Lane,71137,LA,sfarishgc@utexas.edu
590,Kaine Beart,1 Bellgrove Hill,95852,CA,kbeartgd@nifty.com
591,Miltie Coggell,05746 Petterle Hill,79923,TX,mcoggellge@guardian.co.uk
592,Elvina Winscomb,96 Pearson Way,20420,DC,ewinscombgf@storify.com
593,Avrom Meiklam,3 Gulseth Parkway,46278,IN,ameiklamgg@ox.ac.uk
594,Constantino Jayes,0174 Porter Junction,94105,CA,cjayesgh@indiatimes.com
595,Corabella Blackleech,52 Norway Maple Street,38104,TN,cblackleechgi@economist.com
596,Judi Drexel,7 Muir Road,24020,VA,jdrexelgj@blogspot.com
597,Hillard Boncoeur,1888 Summer Ridge Park,68531,NE,hboncoeurgk@naver.com
598,Maisey Henmarsh,2077 David Way,20591,DC,mhenmarshgl@csmonitor.com
599,Priscella Quiddihy,25 Ridge Oak Terrace,66220,KS,pquiddihygm@amazon.de
600,Adela Blofield,2945 Pearson Lane,89110,NV,ablofieldgn@smugmug.com
601,Mellicent McEniry,6579 Claremont Alley,46216,IN,mmcenirygo@census.gov
602,Noel Jochanany,2431 Graedel Park,79940,TX,njochananygp@baidu.com
603,Bria Grewer,50 Valley Edge Park,14683,NY,bgrewergq@sourceforge.net
604,Malissia Lembke,2 Pearson Junction,27455,NC,mlembkegr@archive.org
605,Jodie Terbruggen,09736 Sunbrook Way,89714,NV,jterbruggengs@bluehost.com
606,Humfrey Dennert,416 Dunning Trail,11205,NY,hdennertgt@sohu.com
607,Micky Yurkevich,6 Scoville Street,20546,DC,myurkevichgu@whitehouse.gov
608,Jocko Loving,91315 Dorton Street,66160,KS,jlovinggv@wordpress.com
609,Valma Troyes,8676 Glacier Hill Trail,66215,KS,vtroyesgw@edublogs.org
610,Fina Hauxwell,423 Maryland Circle,47737,IN,fhauxwellgx@amazon.co.uk
611,Aguie Witherop,53628 Mayfield Parkway,44118,OH,awitheropgy@redcross.org
612,Daron Hargreaves,900 Blackbird Pass,30356,GA,dhargreavesgz@bloglines.com
613,Korrie Muschette,1693 Summerview Center,48242,MI,kmuschetteh0@prnewswire.com
614,Jade Brightey,8 Briar Crest Parkway,06705,CT,jbrighteyh1@sakura.ne.jp
615,Vince Yellowlee,678 Northridge Center,37995,TN,vyellowleeh2@bravesites.com
616,Liesa Cornfield,6 Forest Drive,25326,WV,lcornfieldh3@netlog.com
617,Thane Cundy,1945 David Trail,32304,FL,tcundyh4@boston.com
618,Yule von Nassau,36969 La Follette Terrace,33811,FL,yvonh5@tinyurl.com
619,Thorin Annott,4 Laurel Terrace,20425,DC,tannotth6@joomla.org
620,Brendis Martinho,28 Stuart Junction,99512,AK,bmartinhoh7@seesaa.net
621,Stephani O'Codihie,95832 Schmedeman Court,10039,NY,socodihieh8@utexas.edu
622,Mickie Shakelade,096 Warrior Crossing,46266,IN,mshakeladeh9@nytimes.com
623,Brit Gerlack,56476 Ronald Regan Alley,75379,TX,bgerlackha@reverbnation.com
624,Eran Leinweber,10168 Kenwood Lane,94207,CA,eleinweberhb@sourceforge.net
625,Ringo Herity,39 Kim Trail,14604,NY,rherityhc@sbwire.com
626,Maddalena Sheards,61 Vermont Place,31605,GA,msheardshd@behance.net
627,Enrichetta Goulbourn,90548 Eliot Circle,13505,NY,egoulbournhe@arstechnica.com
628,Gallagher Marishenko,06 Oakridge Way,77271,TX,gmarishenkohf@washingtonpost.com
629,Udall Lymer,676 Northwestern Pass,94297,CA,ulymerhg@ed.gov
630,Tomkin MacGinley,1 Graceland Drive,95205,CA,tmacginleyhh@yahoo.co.jp
631,Blake Moorhouse,895 Hooker Point,33462,FL,bmoorhousehi@51.la
632,Antoinette Eller,2 Carberry Avenue,32854,FL,aellerhj@fda.gov
633,Madella Simeon,0 Spohn Hill,35244,AL,msimeonhk@drupal.org
634,Ynez Aysik,9 Morningstar Lane,32595,FL,yaysikhl@slashdot.org
635,Ester Lamputt,143 Eastwood Lane,55166,MN,elamputthm@exblog.jp
636,Zedekiah Barstow,583 Colorado Lane,94105,CA,zbarstowhn@123-reg.co.uk
637,Flemming Skellion,21 John Wall Center,94110,CA,fskellionho@ow.ly
638,Quintilla Valentetti,1568 Mayfield Trail,34643,FL,qvalentettihp@newsvine.com
639,Rollins Berisford,32719 Sauthoff Plaza,49518,MI,rberisfordhq@msn.com
640,Celestyna Aspenlon,42 Kropf Terrace,85246,AZ,caspenlonhr@bbb.org
641,Stephani Miebes,96995 Gale Road,87592,NM,smiebeshs@friendfeed.com
642,Shea Kayzer,0 Pierstorff Terrace,46216,IN,skayzerht@example.com
643,Leanor Simpson,499 Hazelcrest Place,10019,NY,lsimpsonhu@narod.ru
644,Ashely Reimer,05 Lighthouse Bay Crossing,90810,CA,areimerhv@quantcast.com
645,Alena MacCrann,6200 John Wall Drive,20575,DC,amaccrannhw@purevolume.com
646,Roseann Joppich,41 Forest Hill,78715,TX,rjoppichhx@umich.edu
647,Zenia Griffin,77 Sachtjen Lane,20238,DC,zgriffinhy@unblog.fr
648,Giorgia Kell,379 Ridge Oak Hill,18018,PA,gkellhz@yahoo.com
649,Stevana Neubigging,061 Sachs Park,30066,GA,sneubiggingi0@goo.ne.jp
650,Berget MacIntosh,9968 Dryden Circle,79977,TX,bmacintoshi1@multiply.com
651,Chilton Pavett,3 Commercial Point,19125,PA,cpavetti2@elpais.com
652,Giraud Eilles,92440 Anthes Park,44321,OH,geillesi3@1und1.de
653,Sharona Latliff,88808 Stang Lane,02208,MA,slatliffi4@census.gov
654,Harcourt Howselee,65963 Bay Crossing,59771,MT,hhowseleei5@timesonline.co.uk
655,Mike Caren,2 Glacier Hill Park,87592,NM,mcareni6@nationalgeographic.com
656,Stacie Mayho,1 Burning Wood Terrace,80241,CO,smayhoi7@boston.com
657,Abagail Mathissen,80219 Eggendart Terrace,29215,SC,amathisseni8@weather.com
658,Jocelin Fowkes,571 2nd Circle,80299,CO,jfowkesi9@istockphoto.com
659,Persis Oddie,63612 Dovetail Circle,91199,CA,poddieia@statcounter.com
660,Roanna Edyson,023 Saint Paul Pass,78744,TX,redysonib@paypal.com
661,Al Lunam,95401 Riverside Point,12305,NY,alunamic@youku.com
662,Lucian Mablestone,825 Holy Cross Parkway,23324,VA,lmablestoneid@canalblog.com
663,Conway Conrad,22 Carberry Pass,71208,LA,cconradie@buzzfeed.com
664,Taryn Peacher,196 Gina Terrace,83722,ID,tpeacherif@uol.com.br
665,Jodie Smallwood,126 Springview Junction,47712,IN,jsmallwoodig@upenn.edu
666,Thomasina Langtry,8 Sheridan Lane,19120,PA,tlangtryih@latimes.com
667,Ash Philpault,134 Nova Crossing,29615,SC,aphilpaultii@patch.com
668,Marillin Errichelli,2323 Hoffman Center,20029,DC,merrichelliij@360.cn
669,Archibald Laffranconi,82177 Arizona Hill,32964,FL,alaffranconiik@abc.net.au
670,Waverly Phelipeaux,09 Northridge Point,51110,IA,wphelipeauxil@cargocollective.com
671,Ky Housbie,945 Lindbergh Terrace,76121,TX,khousbieim@answers.com
672,Elnore Griston,6780 Hanover Junction,94297,CA,egristonin@canalblog.com
673,Jerri Oxenford,4 Kennedy Lane,60663,IL,joxenfordio@netlog.com
674,Randi Farlowe,2330 Pennsylvania Street,50335,IA,rfarloweip@people.com.cn
675,Zuzana Node,93 Vernon Alley,68110,NE,znodeiq@ihg.com
676,Tabb Tuison,830 Twin Pines Crossing,64199,MO,ttuisonir@meetup.com
677,Gaultiero Jancy,47438 Bashford Park,61629,IL,gjancyis@com.com
678,Trey Gamble,09751 Graceland Road,79159,TX,tgambleit@tamu.edu
679,Braden Guerrieri,815 Texas Avenue,92645,CA,bguerrieriiu@parallels.com
680,Neel Broadbere,70 Oneill Way,60691,IL,nbroadbereiv@twitter.com
681,Otis Marsden,1715 Browning Point,80930,CO,omarsdeniw@comsenz.com
682,Carol-jean Nano,8 Continental Point,71105,LA,cnanoix@prlog.org
683,Dedra Lissandri,03 Washington Parkway,43268,OH,dlissandriiy@webnode.com
684,Parrnell Russen,66 Valley Edge Parkway,39705,MS,prusseniz@usda.gov
685,Valencia Spadotto,646 Kedzie Way,32595,FL,vspadottoj0@intel.com
686,La verne Steger,7 Burrows Trail,50936,IA,lvernej1@altervista.org
687,Perle Castanaga,14841 Northport Parkway,95133,CA,pcastanagaj2@cisco.com
688,Joye Uwins,445 Nevada Road,23213,VA,juwinsj3@springer.com
689,Albie Huffa,46113 Saint Paul Avenue,74156,OK,ahuffaj4@paginegialle.it
690,Crissie Glavis,90 East Parkway,07195,NJ,cglavisj5@livejournal.com
691,Sinclare Balcon,7 Crest Line Lane,90076,CA,sbalconj6@springer.com
692,Kerianne Bortolazzi,4084 Corscot Point,33715,FL,kbortolazzij7@jugem.jp
693,Abigale Paddison,51850 Lakeland Avenue,44710,OH,apaddisonj8@wunderground.com
694,Georgina Milleton,30 Hoard Hill,10004,NY,gmilletonj9@trellian.com
695,Noland Kuban,7 Westerfield Point,94207,CA,nkubanja@meetup.com
696,Leanor Alcido,9 Redwing Center,79999,TX,lalcidojb@posterous.com
697,Paul Summerlie,9426 Sundown Court,89130,NV,psummerliejc@lulu.com
698,Vicki Thorley,30453 Forest Dale Trail,36177,AL,vthorleyjd@baidu.com
699,Ignacius Grayson,36 Utah Point,20409,DC,igraysonje@webmd.com
700,Linnet Boustead,16 Portage Court,87201,NM,lbousteadjf@pinterest.com
701,Abram Finlry,545 Del Sol Drive,60435,IL,afinlryjg@youtube.com
702,Aleta Millea,65 La Follette Plaza,78210,TX,amilleajh@smh.com.au
703,Pearla Filinkov,24 Thierer Road,68524,NE,pfilinkovji@umn.edu
704,Meggie Greenless,7727 Butternut Alley,77090,TX,mgreenlessjj@flickr.com
705,Augy Pickworth,812 Gerald Crossing,32575,FL,apickworthjk@multiply.com
706,Archambault Avison,21 Southridge Court,10705,NY,aavisonjl@gov.uk
707,Stefan Madoc-Jones,02 Utah Point,68510,NE,smadocjonesjm@shop-pro.jp
708,Sayre Gambell,883 Heffernan Parkway,70894,LA,sgambelljn@ask.com
709,Felicio Halm,04500 American Junction,83206,ID,fhalmjo@mapquest.com
710,Bartholomeus Biaggioli,86 Morrow Trail,06105,CT,bbiaggiolijp@about.me
711,Denney Dureden,429 Packers Center,89505,NV,dduredenjq@studiopress.com
712,Yolanda Darnbrook,80347 Delladonna Way,02203,MA,ydarnbrookjr@cbc.ca
713,Lianne Liddyard,1193 Petterle Junction,45254,OH,lliddyardjs@paginegialle.it
714,Hetty Durrand,78348 Sage Terrace,21265,MD,hdurrandjt@sina.com.cn
715,Valera Maciaszek,7170 Anthes Terrace,29505,SC,vmaciaszekju@salon.com
716,Cristine Woodrup,9 Comanche Place,30506,GA,cwoodrupjv@dot.gov
717,Corny Holgan,6 Springs Point,88546,TX,cholganjw@cafepress.com
718,Faydra Goare,11 La Follette Way,28314,NC,fgoarejx@state.gov
719,Turner O'Rodane,29 Starling Hill,50706,IA,torodanejy@prlog.org
720,Emmy Caban,85747 Monument Court,85748,AZ,ecabanjz@dot.gov
721,Delora Grolmann,9 Washington Park,20005,DC,dgrolmannk0@prweb.com
722,Nicola Orgel,6911 Schmedeman Junction,92883,CA,norgelk1@networksolutions.com
723,Melvyn Haughin,191 Hazelcrest Parkway,77505,TX,mhaughink2@nymag.com
724,Gael Punshon,39506 Thackeray Pass,92145,CA,gpunshonk3@amazonaws.com
725,Arlen Gatley,546 Shoshone Drive,79928,TX,agatleyk4@elegantthemes.com
726,Woodrow Cranny,094 Reindahl Way,74170,OK,wcrannyk5@163.com
727,Westley Wyre,64190 Ohio Terrace,63136,MO,wwyrek6@chron.com
728,Carolynn Scarrisbrick,31147 Maple Drive,06140,CT,cscarrisbrickk7@usnews.com
729,Cully Crossgrove,3 Packers Trail,05609,VT,ccrossgrovek8@ebay.co.uk
730,Pauli Tissington,4264 Maywood Junction,45432,OH,ptissingtonk9@cnbc.com
731,Auberta Divell,94020 Lyons Place,77015,TX,adivellka@blogspot.com
732,Tony Sidwell,49 North Junction,92825,CA,tsidwellkb@1688.com
733,Izaak Stenet,80992 Raven Way,33436,FL,istenetkc@nationalgeographic.com
734,Greta Gotthard.sf,243 Kedzie Junction,73142,OK,ggotthardsfkd@wunderground.com
735,Camila Renne,9 Cottonwood Way,33064,FL,crenneke@who.int
736,Ailyn Small,39743 Kennedy Place,45238,OH,asmallkf@tripadvisor.com
737,Bernhard Way,27351 Morning Center,87140,NM,bwaykg@businesswire.com
738,Halley Barron,3013 Lindbergh Avenue,96805,HI,hbarronkh@1und1.de
739,Ros Reasce,2469 Arkansas Lane,29240,SC,rreasceki@state.tx.us
740,Tamma Godfray,49206 Amoth Place,73179,OK,tgodfraykj@com.com
741,Sue Coyte,7473 Bluestem Hill,40256,KY,scoytekk@cpanel.net
742,Robena Gantzer,6 Reinke Drive,38308,TN,rgantzerkl@fc2.com
743,Gabriellia Crowter,6837 Old Gate Center,70607,LA,gcrowterkm@mail.ru
744,Kacy Mulford,6 North Lane,30392,GA,kmulfordkn@blogtalkradio.com
745,Rennie Gude,9 Linden Avenue,40215,KY,rgudeko@marketwatch.com
746,Janey Galiford,53759 Sachtjen Alley,98447,WA,jgalifordkp@trellian.com
747,Lin Scoffham,931 Manufacturers Lane,20088,DC,lscoffhamkq@free.fr
748,Alidia MacMychem,6835 Oxford Court,78754,TX,amacmychemkr@tinyurl.com
749,Nerte Stratiff,5 Gina Center,94169,CA,nstratiffks@mail.ru
750,Odella Caban,89682 Westridge Plaza,77293,TX,ocabankt@sbwire.com
751,Caryn Scard,7824 Burrows Point,85020,AZ,cscardku@economist.com
752,Emyle Moran,8434 Hovde Alley,11236,NY,emorankv@ox.ac.uk
753,Bernardina Gilhool,4 Alpine Center,98424,WA,bgilhoolkw@bloomberg.com
754,Amil Carnow,93 Mayer Terrace,85025,AZ,acarnowkx@go.com
755,Waldon Guiton,9270 Myrtle Point,97405,OR,wguitonky@cnn.com
756,Mary Weiss,3 Carberry Trail,63196,MO,mweisskz@mysql.com
757,Rivkah Zambon,0605 Fallview Plaza,55487,MN,rzambonl0@latimes.com
758,Garold Orehead,3 Blaine Terrace,26505,WV,goreheadl1@yellowbook.com
759,Raddie Mapstone,1 Pepper Wood Junction,94089,CA,rmapstonel2@whitehouse.gov
760,Auberon Mouton,02 5th Pass,75277,TX,amoutonl3@addtoany.com
761,Maegan Van Geffen,6 Commercial Park,23208,VA,mvanl4@theatlantic.com
762,Jacqueline Lortz,89017 Sutherland Hill,93305,CA,jlortzl5@home.pl
763,Gerald Gamlyn,5558 Cottonwood Street,90605,CA,ggamlynl6@skyrock.com
764,Lay Charopen,15628 Anhalt Avenue,98516,WA,lcharopenl7@prnewswire.com
765,Matias Skehan,2418 Sheridan Point,53716,WI,mskehanl8@mac.com
766,Tasha Kitchener,91506 Lakewood Avenue,20414,DC,tkitchenerl9@w3.org
767,Karole McCrainor,7 Blaine Junction,20029,DC,kmccrainorla@gravatar.com
768,Linea Benley,3 Holy Cross Place,25770,WV,lbenleylb@wordpress.org
769,Anett Gellan,906 Nancy Trail,73179,OK,agellanlc@cloudflare.com
770,Jennifer Astbery,11175 Dayton Way,90847,CA,jastberyld@furl.net
771,Asa Hubach,2983 Paget Plaza,93704,CA,ahubachle@economist.com
772,Alva Piel,59 Fordem Parkway,45233,OH,apiellf@bluehost.com
773,Gareth Muslim,33898 Quincy Place,33906,FL,gmuslimlg@google.co.uk
774,Gabriellia Deerr,92 Barnett Place,23237,VA,gdeerrlh@domainmarket.com
775,Verene Moorfield,7 Kinsman Road,75044,TX,vmoorfieldli@cnn.com
776,Vance Spira,1 Norway Maple Terrace,60657,IL,vspiralj@seattletimes.com
777,Fawne Scrimshaw,773 Pennsylvania Center,76198,TX,fscrimshawlk@nytimes.com
778,Welsh Balham,523 Eliot Trail,46231,IN,wbalhamll@list-manage.com
779,Berenice Mateiko,95 Mcguire Center,24024,VA,bmateikolm@sakura.ne.jp
780,Lesley Poynser,8 Oriole Junction,50335,IA,lpoynserln@posterous.com
781,Blake Niezen,3 Kingsford Street,45233,OH,bniezenlo@example.com
782,Barby Peart,05603 Calypso Alley,20392,DC,bpeartlp@ted.com
783,Garrott Kime,888 Homewood Court,90840,CA,gkimelq@nature.com
784,Devondra Gebhardt,976 Everett Road,46896,IN,dgebhardtlr@noaa.gov
785,Kent Kent,42 Merchant Drive,23471,VA,kkentls@yale.edu
786,Vinita Goodey,9773 Mifflin Crossing,37245,TN,vgoodeylt@miibeian.gov.cn
787,Sean Fryd,2 Farragut Trail,35487,AL,sfrydlu@parallels.com
788,Sarajane Wetherick,310 Springs Crossing,85025,AZ,swethericklv@harvard.edu
789,Raul Ughetti,64 Northwestern Center,34949,FL,rughettilw@edublogs.org
790,Merridie Spurryer,08451 Huxley Trail,95123,CA,mspurryerlx@drupal.org
791,Lauritz Noell,67 Cordelia Pass,78296,TX,lnoellly@illinois.edu
792,Gaile Bruhke,523 Myrtle Point,85255,AZ,gbruhkelz@cisco.com
793,Karia Kindall,52983 Almo Way,55579,MN,kkindallm0@soup.io
794,Tracee Gribben,825 Upham Drive,28210,NC,tgribbenm1@cbsnews.com
795,Sosanna Chatters,79974 Washington Pass,14225,NY,schattersm2@quantcast.com
796,Alison Turle,027 Killdeer Drive,99512,AK,aturlem3@ebay.com
797,Chad Dyball,8620 Knutson Way,91841,CA,cdyballm4@unesco.org
798,Vittorio Spon,64019 Mayfield Crossing,84093,UT,vsponm5@latimes.com
799,Alaster De Matteis,2711 Crowley Avenue,78296,TX,adem6@nydailynews.com
800,Mufi St. Quintin,96687 Lotheville Drive,62205,IL,mstm7@nba.com
801,Malynda Kittredge,96 Canary Pass,85205,AZ,mkittredgem8@addthis.com
802,Moore Foyston,3 Spaight Park,73197,OK,mfoystonm9@ask.com
803,Adrianna Noton,830 Forest Dale Hill,11854,NY,anotonma@sakura.ne.jp
804,Robinia MacMoyer,6 Northfield Road,23471,VA,rmacmoyermb@privacy.gov.au
805,Shelagh Eiler,41 Jenna Street,14619,NY,seilermc@shinystat.com
806,Golda Girhard,9 Buhler Trail,75310,TX,ggirhardmd@cdbaby.com
807,Nicola Springham,7 Ronald Regan Street,38114,TN,nspringhamme@springer.com
808,Cal Adrienne,54858 Milwaukee Plaza,28299,NC,cadriennemf@java.com
809,Lay Alesin,6744 Haas Point,77020,TX,lalesinmg@wordpress.org
810,Ruperto Meharg,1 Reinke Plaza,77055,TX,rmehargmh@clickbank.net
811,Bethanne Synder,018 Summer Ridge Avenue,08650,NJ,bsyndermi@cbc.ca
812,Teresita Baversor,7 Swallow Circle,27105,NC,tbaversormj@t.co
813,Lyle Yurivtsev,175 Chinook Parkway,78475,TX,lyurivtsevmk@wufoo.com
814,Morten De Luna,149 Butterfield Junction,21239,MD,mdeml@slate.com
815,Georgetta Dounbare,9275 Northfield Park,79968,TX,gdounbaremm@va.gov
816,Parry Chevins,725 Montana Avenue,28299,NC,pchevinsmn@paypal.com
817,Stephan Huby,23380 Meadow Ridge Plaza,01605,MA,shubymo@topsy.com
818,Gustav Le Galle,1845 Prairie Rose Pass,32627,FL,glemp@printfriendly.com
819,Levon Bogays,15 Little Fleur Lane,55811,MN,lbogaysmq@whitehouse.gov
820,Kristofor Usmar,833 Linden Way,10034,NY,kusmarmr@seattletimes.com
821,Benedict Hatz,7 Manley Trail,31704,GA,bhatzms@wikipedia.org
822,Kara-lynn Wetton,3289 Valley Edge Trail,40524,KY,kwettonmt@github.com
823,Elenore Mougin,976 Petterle Parkway,20337,DC,emouginmu@usa.gov
824,Hyacinthia Ruzek,48181 Fordem Court,55805,MN,hruzekmv@bizjournals.com
825,Renaud Marsden,920 Chinook Crossing,43268,OH,rmarsdenmw@nature.com
826,Sammy Amys,85447 Briar Crest Plaza,20215,DC,samysmx@icio.us
827,Ignacio Georgelin,0208 Hayes Pass,60669,IL,igeorgelinmy@alibaba.com
828,Olivier Bussons,07384 Sullivan Plaza,60158,IL,obussonsmz@xrea.com
829,Emogene Wrightham,727 Victoria Center,92668,CA,ewrighthamn0@symantec.com
830,Gill Rhubottom,43440 Cambridge Trail,02298,MA,grhubottomn1@earthlink.net
831,Ermanno Norgate,9538 Cascade Place,84110,UT,enorgaten2@princeton.edu
832,Gay Finders,7 Clyde Gallagher Center,94237,CA,gfindersn3@ft.com
833,Josepha Bestar,4870 Johnson Trail,53205,WI,jbestarn4@gmpg.org
834,Denny Gerran,507 Goodland Way,32605,FL,dgerrann5@networksolutions.com
835,Kore Red,3287 Sage Lane,19886,DE,kredn6@1688.com
836,Mohandis Woolfoot,769 Oxford Terrace,22217,VA,mwoolfootn7@uiuc.edu
837,Robbi Reece,27 Warner Court,33543,FL,rreecen8@e-recht24.de
838,Martina Hanmore,566 Sundown Avenue,81010,CO,mhanmoren9@aboutads.info
839,Madelina Churchward,1882 Red Cloud Hill,85748,AZ,mchurchwardna@amazon.co.uk
840,Taryn Cockin,59750 Bluestem Street,48670,MI,tcockinnb@hp.com
841,Nora Beamiss,39638 Eagle Crest Way,60691,IL,nbeamissnc@baidu.com
842,Kermy Pardal,5480 Rigney Alley,15255,PA,kpardalnd@g.co
843,Stephie Kemmett,346 Sunnyside Street,48098,MI,skemmettne@yahoo.co.jp
844,Juliana Dundon,09584 Moland Parkway,75226,TX,jdundonnf@goodreads.com
845,Neale McKenney,0422 Paget Crossing,94126,CA,nmckenneyng@globo.com
846,Antonella Crosfeld,6 Little Fleur Street,70820,LA,acrosfeldnh@answers.com
847,Bo Kencott,08 Farwell Terrace,95838,CA,bkencottni@zdnet.com
848,Chic Rickaby,26005 Upham Way,53785,WI,crickabynj@mapy.cz
849,Marji Dachey,23607 New Castle Pass,80328,CO,mdacheynk@delicious.com
850,Lyle Colquitt,7302 Trailsway Parkway,79491,TX,lcolquittnl@smh.com.au
851,Courtnay Bury,848 Novick Junction,70142,LA,cburynm@163.com
852,Lynde Vasyutochkin,961 Kipling Way,79977,TX,lvasyutochkinnn@blinklist.com
853,Lonnie Barneville,2 Welch Trail,72118,AR,lbarnevilleno@yellowbook.com
854,Stanislas Molines,60 Bowman Street,78215,TX,smolinesnp@constantcontact.com
855,Brendan Korda,22 New Castle Hill,33111,FL,bkordanq@behance.net
856,Brendon Gregoletti,0 Annamark Parkway,73124,OK,bgregolettinr@shop-pro.jp
857,Juliet Nissle,8133 Mccormick Lane,31904,GA,jnisslens@usa.gov
858,Gilburt Marthen,8 Cottonwood Pass,94132,CA,gmarthennt@bbb.org
859,Devlen Charlin,8648 Gateway Trail,46221,IN,dcharlinnu@geocities.com
860,Baillie Addison,1019 Dapin Center,25326,WV,baddisonnv@yelp.com
861,Celie Worswick,372 Fulton Junction,20073,DC,cworswicknw@mlb.com
862,Morton Wagstaffe,2408 Daystar Junction,97405,OR,mwagstaffenx@indiatimes.com
863,Lorri Robertelli,7644 Bay Way,77055,TX,lrobertelliny@webnode.com
864,Pooh Tarquinio,848 Bultman Point,33705,FL,ptarquinionz@geocities.com
865,Gerhardt Bloor,7445 Bluejay Crossing,80930,CO,gblooro0@google.it
866,Ulberto Moro,450 1st Way,93762,CA,umoroo1@zdnet.com
867,Raf Ransley,06055 Knutson Drive,79710,TX,rransleyo2@mit.edu
868,Nikolos Allwood,890 Myrtle Lane,68134,NE,nallwoodo3@exblog.jp
869,Rowney Potebury,82 Carioca Street,37914,TN,rpoteburyo4@apple.com
870,Milka Panniers,120 Hoepker Lane,70129,LA,mpannierso5@gravatar.com
871,Verla Annesley,93110 Milwaukee Pass,75049,TX,vannesleyo6@about.com
872,Shaun Girardengo,82 Pond Lane,33758,FL,sgirardengoo7@twitter.com
873,Hermy Jochanany,45 Warrior Lane,12232,NY,hjochananyo8@taobao.com
874,Alfi Newnham,4 2nd Circle,23272,VA,anewnhamo9@plala.or.jp
875,Bendick Jouning,0 Northport Crossing,80249,CO,bjouningoa@uiuc.edu
876,Merl Azemar,70 Prairie Rose Park,72222,AR,mazemarob@squidoo.com
877,Carroll Donati,00 Lillian Lane,32819,FL,cdonatioc@miibeian.gov.cn
878,Jordain Duckerin,01 Cambridge Trail,70116,LA,jduckerinod@icio.us
879,Trefor Colloby,60 Mariners Cove Park,75205,TX,tcollobyoe@stanford.edu
880,Malynda Weldon,2 Montana Plaza,20918,MD,mweldonof@earthlink.net
881,Benyamin Brimilcombe,500 Forest Dale Junction,10014,NY,bbrimilcombeog@livejournal.com
882,Maryellen Burdett,225 Bartelt Avenue,90605,CA,mburdettoh@google.fr
883,Gerry Jeune,8 Vermont Plaza,06152,CT,gjeuneoi@tinyurl.com
884,Yard Dametti,662 Logan Trail,28215,NC,ydamettioj@sakura.ne.jp
885,Andreana Oseman,628 Crownhardt Way,33320,FL,aosemanok@addtoany.com
886,Fergus Ivanchov,15 Little Fleur Park,34238,FL,fivanchovol@cbc.ca
887,Leslie Tuxell,81 Farmco Road,06606,CT,ltuxellom@hubpages.com
888,Sharline Morrow,8 Hovde Avenue,97296,OR,smorrowon@wix.com
889,Jerrome Taylour,031 Lien Lane,94159,CA,jtaylouroo@twitter.com
890,Sigismondo Westall,59860 Lindbergh Junction,73147,OK,swestallop@1688.com
891,Garrard Lowensohn,66702 Cody Road,19605,PA,glowensohnoq@google.ca
892,Egor Stobart,2 Transport Alley,35895,AL,estobartor@xinhuanet.com
893,Cheryl Beardshaw,20 Crest Line Trail,34981,FL,cbeardshawos@macromedia.com
894,Vallie Adhams,04 Bobwhite Lane,62205,IL,vadhamsot@seattletimes.com
895,Haley Djorevic,1532 1st Drive,49444,MI,hdjorevicou@wordpress.com
896,Camella Maggiori,1224 Brickson Park Court,27705,NC,cmaggioriov@skype.com
897,Andriette Torresi,8 Merchant Center,77218,TX,atorresiow@jalbum.net
898,Rosella Norrey,19 Nancy Plaza,48242,MI,rnorreyox@stanford.edu
899,Dwayne Duthie,466 Straubel Place,94207,CA,dduthieoy@1und1.de
900,Modestine Virgoe,5441 Graceland Hill,97216,OR,mvirgoeoz@webs.com
901,Nathan Wheowall,33 Jay Parkway,17140,PA,nwheowallp0@live.com
902,Randall Parriss,318 Schmedeman Way,34276,FL,rparrissp1@studiopress.com
903,Verine Fardon,779 Haas Plaza,94042,CA,vfardonp2@sourceforge.net
904,Lissie Kester,5 Corben Parkway,63136,MO,lkesterp3@apache.org
905,Helga Ibell,3 Aberg Trail,78749,TX,hibellp4@163.com
906,Meggie Aubray,5 Arizona Court,64130,MO,maubrayp5@google.com
907,Mill Blucher,8 Everett Road,54305,WI,mblucherp6@nhs.uk
908,Hubert Dunning,75 Scott Junction,55428,MN,hdunningp7@google.fr
909,Kippy Willden,0 Crescent Oaks Lane,20036,DC,kwilldenp8@imageshack.us
910,Andreana Washington,95645 Mayfield Avenue,31106,GA,awashingtonp9@apple.com
911,Harwilll MacTerlagh,69005 Spohn Trail,15266,PA,hmacterlaghpa@bravesites.com
912,Carmella Kneafsey,3 Clemons Plaza,84199,UT,ckneafseypb@weather.com
913,Harlie McKern,1292 Declaration Crossing,80525,CO,hmckernpc@nature.com
914,Etienne Paybody,3 Lindbergh Court,32819,FL,epaybodypd@moonfruit.com
915,Fae Leport,25713 South Point,85284,AZ,fleportpe@webmd.com
916,Berkeley Gosneye,126 Michigan Drive,44329,OH,bgosneyepf@deviantart.com
917,Nomi Martine,962 Dwight Parkway,55487,MN,nmartinepg@typepad.com
918,Gavin Louca,52433 Autumn Leaf Parkway,23293,VA,gloucaph@flickr.com
919,Jo-ann Francescuccio,9 Bobwhite Drive,74141,OK,jfrancescucciopi@plala.or.jp
920,Kassi Andrini,1812 Erie Point,33906,FL,kandrinipj@cbsnews.com
921,Homere Kidman,70 Saint Paul Park,34611,FL,hkidmanpk@bravesites.com
922,Brett Keary,1 Shelley Point,22225,VA,bkearypl@ycombinator.com
923,Lebbie Clutterbuck,53249 Monterey Terrace,79977,TX,lclutterbuckpm@livejournal.com
924,Mac Du Hamel,4 Moose Junction,78255,TX,mdupn@multiply.com
925,Mano Linger,2583 Scofield Point,34665,FL,mlingerpo@nsw.gov.au
926,Lyndy Pester,34455 Elgar Parkway,37250,TN,lpesterpp@disqus.com
927,Grier Kitson,3672 Hooker Junction,94975,CA,gkitsonpq@exblog.jp
928,Stanislaus O'Codihie,856 Dwight Avenue,48217,MI,socodihiepr@list-manage.com
929,Rozalin Lusty,5 Nova Way,50310,IA,rlustyps@digg.com
930,Mariejeanne Walmsley,475 Dovetail Crossing,38168,TN,mwalmsleypt@w3.org
931,Staci Mattheissen,50307 Sycamore Terrace,40586,KY,smattheissenpu@sakura.ne.jp
932,Donella Orrell,46949 Rieder Junction,45454,OH,dorrellpv@gnu.org
933,Zita Hartzogs,4 Bunker Hill Road,97240,OR,zhartzogspw@cnbc.com
934,Iggy Carlan,67308 Truax Drive,25321,WV,icarlanpx@flickr.com
935,Riordan Devine,2331 Bluestem Place,36641,AL,rdevinepy@patch.com
936,Bella Southby,6 Arkansas Junction,73071,OK,bsouthbypz@telegraph.co.uk
937,Corenda Dahlen,7 Milwaukee Junction,34611,FL,cdahlenq0@behance.net
938,Vassili De Vuyst,0 Fremont Pass,18105,PA,vdeq1@gmpg.org
939,Yul Alexsandrov,2626 Morrow Terrace,27621,NC,yalexsandrovq2@epa.gov
940,Hunter Dewerson,6007 Vermont Avenue,79410,TX,hdewersonq3@businessweek.com
941,Edward Sposito,070 Clove Drive,33180,FL,espositoq4@addtoany.com
942,Glen Meus,299 Duke Alley,94245,CA,gmeusq5@uol.com.br
943,Gates Gerault,11 Melby Alley,15210,PA,ggeraultq6@cyberchimps.com
944,Madelon Dorr,2 Reindahl Hill,64082,MO,mdorrq7@vistaprint.com
945,Grover Charer,17675 Prairieview Way,19805,DE,gcharerq8@prnewswire.com
946,Anabel Bangiard,76291 Judy Junction,78220,TX,abangiardq9@livejournal.com
947,Geno Marnes,49018 Anhalt Hill,78278,TX,gmarnesqa@state.gov
948,Alis Phil,8 Tony Parkway,45223,OH,aphilqb@stanford.edu
949,Eduino Claw,9 Porter Center,81015,CO,eclawqc@aboutads.info
950,Winnifred Pideon,3 Ridgeview Parkway,85025,AZ,wpideonqd@mayoclinic.com
951,Lenee Gannaway,42990 Welch Trail,28210,NC,lgannawayqe@un.org
952,Hendrick Stentiford,9 Oneill Drive,21265,MD,hstentifordqf@parallels.com
953,Caryl Hallford,01 Graceland Road,19605,PA,challfordqg@nifty.com
954,Mendy Masson,74 Monterey Pass,43610,OH,mmassonqh@liveinternet.ru
955,Junia Illston,071 Alpine Terrace,34642,FL,jillstonqi@sohu.com
956,Jordan Tenby,49 Independence Lane,36610,AL,jtenbyqj@zdnet.com
957,Lorelle Kivelhan,79750 Onsgard Junction,85062,AZ,lkivelhanqk@comcast.net
958,Barb Scothron,3 Meadow Valley Junction,85720,AZ,bscothronql@unc.edu
959,Viviana Sorley,6985 Rieder Junction,85035,AZ,vsorleyqm@parallels.com
960,Granny Pipe,67399 Milwaukee Pass,60646,IL,gpipeqn@boston.com
961,Illa Stennine,9673 Banding Avenue,78240,TX,istennineqo@accuweather.com
962,Micky Cayser,1 Independence Alley,31296,GA,mcayserqp@patch.com
963,Natty McGillivrie,754 Mayer Lane,43240,OH,nmcgillivrieqq@businesswire.com
964,Austine Ellacombe,7517 Moose Pass,33315,FL,aellacombeqr@opensource.org
965,Saidee Goade,1144 5th Hill,68144,NE,sgoadeqs@cbsnews.com
966,Jewel Tweddle,190 Dunning Junction,32314,FL,jtweddleqt@ox.ac.uk
967,Gus Lewson,9 Corscot Court,27621,NC,glewsonqu@wsj.com
968,Moira Geharke,74869 Stone Corner Place,23228,VA,mgeharkeqv@fema.gov
969,Conni Fernandez,33 4th Point,68197,NE,cfernandezqw@state.gov
970,Carmina Diddams,6869 Charing Cross Parkway,20420,DC,cdiddamsqx@mozilla.org
971,Sheila-kathryn Kemmet,14390 Browning Road,15240,PA,skemmetqy@wsj.com
972,Elvira Pretty,55 Westerfield Place,20551,DC,eprettyqz@chron.com
973,Nickolas Wadsworth,3951 Dwight Point,30911,GA,nwadsworthr0@nydailynews.com
974,Binnie Clilverd,1 Logan Road,55598,MN,bclilverdr1@blogspot.com
975,Dag Peniman,4633 Sunfield Center,76129,TX,dpenimanr2@pen.io
976,Tye Whitley,23 Shopko Point,38104,TN,twhitleyr3@samsung.com
977,Jeno Treace,119 Warbler Trail,31422,GA,jtreacer4@umich.edu
978,Skip Korejs,7893 Stone Corner Trail,33963,FL,skorejsr5@sitemeter.com
979,Lauren Carrett,0 Westend Avenue,87110,NM,lcarrettr6@admin.ch
980,Temple Martinec,6 Coleman Lane,78769,TX,tmartinecr7@devhub.com
981,Michael Taylour,229 Fairview Parkway,77228,TX,mtaylourr8@howstuffworks.com
982,Dale Weippert,906 Butternut Avenue,27105,NC,dweippertr9@merriam-webster.com
983,Chucho Werlock,67 Sundown Park,23220,VA,cwerlockra@telegraph.co.uk
984,Whitney Woolen,77 Charing Cross Junction,80299,CO,wwoolenrb@nytimes.com
985,Allister Ramelot,9908 Scott Hill,80638,CO,aramelotrc@ameblo.jp
986,Genny Bener,64781 Utah Parkway,89110,NV,gbenerrd@indiatimes.com
987,Markus Damiata,4066 Golden Leaf Street,99709,AK,mdamiatare@home.pl
988,Marianna Anderson,114 Garrison Way,55487,MN,mandersonrf@nymag.com
989,Riva Holleran,0701 Iowa Trail,46247,IN,rholleranrg@fda.gov
990,D'arcy Stutely,961 Randy Point,85715,AZ,dstutelyrh@examiner.com
991,Carter Hulse,1442 Bashford Road,20189,VA,chulseri@fotki.com
992,Welbie Sancho,63 Annamark Road,53220,WI,wsanchorj@feedburner.com
993,Thurstan Kehoe,17 Kedzie Junction,92835,CA,tkehoerk@google.fr
994,Deane Neising,2 Briar Crest Pass,44720,OH,dneisingrl@symantec.com
995,Mae Duval,677 Cambridge Way,62756,IL,mduvalrm@comsenz.com
996,Cosette Dumbrall,0 Hoard Place,84110,UT,cdumbrallrn@hc360.com
997,Uriah Dearle-Palser,610 Kennedy Pass,73034,OK,udearlepalserro@macromedia.com
998,Mac Durgan,7349 Annamark Trail,20520,DC,mdurganrp@alibaba.com
999,Shandee Amery,58777 Lerdahl Drive,79968,TX,sameryrq@wikimedia.org
1000,Adolphe Turner,9 Charing Cross Center,28405,NC,aturnerrr@amazon.com
