id,name,address,zipcode,state,email
1,Randi Morman,141 Sutteridge Drive,83722,ID,rmorman0@tuttocitta.it
2,Malorie Laffling,96205 Drewry Drive,19120,PA,mlaffling1@blog.com
3,Ashlin Asprey,06283 Walton Point,37914,TN,aasprey2@i2i.jp
4,Cobb Freestone,1 Moose Park,29605,SC,cfreestone3@slate.com
5,Alyson Seckington,034 Mayer Center,34290,FL,aseckington4@theguardian.com
6,Amaleta Rowsell,16 Lawn Point,27626,NC,arowsell5@nyu.edu
7,Ansel Ianetti,6576 Oriole Circle,34745,FL,aianetti6@i2i.jp
8,Gwenette Zupo,9 Hansons Way,55551,MN,gzupo7@seesaa.net
9,Maryellen Mighele,7 Swallow Point,45490,OH,mmighele8@mediafire.com
10,Allyn Gligoraci,750 Nova Parkway,33233,FL,agligoraci9@si.edu
11,Nataline Augur,8 Duke Plaza,90060,CA,naugura@bloomberg.com
12,Alwin McGrath,441 Cottonwood Park,77554,TX,amcgrathb@imgur.com
13,Christiana Housby,8 Sunfield Terrace,77806,TX,chousbyc@webs.com
14,Clemens Kosiada,63 Buena Vista Point,23289,VA,ckosiadad@bigcartel.com
15,Olivier Woodcroft,248 Springview Road,76305,TX,owoodcrofte@dion.ne.jp
16,Jozef Albany,4 Macpherson Court,98907,WA,jalbanyf@usatoday.com
17,Cherida Rack,0708 Summer Ridge Street,80910,CO,crackg@mapquest.com
18,Ingrid Griffiths,20 Vahlen Center,90087,CA,igriffithsh@csmonitor.com
19,Mei Triggle,7 Melody Avenue,10260,NY,mtrigglei@mlb.com
20,Hayes Brake,25077 Eggendart Point,33124,FL,hbrakej@slideshare.net
21,Eugine Tonks,0594 Pennsylvania Alley,65211,MO,etonksk@newsvine.com
22,Tressa Southam,80598 North Circle,71307,LA,tsouthaml@bbb.org
23,Jenine Zellick,4003 Dayton Court,90605,CA,jzellickm@multiply.com
24,Hyatt Pirrey,64 Oak Plaza,20520,DC,hpirreyn@bloglovin.com
25,Truda Genty,2453 Dryden Avenue,20575,DC,tgentyo@goo.ne.jp
26,Hartwell Bissill,959 Montana Avenue,70826,LA,hbissillp@google.co.uk
27,Ginevra Eastwell,0 Sunbrook Drive,63110,MO,geastwellq@newyorker.com
28,Fidole La Padula,07 Anniversary Trail,75074,TX,flar@dmoz.org
29,Eada Tivnan,478 Warrior Junction,85305,AZ,etivnans@spiegel.de
30,Jamal Emmot,11 Longview Alley,75260,TX,jemmott@last.fm
31,Aimee Domniney,3 East Alley,78220,TX,adomnineyu@umn.edu
32,Daryl Scaife,98100 Hauk Pass,47905,IN,dscaifev@miibeian.gov.cn
33,Ryun Ordish,51 Talmadge Alley,75049,TX,rordishw@nps.gov
34,Dwayne Denington,810 Eastwood Drive,77305,TX,ddeningtonx@gnu.org
35,Essy Jamson,0430 Johnson Plaza,82007,WY,ejamsony@arizona.edu
36,Zorine Redington,9352 Bultman Trail,72231,AR,zredingtonz@mtv.com
37,Kippy Anthoney,5 American Crossing,85754,AZ,kanthoney10@elegantthemes.com
38,Addy Rivalland,449 Maryland Court,22156,VA,arivalland11@constantcontact.com
39,Verla Goulborn,4 John Wall Trail,89155,NV,vgoulborn12@edublogs.org
40,Sianna Pencot,388 Thompson Street,85210,AZ,spencot13@oracle.com
41,Poppy Durker,85 Saint Paul Avenue,20535,DC,pdurker14@usda.gov
42,Wang Mellish,68 Parkside Trail,32520,FL,wmellish15@reddit.com
43,Audrey Luesley,1100 Golf Course Place,98115,WA,aluesley16@npr.org
44,Peterus Bellas,2 Marcy Street,70116,LA,pbellas17@qq.com
45,Kerstin Hastwall,9623 Canary Trail,33615,FL,khastwall18@usa.gov
46,Lazaro Goater,65 Annamark Way,98442,WA,lgoater19@altervista.org
47,Gert Grandisson,30 Messerschmidt Alley,20205,DC,ggrandisson1a@ning.com
48,Charmain Navarre,8 Homewood Plaza,30323,GA,cnavarre1b@jalbum.net
49,Xavier Farrier,9 Magdeline Road,36125,AL,xfarrier1c@cyberchimps.com
50,Grethel Rowbrey,96 Shoshone Center,94522,CA,growbrey1d@noaa.gov
51,Collete Rispen,7 Roth Lane,79999,TX,crispen1e@home.pl
52,Kirsti Woollacott,81323 Debra Street,46266,IN,kwoollacott1f@1688.com
53,Guthrey Helian,0292 Calypso Junction,10090,NY,ghelian1g@ebay.co.uk
54,Sargent Gawler,1867 Stang Alley,15261,PA,sgawler1h@utexas.edu
55,Monah Jess,310 Cordelia Plaza,73114,OK,mjess1i@storify.com
56,Constantine Hows,59 Burning Wood Pass,53726,WI,chows1j@google.pl
57,Cissiee Corteney,29640 Division Parkway,68144,NE,ccorteney1k@woothemes.com
58,Clovis Robinett,32 Tomscot Parkway,93740,CA,crobinett1l@google.pl
59,Pen Cater,83545 Buell Lane,31914,GA,pcater1m@blogs.com
60,Steward Batchelour,77473 Riverside Way,77281,TX,sbatchelour1n@csmonitor.com
61,Murial Clemenceau,71 Village Green Court,52804,IA,mclemenceau1o@shutterfly.com
62,Arlyne Brophy,9 Sauthoff Circle,08619,NJ,abrophy1p@weather.com
63,Vale Tudgay,5023 Tennyson Alley,32868,FL,vtudgay1q@shop-pro.jp
64,Alanson Larkkem,35 Montana Plaza,06183,CT,alarkkem1r@xinhuanet.com
65,Teddie Dowden,3869 Donald Drive,75353,TX,tdowden1s@ucoz.ru
66,Nev Hakonsen,1756 Northland Park,92825,CA,nhakonsen1t@miibeian.gov.cn
67,Raymond Gerholz,49 Summerview Court,11254,NY,rgerholz1u@spiegel.de
68,Jorrie Saint,78251 Talisman Court,81010,CO,jsaint1v@princeton.edu
69,Babara Steffens,568 Banding Court,24009,VA,bsteffens1w@usa.gov
70,Cristi Brobeck,73 Bartillon Trail,10034,NY,cbrobeck1x@washington.edu
71,Batsheva Muriel,4469 Twin Pines Crossing,45296,OH,bmuriel1y@mozilla.com
72,Nye Hawksley,82723 Texas Road,49544,MI,nhawksley1z@cbc.ca
73,Homere Faulo,627 Coleman Trail,95852,CA,hfaulo20@shinystat.com
74,Martino Arboine,6974 Coleman Junction,01105,MA,marboine21@usnews.com
75,Stevie McFie,48 Loomis Way,36119,AL,smcfie22@uiuc.edu
76,Cyrus Colecrough,3 Petterle Drive,90310,CA,ccolecrough23@usda.gov
77,Nicholas Cape,2 Spaight Court,32405,FL,ncape24@cdc.gov
78,Kaia Jowers,06020 Buhler Road,33625,FL,kjowers25@tamu.edu
79,Elysha Burehill,8613 Esker Place,94302,CA,eburehill26@wisc.edu
80,Daniele Anton,815 Ruskin Drive,48206,MI,danton27@ibm.com
81,Holly Simm,150 Burrows Park,89595,NV,hsimm28@wsj.com
82,Harley Mullinger,3776 Holmberg Court,44555,OH,hmullinger29@columbia.edu
83,Wilbert Pimm,42390 Starling Circle,77055,TX,wpimm2a@cdc.gov
84,Kennedy Trustrie,24 Paget Drive,75379,TX,ktrustrie2b@ocn.ne.jp
85,Pauly Rizzo,7 Kensington Court,14210,NY,prizzo2c@multiply.com
86,Silvester Kidston,9 Buhler Place,72118,AR,skidston2d@unblog.fr
87,Roxanna Myrkus,4 3rd Road,23605,VA,rmyrkus2e@cdbaby.com
88,Valenka Godfray,80 Dawn Trail,98158,WA,vgodfray2f@samsung.com
89,Vincenz Stivani,16180 Northfield Hill,60630,IL,vstivani2g@unc.edu
90,Elyn Kelle,310 Loftsgordon Avenue,31210,GA,ekelle2h@bandcamp.com
91,Drucie Ovett,9305 Rutledge Terrace,95150,CA,dovett2i@google.de
92,Drona McMurthy,07 Haas Terrace,10275,NY,dmcmurthy2j@oaic.gov.au
93,Madge Wedlake,68 Bluestem Terrace,96815,HI,mwedlake2k@yellowpages.com
94,Abey Marchington,2 Mcguire Terrace,33028,FL,amarchington2l@tripod.com
95,Phylis Reveley,9725 Goodland Parkway,90810,CA,preveley2m@virginia.edu
96,Massimiliano Dowdell,514 Aberg Place,98464,WA,mdowdell2n@linkedin.com
97,Tulley Hise,22 Old Shore Trail,55446,MN,thise2o@goo.gl
98,Bradley Jantzen,53149 Clarendon Place,80204,CO,bjantzen2p@cnn.com
99,Nonna Haysey,83884 Troy Circle,92121,CA,nhaysey2q@ebay.co.uk
100,Orelee Geddis,76673 Nelson Court,68110,NE,ogeddis2r@howstuffworks.com
101,Lacey Kernermann,6 Cambridge Point,93386,CA,lkernermann2s@163.com
102,Quinn Lace,25 Arizona Avenue,06538,CT,qlace2t@pcworld.com
103,Tailor Kann,4 Jenifer Place,77223,TX,tkann2u@redcross.org
104,Shandie Walkden,3 Lawn Drive,30089,GA,swalkden2v@gov.uk
105,Bellanca Gask,88 Maryland Crossing,73119,OK,bgask2w@woothemes.com
106,Jourdan McIlvaney,3153 Heffernan Alley,84140,UT,jmcilvaney2x@webnode.com
107,Sherlock Normavill,473 Buhler Drive,38150,TN,snormavill2y@hhs.gov
108,Mychal Sikorski,2 Rowland Junction,35487,AL,msikorski2z@weibo.com
109,Bibbie Straine,86161 Merry Drive,38181,TN,bstraine30@biblegateway.com
110,Felice Ramage,491 Helena Drive,46814,IN,framage31@wix.com
111,Lea Bellard,91314 Grasskamp Place,74141,OK,lbellard32@slideshare.net
112,Gilbert Martlew,61195 Mifflin Circle,08608,NJ,gmartlew33@drupal.org
113,Godart Fairy,6 Sutteridge Center,77060,TX,gfairy34@ocn.ne.jp
114,Julie Verbrugge,18 Meadow Valley Drive,74116,OK,jverbrugge35@sakura.ne.jp
115,Rockey Dunford,6 Johnson Park,78769,TX,rdunford36@exblog.jp
116,Vere Licciardello,9 Thompson Way,35263,AL,vlicciardello37@webmd.com
117,Marthena Gaitley,54 Colorado Avenue,33320,FL,mgaitley38@plala.or.jp
118,Alistair Josupeit,9497 Kim Center,11447,NY,ajosupeit39@marriott.com
119,Fleurette MacKissack,76 Starling Trail,45432,OH,fmackissack3a@scientificamerican.com
120,Haily Whopples,57167 Prentice Parkway,90010,CA,hwhopples3b@gov.uk
121,Gabriello Kemwall,83585 Swallow Park,65110,MO,gkemwall3c@google.co.jp
122,Paxon Tarquini,13030 Bowman Crossing,75367,TX,ptarquini3d@wiley.com
123,Kala MacDunleavy,615 Straubel Plaza,49560,MI,kmacdunleavy3e@patch.com
124,Randi Flear,3 Kensington Hill,23605,VA,rflear3f@creativecommons.org
125,Maiga Proschke,0 Jenifer Lane,78475,TX,mproschke3g@yellowpages.com
126,Culver Karpmann,8 Veith Lane,91797,CA,ckarpmann3h@bbb.org
127,Emerson Vaud,242 Merrick Place,76110,TX,evaud3i@t.co
128,Cordy Thomazet,2437 Rutledge Parkway,80235,CO,cthomazet3j@lycos.com
129,Bennie O' Hanvey,8946 Goodland Pass,22309,VA,bo3k@usgs.gov
130,Izzy Sharkey,6 Lakewood Point,33742,FL,isharkey3l@va.gov
131,Othello Libbie,78 Sachtjen Junction,68197,NE,olibbie3m@e-recht24.de
132,Chauncey Jeanequin,1575 Evergreen Point,76205,TX,cjeanequin3n@php.net
133,Irving Lagden,7865 Charing Cross Park,47732,IN,ilagden3o@domainmarket.com
134,Kristin Huyton,52113 Lakewood Trail,10260,NY,khuyton3p@oaic.gov.au
135,Killian Stummeyer,8 David Park,85725,AZ,kstummeyer3q@prnewswire.com
136,Tess Edsell,5165 Dixon Place,93111,CA,tedsell3r@hubpages.com
137,Trevar Blanch,927 Debra Trail,20029,DC,tblanch3s@google.com.br
138,Alameda Blakeborough,5 Oak Drive,20540,DC,ablakeborough3t@51.la
139,Sander Freschini,3 Gerald Trail,39282,MS,sfreschini3u@google.co.uk
140,Jodee Whorall,246 Graceland Alley,66160,KS,jwhorall3v@slashdot.org
141,Lorne Bescoby,93727 Evergreen Junction,48098,MI,lbescoby3w@washingtonpost.com
142,Eziechiele Malia,18904 Crowley Drive,89436,NV,emalia3x@pen.io
143,Aurie Sehorsch,7 Marquette Plaza,20918,MD,asehorsch3y@xrea.com
144,Marje Milnthorpe,6 Killdeer Alley,72209,AR,mmilnthorpe3z@tripod.com
145,Mac Harome,61468 Caliangt Drive,60208,IL,mharome40@blogtalkradio.com
146,Melita Le Lievre,433 Anthes Way,14604,NY,mle41@newyorker.com
147,Theodora Goves,02 Debra Terrace,23237,VA,tgoves42@indiatimes.com
148,Bartlet Spencook,8 Forest Dale Court,99709,AK,bspencook43@pbs.org
149,Meara Kinleyside,5679 Logan Plaza,55402,MN,mkinleyside44@behance.net
150,Selene Maylor,998 7th Center,25775,WV,smaylor45@washington.edu
151,Cheslie Schrei,21 Pearson Avenue,73124,OK,cschrei46@smugmug.com
152,Ailee Monte,18 Crowley Point,27425,NC,amonte47@vinaora.com
153,Wallis Leverich,0 Fallview Crossing,10454,NY,wleverich48@sciencedaily.com
154,Amalia Cahalin,642 Chive Circle,27105,NC,acahalin49@g.co
155,Kassi Carlson,4242 Rutledge Center,07112,NJ,kcarlson4a@devhub.com
156,Sol Lucio,04261 Loftsgordon Park,94280,CA,slucio4b@statcounter.com
157,Walther Dymoke,0 Portage Lane,90005,CA,wdymoke4c@jalbum.net
158,Lindi Agronski,425 Canary Park,33694,FL,lagronski4d@redcross.org
159,Roshelle Owain,93 Donald Parkway,77305,TX,rowain4e@fema.gov
160,Laney Coughan,12261 Kipling Alley,49518,MI,lcoughan4f@lycos.com
161,Joachim MacAllaster,698 Walton Trail,32399,FL,jmacallaster4g@google.co.uk
162,Sherman Freestone,7 Marquette Parkway,37450,TN,sfreestone4h@loc.gov
163,Ringo Housen,7 Jenifer Drive,10024,NY,rhousen4i@sciencedirect.com
164,Blisse Mancell,84098 Cambridge Crossing,19120,PA,bmancell4j@yellowbook.com
165,Abey Grancher,82303 Prentice Place,66617,KS,agrancher4k@51.la
166,Ancell Gianolo,98 Hintze Road,33018,FL,agianolo4l@utexas.edu
167,Mari Anstie,07366 Badeau Way,30245,GA,manstie4m@mlb.com
168,Brandais Haining,8201 Manufacturers Terrace,77075,TX,bhaining4n@wikipedia.org
169,Vaclav Olivetta,8097 Canary Crossing,21275,MD,volivetta4o@whitehouse.gov
170,Muhammad Brymham,045 Shoshone Road,98481,WA,mbrymham4p@vimeo.com
171,Gunther Pumphrey,5 Northwestern Terrace,66225,KS,gpumphrey4q@harvard.edu
172,Annis Bibby,94028 Sycamore Crossing,80262,CO,abibby4r@reddit.com
173,Lorens Coate,0 Bellgrove Way,72916,AR,lcoate4s@sourceforge.net
174,Pascal Abeles,8067 Tennessee Park,15240,PA,pabeles4t@merriam-webster.com
175,Kara-lynn Pancost,97357 Monica Parkway,30386,GA,kpancost4u@wix.com
176,Benson Baumford,16187 Charing Cross Lane,70894,LA,bbaumford4v@harvard.edu
177,Pauly Piotrkowski,09846 Elgar Court,95865,CA,ppiotrkowski4w@statcounter.com
178,Ruthann Simms,240 Katie Court,75246,TX,rsimms4x@cyberchimps.com
179,Hart Pettis,2534 Eggendart Center,45403,OH,hpettis4y@google.it
180,Lindsay Doge,98149 Ridgeview Hill,98516,WA,ldoge4z@lycos.com
181,Ronnica Duddell,81 Nancy Avenue,68510,NE,rduddell50@scientificamerican.com
182,Shay O'Brogan,6 Sunfield Alley,94132,CA,sobrogan51@123-reg.co.uk
183,Timmy Danielkiewicz,057 Dayton Street,23225,VA,tdanielkiewicz52@usatoday.com
184,Merrel Tomley,45 Nelson Hill,92424,CA,mtomley53@imageshack.us
185,Nert Neat,2 Clyde Gallagher Street,95054,CA,nneat54@mozilla.com
186,Kiersten Biffin,45154 Ryan Lane,30340,GA,kbiffin55@imageshack.us
187,Wake Kennedy,57 Shasta Circle,70820,LA,wkennedy56@over-blog.com
188,Stewart Minty,6 Dawn Way,23228,VA,sminty57@newyorker.com
189,Patricio Regi,721 Cardinal Center,78245,TX,pregi58@state.gov
190,Ashil Barwell,457 Haas Hill,35285,AL,abarwell59@theguardian.com
191,Annora Pringour,5 5th Junction,95865,CA,apringour5a@dell.com
192,Thurstan O'Brogane,97 Oakridge Street,64193,MO,tobrogane5b@amazon.de
193,Eduino Dumbrall,88246 Prentice Avenue,51110,IA,edumbrall5c@nyu.edu
194,Kendell Traise,6 Rieder Crossing,95150,CA,ktraise5d@bing.com
195,Yulma McCaffery,90 Dayton Drive,65211,MO,ymccaffery5e@clickbank.net
196,Murray Razzell,50 Cordelia Pass,44329,OH,mrazzell5f@mail.ru
197,Graehme Euplate,32 Village Green Street,68531,NE,geuplate5g@epa.gov
198,Hew Del Castello,64196 Grasskamp Place,20215,DC,hdel5h@stumbleupon.com
199,Cecily Riddiough,44 Moulton Road,60681,IL,criddiough5i@alibaba.com
200,Wake Dreakin,97 Shoshone Center,40233,KY,wdreakin5j@npr.org
201,Cyrill Sciusscietto,3296 Dwight Drive,47719,IN,csciusscietto5k@uol.com.br
202,Natividad Blees,224 Sycamore Drive,85748,AZ,nblees5l@51.la
203,Sharl MacGoun,799 Fremont Pass,34282,FL,smacgoun5m@china.com.cn
204,Boone Chafer,07 Blaine Hill,77055,TX,bchafer5n@canalblog.com
205,Maxwell Bunyard,0 Pierstorff Trail,07188,NJ,mbunyard5o@omniture.com
206,Alyce Gludor,29590 Crescent Oaks Crossing,74184,OK,agludor5p@ox.ac.uk
207,Adam Skillern,23 Del Sol Lane,98411,WA,askillern5q@mediafire.com
208,Keelia MacPharlain,45 Onsgard Terrace,89130,NV,kmacpharlain5r@census.gov
209,Mozelle Durand,0934 Helena Street,98195,WA,mdurand5s@aol.com
210,Eliot Davidsson,43 West Parkway,40220,KY,edavidsson5t@canalblog.com
211,Wanids Merring,58194 Annamark Plaza,80525,CO,wmerring5u@cnn.com
212,Gerti Jenkinson,58038 Debs Crossing,36134,AL,gjenkinson5v@devhub.com
213,Aubine Quodling,01 Acker Lane,61110,IL,aquodling5w@php.net
214,Leodora Bisson,940 Russell Lane,85099,AZ,lbisson5x@wiley.com
215,Pansy McKerley,215 Karstens Junction,88584,TX,pmckerley5y@360.cn
216,Reynolds Broinlich,6 Quincy Place,25770,WV,rbroinlich5z@google.com.hk
217,Yard Treadway,9 Ilene Point,85030,AZ,ytreadway60@microsoft.com
218,Cooper Reinmar,3 Rowland Park,15134,PA,creinmar61@ifeng.com
219,Edmund Sowley,7302 Green Ridge Crossing,75358,TX,esowley62@wired.com
220,Sigfrid Grooby,4628 Service Avenue,55487,MN,sgrooby63@umn.edu
221,Edsel Kitcat,7898 High Crossing Junction,29805,SC,ekitcat64@fc2.com
222,Coriss Vinas,1 Schlimgen Alley,24004,VA,cvinas65@boston.com
223,Clementine Cattrell,560 Gateway Pass,27150,NC,ccattrell66@csmonitor.com
224,Silvan Vonasek,971 Northview Drive,94207,CA,svonasek67@skyrock.com
225,Alair Ohrtmann,04 South Road,77201,TX,aohrtmann68@latimes.com
226,Maximilian Bassom,0888 Beilfuss Hill,20414,DC,mbassom69@csmonitor.com
227,Belia Brech,7 Lotheville Lane,31205,GA,bbrech6a@1und1.de
228,Arda Hutcheon,3824 Delladonna Way,45228,OH,ahutcheon6b@gravatar.com
229,Mollie Archell,3510 Clarendon Road,93907,CA,marchell6c@bandcamp.com
230,Kahaleel Apark,53 Derek Place,10131,NY,kapark6d@163.com
231,Christophorus Crone,08 Utah Crossing,88553,TX,ccrone6e@yellowbook.com
232,Calv Riatt,46 Anhalt Park,94089,CA,criatt6f@sitemeter.com
233,Eloisa De Biasio,4 Carberry Place,71161,LA,ede6g@biglobe.ne.jp
234,Marcellus Duley,587 Eastlawn Trail,06825,CT,mduley6h@google.nl
235,Susette Rands,63 Northwestern Plaza,90505,CA,srands6i@arstechnica.com
236,Brit Faithfull,15556 Rieder Court,47747,IN,bfaithfull6j@edublogs.org
237,Gladys Brealey,09 Thierer Circle,71151,LA,gbrealey6k@wix.com
238,Fiann Donett,0603 Declaration Lane,77228,TX,fdonett6l@livejournal.com
239,Nate Marsy,59708 Golden Leaf Pass,38168,TN,nmarsy6m@nationalgeographic.com
240,Cleavland Scotson,58405 North Parkway,98687,WA,cscotson6n@google.de
241,Tatiana Souter,4694 Thompson Place,44315,OH,tsouter6o@yale.edu
242,Reese Stickford,2 Anzinger Way,40210,KY,rstickford6p@accuweather.com
243,Gerrard Yell,714 Beilfuss Court,39216,MS,gyell6q@washingtonpost.com
244,Magdalen Hing,6 2nd Park,40280,KY,mhing6r@usatoday.com
245,Jeremie Pietrzyk,7586 Twin Pines Terrace,16510,PA,jpietrzyk6s@princeton.edu
246,Sherill Chadwin,374 Warrior Road,85732,AZ,schadwin6t@google.com.au
247,Mellie Plows,6803 Algoma Center,40233,KY,mplows6u@cafepress.com
248,Leisha Kitson,54 Ludington Drive,85743,AZ,lkitson6v@nsw.gov.au
249,Mikaela Ivain,5 Rockefeller Trail,78726,TX,mivain6w@wikia.com
250,Sidoney Maryman,02751 Farmco Crossing,64125,MO,smaryman6x@nature.com
251,Erskine Koop,6918 Logan Plaza,79911,TX,ekoop6y@si.edu
252,Alasteir Espinha,458 Monica Street,72204,AR,aespinha6z@live.com
253,Morganne Wadge,9333 Golf Parkway,41905,KY,mwadge70@qq.com
254,Anita Stachini,223 Goodland Court,74149,OK,astachini71@ehow.com
255,Randene Sunshine,68446 Burrows Parkway,55551,MN,rsunshine72@washingtonpost.com
256,Constancy Vasilchenko,3714 Sunbrook Road,27264,NC,cvasilchenko73@histats.com
257,Eleonore Seabrocke,576 Aberg Junction,33190,FL,eseabrocke74@nih.gov
258,Althea Lazer,95944 Bayside Terrace,77218,TX,alazer75@nih.gov
259,Wynny Drinkeld,20 Mcguire Trail,78465,TX,wdrinkeld76@over-blog.com
260,Issy Gay,2480 Corry Park,45454,OH,igay77@networksolutions.com
261,Allie Rown,4 Comanche Pass,32941,FL,arown78@elpais.com
262,Jodee Madgwick,5 Prairie Rose Center,14614,NY,jmadgwick79@instagram.com
263,Misti Suthren,8 Mariners Cove Place,32220,FL,msuthren7a@techcrunch.com
264,Nessa Divina,48385 Sherman Center,92867,CA,ndivina7b@aboutads.info
265,Adaline Evesque,70419 Johnson Terrace,43220,OH,aevesque7c@howstuffworks.com
266,Susannah Pipe,63251 Sunfield Point,33416,FL,spipe7d@google.ru
267,Enoch Lorinez,505 Ilene Trail,54915,WI,elorinez7e@blinklist.com
268,Reube Bomb,19 3rd Parkway,55166,MN,rbomb7f@zdnet.com
269,Efrem Dake,40 Northfield Avenue,95113,CA,edake7g@nbcnews.com
270,Riley Weild,71 Crownhardt Street,25305,WV,rweild7h@hatena.ne.jp
271,Junie Blunt,044 Sunfield Junction,92410,CA,jblunt7i@google.co.uk
272,Laurel Ferriere,508 Artisan Way,12237,NY,lferriere7j@redcross.org
273,Gussi Netting,7722 Corry Plaza,32891,FL,gnetting7k@mapquest.com
274,Ursulina Wiszniewski,481 Goodland Lane,33310,FL,uwiszniewski7l@ebay.com
275,Randi Soloway,23 Superior Junction,78764,TX,rsoloway7m@devhub.com
276,Vaughan Shawcroft,8461 Mccormick Plaza,75246,TX,vshawcroft7n@usda.gov
277,Mathian Divina,83176 Gerald Place,90310,CA,mdivina7o@liveinternet.ru
278,Fitz Guerin,49 Nova Place,75323,TX,fguerin7p@cdc.gov
279,Brady Lage,5318 Evergreen Road,93106,CA,blage7q@cisco.com
280,Matthaeus Clements,67565 Elmside Crossing,11024,NY,mclements7r@alibaba.com
281,Rich Spavins,462 Butternut Trail,02905,RI,rspavins7s@dailymail.co.uk
282,Ingrid Irlam,6275 Village Green Pass,45249,OH,iirlam7t@shareasale.com
283,Hillary Forton,4158 Harbort Court,18018,PA,hforton7u@prnewswire.com
284,Layne Syder,0324 Gina Terrace,47712,IN,lsyder7v@time.com
285,Nanni Orta,614 Miller Center,25705,WV,norta7w@digg.com
286,Tania Silbermann,5481 Farragut Lane,14233,NY,tsilbermann7x@goo.gl
287,Hali Balmer,504 Vera Road,90087,CA,hbalmer7y@statcounter.com
288,Edgard Hassewell,43576 Laurel Terrace,85099,AZ,ehassewell7z@creativecommons.org
289,Corny Ajam,05296 Corben Lane,79934,TX,cajam80@w3.org
290,Brendon Mapplethorpe,01 Westerfield Street,89505,NV,bmapplethorpe81@jimdo.com
291,Jilli Wipfler,955 Shopko Alley,27105,NC,jwipfler82@e-recht24.de
292,Gerardo Cuell,6 Mcguire Terrace,07305,NJ,gcuell83@harvard.edu
293,Imogen Boardman,7 Grim Park,20215,DC,iboardman84@fastcompany.com
294,Euell Finnis,62385 Superior Parkway,94207,CA,efinnis85@yahoo.com
295,Ilysa D'Onisi,629 Eliot Parkway,22234,VA,idonisi86@nyu.edu
296,Harley Feldstern,54 Mayfield Drive,10079,NY,hfeldstern87@slideshare.net
297,Mel Snawdon,51 Carey Pass,49018,MI,msnawdon88@simplemachines.org
298,Kylie Jorcke,81837 Fordem Parkway,23293,VA,kjorcke89@angelfire.com
299,Barde Gossington,19 Longview Lane,79928,TX,bgossington8a@ftc.gov
300,Simone McJarrow,2668 Holy Cross Park,57110,SD,smcjarrow8b@webmd.com
301,Camile Lissenden,08963 Eastlawn Pass,37450,TN,clissenden8c@arstechnica.com
302,Cory Perris,797 Blackbird Pass,29905,SC,cperris8d@google.nl
303,Ferdinand McIllroy,0325 Emmet Terrace,78235,TX,fmcillroy8e@istockphoto.com
304,Stirling Iwanowski,920 Schiller Road,73119,OK,siwanowski8f@unesco.org
305,Ellene Mocquer,16110 Coolidge Street,22111,VA,emocquer8g@timesonline.co.uk
306,Gabie Ghiraldi,58 Hollow Ridge Circle,40576,KY,gghiraldi8h@wsj.com
307,Rod Manntschke,6202 Alpine Hill,79911,TX,rmanntschke8i@usda.gov
308,Greg Welldrake,80891 Golf View Street,19172,PA,gwelldrake8j@hexun.com
309,Doy Mattaser,059 Lakewood Gardens Lane,93773,CA,dmattaser8k@icq.com
310,Lyda Poletto,61912 Schlimgen Court,39505,MS,lpoletto8l@gmpg.org
311,Les Gilhooly,65 Loomis Terrace,33134,FL,lgilhooly8m@weibo.com
312,Elwin Paddell,35409 Almo Drive,29240,SC,epaddell8n@technorati.com
313,Brod Maccrie,264 Lunder Street,94142,CA,bmaccrie8o@bbb.org
314,Verla Jordan,54 Schiller Plaza,02472,MA,vjordan8p@bloglovin.com
315,Magdalen Bell,1720 Eggendart Pass,76705,TX,mbell8q@nifty.com
316,Jeremias Oattes,56 Donald Junction,38181,TN,joattes8r@discovery.com
317,Lesly Achromov,99 Kings Lane,76198,TX,lachromov8s@vkontakte.ru
318,Jerrilyn Tubb,21 Ridgeway Lane,89105,NV,jtubb8t@chicagotribune.com
319,Livy Clyburn,51 Ohio Drive,10310,NY,lclyburn8u@foxnews.com
320,Candice Diaper,3079 Lyons Place,80228,CO,cdiaper8v@tiny.cc
321,Torey Barneveld,0869 Anthes Crossing,53220,WI,tbarneveld8w@wsj.com
322,Chester Lippett,4375 Schlimgen Pass,78255,TX,clippett8x@exblog.jp
323,Ashely Senussi,5 Corscot Lane,32835,FL,asenussi8y@constantcontact.com
324,Kellie Elverstone,247 Homewood Terrace,90810,CA,kelverstone8z@washington.edu
325,Elena Groves,53 Florence Circle,77005,TX,egroves90@jugem.jp
326,Andrea Kilduff,33788 Crest Line Circle,77090,TX,akilduff91@nydailynews.com
327,Henka Ambroix,4572 Ryan Road,80223,CO,hambroix92@jimdo.com
328,Edvard Climo,403 Clemons Terrace,52405,IA,eclimo93@rediff.com
329,Lorelei Barthelemy,6130 Corscot Drive,31296,GA,lbarthelemy94@auda.org.au
330,Elaina Heelis,21 Express Alley,30380,GA,eheelis95@1und1.de
331,Ardith Pendell,6708 Farmco Terrace,19714,DE,apendell96@godaddy.com
332,Candis Klimek,358 Blue Bill Park Trail,07195,NJ,cklimek97@tamu.edu
333,Juana Coultar,680 Carberry Parkway,71105,LA,jcoultar98@dell.com
334,Elisha Fossett,5706 Messerschmidt Street,53790,WI,efossett99@hexun.com
335,Carver Querree,2 Hanover Park,64149,MO,cquerree9a@yellowbook.com
336,Diane Kubu,3224 Towne Court,87105,NM,dkubu9b@microsoft.com
337,Elysha Follos,709 Hoepker Parkway,10120,NY,efollos9c@ameblo.jp
338,Calley Bracco,5944 Ohio Crossing,37210,TN,cbracco9d@sphinn.com
339,Den Izkovicz,1062 Independence Circle,25331,WV,dizkovicz9e@ning.com
340,Manuel Eleshenar,092 Hanson Court,92519,CA,meleshenar9f@cnbc.com
341,Ray Keld,53828 Briar Crest Street,93305,CA,rkeld9g@amazon.co.uk
342,Rip Meaker,914 Vidon Park,79405,TX,rmeaker9h@github.com
343,Finn Burmaster,0 Saint Paul Road,07104,NJ,fburmaster9i@shareasale.com
344,Isacco Breagan,46386 Shoshone Court,32230,FL,ibreagan9j@purevolume.com
345,Melony MacTeague,801 Ruskin Center,15205,PA,mmacteague9k@oaic.gov.au
346,Markos Burton,79 Susan Plaza,01605,MA,mburton9l@printfriendly.com
347,Leanna Buxam,29 Bowman Pass,94263,CA,lbuxam9m@apache.org
348,Richardo Jellico,2779 Glacier Hill Center,10115,NY,rjellico9n@tamu.edu
349,Jeannie Gilhouley,389 David Terrace,19058,PA,jgilhouley9o@arstechnica.com
350,Cherice Megany,80253 Monica Court,14205,NY,cmegany9p@who.int
351,Rutger D'eye,5 Jenna Terrace,36109,AL,rdeye9q@opera.com
352,Jess Aldrich,52 Wayridge Crossing,75710,TX,jaldrich9r@is.gd
353,Boyd Tresise,10221 Hooker Circle,55480,MN,btresise9s@goo.ne.jp
354,Morna Van T'Hoog,01570 Namekagon Park,48335,MI,mvan9t@discovery.com
355,Christin de Aguirre,462 Union Street,12247,NY,cde9u@blogs.com
356,Cristal Glassborow,34664 Meadow Ridge Avenue,44125,OH,cglassborow9v@nifty.com
357,Sydel Trenam,9 Sage Parkway,20420,DC,strenam9w@so-net.ne.jp
358,Kally Fogden,9 American Drive,94544,CA,kfogden9x@sfgate.com
359,Tuck Causier,19 Eagle Crest Avenue,15286,PA,tcausier9y@wordpress.org
360,Dorothea Luquet,3 Doe Crossing Alley,91616,CA,dluquet9z@prnewswire.com
361,Lorrie Kapelhof,33 Eastwood Circle,90310,CA,lkapelhofa0@oracle.com
362,Karlee Raff,4100 Luster Center,33686,FL,kraffa1@domainmarket.com
363,Devinne Ruperto,5 Burning Wood Plaza,48076,MI,drupertoa2@histats.com
364,Haily Winkless,8 Dahle Circle,87110,NM,hwinklessa3@sciencedirect.com
365,Bayard Haimes,3776 Kennedy Way,90605,CA,bhaimesa4@wp.com
366,Karola Railton,0 Gina Lane,44905,OH,krailtona5@fc2.com
367,Evangelia Jerok,93 Center Plaza,49560,MI,ejeroka6@newyorker.com
368,Silvia Massingham,0898 American Ash Point,22313,VA,smassinghama7@google.ru
369,Jodee Allcroft,2486 Dryden Alley,60351,IL,jallcrofta8@ebay.co.uk
370,Dall Aiers,02 Ohio Hill,95833,CA,daiersa9@usgs.gov
371,Ambur Chislett,8 Lindbergh Point,95064,CA,achislettaa@squarespace.com
372,Tabby Brant,34740 Springview Center,76192,TX,tbrantab@joomla.org
373,Raffarty Scheu,54310 Elmside Drive,30245,GA,rscheuac@amazon.co.jp
374,Brittani Priddy,11 Bultman Lane,55572,MN,bpriddyad@dedecms.com
375,Leeanne Venediktov,157 Evergreen Trail,62705,IL,lvenediktovae@mtv.com
376,Tonya Glasscoo,750 Blackbird Lane,68510,NE,tglasscooaf@wired.com
377,Blake MacDearmid,968 Walton Trail,67210,KS,bmacdearmidag@washington.edu
378,Rosalinde Humes,1 Jenifer Drive,08104,NJ,rhumesah@de.vu
379,Jacques Dunlop,49 Barby Center,73124,OK,jdunlopai@360.cn
380,Arluene Keyson,02276 Prairieview Avenue,06816,CT,akeysonaj@buzzfeed.com
381,Maynard Hordell,6 Artisan Way,48211,MI,mhordellak@issuu.com
382,Caty Shakesbye,5962 Forest Plaza,72215,AR,cshakesbyeal@myspace.com
383,Micaela Andri,4 Crownhardt Plaza,60567,IL,mandriam@dyndns.org
384,Ariela Douch,67 Anzinger Drive,44111,OH,adouchan@joomla.org
385,Marillin Stoddard,099 Johnson Hill,92867,CA,mstoddardao@cafepress.com
386,Elwood MacClure,536 Reinke Hill,91199,CA,emacclureap@washington.edu
387,Asa Blare,00 Clyde Gallagher Place,90010,CA,ablareaq@typepad.com
388,Jeddy Longland,8 Jenna Park,70183,LA,jlonglandar@uol.com.br
389,Marjie Dring,61 Carberry Park,08695,NJ,mdringas@ezinearticles.com
390,Clerissa Curzon,234 Buell Circle,01654,MA,ccurzonat@msn.com
391,Bertie McDill,6982 Buell Drive,20456,DC,bmcdillau@163.com
392,Kirbie Denge,154 Monument Road,32808,FL,kdengeav@mashable.com
393,Fitz Castan,398 Portage Circle,71307,LA,fcastanaw@stanford.edu
394,Ruby Paeckmeyer,2 Carpenter Circle,07188,NJ,rpaeckmeyerax@washingtonpost.com
395,Rafaelia Scotland,0630 Burning Wood Circle,44310,OH,rscotlanday@alibaba.com
396,Juliane Philipot,4577 Fremont Junction,61651,IL,jphilipotaz@walmart.com
397,Ewan Richter,24 Oak Valley Place,64199,MO,erichterb0@moonfruit.com
398,Zeb Summerbell,9508 Golden Leaf Court,75342,TX,zsummerbellb1@hao123.com
399,Amelina Bowmaker,815 Merry Court,40745,KY,abowmakerb2@usatoday.com
400,Aldo Edden,59245 Scofield Drive,97306,OR,aeddenb3@eventbrite.com
401,Imelda Yeats,5 Nova Parkway,28220,NC,iyeatsb4@shutterfly.com
402,Mignon Goodchild,830 Trailsway Park,30340,GA,mgoodchildb5@nydailynews.com
403,Jillie Offill,4949 Almo Pass,55188,MN,joffillb6@biblegateway.com
404,Kean Fawckner,9 Cherokee Pass,98148,WA,kfawcknerb7@google.pl
405,Maressa Addinall,9 Manufacturers Junction,10305,NY,maddinallb8@usnews.com
406,Rowland Leipold,4447 Bartillon Hill,53785,WI,rleipoldb9@dedecms.com
407,Bethanne Gibbs,394 Crest Line Circle,20319,DC,bgibbsba@rambler.ru
408,Julietta Smylie,48198 Warrior Way,94132,CA,jsmyliebb@gmpg.org
409,Davina Baunton,8 Service Court,32123,FL,dbauntonbc@apple.com
410,Farrand Hammatt,4197 Surrey Place,79923,TX,fhammattbd@timesonline.co.uk
411,Bobby Vanin,9925 Emmet Parkway,68144,NE,bvaninbe@springer.com
412,Jessi Peatheyjohns,36 Elka Lane,06510,CT,jpeatheyjohnsbf@umich.edu
413,Diego Dibnah,6349 Hoffman Center,88574,TX,ddibnahbg@list-manage.com
414,Yehudit Wailes,92 Sunfield Hill,92137,CA,ywailesbh@artisteer.com
415,Armin Edmands,13 Blue Bill Park Crossing,75049,TX,aedmandsbi@pcworld.com
416,Miguela Bennen,8 Beilfuss Point,40576,KY,mbennenbj@chronoengine.com
417,Anders Skouling,36241 Karstens Crossing,80217,CO,askoulingbk@t.co
418,Lizzy Cowherd,5 Fremont Trail,70165,LA,lcowherdbl@sciencedirect.com
419,Orion Carletti,7 Clarendon Court,27425,NC,ocarlettibm@nsw.gov.au
420,Patton MacClenan,38 East Alley,94164,CA,pmacclenanbn@wunderground.com
421,Therese Alcide,54 Heath Place,33028,FL,talcidebo@gmpg.org
422,Loralie Mulhill,521 Green Lane,37931,TN,lmulhillbp@ebay.com
423,Cecile Rillett,371 Ridgeview Plaza,27157,NC,crillettbq@theglobeandmail.com
424,Bondon Bengal,74055 Harper Place,80209,CO,bbengalbr@google.it
425,Asher Penk,67560 Ruskin Park,06183,CT,apenkbs@sohu.com
426,Arri Duckfield,54 Calypso Crossing,73119,OK,aduckfieldbt@livejournal.com
427,Cristian Carless,96 Main Crossing,19184,PA,ccarlessbu@parallels.com
428,Sollie Bourdis,25 Fuller Trail,10270,NY,sbourdisbv@sakura.ne.jp
429,Lanita Fraczkiewicz,62173 Westend Trail,20892,MD,lfraczkiewiczbw@google.ru
430,Blinni Thorby,96130 Golf Way,77299,TX,bthorbybx@blogtalkradio.com
431,Stesha Child,43 Dryden Hill,20540,DC,schildby@theatlantic.com
432,Sula Feldstein,9831 Ohio Way,30919,GA,sfeldsteinbz@sfgate.com
433,Steward Dowber,5230 Clove Trail,08104,NJ,sdowberc0@apache.org
434,Franni Lundie,0858 Barnett Hill,55572,MN,flundiec1@yelp.com
435,Nicolina Olivey,29697 Dakota Place,10029,NY,noliveyc2@un.org
436,Magda Shew,9853 Northwestern Avenue,27157,NC,mshewc3@desdev.cn
437,Anjanette Minear,8 Prairie Rose Junction,35805,AL,aminearc4@sakura.ne.jp
438,Anthony Meatcher,293 Everett Crossing,35815,AL,ameatcherc5@arstechnica.com
439,Auguste Notton,3886 Logan Crossing,17622,PA,anottonc6@ca.gov
440,Forster Howkins,3 Northwestern Crossing,85725,AZ,fhowkinsc7@etsy.com
441,Ramsay Barfield,0812 Graedel Avenue,80299,CO,rbarfieldc8@sun.com
442,Esma Pidgley,3964 Becker Alley,78278,TX,epidgleyc9@google.ca
443,Linnea Janouch,72 Eastwood Hill,91411,CA,ljanouchca@sciencedaily.com
444,Mirilla Raiman,3 Eagle Crest Trail,10120,NY,mraimancb@gov.uk
445,Britta Statersfield,51401 Sheridan Trail,33320,FL,bstatersfieldcc@princeton.edu
446,Sibley Ricco,2310 Meadow Ridge Place,98664,WA,sriccocd@time.com
447,Marijo De Hoogh,41430 Emmet Way,11054,NY,mdece@canalblog.com
448,Tersina Markel,3941 Browning Lane,18763,PA,tmarkelcf@slate.com
449,Doralynne Kendrew,81387 Gerald Alley,20238,DC,dkendrewcg@merriam-webster.com
450,Mordecai O' Clovan,991 Amoth Road,15220,PA,moch@purevolume.com
451,Dudley Beament,77 Washington Alley,32526,FL,dbeamentci@icq.com
452,Dominica covino,0029 Blackbird Lane,89120,NV,dcovinocj@webeden.co.uk
453,Torie O'Crevan,2 Jackson Drive,93291,CA,tocrevanck@aol.com
454,Lorain Have,42 Maywood Circle,80945,CO,lhavecl@chron.com
455,Lira Ryson,1254 Service Street,93726,CA,lrysoncm@odnoklassniki.ru
456,Maddie Purseglove,7770 Fairview Avenue,95298,CA,mpurseglovecn@php.net
457,Gaylene O'Hoey,7 Fallview Junction,20392,DC,gohoeyco@redcross.org
458,Marian Blasetti,86295 Becker Park,49505,MI,mblasetticp@simplemachines.org
459,Arthur Coye,76 Division Avenue,89519,NV,acoyecq@economist.com
460,Rowe Sotham,317 Debs Trail,45228,OH,rsothamcr@cisco.com
461,York Prichard,51287 Corry Lane,60636,IL,yprichardcs@berkeley.edu
462,Ilse Duckwith,826 Londonderry Pass,20580,DC,iduckwithct@squarespace.com
463,Lorna Barnaclough,6 Jackson Point,46852,IN,lbarnacloughcu@liveinternet.ru
464,Karon Emanuelov,55 Union Avenue,38131,TN,kemanuelovcv@jiathis.com
465,Fannie Tooze,879 Truax Alley,50369,IA,ftoozecw@w3.org
466,Margarethe Coom,694 Valley Edge Avenue,10019,NY,mcoomcx@google.cn
467,Jonathan Dancy,6 Red Cloud Park,87121,NM,jdancycy@hhs.gov
468,Olva Giacovelli,4987 Esch Drive,66160,KS,ogiacovellicz@abc.net.au
469,Karalee Danielis,7 Hazelcrest Park,80270,CO,kdanielisd0@godaddy.com
470,Cordy Meads,0590 Rowland Drive,93762,CA,cmeadsd1@dailymail.co.uk
471,Dominica Scolding,2519 Bonner Place,94263,CA,dscoldingd2@artisteer.com
472,Lovell Eddow,59 Briar Crest Court,78721,TX,leddowd3@slate.com
473,Wanids McGuffie,87 Green Ridge Crossing,07310,NJ,wmcguffied4@typepad.com
474,Justis Kenafaque,3106 Rutledge Terrace,10310,NY,jkenafaqued5@aboutads.info
475,Auberon Balazot,48540 Nevada Road,20036,DC,abalazotd6@tmall.com
476,Beatriz Rizzo,30475 Nelson Drive,30506,GA,brizzod7@hibu.com
477,Brita Favell,02687 Mesta Lane,34745,FL,bfavelld8@gizmodo.com
478,Sarine Olding,4566 Cordelia Lane,33196,FL,soldingd9@umn.edu
479,Sallyanne Arkcoll,794 Mesta Point,30195,GA,sarkcollda@nifty.com
480,Drud Normington,32 Loomis Junction,75216,TX,dnormingtondb@devhub.com
481,Mallissa Reddecliffe,4994 Macpherson Avenue,20580,DC,mreddecliffedc@theatlantic.com
482,Temp Camillo,439 Tony Terrace,77223,TX,tcamillodd@answers.com
483,Ginger Larcombe,50 Debs Avenue,28230,NC,glarcombede@epa.gov
484,Elston Traher,05 Darwin Street,79159,TX,etraherdf@geocities.jp
485,Laughton Trenaman,51 Pond Hill,85710,AZ,ltrenamandg@ow.ly
486,Jaymee Wimpey,8 Colorado Lane,07305,NJ,jwimpeydh@ow.ly
487,Brunhilda Whitland,587 David Junction,11236,NY,bwhitlanddi@cdc.gov
488,Cyndy Biner,033 Delladonna Court,30356,GA,cbinerdj@blogs.com
489,Amerigo Brind,647 Scott Circle,97312,OR,abrinddk@ucsd.edu
490,Walliw Boken,1 Autumn Leaf Lane,75226,TX,wbokendl@smh.com.au
491,Indira Wibberley,85 Packers Plaza,40298,KY,iwibberleydm@cdbaby.com
492,Barb Brayshaw,387 Old Gate Alley,79165,TX,bbrayshawdn@ocn.ne.jp
493,Lesya Mathivon,43 Hagan Lane,66105,KS,lmathivondo@mediafire.com
494,Jamaal Beynkn,41 Spenser Place,28805,NC,jbeynkndp@nba.com
495,Britteny Bernade,2458 Eastwood Plaza,79452,TX,bbernadedq@rediff.com
496,Daryl Bye,08 Armistice Trail,02114,MA,dbyedr@state.gov
497,Bethina Kleiner,5088 Dexter Center,21216,MD,bkleinerds@nih.gov
498,Albertine Breton,5 Darwin Place,85260,AZ,abretondt@xrea.com
499,Henri Shyre,68 Hayes Court,01905,MA,hshyredu@networkadvertising.org
500,Burl Ayer,957 Sullivan Terrace,95865,CA,bayerdv@msu.edu
501,Odelinda Hodges,930 Sommers Road,95123,CA,ohodgesdw@tinyurl.com
502,Marsha Silk,519 Morning Hill,90065,CA,msilkdx@unesco.org
503,Timothy Behnecken,7535 8th Avenue,06922,CT,tbehneckendy@wordpress.org
504,Ferdie Bromell,37 Waubesa Street,33686,FL,fbromelldz@quantcast.com
505,Dante Steane,1 Bartelt Road,33134,FL,dsteanee0@ucoz.com
506,Tamar Senior,47 Montana Alley,30022,GA,tseniore1@ibm.com
507,Sofia Furmage,045 Scott Road,25336,WV,sfurmagee2@surveymonkey.com
508,Christiana Camplin,1105 Bellgrove Trail,46226,IN,ccampline3@bbb.org
509,Emyle Brauns,98 Mesta Circle,88579,TX,ebraunse4@wiley.com
510,Rip Samet,434 Swallow Parkway,77493,TX,rsamete5@yahoo.co.jp
511,Tim Hilley,02 Welch Drive,15205,PA,thilleye6@eepurl.com
512,Adela Kimbly,34557 Stone Corner Crossing,80015,CO,akimblye7@yelp.com
513,Vittorio McNab,97445 Canary Way,22205,VA,vmcnabe8@pinterest.com
514,Eli MacShirie,189 Commercial Avenue,30066,GA,emacshiriee9@163.com
515,Nessy Olivia,4 Eagan Park,46620,IN,noliviaea@slideshare.net
516,Myer Firman,9 Westend Street,66667,KS,mfirmaneb@guardian.co.uk
517,Granger Gardner,49 Summer Ridge Circle,65218,MO,ggardnerec@spiegel.de
518,Juditha Cowins,55 Almo Junction,31416,GA,jcowinsed@eventbrite.com
519,Darnell Morgen,6 Buhler Park,32118,FL,dmorgenee@theatlantic.com
520,Niall Winterbourne,9234 Comanche Terrace,59806,MT,nwinterbourneef@tuttocitta.it
521,Giraud Hewlings,12 Montana Trail,20067,DC,ghewlingseg@yahoo.co.jp
522,Beverlie Anger,74031 Buhler Place,95113,CA,bangereh@i2i.jp
523,Terrel MacCambridge,04731 Marcy Way,48242,MI,tmaccambridgeei@sohu.com
524,Alia Dahlgren,4100 Quincy Way,88579,TX,adahlgrenej@booking.com
525,Quincey Kelling,196 Continental Road,33710,FL,qkellingek@simplemachines.org
526,Vincenty Liversidge,59 Iowa Way,28210,NC,vliversidgeel@va.gov
527,Pattie Rosellini,7 Fisk Alley,93305,CA,proselliniem@imgur.com
528,Immanuel Kettley,0383 West Drive,94237,CA,ikettleyen@barnesandnoble.com
529,Harper Ducrow,5 Spohn Street,11054,NY,hducroweo@smh.com.au
530,Nolana McKain,838 Eggendart Alley,20016,DC,nmckainep@ca.gov
531,Dian Beacock,3603 Butterfield Pass,32909,FL,dbeacockeq@amazonaws.com
532,Milli Culley,945 Eastlawn Terrace,10184,NY,mculleyer@nyu.edu
533,Martina Van den Oord,422 Everett Trail,38109,TN,mvanes@amazon.com
534,Dore Townend,84 Dennis Parkway,54305,WI,dtownendet@shutterfly.com
535,Vivian Ewebank,4 Farragut Hill,28815,NC,vewebankeu@google.co.uk
536,Lorin Fowley,73 Prairieview Alley,97306,OR,lfowleyev@noaa.gov
537,Shurlock Salvati,385 Weeping Birch Street,99252,WA,ssalvatiew@clickbank.net
538,Engracia Torbeck,5693 Michigan Drive,45203,OH,etorbeckex@bigcartel.com
539,Dewain Trawin,5 Ruskin Center,97206,OR,dtrawiney@guardian.co.uk
540,Bourke Beakes,4003 Texas Lane,52245,IA,bbeakesez@theguardian.com
541,Shep Klejna,60 Eliot Circle,77386,TX,sklejnaf0@vistaprint.com
542,Ax Petrolli,70600 8th Alley,75605,TX,apetrollif1@harvard.edu
543,Benjamen Issit,7219 Crest Line Court,64160,MO,bissitf2@businessweek.com
544,Liana Keiling,401 Leroy Crossing,20557,DC,lkeilingf3@soundcloud.com
545,Aylmar Buxam,682 Riverside Place,33336,FL,abuxamf4@youtu.be
546,Cyrillus Lancett,35020 Becker Court,10099,NY,clancettf5@jigsy.com
547,Jermaine Garrard,5828 Trailsway Park,77030,TX,jgarrardf6@arizona.edu
548,Davita Regler,373 1st Crossing,44760,OH,dreglerf7@blog.com
549,Sherlock Garahan,65430 Crownhardt Alley,77201,TX,sgarahanf8@msu.edu
550,Gregory Yendle,65 Elmside Circle,34210,FL,gyendlef9@time.com
551,Stepha Dacre,1124 Dunning Park,40581,KY,sdacrefa@forbes.com
552,Ole Cockitt,6 Northland Park,76711,TX,ocockittfb@google.com
553,Xavier Bown,8 Spohn Trail,84120,UT,xbownfc@hibu.com
554,Stephan Simondson,70 Sutteridge Way,20167,VA,ssimondsonfd@oaic.gov.au
555,Cordell Trewin,3 Bowman Road,79710,TX,ctrewinfe@earthlink.net
556,Eberto Laxe,73964 Corry Lane,90505,CA,elaxeff@google.com.au
557,Allie Congreave,935 Caliangt Drive,44177,OH,acongreavefg@alexa.com
558,Lyda Salvador,1 Blue Bill Park Terrace,19058,PA,lsalvadorfh@skype.com
559,Cecilla Farey,83 Towne Crossing,55598,MN,cfareyfi@google.ru
560,Shermie Meah,465 Crest Line Circle,48092,MI,smeahfj@statcounter.com
561,Gaynor Roycraft,2158 Nancy Parkway,92165,CA,groycraftfk@cisco.com
562,Claybourne Serraillier,0 Union Road,10184,NY,cserraillierfl@usnews.com
563,Clarine Champken,96 Parkside Plaza,37605,TN,cchampkenfm@devhub.com
564,Fancy Redon,32 Hallows Alley,95894,CA,fredonfn@livejournal.com
565,Lenora Vasyuchov,85804 Springs Street,45403,OH,lvasyuchovfo@nps.gov
566,Ewen Grahlman,2135 Crescent Oaks Point,12222,NY,egrahlmanfp@live.com
567,Dan Henriquet,3 Thackeray Road,07522,NJ,dhenriquetfq@dot.gov
568,Lotta Sneesbie,6445 Banding Crossing,32868,FL,lsneesbiefr@godaddy.com
569,Davidde Bannister,97208 Nelson Road,60630,IL,dbannisterfs@ameblo.jp
570,Consuela Biggen,9383 Holmberg Pass,20268,DC,cbiggenft@cocolog-nifty.com
571,Jarrett Leggis,72 Springs Crossing,28256,NC,jleggisfu@npr.org
572,Garland Gannicleff,33 Myrtle Lane,77305,TX,gganniclefffv@weebly.com
573,Van Tregaskis,7 Grasskamp Park,94230,CA,vtregaskisfw@delicious.com
574,Michel Ruffler,194 Commercial Drive,23213,VA,mrufflerfx@slashdot.org
575,Lelia Paddingdon,83 South Plaza,21216,MD,lpaddingdonfy@cdbaby.com
576,Duke Grealey,05657 Twin Pines Parkway,43231,OH,dgrealeyfz@bandcamp.com
577,Kaycee Gerling,6292 Merry Terrace,25726,WV,kgerlingg0@naver.com
578,Melisse Goldine,938 Fallview Terrace,53277,WI,mgoldineg1@shinystat.com
579,Vincenty Tennet,5372 Harper Parkway,48670,MI,vtennetg2@sphinn.com
580,Tito Going,291 Shopko Park,36125,AL,tgoingg3@addthis.com
581,Woodman Cankett,37 Leroy Terrace,45470,OH,wcankettg4@illinois.edu
582,Marcelline Triggel,8 Daystar Circle,85072,AZ,mtriggelg5@businessweek.com
583,Brynne Matthessen,256 Reindahl Pass,27116,NC,bmatthesseng6@nba.com
584,Kaine Guillerman,9234 Shasta Pass,77080,TX,kguillermang7@skyrock.com
585,Glenda Quarrie,81 Rowland Circle,76711,TX,gquarrieg8@soundcloud.com
586,Anissa Brotheridge,8277 Spenser Circle,02745,MA,abrotheridgeg9@europa.eu
587,Piotr Dellenbach,16 Center Plaza,12255,NY,pdellenbachga@phoca.cz
588,Carson Mantz,7593 Forest Dale Junction,32919,FL,cmantzgb@redcross.org
589,Caye Dehn,14285 Pennsylvania Pass,06533,CT,cdehngc@xing.com
590,Flint Puve,83 Division Drive,43615,OH,fpuvegd@yelp.com
591,Hilton Greenier,333 Stoughton Hill,25321,WV,hgreenierge@abc.net.au
592,Caro Trainer,34 Debra Alley,85246,AZ,ctrainergf@cnbc.com
593,Demott Strover,1 Ludington Junction,37240,TN,dstrovergg@globo.com
594,Bret Meriton,4191 Packers Terrace,32859,FL,bmeritongh@addtoany.com
595,Meir Clayworth,1 Kensington Court,90805,CA,mclayworthgi@smugmug.com
596,Abby Priddy,644 Dwight Junction,06127,CT,apriddygj@instagram.com
597,Arlene Melmoth,13125 Jenna Way,49560,MI,amelmothgk@nasa.gov
598,Christoph Gert,53659 Morningstar Avenue,02119,MA,cgertgl@jiathis.com
599,Toni Margetts,5461 Sutherland Road,11470,NY,tmargettsgm@simplemachines.org
600,Jessa Ravelus,4821 Washington Place,93704,CA,jravelusgn@360.cn
601,Orelia January 1st,4509 Mendota Plaza,55115,MN,ojanuarygo@unicef.org
602,Drew Luis,061 Cody Avenue,23277,VA,dluisgp@acquirethisname.com
603,Gay Petracci,27612 Ronald Regan Center,30301,GA,gpetraccigq@about.me
604,Gustavus Levensky,847 3rd Pass,47134,IN,glevenskygr@goo.ne.jp
605,Briana Mosedall,59580 Shoshone Drive,79977,TX,bmosedallgs@marriott.com
606,Annamarie Quin,65785 Lakewood Gardens Way,33196,FL,aquingt@vkontakte.ru
607,Blanche Hillyatt,36523 Clyde Gallagher Pass,70116,LA,bhillyattgu@netscape.com
608,Lana Westrope,4439 Thompson Junction,60208,IL,lwestropegv@narod.ru
609,Stanton Perfect,8 Eliot Parkway,84145,UT,sperfectgw@domainmarket.com
610,Domeniga Bidnall,5 Basil Alley,70160,LA,dbidnallgx@myspace.com
611,Gerard Burberye,805 Waubesa Park,78291,TX,gburberyegy@1688.com
612,Leela Jacquemot,5 Daystar Pass,55436,MN,ljacquemotgz@berkeley.edu
613,Fern Shortt,0 Towne Parkway,55551,MN,fshortth0@arstechnica.com
614,Lynn Tooley,93 Kennedy Junction,17121,PA,ltooleyh1@flickr.com
615,Joseph Ellett,2 Granby Avenue,76134,TX,jelletth2@apache.org
616,Myrilla Breyt,1 Hovde Terrace,46231,IN,mbreyth3@washingtonpost.com
617,Hedvige Measures,8000 Hoffman Circle,98411,WA,hmeasuresh4@smugmug.com
618,Malinde Spurret,80 Sachs Plaza,19610,PA,mspurreth5@howstuffworks.com
619,Hendrik Eberst,1973 Anniversary Drive,33615,FL,hebersth6@businesswire.com
620,Hadlee Vinter,60 Grim Court,24029,VA,hvinterh7@howstuffworks.com
621,Hillery Kitchaside,4 Shoshone Court,39296,MS,hkitchasideh8@php.net
622,Brandi Ielden,6 Menomonie Plaza,22111,VA,bieldenh9@who.int
623,Cookie Wardrop,3294 Springview Pass,77223,TX,cwardropha@eepurl.com
624,Row Gilchrist,04 Jenna Terrace,38136,TN,rgilchristhb@rakuten.co.jp
625,Judy Riatt,62 Green Circle,11436,NY,jriatthc@bloomberg.com
626,Waylon Fairbridge,81 Dawn Court,48206,MI,wfairbridgehd@yellowpages.com
627,Teddy Ivanishchev,8 Carey Place,98104,WA,tivanishchevhe@youtube.com
628,Ebenezer Guille,303 Fordem Alley,10705,NY,eguillehf@bravesites.com
629,Jerrie Duckitt,4148 Rockefeller Plaza,78225,TX,jduckitthg@macromedia.com
630,Cassandre De Ruel,88 Kennedy Point,83727,ID,cdehh@go.com
631,Adriena Fairtlough,79 Clarendon Parkway,64187,MO,afairtloughhi@nytimes.com
632,Mitzi Mapowder,0 School Place,85040,AZ,mmapowderhj@oracle.com
633,Janaya MacGinley,6 Ridgeview Terrace,65105,MO,jmacginleyhk@dell.com
634,Amii Ransbury,2 Oakridge Street,32590,FL,aransburyhl@qq.com
635,Gillan Lilburne,03 Spohn Hill,29905,SC,glilburnehm@aboutads.info
636,Lorette Priestman,849 Sachs Alley,38119,TN,lpriestmanhn@google.fr
637,Jodi MacDunleavy,50714 Valley Edge Street,55811,MN,jmacdunleavyho@columbia.edu
638,Inger Shimoni,11 Oxford Lane,12255,NY,ishimonihp@nyu.edu
639,Amil Mc Andrew,5 Hayes Hill,33972,FL,amchq@devhub.com
640,Bryn Kepling,26 Hanover Road,20414,DC,bkeplinghr@bloglines.com
641,Babbette Bahls,14 Ridgeway Center,15255,PA,bbahlshs@ycombinator.com
642,Buffy Furlong,2357 Paget Street,68110,NE,bfurlonght@ocn.ne.jp
643,Niles Franschini,49170 Golf Junction,73119,OK,nfranschinihu@bbb.org
644,Tobe Cottrell,6049 Forest Run Street,77250,TX,tcottrellhv@vimeo.com
645,Sheffie Andreolli,159 Mayfield Circle,19196,PA,sandreollihw@ask.com
646,Hyatt Aldus,9 American Drive,33013,FL,haldushx@ovh.net
647,Roby Bryns,006 Artisan Plaza,63150,MO,rbrynshy@storify.com
648,Gifford Insull,7 Summerview Park,40210,KY,ginsullhz@cloudflare.com
649,Nolie Brackley,34878 Oxford Road,27409,NC,nbrackleyi0@ebay.com
650,Herb Caseborne,6 Oneill Court,88525,TX,hcasebornei1@princeton.edu
651,Aaren Sommerville,88031 Moose Alley,95194,CA,asommervillei2@about.me
652,Piper Karby,73 Schiller Pass,85045,AZ,pkarbyi3@paginegialle.it
653,Hiram Twidell,2672 Lukken Avenue,76121,TX,htwidelli4@w3.org
654,Fabe McQuarter,29548 Kenwood Crossing,60624,IL,fmcquarteri5@howstuffworks.com
655,Townsend Coling,6308 Kenwood Center,66286,KS,tcolingi6@senate.gov
656,Ezekiel Phil,2171 Sugar Road,55448,MN,ephili7@oakley.com
657,Cordelia Lezemore,7 Green Junction,92805,CA,clezemorei8@blog.com
658,Domenic Basire,3600 Kenwood Road,31210,GA,dbasirei9@canalblog.com
659,Bella Kittle,77655 Prairieview Park,66622,KS,bkittleia@thetimes.co.uk
660,Duffy Dewdeny,946 Dunning Way,98424,WA,ddewdenyib@sfgate.com
661,Arabella Cassedy,80452 Twin Pines Center,95155,CA,acassedyic@amazon.com
662,Romonda Paynton,26 Westridge Point,20268,DC,rpayntonid@ucla.edu
663,Sophie Gagie,07 Stone Corner Court,64149,MO,sgagieie@mediafire.com
664,Beryle Southwood,74932 Forster Trail,92424,CA,bsouthwoodif@state.tx.us
665,Todd Joseland,7 Vidon Hill,55470,MN,tjoselandig@redcross.org
666,Kermit Tamlett,34371 Cherokee Hill,98506,WA,ktamlettih@china.com.cn
667,Lydon Chessel,07 Troy Park,87505,NM,lchesselii@ifeng.com
668,Melosa Gillies,6892 American Ash Lane,27635,NC,mgilliesij@smh.com.au
669,Carolin Bousler,3 Anhalt Pass,28205,NC,cbouslerik@ox.ac.uk
670,Athene Scolts,58 Mcbride Point,32128,FL,ascoltsil@mozilla.org
671,Kristine Guiet,20486 Dawn Court,65805,MO,kguietim@cbslocal.com
672,Jules Passo,3592 Center Hill,80291,CO,jpassoin@sfgate.com
673,Jacquette Rosson,9 Michigan Park,32204,FL,jrossonio@163.com
674,Denyse Jantet,663 3rd Place,73190,OK,djantetip@themeforest.net
675,Iosep Greeding,955 Erie Trail,33710,FL,igreedingiq@about.me
676,Gabriella Strippel,1 Oakridge Point,32825,FL,gstrippelir@nhs.uk
677,Celisse Billings,34 Debra Center,97221,OR,cbillingsis@whitehouse.gov
678,Merle Michelet,18524 Moland Way,10469,NY,mmicheletit@techcrunch.com
679,Jeffy Comerford,0 Dakota Avenue,90015,CA,jcomerfordiu@ucsd.edu
680,Coralie Spreckley,044 Green Pass,79977,TX,cspreckleyiv@google.co.uk
681,Eleonore Bounds,4704 Fair Oaks Lane,45403,OH,eboundsiw@ucsd.edu
682,Mari Kingzet,1507 Sachs Court,17126,PA,mkingzetix@networksolutions.com
683,Danya Dring,755 Spenser Way,79769,TX,ddringiy@skype.com
684,Glenn Harle,619 Corry Place,90025,CA,gharleiz@1688.com
685,Anthe Petts,6 Mendota Street,94126,CA,apettsj0@latimes.com
686,Lulu Hattiff,8957 Summer Ridge Center,06145,CT,lhattiffj1@fc2.com
687,Elicia Daveridge,81 Nobel Pass,06859,CT,edaveridgej2@ebay.co.uk
688,Sunshine Breche,956 Onsgard Center,92862,CA,sbrechej3@multiply.com
689,Beniamino Grinov,2160 Superior Avenue,83711,ID,bgrinovj4@feedburner.com
690,Quentin Ritchie,5 Monica Plaza,20546,DC,qritchiej5@booking.com
691,Danika Synan,53133 Hudson Pass,60691,IL,dsynanj6@yellowbook.com
692,Cheslie Pepler,8415 Prentice Junction,38119,TN,cpeplerj7@hostgator.com
693,Lynnet Crooks,763 Blue Bill Park Crossing,39296,MS,lcrooksj8@unicef.org
694,Nelson Santorini,86131 Village Avenue,56398,MN,nsantorinij9@mozilla.org
695,Eveleen Kenefick,9 Luster Hill,33175,FL,ekenefickja@linkedin.com
696,Heidie Donwell,2 Rusk Court,23454,VA,hdonwelljb@google.co.uk
697,Elsinore Westley,020 Merry Pass,32220,FL,ewestleyjc@google.ca
698,Berkie Dougal,56 Southridge Junction,87140,NM,bdougaljd@exblog.jp
699,Ax Woofendell,5 Russell Terrace,29220,SC,awoofendellje@hexun.com
700,Jobina Lindhe,5 Shopko Street,07104,NJ,jlindhejf@barnesandnoble.com
701,Harv Slate,3507 Rowland Circle,89166,NV,hslatejg@gnu.org
702,Mike Ackrill,547 Annamark Pass,53234,WI,mackrilljh@phoca.cz
703,Mallissa Mayze,9 Grover Terrace,29319,SC,mmayzeji@ihg.com
704,Delinda Heinsen,7324 Rusk Center,85297,AZ,dheinsenjj@bbb.org
705,Tine Yeend,29 Claremont Street,53710,WI,tyeendjk@altervista.org
706,Chanda McKeachie,57794 Gina Park,50310,IA,cmckeachiejl@sfgate.com
707,Jean Hackey,6511 Packers Avenue,80255,CO,jhackeyjm@google.pl
708,Buddie Mateu,41882 Monument Drive,64082,MO,bmateujn@wufoo.com
709,Allayne Veeler,29048 Mitchell Court,74141,OK,aveelerjo@sun.com
710,Kacy Lavall,86138 Mariners Cove Street,24515,VA,klavalljp@usda.gov
711,Aube Longfoot,606 Towne Crossing,20215,DC,alongfootjq@rambler.ru
712,Thom Gover,041 Granby Circle,91125,CA,tgoverjr@vimeo.com
713,Vasili Yard,544 Old Shore Trail,33153,FL,vyardjs@sakura.ne.jp
714,Velma Klaffs,1 Drewry Terrace,48242,MI,vklaffsjt@chronoengine.com
715,Consuelo Riddoch,36 Eastlawn Way,43204,OH,criddochju@simplemachines.org
716,Thedrick Dagger,5 Caliangt Trail,32225,FL,tdaggerjv@mapy.cz
717,Max Goult,2720 Bellgrove Circle,10099,NY,mgoultjw@yolasite.com
718,Raul Dilger,82 Mayfield Point,92519,CA,rdilgerjx@bandcamp.com
719,Genevieve Rainger,5 Crest Line Parkway,57105,SD,graingerjy@imageshack.us
720,Nonna Dobinson,33 Sunbrook Way,31132,GA,ndobinsonjz@pcworld.com
721,Marijo Poutress,233 Loomis Point,10160,NY,mpoutressk0@flickr.com
722,Andreas Novelli,0085 Meadow Valley Road,23436,VA,anovellik1@com.com
723,Hettie Quennell,979 Coolidge Plaza,14624,NY,hquennellk2@harvard.edu
724,Sheri Bartod,6 Northview Trail,91913,CA,sbartodk3@accuweather.com
725,Hedda Davley,1 Miller Hill,84145,UT,hdavleyk4@soup.io
726,Annis Wilshaw,466 Oxford Circle,49560,MI,awilshawk5@51.la
727,Thaine Calderonello,2054 Drewry Court,07208,NJ,tcalderonellok6@smh.com.au
728,Katerine Crotty,231 Thierer Pass,07305,NJ,kcrottyk7@msu.edu
729,Randi Hartegan,2212 Carpenter Junction,60609,IL,rhartegank8@illinois.edu
730,Lenna Goranov,289 Del Mar Trail,84199,UT,lgoranovk9@cnn.com
731,Nikolas Mulliss,9 Donald Center,33467,FL,nmullisska@stanford.edu
732,Dorette Hestrop,81 Maple Wood Circle,06905,CT,dhestropkb@amazonaws.com
733,Starlin Oloman,12025 Corben Trail,68179,NE,solomankc@accuweather.com
734,Deena Colloby,2 Kenwood Park,23277,VA,dcollobykd@amazon.co.jp
735,Brand Stinchcombe,776 Morning Lane,75210,TX,bstinchcombeke@cnbc.com
736,Fidelity Mee,84739 Burrows Place,77705,TX,fmeekf@wordpress.org
737,Elmore Dendon,8734 Hoepker Drive,14683,NY,edendonkg@netvibes.com
738,Lemmy Marshalleck,57 Northview Place,20231,DC,lmarshalleckkh@rediff.com
739,Urson London,4468 Eastlawn Drive,36641,AL,ulondonki@si.edu
740,Cornela Edwardes,6 1st Plaza,46202,IN,cedwardeskj@eventbrite.com
741,Hadleigh Atte-Stone,60 Lien Junction,90087,CA,hattestonekk@skype.com
742,Mariele Shuxsmith,26 Crownhardt Place,68197,NE,mshuxsmithkl@umn.edu
743,Orton Guenther,39 Bay Junction,10150,NY,oguentherkm@accuweather.com
744,Eugenia Croney,2100 Kennedy Trail,79977,TX,ecroneykn@guardian.co.uk
745,Mariya Shilladay,7225 Arkansas Court,22908,VA,mshilladayko@flavors.me
746,Amabel Sarfat,6 Cardinal Circle,14646,NY,asarfatkp@cargocollective.com
747,Errick Authers,32 Main Avenue,22244,VA,eautherskq@independent.co.uk
748,Adriana Knappitt,40777 Buhler Crossing,02283,MA,aknappittkr@sakura.ne.jp
749,Dion Shrimpling,72970 Bartelt Street,31196,GA,dshrimplingks@theguardian.com
750,Yard Pietruschka,8 John Wall Alley,90065,CA,ypietruschkakt@bbc.co.uk
751,Robinson Stopper,30 Springview Street,74141,OK,rstopperku@hc360.com
752,Rollo Kingshott,754 Lyons Terrace,76121,TX,rkingshottkv@ustream.tv
753,Carlo Newe,2489 Lakeland Circle,55423,MN,cnewekw@state.tx.us
754,Risa Proven,898 Ridgeway Court,35263,AL,rprovenkx@nsw.gov.au
755,Travus Jarlmann,777 Arapahoe Parkway,36205,AL,tjarlmannky@seattletimes.com
756,Drucill Mignot,3673 Fieldstone Hill,55412,MN,dmignotkz@unc.edu
757,Saxon Peasegod,19210 Spohn Parkway,30323,GA,speasegodl0@msu.edu
758,Enriqueta Loughhead,7 Lerdahl Center,91499,CA,eloughheadl1@msn.com
759,Freeman Coldbathe,595 Cambridge Circle,14624,NY,fcoldbathel2@ycombinator.com
760,Herb Heaseman,410 Westridge Center,22333,VA,hheasemanl3@instagram.com
761,Boycey Fuzzard,77 Blaine Center,29505,SC,bfuzzardl4@simplemachines.org
762,Frankie Gostridge,3 Harbort Junction,80328,CO,fgostridgel5@tmall.com
763,Paul Lofts,54442 Southridge Pass,91199,CA,ploftsl6@angelfire.com
764,Kimberly Whiles,2 Swallow Pass,21290,MD,kwhilesl7@chronoengine.com
765,Merrel Learie,9 Little Fleur Crossing,30061,GA,mleariel8@oaic.gov.au
766,Shandee Letham,21583 Calypso Drive,70505,LA,slethaml9@pcworld.com
767,Shepherd Bernadon,7322 Sutherland Crossing,30301,GA,sbernadonla@cbslocal.com
768,Sergio Hallett,40 Pond Hill,87180,NM,shallettlb@scientificamerican.com
769,Judie Bathersby,82492 Eliot Parkway,74170,OK,jbathersbylc@about.me
770,Sharleen Lamort,1682 Forest Street,46278,IN,slamortld@histats.com
771,Isaak Rice,644 Red Cloud Court,46634,IN,iricele@opera.com
772,Ilene McIlenna,310 Donald Crossing,34629,FL,imcilennalf@unblog.fr
773,Kenneth Renforth,925 Superior Pass,11044,NY,krenforthlg@sourceforge.net
774,Lilly Onslow,49 Lakeland Drive,10292,NY,lonslowlh@live.com
775,Joseph Pilley,9 Logan Park,44705,OH,jpilleyli@ocn.ne.jp
776,Eamon Wastell,7 Forest Avenue,92405,CA,ewastelllj@census.gov
777,Rodolphe O'Dea,0 Waxwing Road,99215,WA,rodealk@narod.ru
778,Martainn Harrap,27761 Killdeer Place,75799,TX,mharrapll@mlb.com
779,Tammy Donaway,82 Ryan Alley,63131,MO,tdonawaylm@oracle.com
780,Leola Maeer,27 Eastwood Place,80217,CO,lmaeerln@about.me
781,Kinnie Colafate,4 Old Gate Circle,14604,NY,kcolafatelo@discovery.com
782,Tobiah Stirton,64 Sundown Court,61709,IL,tstirtonlp@thetimes.co.uk
783,Angil Skullet,3 Annamark Circle,76115,TX,askulletlq@gmpg.org
784,Andrey Chrestien,88 Dryden Lane,33345,FL,achrestienlr@nytimes.com
785,Gwennie Cornforth,894 Alpine Place,23242,VA,gcornforthls@cdc.gov
786,Rosabel Jacobovitch,1638 Columbus Parkway,76178,TX,rjacobovitchlt@cargocollective.com
787,Wilie Gemnett,32 Bayside Junction,45238,OH,wgemnettlu@ifeng.com
788,Katinka O'Henery,9 Randy Terrace,32230,FL,kohenerylv@smh.com.au
789,Janice Burgill,30996 Delladonna Point,63158,MO,jburgilllw@jalbum.net
790,Karena Triswell,9 Schlimgen Circle,73179,OK,ktriswelllx@gmpg.org
791,Cinda Meagh,91 Holmberg Court,93305,CA,cmeaghly@baidu.com
792,Lita Agar,51 Messerschmidt Park,79452,TX,lagarlz@paginegialle.it
793,Gaile Souza,95459 7th Road,33196,FL,gsouzam0@soup.io
794,Liliane Scading,31 Towne Pass,40220,KY,lscadingm1@sbwire.com
795,Ogden Helian,0 Valley Edge Avenue,76305,TX,ohelianm2@patch.com
796,Fowler Burtenshaw,2 Grasskamp Pass,43699,OH,fburtenshawm3@wikipedia.org
797,Mitzi Veart,4 Pepper Wood Drive,75710,TX,mveartm4@hostgator.com
798,Celina Hesey,54 Roth Trail,06606,CT,cheseym5@domainmarket.com
799,Shae Heine,596 Hermina Point,92710,CA,sheinem6@businessweek.com
800,Ertha Moorerud,3 Brickson Park Junction,75342,TX,emoorerudm7@lulu.com
801,Ardene Beilby,39 6th Avenue,12255,NY,abeilbym8@ezinearticles.com
802,Errol Hayen,85 Oak Park,33625,FL,ehayenm9@marketwatch.com
803,Anthea Odam,35 Calypso Parkway,55805,MN,aodamma@yandex.ru
804,Ash Episcopio,5362 Miller Parkway,47812,IN,aepiscopiomb@mapy.cz
805,Alvie Claeskens,35 Lighthouse Bay Road,94705,CA,aclaeskensmc@wsj.com
806,Letizia Bull,5710 Claremont Plaza,86305,AZ,lbullmd@1688.com
807,Dorelia Szymczyk,13 Debs Place,74156,OK,dszymczykme@yahoo.com
808,Horten Leopold,200 Lighthouse Bay Drive,97286,OR,hleopoldmf@ox.ac.uk
809,Morna Reddish,22312 Hudson Parkway,29505,SC,mreddishmg@e-recht24.de
810,Marmaduke Wilkennson,19 Twin Pines Pass,39210,MS,mwilkennsonmh@macromedia.com
811,Robinette Klouz,60559 La Follette Terrace,93305,CA,rklouzmi@feedburner.com
812,Barris Priest,126 Loftsgordon Street,48232,MI,bpriestmj@imgur.com
813,Bob Drane,217 Riverside Center,31296,GA,bdranemk@geocities.com
814,Dulcie Kimmince,4698 Union Road,20910,MD,dkimminceml@comsenz.com
815,Florie Dybald,5030 Roth Road,95405,CA,fdybaldmm@yahoo.com
816,Sherwin Skuce,3 Mesta Terrace,59623,MT,sskucemn@pinterest.com
817,Kelly Blondin,4095 Novick Place,99210,WA,kblondinmo@joomla.org
818,Grover Menendez,2 Farragut Center,37210,TN,gmenendezmp@bloomberg.com
819,Lynnell Moffet,64 Tennyson Avenue,22119,VA,lmoffetmq@oakley.com
820,Sacha Jeffress,83 Logan Junction,30605,GA,sjeffressmr@artisteer.com
821,Norrie Weagener,1 Myrtle Alley,89110,NV,nweagenerms@surveymonkey.com
822,Frankie MacFie,98 Comanche Street,40266,KY,fmacfiemt@washington.edu
823,Ninette Jacobson,2045 Bashford Crossing,77015,TX,njacobsonmu@51.la
824,Kearney Fuxman,418 Kings Hill,36109,AL,kfuxmanmv@diigo.com
825,Bartholemy Oakly,66 Mccormick Center,22205,VA,boaklymw@hp.com
826,Giffard Pottell,36008 Clarendon Circle,40591,KY,gpottellmx@nyu.edu
827,Elsey Sauven,01 Lunder Park,12210,NY,esauvenmy@nba.com
828,Xever Conibeer,1 Harbort Trail,48098,MI,xconibeermz@yelp.com
829,Benedikta Imm,32187 Shasta Court,60652,IL,bimmn0@thetimes.co.uk
830,Tarrance Piris,6 Hooker Lane,38181,TN,tpirisn1@nih.gov
831,Bobinette Langabeer,93281 Buhler Plaza,96810,HI,blangabeern2@friendfeed.com
832,Brendis Ginner,43 Golf Road,65110,MO,bginnern3@plala.or.jp
833,Tilly Ewings,254 5th Place,30336,GA,tewingsn4@w3.org
834,Martino Fawcitt,84 Packers Lane,85020,AZ,mfawcittn5@dell.com
835,Tami Dimmer,97576 Lindbergh Parkway,20851,MD,tdimmern6@prlog.org
836,Etti Andress,78816 Northwestern Pass,62756,IL,eandressn7@ameblo.jp
837,Lyssa McAllen,97246 Springs Lane,70033,LA,lmcallenn8@sphinn.com
838,Grantley Sivill,188 Division Road,29905,SC,gsivilln9@latimes.com
839,Stephen Stanyland,51 Thierer Alley,23663,VA,sstanylandna@icio.us
840,Basia Sposito,2 Iowa Center,92825,CA,bspositonb@booking.com
841,Boy Orford,6 Kipling Point,92717,CA,borfordnc@unicef.org
842,Cob Shouler,5 Forest Dale Circle,27157,NC,cshoulernd@va.gov
843,Theodor Athowe,1333 Debs Alley,90840,CA,tathowene@stanford.edu
844,Lillis Wessel,94409 Hanover Terrace,39705,MS,lwesselnf@google.com.hk
845,Lindi Ellar,887 Logan Court,33963,FL,lellarng@chicagotribune.com
846,Gusti Janata,58 Anniversary Point,55458,MN,gjanatanh@ifeng.com
847,Ronna Backler,653 Vernon Lane,89436,NV,rbacklerni@google.co.uk
848,Jada Marder,4 Bartelt Crossing,83405,ID,jmardernj@simplemachines.org
849,Ned Silversmidt,45827 Boyd Junction,61640,IL,nsilversmidtnk@bloglovin.com
850,Inglebert Bullimore,621 Fairview Circle,33777,FL,ibullimorenl@newsvine.com
851,Gibb Smorfit,86127 Bay Road,08922,NJ,gsmorfitnm@amazon.co.uk
852,Whitaker Hefferan,9183 Anhalt Pass,32244,FL,whefferannn@behance.net
853,Obadias Odgaard,07922 Kropf Lane,74184,OK,oodgaardno@bing.com
854,Kerr Hexum,91638 North Park,94622,CA,khexumnp@macromedia.com
855,Trish Bruneau,33 Village Street,77010,TX,tbruneaunq@alexa.com
856,Rollie Barwell,19981 Colorado Court,15255,PA,rbarwellnr@paginegialle.it
857,Verine Demonge,694 Ridge Oak Pass,38308,TN,vdemongens@amazon.co.uk
858,Dagmar Feore,787 Straubel Drive,44130,OH,dfeorent@google.com.br
859,Corri MacLaverty,20 Hagan Hill,66606,KS,cmaclavertynu@salon.com
860,Crichton Carik,6466 Glacier Hill Road,96815,HI,ccariknv@unesco.org
861,Alicea Scales,5599 Dennis Hill,59806,MT,ascalesnw@dropbox.com
862,Nita Gobel,5108 Vera Junction,19058,PA,ngobelnx@xing.com
863,Dev Glazier,2 8th Junction,30089,GA,dglazierny@bbb.org
864,Rozele Reeds,7 Armistice Trail,97255,OR,rreedsnz@newyorker.com
865,Rosalind Frie,3 Manitowish Court,33605,FL,rfrieo0@apache.org
866,Murray Strooband,2640 Hooker Alley,30096,GA,mstroobando1@over-blog.com
867,Florinda Call,549 Oxford Street,14604,NY,fcallo2@java.com
868,Pincus O' Molan,76 Rowland Circle,60641,IL,poo3@exblog.jp
869,Myrle Kingaby,79008 Tomscot Lane,19610,PA,mkingabyo4@weather.com
870,Ike Perkin,455 Reinke Alley,10249,NY,iperkino5@webeden.co.uk
871,Lainey Spencook,04340 Corscot Lane,90605,CA,lspencooko6@goo.ne.jp
872,Vassili Janku,14 Sheridan Pass,80270,CO,vjankuo7@admin.ch
873,Jeniece Punt,75757 Macpherson Park,06816,CT,jpunto8@alibaba.com
874,Jason Kirkam,2 Muir Parkway,95160,CA,jkirkamo9@bandcamp.com
875,Rasia MacDonogh,350 Oneill Crossing,34981,FL,rmacdonoghoa@histats.com
876,Mohandas Meach,77 Crowley Park,23668,VA,mmeachob@accuweather.com
877,Trudey Cornick,86 Nobel Hill,50936,IA,tcornickoc@un.org
878,Fanny Battersby,527 Brentwood Circle,48232,MI,fbattersbyod@hubpages.com
879,Lorrin Ollier,6 Vidon Road,95155,CA,lollieroe@ning.com
880,Rikki Whellams,88 Packers Avenue,60078,IL,rwhellamsof@slideshare.net
881,Larissa Sylett,22 Service Drive,25331,WV,lsylettog@google.com.au
882,Dew Spoors,5316 Thackeray Crossing,30506,GA,dspoorsoh@edublogs.org
883,Rich Hechlin,0501 Acker Terrace,80930,CO,rhechlinoi@amazon.co.uk
884,Toiboid Wells,94299 Drewry Parkway,80161,CO,twellsoj@tripod.com
885,Tania Grayham,948 Cherokee Road,31998,GA,tgrayhamok@fastcompany.com
886,Alanson Piwall,6 Spohn Drive,23242,VA,apiwallol@nature.com
887,Brose Huntly,7 Gerald Pass,77288,TX,bhuntlyom@wp.com
888,Tate Presley,5048 Myrtle Terrace,20231,DC,tpresleyon@tumblr.com
889,Reade Cauldwell,2446 Haas Hill,25331,WV,rcauldwelloo@instagram.com
890,Morgan Camosso,6939 Nova Road,45228,OH,mcamossoop@fda.gov
891,Archibald Havelin,33 Express Park,23203,VA,ahavelinoq@youtube.com
892,Dickie Chater,8017 Stoughton Park,79764,TX,dchateror@elegantthemes.com
893,Sarina Yell,28 Butternut Junction,63169,MO,syellos@umich.edu
894,Poul Rawlence,0 Vermont Pass,64160,MO,prawlenceot@forbes.com
895,Zacharias Snoden,761 3rd Hill,20220,DC,zsnodenou@weather.com
896,Grantham Gerhold,8 Farwell Lane,37235,TN,ggerholdov@ucsd.edu
897,Jessie Brabender,829 Saint Paul Pass,33355,FL,jbrabenderow@hexun.com
898,Ashley McPaik,30 Graedel Circle,45440,OH,amcpaikox@delicious.com
899,Grier Pass,4 Eastwood Park,43240,OH,gpassoy@forbes.com
900,Maure De Dantesie,3670 Darwin Drive,10305,NY,mdeoz@rambler.ru
901,Arly Ryves,32218 Arrowood Street,32808,FL,aryvesp0@shutterfly.com
902,Edythe Venmore,97810 Brickson Park Way,10557,NY,evenmorep1@tinypic.com
903,Morlee Corp,0095 Donald Avenue,18706,PA,mcorpp2@e-recht24.de
904,Amii Camps,09 Sycamore Circle,78230,TX,acampsp3@guardian.co.uk
905,Anastassia Soppeth,7 Meadow Vale Lane,33742,FL,asoppethp4@berkeley.edu
906,Cyrille Lemonnier,6 Daystar Junction,37220,TN,clemonnierp5@artisteer.com
907,Lynn Rawsthorne,60385 Forest Dale Court,63104,MO,lrawsthornep6@biblegateway.com
908,Glynis Vila,374 Ilene Hill,12242,NY,gvilap7@imdb.com
909,Dagny Sansum,0571 Jenna Court,62525,IL,dsansump8@xinhuanet.com
910,Sabra Reichelt,60 Green Ridge Way,15279,PA,sreicheltp9@t-online.de
911,Amaleta Ferencowicz,46 Weeping Birch Lane,20244,DC,aferencowiczpa@indiatimes.com
912,Elke Duferie,800 Lake View Circle,80305,CO,eduferiepb@si.edu
913,Virgina Burger,186 Toban Park,90025,CA,vburgerpc@ed.gov
914,Rania Shapcott,9678 Clarendon Junction,34643,FL,rshapcottpd@blogtalkradio.com
915,Lee Corben,37175 6th Hill,06673,CT,lcorbenpe@fc2.com
916,Janey Viccary,94 Pearson Avenue,78296,TX,jviccarypf@mayoclinic.com
917,Junie Shreve,86 Becker Center,91499,CA,jshrevepg@behance.net
918,Alasdair Winney,584 Waubesa Center,74184,OK,awinneyph@a8.net
919,Leila Vaune,2271 Donald Place,06912,CT,lvaunepi@census.gov
920,Lexi Lowres,5711 Village Terrace,94616,CA,llowrespj@archive.org
921,Marni Thorald,0 Quincy Center,30245,GA,mthoraldpk@theguardian.com
922,Wallache Sincock,2 Kingsford Street,48206,MI,wsincockpl@ucoz.ru
923,Vassily Ruddle,69632 Talmadge Place,95128,CA,vruddlepm@who.int
924,Bertha Kennelly,9 Summit Place,20535,DC,bkennellypn@bluehost.com
925,Eliot Charnock,2 Moose Place,52804,IA,echarnockpo@elegantthemes.com
926,Dukey Moisey,889 Leroy Road,12237,NY,dmoiseypp@gravatar.com
927,Marge Spurden,46 Morrow Trail,47737,IN,mspurdenpq@accuweather.com
928,Shanon Exroll,22902 Elgar Place,33487,FL,sexrollpr@weibo.com
929,Caleb Andreu,7 Meadow Valley Terrace,20099,DC,candreups@wisc.edu
930,Ezmeralda Farnill,5 Raven Hill,20231,DC,efarnillpt@usatoday.com
931,Bastien Gresswell,1 Cody Crossing,20299,DC,bgresswellpu@fotki.com
932,Dacy Goburn,69 Ruskin Point,28256,NC,dgoburnpv@csmonitor.com
933,Brandyn O'Collopy,5349 Nevada Pass,44315,OH,bocollopypw@wisc.edu
934,Christophorus Pagen,5179 Farwell Plaza,31605,GA,cpagenpx@foxnews.com
935,Erin Grabert,4416 Basil Road,32412,FL,egrabertpy@ft.com
936,Arlen Howick,522 Bowman Road,77025,TX,ahowickpz@slideshare.net
937,Sidonia Calderbank,72553 Rockefeller Park,90081,CA,scalderbankq0@archive.org
938,Jeramie Maestro,2 Oak Circle,80235,CO,jmaestroq1@yahoo.co.jp
939,Jerrilyn Deards,181 Mandrake Center,32412,FL,jdeardsq2@flickr.com
940,Edgard Balducci,76479 Birchwood Hill,79905,TX,ebalducciq3@goo.gl
941,Bret Trivett,9 Vidon Way,38131,TN,btrivettq4@sphinn.com
942,Wendy Gillyett,4058 Lawn Plaza,95818,CA,wgillyettq5@ocn.ne.jp
943,Pierson Marsland,5323 Washington Plaza,55470,MN,pmarslandq6@furl.net
944,Gerrie Morlon,62803 Glacier Hill Center,15230,PA,gmorlonq7@sourceforge.net
945,Carol-jean Chastaing,6 Corben Hill,25326,WV,cchastaingq8@ucoz.ru
946,Delbert Legging,2859 Maple Wood Park,35295,AL,dleggingq9@ihg.com
947,Nels Bishopp,7797 Jay Street,93907,CA,nbishoppqa@blogs.com
948,Chancey Mallard,8 Walton Crossing,80279,CO,cmallardqb@moonfruit.com
949,Lucas Cattenach,3 Sugar Place,06854,CT,lcattenachqc@cornell.edu
950,Dougy Eddy,60949 Forest Park,84409,UT,deddyqd@apple.com
951,Crista Cominetti,93003 Nobel Terrace,32092,FL,ccominettiqe@webeden.co.uk
952,Laryssa Glisane,494 Jenifer Pass,78749,TX,lglisaneqf@biglobe.ne.jp
953,Odo Kinsett,33655 Coolidge Circle,73114,OK,okinsettqg@ovh.net
954,Patrizio Grimshaw,73413 Red Cloud Center,36622,AL,pgrimshawqh@about.me
955,Padget Garrit,98 Glacier Hill Place,33013,FL,pgarritqi@myspace.com
956,Barret Cartan,0 Mesta Crossing,21203,MD,bcartanqj@howstuffworks.com
957,Valentin Monkhouse,59 Texas Point,80161,CO,vmonkhouseqk@ycombinator.com
958,Carissa Genner,18396 South Center,20067,DC,cgennerql@devhub.com
959,Von Code,07 Shasta Trail,63121,MO,vcodeqm@weebly.com
960,Matthus Guillon,653 Clemons Hill,35220,AL,mguillonqn@behance.net
961,Mort Applewhaite,0444 Texas Place,92812,CA,mapplewhaiteqo@kickstarter.com
962,Kasper Waadenburg,646 Ohio Street,15240,PA,kwaadenburgqp@163.com
963,Xena How to preserve,57263 Gale Circle,15286,PA,xhowqq@mit.edu
964,Addy Giovanazzi,8205 Redwing Plaza,44485,OH,agiovanazziqr@berkeley.edu
965,Wilton Thorneywork,5 Londonderry Lane,98158,WA,wthorneyworkqs@ebay.com
966,Xenia Pawson,1815 Park Meadow Avenue,53285,WI,xpawsonqt@github.com
967,Kincaid Tranter,2 Upham Lane,44197,OH,ktranterqu@surveymonkey.com
968,Mavra Fishburn,7 Scoville Lane,11470,NY,mfishburnqv@illinois.edu
969,Glenden Nissle,65845 Norway Maple Trail,32225,FL,gnissleqw@fema.gov
970,Sigismundo Pie,838 Commercial Drive,68179,NE,spieqx@aboutads.info
971,Ozzie Ferreli,0 Buell Terrace,33467,FL,oferreliqy@lulu.com
972,Denna Malthus,92807 Macpherson Alley,80243,CO,dmalthusqz@dailymotion.com
973,Austina Bankhurst,63286 Colorado Point,55572,MN,abankhurstr0@about.com
974,Rennie Neilson,43 Waxwing Trail,30045,GA,rneilsonr1@gov.uk
975,Jephthah Cotgrave,96508 Little Fleur Park,84605,UT,jcotgraver2@webs.com
976,Bertram Glenwright,4235 Moland Junction,78405,TX,bglenwrightr3@amazon.com
977,Walden Cusworth,599 Scofield Court,32236,FL,wcusworthr4@list-manage.com
978,Maude Boncoeur,6 Ridgeview Place,22184,VA,mboncoeurr5@elegantthemes.com
979,Madison Matthewes,26 Badeau Drive,33777,FL,mmatthewesr6@mlb.com
980,Justin Carty,9 Butterfield Place,06160,CT,jcartyr7@twitter.com
981,Tam Meah,132 Kingsford Lane,45213,OH,tmeahr8@hao123.com
982,Jelene Pedler,8191 Grasskamp Court,10039,NY,jpedlerr9@eventbrite.com
983,Karine Fashion,40995 School Lane,21281,MD,kfashionra@ezinearticles.com
984,Stephenie Rolfi,5355 Manitowish Junction,31998,GA,srolfirb@vkontakte.ru
985,Jammal Broxholme,45 East Center,32230,FL,jbroxholmerc@bloglovin.com
986,Jeffrey Dellenty,86425 Sycamore Circle,39236,MS,jdellentyrd@netlog.com
987,Pietrek Cello,0120 Menomonie Terrace,52809,IA,pcellore@cocolog-nifty.com
988,Godiva Copley,35 Atwood Trail,62756,IL,gcopleyrf@arizona.edu
989,Ximenez Crome,776 Waxwing Parkway,85040,AZ,xcromerg@msn.com
990,Giorgia Halston,34233 Amoth Center,10292,NY,ghalstonrh@walmart.com
991,Hartwell Hovard,6750 Crescent Oaks Point,06705,CT,hhovardri@seattletimes.com
992,Simeon Tatlock,09 International Way,44393,OH,statlockrj@engadget.com
993,Anabel Mollon,2395 Crownhardt Crossing,85725,AZ,amollonrk@hibu.com
994,Gordy Lechelle,6 Vernon Drive,74126,OK,glechellerl@engadget.com
995,Morgen Argabrite,959 Farmco Hill,80045,CO,margabriterm@sciencedirect.com
996,Cathrin Sapp,477 Lake View Pass,93778,CA,csapprn@simplemachines.org
997,Graeme Luety,6718 Eliot Street,80217,CO,gluetyro@csmonitor.com
998,Rad MacAlinden,895 Schurz Pass,91103,CA,rmacalindenrp@newsvine.com
999,Catarina Prate,79 Springs Point,60624,IL,cpraterq@auda.org.au
1000,Chevalier Kynnd,82 Katie Place,93407,CA,ckynndrr@mashable.com
