id,name,address,zipcode,state,email
1,Asher Nanetti,7 Moose Terrace,85025,AZ,ananetti0@zdnet.com
2,Tarrance Manning,7 Morningstar Street,75044,TX,tmanning1@clickbank.net
3,Goddard Huyton,9 Banding Lane,80161,CO,ghuyton2@163.com
4,Petr Butfield,7584 Columbus Drive,14614,NY,pbutfield3@squidoo.com
5,Ardene Matterface,83 Pankratz Crossing,43610,OH,amatterface4@aboutads.info
6,Sheeree Pointon,8 Nevada Junction,93721,CA,spointon5@examiner.com
7,Gilbert Andriveau,5 Muir Drive,60669,IL,gandriveau6@angelfire.com
8,Jodi Minchindon,01 Kropf Junction,92640,CA,jminchindon7@yahoo.co.jp
9,Reta Meenan,61 Ludington Way,11220,NY,rmeenan8@wufoo.com
10,Maddy Dearing,8747 Anniversary Alley,20904,MD,mdearing9@youtu.be
11,Lulita Jaspar,73300 Goodland Parkway,32412,FL,ljaspara@who.int
12,Levin Nuscha,0 Towne Hill,01654,MA,lnuschab@seesaa.net
13,Philip Casajuana,66662 Jana Trail,34611,FL,pcasajuanac@unicef.org
14,Melanie McKerlie,556 Algoma Way,10115,NY,mmckerlied@mtv.com
15,Blakeley Ludovico,3379 Buena Vista Place,33169,FL,bludovicoe@trellian.com
16,Brooke Reddings,7 Carpenter Center,78475,TX,breddingsf@godaddy.com
17,Rurik Dubbin,698 Saint Paul Pass,02109,MA,rdubbing@example.com
18,Lacee Clethro,4391 Briar Crest Alley,39705,MS,lclethroh@pinterest.com
19,Shaw Kempstone,8 Heffernan Plaza,84115,UT,skempstonei@trellian.com
20,Nevil Guthrie,2 Erie Junction,94273,CA,nguthriej@sitemeter.com
21,Marysa McGorley,8143 Oak Valley Park,30066,GA,mmcgorleyk@census.gov
22,Sigrid Milella,15813 Cherokee Lane,71161,LA,smilellal@hao123.com
23,Agna Brunicke,8 Erie Circle,43226,OH,abrunickem@google.com
24,Claribel MacKerley,174 Eagan Street,94660,CA,cmackerleyn@mit.edu
25,Tyne Ansteys,039 Melvin Crossing,76016,TX,tansteyso@i2i.jp
26,Wendi Mengo,16826 Dahle Alley,24040,VA,wmengop@biglobe.ne.jp
27,Rossie Davenell,4267 Melrose Road,58106,ND,rdavenellq@squarespace.com
28,Clevey Mapstone,98819 Hagan Center,96840,HI,cmapstoner@ft.com
29,Tabatha Postins,1229 Maple Wood Park,84170,UT,tpostinss@nhs.uk
30,Gabi Bottelstone,6622 Badeau Road,24048,VA,gbottelstonet@redcross.org
31,Pauli Cassam,5 Sommers Crossing,96810,HI,pcassamu@phpbb.com
32,Madelin Flippini,490 Twin Pines Circle,95405,CA,mflippiniv@usatoday.com
33,Caryl Charter,3 Debs Way,45254,OH,ccharterw@seattletimes.com
34,Gweneth Morgue,48879 Parkside Park,75367,TX,gmorguex@163.com
35,Ilka Bednall,578 Sheridan Trail,19131,PA,ibednally@list-manage.com
36,Muffin Lamdin,87 Donald Alley,37995,TN,mlamdinz@examiner.com
37,Willetta Letford,545 Katie Crossing,95113,CA,wletford10@timesonline.co.uk
38,Marietta Jacobsson,71962 Stephen Court,39705,MS,mjacobsson11@gizmodo.com
39,Vannie Albany,5621 Meadow Vale Point,74126,OK,valbany12@about.com
40,Dacie Prangle,87932 School Avenue,49518,MI,dprangle13@google.com.hk
41,Sondra Jizhaki,05 Fieldstone Avenue,30195,GA,sjizhaki14@yellowpages.com
42,Magda Topper,29 Pleasure Drive,15279,PA,mtopper15@marriott.com
43,Malia Crane,30 Cherokee Junction,40591,KY,mcrane16@disqus.com
44,Silvano O'Canavan,312 Moland Circle,23605,VA,socanavan17@omniture.com
45,Corny Mougin,53 Vernon Pass,07112,NJ,cmougin18@barnesandnoble.com
46,Melania Reyburn,2986 Oak Valley Place,40287,KY,mreyburn19@merriam-webster.com
47,Erin Wolstencroft,661 Almo Point,94230,CA,ewolstencroft1a@godaddy.com
48,Isidora Bomfield,67563 Grim Trail,77228,TX,ibomfield1b@tmall.com
49,Rory Innocenti,8245 Rockefeller Center,94605,CA,rinnocenti1c@howstuffworks.com
50,Betta Nequest,39 Onsgard Road,64190,MO,bnequest1d@weather.com
51,Trista Lillegard,8 Northland Way,93399,CA,tlillegard1e@sphinn.com
52,Isidora Leask,060 Texas Circle,15255,PA,ileask1f@mlb.com
53,Aile Robun,5938 School Trail,20226,DC,arobun1g@statcounter.com
54,Orella Lowensohn,27 Bunker Hill Place,49518,MI,olowensohn1h@clickbank.net
55,Valera Melmeth,4353 Graceland Way,23663,VA,vmelmeth1i@java.com
56,Isabella Rennock,08049 Atwood Center,21265,MD,irennock1j@wikispaces.com
57,Richie Macbeth,7 Londonderry Drive,74108,OK,rmacbeth1k@edublogs.org
58,Aldin Oakenford,52 Derek Circle,98104,WA,aoakenford1l@simplemachines.org
59,Aleda Hartwell,238 High Crossing Trail,74133,OK,ahartwell1m@springer.com
60,Waylan Ruter,273 Stang Lane,80930,CO,wruter1n@earthlink.net
61,Rodolphe MacMenamy,7 Fuller Alley,59771,MT,rmacmenamy1o@prlog.org
62,Editha Bodimeade,5 Ramsey Hill,94237,CA,ebodimeade1p@tamu.edu
63,Cleon Van Driel,6353 Center Street,33111,FL,cvan1q@bandcamp.com
64,Goldia McKechnie,43241 Garrison Pass,92176,CA,gmckechnie1r@dropbox.com
65,Rickie Maryin,31 Cherokee Crossing,90087,CA,rmaryin1s@gizmodo.com
66,Stefan Matthius,96 Bartelt Terrace,34135,FL,smatthius1t@google.com.hk
67,Ernaline Gronav,852 Stone Corner Terrace,19120,PA,egronav1u@indiatimes.com
68,Guenevere Hengoed,56079 Sachs Place,80045,CO,ghengoed1v@jiathis.com
69,Olympe Lehr,70037 Petterle Plaza,47705,IN,olehr1w@aboutads.info
70,Peggie Whitland,13 Loftsgordon Park,85725,AZ,pwhitland1x@gmpg.org
71,Kippie Leall,70597 Thackeray Terrace,34102,FL,kleall1y@constantcontact.com
72,Rodd Caldera,1610 Kim Plaza,92648,CA,rcaldera1z@geocities.com
73,Aretha Hendricks,19741 Namekagon Trail,92191,CA,ahendricks20@bigcartel.com
74,Abbey Coldwell,54 Melvin Terrace,85062,AZ,acoldwell21@blogtalkradio.com
75,Madelon Cassedy,324 East Center,74149,OK,mcassedy22@photobucket.com
76,Case Whitticks,77586 Mcbride Crossing,33023,FL,cwhitticks23@archive.org
77,Kurtis McHenry,97830 Blaine Pass,87105,NM,kmchenry24@loc.gov
78,Cammi Mungin,58542 Monterey Point,32128,FL,cmungin25@youtube.com
79,Minne Wickmann,5 Memorial Court,47732,IN,mwickmann26@telegraph.co.uk
80,Josefa Preedy,6690 Porter Trail,48295,MI,jpreedy27@t.co
81,Jermayne Lawrinson,6379 Park Meadow Court,55166,MN,jlawrinson28@constantcontact.com
82,Georgeanna Pershouse,23 Tony Place,68517,NE,gpershouse29@ebay.co.uk
83,Dody de Aguirre,5 Jackson Terrace,27690,NC,dde2a@scribd.com
84,Shellie Mechic,38593 Dixon Trail,76147,TX,smechic2b@baidu.com
85,Glen Mawditt,1249 Kinsman Crossing,10120,NY,gmawditt2c@altervista.org
86,Hamlen Bellino,4 Vahlen Hill,12325,NY,hbellino2d@walmart.com
87,Gothart Cubuzzi,79205 Hallows Avenue,30336,GA,gcubuzzi2e@spotify.com
88,Georgette Revey,74 Basil Hill,10090,NY,grevey2f@gmpg.org
89,Casi Farran,4 Grasskamp Circle,32627,FL,cfarran2g@blogtalkradio.com
90,Christoffer Darleston,8 Dexter Road,74133,OK,cdarleston2h@craigslist.org
91,Cherilyn Limpenny,47 Packers Plaza,78265,TX,climpenny2i@upenn.edu
92,Flory Brandes,26 Forest Run Junction,38143,TN,fbrandes2j@reddit.com
93,Wynnie Fuxman,94178 Menomonie Way,76598,TX,wfuxman2k@tamu.edu
94,Catha Rosser,26 Prairie Rose Trail,33625,FL,crosser2l@oakley.com
95,Ketty Erbe,061 Shasta Junction,90060,CA,kerbe2m@histats.com
96,Sara Samart,8097 Weeping Birch Junction,75074,TX,ssamart2n@t-online.de
97,Moreen Glison,06750 Sauthoff Crossing,98195,WA,mglison2o@illinois.edu
98,Donnie Cottesford,663 Kropf Pass,08104,NJ,dcottesford2p@springer.com
99,Philly Selly,4 Dakota Trail,63121,MO,pselly2q@scientificamerican.com
100,Vance Joddins,98 Bultman Center,55448,MN,vjoddins2r@washington.edu
101,Nerita Parffrey,9574 Melrose Lane,43666,OH,nparffrey2s@gravatar.com
102,Gennifer Garz,0 Lerdahl Drive,55585,MN,ggarz2t@technorati.com
103,Linette Donizeau,76387 Lake View Court,48275,MI,ldonizeau2u@google.it
104,Ilise Fincher,92071 Canary Plaza,45264,OH,ifincher2v@webs.com
105,Ario Buncombe,97 Sugar Crossing,20425,DC,abuncombe2w@deviantart.com
106,Anabel Domingues,522 Eastlawn Road,77705,TX,adomingues2x@1und1.de
107,Lotty Gasking,35569 Ridge Oak Way,84403,UT,lgasking2y@mysql.com
108,Gerald Ellissen,4 Helena Crossing,98104,WA,gellissen2z@constantcontact.com
109,Jayme Uccelli,09 Ridgeway Point,55811,MN,juccelli30@gov.uk
110,Julienne Beare,38 Holy Cross Place,46805,IN,jbeare31@jiathis.com
111,Alison Dyers,84 Kim Hill,78215,TX,adyers32@skype.com
112,Randie Domeney,47 South Alley,93778,CA,rdomeney33@uol.com.br
113,Winonah Tromans,0 Manitowish Point,19104,PA,wtromans34@free.fr
114,Kendre Treece,071 Mockingbird Street,91328,CA,ktreece35@shutterfly.com
115,Samuele Stronghill,44 Paget Drive,79605,TX,sstronghill36@boston.com
116,Eustace Phythean,66 Iowa Trail,98104,WA,ephythean37@bloomberg.com
117,Darci Douberday,65676 Browning Avenue,85743,AZ,ddouberday38@upenn.edu
118,Janenna Chuter,99 Forest Run Point,15266,PA,jchuter39@cloudflare.com
119,Nefen Boundley,4 Pepper Wood Circle,95128,CA,nboundley3a@discovery.com
120,Gerladina Kensy,10310 Kensington Drive,10014,NY,gkensy3b@ftc.gov
121,Ashby aManger,45 Raven Drive,10004,NY,aamanger3c@bizjournals.com
122,Micaela Kelsey,5335 Rowland Plaza,55123,MN,mkelsey3d@behance.net
123,Codi Folke,44 Morrow Court,11210,NY,cfolke3e@i2i.jp
124,Kearney L'Episcopio,9 Heath Pass,25356,WV,klepiscopio3f@chicagotribune.com
125,Cyril Knill,851 Mccormick Hill,90055,CA,cknill3g@squarespace.com
126,Berkie Kohrs,0 Coleman Street,94705,CA,bkohrs3h@bandcamp.com
127,Georgie Wright,7 Dahle Park,98664,WA,gwright3i@telegraph.co.uk
128,Jennifer Digger,5920 Saint Paul Plaza,77266,TX,jdigger3j@domainmarket.com
129,Agatha Porrett,799 Superior Drive,55470,MN,aporrett3k@cnbc.com
130,Godfry Persitt,79 Corben Alley,43615,OH,gpersitt3l@constantcontact.com
131,Paulette Longford,897 Iowa Crossing,02453,MA,plongford3m@ning.com
132,Klemens Lantaph,44442 Buena Vista Crossing,77050,TX,klantaph3n@jiathis.com
133,Quinta Aspling,30 Barnett Parkway,10009,NY,qaspling3o@yellowpages.com
134,Romola Herche,9624 Express Trail,32605,FL,rherche3p@ibm.com
135,Dewain Payfoot,4 Superior Avenue,17121,PA,dpayfoot3q@xrea.com
136,Inglis Kirkland,3845 Fair Oaks Junction,96815,HI,ikirkland3r@yellowpages.com
137,Gerry Bliben,26 Fisk Parkway,23504,VA,gbliben3s@trellian.com
138,Gasper Huddlestone,7380 Eagle Crest Junction,33164,FL,ghuddlestone3t@ycombinator.com
139,Desirae Sumnall,203 Reinke Junction,20508,DC,dsumnall3u@delicious.com
140,Kenton Potapczuk,4 Springs Parkway,36628,AL,kpotapczuk3v@imageshack.us
141,Matti Chene,5 Badeau Crossing,84135,UT,mchene3w@washingtonpost.com
142,Marven Chasemore,957 Grasskamp Place,99512,AK,mchasemore3x@rakuten.co.jp
143,Henriette Beniesh,233 Hoard Junction,10165,NY,hbeniesh3y@wordpress.org
144,Janie Meeus,557 Troy Terrace,27157,NC,jmeeus3z@bluehost.com
145,Kenyon Labrow,1 Welch Circle,88574,TX,klabrow40@blinklist.com
146,Tucky Ratter,4 Kenwood Crossing,27658,NC,tratter41@bing.com
147,Emmy Van Castele,7 Eastwood Plaza,23612,VA,evan42@bloomberg.com
148,Bibby Chasmar,77 Clyde Gallagher Crossing,80005,CO,bchasmar43@wix.com
149,Letti Pineaux,013 Prairieview Trail,29220,SC,lpineaux44@woothemes.com
150,Brynn Maass,38 Hollow Ridge Avenue,75605,TX,bmaass45@alibaba.com
151,Dewitt Jeandillou,762 New Castle Way,43699,OH,djeandillou46@nhs.uk
152,Nada Gartsyde,550 Stuart Junction,86305,AZ,ngartsyde47@jiathis.com
153,Filide Garie,37156 Glendale Road,38181,TN,fgarie48@usda.gov
154,Moselle Vannoort,4646 Hoffman Place,44105,OH,mvannoort49@sphinn.com
155,Elinor Joddens,1517 Rigney Junction,78044,TX,ejoddens4a@uiuc.edu
156,Lizzie Byway,3 Moland Road,11054,NY,lbyway4b@bizjournals.com
157,Pall Scoffham,35 Melby Court,10454,NY,pscoffham4c@instagram.com
158,Yvonne Kiledal,96009 Continental Trail,68505,NE,ykiledal4d@yandex.ru
159,Dawna Awin,83201 Mosinee Street,90060,CA,dawin4e@drupal.org
160,Ellene Handman,0079 Dunning Court,10004,NY,ehandman4f@netvibes.com
161,Bibi Drayson,929 Jana Street,76544,TX,bdrayson4g@statcounter.com
162,Natassia Leonarde,4524 Stang Terrace,80305,CO,nleonarde4h@google.ca
163,Marna Ebunoluwa,980 Larry Terrace,75062,TX,mebunoluwa4i@ox.ac.uk
164,Kasey Yearnsley,1057 Kedzie Way,95219,CA,kyearnsley4j@samsung.com
165,Othilia Sharphurst,35 Barnett Street,55446,MN,osharphurst4k@homestead.com
166,Reinwald Duckers,221 Shasta Plaza,61635,IL,rduckers4l@usnews.com
167,Candida Kiddie,09 Springview Center,27415,NC,ckiddie4m@wunderground.com
168,Rawley Pecht,52 Derek Terrace,90405,CA,rpecht4n@shop-pro.jp
169,Raleigh Neeves,4836 Arapahoe Drive,79999,TX,rneeves4o@va.gov
170,Lyndy Stonebridge,2 Eastwood Drive,83405,ID,lstonebridge4p@bigcartel.com
171,Clemmy Bondesen,69 Rusk Drive,60681,IL,cbondesen4q@homestead.com
172,Brittni Nockles,17 Oriole Hill,78285,TX,bnockles4r@bbb.org
173,Tani Seivertsen,54 Toban Pass,80525,CO,tseivertsen4s@weather.com
174,Halette Romans,08757 Pawling Center,78426,TX,hromans4t@comcast.net
175,Tibold Defries,404 Mayer Park,93407,CA,tdefries4u@telegraph.co.uk
176,Ruprecht Frissell,43 Hansons Circle,39305,MS,rfrissell4v@woothemes.com
177,Milty Walworche,6043 Kropf Hill,28205,NC,mwalworche4w@taobao.com
178,Verla Labusquiere,90 Canary Way,70815,LA,vlabusquiere4x@sciencedirect.com
179,Kev Woodgate,48372 Lotheville Street,28220,NC,kwoodgate4y@shutterfly.com
180,Bernetta Callway,66647 Grasskamp Court,24009,VA,bcallway4z@boston.com
181,Iver Venneur,7 Amoth Drive,90805,CA,ivenneur50@sphinn.com
182,Tomkin Jaquiss,2443 Helena Pass,74133,OK,tjaquiss51@dagondesign.com
183,Derick Bottlestone,69624 East Avenue,46226,IN,dbottlestone52@harvard.edu
184,Sarita Bezarra,1 Cordelia Way,28405,NC,sbezarra53@cdc.gov
185,Elliott Bernaldo,62 1st Plaza,33315,FL,ebernaldo54@infoseek.co.jp
186,Madison Bollini,23 Reindahl Parkway,07310,NJ,mbollini55@dropbox.com
187,Judye Farquhar,1278 Chive Junction,77705,TX,jfarquhar56@aboutads.info
188,Leanna Belliveau,93 Blackbird Court,73071,OK,lbelliveau57@twitpic.com
189,Mada Mixon,60835 Sage Alley,32209,FL,mmixon58@wordpress.com
190,Wenonah Robbings,2 Maywood Circle,19115,PA,wrobbings59@intel.com
191,Wald Heifer,21 Marquette Hill,39236,MS,wheifer5a@sfgate.com
192,Donalt Ciciari,19987 Springs Crossing,12232,NY,dciciari5b@sciencedirect.com
193,Bond Briddle,438 Hanson Center,94913,CA,bbriddle5c@army.mil
194,Ewart Fayerman,31 Jana Alley,44555,OH,efayerman5d@cdc.gov
195,Ev Thompstone,01967 Bunker Hill Hill,77844,TX,ethompstone5e@sohu.com
196,Lynnette Sermin,122 Russell Pass,32128,FL,lsermin5f@gov.uk
197,Trixy Mora,455 Vera Center,75260,TX,tmora5g@ebay.com
198,Wesley Ringham,7 Merry Avenue,15215,PA,wringham5h@ning.com
199,Mischa Rylands,22561 Village Green Trail,23605,VA,mrylands5i@prlog.org
200,Roland Bediss,5806 Scoville Street,46226,IN,rbediss5j@blogs.com
201,Kari Bullin,4 Macpherson Road,12255,NY,kbullin5k@mashable.com
202,Candis Prester,1807 Surrey Place,27626,NC,cprester5l@yahoo.com
203,Diahann Sybry,54 Kinsman Road,20397,DC,dsybry5m@printfriendly.com
204,Martita Hengoed,28274 Mallory Park,20430,DC,mhengoed5n@examiner.com
205,Caresse Eaden,1470 Summit Plaza,36610,AL,ceaden5o@tamu.edu
206,Teresa Geill,43068 Farragut Court,33158,FL,tgeill5p@pcworld.com
207,Shalna Egle,69 Arapahoe Alley,84605,UT,segle5q@yellowbook.com
208,Drusi McClaughlin,49556 Fairview Park,48267,MI,dmcclaughlin5r@is.gd
209,Dix McIntee,95 Dawn Crossing,43284,OH,dmcintee5s@xing.com
210,Robers Twohig,4 Comanche Junction,74149,OK,rtwohig5t@ow.ly
211,Goddard Chisman,868 Goodland Street,32590,FL,gchisman5u@bbb.org
212,Hamid Gerbi,76 Burning Wood Road,13251,NY,hgerbi5v@mit.edu
213,Gwenette Grafton-Herbert,48328 Clove Junction,33620,FL,ggraftonherbert5w@apple.com
214,Olav Parncutt,9 Charing Cross Hill,18763,PA,oparncutt5x@sciencedaily.com
215,Eda Packman,991 Pawling Point,21211,MD,epackman5y@guardian.co.uk
216,Dorise McTurley,5 Buhler Lane,21705,MD,dmcturley5z@aol.com
217,Alene Tackett,6 Sherman Road,85284,AZ,atackett60@sakura.ne.jp
218,Sara-ann Hellin,996 Esch Center,45228,OH,shellin61@wiley.com
219,Pammi Richold,347 Lunder Alley,22184,VA,prichold62@twitter.com
220,Manda Burriss,50 Prentice Avenue,96154,CA,mburriss63@state.gov
221,Thayne Beatens,52432 Buhler Street,32835,FL,tbeatens64@about.me
222,Kari Gloster,62642 Hagan Plaza,28242,NC,kgloster65@trellian.com
223,Timoteo Scamerdine,30 Forest Dale Pass,45249,OH,tscamerdine66@cornell.edu
224,Kassandra Greder,8 Raven Alley,88558,TX,kgreder67@wikispaces.com
225,Thaine D'Agostini,1 Mendota Hill,89036,NV,tdagostini68@vistaprint.com
226,Rabbi Cowcha,3 Pennsylvania Circle,72209,AR,rcowcha69@4shared.com
227,Kinnie Jacklings,8527 Northfield Junction,10120,NY,kjacklings6a@pagesperso-orange.fr
228,Marleen Lambourn,25 Northport Junction,23272,VA,mlambourn6b@ted.com
229,Jedediah Clemon,13 Glacier Hill Plaza,06127,CT,jclemon6c@cam.ac.uk
230,Farr Guilayn,31 Sunnyside Hill,13505,NY,fguilayn6d@nymag.com
231,Tammi Duffield,79 Maywood Way,92717,CA,tduffield6e@histats.com
232,Gavan Downey,14516 Straubel Court,45440,OH,gdowney6f@smh.com.au
233,Nicolina Parken,47464 Mockingbird Alley,14652,NY,nparken6g@google.it
234,Felic Garms,7 Sugar Hill,46620,IN,fgarms6h@bloglovin.com
235,Jan Kelbie,87949 Harbort Point,58207,ND,jkelbie6i@wix.com
236,Vachel McWhan,63 Hermina Crossing,07208,NJ,vmcwhan6j@buzzfeed.com
237,Averil Lorain,84630 Manufacturers Pass,75221,TX,alorain6k@dailymotion.com
238,Feliza MacCoughen,120 Warbler Circle,17140,PA,fmaccoughen6l@imgur.com
239,Chanda Herreros,5859 Hudson Plaza,03804,NH,cherreros6m@salon.com
240,Mill Fulstow,02 Vermont Alley,67215,KS,mfulstow6n@businessweek.com
241,Ingemar Buff,012 Logan Avenue,83705,ID,ibuff6o@scientificamerican.com
242,Cal Muffen,1774 Aberg Lane,45218,OH,cmuffen6p@china.com.cn
243,Manolo Parish,965 Arkansas Lane,34238,FL,mparish6q@seattletimes.com
244,Ted Witterick,69969 Knutson Road,80243,CO,twitterick6r@sohu.com
245,Nicolais Pile,31423 Warrior Drive,66160,KS,npile6s@infoseek.co.jp
246,Billy Peak,65 Holmberg Way,35295,AL,bpeak6t@surveymonkey.com
247,Tracey Demangeot,5829 Haas Trail,02216,MA,tdemangeot6u@lulu.com
248,Ange Bellew,1538 Sachs Avenue,02114,MA,abellew6v@mtv.com
249,Rahal Seres,57 Claremont Point,33064,FL,rseres6w@ow.ly
250,Cynthea Northleigh,8769 Marquette Street,33432,FL,cnorthleigh6x@theatlantic.com
251,Trista Blackstock,9427 International Pass,48267,MI,tblackstock6y@tinypic.com
252,Venus Nevison,326 Schurz Way,61635,IL,vnevison6z@usgs.gov
253,Ted Riedel,82773 Reindahl Lane,14263,NY,triedel70@paypal.com
254,Cody Pedrielli,39 Clove Place,50315,IA,cpedrielli71@myspace.com
255,Mikel Grindell,810 Atwood Alley,62756,IL,mgrindell72@stumbleupon.com
256,Madel Manson,6711 Sunfield Center,40596,KY,mmanson73@dion.ne.jp
257,Marianne Scutt,38014 Butternut Park,37665,TN,mscutt74@mashable.com
258,Justinian Hartly,913 Hoard Lane,34665,FL,jhartly75@webnode.com
259,Lena Southwell,1 Buena Vista Hill,36628,AL,lsouthwell76@sitemeter.com
260,Elfie Jeafferson,18 Mariners Cove Park,64199,MO,ejeafferson77@mapy.cz
261,Kristin Peterkin,44743 Surrey Street,95833,CA,kpeterkin78@state.tx.us
262,Camel Sarfas,7614 Forest Run Lane,77713,TX,csarfas79@woothemes.com
263,Jackelyn Walhedd,99634 Warrior Junction,33147,FL,jwalhedd7a@prlog.org
264,Heywood Gopsall,39022 Anzinger Terrace,31410,GA,hgopsall7b@rambler.ru
265,Ozzie McEntagart,27868 Fordem Plaza,66220,KS,omcentagart7c@over-blog.com
266,Eadith Petlyura,92766 Donald Drive,44310,OH,epetlyura7d@issuu.com
267,Netti Chazotte,86412 Lien Street,06510,CT,nchazotte7e@google.nl
268,Mortimer Charlwood,6 Hallows Park,29411,SC,mcharlwood7f@utexas.edu
269,Marvin Goodyer,01 Hoard Place,78255,TX,mgoodyer7g@netlog.com
270,Christie Baudi,8 East Crossing,87121,NM,cbaudi7h@dropbox.com
271,Dom Yardley,6149 6th Lane,76121,TX,dyardley7i@slate.com
272,Fonz Blundin,880 American Crossing,32825,FL,fblundin7j@webeden.co.uk
273,Nevin Spong,42509 Forest Dale Junction,20189,VA,nspong7k@eepurl.com
274,Ernesta Heintze,08200 Sugar Junction,27635,NC,eheintze7l@example.com
275,Gerhardt Currey,31698 Huxley Crossing,32236,FL,gcurrey7m@dion.ne.jp
276,Edsel Aguirrezabal,1441 Weeping Birch Trail,20195,VA,eaguirrezabal7n@t-online.de
277,Graehme Hinchshaw,0 Heath Park,19120,PA,ghinchshaw7o@buzzfeed.com
278,Cami Plumb,05629 Scoville Way,11215,NY,cplumb7p@artisteer.com
279,Alexio Drinan,827 Katie Circle,77010,TX,adrinan7q@reverbnation.com
280,Marc Isard,9 Transport Parkway,46699,IN,misard7r@columbia.edu
281,Staffard Townby,5 Luster Pass,35231,AL,stownby7s@hud.gov
282,Dane Eakle,3282 Homewood Way,93591,CA,deakle7t@cpanel.net
283,Arron Slimming,02640 Oriole Crossing,64114,MO,aslimming7u@moonfruit.com
284,Weston Ivell,70 Gerald Trail,33180,FL,wivell7v@amazonaws.com
285,Courtney Duff,40 Moose Park,60630,IL,cduff7w@tuttocitta.it
286,Roma Ghelardi,9674 Little Fleur Place,25362,WV,rghelardi7x@xinhuanet.com
287,Marj Mellers,612 Summer Ridge Street,66205,KS,mmellers7y@goodreads.com
288,Donn Perrygo,25713 Bartillon Crossing,46857,IN,dperrygo7z@theatlantic.com
289,Stuart Broune,4817 Melby Parkway,92127,CA,sbroune80@multiply.com
290,Berrie Boyat,57 Mandrake Street,14215,NY,bboyat81@harvard.edu
291,Giulietta Magson,50391 Algoma Place,98516,WA,gmagson82@dion.ne.jp
292,Chrystel Whiley,77 Dixon Circle,40510,KY,cwhiley83@trellian.com
293,Shaylah Baake,800 Burning Wood Pass,73147,OK,sbaake84@howstuffworks.com
294,Elisabeth Keach,864 Sunnyside Center,73129,OK,ekeach85@photobucket.com
295,Clayborne Severn,755 Oriole Trail,53405,WI,csevern86@1und1.de
296,Cindy McCreary,31031 Melvin Crossing,07305,NJ,cmccreary87@un.org
297,Rafaellle Gheeorghie,08 Shoshone Avenue,44185,OH,rgheeorghie88@telegraph.co.uk
298,Jenine Vela,81 Doe Crossing Crossing,37665,TN,jvela89@themeforest.net
299,Kathryn Mellows,281 Sullivan Avenue,64130,MO,kmellows8a@cdbaby.com
300,Murvyn Garment,0305 Cordelia Terrace,23459,VA,mgarment8b@etsy.com
301,Stefa Veschi,90 Dovetail Parkway,19495,PA,sveschi8c@java.com
302,Caresa Joust,7 Jay Drive,30195,GA,cjoust8d@163.com
303,Brittney Rowsell,31223 Fuller Crossing,27455,NC,browsell8e@opensource.org
304,Kippar Swyer,3 Del Sol Parkway,48912,MI,kswyer8f@ca.gov
305,Frasquito Marples,20855 Hollow Ridge Alley,95123,CA,fmarples8g@creativecommons.org
306,Cecelia Iggulden,6 Clove Road,48604,MI,ciggulden8h@homestead.com
307,Jeane Dawley,77248 Merry Terrace,55598,MN,jdawley8i@wunderground.com
308,Joelie Robbert,9 Raven Circle,10260,NY,jrobbert8j@state.gov
309,Magnum Clashe,484 Anthes Trail,93794,CA,mclashe8k@gnu.org
310,Yoko Urch,6526 Utah Avenue,98907,WA,yurch8l@google.nl
311,Lonnard Meenan,5 6th Place,46226,IN,lmeenan8m@netvibes.com
312,Melissa Hellmore,9 Shoshone Street,80525,CO,mhellmore8n@odnoklassniki.ru
313,Bertrand Scarr,6043 Tomscot Alley,27150,NC,bscarr8o@over-blog.com
314,Mireille Boorman,144 Union Plaza,20525,DC,mboorman8p@tripadvisor.com
315,Keelby Dominetti,084 Darwin Place,66642,KS,kdominetti8q@multiply.com
316,Kane Cleugh,6856 Prairie Rose Center,60567,IL,kcleugh8r@goodreads.com
317,Cole Sarrell,541 Mallard Circle,98121,WA,csarrell8s@auda.org.au
318,Irvine Grevatt,7180 Bluestem Circle,35236,AL,igrevatt8t@fema.gov
319,Teodor Collabine,5 7th Junction,22313,VA,tcollabine8u@live.com
320,Cinderella Penkman,91635 Upham Street,28225,NC,cpenkman8v@slashdot.org
321,Mortimer O'Dee,20883 Iowa Plaza,84605,UT,modee8w@gmpg.org
322,Rodge Pulfer,06 Superior Street,45490,OH,rpulfer8x@dmoz.org
323,Grissel Eberts,29 Claremont Road,68134,NE,geberts8y@unesco.org
324,Crystal Siehard,3078 5th Park,11225,NY,csiehard8z@sbwire.com
325,Sal Casolla,4 High Crossing Street,20551,DC,scasolla90@amazon.de
326,Angelia Stranio,063 Arrowood Avenue,04109,ME,astranio91@paginegialle.it
327,Lesley Bims,434 Pine View Center,89074,NV,lbims92@privacy.gov.au
328,Rochelle Oldaker,0420 Mcbride Lane,93094,CA,roldaker93@columbia.edu
329,Manon Hargie,878 Sycamore Parkway,68134,NE,mhargie94@statcounter.com
330,Tuck Cartin,0212 Farmco Circle,46867,IN,tcartin95@ucoz.com
331,Rosalinda Ciccottini,438 Eastlawn Crossing,31165,GA,rciccottini96@amazonaws.com
332,Wynn Palay,26 Monument Drive,30358,GA,wpalay97@hexun.com
333,Quillan Marchington,6404 Melvin Court,38104,TN,qmarchington98@hubpages.com
334,Esme Torresi,70929 Sullivan Junction,30033,GA,etorresi99@cdc.gov
335,Berkie Prevett,3597 Russell Hill,79940,TX,bprevett9a@businessweek.com
336,Andrei Toten,062 Donald Avenue,91131,CA,atoten9b@parallels.com
337,Sasha Tatterton,269 Marquette Road,91205,CA,statterton9c@nymag.com
338,Lorain Lorenzo,58 Lien Junction,97229,OR,llorenzo9d@wikipedia.org
339,Goddart Hansemann,0561 Armistice Hill,80015,CO,ghansemann9e@yellowpages.com
340,Obadias Lovell,48 Moland Street,27610,NC,olovell9f@e-recht24.de
341,Nanette Brinsden,023 Bluejay Plaza,90010,CA,nbrinsden9g@tamu.edu
342,Nelle Champion,81396 Fulton Way,20067,DC,nchampion9h@indiegogo.com
343,Richart Manilove,57491 Montana Hill,89110,NV,rmanilove9i@auda.org.au
344,Burty Scading,403 Dorton Center,32277,FL,bscading9j@elegantthemes.com
345,Ashli Stonelake,9 Utah Point,76121,TX,astonelake9k@hubpages.com
346,Ashly Lemarie,447 Grover Terrace,91186,CA,alemarie9l@infoseek.co.jp
347,Ferdinande Victoria,79 Wayridge Junction,75037,TX,fvictoria9m@php.net
348,Teddy Buntin,56924 Tennyson Park,95865,CA,tbuntin9n@i2i.jp
349,Klara Cornforth,40 Havey Crossing,20442,DC,kcornforth9o@histats.com
350,Theodor McAsgill,5 Prentice Plaza,64160,MO,tmcasgill9p@sogou.com
351,Yance Ridsdale,0 Maple Park,45403,OH,yridsdale9q@aol.com
352,Romy Bunclark,0656 Express Plaza,89166,NV,rbunclark9r@tiny.cc
353,Francklin MacCourt,09092 Grim Court,33715,FL,fmaccourt9s@eepurl.com
354,Mala Wardroper,650 Donald Point,40581,KY,mwardroper9t@plala.or.jp
355,Marijo McAllaster,2165 Grover Circle,36195,AL,mmcallaster9u@illinois.edu
356,Burg Munt,790 Manley Plaza,19131,PA,bmunt9v@spiegel.de
357,Thorin Belison,40855 Mosinee Street,62756,IL,tbelison9w@purevolume.com
358,Lion Klas,8 Blaine Crossing,20580,DC,lklas9x@google.it
359,Neall Kmietsch,31 Straubel Court,77713,TX,nkmietsch9y@biglobe.ne.jp
360,Lorry Sansum,438 Jackson Way,85305,AZ,lsansum9z@w3.org
361,Grannie Wisdish,1963 Knutson Point,44905,OH,gwisdisha0@shop-pro.jp
362,Elvera Lanchbury,45643 International Circle,27605,NC,elanchburya1@disqus.com
363,Kennan Hammerman,5 Claremont Drive,85743,AZ,khammermana2@naver.com
364,Marisa Emmerson,87674 Coleman Place,91841,CA,memmersona3@scientificamerican.com
365,Lyndsie Featherbie,92 Columbus Junction,79928,TX,lfeatherbiea4@usa.gov
366,Ransom Goss,7 Gina Junction,34665,FL,rgossa5@rakuten.co.jp
367,Mendel St Leger,2 Tomscot Court,48232,MI,msta6@ucla.edu
368,Luce Ferran,91 Linden Alley,34611,FL,lferrana7@hatena.ne.jp
369,Emyle Nobbs,137 Schurz Park,91520,CA,enobbsa8@addtoany.com
370,Etan Vinick,4 Logan Court,44197,OH,evinicka9@zdnet.com
371,Ertha Rulf,1 Utah Pass,33961,FL,erulfaa@devhub.com
372,Danie Mandry,821 Mesta Road,79491,TX,dmandryab@cnbc.com
373,Dasya Sykora,5 Union Park,79916,TX,dsykoraac@senate.gov
374,Gustaf Ciccottio,42 Debs Place,33169,FL,gciccottioad@arizona.edu
375,Jasun Gringley,87810 Del Sol Drive,23471,VA,jgringleyae@umn.edu
376,Niki Tailour,37 Buhler Way,01105,MA,ntailouraf@miitbeian.gov.cn
377,Pierson Asel,956 Tennessee Hill,47737,IN,paselag@stanford.edu
378,Lucie Phippen,15 Independence Circle,72215,AR,lphippenah@washington.edu
379,Ax Hungerford,9 Farmco Pass,68105,NE,ahungerfordai@diigo.com
380,Peyter Cancott,6017 Luster Road,36109,AL,pcancottaj@ox.ac.uk
381,Jase Bruni,6 Mockingbird Terrace,37131,TN,jbruniak@blogger.com
382,Sorcha Bunnell,84073 New Castle Circle,17126,PA,sbunnellal@narod.ru
383,Aldon Derrington,565 Buena Vista Hill,77035,TX,aderringtonam@oaic.gov.au
384,Jessica Haskett,149 Tony Hill,30306,GA,jhaskettan@addtoany.com
385,Georgia Mabbe,3 Cherokee Park,47747,IN,gmabbeao@google.com.au
386,Cristy Mee,4 Paget Terrace,62705,IL,cmeeap@qq.com
387,Hayley Younghusband,5 Waxwing Park,92145,CA,hyounghusbandaq@ning.com
388,Andy Shead,4 Parkside Crossing,47737,IN,asheadar@imdb.com
389,Corabelle Gately,7502 Talmadge Street,20420,DC,cgatelyas@usa.gov
390,Aimee Ormrod,0159 Springs Drive,11231,NY,aormrodat@wiley.com
391,Sal Gillet,28 Longview Pass,83757,ID,sgilletau@msu.edu
392,Grissel Benech,121 Merchant Trail,33811,FL,gbenechav@blog.com
393,Collie Cogley,174 Clyde Gallagher Crossing,94291,CA,ccogleyaw@is.gd
394,Alis Zorro,85 Harper Circle,98166,WA,azorroax@canalblog.com
395,Simonette Iddon,9 International Place,99517,AK,siddonay@nbcnews.com
396,Rakel Bilsborrow,0 Westport Plaza,77040,TX,rbilsborrowaz@sourceforge.net
397,Glyn Grice,9 Hagan Court,92862,CA,ggriceb0@army.mil
398,Goddard Callf,37343 Hoard Trail,33405,FL,gcallfb1@symantec.com
399,Laurel Seeman,4 Stephen Trail,30380,GA,lseemanb2@mail.ru
400,Giusto Pucknell,19 Springview Crossing,94627,CA,gpucknellb3@photobucket.com
401,Adah Christescu,65 Meadow Ridge Crossing,28263,NC,achristescub4@ucla.edu
402,Tommy Burnham,61657 Arrowood Terrace,61605,IL,tburnhamb5@sciencedaily.com
403,Klemens Newvill,4757 Fieldstone Parkway,08608,NJ,knewvillb6@issuu.com
404,Cleon Engelbrecht,530 Corben Trail,60674,IL,cengelbrechtb7@slate.com
405,Catha Worge,649 Sutteridge Junction,08638,NJ,cworgeb8@hc360.com
406,Corny Jordison,06 Myrtle Park,20425,DC,cjordisonb9@time.com
407,Rosy Yeabsley,0097 Harper Trail,19886,DE,ryeabsleyba@usda.gov
408,Zared Rushbury,12 5th Park,06905,CT,zrushburybb@forbes.com
409,Noami Blakeborough,1971 Bluejay Junction,29605,SC,nblakeboroughbc@usda.gov
410,Nessi Kinsell,2325 Lerdahl Point,20409,DC,nkinsellbd@harvard.edu
411,Matias Tasseler,099 Riverside Junction,62764,IL,mtasselerbe@fema.gov
412,Merissa Gladtbach,2 Morrow Place,67236,KS,mgladtbachbf@wisc.edu
413,Alyssa Fennelow,7 Dakota Circle,01114,MA,afennelowbg@wp.com
414,Cordell Lombardo,4783 Saint Paul Circle,01813,MA,clombardobh@qq.com
415,Alli Leetham,373 Kipling Trail,97221,OR,aleethambi@cmu.edu
416,Moe Benedyktowicz,96 Jenna Drive,84403,UT,mbenedyktowiczbj@joomla.org
417,Emile Morley,6791 Hallows Street,61110,IL,emorleybk@webeden.co.uk
418,Fidela Kaspar,4 Corry Lane,70894,LA,fkasparbl@patch.com
419,Dexter Pickering,49 Dakota Drive,80209,CO,dpickeringbm@cnet.com
420,Benedikta Hawley,89226 Iowa Hill,48098,MI,bhawleybn@slashdot.org
421,Emmerich MacCarrick,259 Bobwhite Parkway,11254,NY,emaccarrickbo@cbslocal.com
422,Billie Phant,5734 Arkansas Crossing,80045,CO,bphantbp@privacy.gov.au
423,Kimberlyn Hubbuck,61 Schurz Crossing,78732,TX,khubbuckbq@jugem.jp
424,Elvira Danilchenko,29 Pleasure Avenue,94245,CA,edanilchenkobr@wired.com
425,Hobey Bratchell,2375 Myrtle Center,25705,WV,hbratchellbs@unc.edu
426,Lanie Gauge,476 Express Drive,50335,IA,lgaugebt@dion.ne.jp
427,Zora Parsisson,26659 Knutson Point,06606,CT,zparsissonbu@foxnews.com
428,Lucita Placido,6 Prentice Pass,35905,AL,lplacidobv@slate.com
429,Jehu Chainey,3540 Springview Crossing,11241,NY,jchaineybw@digg.com
430,Samuele Tothacot,9679 Trailsway Drive,19805,DE,stothacotbx@theglobeandmail.com
431,Ira Westmarland,8 Mayfield Junction,20442,DC,iwestmarlandby@timesonline.co.uk
432,Samson Matous,15 Atwood Avenue,70815,LA,smatousbz@wired.com
433,Hana Baskerfield,1380 Iowa Court,10474,NY,hbaskerfieldc0@artisteer.com
434,Grove Balme,059 Shelley Alley,33758,FL,gbalmec1@google.es
435,Son Oene,92729 Fair Oaks Plaza,32808,FL,soenec2@stanford.edu
436,Fernanda Gosse,180 Merrick Center,45228,OH,fgossec3@aol.com
437,Merissa Rijkeseis,89 Tony Circle,72916,AR,mrijkeseisc4@bizjournals.com
438,Daffie Adolthine,55505 Graceland Alley,80951,CO,dadolthinec5@slate.com
439,Nelle Matis,8948 Vahlen Street,92805,CA,nmatisc6@miitbeian.gov.cn
440,Melody Trott,7 Sugar Park,85305,AZ,mtrottc7@hibu.com
441,Amie Hadny,08 Artisan Alley,11241,NY,ahadnyc8@chron.com
442,Lucina Mynett,59 Mayer Way,80925,CO,lmynettc9@dmoz.org
443,Goraud Bowdidge,30538 Tennyson Crossing,90005,CA,gbowdidgeca@nature.com
444,Adriana Jerdein,2634 Washington Alley,55805,MN,ajerdeincb@mapquest.com
445,Kerwinn Shortin,410 Lakewood Gardens Park,94169,CA,kshortincc@japanpost.jp
446,Rosetta Dunstall,914 Warner Plaza,31296,GA,rdunstallcd@oaic.gov.au
447,Mag Elleyne,5 Union Court,13224,NY,melleynece@facebook.com
448,Prudy Tiesman,6 Prairie Rose Point,31136,GA,ptiesmancf@feedburner.com
449,Rahel Lademann,58354 Declaration Pass,31210,GA,rlademanncg@com.com
450,Hana Grastye,8019 Forest Circle,87195,NM,hgrastyech@qq.com
451,Nanine Norvill,8118 Oakridge Way,43666,OH,nnorvillci@nationalgeographic.com
452,Micheline Burrows,05 Fairview Court,40546,KY,mburrowscj@answers.com
453,Jermayne Barkhouse,748 Fair Oaks Street,25726,WV,jbarkhouseck@phpbb.com
454,Godiva Klicher,0 Atwood Circle,77554,TX,gklichercl@github.com
455,Bess Shipp,52689 Sutteridge Crossing,75231,TX,bshippcm@twitpic.com
456,Clareta MacAloren,44507 Melby Point,38131,TN,cmacalorencn@wix.com
457,Kizzie Runciman,663 Norway Maple Road,95823,CA,kruncimanco@taobao.com
458,Waverley Sumner,89 Petterle Street,45249,OH,wsumnercp@creativecommons.org
459,Dee dee Stockford,494 Lake View Parkway,06859,CT,ddeecq@w3.org
460,Hieronymus Pighills,2 Summit Drive,24040,VA,hpighillscr@mapy.cz
461,Dawna Luck,1 Merrick Plaza,20546,DC,dluckcs@apache.org
462,Conant Morsey,7424 Florence Pass,91328,CA,cmorseyct@abc.net.au
463,Fernanda Ferreira,353 Memorial Junction,36610,AL,fferreiracu@homestead.com
464,Orelee Romaines,91690 Sunbrook Plaza,40256,KY,oromainescv@skype.com
465,Ernest Lilleman,51158 Gina Terrace,94116,CA,elillemancw@blogtalkradio.com
466,Peyter Black,393 Muir Hill,53220,WI,pblackcx@ihg.com
467,Edlin Jencey,9791 Kropf Plaza,79710,TX,ejenceycy@netlog.com
468,Chantal Bustard,1 Melrose Lane,68124,NE,cbustardcz@omniture.com
469,Consuelo Kiraly,2118 Rusk Junction,46278,IN,ckiralyd0@hatena.ne.jp
470,Bertie Heditch,92 Doe Crossing Way,90805,CA,bheditchd1@ebay.co.uk
471,Etienne Villar,0 Crescent Oaks Avenue,80243,CO,evillard2@bloglovin.com
472,Kata Worgen,664 Lunder Park,78278,TX,kworgend3@arizona.edu
473,Ceciley Edgeley,826 Eggendart Drive,80228,CO,cedgeleyd4@moonfruit.com
474,Virgie Whitrod,36331 American Alley,83727,ID,vwhitrodd5@accuweather.com
475,Kennie Tabart,26 North Court,14215,NY,ktabartd6@exblog.jp
476,Bidget Angier,6702 Vernon Circle,77299,TX,bangierd7@twitpic.com
477,Lian Kimblen,6 Stone Corner Plaza,95054,CA,lkimblend8@github.io
478,Vassili Colter,50708 Pearson Avenue,75287,TX,vcolterd9@yandex.ru
479,Arlee Kain,8 Park Meadow Place,62705,IL,akainda@acquirethisname.com
480,Kalindi Mawne,27042 Thackeray Hill,28305,NC,kmawnedb@wikipedia.org
481,Nev Chadderton,045 Vera Parkway,24009,VA,nchaddertondc@vkontakte.ru
482,Janaye McParlin,66376 Oak Valley Parkway,64149,MO,jmcparlindd@ow.ly
483,Clint Crayke,9 Nevada Lane,95818,CA,ccraykede@nymag.com
484,Maure Chittim,19 Chinook Park,20557,DC,mchittimdf@instagram.com
485,Ken Mangeney,02550 Nevada Road,92405,CA,kmangeneydg@wunderground.com
486,Evyn Jallin,2 Delladonna Circle,25389,WV,ejallindh@csmonitor.com
487,Jocko Braunstein,8 Columbus Hill,70815,LA,jbraunsteindi@disqus.com
488,Violette McGreary,73969 Haas Terrace,10099,NY,vmcgrearydj@washingtonpost.com
489,Beau McCallister,634 Meadow Valley Place,06726,CT,bmccallisterdk@t.co
490,Jone Blockley,9 Bartillon Center,79405,TX,jblockleydl@facebook.com
491,Dex Arunowicz,0 East Street,38131,TN,darunowiczdm@unblog.fr
492,Cyrill Glassopp,6094 Thompson Point,68510,NE,cglassoppdn@mozilla.org
493,Rebeca Mingotti,589 7th Terrace,63180,MO,rmingottido@wix.com
494,Norah Burchall,8789 Burrows Drive,30336,GA,nburchalldp@umn.edu
495,Nara Leneham,8 Calypso Avenue,14619,NY,nlenehamdq@columbia.edu
496,Shaylynn Lanston,481 Stuart Pass,45490,OH,slanstondr@aboutads.info
497,Rudie Bramsen,339 Northridge Hill,72222,AR,rbramsends@wsj.com
498,Kipp Spinetti,048 Algoma Center,80228,CO,kspinettidt@naver.com
499,Page Stanyon,0410 Dunning Court,19495,PA,pstanyondu@prweb.com
500,Newton Batchellor,91140 Carey Court,49444,MI,nbatchellordv@netscape.com
501,Fifine Kneafsey,69335 Claremont Court,78732,TX,fkneafseydw@noaa.gov
502,Cristobal Martinek,9 Emmet Point,07522,NJ,cmartinekdx@friendfeed.com
503,Errick Baigent,0832 Kinsman Alley,48092,MI,ebaigentdy@google.co.uk
504,Julie MacCartney,5 Esch Hill,92519,CA,jmaccartneydz@dion.ne.jp
505,Philippa Terry,6 Pearson Center,64144,MO,pterrye0@ezinearticles.com
506,Mic Kalb,917 Killdeer Crossing,48126,MI,mkalbe1@ezinearticles.com
507,Klarrisa Purviss,751 Upham Crossing,55166,MN,kpurvisse2@reddit.com
508,Alwyn Sheppard,05 Canary Center,27710,NC,ashepparde3@nyu.edu
509,Sammy Poulglais,259 Corscot Crossing,70815,LA,spoulglaise4@t.co
510,Milissent Ohrtmann,4053 Gateway Park,90305,CA,mohrtmanne5@eepurl.com
511,Xena Stollsteiner,5 Susan Alley,85754,AZ,xstollsteinere6@harvard.edu
512,Stavro Mitchinson,5 Victoria Alley,48217,MI,smitchinsone7@hugedomains.com
513,Taddeusz Cassel,87050 Dayton Crossing,46852,IN,tcassele8@dagondesign.com
514,Joline Frost,9896 Lawn Street,32868,FL,jfroste9@foxnews.com
515,Faulkner Wisden,61343 Walton Parkway,44710,OH,fwisdenea@t-online.de
516,Haze Giovannini,6 Cordelia Park,46805,IN,hgiovanninieb@wix.com
517,Phil Schreiner,709 Merrick Crossing,14210,NY,pschreinerec@mashable.com
518,Dicky Dunderdale,96 Vahlen Park,76905,TX,ddunderdaleed@earthlink.net
519,Janeta Elliot,17842 Fremont Parkway,99790,AK,jelliotee@engadget.com
520,Bea Brazelton,193 Northland Road,94245,CA,bbrazeltonef@joomla.org
521,Brooks Berick,65 Northfield Plaza,11044,NY,bberickeg@joomla.org
522,Martie Baptie,2397 Coleman Hill,90081,CA,mbaptieeh@youtube.com
523,Geno Putland,262 Delladonna Avenue,72199,AR,gputlandei@youku.com
524,Woodrow Ferschke,8326 Victoria Avenue,35295,AL,wferschkeej@washingtonpost.com
525,Clare Clemmett,012 Bay Lane,31132,GA,cclemmettek@abc.net.au
526,Martyn Curthoys,026 Sunbrook Point,28278,NC,mcurthoysel@joomla.org
527,Pietrek Tregenna,332 Stang Drive,94237,CA,ptregennaem@nbcnews.com
528,Eleen Birwhistle,57 Columbus Plaza,90840,CA,ebirwhistleen@who.int
529,Barbi Grooby,0 Porter Court,37995,TN,bgroobyeo@nasa.gov
530,Renard Chilley,948 Burning Wood Drive,20709,MD,rchilleyep@last.fm
531,Clementia Freemantle,116 Sherman Alley,64109,MO,cfreemantleeq@nydailynews.com
532,Hollie Dickenson,54948 Nevada Point,79118,TX,hdickensoner@bandcamp.com
533,Liesa Kerner,02 Chinook Place,92883,CA,lkerneres@mashable.com
534,Lorain Reah,5 Namekagon Center,92505,CA,lreahet@hugedomains.com
535,Fara Rolles,02863 Maple Parkway,45020,OH,frolleseu@sciencedirect.com
536,Candra Kraut,21097 Lighthouse Bay Place,66606,KS,ckrautev@networksolutions.com
537,Norrie Getsham,3610 Green Ridge Lane,90010,CA,ngetshamew@google.com.hk
538,Kenton Wetton,474 Daystar Hill,32209,FL,kwettonex@facebook.com
539,Esme Bowne,38477 Westerfield Park,62723,IL,ebowneey@weebly.com
540,Veronike Wilcott,53 Oxford Circle,85053,AZ,vwilcottez@alibaba.com
541,Wallis Birtley,13530 Forest Dale Park,85025,AZ,wbirtleyf0@discuz.net
542,Kaile Dodsley,682 Sycamore Point,98907,WA,kdodsleyf1@nymag.com
543,Alejandrina Anglin,08 Lerdahl Hill,32405,FL,aanglinf2@jigsy.com
544,Buddie Brewin,89403 Lerdahl Drive,39204,MS,bbrewinf3@usnews.com
545,Berny Rooson,7 Nova Drive,94611,CA,broosonf4@netscape.com
546,Ardisj Carle,097 Onsgard Crossing,97240,OR,acarlef5@skype.com
547,Lydon Izkovitch,7 Katie Point,31119,GA,lizkovitchf6@fastcompany.com
548,Anderea de Banke,6 Hallows Crossing,90094,CA,adef7@blinklist.com
549,Reginald Jedraszczyk,9 Del Mar Street,95823,CA,rjedraszczykf8@dropbox.com
550,Ikey Dunton,63 Northridge Place,40576,KY,iduntonf9@bloglovin.com
551,Nicolea Shea,62 Golf Terrace,96825,HI,nsheafa@wiley.com
552,Rosamund Mynott,8626 Brickson Park Way,15255,PA,rmynottfb@rediff.com
553,Cherilynn Louw,9615 Crescent Oaks Road,79989,TX,clouwfc@weebly.com
554,Rawley Allright,903 Dakota Place,33013,FL,rallrightfd@etsy.com
555,Appolonia Jaggers,63 Warner Hill,20816,MD,ajaggersfe@nature.com
556,Clemmie Kluge,88182 Nevada Pass,33245,FL,cklugeff@mlb.com
557,Frederigo Andress,7 New Castle Trail,60624,IL,fandressfg@harvard.edu
558,Penelope Hurch,519 Sauthoff Court,73071,OK,phurchfh@tripadvisor.com
559,Nonie Delamaine,48979 Lunder Avenue,90505,CA,ndelamainefi@japanpost.jp
560,Almeria Branchet,79911 Butterfield Junction,10004,NY,abranchetfj@discovery.com
561,Faunie Loseke,81452 Troy Plaza,27499,NC,flosekefk@latimes.com
562,Timmy Nuscha,2460 Pleasure Center,14624,NY,tnuschafl@prweb.com
563,Enid Schanke,263 Charing Cross Drive,90045,CA,eschankefm@smh.com.au
564,Britt Buckthought,75 Michigan Way,76115,TX,bbuckthoughtfn@tripod.com
565,Modestine Ioannidis,331 Aberg Junction,25331,WV,mioannidisfo@google.com.au
566,Marcela Hastie,015 Schiller Center,28205,NC,mhastiefp@eepurl.com
567,Eugenia Koenraad,357 Longview Park,77276,TX,ekoenraadfq@amazon.co.uk
568,Dallon Yarnall,46 Union Parkway,06606,CT,dyarnallfr@xing.com
569,Rodi De Hailes,35 Hazelcrest Junction,30061,GA,rdefs@discuz.net
570,Codi Biss,941 Blaine Street,46015,IN,cbissft@livejournal.com
571,Shae Paylor,52376 Jay Park,92132,CA,spaylorfu@godaddy.com
572,Desiri Furminger,4 Atwood Terrace,19714,DE,dfurmingerfv@apple.com
573,Tedd Gainseford,79 Washington Street,65218,MO,tgainsefordfw@salon.com
574,Panchito Varcoe,830 Montana Drive,30061,GA,pvarcoefx@sbwire.com
575,Bari McKeurtan,6314 Fairview Place,37250,TN,bmckeurtanfy@sakura.ne.jp
576,Julianna Hickisson,375 Mifflin Junction,94622,CA,jhickissonfz@baidu.com
577,Adora Binny,2161 Northridge Junction,97229,OR,abinnyg0@rakuten.co.jp
578,Parrnell Naptin,5 Service Alley,81005,CO,pnapting1@mlb.com
579,Dorie Jenton,85 Portage Point,44191,OH,djentong2@wordpress.com
580,Irena Matches,104 Tennessee Lane,74149,OK,imatchesg3@mac.com
581,Genevieve Barr,94523 Sheridan Place,53263,WI,gbarrg4@reuters.com
582,Crissy Chaldecott,348 Evergreen Circle,36689,AL,cchaldecottg5@e-recht24.de
583,Eddi Hayers,1161 Coleman Circle,46226,IN,ehayersg6@histats.com
584,Diann Vollam,79 Carey Lane,71137,LA,dvollamg7@tripadvisor.com
585,Cornelle Edens,422 Eastwood Avenue,29215,SC,cedensg8@tmall.com
586,Gottfried Kulver,0 Heath Avenue,79415,TX,gkulverg9@1688.com
587,Lenard Abilowitz,412 Artisan Avenue,94132,CA,labilowitzga@google.cn
588,Tobey Baudic,7 Maple Alley,70607,LA,tbaudicgb@ihg.com
589,Gavrielle Cockcroft,656 Loomis Park,91210,CA,gcockcroftgc@is.gd
590,Anthia Desbrow,09454 Westridge Way,33142,FL,adesbrowgd@t-online.de
591,Kori Rosenbarg,10 Rieder Alley,71307,LA,krosenbargge@wikimedia.org
592,Malinde Rosenfield,44978 Spaight Park,40225,KY,mrosenfieldgf@arstechnica.com
593,Way Cawdron,2329 Waywood Alley,85720,AZ,wcawdrongg@goodreads.com
594,Maximilian Buy,4795 Laurel Place,55598,MN,mbuygh@google.de
595,Lela Biaggi,11 Larry Crossing,63121,MO,lbiaggigi@google.cn
596,Minerva Casbolt,9 High Crossing Junction,50362,IA,mcasboltgj@com.com
597,Thea Sparkes,5 Crowley Place,55127,MN,tsparkesgk@shop-pro.jp
598,Verla Roubay,967 Fisk Alley,90805,CA,vroubaygl@youku.com
599,Corey Huxster,1 Lakewood Way,57198,SD,chuxstergm@npr.org
600,Crista McCawley,8 Fallview Lane,37235,TN,cmccawleygn@boston.com
601,Stirling Curmi,50 Merrick Crossing,20709,MD,scurmigo@netscape.com
602,Lenee Bruggeman,607 Iowa Pass,14624,NY,lbruggemangp@networkadvertising.org
603,Zorana Pfiffer,6 Buhler Pass,16550,PA,zpfiffergq@nydailynews.com
604,Meredeth Hupka,13 Portage Drive,10260,NY,mhupkagr@imageshack.us
605,Cloe Guerro,63 Hauk Drive,77055,TX,cguerrogs@theatlantic.com
606,Jayson Gage,8 Bluestem Pass,11210,NY,jgagegt@typepad.com
607,Iosep Nobles,70341 Golf Drive,61656,IL,inoblesgu@mysql.com
608,Elna Nannetti,35552 Ronald Regan Lane,10270,NY,enannettigv@comcast.net
609,Dona Wenderott,9 East Point,48107,MI,dwenderottgw@mozilla.com
610,Alameda Morican,897 Rutledge Street,92176,CA,amoricangx@technorati.com
611,Codie Critzen,2 Anthes Center,28247,NC,ccritzengy@hc360.com
612,Alaric Applebee,423 Wayridge Park,90410,CA,aapplebeegz@studiopress.com
613,Gery Schwaiger,1 Loftsgordon Parkway,91125,CA,gschwaigerh0@privacy.gov.au
614,Wendell Karim,136 Blaine Park,16510,PA,wkarimh1@deliciousdays.com
615,Adelaide Zammitt,36 Oak Valley Drive,33647,FL,azammitth2@fda.gov
616,Darnall Lodevick,4253 Atwood Circle,46207,IN,dlodevickh3@goodreads.com
617,Chaim Pearmine,6 Arrowood Alley,70607,LA,cpearmineh4@ft.com
618,Caryn Form,911 Emmet Avenue,70183,LA,cformh5@furl.net
619,Roselia Menendez,67117 Sauthoff Way,45490,OH,rmenendezh6@shutterfly.com
620,Desiri Hainey`,681 Autumn Leaf Way,85271,AZ,dhaineyh7@over-blog.com
621,Sal Hynde,1 Utah Street,48267,MI,shyndeh8@tinypic.com
622,Angie Stummeyer,99 Surrey Center,32511,FL,astummeyerh9@aboutads.info
623,Dulcy Hammer,45 Thierer Court,32230,FL,dhammerha@google.co.uk
624,Aland Treadgall,9 Lake View Parkway,79188,TX,atreadgallhb@google.com.hk
625,Jamima Offen,670 Hazelcrest Plaza,45426,OH,joffenhc@msu.edu
626,Regan Simononsky,576 Hanover Park,94132,CA,rsimononskyhd@plala.or.jp
627,Niccolo Hills,68 Butternut Road,80930,CO,nhillshe@t-online.de
628,Kanya Tant,5585 Canary Avenue,80217,CO,ktanthf@drupal.org
629,Archy Perez,38735 Longview Place,73104,OK,aperezhg@shinystat.com
630,Odette Echlin,97 Meadow Valley Court,35215,AL,oechlinhh@unblog.fr
631,Allen Grigor,2907 American Ash Crossing,82007,WY,agrigorhi@cbc.ca
632,Lulu Coucher,78 Melvin Pass,20226,DC,lcoucherhj@tripadvisor.com
633,Leia Izakov,8487 Hoepker Trail,94705,CA,lizakovhk@sitemeter.com
634,Fiona Chaize,34 Golden Leaf Circle,40205,KY,fchaizehl@admin.ch
635,Alissa Carn,910 Trailsway Alley,78291,TX,acarnhm@1und1.de
636,Grethel Cutler,412 Novick Road,35815,AL,gcutlerhn@oracle.com
637,Wilmer Ledur,665 Dexter Plaza,20551,DC,wledurho@businessinsider.com
638,Raymund Artinstall,5008 Westridge Plaza,88535,TX,rartinstallhp@deviantart.com
639,Jasmina Romanin,14 Summerview Drive,93034,CA,jromaninhq@mashable.com
640,Catlee Carnachen,25 Mesta Center,32854,FL,ccarnachenhr@tmall.com
641,Sandy Lusher,303 Westport Parkway,55573,MN,slusherhs@so-net.ne.jp
642,Rollie Gurnett,11553 Elka Trail,26505,WV,rgurnettht@delicious.com
643,Karita Roskam,0 School Alley,20392,DC,kroskamhu@state.tx.us
644,Carmelina Kubacek,78 Hanover Way,32220,FL,ckubacekhv@discovery.com
645,Josh Marchington,7 Reindahl Center,43605,OH,jmarchingtonhw@intel.com
646,Toinette Meconi,1 Merrick Center,29208,SC,tmeconihx@thetimes.co.uk
647,Adelaida Kimbury,22643 Thompson Park,27658,NC,akimburyhy@google.fr
648,Xylina Atlee,46 Huxley Road,33954,FL,xatleehz@bing.com
649,Stephen Durnall,633 Sherman Park,97075,OR,sdurnalli0@purevolume.com
650,Suzie Kirsz,901 Kenwood Parkway,98206,WA,skirszi1@cdbaby.com
651,Veda Harcus,3 Ludington Center,78225,TX,vharcusi2@bandcamp.com
652,Ingra Villiers,5 Thackeray Drive,44118,OH,ivilliersi3@wikia.com
653,Eamon Lazar,060 Katie Lane,92030,CA,elazari4@purevolume.com
654,Ruby Joao,0 Northview Park,38308,TN,rjoaoi5@uol.com.br
655,Meris Siemianowicz,3528 Lerdahl Point,32505,FL,msiemianowiczi6@cargocollective.com
656,Rivy Echlin,34920 Summerview Drive,51110,IA,rechlini7@reverbnation.com
657,Murdoch Dunbar,7996 Bowman Avenue,66112,KS,mdunbari8@godaddy.com
658,Crissy Lang,71574 Dawn Crossing,78769,TX,clangi9@marriott.com
659,Jeniffer Nuzzi,620 Stang Point,91520,CA,jnuzziia@printfriendly.com
660,Stesha Motto,190 Butternut Pass,32399,FL,smottoib@tumblr.com
661,Elyse Phillis,993 Merry Way,15210,PA,ephillisic@who.int
662,Bealle Cabbell,8 Hooker Street,77386,TX,bcabbellid@japanpost.jp
663,Leonid Angliss,71 Rigney Parkway,98133,WA,langlissie@seesaa.net
664,Camellia Craise,2975 Briar Crest Pass,79705,TX,ccraiseif@fotki.com
665,Lynn Blackwell,6388 Vermont Avenue,02305,MA,lblackwellig@macromedia.com
666,Frants Hallede,71 Charing Cross Lane,98148,WA,fhalledeih@rambler.ru
667,Malinda Ratcliffe,3807 Brickson Park Center,78296,TX,mratcliffeii@de.vu
668,Cherri Geroldi,25558 Sachtjen Plaza,02912,RI,cgeroldiij@cornell.edu
669,Harley Erskine,21 Arapahoe Park,89519,NV,herskineik@ask.com
670,Malory Duell,3 Northview Crossing,28289,NC,mduellil@yahoo.com
671,Magnum Pleace,46406 Larry Plaza,19093,PA,mpleaceim@comsenz.com
672,Christiane Balaam,92 Cascade Way,22225,VA,cbalaamin@google.co.jp
673,Bertrando Kupker,6529 Pennsylvania Park,31132,GA,bkupkerio@pen.io
674,Corny Goodlet,533 Farwell Terrace,06816,CT,cgoodletip@yellowpages.com
675,Midge Siman,687 Northview Lane,90060,CA,msimaniq@columbia.edu
676,Brigham Buckleigh,6223 Homewood Lane,57188,SD,bbuckleighir@xinhuanet.com
677,Cloe Plaistowe,76562 Dennis Circle,61640,IL,cplaistoweis@icio.us
678,Zelma Miroy,16965 Hanson Pass,22405,VA,zmiroyit@domainmarket.com
679,Freeman Scole,7 Crowley Way,23324,VA,fscoleiu@so-net.ne.jp
680,Verena Serjent,8027 7th Drive,45454,OH,vserjentiv@accuweather.com
681,Amil Getty,1058 Walton Street,19605,PA,agettyiw@kickstarter.com
682,Wanids Swaine,5 Birchwood Circle,11054,NY,wswaineix@slate.com
683,Perla Dutnell,93 Laurel Street,18018,PA,pdutnelliy@storify.com
684,Lisette Drage,69478 Jay Road,89087,NV,ldrageiz@devhub.com
685,Rustin Daubney,982 Truax Pass,48107,MI,rdaubneyj0@alibaba.com
686,Porty Wassell,3280 Huxley Trail,90035,CA,pwassellj1@altervista.org
687,Carrol Echalie,06073 Heath Terrace,55146,MN,cechaliej2@123-reg.co.uk
688,Paige Bewicke,078 Comanche Road,33633,FL,pbewickej3@cargocollective.com
689,Carlynn Antonietti,13577 Jackson Road,44393,OH,cantoniettij4@telegraph.co.uk
690,Cassie Edwards,79136 Reindahl Terrace,27658,NC,cedwardsj5@fotki.com
691,Meridel Tenney,86 Mallard Pass,73142,OK,mtenneyj6@wikimedia.org
692,Inglis Zimek,43126 Sugar Center,33233,FL,izimekj7@seattletimes.com
693,Perceval Woodcock,6967 Dixon Drive,20580,DC,pwoodcockj8@archive.org
694,Morlee McCauley,4 Petterle Road,45203,OH,mmccauleyj9@csmonitor.com
695,Alison De Coursey,6626 Goodland Point,22047,VA,adeja@accuweather.com
696,Minette MacScherie,26 Bartillon Avenue,80044,CO,mmacscheriejb@unblog.fr
697,Kelvin Youngman,400 Scofield Drive,75251,TX,kyoungmanjc@sciencedaily.com
698,Marina Hymor,7954 Arrowood Court,87121,NM,mhymorjd@furl.net
699,Moll Cargill,50 Saint Paul Junction,54305,WI,mcargillje@parallels.com
700,Ludovika Giles,79495 Russell Alley,88535,TX,lgilesjf@addtoany.com
701,Enrique MacCrossan,1 Drewry Circle,80951,CO,emaccrossanjg@hud.gov
702,Curcio Torricina,61 Prairieview Alley,84140,UT,ctorricinajh@shareasale.com
703,Hadlee Loudian,8907 Jana Center,28220,NC,hloudianji@moonfruit.com
704,Anatol Carman,1 Northwestern Pass,55573,MN,acarmanjj@google.com.br
705,Eudora Rowbotham,71 Towne Lane,62525,IL,erowbothamjk@jalbum.net
706,Timoteo O'Kennavain,38 Merrick Hill,91406,CA,tokennavainjl@about.com
707,Kermit Epinay,41083 Sloan Parkway,22111,VA,kepinayjm@nydailynews.com
708,Quinlan Braywood,529 Rutledge Avenue,36610,AL,qbraywoodjn@reuters.com
709,Paquito Hauger,4687 Oak Plaza,39404,MS,phaugerjo@globo.com
710,Ronnie Hewins,237 Brentwood Avenue,23520,VA,rhewinsjp@earthlink.net
711,Blake Rambadt,20 Monument Avenue,34108,FL,brambadtjq@nymag.com
712,Una Jenk,89066 Gina Hill,93111,CA,ujenkjr@last.fm
713,Husain Standeven,47026 Mayer Pass,55436,MN,hstandevenjs@earthlink.net
714,Fina Garci,96881 Armistice Parkway,77705,TX,fgarcijt@whitehouse.gov
715,Brian Casiero,0598 Almo Terrace,94159,CA,bcasieroju@mit.edu
716,Michel Shemelt,0922 Buhler Center,77035,TX,mshemeltjv@jigsy.com
717,Horatius Bleby,43 Fisk Center,60193,IL,hblebyjw@biblegateway.com
718,Blithe Whether,44312 Bowman Terrace,20022,DC,bwhetherjx@irs.gov
719,Lane Kopecka,9 Kinsman Alley,85062,AZ,lkopeckajy@cdbaby.com
720,Cristina Pummell,26413 Debs Junction,20073,DC,cpummelljz@slashdot.org
721,Krishnah Casey,08387 2nd Junction,33169,FL,kcaseyk0@webs.com
722,Madelon O' Faherty,97698 Nelson Center,33972,FL,mok1@xinhuanet.com
723,Culver Towsey,74709 Saint Paul Parkway,98166,WA,ctowseyk2@sitemeter.com
724,Rodrique Beacock,57 Magdeline Lane,53779,WI,rbeacockk3@parallels.com
725,Vivien Rosensaft,76849 Harper Parkway,63121,MO,vrosensaftk4@eventbrite.com
726,Dot Duchenne,49835 Emmet Drive,20260,DC,dduchennek5@amazonaws.com
727,Nessy O'Sheilds,7 Aberg Avenue,29319,SC,nosheildsk6@canalblog.com
728,Thomasa Sutherley,338 Toban Circle,28256,NC,tsutherleyk7@hatena.ne.jp
729,Nyssa Meaney,4979 Porter Road,75205,TX,nmeaneyk8@smugmug.com
730,Jacki Green,8 Dennis Parkway,22184,VA,jgreenk9@ox.ac.uk
731,Bonni Leverette,7641 Sheridan Way,98195,WA,bleveretteka@cargocollective.com
732,Hamnet Combe,652 Kingsford Parkway,02305,MA,hcombekb@boston.com
733,Karolina Dight,1535 Talisman Pass,46699,IN,kdightkc@opensource.org
734,Ilyse Versey,66 Chinook Avenue,33487,FL,iverseykd@gravatar.com
735,Arman Coxhell,2 Independence Park,94616,CA,acoxhellke@dion.ne.jp
736,Jenn Ballendine,23536 Clarendon Street,85725,AZ,jballendinekf@answers.com
737,Esdras Kassman,29 Rigney Point,25721,WV,ekassmankg@fema.gov
738,Uri Burkett,389 Tennyson Point,11024,NY,uburkettkh@de.vu
739,Lesli MacAdam,47 Gulseth Park,70805,LA,lmacadamki@cornell.edu
740,Berri Bazoge,274 Chive Way,39216,MS,bbazogekj@istockphoto.com
741,Far Joskowitz,814 Sage Parkway,55123,MN,fjoskowitzkk@techcrunch.com
742,Art Dallow,34865 Sommers Place,94147,CA,adallowkl@e-recht24.de
743,Dianne Webster,1678 Aberg Road,07305,NJ,dwebsterkm@google.it
744,Karrie Pomeroy,286 Vahlen Circle,80920,CO,kpomeroykn@statcounter.com
745,Tuesday Willas,6156 8th Parkway,80328,CO,twillasko@google.nl
746,Rosamund Amberger,43035 Russell Trail,64179,MO,rambergerkp@squidoo.com
747,Richie Belle,77 Susan Avenue,68124,NE,rbellekq@vkontakte.ru
748,Raffarty Di Dello,64028 Tony Way,64144,MO,rdikr@people.com.cn
749,Bond Ricketts,06 Warner Street,85725,AZ,brickettsks@sciencedaily.com
750,Averyl Bangiard,41162 Elka Point,80044,CO,abangiardkt@soundcloud.com
751,Jerry Morville,0315 Kropf Trail,20088,DC,jmorvilleku@stumbleupon.com
752,Valentin Rozenzweig,658 Lukken Road,78225,TX,vrozenzweigkv@ox.ac.uk
753,Vivyanne Baudry,79759 Spenser Court,44191,OH,vbaudrykw@hatena.ne.jp
754,Leeanne Furby,550 Bobwhite Trail,10060,NY,lfurbykx@gnu.org
755,Donnamarie Wells,2539 Cody Trail,37205,TN,dwellsky@digg.com
756,Jedidiah Kelloch,27 Rusk Lane,16505,PA,jkellochkz@berkeley.edu
757,Peirce Wardlow,7 Swallow Street,30306,GA,pwardlowl0@rakuten.co.jp
758,Orland Middlemiss,500 Elgar Lane,87105,NM,omiddlemissl1@surveymonkey.com
759,Stavros Pardy,9 Sloan Avenue,70187,LA,spardyl2@ed.gov
760,Sally Merner,965 Hollow Ridge Place,55905,MN,smernerl3@salon.com
761,Van Dark,35 Hanover Place,31904,GA,vdarkl4@google.de
762,Fawn Mullarkey,867 Summit Alley,30328,GA,fmullarkeyl5@marketwatch.com
763,Schuyler Jepson,750 Pond Plaza,78744,TX,sjepsonl6@digg.com
764,Walton Kunrad,90 Union Point,85271,AZ,wkunradl7@behance.net
765,Brant Creany,3701 Old Shore Circle,45254,OH,bcreanyl8@ifeng.com
766,Godfrey Charlson,82 Prairie Rose Parkway,55480,MN,gcharlsonl9@indiegogo.com
767,Adara Machon,336 Ridge Oak Crossing,23213,VA,amachonla@prnewswire.com
768,Vallie Carriage,3359 Michigan Park,15240,PA,vcarriagelb@dot.gov
769,Padraig Harbertson,2015 Mesta Road,83732,ID,pharbertsonlc@admin.ch
770,Demetre Warden,88015 Lyons Alley,66205,KS,dwardenld@w3.org
771,Amery Bergen,09937 Waxwing Point,72209,AR,abergenle@fotki.com
772,Carena Coultish,2 Moulton Street,79945,TX,ccoultishlf@princeton.edu
773,Lynett Marley,47210 Bayside Road,85083,AZ,lmarleylg@webmd.com
774,Stillman Lawman,0265 Victoria Avenue,92176,CA,slawmanlh@jigsy.com
775,Hugibert Whitington,75 Lindbergh Avenue,92170,CA,hwhitingtonli@zdnet.com
776,Yovonnda Ridde,24534 Prairieview Alley,60652,IL,yriddelj@gravatar.com
777,Free O'Scanlon,535 Donald Junction,90405,CA,foscanlonlk@discuz.net
778,Ollie Harrington,147 Sheridan Road,10115,NY,oharringtonll@clickbank.net
779,Fremont Northage,81315 Forest Dale Point,20508,DC,fnorthagelm@jigsy.com
780,Noak Sallowaye,2958 Corben Terrace,25709,WV,nsallowayeln@cam.ac.uk
781,Nathalie Macconaghy,6 Melby Park,75221,TX,nmacconaghylo@imgur.com
782,Geoffrey Haddock,801 Sherman Circle,80127,CO,ghaddocklp@umn.edu
783,Philbert Aleksidze,54 Dawn Court,78205,TX,paleksidzelq@so-net.ne.jp
784,Di Slucock,9404 Northwestern Court,75342,TX,dslucocklr@nature.com
785,Issi Hardacre,9 Ruskin Crossing,78470,TX,ihardacrels@multiply.com
786,Woody Matis,2 Manitowish Park,70593,LA,wmatislt@blogspot.com
787,Alys Roux,16044 Emmet Center,27150,NC,arouxlu@360.cn
788,Dane Caughtry,9 Maple Junction,33180,FL,dcaughtrylv@ameblo.jp
789,Anastasie McCarrison,9 Pleasure Avenue,31106,GA,amccarrisonlw@typepad.com
790,Levey Timmes,9172 Red Cloud Way,40220,KY,ltimmeslx@cam.ac.uk
791,Lalo Coverdill,352 Banding Pass,11388,NY,lcoverdillly@rediff.com
792,Jeff Getcliff,13 Oxford Road,62711,IL,jgetclifflz@instagram.com
793,Nickey O'Fairy,6 Fuller Center,95138,CA,nofairym0@toplist.cz
794,Hermina Godon,5528 Kennedy Way,90081,CA,hgodonm1@w3.org
795,Kathye Brettor,8 Maple Wood Place,94177,CA,kbrettorm2@bloglovin.com
796,Web Moakler,94491 Fairfield Street,61105,IL,wmoaklerm3@feedburner.com
797,Moshe Friar,1181 Mayer Avenue,80126,CO,mfriarm4@independent.co.uk
798,Olimpia Pisco,37604 Katie Place,46406,IN,opiscom5@freewebs.com
799,Fraze Atkyns,008 Magdeline Plaza,30022,GA,fatkynsm6@blinklist.com
800,Gustie Jacques,2500 Morning Hill,19184,PA,gjacquesm7@state.gov
801,Brennen Burton,29 Northfield Alley,10270,NY,bburtonm8@parallels.com
802,Elora Manley,72161 Montana Parkway,92705,CA,emanleym9@omniture.com
803,Claudina Birkwood,278 Dixon Drive,46231,IN,cbirkwoodma@lycos.com
804,Brennan Champneys,630 Autumn Leaf Parkway,14905,NY,bchampneysmb@census.gov
805,Charita Demogeot,81199 Kensington Plaza,59771,MT,cdemogeotmc@1688.com
806,Sheila-kathryn Belsham,31377 Texas Center,91199,CA,sbelshammd@washington.edu
807,Damiano Durie,05502 Village Green Plaza,02216,MA,ddurieme@deviantart.com
808,Domini Mawhinney,53 Macpherson Circle,15210,PA,dmawhinneymf@auda.org.au
809,Martie Dioniso,260 Moland Pass,21705,MD,mdionisomg@lycos.com
810,Corrie Garioch,57 Esch Court,85737,AZ,cgariochmh@hugedomains.com
811,Brunhilde Tilney,08 Gale Street,97211,OR,btilneymi@msu.edu
812,Willy Freeland,079 Express Road,76796,TX,wfreelandmj@t.co
813,Harriette Jerke,668 Mesta Pass,99709,AK,hjerkemk@sakura.ne.jp
814,Wilek Tabbernor,372 Alpine Point,94110,CA,wtabbernorml@buzzfeed.com
815,Herbie Bengtson,0 Forest Run Trail,87180,NM,hbengtsonmm@clickbank.net
816,Regine Bothams,99 Johnson Circle,20260,DC,rbothamsmn@ask.com
817,Arlan Boatswain,66 Lien Lane,89155,NV,aboatswainmo@deliciousdays.com
818,Rock Wiggington,3 Truax Junction,45999,OH,rwiggingtonmp@blogspot.com
819,Odella Urion,089 Gale Pass,15906,PA,ourionmq@ezinearticles.com
820,Renell Fairest,65408 Fulton Crossing,71137,LA,rfairestmr@cbc.ca
821,Corbin True,1490 Carberry Court,23203,VA,ctruems@europa.eu
822,Lawry Row,3 Anthes Terrace,35263,AL,lrowmt@stumbleupon.com
823,Sharity Emmott,5459 Kim Center,79984,TX,semmottmu@virginia.edu
824,Rancell Ansett,27 Elka Park,31165,GA,ransettmv@hibu.com
825,Alex Artindale,2 Shelley Parkway,02405,MA,aartindalemw@eepurl.com
826,Jard Escritt,669 Chive Way,99210,WA,jescrittmx@netlog.com
827,Romonda Madill,4 Esch Avenue,14233,NY,rmadillmy@wired.com
828,Ethan Greenroyd,3 Nova Hill,12305,NY,egreenroydmz@hibu.com
829,Lacee Swale,79263 Colorado Trail,92013,CA,lswalen0@posterous.com
830,Rod Cridge,529 Loftsgordon Pass,84110,UT,rcridgen1@aboutads.info
831,Mack Walworche,5036 Artisan Plaza,34282,FL,mwalworchen2@cdbaby.com
832,Sarajane Sheerman,25147 International Circle,40220,KY,ssheermann3@economist.com
833,Quincey Crowne,13258 Vermont Terrace,55428,MN,qcrownen4@dyndns.org
834,Yehudi Birchett,7 Bluejay Road,40524,KY,ybirchettn5@google.com.hk
835,Griffith Bernardotti,9 Jay Alley,06816,CT,gbernardottin6@youtube.com
836,Sisely Stredwick,53922 Ohio Circle,01605,MA,sstredwickn7@tinyurl.com
837,Moore Sleford,879 Starling Pass,63116,MO,mslefordn8@over-blog.com
838,Margarethe Morrice,050 Coolidge Avenue,90020,CA,mmorricen9@tripod.com
839,Bernard Duddy,1 Carioca Alley,92867,CA,bduddyna@hibu.com
840,Burch Conman,7 Rusk Circle,92160,CA,bconmannb@ycombinator.com
841,Barry Mendus,493 Annamark Way,02163,MA,bmendusnc@newsvine.com
842,Kelila Ivannikov,1 Sunnyside Hill,20067,DC,kivannikovnd@alibaba.com
843,Mariquilla Clewlowe,66 Prentice Junction,98664,WA,mclewlowene@bigcartel.com
844,Devina Wadworth,225 Laurel Drive,38131,TN,dwadworthnf@cafepress.com
845,Mellisent Risom,12630 Nelson Junction,90030,CA,mrisomng@amazon.co.uk
846,Hendrik Tourmell,3594 Golf Course Avenue,76205,TX,htourmellnh@jigsy.com
847,Etty Kingaby,54 Kings Terrace,78470,TX,ekingabyni@cnn.com
848,Kylynn O' Byrne,9783 Blue Bill Park Avenue,70116,LA,konj@answers.com
849,Hiram Audibert,70053 Victoria Circle,27499,NC,haudibertnk@paginegialle.it
850,Rozele Van Niekerk,2121 Goodland Crossing,80044,CO,rvannl@yahoo.com
851,Cristabel Craigs,79519 Dahle Way,49544,MI,ccraigsnm@businesswire.com
852,Druci Neal,75627 1st Drive,53263,WI,dnealnn@webnode.com
853,Mallory Moroney,663 Anzinger Drive,77228,TX,mmoroneyno@taobao.com
854,Shandeigh Nottingham,259 Manitowish Pass,40510,KY,snottinghamnp@mit.edu
855,Jasen Oloshin,386 Harper Court,60686,IL,joloshinnq@jiathis.com
856,Angela Seivwright,223 Schiller Circle,40266,KY,aseivwrightnr@1688.com
857,Marge Alday,2 Michigan Center,43284,OH,maldayns@shareasale.com
858,Giustina Goggen,7 Artisan Court,33906,FL,ggoggennt@mit.edu
859,Carmen Petley,38125 Atwood Alley,37245,TN,cpetleynu@cocolog-nifty.com
860,Aprilette Slark,57789 Dwight Alley,62205,IL,aslarknv@psu.edu
861,Elli Kepling,6 Superior Park,28225,NC,ekeplingnw@google.com.au
862,Raina Mumby,8076 Ohio Drive,32830,FL,rmumbynx@vistaprint.com
863,Lonnard Vallentin,8820 Mallard Place,36610,AL,lvallentinny@goodreads.com
864,Bordie Osbourne,50984 Muir Terrace,98498,WA,bosbournenz@apple.com
865,Cary Hows,2062 Northport Plaza,32220,FL,chowso0@google.co.uk
866,Angy Winton,8 Mosinee Road,27690,NC,awintono1@opera.com
867,Wiatt Fritche,35040 Chive Drive,23285,VA,wfritcheo2@bandcamp.com
868,Kaila Dickons,9694 Saint Paul Way,10305,NY,kdickonso3@cam.ac.uk
869,Nicky Vreiberg,39 Twin Pines Point,28299,NC,nvreibergo4@themeforest.net
870,Westbrook De Nisco,0 Lawn Plaza,28220,NC,wdeo5@tuttocitta.it
871,Nils Merigeau,7 Karstens Alley,95852,CA,nmerigeauo6@123-reg.co.uk
872,Abramo Westoll,33 Harbort Alley,89155,NV,awestollo7@netlog.com
873,Gertie Shill,371 Anderson Hill,72905,AR,gshillo8@netscape.com
874,Hervey Rosthorn,54 Fremont Trail,36109,AL,hrosthorno9@topsy.com
875,Nickolas Cudby,217 Ridge Oak Way,23293,VA,ncudbyoa@hibu.com
876,Phillida De Bellis,3 Scoville Center,32595,FL,pdeob@hibu.com
877,Aridatha Sagg,6922 Shoshone Park,31165,GA,asaggoc@xinhuanet.com
878,Maressa Venditto,6 Rigney Street,06606,CT,mvendittood@sitemeter.com
879,Rees Berg,62 Village Crossing,90045,CA,rbergoe@go.com
880,Caterina Beau,0927 Forest Dale Point,44177,OH,cbeauof@washington.edu
881,Terri Pulbrook,7535 Beilfuss Center,93106,CA,tpulbrookog@bravesites.com
882,Lyndel Garmey,6 Longview Plaza,33075,FL,lgarmeyoh@domainmarket.com
883,Kliment Edensor,74 Anderson Court,85297,AZ,kedensoroi@amazon.com
884,Madelin Mendes,125 Evergreen Lane,33164,FL,mmendesoj@tiny.cc
885,Bil Shackleford,735 Anthes Hill,43210,OH,bshacklefordok@taobao.com
886,Bogey Bowmen,5597 Arrowood Avenue,73104,OK,bbowmenol@tmall.com
887,Minnnie Giacomuzzo,23 American Place,67260,KS,mgiacomuzzoom@yale.edu
888,Fulvia Offner,2 Fallview Parkway,75710,TX,foffneron@artisteer.com
889,Obediah Cozby,168 Burrows Avenue,95865,CA,ocozbyoo@etsy.com
890,Davon Havoc,8171 Waywood Place,19495,PA,dhavocop@gravatar.com
891,Karmen Slide,31992 Kim Point,78426,TX,kslideoq@unicef.org
892,Ram Upston,46874 Loftsgordon Lane,90189,CA,rupstonor@archive.org
893,Aluino Gitsham,192 Lukken Avenue,55188,MN,agitshamos@e-recht24.de
894,Mariellen Utton,4 Farragut Lane,21216,MD,muttonot@admin.ch
895,Josefa Harmes,36 Steensland Trail,19191,PA,jharmesou@ebay.com
896,Daisy Storrah,1 Lakeland Circle,72209,AR,dstorrahov@cnet.com
897,Yalonda Bollans,2 Duke Trail,37215,TN,ybollansow@live.com
898,Donnie Gummow,563 Quincy Crossing,50393,IA,dgummowox@patch.com
899,Doti Dane,548 Surrey Point,90060,CA,ddaneoy@lulu.com
900,Elladine Brauninger,400 Corry Park,90015,CA,ebrauningeroz@hostgator.com
901,Robin Smorthit,14804 Coleman Crossing,75210,TX,rsmorthitp0@dropbox.com
902,Thorvald Piele,308 Merry Lane,93111,CA,tpielep1@google.it
903,Earvin Ansill,6932 Golf Course Avenue,38197,TN,eansillp2@nba.com
904,Porty Ilewicz,00111 Colorado Park,20205,DC,pilewiczp3@scientificamerican.com
905,Micki Durram,0 Amoth Street,61614,IL,mdurramp4@huffingtonpost.com
906,Annabella Poppleston,148 Fallview Point,06127,CT,apopplestonp5@statcounter.com
907,Cam Eccersley,195 West Avenue,49510,MI,ceccersleyp6@twitter.com
908,Isador Severwright,20 Beilfuss Avenue,33811,FL,iseverwrightp7@foxnews.com
909,Thatch Coomer,96 Maple Street,95397,CA,tcoomerp8@cyberchimps.com
910,Cristian Reeman,148 Westend Street,68134,NE,creemanp9@europa.eu
911,Georgy Stiddard,60 Dahle Pass,93305,CA,gstiddardpa@apple.com
912,Lenee Borrett,07 Duke Circle,94154,CA,lborrettpb@reuters.com
913,Alina Springer,8 Forest Run Park,94913,CA,aspringerpc@oaic.gov.au
914,Helena Berrey,3 Bonner Plaza,80299,CO,hberreypd@sina.com.cn
915,Vince Ivamy,36 Pond Place,37250,TN,vivamype@oracle.com
916,Lena Rosewell,009 Victoria Pass,53215,WI,lrosewellpf@exblog.jp
917,Suki Gerrit,673 Sauthoff Trail,48956,MI,sgerritpg@sakura.ne.jp
918,Kahlil Basten,4 Maple Drive,53225,WI,kbastenph@engadget.com
919,Skylar Hoyt,3 Merrick Crossing,97255,OR,shoytpi@list-manage.com
920,Benjamin Sueter,89 Toban Junction,32220,FL,bsueterpj@google.ru
921,Florry Laughtisse,3 Rusk Junction,96810,HI,flaughtissepk@vkontakte.ru
922,Caresse Loche,7 Colorado Avenue,34620,FL,clochepl@last.fm
923,Maddi Dochon,8925 Manitowish Point,96815,HI,mdochonpm@cafepress.com
924,Adelaida Bende,362 Bashford Street,48126,MI,abendepn@nyu.edu
925,Ninon Erbain,1006 Karstens Junction,84093,UT,nerbainpo@t.co
926,Laurence Senechault,557 Briar Crest Parkway,32399,FL,lsenechaultpp@friendfeed.com
927,Eveline Bernardotte,96 Basil Point,35254,AL,ebernardottepq@ezinearticles.com
928,Alice Spender,1 Hanover Pass,10045,NY,aspenderpr@ibm.com
929,Noelani Willett,8465 Troy Plaza,20425,DC,nwillettps@narod.ru
930,Eamon Lebarree,37693 Norway Maple Lane,67230,KS,elebarreept@fda.gov
931,Jobyna Kelwaybamber,51 Bluestem Park,37131,TN,jkelwaybamberpu@a8.net
932,Cordy Jefferd,53098 David Terrace,67260,KS,cjefferdpv@csmonitor.com
933,Karlotte Bentke,07486 Sunfield Road,49544,MI,kbentkepw@blinklist.com
934,Parrnell Camili,57 Evergreen Trail,55428,MN,pcamilipx@state.tx.us
935,Ignatius Victoria,93 Basil Place,44555,OH,ivictoriapy@princeton.edu
936,Arabela Mohan,54146 Pleasure Terrace,93111,CA,amohanpz@rediff.com
937,Gonzalo Churchward,0617 Roth Park,94405,CA,gchurchwardq0@xrea.com
938,Gianna Waters,73397 Transport Junction,25356,WV,gwatersq1@tamu.edu
939,Marcelia Shoutt,4233 Dryden Junction,75367,TX,mshouttq2@list-manage.com
940,Brandais Maitland,7 Lawn Parkway,57105,SD,bmaitlandq3@mapquest.com
941,Glendon Hince,27554 Butternut Drive,16550,PA,ghinceq4@webeden.co.uk
942,Nancee Botcherby,49268 Parkside Circle,22301,VA,nbotcherbyq5@studiopress.com
943,Madeleine Kubin,9 Butternut Lane,35815,AL,mkubinq6@theatlantic.com
944,Bartie Vinnick,24330 Brentwood Park,32808,FL,bvinnickq7@ehow.com
945,Raynor Elsom,66683 Knutson Plaza,19184,PA,relsomq8@blogger.com
946,Jami Stooders,220 Portage Road,07305,NJ,jstoodersq9@nsw.gov.au
947,Cecil MacCumiskey,008 Manufacturers Parkway,23471,VA,cmaccumiskeyqa@imgur.com
948,Lurleen Ruttgers,1174 Declaration Pass,97075,OR,lruttgersqb@nyu.edu
949,Carole Lyford,87 Heffernan Junction,53405,WI,clyfordqc@symantec.com
950,Bil Hanrahan,091 Homewood Way,17110,PA,bhanrahanqd@sphinn.com
951,Regina Gravatt,57890 Dovetail Place,99522,AK,rgravattqe@constantcontact.com
952,Laurent Over,74970 Del Mar Hill,64199,MO,loverqf@upenn.edu
953,Harlie Grassin,2756 Almo Court,23225,VA,hgrassinqg@angelfire.com
954,Pierson Penniell,20 Reindahl Parkway,88546,TX,ppenniellqh@microsoft.com
955,Quintana Balkwill,55273 Sycamore Road,84170,UT,qbalkwillqi@ow.ly
956,Forbes Burfoot,209 Mccormick Junction,30386,GA,fburfootqj@gnu.org
957,Prescott Whitta,04 Southridge Park,45999,OH,pwhittaqk@redcross.org
958,Bambie Aire,0338 Fallview Place,17405,PA,baireql@sogou.com
959,Grant Innerstone,2825 Westridge Avenue,46406,IN,ginnerstoneqm@ehow.com
960,Alford Norsworthy,4 Evergreen Road,92186,CA,anorsworthyqn@cnet.com
961,Sonia Cerman,06 Tennyson Place,33158,FL,scermanqo@bravesites.com
962,Kristel Lghan,210 Sage Lane,74149,OK,klghanqp@ow.ly
963,Ardenia Summerell,09020 Mandrake Pass,11241,NY,asummerellqq@e-recht24.de
964,Roana Greenfield,80157 Mcguire Road,83705,ID,rgreenfieldqr@army.mil
965,Moselle Tesche,94 Kingsford Plaza,19151,PA,mtescheqs@vkontakte.ru
966,Clerissa Whiles,14 Riverside Crossing,64179,MO,cwhilesqt@uol.com.br
967,Candi Ticic,8976 Delladonna Point,59771,MT,cticicqu@seattletimes.com
968,Conan Kimbrough,6412 Mcbride Road,13224,NY,ckimbroughqv@hexun.com
969,Jamima Bougourd,27 Redwing Way,19196,PA,jbougourdqw@rediff.com
970,Chandal Beamand,06762 Vahlen Lane,23289,VA,cbeamandqx@com.com
971,Alecia Hall-Gough,836 Corscot Circle,77206,TX,ahallgoughqy@spiegel.de
972,Averyl Rupel,71860 Amoth Pass,92145,CA,arupelqz@meetup.com
973,Ewan Washbrook,0 Chinook Center,98133,WA,ewashbrookr0@flavors.me
974,Janette Scipsey,88394 Erie Parkway,63126,MO,jscipseyr1@nymag.com
975,Mara Archard,46 Old Gate Terrace,91606,CA,marchardr2@jugem.jp
976,Dori Campa,6115 Hoard Point,10099,NY,dcampar3@hexun.com
977,Jacinta de Broke,74325 Helena Pass,46805,IN,jder4@dailymotion.com
978,Duke Ulrik,923 Atwood Junction,45254,OH,dulrikr5@tinyurl.com
979,Shae Beer,2 Fordem Pass,85715,AZ,sbeerr6@tinyurl.com
980,Farrell Newall,6 Buell Plaza,46266,IN,fnewallr7@bing.com
981,Denis Housam,3643 Blaine Pass,46867,IN,dhousamr8@dagondesign.com
982,Jammal Kingsnode,2774 Huxley Pass,48098,MI,jkingsnoder9@posterous.com
983,Ondrea Kindall,08 Northport Terrace,70005,LA,okindallra@sbwire.com
984,Cristiano Brougham,346 Westport Trail,46614,IN,cbroughamrb@myspace.com
985,Giraldo Kienzle,62 Sachs Crossing,21216,MD,gkienzlerc@twitter.com
986,Drugi Fahy,69 Kingsford Drive,48258,MI,dfahyrd@reddit.com
987,Neill MacWhan,1 Derek Trail,55172,MN,nmacwhanre@squidoo.com
988,Goldie McEnteggart,99 Troy Hill,60158,IL,gmcenteggartrf@nhs.uk
989,Louisa de Broke,03559 Mariners Cove Trail,78426,TX,lderg@goo.ne.jp
990,Putnam Greves,8480 Katie Terrace,02124,MA,pgrevesrh@bing.com
991,Brandice Hilley,32 Anzinger Park,14263,NY,bhilleyri@github.com
992,Trevor Tregensoe,7 Hermina Circle,19897,DE,ttregensoerj@edublogs.org
993,Wilfrid Larraway,4878 Schiller Center,11220,NY,wlarrawayrk@constantcontact.com
994,Barrie Westman,6872 Bunting Trail,83405,ID,bwestmanrl@archive.org
995,Robbyn Chesley,64451 Reindahl Trail,27705,NC,rchesleyrm@de.vu
996,Bealle McRinn,6 Old Gate Terrace,29905,SC,bmcrinnrn@uiuc.edu
997,Denver Jeanet,5 Talisman Plaza,94297,CA,djeanetro@cbslocal.com
998,Kellia Imloch,768 Hansons Hill,17105,PA,kimlochrp@reddit.com
999,Hillard Everard,6 Holy Cross Circle,80935,CO,heverardrq@jugem.jp
1000,Lorine Charlo,4850 Carberry Lane,35215,AL,lcharlorr@mapquest.com
