id,name,address,zipcode,state,email
1,Andie Hallgath,554 Riverside Drive,45203,OH,ahallgath0@admin.ch
2,Rollins Gawthrop,8611 Loeprich Terrace,21282,MD,rgawthrop1@apache.org
3,Chrissie Basnett,8120 Anniversary Circle,19115,PA,cbasnett2@timesonline.co.uk
4,Gloriana Profit,2 Namekagon Plaza,53285,WI,gprofit3@apache.org
5,Wendye Camier,8 Crowley Junction,40581,KY,wcamier4@mapquest.com
6,Scarlet Wickham,1178 Kensington Center,60435,IL,swickham5@google.pl
7,Janek Grindall,81219 Mandrake Park,15230,PA,jgrindall6@irs.gov
8,Joyann Bundy,1 Blaine Plaza,16550,PA,jbundy7@creativecommons.org
9,Merrielle Alderton,4 American Ash Avenue,94042,CA,malderton8@sun.com
10,Hayward Cleverley,237 Pepper Wood Junction,94177,CA,hcleverley9@berkeley.edu
11,Ward Blundel,1337 Maple Wood Court,53710,WI,wblundela@cnet.com
12,Adham Rootham,61101 Grayhawk Place,33190,FL,aroothamb@ihg.com
13,Hamish Ricciardi,3 Amoth Plaza,77505,TX,hricciardic@techcrunch.com
14,Kirby Burdus,80 Summer Ridge Parkway,79415,TX,kburdusd@sakura.ne.jp
15,Donavon Lamshead,862 Atwood Court,46805,IN,dlamsheade@omniture.com
16,Hermie Schruyers,160 Carioca Center,76178,TX,hschruyersf@stanford.edu
17,Giuseppe Eversley,98 Mayfield Court,94522,CA,geversleyg@behance.net
18,Abeu Bassford,7038 Morningstar Alley,43699,OH,abassfordh@pcworld.com
19,Esteban Braiden,1 Ridge Oak Hill,78703,TX,ebraideni@java.com
20,Karita Duerdin,9 Riverside Pass,40576,KY,kduerdinj@vk.com
21,Randa Tarr,3 Sauthoff Park,60604,IL,rtarrk@nba.com
22,Crista Mingus,50213 Lotheville Road,76011,TX,cmingusl@odnoklassniki.ru
23,Shannon Froome,0 Schiller Avenue,12247,NY,sfroomem@nasa.gov
24,Gael Breed,1246 Larry Road,32605,FL,gbreedn@parallels.com
25,Cass McGrath,445 Bartillon Terrace,21275,MD,cmcgratho@reuters.com
26,Gavan Adran,32 Ridgeview Circle,38308,TN,gadranp@biblegateway.com
27,Gearard McCallion,6 Redwing Crossing,32909,FL,gmccallionq@tumblr.com
28,Siusan Amner,231 Banding Trail,20883,MD,samnerr@epa.gov
29,Wald Gibbin,705 Larry Point,70805,LA,wgibbins@biglobe.ne.jp
30,Edlin McKenny,534 Thackeray Way,65810,MO,emckennyt@ft.com
31,Jessalin Lempenny,360 Norway Maple Center,55407,MN,jlempennyu@princeton.edu
32,Piggy Aulds,07 Hayes Place,28242,NC,pauldsv@businessweek.com
33,Dukie Feldon,7794 Ohio Alley,90410,CA,dfeldonw@ebay.com
34,Cherry Duffy,2 Havey Parkway,93721,CA,cduffyx@wiley.com
35,Lotta Pressland,5691 Bunker Hill Lane,29505,SC,lpresslandy@dagondesign.com
36,Perkin Darnborough,79 Thompson Lane,32605,FL,pdarnboroughz@amazon.com
37,Darill Vasiliu,5 South Trail,17605,PA,dvasiliu10@hostgator.com
38,Goddard Bythway,729 Fair Oaks Circle,33305,FL,gbythway11@cmu.edu
39,Mitchael Millberg,5513 Comanche Park,79984,TX,mmillberg12@marriott.com
40,Marcella Cullagh,11 Golf View Terrace,83206,ID,mcullagh13@jimdo.com
41,Fredric Dulany,30579 Bluejay Place,89120,NV,fdulany14@hc360.com
42,Vitoria Emons,4601 Fair Oaks Junction,22096,VA,vemons15@fastcompany.com
43,Mada Dybald,4 Sauthoff Park,92862,CA,mdybald16@mac.com
44,Grethel Bonsey,4752 Lindbergh Park,77020,TX,gbonsey17@guardian.co.uk
45,Wendeline Estevez,42 Grim Park,77020,TX,westevez18@toplist.cz
46,Florry Ayers,421 Vera Avenue,45408,OH,fayers19@paypal.com
47,Ginger Cowe,34 Westerfield Junction,72118,AR,gcowe1a@freewebs.com
48,Sianna Karslake,803 6th Park,14263,NY,skarslake1b@usnews.com
49,Wynne Gjerde,7549 Sloan Pass,95150,CA,wgjerde1c@newyorker.com
50,Berk Whetland,924 Gina Junction,06127,CT,bwhetland1d@privacy.gov.au
51,Greer Desesquelle,782 Ridge Oak Court,70607,LA,gdesesquelle1e@vk.com
52,Joane Cassedy,40095 Lukken Place,98148,WA,jcassedy1f@dropbox.com
53,Bat Siveter,06 Cascade Place,95173,CA,bsiveter1g@last.fm
54,Hollis Hoggan,18 Vernon Road,79415,TX,hhoggan1h@flickr.com
55,Dell Barltrop,53 Carberry Hill,77228,TX,dbarltrop1i@delicious.com
56,Armando Vasechkin,9 Hallows Circle,20210,DC,avasechkin1j@utexas.edu
57,Gwenette Wastling,9 Aberg Hill,76544,TX,gwastling1k@canalblog.com
58,Frasier Lammerding,97 Anthes Pass,76110,TX,flammerding1l@mlb.com
59,Con Newart,12 Derek Pass,79171,TX,cnewart1m@salon.com
60,Claudio McDyer,847 Gateway Road,35279,AL,cmcdyer1n@pagesperso-orange.fr
61,Blithe O' Molan,7316 Bobwhite Place,35905,AL,bo1o@salon.com
62,Teri Simison,5 Mendota Street,94975,CA,tsimison1p@nasa.gov
63,Elwood Jervis,21 Hollow Ridge Junction,95118,CA,ejervis1q@admin.ch
64,Mirelle Lissandrini,68 Killdeer Park,40524,KY,mlissandrini1r@meetup.com
65,Ogdan Merrgan,66131 Village Green Avenue,53205,WI,omerrgan1s@google.pl
66,Claire Emburey,20564 Logan Pass,64179,MO,cemburey1t@sohu.com
67,Doralynne Mixworthy,6 Onsgard Lane,36195,AL,dmixworthy1u@opera.com
68,Katuscha Austwick,8092 Buena Vista Center,40510,KY,kaustwick1v@irs.gov
69,Corrie Dinsey,13710 Columbus Terrace,81010,CO,cdinsey1w@google.ru
70,Janis Rengger,75 Crowley Place,19178,PA,jrengger1x@blogtalkradio.com
71,Bobina Hoff,1459 Utah Center,93407,CA,bhoff1y@blogspot.com
72,Constantia Hummerston,8821 Bonner Crossing,02109,MA,chummerston1z@flavors.me
73,Mirabel McAless,64 Mifflin Crossing,43231,OH,mmcaless20@nifty.com
74,Richart Bertomier,39 Dawn Lane,63196,MO,rbertomier21@amazon.co.jp
75,Rahel Thandi,01733 Bartillon Hill,45238,OH,rthandi22@parallels.com
76,Lonnie O'Noulane,909 Hauk Park,30066,GA,lonoulane23@ow.ly
77,Amelina Follit,86841 South Avenue,20392,DC,afollit24@yahoo.com
78,Yasmin Aps,0170 Bashford Place,68164,NE,yaps25@ovh.net
79,Kenon Shurrock,7590 Ridgeview Parkway,28220,NC,kshurrock26@a8.net
80,Livvie Doulton,5 Huxley Lane,48126,MI,ldoulton27@jalbum.net
81,Jolyn Perle,974 Milwaukee Alley,94064,CA,jperle28@arizona.edu
82,Sylas MacGray,80663 Kropf Terrace,83206,ID,smacgray29@ameblo.jp
83,Debbi Caff,501 Troy Drive,90831,CA,dcaff2a@csmonitor.com
84,Starla Baggs,72 Lakewood Gardens Hill,61825,IL,sbaggs2b@japanpost.jp
85,Eduard Trigwell,87 Hoffman Plaza,92405,CA,etrigwell2c@dion.ne.jp
86,Queenie Penrice,09577 School Alley,37235,TN,qpenrice2d@mac.com
87,Terri Hegarty,2477 Nelson Trail,84135,UT,thegarty2e@sogou.com
88,Freda Wathell,110 Bunker Hill Road,68164,NE,fwathell2f@cbslocal.com
89,Rolph McPhilemy,23 Oakridge Point,92013,CA,rmcphilemy2g@umn.edu
90,Land Lydford,9921 Sage Court,46862,IN,llydford2h@jigsy.com
91,Tisha Dodds,00495 Lillian Way,60193,IL,tdodds2i@yale.edu
92,Fania Jeannon,6278 Nova Terrace,84130,UT,fjeannon2j@facebook.com
93,Shadow Long,91285 Dunning Park,89178,NV,slong2k@amazonaws.com
94,Ira De La Haye,742 Steensland Circle,20530,DC,ide2l@psu.edu
95,Tyrus Swane,1 Starling Street,33153,FL,tswane2m@paypal.com
96,Maisey Gonnin,43 Fremont Terrace,68179,NE,mgonnin2n@marriott.com
97,Tarra Ivanikhin,0417 Lillian Point,32835,FL,tivanikhin2o@reuters.com
98,Gery McLay,1 Lukken Circle,21229,MD,gmclay2p@bloomberg.com
99,Deanne Huyge,43 Londonderry Plaza,10155,NY,dhuyge2q@xinhuanet.com
100,Hunt Crigin,84199 Melody Road,33906,FL,hcrigin2r@mtv.com
101,Hayden O'Lagene,30458 Amoth Street,75205,TX,holagene2s@aboutads.info
102,Babbie Jeffs,3669 Vera Pass,23228,VA,bjeffs2t@xinhuanet.com
103,Catherine Gabler,35875 Banding Pass,46207,IN,cgabler2u@macromedia.com
104,Heinrik Rabbitt,00659 Jackson Center,97306,OR,hrabbitt2v@ucoz.com
105,Mignon Salleir,3882 Sommers Way,78278,TX,msalleir2w@free.fr
106,Emmeline Kirsop,57823 Rieder Drive,02216,MA,ekirsop2x@columbia.edu
107,Rivi McCurtin,93 Maywood Point,13210,NY,rmccurtin2y@newsvine.com
108,Kellia Scarth,0446 Drewry Way,94237,CA,kscarth2z@imdb.com
109,Gaylene Duham,58243 Mallory Alley,20456,DC,gduham30@networkadvertising.org
110,Brantley Mackin,84 Springs Terrace,11480,NY,bmackin31@ox.ac.uk
111,Christoforo Codner,4586 Katie Drive,70593,LA,ccodner32@globo.com
112,Kerk Kenderdine,4754 Eastlawn Crossing,92105,CA,kkenderdine33@dailymotion.com
113,Cy Manklow,45 Scott Lane,32220,FL,cmanklow34@nymag.com
114,Rosemonde Rowntree,9003 Lighthouse Bay Circle,34290,FL,rrowntree35@ibm.com
115,Nettle Pilch,18 Merrick Pass,97240,OR,npilch36@pcworld.com
116,Stephen Ealles,57520 Toban Point,85077,AZ,sealles37@bbb.org
117,Garnette Forgie,0540 Dawn Drive,23208,VA,gforgie38@discovery.com
118,Dinnie Ivanichev,1 Lotheville Alley,79977,TX,divanichev39@free.fr
119,Carolus Oattes,958 Waywood Circle,85010,AZ,coattes3a@dot.gov
120,Eugene Bartalot,85265 Onsgard Center,94121,CA,ebartalot3b@wunderground.com
121,Melania Muckloe,4 North Court,43615,OH,mmuckloe3c@usda.gov
122,Kirby Parkes,69 Dakota Crossing,33069,FL,kparkes3d@google.com
123,Elihu Rollinson,5029 Algoma Trail,66617,KS,erollinson3e@wp.com
124,Ekaterina Cutress,2099 Ronald Regan Alley,33180,FL,ecutress3f@go.com
125,Franny Philipeau,69 Gale Lane,89550,NV,fphilipeau3g@nydailynews.com
126,Adolpho Premble,21 Killdeer Drive,20046,DC,apremble3h@vk.com
127,Boigie Wane,53200 Old Shore Plaza,11210,NY,bwane3i@hatena.ne.jp
128,Brandy Alred,19 Hallows Way,25356,WV,balred3j@domainmarket.com
129,Hillel Teodorski,906 Sachs Alley,65105,MO,hteodorski3k@cbc.ca
130,Devin O'Farris,75314 Rowland Place,66105,KS,dofarris3l@google.co.uk
131,Basilio Gerin,761 Farmco Trail,19109,PA,bgerin3m@sitemeter.com
132,Alwin Field,067 Union Parkway,80241,CO,afield3n@acquirethisname.com
133,Margi Chatres,768 Pine View Drive,73071,OK,mchatres3o@chron.com
134,Zorina Lindenfeld,621 Prairie Rose Circle,15286,PA,zlindenfeld3p@reference.com
135,Kathye Cawston,73096 Mallory Place,45203,OH,kcawston3q@latimes.com
136,Alidia Coughlan,414 South Park,95823,CA,acoughlan3r@usnews.com
137,Tommie Collyns,4 Fisk Pass,20380,DC,tcollyns3s@barnesandnoble.com
138,Gilda Steutly,49646 Green Alley,33763,FL,gsteutly3t@ftc.gov
139,Lanie Stonhouse,4 Spohn Hill,22036,VA,lstonhouse3u@smh.com.au
140,Rudd Mapson,04599 Ruskin Drive,20299,DC,rmapson3v@reddit.com
141,Lawrence Fendlen,98 La Follette Circle,11241,NY,lfendlen3w@unc.edu
142,Blanche Panketh,82 Lake View Alley,28205,NC,bpanketh3x@businessweek.com
143,Maxwell Sandars,42 Morning Trail,46620,IN,msandars3y@oracle.com
144,Charmaine Domenge,073 Sachs Drive,21281,MD,cdomenge3z@google.de
145,Bethany Yeardley,93 Union Lane,35285,AL,byeardley40@nps.gov
146,Art Marchant,11 Sage Hill,29805,SC,amarchant41@amazon.de
147,Colas Roblett,93512 Troy Trail,18105,PA,croblett42@sfgate.com
148,Anastassia Custance,3032 American Ash Place,85067,AZ,acustance43@quantcast.com
149,Caryl Ties,394 Moland Hill,23293,VA,cties44@lycos.com
150,Willis Scini,677 Eggendart Lane,79940,TX,wscini45@github.com
151,Charmaine Costar,521 Eastlawn Crossing,44329,OH,ccostar46@go.com
152,Annissa Levermore,79 Sachs Junction,11254,NY,alevermore47@illinois.edu
153,Hyman Tivnan,813 Eastwood Trail,55402,MN,htivnan48@jiathis.com
154,Ruy Borrett,0 Hanover Trail,73124,OK,rborrett49@barnesandnoble.com
155,Cull Cawsey,15 Bunting Plaza,10024,NY,ccawsey4a@princeton.edu
156,Patrizia Bendixen,5 Lerdahl Parkway,06510,CT,pbendixen4b@businessinsider.com
157,Howey Spoor,129 Clarendon Place,10024,NY,hspoor4c@google.it
158,Robert Dorward,3 Dayton Drive,37220,TN,rdorward4d@narod.ru
159,Karon Hardes,17 Lunder Circle,93034,CA,khardes4e@dropbox.com
160,Cristiano Troop,6642 Hudson Parkway,92640,CA,ctroop4f@macromedia.com
161,Carlo Rooms,98187 Service Lane,64054,MO,crooms4g@linkedin.com
162,Alysia Kleingrub,1 Manley Crossing,19146,PA,akleingrub4h@sfgate.com
163,Johan Costa,917 Hudson Crossing,92844,CA,jcosta4i@nhs.uk
164,Kelcy Gainsborough,0 Dapin Crossing,74116,OK,kgainsborough4j@nasa.gov
165,Yankee Bazoche,3765 Gerald Parkway,92105,CA,ybazoche4k@mlb.com
166,Lu Dickenson,4 Prairie Rose Junction,11054,NY,ldickenson4l@nhs.uk
167,Ethelda Fawssett,7 Old Shore Court,21282,MD,efawssett4m@chronoengine.com
168,Fabio Paullin,46326 Commercial Drive,90030,CA,fpaullin4n@squarespace.com
169,Clay Shoutt,457 American Ash Terrace,83711,ID,cshoutt4o@shutterfly.com
170,Willey Cunnington,601 Esker Street,95219,CA,wcunnington4p@bing.com
171,Jaime Klaggeman,574 Oak Street,66606,KS,jklaggeman4q@tinypic.com
172,Artie Schimon,731 Wayridge Pass,92056,CA,aschimon4r@who.int
173,Nyssa Bentinck,2 Pond Crossing,33421,FL,nbentinck4s@miitbeian.gov.cn
174,Patrick Vanyarkin,839 7th Crossing,34615,FL,pvanyarkin4t@unc.edu
175,Porter Gianni,71 Logan Terrace,20220,DC,pgianni4u@4shared.com
176,Teri Atcock,8463 Grasskamp Drive,30022,GA,tatcock4v@yolasite.com
177,Allison Duthie,04 Fieldstone Drive,20319,DC,aduthie4w@gmpg.org
178,Claudius Smeall,6661 Di Loreto Junction,78291,TX,csmeall4x@irs.gov
179,Pepita Eustace,2397 Burrows Lane,98175,WA,peustace4y@dyndns.org
180,Ian Doogan,933 Nevada Point,78410,TX,idoogan4z@wix.com
181,Carmina Roggers,49038 Florence Hill,94169,CA,croggers50@irs.gov
182,Julina Morat,398 Lien Alley,76544,TX,jmorat51@hibu.com
183,Madelena Champness,36 Grasskamp Lane,60652,IL,mchampness52@mac.com
184,Orville Jorio,41 Debs Alley,19141,PA,ojorio53@ted.com
185,Jolee Barber,64 Loeprich Lane,73142,OK,jbarber54@sitemeter.com
186,Mirabella Cordeix,544 Old Gate Circle,73179,OK,mcordeix55@japanpost.jp
187,Boycie Micklem,12638 Mcguire Circle,46226,IN,bmicklem56@home.pl
188,Leslie Gronou,96067 Eggendart Junction,85271,AZ,lgronou57@phpbb.com
189,Hartley Hairs,1899 Continental Junction,06140,CT,hhairs58@go.com
190,Bartel Beckerleg,243 Blue Bill Park Street,10292,NY,bbeckerleg59@elpais.com
191,Onida Gatherer,714 Magdeline Plaza,33610,FL,ogatherer5a@google.nl
192,Mariya Height,5217 Cherokee Circle,74149,OK,mheight5b@uiuc.edu
193,Orrin Bolwell,0314 Basil Hill,30358,GA,obolwell5c@chronoengine.com
194,Randi Kearns,4286 Corscot Avenue,71130,LA,rkearns5d@cloudflare.com
195,Alf Andrusov,9831 Helena Terrace,93005,CA,aandrusov5e@cisco.com
196,Martainn Duferie,66 Atwood Junction,40618,KY,mduferie5f@mac.com
197,Dulsea Skune,37 Bluejay Center,70894,LA,dskune5g@youku.com
198,Olwen Wyldes,4067 Ruskin Street,66205,KS,owyldes5h@yellowbook.com
199,Scarface Truss,60788 Vera Avenue,30336,GA,struss5i@shinystat.com
200,Billie Beirne,10435 Summit Street,20918,MD,bbeirne5j@msu.edu
201,Paco Matthewes,3317 Nelson Way,79916,TX,pmatthewes5k@youtube.com
202,Sloane Hopfer,9 Carioca Circle,75265,TX,shopfer5l@paypal.com
203,Marina Twaits,8 Superior Way,79905,TX,mtwaits5m@ox.ac.uk
204,Sapphira Porch,1952 Anniversary Alley,79769,TX,sporch5n@friendfeed.com
205,Adoree Visco,38 Monterey Trail,84115,UT,avisco5o@lycos.com
206,Lynelle Faire,6536 Harbort Drive,80249,CO,lfaire5p@devhub.com
207,Devondra Impy,22 Mandrake Junction,20022,DC,dimpy5q@ucoz.ru
208,Vito Glasbey,2 Leroy Center,20719,MD,vglasbey5r@nytimes.com
209,Violette Pinney,487 Pawling Lane,61656,IL,vpinney5s@washingtonpost.com
210,Lorelle Wisniewski,380 Roxbury Drive,08619,NJ,lwisniewski5t@apple.com
211,Margo Bert,4576 Hollow Ridge Pass,60208,IL,mbert5u@umn.edu
212,Jereme Jaume,420 Bayside Road,92662,CA,jjaume5v@abc.net.au
213,Bondon Aveling,015 Meadow Ridge Point,14233,NY,baveling5w@sitemeter.com
214,Brock Duckitt,83004 Annamark Street,53726,WI,bduckitt5x@deviantart.com
215,Sigfried Harsnep,5723 Service Center,90040,CA,sharsnep5y@icio.us
216,Justen Kleisle,729 Loomis Circle,27116,NC,jkleisle5z@independent.co.uk
217,Rhett Ditty,735 Twin Pines Point,06606,CT,rditty60@mtv.com
218,Erasmus Barltrop,97 Spaight Avenue,61656,IL,ebarltrop61@vkontakte.ru
219,Ham Derrington,5169 Namekagon Way,45271,OH,hderrington62@engadget.com
220,Darrin Benson,3568 Westerfield Place,32595,FL,dbenson63@netlog.com
221,Dodie Burnet,9 Golf Course Park,34114,FL,dburnet64@npr.org
222,Zolly Antonoyev,78092 Namekagon Hill,85205,AZ,zantonoyev65@sitemeter.com
223,Jolyn Gouldstraw,265 Maple Circle,79410,TX,jgouldstraw66@gravatar.com
224,Reagan Calladine,6 Sage Street,78278,TX,rcalladine67@marketwatch.com
225,Nicolette Hinge,4 Myrtle Hill,92867,CA,nhinge68@rambler.ru
226,Jenilee Bridgstock,3517 Declaration Pass,53285,WI,jbridgstock69@prlog.org
227,Burty O'Kinneally,67714 Farragut Road,14614,NY,bokinneally6a@hatena.ne.jp
228,Iris Lis,924 Rigney Pass,27455,NC,ilis6b@symantec.com
229,Michaelina Thomel,66310 Mifflin Alley,83711,ID,mthomel6c@a8.net
230,Clemence Syers,114 Pepper Wood Road,90510,CA,csyers6d@discovery.com
231,Park Norledge,0 Almo Court,78778,TX,pnorledge6e@miibeian.gov.cn
232,Christie Berzon,1991 Ludington Road,85732,AZ,cberzon6f@businessweek.com
233,Bren Capin,35 Kennedy Way,58505,ND,bcapin6g@google.com.au
234,Torrie Bond,8 Bluestem Circle,10305,NY,tbond6h@ucsd.edu
235,Analiese Grindrod,58937 6th Street,61656,IL,agrindrod6i@oracle.com
236,Carey Malser,3 Stuart Lane,46867,IN,cmalser6j@tamu.edu
237,Ellen Augur,354 East Drive,81010,CO,eaugur6k@alibaba.com
238,Jayne Ghilardi,9413 Knutson Place,71208,LA,jghilardi6l@technorati.com
239,Carina Bagley,6 Clemons Point,33416,FL,cbagley6m@about.me
240,Zachery Wimpeney,7355 Myrtle Hill,75323,TX,zwimpeney6n@ocn.ne.jp
241,Manuel McAvaddy,2 Thackeray Crossing,92878,CA,mmcavaddy6o@google.ru
242,Lauritz Mattusov,834 Village Green Crossing,72209,AR,lmattusov6p@newsvine.com
243,Norman Barti,8767 Blackbird Place,22313,VA,nbarti6q@list-manage.com
244,Leandra Filipyev,3582 Rowland Parkway,30195,GA,lfilipyev6r@apache.org
245,Murdock Wankling,2805 Lyons Road,89140,NV,mwankling6s@epa.gov
246,Barde Dowell,9 Sherman Point,98442,WA,bdowell6t@1und1.de
247,Mendie Graddell,628 Beilfuss Road,31904,GA,mgraddell6u@ft.com
248,Junina Curr,4981 Marquette Center,90398,CA,jcurr6v@alexa.com
249,Benni Maevela,0 Farragut Center,22205,VA,bmaevela6w@nytimes.com
250,Megen Zeplin,814 Florence Lane,68524,NE,mzeplin6x@csmonitor.com
251,Dinny Lello,6 Lyons Lane,53220,WI,dlello6y@wikimedia.org
252,Flo Svanini,60093 Gateway Lane,84409,UT,fsvanini6z@t.co
253,Jard Vasyukhin,86664 Larry Hill,14233,NY,jvasyukhin70@princeton.edu
254,Lin Pleaden,34267 Anzinger Park,68517,NE,lpleaden71@eepurl.com
255,Yorgo McCaughran,42 Di Loreto Drive,62756,IL,ymccaughran72@ebay.com
256,Chan Mawson,5 Thierer Avenue,70116,LA,cmawson73@flavors.me
257,Tana Skune,04 Sage Park,13205,NY,tskune74@w3.org
258,Chic Sleeford,95685 Carey Drive,34665,FL,csleeford75@smh.com.au
259,Tamqrah Savile,2 Florence Way,65810,MO,tsavile76@ebay.com
260,Sean Whitland,609 Valley Edge Way,20010,DC,swhitland77@nba.com
261,Craggie Raye,741 Portage Center,66286,KS,craye78@hao123.com
262,Malia Clarke-Williams,95 Packers Way,85099,AZ,mclarkewilliams79@bravesites.com
263,Garrott Sandercroft,07670 Browning Park,39236,MS,gsandercroft7a@walmart.com
264,Isabelita Lucas,48487 Marquette Drive,18763,PA,ilucas7b@theglobeandmail.com
265,Nonnah Gianinotti,6038 Linden Alley,06922,CT,ngianinotti7c@prweb.com
266,Rudolph Persent,19586 Scoville Circle,06905,CT,rpersent7d@csmonitor.com
267,Barb Raulston,8231 South Plaza,78778,TX,braulston7e@ning.com
268,Anabella Rainsbury,5788 Morrow Court,79955,TX,arainsbury7f@telegraph.co.uk
269,Leigha Bourton,652 Hintze Court,76192,TX,lbourton7g@issuu.com
270,Brandie Sibly,013 John Wall Parkway,84170,UT,bsibly7h@cam.ac.uk
271,Frank Speariett,49554 Westport Center,31405,GA,fspeariett7i@wordpress.com
272,Elyse Polin,40 Golf Course Crossing,11215,NY,epolin7j@google.com.br
273,Dasya Polson,59741 Laurel Parkway,40515,KY,dpolson7k@biglobe.ne.jp
274,Iolanthe Winters,55 Elmside Plaza,84110,UT,iwinters7l@narod.ru
275,Baxie Godon,7045 Northfield Drive,43210,OH,bgodon7m@hp.com
276,Marven Dignan,38497 Golden Leaf Crossing,55458,MN,mdignan7n@virginia.edu
277,Gradey Favell,8 Pearson Street,90060,CA,gfavell7o@ca.gov
278,Jenifer Quested,6150 Dayton Point,32118,FL,jquested7p@sakura.ne.jp
279,Salli Balducci,93334 Stone Corner Trail,45403,OH,sbalducci7q@webeden.co.uk
280,Berti Keeling,567 Charing Cross Drive,22047,VA,bkeeling7r@storify.com
281,Wes Leavesley,38554 Oak Valley Trail,28305,NC,wleavesley7s@goodreads.com
282,Kennett Clemmen,96 Eastlawn Road,91841,CA,kclemmen7t@house.gov
283,Deloria Pettit,38 Twin Pines Center,94154,CA,dpettit7u@i2i.jp
284,Ronna Brozek,1 Troy Center,99260,WA,rbrozek7v@csmonitor.com
285,Haskell Huckel,913 Waubesa Trail,31998,GA,hhuckel7w@comsenz.com
286,Flory Ronchetti,4859 Pine View Pass,07208,NJ,fronchetti7x@ibm.com
287,Baxie Scurrah,19322 Melby Drive,20709,MD,bscurrah7y@bloomberg.com
288,Kriste Mc Gee,59654 Northview Alley,28805,NC,kmc7z@netscape.com
289,Charlene Sextone,31443 Sundown Pass,35242,AL,csextone80@icio.us
290,Hedy Shank,27 Gateway Court,37914,TN,hshank81@thetimes.co.uk
291,Rica Phillippo,48367 Dwight Court,25321,WV,rphillippo82@statcounter.com
292,Gustie MacDearmid,979 Homewood Road,76011,TX,gmacdearmid83@aol.com
293,Lidia Fishby,3 Graedel Road,77388,TX,lfishby84@stumbleupon.com
294,Jaine Thirwell,7814 Weeping Birch Street,20425,DC,jthirwell85@cmu.edu
295,Anestassia Padell,66 Swallow Point,23272,VA,apadell86@icq.com
296,Mendel Vasiltsov,8 Prairieview Alley,30351,GA,mvasiltsov87@sakura.ne.jp
297,Hally Kleynen,190 Buhler Road,67220,KS,hkleynen88@wordpress.org
298,Dante Fedorchenko,44815 Lake View Park,37939,TN,dfedorchenko89@hatena.ne.jp
299,Kerrin Ashburne,076 Maple Wood Lane,40256,KY,kashburne8a@163.com
300,Gilligan Salvati,5 Mandrake Hill,43215,OH,gsalvati8b@istockphoto.com
301,Malia Von Hindenburg,6659 Westridge Crossing,55127,MN,mvon8c@dion.ne.jp
302,Florencia Inderwick,979 Stephen Plaza,80328,CO,finderwick8d@ovh.net
303,Terence Mourge,162 Morningstar Terrace,20892,MD,tmourge8e@google.com.hk
304,Aura Bottoms,97734 Summer Ridge Drive,67230,KS,abottoms8f@bloomberg.com
305,Drud Fooks,4 Merchant Avenue,89505,NV,dfooks8g@topsy.com
306,Trisha Shillington,00262 Nancy Pass,92867,CA,tshillington8h@harvard.edu
307,Brien Troubridge,92041 Summer Ridge Terrace,30033,GA,btroubridge8i@boston.com
308,Ofilia Ferguson,18712 Clove Park,85284,AZ,oferguson8j@home.pl
309,Donnie Prisk,61954 Hermina Way,92612,CA,dprisk8k@twitter.com
310,Devlin Leatherbarrow,5378 Laurel Center,45408,OH,dleatherbarrow8l@wordpress.com
311,Bertine Milmith,1 Pankratz Plaza,72204,AR,bmilmith8m@mapy.cz
312,Charis Roos,2185 Sunnyside Lane,23459,VA,croos8n@reverbnation.com
313,Merrick Rickertsen,7 Lakeland Park,92825,CA,mrickertsen8o@reference.com
314,Kim Rossi,5003 Troy Junction,80310,CO,krossi8p@goodreads.com
315,Audy Tegeller,1587 Heath Parkway,16565,PA,ategeller8q@csmonitor.com
316,Torrence Morson,1 Randy Plaza,85219,AZ,tmorson8r@si.edu
317,Carl Rojel,2263 Harper Parkway,78285,TX,crojel8s@last.fm
318,Natty Corry,32261 Westend Crossing,33196,FL,ncorry8t@cornell.edu
319,Tobye McKelvie,14 Johnson Hill,45296,OH,tmckelvie8u@blogger.com
320,Zeke Eliasen,1 Novick Road,45419,OH,zeliasen8v@behance.net
321,Gerladina Duffil,9 Linden Avenue,32605,FL,gduffil8w@behance.net
322,Andreas Gambie,28250 Dwight Court,48670,MI,agambie8x@senate.gov
323,Christal Bugdall,92476 Fordem Point,75705,TX,cbugdall8y@netvibes.com
324,Chip Rolance,17 Cambridge Plaza,84605,UT,crolance8z@uiuc.edu
325,Nefen Cassel,305 Novick Alley,93111,CA,ncassel90@t.co
326,Rahel Stuttard,5 Eliot Way,77276,TX,rstuttard91@dailymail.co.uk
327,Farah Ceschi,167 Anderson Drive,14614,NY,fceschi92@shinystat.com
328,Ravi Clougher,9 Rieder Junction,79105,TX,rclougher93@springer.com
329,Hewet Carruthers,03 Fairfield Place,45020,OH,hcarruthers94@senate.gov
330,Windham Kubal,9260 Lien Lane,20503,DC,wkubal95@cbc.ca
331,Blanche Sandbach,35518 Pleasure Road,65898,MO,bsandbach96@360.cn
332,Alena Mitchinson,22113 Ryan Parkway,33661,FL,amitchinson97@blogger.com
333,Grange Agent,2 Eliot Plaza,97306,OR,gagent98@alibaba.com
334,Scarface Mapston,158 Bultman Park,28230,NC,smapston99@altervista.org
335,Basia Gonsalo,510 Cardinal Crossing,45243,OH,bgonsalo9a@photobucket.com
336,Gilberte Whiskin,2072 Nova Pass,06183,CT,gwhiskin9b@sciencedirect.com
337,L;urette Burgwin,3 2nd Place,17405,PA,lburgwin9c@about.com
338,Burr Karolovsky,05089 Carey Trail,35205,AL,bkarolovsky9d@hatena.ne.jp
339,Sorcha Croser,38780 Lindbergh Parkway,22036,VA,scroser9e@phoca.cz
340,Zebulon Casebourne,46775 Florence Alley,92805,CA,zcasebourne9f@topsy.com
341,Albertina Shackleford,060 Spaight Drive,83716,ID,ashackleford9g@vinaora.com
342,Lizzy Norval,36271 Valley Edge Hill,55146,MN,lnorval9h@theatlantic.com
343,Sapphira Rawdall,9449 Redwing Center,55487,MN,srawdall9i@ask.com
344,Cyrus Plevin,28 Bluestem Plaza,33233,FL,cplevin9j@typepad.com
345,Stephi Georgius,68 Loeprich Hill,93715,CA,sgeorgius9k@taobao.com
346,Aurthur Zelley,9236 Everett Place,94712,CA,azelley9l@un.org
347,Reid Gentsch,1459 Fairview Park,66105,KS,rgentsch9m@desdev.cn
348,Editha Whellans,47 Scott Way,36104,AL,ewhellans9n@wikispaces.com
349,Tait Udden,00 Forest Run Junction,95108,CA,tudden9o@cocolog-nifty.com
350,Sharleen Porson,0 Corscot Alley,66667,KS,sporson9p@liveinternet.ru
351,Faina Rumin,814 Rockefeller Park,64504,MO,frumin9q@yandex.ru
352,Sofie Cortese,416 Meadow Valley Crossing,80262,CO,scortese9r@printfriendly.com
353,Stacy Lemmertz,58330 Boyd Street,88535,TX,slemmertz9s@skyrock.com
354,Tersina Guilloneau,1835 Anzinger Parkway,33982,FL,tguilloneau9t@so-net.ne.jp
355,Dita Klementz,72 Mcguire Point,84110,UT,dklementz9u@creativecommons.org
356,Harmonia Jaggli,1858 Redwing Trail,92160,CA,hjaggli9v@zimbio.com
357,Donal Syphus,57563 Meadow Vale Drive,18018,PA,dsyphus9w@patch.com
358,Meridel Guiett,4 Thompson Way,01605,MA,mguiett9x@marriott.com
359,Shelden Dalgety,04 Talmadge Way,15261,PA,sdalgety9y@mozilla.org
360,Charissa Simkins,34 Alpine Junction,73124,OK,csimkins9z@sina.com.cn
361,Margret Gonthier,5779 7th Court,55480,MN,mgonthiera0@jugem.jp
362,Melba McEntagart,87 Northfield Plaza,46699,IN,mmcentagarta1@google.de
363,Chaddy McGlaud,280 Artisan Center,78265,TX,cmcglauda2@deliciousdays.com
364,Felizio D'Avaux,54 Oak Valley Hill,91125,CA,fdavauxa3@imdb.com
365,Ethelda Croshaw,458 Oak Alley,80262,CO,ecroshawa4@yahoo.com
366,Linea Newbery,0 Armistice Parkway,74193,OK,lnewberya5@mapy.cz
367,Hashim Bloxholm,63213 Hanover Circle,89714,NV,hbloxholma6@printfriendly.com
368,Arlee Eckhard,63382 Bunting Junction,48901,MI,aeckharda7@blogtalkradio.com
369,Linc Garbutt,65928 Maryland Park,46207,IN,lgarbutta8@ft.com
370,Alfie Perkis,819 Tennyson Way,30343,GA,aperkisa9@epa.gov
371,Sheena Remon,551 Carberry Plaza,11254,NY,sremonaa@census.gov
372,Adena Griffiths,5944 Luster Point,98417,WA,agriffithsab@stumbleupon.com
373,Anders Artois,4 Oxford Lane,60505,IL,aartoisac@photobucket.com
374,Veronika Grunbaum,1 Mayer Place,37995,TN,vgrunbaumad@miitbeian.gov.cn
375,Far Claughton,131 Glendale Way,19886,DE,fclaughtonae@ovh.net
376,Ram Crusham,4139 Meadow Vale Lane,30392,GA,rcrushamaf@qq.com
377,Jehanna Cogzell,08821 Schiller Court,30919,GA,jcogzellag@cmu.edu
378,Lesli McKee,5 Bashford Trail,30911,GA,lmckeeah@ezinearticles.com
379,Corny Kinnett,8229 Dexter Drive,20036,DC,ckinnettai@nifty.com
380,Dorice Tomala,4 Oak Valley Plaza,30343,GA,dtomalaaj@statcounter.com
381,Bernetta Kubis,3492 Truax Road,89115,NV,bkubisak@newyorker.com
382,Elaine Filgate,20168 Scofield Road,33310,FL,efilgateal@comcast.net
383,Thia Brendel,7941 Homewood Lane,19725,DE,tbrendelam@instagram.com
384,Lusa Askham,62 Coleman Center,40505,KY,laskhaman@ovh.net
385,Shirlene Hoyes,186 Independence Avenue,23514,VA,shoyesao@hostgator.com
386,Merrel Bough,87739 Oneill Terrace,53210,WI,mboughap@usnews.com
387,Jilli Tilley,44 Commercial Junction,56944,DC,jtilleyaq@accuweather.com
388,Ilysa Dreghorn,7553 Delladonna Drive,22093,VA,idreghornar@amazon.co.jp
389,Keriann Suche,00253 Sage Road,10160,NY,ksucheas@mashable.com
390,Kelli Clears,4992 Farragut Hill,06726,CT,kclearsat@lulu.com
391,Murdock Van Velden,91 Buhler Center,31422,GA,mvanau@prlog.org
392,Elianore McGauhy,10 American Ash Junction,79928,TX,emcgauhyav@g.co
393,Marcelia Garms,32554 Summer Ridge Junction,67220,KS,mgarmsaw@nature.com
394,Philis Werrilow,47173 Almo Parkway,79105,TX,pwerrilowax@theglobeandmail.com
395,Wat Davis,907 Eastlawn Crossing,62718,IL,wdavisay@desdev.cn
396,Abbye Gerrit,3506 Northfield Park,64109,MO,agerritaz@stumbleupon.com
397,Dale Moran,26 Warbler Crossing,84199,UT,dmoranb0@cafepress.com
398,Sutton McGhie,53241 Tennyson Circle,70187,LA,smcghieb1@wix.com
399,Sula Dunn,0 Steensland Avenue,88519,TX,sdunnb2@paypal.com
400,Reeva Reynalds,09 Park Meadow Parkway,77705,TX,rreynaldsb3@springer.com
401,Janessa Buckles,8045 Fordem Lane,53210,WI,jbucklesb4@fastcompany.com
402,Ariel Vevers,97 Loeprich Way,45243,OH,aveversb5@nih.gov
403,Marleen Rengger,661 Banding Street,35210,AL,mrenggerb6@skyrock.com
404,Rosalind Francescone,67 Continental Point,23293,VA,rfrancesconeb7@prweb.com
405,Ginger Van der Linde,424 Forest Hill,79699,TX,gvanb8@tripadvisor.com
406,Lorrie Abbs,614 Havey Place,94126,CA,labbsb9@purevolume.com
407,Eduard GiacobbiniJacob,075 Donald Point,49544,MI,egiacobbinijacobba@sitemeter.com
408,Dianna MacNair,7 Harbort Pass,20167,VA,dmacnairbb@senate.gov
409,Stuart Popworth,4 Washington Pass,46699,IN,spopworthbc@bloglines.com
410,Salomo Daout,91 6th Place,89505,NV,sdaoutbd@msu.edu
411,Chanda Coatman,44879 Everett Point,33069,FL,ccoatmanbe@sourceforge.net
412,Tally Hurtado,1 Waywood Way,60604,IL,thurtadobf@rambler.ru
413,Filia Manilow,08068 Tennessee Point,20436,DC,fmanilowbg@scientificamerican.com
414,Barty Burress,44 Coleman Plaza,23242,VA,bburressbh@mit.edu
415,Devon Stegel,247 Morningstar Road,18706,PA,dstegelbi@blogger.com
416,Vernice Cunliffe,2523 Shopko Lane,91199,CA,vcunliffebj@ovh.net
417,Agathe Demke,307 Lillian Junction,92835,CA,ademkebk@cam.ac.uk
418,Petra Manston,14422 Farragut Lane,90405,CA,pmanstonbl@jigsy.com
419,Marcille Menghi,579 Warbler Alley,10024,NY,mmenghibm@java.com
420,Creighton Doddridge,1571 Scofield Point,22244,VA,cdoddridgebn@squidoo.com
421,Carolan Fellgett,2 Mariners Cove Place,11220,NY,cfellgettbo@discuz.net
422,Trevor Blacklawe,22652 Cherokee Avenue,74156,OK,tblacklawebp@google.cn
423,Arri Burkert,6906 Londonderry Alley,22093,VA,aburkertbq@mozilla.com
424,Annemarie Rudham,5 5th Avenue,40576,KY,arudhambr@whitehouse.gov
425,Yolanthe Schiersch,419 Ludington Road,32505,FL,yschierschbs@globo.com
426,Clywd Barney,5 Hazelcrest Drive,30351,GA,cbarneybt@goo.ne.jp
427,Weston Dungay,8 Grayhawk Drive,63126,MO,wdungaybu@time.com
428,Martin Pirie,26661 Forest Center,60641,IL,mpiriebv@berkeley.edu
429,Kevina Cadamy,2172 Mayer Center,94137,CA,kcadamybw@home.pl
430,Marshall Pursehouse,5 Dovetail Point,55436,MN,mpursehousebx@ucsd.edu
431,Paco McCloy,305 Acker Parkway,30368,GA,pmccloyby@example.com
432,Hinda Farries,2959 Jackson Drive,65898,MO,hfarriesbz@time.com
433,Roberto Hullin,45993 Scofield Circle,79171,TX,rhullinc0@youtube.com
434,Elizabet Quodling,27 Fieldstone Way,33245,FL,equodlingc1@marketwatch.com
435,Marcela Brody,40782 Buena Vista Center,30328,GA,mbrodyc2@ocn.ne.jp
436,Lynna Striker,127 Elmside Parkway,19184,PA,lstrikerc3@upenn.edu
437,Stevy Benbough,28 Calypso Place,33731,FL,sbenboughc4@columbia.edu
438,Pedro Devers,1 Randy Parkway,75605,TX,pdeversc5@eventbrite.com
439,El Schukraft,6 Southridge Crossing,10249,NY,eschukraftc6@unicef.org
440,Lotta Burgen,3 Susan Avenue,02912,RI,lburgenc7@dailymotion.com
441,Isabeau Dumbarton,59497 Starling Way,45254,OH,idumbartonc8@wikimedia.org
442,Mortimer Doxey,14 Atwood Lane,35205,AL,mdoxeyc9@cdc.gov
443,Boone Parrin,0 Heath Drive,45218,OH,bparrinca@marriott.com
444,Wesley Bartlosz,0721 Rieder Terrace,84409,UT,wbartloszcb@ucla.edu
445,Harrison Dottrell,865 Pankratz Point,01654,MA,hdottrellcc@tinyurl.com
446,Elsie Vedenichev,216 Corben Terrace,70836,LA,evedenichevcd@businesswire.com
447,Sunshine Yandle,4510 Randy Alley,61105,IL,syandlece@amazon.co.uk
448,Madalena Haggard,754 Eastwood Park,12262,NY,mhaggardcf@cpanel.net
449,Jillayne Broome,46 Springs Court,20062,DC,jbroomecg@nature.com
450,Alvera Jeanequin,8 Cardinal Park,91406,CA,ajeanequinch@ucoz.ru
451,Sallyanne Probat,510 Everett Road,02912,RI,sprobatci@si.edu
452,Alyson Lythgoe,013 Paget Pass,33141,FL,alythgoecj@typepad.com
453,Germayne Standidge,01 Darwin Trail,19160,PA,gstandidgeck@dagondesign.com
454,Mose Tongs,66443 Upham Pass,30368,GA,mtongscl@hibu.com
455,Vite Rosenfelder,789 Brown Drive,48604,MI,vrosenfeldercm@dedecms.com
456,Stormi Broadist,05417 Warbler Junction,78255,TX,sbroadistcn@biblegateway.com
457,Hendrik Vasichev,400 Morning Plaza,63131,MO,hvasichevco@dell.com
458,Perrine Januszewicz,69646 Lyons Place,44555,OH,pjanuszewiczcp@cnet.com
459,Ozzy Garn,7543 Hintze Center,36622,AL,ogarncq@youtube.com
460,Aurea Figgess,5381 Fieldstone Parkway,70810,LA,afiggesscr@de.vu
461,Dreddy Juckes,96 Petterle Way,32304,FL,djuckescs@comcast.net
462,Natalie Edmeades,0 Hansons Center,66617,KS,nedmeadesct@wp.com
463,Archer Christiensen,72 Armistice Point,49006,MI,achristiensencu@redcross.org
464,Ula Flockhart,50607 Blue Bill Park Pass,94230,CA,uflockhartcv@geocities.com
465,Arney Neeves,3 Blaine Point,91210,CA,aneevescw@indiatimes.com
466,Phip Pettiward,14 Grayhawk Point,25721,WV,ppettiwardcx@mapy.cz
467,Ilene Triplet,34903 Waubesa Way,30306,GA,itripletcy@mlb.com
468,Towney Croll,72 Utah Hill,78220,TX,tcrollcz@hibu.com
469,Susan Lakin,21 Dennis Parkway,52245,IA,slakind0@wufoo.com
470,Leshia Roxby,34806 Dryden Center,33233,FL,lroxbyd1@house.gov
471,Cosette Lambrechts,33586 Old Gate Street,19120,PA,clambrechtsd2@dyndns.org
472,Tod Wheelton,84887 Novick Terrace,10469,NY,twheeltond3@163.com
473,Kittie Carn,71027 Pawling Parkway,32854,FL,kcarnd4@google.com
474,Rowena Quesne,99123 Esch Terrace,68124,NE,rquesned5@etsy.com
475,Roshelle Varrow,27 Prentice Crossing,50320,IA,rvarrowd6@vk.com
476,Yuma Dallaway,9 Harper Drive,12247,NY,ydallawayd7@issuu.com
477,Cyrill Marlon,8957 International Street,94616,CA,cmarlond8@imageshack.us
478,Malchy Beeton,5034 Debra Plaza,37939,TN,mbeetond9@google.cn
479,Arlie Fear,76262 Welch Way,62794,IL,afearda@latimes.com
480,Leonid Guttridge,5538 Browning Lane,28278,NC,lguttridgedb@google.it
481,Ellyn Benfield,4 Dahle Drive,94522,CA,ebenfielddc@bluehost.com
482,Giustino Cordet,9 Artisan Center,33315,FL,gcordetdd@spiegel.de
483,Harley Kean,901 Merry Pass,10557,NY,hkeande@geocities.com
484,Donavon Tubble,5 Village Plaza,21229,MD,dtubbledf@multiply.com
485,Kimbra La Rosa,2481 Fair Oaks Parkway,90847,CA,kladg@uol.com.br
486,Dede Ponnsett,651 Grasskamp Road,77250,TX,dponnsettdh@google.com.au
487,Gerhard Morse,016 Dapin Way,84130,UT,gmorsedi@yandex.ru
488,Loria Teodorski,2042 Nancy Point,19136,PA,lteodorskidj@army.mil
489,Casie Lafay,85432 Hoepker Plaza,32092,FL,clafaydk@zdnet.com
490,Trent Gounet,0 Clemons Hill,24009,VA,tgounetdl@dell.com
491,Pennie Oller,6923 Veith Trail,27157,NC,pollerdm@ovh.net
492,Tamqrah Ruckert,2 Kropf Drive,01813,MA,truckertdn@woothemes.com
493,Lilla Alpes,6 Muir Park,21211,MD,lalpesdo@ted.com
494,Alden Islep,3 Maryland Hill,48956,MI,aislepdp@jiathis.com
495,Lonni Chastenet,1 Northland Alley,52809,IA,lchastenetdq@ifeng.com
496,Gabriela Hudless,2 Laurel Avenue,70505,LA,ghudlessdr@ebay.co.uk
497,Emelita Houldin,41 Little Fleur Way,10004,NY,ehouldinds@walmart.com
498,Tymon Chartman,82 Buena Vista Pass,80204,CO,tchartmandt@github.io
499,Mona Glencrosche,673 Burning Wood Road,89110,NV,mglencroschedu@newsvine.com
500,Ogden Itzakovitz,7 Crescent Oaks Park,36628,AL,oitzakovitzdv@devhub.com
501,Jerrilyn Pane,5779 Kipling Hill,40745,KY,jpanedw@jugem.jp
502,Jory Freen,305 Cody Junction,30392,GA,jfreendx@storify.com
503,Joly Fewtrell,1 Straubel Avenue,39534,MS,jfewtrelldy@hhs.gov
504,Obed D'Onisi,54147 Forest Dale Place,97221,OR,odonisidz@spotify.com
505,Torr Veljes,74 Beilfuss Court,22156,VA,tveljese0@list-manage.com
506,Coraline Geeraert,242 Jay Circle,21282,MD,cgeeraerte1@paginegialle.it
507,Kevin Cribbins,06355 Tennessee Plaza,97221,OR,kcribbinse2@admin.ch
508,Noah Gwin,068 Nobel Street,34620,FL,ngwine3@mac.com
509,Gabbie Pikesley,9 Hauk Terrace,20397,DC,gpikesleye4@google.fr
510,Joella Kelshaw,58662 1st Place,20205,DC,jkelshawe5@goo.ne.jp
511,Currie Cromwell,11 Birchwood Junction,01610,MA,ccromwelle6@g.co
512,Beau Bennedick,43 Parkside Center,90101,CA,bbennedicke7@woothemes.com
513,Jacklyn Fullerd,44585 Blackbird Drive,43226,OH,jfullerde8@nyu.edu
514,Agustin Jurzyk,95 Clyde Gallagher Court,25726,WV,ajurzyke9@simplemachines.org
515,Omero Naisey,3 2nd Park,21747,MD,onaiseyea@mozilla.com
516,Catlee Caghy,313 Arizona Circle,37205,TN,ccaghyeb@icio.us
517,Daisi Wraight,6398 Golf Plaza,79928,TX,dwraightec@people.com.cn
518,Torey Draysay,40 Bayside Circle,84189,UT,tdraysayed@dedecms.com
519,Bellina Noonan,09457 Springview Hill,30311,GA,bnoonanee@scientificamerican.com
520,Freddie Orys,29757 Badeau Terrace,25775,WV,forysef@deviantart.com
521,Ambrosio Pullman,11 Elgar Circle,46247,IN,apullmaneg@mlb.com
522,Merrili Higginbottam,09889 High Crossing Junction,80150,CO,mhigginbottameh@archive.org
523,Jean Palin,9765 Emmet Place,93721,CA,jpalinei@miitbeian.gov.cn
524,Garret Fergie,41 Fordem Crossing,37914,TN,gfergieej@ft.com
525,Clarie Fibbings,59997 Mifflin Trail,10705,NY,cfibbingsek@example.com
526,Tammi Southwood,3793 Dottie Park,97229,OR,tsouthwoodel@xinhuanet.com
527,Audre Ballance,07 Northridge Center,36104,AL,aballanceem@uiuc.edu
528,Ashely Junifer,959 Vernon Circle,02216,MA,ajuniferen@home.pl
529,Say Grist,64085 Brickson Park Road,75246,TX,sgristeo@friendfeed.com
530,Janella Beste,617 Artisan Court,56372,MN,jbesteep@netvibes.com
531,Almire Winsor,3457 Sommers Terrace,44111,OH,awinsoreq@xrea.com
532,Chaunce Yuryatin,16 4th Park,55407,MN,cyuryatiner@census.gov
533,Kermit Lenden,0543 Calypso Point,32819,FL,klendenes@java.com
534,Broddy Follin,7354 Starling Drive,28815,NC,bfollinet@fda.gov
535,Orton Slobom,3 Gale Crossing,47905,IN,oslobomeu@amazon.co.jp
536,Clarey Swetenham,0234 Transport Trail,90310,CA,cswetenhamev@hp.com
537,Gauthier Gillino,700 Alpine Crossing,37220,TN,ggillinoew@meetup.com
538,Shurlocke Feige,89 Stone Corner Way,39210,MS,sfeigeex@harvard.edu
539,Nicko Borthwick,12545 Morning Way,94273,CA,nborthwickey@tmall.com
540,Juditha Applewhaite,78592 Vernon Alley,60691,IL,japplewhaiteez@angelfire.com
541,Erminia Prest,68718 Elka Parkway,25313,WV,eprestf0@google.com.hk
542,Coral Ledbetter,1566 Thackeray Way,74108,OK,cledbetterf1@moonfruit.com
543,Vita Dallender,72156 Northland Terrace,14652,NY,vdallenderf2@shinystat.com
544,Jordana McElhargy,1285 Redwing Crossing,37605,TN,jmcelhargyf3@chron.com
545,Jo Adnett,73071 Bay Pass,75605,TX,jadnettf4@clickbank.net
546,Timmi Crossby,2858 Carey Center,31405,GA,tcrossbyf5@japanpost.jp
547,Kettie MacFadyen,93 Quincy Court,37995,TN,kmacfadyenf6@marriott.com
548,Maxwell Chattey,605 Thackeray Avenue,66629,KS,mchatteyf7@myspace.com
549,Nanni Barton,19 Iowa Plaza,12255,NY,nbartonf8@twitter.com
550,Cristin Flitcroft,14 High Crossing Hill,14205,NY,cflitcroftf9@seesaa.net
551,Marketa Sparway,1299 West Center,24004,VA,msparwayfa@hc360.com
552,Marcelle Fitt,13555 Garrison Parkway,92410,CA,mfittfb@cnn.com
553,Archambault Buncom,52239 Holy Cross Way,90310,CA,abuncomfc@soup.io
554,Xena Litchfield,33479 Colorado Center,96845,HI,xlitchfieldfd@wiley.com
555,Biron Simmance,6 Sycamore Lane,30343,GA,bsimmancefe@parallels.com
556,Donavon Phin,063 Brentwood Court,33320,FL,dphinff@nps.gov
557,Nana Phethean,44242 Brentwood Pass,33915,FL,nphetheanfg@github.io
558,Hannah Von Hindenburg,1 Fisk Plaza,84409,UT,hvonfh@cloudflare.com
559,Flint Saul,4 Mockingbird Court,55103,MN,fsaulfi@feedburner.com
560,Dierdre Weekley,1859 Rigney Crossing,33647,FL,dweekleyfj@admin.ch
561,Luce Shrubsall,9225 Di Loreto Street,31998,GA,lshrubsallfk@about.com
562,Kimberley Tilston,8603 Basil Point,02745,MA,ktilstonfl@clickbank.net
563,Sutherlan Mycroft,7904 Menomonie Drive,55412,MN,smycroftfm@baidu.com
564,Patton Bennellick,0 Atwood Alley,40256,KY,pbennellickfn@virginia.edu
565,Peirce Darnbrough,957 Everett Hill,88579,TX,pdarnbroughfo@google.ru
566,Dyanne Morcom,87 Wayridge Park,12205,NY,dmorcomfp@shareasale.com
567,Desmund Sibylla,70 Arrowood Alley,10305,NY,dsibyllafq@sphinn.com
568,Aldous Burchatt,7 Oak Avenue,23514,VA,aburchattfr@alexa.com
569,Ruthy Sauvain,78920 Northfield Hill,98506,WA,rsauvainfs@pen.io
570,Nydia Sturr,4540 Kenwood Lane,29610,SC,nsturrft@sakura.ne.jp
571,Jordana Ivanchikov,2 Brown Terrace,55123,MN,jivanchikovfu@va.gov
572,Sheffie Gostling,2 Laurel Parkway,28278,NC,sgostlingfv@salon.com
573,Rosella Pearn,178 Macpherson Trail,98115,WA,rpearnfw@si.edu
574,Dew Surman-Wells,45 Melvin Lane,83722,ID,dsurmanwellsfx@google.de
575,Dasie Grishunin,7852 Sycamore Junction,43240,OH,dgrishuninfy@cpanel.net
576,Dugald Grierson,57061 Mandrake Crossing,27626,NC,dgriersonfz@soup.io
577,Lurleen Newens,4 Fisk Trail,02216,MA,lnewensg0@drupal.org
578,Wallace Baglan,1958 Swallow Lane,94705,CA,wbaglang1@ucoz.com
579,Gael Petrenko,6839 Dixon Court,32215,FL,gpetrenkog2@bizjournals.com
580,Lanny Simmonds,6274 Hanover Court,22205,VA,lsimmondsg3@homestead.com
581,Gertruda Dahill,37897 Nobel Drive,20580,DC,gdahillg4@joomla.org
582,Janeta Ruprich,75398 Eliot Circle,93005,CA,jruprichg5@soundcloud.com
583,Brooke Alderwick,79 Hoepker Lane,76310,TX,balderwickg6@gov.uk
584,Aurea Meo,0067 Annamark Junction,24014,VA,ameog7@acquirethisname.com
585,Deane MacGorley,68 Darwin Pass,62723,IL,dmacgorleyg8@youtu.be
586,Alvin Gibbon,6794 Twin Pines Place,90610,CA,agibbong9@mlb.com
587,Bren Hairyes,18456 Vera Center,16534,PA,bhairyesga@gnu.org
588,Hyacinth Gorsse,834 Milwaukee Junction,20268,DC,hgorssegb@tiny.cc
589,Damon Boldock,96 Manitowish Trail,60636,IL,dboldockgc@washingtonpost.com
590,Chris Muck,174 Sugar Way,88546,TX,cmuckgd@ucla.edu
591,Jacquenette Moulder,2818 Donald Plaza,16534,PA,jmoulderge@redcross.org
592,Dulcinea Stenhouse,59 Raven Circle,32891,FL,dstenhousegf@prnewswire.com
593,Brendis Timmons,1115 Eagan Lane,33913,FL,btimmonsgg@123-reg.co.uk
594,Leeann Mowson,87 Del Sol Way,90065,CA,lmowsongh@netscape.com
595,Nat Sample,5 Lerdahl Drive,94042,CA,nsamplegi@oaic.gov.au
596,Ethelind Christophersen,3980 Forster Alley,44310,OH,echristophersengj@google.com.au
597,Crista D'Arrigo,4 Carey Plaza,11241,NY,cdarrigogk@google.de
598,Dean Dear,49420 Ruskin Center,94522,CA,ddeargl@accuweather.com
599,Redford Harbisher,08 Lotheville Road,99709,AK,rharbishergm@nyu.edu
600,Alex Stanyan,0 Lawn Avenue,55551,MN,astanyangn@digg.com
601,Elmore Poynser,6 Grasskamp Crossing,19714,DE,epoynsergo@discovery.com
602,Randie Valerio,1149 Melrose Parkway,78789,TX,rvaleriogp@deviantart.com
603,Lisabeth Stanman,3 5th Hill,87195,NM,lstanmangq@army.mil
604,Cherida Scothern,86533 Evergreen Court,27635,NC,cscotherngr@twitpic.com
605,Peadar Mcall,5166 Ludington Point,32825,FL,pmcallgs@chronoengine.com
606,Yance Carncross,84982 Pawling Parkway,23272,VA,ycarncrossgt@mozilla.org
607,Filmore Jeves,63302 Darwin Drive,33982,FL,fjevesgu@baidu.com
608,Ogdon Rundle,75104 Daystar Hill,14225,NY,orundlegv@is.gd
609,Georgeta Lambrechts,10867 Forster Alley,19178,PA,glambrechtsgw@washingtonpost.com
610,Andromache Woodcroft,79 Cherokee Drive,95123,CA,awoodcroftgx@opensource.org
611,Lorin Aguilar,82 Anhalt Court,23237,VA,laguilargy@dailymail.co.uk
612,Paule Huggins,5 Westridge Trail,28289,NC,phugginsgz@printfriendly.com
613,Magdalen Dakhno,5 Fisk Point,70033,LA,mdakhnoh0@mayoclinic.com
614,Karolina Eltune,7 Sachs Point,64179,MO,keltuneh1@wikipedia.org
615,Florian Van Daalen,01287 Fairfield Terrace,33972,FL,fvanh2@usgs.gov
616,Ermin Martin,42787 Longview Street,48242,MI,emartinh3@salon.com
617,Vernice Dono,202 Londonderry Terrace,11470,NY,vdonoh4@pcworld.com
618,Corie Giffon,4989 Dwight Court,92410,CA,cgiffonh5@huffingtonpost.com
619,Biddy Cacacie,13324 Hansons Plaza,02142,MA,bcacacieh6@jugem.jp
620,Aldus Minghi,05379 Hooker Lane,76004,TX,aminghih7@squidoo.com
621,Florella Espina,56714 South Avenue,40256,KY,fespinah8@prlog.org
622,Ernestus Gambie,8819 Lakewood Gardens Lane,33543,FL,egambieh9@xrea.com
623,Ransom Kubiak,4 High Crossing Junction,27635,NC,rkubiakha@odnoklassniki.ru
624,Emmalyn Auston,1 Parkside Junction,20073,DC,eaustonhb@exblog.jp
625,Daven Roscamps,9400 Graedel Road,44305,OH,droscampshc@patch.com
626,Gail Dilawey,7 Summer Ridge Drive,20220,DC,gdilaweyhd@answers.com
627,Yorker Binham,004 Iowa Street,33028,FL,ybinhamhe@networksolutions.com
628,Simona Halfhyde,7 Darwin Circle,47705,IN,shalfhydehf@vkontakte.ru
629,Aliza Boustead,69521 Kenwood Way,33153,FL,abousteadhg@livejournal.com
630,Egbert Melanaphy,6709 Ruskin Pass,90810,CA,emelanaphyhh@4shared.com
631,Tamera Quick,246 Vidon Drive,39404,MS,tquickhi@redcross.org
632,Alameda Cridlon,0450 Sunnyside Crossing,88530,TX,acridlonhj@nasa.gov
633,Cherianne Luto,74 Claremont Hill,92862,CA,clutohk@comsenz.com
634,Bill Thaxter,8728 Glendale Road,40220,KY,bthaxterhl@geocities.jp
635,Jeramie Scrine,79 Service Avenue,15906,PA,jscrinehm@reverbnation.com
636,Karyn Studdard,0207 Anzinger Alley,02104,MA,kstuddardhn@odnoklassniki.ru
637,Maribelle Lorrie,692 Garrison Place,14215,NY,mlorrieho@java.com
638,Esdras Urry,62 Lunder Trail,85010,AZ,eurryhp@angelfire.com
639,Lorry Brailey,66021 Badeau Terrace,11236,NY,lbraileyhq@last.fm
640,Jenica Chesney,10 Saint Paul Point,78296,TX,jchesneyhr@canalblog.com
641,Alyce Allcorn,24 Vernon Pass,95852,CA,aallcornhs@histats.com
642,Adelind Heddon,58621 Lyons Alley,90810,CA,aheddonht@bbc.co.uk
643,Chad MacDermid,545 Monica Terrace,24029,VA,cmacdermidhu@reverbnation.com
644,Lorne Crooks,778 Brickson Park Circle,32819,FL,lcrookshv@twitpic.com
645,Seymour Cockcroft,0133 High Crossing Street,87140,NM,scockcrofthw@privacy.gov.au
646,Annabelle Stoddard,45905 Butternut Center,36670,AL,astoddardhx@dailymail.co.uk
647,Ottilie Demsey,5447 Bayside Center,11480,NY,odemseyhy@army.mil
648,Codi Arunowicz,9 Acker Point,85045,AZ,carunowiczhz@cyberchimps.com
649,Earvin Masic,374 Onsgard Road,40596,KY,emasici0@ezinearticles.com
650,Orella Fosken,3675 Randy Road,87195,NM,ofoskeni1@seesaa.net
651,Rayshell Chappell,23 Wayridge Lane,77266,TX,rchappelli2@mac.com
652,Lorri Schneidar,57 Brentwood Street,06183,CT,lschneidari3@vkontakte.ru
653,Clevey Crosson,1776 Onsgard Hill,93762,CA,ccrossoni4@tuttocitta.it
654,Daveta Garth,571 Schiller Point,72118,AR,dgarthi5@over-blog.com
655,Stafani Faraday,7 Sachs Junction,11470,NY,sfaradayi6@sohu.com
656,Edik L'Archer,95620 3rd Circle,63131,MO,elarcheri7@loc.gov
657,Zenia Edworthie,661 Kinsman Court,20580,DC,zedworthiei8@cloudflare.com
658,Pippa Wass,946 Truax Way,27705,NC,pwassi9@geocities.jp
659,Cassandra Thomassen,207 Drewry Hill,06510,CT,cthomassenia@pbs.org
660,Mick Oxtaby,934 Barby Place,78250,TX,moxtabyib@bigcartel.com
661,Wrennie Caw,19 Mayfield Trail,79984,TX,wcawic@photobucket.com
662,Humfried Franzman,919 Cordelia Pass,58122,ND,hfranzmanid@netlog.com
663,Koenraad Coltart,77 Washington Hill,44105,OH,kcoltartie@soundcloud.com
664,Derwin Beechcraft,3 Mccormick Park,46896,IN,dbeechcraftif@amazon.co.jp
665,Midge Prosh,73 Bayside Point,37210,TN,mproshig@sfgate.com
666,Jedidiah Hame,6 Lillian Drive,37450,TN,jhameih@tinypic.com
667,Allegra McGeffen,63 John Wall Alley,48956,MI,amcgeffenii@privacy.gov.au
668,Debbi Given,5 Eastwood Way,80305,CO,dgivenij@tamu.edu
669,Laurena Manwaring,59661 Heath Park,79118,TX,lmanwaringik@house.gov
670,Chrissy Darragon,290 Dayton Alley,80945,CO,cdarragonil@freewebs.com
671,Haskel Ipwell,5901 Parkside Place,94705,CA,hipwellim@geocities.jp
672,Shirlee Le Surf,454 Badeau Point,66160,KS,slein@hibu.com
673,Ezri Beadle,54 Oak Valley Lane,95173,CA,ebeadleio@ft.com
674,Isa Krysztofowicz,67 Logan Way,78260,TX,ikrysztofowiczip@weather.com
675,Jan Henrionot,797 Talmadge Alley,30375,GA,jhenrionotiq@amazon.de
676,Windham Hendin,83047 High Crossing Plaza,32868,FL,whendinir@freewebs.com
677,Currey Karslake,35 David Road,45213,OH,ckarslakeis@cbslocal.com
678,Caresse Julien,4350 Almo Street,23220,VA,cjulienit@tripadvisor.com
679,Tulley Shelford,9505 Huxley Point,62718,IL,tshelfordiu@newyorker.com
680,Harwell Putton,85806 Tennyson Way,72905,AR,hputtoniv@europa.eu
681,Bordy Swalough,45547 Rusk Point,73142,OK,bswaloughiw@biglobe.ne.jp
682,Barris Sandy,15 Oak Valley Parkway,71161,LA,bsandyix@wikia.com
683,Corrina Measham,7206 Gerald Park,84403,UT,cmeashamiy@theguardian.com
684,Helsa Gonzalez,39 Iowa Parkway,16510,PA,hgonzaleziz@blogspot.com
685,Sybila Eronie,77 Laurel Alley,79934,TX,seroniej0@weebly.com
686,Welch Gurery,0 Jackson Junction,20041,DC,wgureryj1@google.it
687,Vanni Ambler,9174 Mallory Hill,55166,MN,vamblerj2@github.io
688,Georgeanna Ledgeway,55 Mcguire Junction,92415,CA,gledgewayj3@aol.com
689,Holly-anne Claibourn,4 Straubel Avenue,46278,IN,hclaibournj4@paginegialle.it
690,Maryjo Dunkerley,05371 Northview Point,77050,TX,mdunkerleyj5@china.com.cn
691,Darryl MacCarroll,88925 Columbus Court,40293,KY,dmaccarrollj6@go.com
692,Sheridan Collington,4 Chinook Center,14624,NY,scollingtonj7@businessweek.com
693,Wilona Vasechkin,9928 Morning Hill,33411,FL,wvasechkinj8@miitbeian.gov.cn
694,Guenevere Colliber,2630 Sauthoff Hill,63116,MO,gcolliberj9@wikipedia.org
695,Ruthy Buddock,796 Welch Court,43615,OH,rbuddockja@stumbleupon.com
696,Olenolin Ashmore,48152 Veith Lane,11388,NY,oashmorejb@histats.com
697,Vivyan Kachel,23 Jana Pass,19093,PA,vkacheljc@stanford.edu
698,Dilly Lebel,58 Monterey Avenue,77293,TX,dlebeljd@zdnet.com
699,Lillian Kyme,0115 Anzinger Terrace,43635,OH,lkymeje@t.co
700,Rodger Manley,860 Derek Crossing,22156,VA,rmanleyjf@nature.com
701,Debor Sleney,900 Oakridge Plaza,62776,IL,dsleneyjg@google.co.jp
702,Urbain Swanne,5 Sachs Road,34611,FL,uswannejh@instagram.com
703,Gene Bowlands,2 Oneill Court,30392,GA,gbowlandsji@earthlink.net
704,Ramsay Hadley,2196 Monica Lane,75251,TX,rhadleyjj@rambler.ru
705,Cosmo Cruickshanks,82804 Mallard Alley,92640,CA,ccruickshanksjk@list-manage.com
706,Xylina Ollive,4 Mesta Crossing,55441,MN,xollivejl@spotify.com
707,Ramonda Pepall,74 Schlimgen Trail,20215,DC,rpepalljm@over-blog.com
708,Darius Leyes,2716 Delaware Road,73197,OK,dleyesjn@hud.gov
709,Adella Selbie,5813 Oak Center,45432,OH,aselbiejo@unblog.fr
710,Quincy Bondy,6 Clyde Gallagher Way,46614,IN,qbondyjp@pinterest.com
711,Vanna Matas,39354 Hollow Ridge Terrace,27658,NC,vmatasjq@prnewswire.com
712,Zara Handforth,716 Anniversary Plaza,33432,FL,zhandforthjr@netlog.com
713,Timmi Keig,54707 Sauthoff Park,62205,IL,tkeigjs@hugedomains.com
714,Liesa Dainter,2291 Oakridge Trail,78255,TX,ldainterjt@chron.com
715,Travis Readshall,0599 Colorado Way,78296,TX,treadshallju@weibo.com
716,Odelinda Berni,33098 Farragut Pass,20010,DC,obernijv@networkadvertising.org
717,Antonin Harmant,19 Mcguire Alley,48211,MI,aharmantjw@com.com
718,Simmonds Lawleff,7550 Ruskin Park,55487,MN,slawleffjx@techcrunch.com
719,Kandy Crebbin,269 David Junction,64054,MO,kcrebbinjy@fema.gov
720,Ritchie Josofovitz,6808 Waubesa Hill,31296,GA,rjosofovitzjz@opera.com
721,Abbie Thayre,62713 Corscot Center,77095,TX,athayrek0@google.com.br
722,Ferdy Rigney,4186 Bartelt Lane,77223,TX,frigneyk1@chronoengine.com
723,Wayland Diggar,75756 Carpenter Trail,65810,MO,wdiggark2@skyrock.com
724,Hewet McAndie,6 American Ash Terrace,14604,NY,hmcandiek3@tinyurl.com
725,Deeyn Abbots,4428 Petterle Parkway,98042,WA,dabbotsk4@hao123.com
726,Violet Le Leu,42991 Tennessee Road,77030,TX,vlek5@163.com
727,Bryce Ruggs,86582 Hoepker Junction,60351,IL,bruggsk6@tuttocitta.it
728,Moss Vittery,655 Old Shore Lane,83727,ID,mvitteryk7@icio.us
729,Di Liebrecht,4 Lien Junction,01152,MA,dliebrechtk8@fda.gov
730,Thibaut Fidge,43 Scofield Junction,66112,KS,tfidgek9@ycombinator.com
731,Katie Butten,508 Algoma Street,77075,TX,kbuttenka@bloomberg.com
732,Ebenezer Ezzle,62164 Truax Place,78205,TX,eezzlekb@army.mil
733,Nicoline Raccio,6 Westridge Point,75310,TX,nracciokc@about.com
734,Rory Watkinson,41290 Hintze Drive,10310,NY,rwatkinsonkd@lulu.com
735,Palm Brumbye,76213 Anniversary Circle,53277,WI,pbrumbyeke@google.com.br
736,Lauren Reedick,2 Katie Park,92812,CA,lreedickkf@multiply.com
737,Cheryl Fallon,0440 Orin Road,32813,FL,cfallonkg@europa.eu
738,Emmery Castel,6 Delladonna Circle,78235,TX,ecastelkh@macromedia.com
739,Mirabel Woollacott,50 Goodland Lane,99220,WA,mwoollacottki@g.co
740,Bertrand Drew,6 Drewry Circle,21275,MD,bdrewkj@hibu.com
741,Vanna Seath,4 Park Meadow Pass,84403,UT,vseathkk@yale.edu
742,Nert Tiller,25520 Cordelia Alley,75358,TX,ntillerkl@altervista.org
743,Lanette Weall,2 Russell Way,78426,TX,lweallkm@mit.edu
744,Miles Sigert,7048 Utah Hill,55146,MN,msigertkn@tinyurl.com
745,Tobye Wardall,95 Gale Junction,93106,CA,twardallko@senate.gov
746,Waiter Peres,48232 Warbler Trail,12262,NY,wpereskp@oaic.gov.au
747,Reamonn Preist,87819 Jay Place,11480,NY,rpreistkq@about.me
748,Percy Southway,72 Merchant Trail,34615,FL,psouthwaykr@twitpic.com
749,Celeste Bissex,09 Merry Trail,06105,CT,cbissexks@icio.us
750,Pasquale Timby,78 Miller Alley,92165,CA,ptimbykt@amazon.co.jp
751,Ava Westraw,9 Bluejay Pass,18706,PA,awestrawku@netscape.com
752,Conny McTurley,059 Ramsey Drive,79405,TX,cmcturleykv@51.la
753,Matthieu Orpwood,36 Golf View Way,47705,IN,morpwoodkw@google.es
754,Burk Lewens,69 Duke Way,06825,CT,blewenskx@cloudflare.com
755,Zacherie Tsarovic,92238 Talmadge Way,10120,NY,ztsarovicky@hp.com
756,Niven Doey,4 Lotheville Plaza,47805,IN,ndoeykz@slashdot.org
757,Gabbey Wooster,85991 Hermina Park,92186,CA,gwoosterl0@wix.com
758,Brittani Jeens,22301 Starling Park,77505,TX,bjeensl1@zimbio.com
759,Silvan Sakins,39885 Sycamore Plaza,20719,MD,ssakinsl2@issuu.com
760,Cristi Espinoy,6 Moose Circle,23272,VA,cespinoyl3@va.gov
761,Ailee Jellicorse,77518 Southridge Point,64082,MO,ajellicorsel4@oracle.com
762,Dominick Yielding,377 Esch Park,94245,CA,dyieldingl5@slate.com
763,Corabelle Longmore,39 Cardinal Circle,96810,HI,clongmorel6@skype.com
764,Culley Blei,44 Amoth Trail,78749,TX,cbleil7@discovery.com
765,Jessamyn Syddall,69367 Roxbury Court,10469,NY,jsyddalll8@reference.com
766,Ann-marie Scholar,17354 Birchwood Lane,46207,IN,ascholarl9@cmu.edu
767,Layton Riddles,61 Waywood Alley,63180,MO,lriddlesla@tiny.cc
768,Freddie Pauleit,585 Dwight Street,84170,UT,fpauleitlb@paypal.com
769,Lillis Antoszewski,0693 Derek Pass,33028,FL,lantoszewskilc@tinypic.com
770,Kelwin Flucker,2 Tennessee Hill,20226,DC,kfluckerld@drupal.org
771,Felita Dresse,88 Ridgeway Road,74141,OK,fdressele@craigslist.org
772,Coleen Essel,595 Dottie Center,80310,CO,cessellf@newsvine.com
773,Bidget Kerwen,6 Twin Pines Terrace,08619,NJ,bkerwenlg@comsenz.com
774,Giuditta Fyndon,787 East Parkway,37914,TN,gfyndonlh@oakley.com
775,Zebadiah Walak,4103 Mendota Point,96835,HI,zwalakli@jalbum.net
776,Stavro Loyndon,8671 Sommers Trail,76115,TX,sloyndonlj@nymag.com
777,Riordan Ricciardo,05216 North Trail,14683,NY,rricciardolk@cbsnews.com
778,Kate Robyns,429 Lake View Alley,95118,CA,krobynsll@skyrock.com
779,Blane Pecha,565 Maple Junction,93750,CA,bpechalm@dion.ne.jp
780,Rivkah Wimpenny,0491 Fremont Parkway,90076,CA,rwimpennyln@yelp.com
781,Johan Loughnan,5507 Logan Terrace,33972,FL,jloughnanlo@google.it
782,Amandi Hyman,0 Commercial Place,14233,NY,ahymanlp@t.co
783,Dana Hutt,76 Anthes Alley,78682,TX,dhuttlq@berkeley.edu
784,Olia Pylkynyton,344 Ridgeway Pass,68524,NE,opylkynytonlr@merriam-webster.com
785,Allys Loughlan,46921 Becker Parkway,40293,KY,aloughlanls@apple.com
786,Arda Tidy,8 Delaware Hill,26505,WV,atidylt@123-reg.co.uk
787,Cinnamon Twelves,18 Doe Crossing Lane,78703,TX,ctwelveslu@youtube.com
788,Eddy Caesman,36128 Havey Avenue,33411,FL,ecaesmanlv@ted.com
789,Guthrie Dower,7 Merrick Point,20551,DC,gdowerlw@posterous.com
790,Curcio Varnals,9 Debra Trail,97211,OR,cvarnalslx@ocn.ne.jp
791,Estele Buckham,513 Dayton Street,12205,NY,ebuckhamly@eventbrite.com
792,Eleonora Meas,625 Crest Line Street,44321,OH,emeaslz@zdnet.com
793,Gretchen Idenden,50 Moulton Alley,93381,CA,gidendenm0@slashdot.org
794,Fredi Chalkly,6391 Northridge Road,55441,MN,fchalklym1@last.fm
795,Nobie Keir,505 Iowa Junction,79940,TX,nkeirm2@so-net.ne.jp
796,Flory Curgenven,523 Victoria Place,55108,MN,fcurgenvenm3@angelfire.com
797,Auberon Broadbent,1 Havey Terrace,46805,IN,abroadbentm4@google.com
798,Hayyim Sunner,15 Johnson Hill,64130,MO,hsunnerm5@fema.gov
799,Nikolia MacAdam,53 Donald Trail,39404,MS,nmacadamm6@example.com
800,Jerri Bolesma,723 Maple Wood Crossing,02745,MA,jbolesmam7@auda.org.au
801,Roarke Northall,27 Buhler Terrace,20016,DC,rnorthallm8@joomla.org
802,Gabi O'Mannion,5 Lawn Center,98115,WA,gomannionm9@uiuc.edu
803,Baillie Kevlin,46 Kim Road,65805,MO,bkevlinma@adobe.com
804,Tabbitha Ashling,6 Glendale Alley,07112,NJ,tashlingmb@gizmodo.com
805,Leanor Foulcher,0974 Mesta Avenue,22093,VA,lfoulchermc@unblog.fr
806,Wylma Norkett,75 North Plaza,55805,MN,wnorkettmd@ustream.tv
807,Bradan Crackett,6 Lunder Point,19196,PA,bcrackettme@facebook.com
808,Millard Mewett,2 Anderson Plaza,34474,FL,mmewettmf@dagondesign.com
809,Martyn Uzzell,17426 Summit Lane,78732,TX,muzzellmg@discovery.com
810,Darren Filliskirk,3705 Monument Point,94159,CA,dfilliskirkmh@admin.ch
811,Isaak Maysor,37956 Buell Plaza,20503,DC,imaysormi@wunderground.com
812,Anny Keyden,20 Crowley Alley,14639,NY,akeydenmj@hugedomains.com
813,Rosalinde Trunks,5 Dakota Park,79699,TX,rtrunksmk@cdc.gov
814,Meredith Zeplin,363 Bobwhite Hill,90015,CA,mzeplinml@creativecommons.org
815,Bartolemo Luisetti,6645 Fairview Lane,73179,OK,bluisettimm@cnn.com
816,Hirsch Tames,58345 Carey Parkway,75265,TX,htamesmn@prnewswire.com
817,Guendolen McDoual,8 Lillian Hill,06825,CT,gmcdoualmo@nih.gov
818,Amalie Newe,00018 Reinke Avenue,33064,FL,anewemp@apple.com
819,Rollin Worvell,7 Northfield Place,39534,MS,rworvellmq@huffingtonpost.com
820,Masha Bodd,7 Mosinee Drive,77206,TX,mboddmr@redcross.org
821,Sioux Craufurd,47 Briar Crest Crossing,34114,FL,scraufurdms@columbia.edu
822,Willdon Smee,2 Darwin Place,48092,MI,wsmeemt@weather.com
823,Maridel Overal,7 Westridge Parkway,94913,CA,moveralmu@1688.com
824,Henri Britland,18 Straubel Parkway,93106,CA,hbritlandmv@free.fr
825,Natassia Kempe,28 Steensland Way,19125,PA,nkempemw@unicef.org
826,Myrlene Bryenton,54739 Vermont Lane,50315,IA,mbryentonmx@dot.gov
827,Henrieta Greep,61983 Springview Junction,99205,WA,hgreepmy@cargocollective.com
828,Angie Krolik,60830 Mayer Trail,85077,AZ,akrolikmz@jiathis.com
829,Putnam Ingarfield,99752 Holmberg Circle,55407,MN,pingarfieldn0@themeforest.net
830,Wilbur Tully,22284 Sunnyside Drive,46634,IN,wtullyn1@toplist.cz
831,Ricoriki Flanagan,17 Jenifer Junction,78415,TX,rflanagann2@reverbnation.com
832,Tedman Bracken,985 Red Cloud Park,33416,FL,tbrackenn3@slate.com
833,Willard Bau,8970 Jackson Circle,97306,OR,wbaun4@g.co
834,Rebeka Samsin,78 Namekagon Place,34665,FL,rsamsinn5@joomla.org
835,Blinni Hans,8 Quincy Plaza,84152,UT,bhansn6@blogs.com
836,Spence Keirle,393 Butterfield Point,94622,CA,skeirlen7@cpanel.net
837,Woodie Voice,3 Gale Drive,77095,TX,wvoicen8@ehow.com
838,Aldric Coxwell,98865 Ridge Oak Trail,95828,CA,acoxwelln9@blogtalkradio.com
839,Gretel Traylen,0 Iowa Parkway,95823,CA,gtraylenna@t.co
840,Peter Geraudy,98922 Melody Avenue,23454,VA,pgeraudynb@imdb.com
841,Burt Severs,2957 Badeau Circle,20851,MD,bseversnc@unesco.org
842,Silvia Prodrick,17 Village Green Hill,79699,TX,sprodricknd@networkadvertising.org
843,Jermayne Lympenie,552 Hanover Hill,19810,DE,jlympeniene@jigsy.com
844,Cherie Sheryne,86 Lillian Avenue,32813,FL,csherynenf@fastcompany.com
845,Eldin Trounce,615 Fuller Trail,67236,KS,etrounceng@jugem.jp
846,Alisha Gherardelli,86565 Veith Street,53220,WI,agherardellinh@tripadvisor.com
847,Freda Pash,7 Mariners Cove Trail,31106,GA,fpashni@dyndns.org
848,Myrle Laval,9390 Trailsway Hill,23324,VA,mlavalnj@google.com.hk
849,Phyllis Goddman,44 Susan Circle,61651,IL,pgoddmannk@npr.org
850,Uriah Chicco,7 Hintze Avenue,94405,CA,uchicconl@theatlantic.com
851,Loy Deverock,333 Grover Lane,70165,LA,ldeverocknm@spiegel.de
852,Elisabet Mayze,6879 Gulseth Pass,90094,CA,emayzenn@storify.com
853,Laure Skeene,71331 Grover Junction,33233,FL,lskeeneno@netlog.com
854,Devonna Steckings,89174 Lyons Alley,89595,NV,dsteckingsnp@paginegialle.it
855,Winny Milhench,90886 Pepper Wood Avenue,07310,NJ,wmilhenchnq@washington.edu
856,Franny Tome,5348 Calypso Way,79705,TX,ftomenr@cisco.com
857,Violetta Haswell,65 Northland Hill,06922,CT,vhaswellns@yelp.com
858,Essa Benettini,3 Warbler Terrace,75216,TX,ebenettinint@goodreads.com
859,Sinclare Allabarton,8729 Milwaukee Center,32128,FL,sallabartonnu@latimes.com
860,Cristian Andrin,9325 Jenna Circle,33158,FL,candrinnv@ocn.ne.jp
861,Pierette Tabourin,6 Pawling Hill,88546,TX,ptabourinnw@huffingtonpost.com
862,Melanie Yanson,2046 3rd Lane,98206,WA,myansonnx@blogs.com
863,Tony Kemsley,184 Delladonna Parkway,12325,NY,tkemsleyny@storify.com
864,Si Ceschini,2 Fordem Place,94169,CA,sceschininz@twitpic.com
865,Dionne Chilver,2294 Bonner Lane,32891,FL,dchilvero0@un.org
866,Myrwyn MacCafferky,37 Summit Point,78210,TX,mmaccafferkyo1@51.la
867,Marita Driscoll,996 Hanover Avenue,94116,CA,mdriscollo2@cnbc.com
868,Aggy Poad,83 Thierer Center,34605,FL,apoado3@abc.net.au
869,Novelia Hegg,864 Artisan Parkway,55480,MN,nheggo4@imageshack.us
870,Grant Padwick,72197 Ronald Regan Street,55590,MN,gpadwicko5@pen.io
871,Joceline Kopecka,16 Onsgard Avenue,92170,CA,jkopeckao6@merriam-webster.com
872,Georgette Jehu,97 Eggendart Point,33705,FL,gjehuo7@shutterfly.com
873,Wesley McGonnell,6199 Weeping Birch Circle,76162,TX,wmcgonnello8@vinaora.com
874,Isidro Fiddeman,7774 Ludington Court,02203,MA,ifiddemano9@cnbc.com
875,Nicolis Benaine,000 Gulseth Road,71166,LA,nbenaineoa@mtv.com
876,Nelie Lenard,192 East Pass,29905,SC,nlenardob@dedecms.com
877,Bambie Fleckness,995 Reinke Lane,24048,VA,bflecknessoc@marketwatch.com
878,Lemmy Wasmer,97 Declaration Crossing,90847,CA,lwasmerod@fotki.com
879,Moise Feathersby,1129 Pepper Wood Park,66112,KS,mfeathersbyoe@odnoklassniki.ru
880,Rora Sympson,7072 Eliot Parkway,43699,OH,rsympsonof@netlog.com
881,Angil Navarro,39 East Avenue,91499,CA,anavarroog@multiply.com
882,Beatrisa Downing,20 Kenwood Parkway,30911,GA,bdowningoh@trellian.com
883,Raoul Valsler,06344 Delladonna Terrace,68117,NE,rvalsleroi@indiegogo.com
884,Bryana Rosita,85 American Hill,92196,CA,brositaoj@yolasite.com
885,Amelina Woofinden,66326 Caliangt Road,60697,IL,awoofindenok@goodreads.com
886,Gwenora Kopfer,411 Fulton Pass,29615,SC,gkopferol@google.pl
887,Katrina Mugleston,4 Esker Hill,45271,OH,kmuglestonom@taobao.com
888,Dari Jennemann,410 Blue Bill Park Avenue,33124,FL,djennemannon@dailymail.co.uk
889,Reagan Tolputt,31 East Point,23705,VA,rtolputtoo@bluehost.com
890,Wini Littlepage,47580 Laurel Center,36670,AL,wlittlepageop@imageshack.us
891,Joana Lehrian,48 Merry Point,48609,MI,jlehrianoq@archive.org
892,Janella Caurah,28 Oriole Trail,90010,CA,jcaurahor@a8.net
893,Charissa Eaves,14310 Scoville Trail,02905,RI,ceavesos@twitpic.com
894,Sheila Vardy,162 Scoville Trail,33421,FL,svardyot@opera.com
895,Parrnell Landal,07312 Goodland Avenue,61629,IL,plandalou@rediff.com
896,Henderson Callis,81292 Wayridge Point,70033,LA,hcallisov@i2i.jp
897,Kiele Poore,98 Maple Wood Place,30130,GA,kpooreow@chronoengine.com
898,Jorie Roggieri,978 Walton Crossing,64144,MO,jroggieriox@mapquest.com
899,Don Utteridge,0591 Saint Paul Pass,93584,CA,dutteridgeoy@mayoclinic.com
900,Kerri Fipp,9 Anzinger Place,85271,AZ,kfippoz@moonfruit.com
901,Theda Duchart,1020 7th Plaza,29305,SC,tduchartp0@phoca.cz
902,Caitrin Suart,212 School Pass,84199,UT,csuartp1@umn.edu
903,Karney Swinney,6648 Troy Point,40225,KY,kswinneyp2@google.com
904,Lina Hariot,246 Ridge Oak Circle,66286,KS,lhariotp3@dyndns.org
905,Faunie Celier,9 Transport Hill,75277,TX,fcelierp4@ucoz.com
906,Shena Bagger,545 Superior Alley,76011,TX,sbaggerp5@nymag.com
907,Wiley Lune,492 Hoffman Place,75392,TX,wlunep6@columbia.edu
908,Desdemona Pressnell,1840 Lunder Terrace,19805,DE,dpressnellp7@google.pl
909,Hobart Crosland,29 Oak Valley Junction,29605,SC,hcroslandp8@facebook.com
910,Fraser Kinnock,3279 Victoria Plaza,23705,VA,fkinnockp9@multiply.com
911,Dotty holmes,22 Knutson Circle,64153,MO,dholmespa@spiegel.de
912,Rafaelita Knolles-Green,3842 Oxford Junction,12325,NY,rknollesgreenpb@house.gov
913,Alison Earley,31 Manufacturers Drive,14210,NY,aearleypc@elpais.com
914,Grace Grimolbie,33 Lien Junction,23289,VA,ggrimolbiepd@digg.com
915,Merilee Bailey,69 Melby Plaza,60604,IL,mbaileype@utexas.edu
916,Walton Roylance,633 Tomscot Junction,92619,CA,wroylancepf@ovh.net
917,Ham Haliburton,9 Warner Road,29610,SC,hhaliburtonpg@sphinn.com
918,Annaliese Venny,5 Jackson Crossing,01905,MA,avennyph@phpbb.com
919,Natale Syplus,8728 Cherokee Avenue,32627,FL,nsypluspi@constantcontact.com
920,Lockwood Copperwaite,085 Old Shore Terrace,76705,TX,lcopperwaitepj@who.int
921,Domenico Baison,7689 Elmside Hill,07522,NJ,dbaisonpk@aol.com
922,Ives Dowding,201 Lillian Circle,79165,TX,idowdingpl@disqus.com
923,Melody Linstead,3589 Hanover Hill,90035,CA,mlinsteadpm@nydailynews.com
924,Mateo Vermer,344 Jenifer Way,35254,AL,mvermerpn@simplemachines.org
925,Kamilah Cockren,6339 Village Parkway,45426,OH,kcockrenpo@wisc.edu
926,Janette Galbreth,4 Oak Valley Point,29615,SC,jgalbrethpp@amazon.com
927,Levey Neate,742 Browning Alley,92619,CA,lneatepq@discovery.com
928,Otto Grayling,7986 Scoville Trail,77201,TX,ograylingpr@google.cn
929,Rorke Gilbert,97 Bunker Hill Point,76134,TX,rgilbertps@japanpost.jp
930,Starlene Vinker,08243 Lighthouse Bay Junction,57193,SD,svinkerpt@newsvine.com
931,Drucie Uphill,308 Elmside Alley,71213,LA,duphillpu@ustream.tv
932,Burr Ryland,53 Vahlen Hill,93386,CA,brylandpv@theglobeandmail.com
933,Beulah Dosdill,373 8th Drive,80930,CO,bdosdillpw@nytimes.com
934,Richmound Tetlow,546 Judy Court,27425,NC,rtetlowpx@posterous.com
935,Corly Norkett,71 Atwood Pass,32399,FL,cnorkettpy@umn.edu
936,Madison Tyre,07 Eagan Trail,20370,DC,mtyrepz@1688.com
937,Euell Straker,609 Eggendart Alley,72215,AR,estrakerq0@tiny.cc
938,Corty Blodgett,8 Judy Road,92619,CA,cblodgettq1@furl.net
939,Dynah Broadbury,7492 Helena Street,34620,FL,dbroadburyq2@noaa.gov
940,Charlot Dri,4479 Bultman Road,75044,TX,cdriq3@yahoo.com
941,Bentlee Cowans,084 Anderson Plaza,85219,AZ,bcowansq4@t-online.de
942,Estrellita Larrat,822 Lien Plaza,51110,IA,elarratq5@ucla.edu
943,Courtney Heggman,7132 Lien Court,78230,TX,cheggmanq6@dyndns.org
944,Dredi O' Brian,381 Armistice Junction,06533,CT,doq7@census.gov
945,Gun Lomasny,842 Golf Course Crossing,10029,NY,glomasnyq8@feedburner.com
946,Maridel McRonald,6499 Huxley Junction,70805,LA,mmcronaldq9@twitter.com
947,Sydney Strooband,5934 Springs Circle,19805,DE,sstroobandqa@github.com
948,Nari Willoway,1 Oak Valley Court,91499,CA,nwillowayqb@cpanel.net
949,Neale Jado,77 Mccormick Road,94230,CA,njadoqc@ehow.com
950,Griselda Celez,7 Barnett Road,93150,CA,gcelezqd@slate.com
951,Idalia Clay,087 Sheridan Pass,75226,TX,iclayqe@cam.ac.uk
952,Ruggiero Plows,906 Calypso Pass,20167,VA,rplowsqf@edublogs.org
953,Win Spurrett,5 Hollow Ridge Crossing,94164,CA,wspurrettqg@altervista.org
954,Stacy Renish,62 Chive Way,96154,CA,srenishqh@java.com
955,Gerry Mussotti,2 Maple Center,30919,GA,gmussottiqi@typepad.com
956,Ora Palle,62928 Thompson Pass,92191,CA,opalleqj@liveinternet.ru
957,Rickie Heintze,71361 Rowland Trail,61605,IL,rheintzeqk@tiny.cc
958,Dulcea Mourant,49149 Grasskamp Point,23228,VA,dmourantql@nyu.edu
959,Garnet Dunwoody,633 Duke Way,90094,CA,gdunwoodyqm@google.pl
960,Wilhelm Coulthard,92600 Clove Trail,19196,PA,wcoulthardqn@bing.com
961,Tait Hatfield,604 Porter Street,76178,TX,thatfieldqo@cdbaby.com
962,Gusti Marple,2567 Main Park,92132,CA,gmarpleqp@hp.com
963,Claudette Mc Kellen,225 Jana Hill,48295,MI,cmcqq@mtv.com
964,Patrick Woollacott,6277 Badeau Park,73129,OK,pwoollacottqr@lulu.com
965,Wylie Felix,19 Delladonna Drive,24048,VA,wfelixqs@merriam-webster.com
966,Franz Halley,00116 Shopko Street,46614,IN,fhalleyqt@yelp.com
967,Biddy Rupke,9 Katie Crossing,36104,AL,brupkequ@fotki.com
968,Lesly Boame,587 Leroy Way,77844,TX,lboameqv@engadget.com
969,Astrix Ketton,5651 Brickson Park Point,27635,NC,akettonqw@sun.com
970,Matty Feathersby,551 Fulton Park,79116,TX,mfeathersbyqx@who.int
971,Breena Prahl,7 Butterfield Pass,75246,TX,bprahlqy@skype.com
972,Papageno Toseland,15 Toban Avenue,02162,MA,ptoselandqz@go.com
973,Ogden Lisimore,433 Mifflin Trail,32835,FL,olisimorer0@networksolutions.com
974,Brigham Filipczynski,06 Mallory Way,79905,TX,bfilipczynskir1@mozilla.com
975,Dwayne Furtado,20765 Esker Center,28242,NC,dfurtador2@tuttocitta.it
976,Rube LLelweln,9 Comanche Way,32314,FL,rllelwelnr3@dedecms.com
977,Veronica Tortoishell,5106 Pine View Point,20310,DC,vtortoishellr4@yelp.com
978,Helene Rawcliffe,7 Oriole Plaza,63104,MO,hrawcliffer5@theguardian.com
979,Zeke Bladesmith,81697 Vernon Circle,96815,HI,zbladesmithr6@google.fr
980,Guthrie Fernley,1276 Bonner Drive,85077,AZ,gfernleyr7@wiley.com
981,Keelby Kaufman,21754 Warner Park,02109,MA,kkaufmanr8@mit.edu
982,Gertie Ogden,150 Duke Place,11044,NY,gogdenr9@prweb.com
983,Dreddy Dripp,665 Pepper Wood Drive,48930,MI,ddrippra@msu.edu
984,Horatius Hearon,19 Holy Cross Way,60078,IL,hhearonrb@timesonline.co.uk
985,Harley Dimberline,0 John Wall Place,85737,AZ,hdimberlinerc@omniture.com
986,Goldia Hunton,045 Mayer Circle,92013,CA,ghuntonrd@flavors.me
987,Aldwin Pendered,1030 Elmside Park,60652,IL,apenderedre@npr.org
988,Grayce Isley,176 Vahlen Park,45999,OH,gisleyrf@engadget.com
989,Lia Lindeboom,4444 Mallard Crossing,14646,NY,llindeboomrg@cdc.gov
990,Oona Gilberthorpe,78804 Kingsford Point,64199,MO,ogilberthorperh@squarespace.com
991,Ganny Wooldridge,42 Tennyson Court,24024,VA,gwooldridgeri@ucoz.com
992,Hube Cornels,70 Oak Valley Junction,06127,CT,hcornelsrj@techcrunch.com
993,Addie Lerigo,844 Gerald Circle,21265,MD,alerigork@canalblog.com
994,Thomas Follows,5505 Carey Court,23225,VA,tfollowsrl@tinyurl.com
995,Abie Baseggio,4 Maywood Drive,17105,PA,abaseggiorm@ihg.com
996,Udell Raynor,53 Montana Way,40233,KY,uraynorrn@rediff.com
997,Vanna Glozman,93013 Meadow Valley Circle,77346,TX,vglozmanro@cdc.gov
998,Shelden Benam,64406 Drewry Place,63169,MO,sbenamrp@elpais.com
999,Joyan Berriman,6 Leroy Park,97271,OR,jberrimanrq@bigcartel.com
1000,Renault Pelzer,2584 Tennessee Street,95128,CA,rpelzerrr@wunderground.com
