id,name,address,zipcode,state,email
1,Anny Etherton,0945 Havey Pass,15225,PA,aetherton0@kickstarter.com
2,Allister Pilbeam,8 Village Parkway,30368,GA,apilbeam1@mozilla.com
3,Calla Ventum,27 Caliangt Lane,53790,WI,cventum2@tumblr.com
4,Barbara Davydoch,82294 Namekagon Road,80015,CO,bdavydoch3@noaa.gov
5,Thorpe Brecher,399 Homewood Trail,10115,NY,tbrecher4@oracle.com
6,Kennedy Starkie,7080 Sutherland Road,88525,TX,kstarkie5@mediafire.com
7,Fernanda Silverson,9485 Lillian Park,06538,CT,fsilverson6@t-online.de
8,Kurt Herety,5215 Butternut Lane,95823,CA,kherety7@europa.eu
9,Mathe Raistrick,25 Farwell Pass,81505,CO,mraistrick8@yale.edu
10,Una Whiteway,405 Springview Street,78405,TX,uwhiteway9@ycombinator.com
11,Davon Moine,4997 Milwaukee Trail,77554,TX,dmoinea@spiegel.de
12,Rusty Jarvie,06561 Colorado Pass,48295,MI,rjarvieb@sciencedirect.com
13,De witt Dinse,7119 Hayes Center,64130,MO,dwittc@t.co
14,Shanna Eivers,51 Columbus Center,43210,OH,seiversd@multiply.com
15,Tarrah Willgress,935 Columbus Lane,23237,VA,twillgresse@adobe.com
16,Burlie Hawley,38 Nobel Street,55428,MN,bhawleyf@theglobeandmail.com
17,Amelie Reijmers,0350 Clarendon Crossing,94273,CA,areijmersg@example.com
18,Davis Morey,035 Buhler Lane,32128,FL,dmoreyh@ustream.tv
19,Alli Mapston,806 Debra Plaza,20041,DC,amapstoni@who.int
20,Aleksandr Dorricott,7144 Golf View Parkway,33421,FL,adorricottj@fc2.com
21,Oneida Vicarey,45 Morningstar Place,94159,CA,ovicareyk@naver.com
22,Antonina Murr,047 Karstens Street,10464,NY,amurrl@photobucket.com
23,Madlin Bichard,3 Larry Crossing,94142,CA,mbichardm@gnu.org
24,Rolfe Thredder,07 Iowa Circle,93591,CA,rthreddern@nasa.gov
25,Meris Dreger,257 Sauthoff Street,32813,FL,mdregero@homestead.com
26,Bridget Malim,7684 Dahle Plaza,68105,NE,bmalimp@google.co.jp
27,Catriona Kissock,7 Veith Trail,85743,AZ,ckissockq@about.com
28,Kleon Eakins,103 Crownhardt Crossing,33731,FL,keakinsr@icq.com
29,Con Jankovsky,59 Bunting Drive,60697,IL,cjankovskys@woothemes.com
30,Mordecai Woodcock,44 Butternut Point,98687,WA,mwoodcockt@google.co.uk
31,Codie Mattingson,37806 Autumn Leaf Lane,27626,NC,cmattingsonu@quantcast.com
32,Brandy Borwick,063 Sloan Crossing,60614,IL,bborwickv@about.com
33,Emmott Ashbrook,6 Jay Drive,22313,VA,eashbrookw@vkontakte.ru
34,Stewart Caberas,256 Del Mar Center,57105,SD,scaberasx@wufoo.com
35,Rikki Normanton,8699 Roxbury Park,20215,DC,rnormantony@geocities.jp
36,Whitaker Kilius,47 Ridge Oak Way,20816,MD,wkiliusz@admin.ch
37,Eleanora Ineson,38558 Monument Terrace,55412,MN,eineson10@techcrunch.com
38,Claire Acutt,99220 Rieder Pass,02163,MA,cacutt11@google.cn
39,Charlton Cree,6968 Dexter Parkway,02905,RI,ccree12@redcross.org
40,Corissa Gail,9849 Almo Road,74193,OK,cgail13@fema.gov
41,Perkin McNeilly,8 Crowley Road,33164,FL,pmcneilly14@adobe.com
42,Ricky Tollit,524 Farwell Hill,98424,WA,rtollit15@unblog.fr
43,Wallis Smart,0726 Hayes Plaza,33064,FL,wsmart16@topsy.com
44,Kent Perse,0 Loeprich Place,79945,TX,kperse17@domainmarket.com
45,Carleton Lanaway,109 Carioca Pass,39505,MS,clanaway18@prnewswire.com
46,Bambi Derricoat,0848 Linden Junction,32309,FL,bderricoat19@deliciousdays.com
47,Geoffrey Denford,66229 Vernon Crossing,33448,FL,gdenford1a@ftc.gov
48,Sabra Colliar,6237 Monica Point,46266,IN,scolliar1b@seattletimes.com
49,Trstram Sindle,62517 Packers Road,29905,SC,tsindle1c@opensource.org
50,Krystal Drinan,915 Norway Maple Court,47747,IN,kdrinan1d@smh.com.au
51,Nellie Heatly,145 Fair Oaks Drive,79955,TX,nheatly1e@time.com
52,Conn Walklot,8278 Gerald Place,79923,TX,cwalklot1f@shop-pro.jp
53,Sula Minguet,645 Susan Junction,45218,OH,sminguet1g@wikia.com
54,Toby Cuer,04 Namekagon Trail,45807,OH,tcuer1h@chronoengine.com
55,Rea Pott,7903 Cambridge Terrace,34233,FL,rpott1i@sakura.ne.jp
56,Aryn Hayland,97 Bluejay Junction,94263,CA,ahayland1j@xing.com
57,Moises Fessier,9 Carioca Drive,33411,FL,mfessier1k@bandcamp.com
58,Pauline Dalton,2 Anderson Place,44105,OH,pdalton1l@biblegateway.com
59,Maura Caslake,0 Mitchell Way,80241,CO,mcaslake1m@com.com
60,Alice Wohlers,2 Melody Lane,91913,CA,awohlers1n@behance.net
61,Olenolin Parnham,2 Westridge Junction,20575,DC,oparnham1o@youtu.be
62,Giraud Panter,95 Delladonna Park,23612,VA,gpanter1p@smh.com.au
63,Agnella McCallum,536 Lien Pass,84125,UT,amccallum1q@freewebs.com
64,Giraud Alexander,0 Veith Junction,48267,MI,galexander1r@netlog.com
65,Deedee Paull,0 Melvin Circle,62764,IL,dpaull1s@accuweather.com
66,Alida Gellan,97 Cherokee Terrace,75062,TX,agellan1t@storify.com
67,Melesa O'Roan,784 Namekagon Center,21203,MD,moroan1u@slate.com
68,Gilles Burford,92711 Morning Center,39282,MS,gburford1v@google.com.hk
69,Faith Siret,10 Elka Road,33233,FL,fsiret1w@slideshare.net
70,Carole Recher,27436 Milwaukee Center,73124,OK,crecher1x@eepurl.com
71,Drugi Carlozzi,0 Quincy Place,85005,AZ,dcarlozzi1y@nsw.gov.au
72,Dallis Wilshin,4 Del Mar Junction,90605,CA,dwilshin1z@indiegogo.com
73,Eulalie Hilary,1289 Lighthouse Bay Alley,87190,NM,ehilary20@devhub.com
74,Marcille Mozzi,705 Arrowood Center,48956,MI,mmozzi21@google.com
75,Rozelle Elijahu,1 Badeau Road,80910,CO,relijahu22@cam.ac.uk
76,Dell Pauly,6 Almo Center,33175,FL,dpauly23@opensource.org
77,Archy De Meyer,530 Becker Lane,22333,VA,ade24@is.gd
78,Caleb Gettens,2080 Old Gate Place,27710,NC,cgettens25@clickbank.net
79,Melanie Sigge,6 Cascade Drive,95160,CA,msigge26@ted.com
80,Charley Gheerhaert,21800 Carey Way,34290,FL,cgheerhaert27@scribd.com
81,Rora Cavalier,60 Mallory Park,02472,MA,rcavalier28@webeden.co.uk
82,Jade Dyerson,5387 Bowman Circle,34611,FL,jdyerson29@columbia.edu
83,Hew Delleschi,28338 Rigney Street,32220,FL,hdelleschi2a@nyu.edu
84,Raynor Quoit,00868 Lien Road,48217,MI,rquoit2b@telegraph.co.uk
85,Nataniel Drewry,44919 Banding Point,89714,NV,ndrewry2c@is.gd
86,Hermy Chaffen,61 Hayes Court,15240,PA,hchaffen2d@cam.ac.uk
87,Isacco Strangwood,674 Northport Alley,20442,DC,istrangwood2e@typepad.com
88,Eveleen Sandwith,25742 Killdeer Lane,78732,TX,esandwith2f@dmoz.org
89,Edyth Jeanel,77458 Dahle Circle,23277,VA,ejeanel2g@networksolutions.com
90,Ricardo Connow,32160 Cherokee Lane,46825,IN,rconnow2h@princeton.edu
91,Malinda Sketch,40182 Northfield Court,35290,AL,msketch2i@comsenz.com
92,Letisha Lincoln,7 Chive Junction,45228,OH,llincoln2j@digg.com
93,Sile Richford,2965 Mayer Alley,87592,NM,srichford2k@behance.net
94,Ashby Gladdish,3647 Summerview Street,30610,GA,agladdish2l@weebly.com
95,Caryn Gynni,253 Esch Place,53215,WI,cgynni2m@themeforest.net
96,Sigismundo Rideout,8 Lien Court,83405,ID,srideout2n@plala.or.jp
97,Raimund Panketh,3671 Homewood Street,36119,AL,rpanketh2o@yahoo.co.jp
98,Mayer Deane,34 Erie Hill,32964,FL,mdeane2p@t-online.de
99,Meta Squirrell,424 Goodland Hill,33499,FL,msquirrell2q@businessweek.com
100,Liuka Bantham,70877 Jenifer Junction,64136,MO,lbantham2r@posterous.com
101,Yehudit Pash,7 Holmberg Terrace,33715,FL,ypash2s@virginia.edu
102,Bil Naseby,5 Dapin Hill,77050,TX,bnaseby2t@senate.gov
103,Sheeree Catlow,065 Homewood Hill,90847,CA,scatlow2u@jalbum.net
104,Abigale Crosfeld,3868 Schiller Terrace,35225,AL,acrosfeld2v@about.me
105,Niki Cartwright,26984 Montana Circle,32526,FL,ncartwright2w@huffingtonpost.com
106,Edgar Gush,17 Cascade Place,74141,OK,egush2x@google.pl
107,Brunhilde Rutherfoord,3 Sherman Point,55905,MN,brutherfoord2y@amazon.co.jp
108,Dannye Raittie,47 Eastwood Lane,33124,FL,draittie2z@devhub.com
109,Tonia Padilla,52 Macpherson Junction,55585,MN,tpadilla30@princeton.edu
110,Sholom Goodfield,562 Victoria Place,85040,AZ,sgoodfield31@aol.com
111,Emelita Fucher,6666 Petterle Center,92668,CA,efucher32@dedecms.com
112,Sven Corrington,73372 Debs Pass,15279,PA,scorrington33@wordpress.com
113,Claudine Bertomeu,889 Redwing Road,64054,MO,cbertomeu34@army.mil
114,Norbie Wharram,9 Loomis Place,58207,ND,nwharram35@berkeley.edu
115,Jimmie Simister,97 Gale Point,68197,NE,jsimister36@europa.eu
116,Kelcie Smeuin,34 Tennessee Alley,46278,IN,ksmeuin37@indiegogo.com
117,Kathleen Arter,68 Roxbury Drive,25321,WV,karter38@bbb.org
118,Kali Peck,538 Hooker Court,91210,CA,kpeck39@cam.ac.uk
119,Lynnett Bembrigg,931 Washington Drive,78215,TX,lbembrigg3a@xrea.com
120,Stevie Harrington,1 Holy Cross Place,25326,WV,sharrington3b@cloudflare.com
121,Durante Ridesdale,34 Doe Crossing Road,78721,TX,dridesdale3c@cdbaby.com
122,Aubert Bridywater,4353 Sheridan Hill,02472,MA,abridywater3d@cam.ac.uk
123,Mariska MacKeeg,49343 Emmet Street,67205,KS,mmackeeg3e@w3.org
124,Candy Haitlie,54060 Aberg Plaza,44321,OH,chaitlie3f@desdev.cn
125,Gary Boagey,41089 Knutson Place,63126,MO,gboagey3g@sfgate.com
126,La verne Dix,0108 Mallory Place,38104,TN,lverne3h@godaddy.com
127,Aurthur Gascoine,4 Novick Hill,49518,MI,agascoine3i@princeton.edu
128,Fin Prest,846 Ridge Oak Way,70505,LA,fprest3j@virginia.edu
129,Fritz Lowdes,088 Norway Maple Trail,79928,TX,flowdes3k@icq.com
130,Judon Fawdrey,20325 Loomis Pass,94660,CA,jfawdrey3l@tmall.com
131,Hadlee Dymott,5 Gale Place,93704,CA,hdymott3m@cbsnews.com
132,Carmita Gloves,458 Dahle Road,67205,KS,cgloves3n@wisc.edu
133,Kimball Pasticznyk,22343 West Alley,79491,TX,kpasticznyk3o@cam.ac.uk
134,Finn Aldrich,5706 Aberg Center,91841,CA,faldrich3p@posterous.com
135,Harper Serris,405 Corry Circle,34620,FL,hserris3q@cnbc.com
136,Phillis Maron,7 Melby Lane,50393,IA,pmaron3r@etsy.com
137,Tedman Ledley,05800 Sachtjen Junction,90015,CA,tledley3s@berkeley.edu
138,Olag Daice,7136 Saint Paul Way,85743,AZ,odaice3t@ihg.com
139,Kaylee Thombleson,14359 Hudson Place,94913,CA,kthombleson3u@goo.gl
140,Ainslie Bolletti,216 Everett Center,92153,CA,abolletti3v@mac.com
141,Marysa Dullaghan,05 Melody Road,34615,FL,mdullaghan3w@google.it
142,Howey Kaemena,6 Union Place,97211,OR,hkaemena3x@nationalgeographic.com
143,Cassandry Amy,22344 Redwing Drive,02109,MA,camy3y@hp.com
144,Donnie Caiger,671 Ludington Court,85025,AZ,dcaiger3z@51.la
145,Ezmeralda Gouny,82872 Memorial Alley,85732,AZ,egouny40@ifeng.com
146,Terencio McFadyen,3987 Scofield Parkway,79950,TX,tmcfadyen41@pcworld.com
147,Gun Giorgini,01105 Knutson Circle,04109,ME,ggiorgini42@histats.com
148,Sara Grayland,703 Fieldstone Plaza,37215,TN,sgrayland43@usa.gov
149,Cross Rontsch,4463 Dawn Circle,27116,NC,crontsch44@indiegogo.com
150,Torr Rosie,6447 David Drive,94126,CA,trosie45@auda.org.au
151,Corina Gent,236 Melvin Hill,18105,PA,cgent46@amazon.co.jp
152,Marysa Brailsford,9 Russell Park,15286,PA,mbrailsford47@jigsy.com
153,Davie Swede,177 Lillian Avenue,15230,PA,dswede48@boston.com
154,Troy Pepis,37 Golf View Parkway,77223,TX,tpepis49@utexas.edu
155,Winny Liddell,3553 Sullivan Way,92619,CA,wliddell4a@webs.com
156,Laurel Yellowlees,9 Kenwood Court,18105,PA,lyellowlees4b@imgur.com
157,April Zini,2 Killdeer Road,78721,TX,azini4c@i2i.jp
158,Carina Grishunin,435 Golf Center,10165,NY,cgrishunin4d@smh.com.au
159,Murry Featenby,5 Eagan Point,32505,FL,mfeatenby4e@wp.com
160,Lisbeth Jarry,56 Sauthoff Court,18763,PA,ljarry4f@opensource.org
161,Haven Oldershaw,49446 Sycamore Hill,77288,TX,holdershaw4g@irs.gov
162,Alley Eckert,1995 3rd Junction,20299,DC,aeckert4h@smh.com.au
163,Nicole Boice,3 Dovetail Avenue,77288,TX,nboice4i@omniture.com
164,Constantine Harriott,2898 Buell Court,75379,TX,charriott4j@blinklist.com
165,Glenine Jenks,45 Northfield Court,92612,CA,gjenks4k@marketwatch.com
166,Eugenie Wotton,3716 Hauk Terrace,92710,CA,ewotton4l@epa.gov
167,Teodorico Kropp,37277 Bluejay Alley,71105,LA,tkropp4m@wordpress.org
168,Raynard Hubbins,9454 Golden Leaf Terrace,44130,OH,rhubbins4n@ning.com
169,Nikolos Lawton,6 Red Cloud Avenue,52804,IA,nlawton4o@purevolume.com
170,Nickey Kelbie,15 Oneill Drive,24034,VA,nkelbie4p@uol.com.br
171,Loreen Hounsom,39300 Spenser Parkway,91499,CA,lhounsom4q@china.com.cn
172,Cora Fereday,77 Meadow Ridge Alley,16550,PA,cfereday4r@macromedia.com
173,Jimmie Reoch,3876 Warner Court,33355,FL,jreoch4s@aboutads.info
174,Kilian Robertz,664 Hoffman Place,20220,DC,krobertz4t@bloglovin.com
175,Bailey Muress,07 Dovetail Alley,37250,TN,bmuress4u@ft.com
176,Xaviera Gibbard,110 Dixon Plaza,89150,NV,xgibbard4v@blinklist.com
177,Robenia Rex,7 Old Gate Center,38143,TN,rrex4w@wordpress.com
178,Jan Jellett,652 Eastlawn Alley,30195,GA,jjellett4x@dedecms.com
179,Martainn Basire,9838 Clove Hill,44720,OH,mbasire4y@state.gov
180,Elyn Magor,025 Jenna Pass,99507,AK,emagor4z@friendfeed.com
181,Marena Cicconettii,1657 Loeprich Court,64193,MO,mcicconettii50@pinterest.com
182,Bob Smiz,606 Mandrake Park,21265,MD,bsmiz51@baidu.com
183,Harlin Villalta,523 Veith Point,38114,TN,hvillalta52@uol.com.br
184,Goldina Rahill,13 Pawling Pass,19605,PA,grahill53@washington.edu
185,Laurice McClurg,398 Susan Place,94605,CA,lmcclurg54@dmoz.org
186,Tyson Glynne,71940 Sutherland Point,75358,TX,tglynne55@mozilla.com
187,Eliot Demougeot,37 Meadow Ridge Place,85077,AZ,edemougeot56@usnews.com
188,Jacenta Sallings,02 Maywood Road,15250,PA,jsallings57@bravesites.com
189,Marty Rossbrooke,6008 David Drive,75287,TX,mrossbrooke58@joomla.org
190,Aristotle Stritton,958 Portage Trail,48956,MI,astritton59@dailymail.co.uk
191,Townie Lawrance,382 Crowley Road,38136,TN,tlawrance5a@altervista.org
192,Bridget Von Welldun,20298 Tennessee Circle,63143,MO,bvon5b@taobao.com
193,Guglielmo Haslewood,5 Calypso Street,94522,CA,ghaslewood5c@slashdot.org
194,Karl Mowsdill,3184 Messerschmidt Drive,48335,MI,kmowsdill5d@angelfire.com
195,Cordula Barrim,806 Darwin Way,33158,FL,cbarrim5e@si.edu
196,Bobine Dadds,07391 Fulton Road,20525,DC,bdadds5f@moonfruit.com
197,Tallia Ratnage,71245 Sycamore Way,98195,WA,tratnage5g@newsvine.com
198,Danica Screeton,0 Mosinee Way,94627,CA,dscreeton5h@blinklist.com
199,Caldwell Essery,91196 Bluestem Court,08638,NJ,cessery5i@artisteer.com
200,Latisha Brenton,34 Westerfield Trail,73109,OK,lbrenton5j@uiuc.edu
201,Merl Wardlaw,850 Veith Terrace,80951,CO,mwardlaw5k@devhub.com
202,Bertha Pont,0 Hauk Parkway,78682,TX,bpont5l@nsw.gov.au
203,Gerik Alvarado,77466 Forest Run Center,11436,NY,galvarado5m@sfgate.com
204,Aleksandr Harries,6787 Maple Wood Center,91499,CA,aharries5n@bbb.org
205,Kaela Duesberry,169 Harbort Junction,29225,SC,kduesberry5o@ask.com
206,Gabriella Harvatt,48 Carioca Court,32969,FL,gharvatt5p@uiuc.edu
207,Drud Bande,0 Boyd Place,11044,NY,dbande5q@techcrunch.com
208,Patti Monnery,014 Hintze Parkway,48555,MI,pmonnery5r@typepad.com
209,Georgie Hollingdale,5 Cardinal Pass,35210,AL,ghollingdale5s@jalbum.net
210,Gabi Iggalden,54 Barby Court,37416,TN,giggalden5t@yandex.ru
211,Liam Fattore,332 Longview Lane,11470,NY,lfattore5u@europa.eu
212,Neila Toal,24557 Forest Dale Parkway,67236,KS,ntoal5v@sitemeter.com
213,Arly Moreno,4 Shopko Place,78230,TX,amoreno5w@economist.com
214,Lucienne Crayker,534 Vernon Circle,16534,PA,lcrayker5x@dailymail.co.uk
215,Bink Gillard,2 Warner Parkway,97240,OR,bgillard5y@huffingtonpost.com
216,Edan De Witt,83 Stone Corner Hill,65218,MO,ede5z@digg.com
217,Weber Beckey,08 Doe Crossing Way,24029,VA,wbeckey60@discuz.net
218,Jeddy McAreavey,89 Anderson Court,27710,NC,jmcareavey61@google.ca
219,Nanine Quartermain,36 Vidon Crossing,48604,MI,nquartermain62@smugmug.com
220,Rebbecca Wheatley,107 Loftsgordon Street,92165,CA,rwheatley63@spotify.com
221,Annaliese Mattheeuw,1239 Dwight Avenue,48912,MI,amattheeuw64@ehow.com
222,Reginald Boulde,43960 Golf View Point,68110,NE,rboulde65@mozilla.com
223,Robbie Mila,3065 Londonderry Pass,66286,KS,rmila66@mail.ru
224,Emlynn Devanney,7 Nobel Drive,15220,PA,edevanney67@twitpic.com
225,Frasco Beverage,424 Ruskin Alley,43215,OH,fbeverage68@over-blog.com
226,Kalle Birley,9 Pepper Wood Circle,77090,TX,kbirley69@infoseek.co.jp
227,Colleen Woolway,88068 Main Lane,66622,KS,cwoolway6a@behance.net
228,Illa Goff,4 Pennsylvania Street,30033,GA,igoff6b@chicagotribune.com
229,Jacquie Treadgold,106 Mitchell Point,06105,CT,jtreadgold6c@163.com
230,Reube Woosnam,304 Cottonwood Lane,99215,WA,rwoosnam6d@cnbc.com
231,Lisetta Joesbury,57297 Butterfield Plaza,49544,MI,ljoesbury6e@netscape.com
232,Francisca Tythe,49476 Erie Avenue,96840,HI,ftythe6f@cdbaby.com
233,Cece Rraundl,972 Sunbrook Trail,21405,MD,crraundl6g@multiply.com
234,Aimee Terrey,51760 Waxwing Circle,94169,CA,aterrey6h@comcast.net
235,Timothea Sagar,465 Mcbride Plaza,22119,VA,tsagar6i@cisco.com
236,Neilla Hansed,13614 Maple Drive,02124,MA,nhansed6j@ustream.tv
237,Gabriel Kettell,8 Scofield Place,75226,TX,gkettell6k@hp.com
238,Daffi Loveless,0201 David Park,93773,CA,dloveless6l@scientificamerican.com
239,Pearce Roddick,22002 Division Junction,53263,WI,proddick6m@oaic.gov.au
240,Rem Verey,9176 Sunbrook Drive,95133,CA,rverey6n@sciencedirect.com
241,Lynn Prowting,693 Rigney Crossing,75049,TX,lprowting6o@washingtonpost.com
242,Louie Boate,21103 Hauk Terrace,74116,OK,lboate6p@jiathis.com
243,Warren Basini-Gazzi,5 Maple Road,35405,AL,wbasinigazzi6q@uol.com.br
244,Elly Jirak,208 Ridgeview Plaza,06825,CT,ejirak6r@ebay.co.uk
245,Vilma Sanford,84 Marcy Way,11205,NY,vsanford6s@state.tx.us
246,Lorry Mallison,93436 Hollow Ridge Trail,99210,WA,lmallison6t@tripod.com
247,Benedetto Hungerford,61543 4th Crossing,50305,IA,bhungerford6u@army.mil
248,Silas Ianittello,68 Sloan Park,31998,GA,sianittello6v@facebook.com
249,Noami Wenderott,276 Brown Plaza,61656,IL,nwenderott6w@diigo.com
250,Geoff Kubala,452 Rieder Point,29615,SC,gkubala6x@photobucket.com
251,Clare Darlasson,0269 Pepper Wood Junction,19104,PA,cdarlasson6y@squarespace.com
252,Kippie Jickells,84 Amoth Lane,85732,AZ,kjickells6z@goo.gl
253,Bess Racine,1 Schiller Alley,72199,AR,bracine70@seesaa.net
254,Chane Bendelow,688 4th Alley,34665,FL,cbendelow71@blog.com
255,Gan Sirrell,1895 Crowley Trail,36689,AL,gsirrell72@digg.com
256,Naoma Bellhanger,83 Lyons Park,95194,CA,nbellhanger73@clickbank.net
257,Zachery Jozefiak,0 Carey Park,39296,MS,zjozefiak74@mozilla.com
258,Birgitta Wankel,23312 Center Lane,24040,VA,bwankel75@google.fr
259,Jacklyn Crossgrove,19369 Larry Alley,11854,NY,jcrossgrove76@edublogs.org
260,Lanie MacRedmond,63 Butternut Plaza,94245,CA,lmacredmond77@wikispaces.com
261,Rochester Burnet,89 Anhalt Circle,32304,FL,rburnet78@usda.gov
262,Peggy Yuryaev,4806 Pankratz Parkway,31196,GA,pyuryaev79@psu.edu
263,Beilul Attewill,12 Mifflin Alley,66220,KS,battewill7a@youtu.be
264,Tersina Mateja,3905 Loomis Street,90055,CA,tmateja7b@printfriendly.com
265,Maggie Baildon,377 Warbler Hill,87105,NM,mbaildon7c@loc.gov
266,Karlee Hibling,615 Dottie Drive,47732,IN,khibling7d@netvibes.com
267,Cecily McKeefry,721 Granby Pass,92825,CA,cmckeefry7e@icq.com
268,Angel Bawles,057 Jay Drive,62718,IL,abawles7f@webeden.co.uk
269,Fleurette Zecchini,96921 Ramsey Place,98664,WA,fzecchini7g@is.gd
270,Lilias Jiruca,564 Elka Junction,79705,TX,ljiruca7h@hhs.gov
271,Sephira Corrington,0 Dryden Terrace,21282,MD,scorrington7i@angelfire.com
272,Jayson Grund,440 Bunker Hill Point,74103,OK,jgrund7j@amazon.de
273,Yehudi Wass,2 Huxley Road,27455,NC,ywass7k@google.fr
274,Coral Francke,904 Claremont Terrace,46634,IN,cfrancke7l@senate.gov
275,Valaree Simonin,396 Boyd Park,48505,MI,vsimonin7m@newyorker.com
276,Renado Rivelin,788 Sloan Junction,35295,AL,rrivelin7n@discovery.com
277,Charita Muccino,69 Warbler Pass,98121,WA,cmuccino7o@elpais.com
278,Nady Duigan,6082 Redwing Point,76096,TX,nduigan7p@tamu.edu
279,Art Fodden,0086 Bobwhite Hill,70805,LA,afodden7q@flavors.me
280,Albertina Hebbard,7520 Drewry Way,49544,MI,ahebbard7r@indiatimes.com
281,Yorker Concannon,41 Independence Trail,23260,VA,yconcannon7s@nasa.gov
282,Dinnie Wieprecht,93 Colorado Point,92555,CA,dwieprecht7t@bbb.org
283,Bianca Davidavidovics,92979 Dennis Crossing,23668,VA,bdavidavidovics7u@paginegialle.it
284,Tobie Dudny,78 Main Pass,80217,CO,tdudny7v@alibaba.com
285,Orton Barosch,20009 Mitchell Road,91411,CA,obarosch7w@deviantart.com
286,Kendre Gierke,27 Fordem Parkway,29305,SC,kgierke7x@google.ru
287,Frasquito Tucker,5 Kedzie Street,70505,LA,ftucker7y@a8.net
288,Leigh Preddy,0922 Spenser Lane,36177,AL,lpreddy7z@ca.gov
289,Phillip Tiley,1 Becker Terrace,77713,TX,ptiley80@icq.com
290,Leeann Miskelly,994 Vermont Plaza,14683,NY,lmiskelly81@amazon.de
291,Kylen Bowld,990 Steensland Crossing,66105,KS,kbowld82@1688.com
292,Carlyle Guyers,8 Victoria Street,30096,GA,cguyers83@uiuc.edu
293,Pete O' Dornan,117 Steensland Center,97405,OR,po84@samsung.com
294,Langston Passo,064 Carioca Pass,73104,OK,lpasso85@unblog.fr
295,Emmerich Derye-Barrett,432 Londonderry Drive,14276,NY,ederyebarrett86@meetup.com
296,Nigel Oxbrough,15894 Corben Way,77045,TX,noxbrough87@nytimes.com
297,Joseito Francescuzzi,5904 Melody Court,22244,VA,jfrancescuzzi88@infoseek.co.jp
298,Kirsten Greenroa,567 Lakewood Crossing,23436,VA,kgreenroa89@qq.com
299,Whitney Jamson,043 Lakewood Gardens Place,02104,MA,wjamson8a@ihg.com
300,Constantino Blythin,1 Twin Pines Pass,23225,VA,cblythin8b@buzzfeed.com
301,Charin Reichelt,26 Towne Drive,22313,VA,creichelt8c@ezinearticles.com
302,Gillian Kleinlerer,4808 Lighthouse Bay Place,92812,CA,gkleinlerer8d@dropbox.com
303,Liana Leads,30 Lighthouse Bay Point,20599,DC,lleads8e@trellian.com
304,Merrill Noto,796 Anhalt Parkway,85210,AZ,mnoto8f@hostgator.com
305,Jaclin Dashkovich,5 Forest Dale Point,92812,CA,jdashkovich8g@cnet.com
306,Lizbeth Screaton,9806 Onsgard Road,65805,MO,lscreaton8h@wordpress.com
307,Farly Clarricoates,6635 Riverside Junction,88569,TX,fclarricoates8i@google.fr
308,Worth Whopples,064 Cordelia Street,84115,UT,wwhopples8j@google.pl
309,Jessie Fishbourne,5 Scofield Lane,10203,NY,jfishbourne8k@imgur.com
310,Parsifal Middlehurst,8 Clarendon Junction,94273,CA,pmiddlehurst8l@umn.edu
311,Maegan Fynes,780 Mayer Alley,32314,FL,mfynes8m@constantcontact.com
312,Stanley Harrald,373 Eliot Drive,07195,NJ,sharrald8n@shutterfly.com
313,Lucias Blowen,50597 Marquette Trail,47805,IN,lblowen8o@themeforest.net
314,Domenic Boulter,23152 Rigney Way,48550,MI,dboulter8p@angelfire.com
315,Lacie Rogan,5098 Leroy Way,58505,ND,lrogan8q@amazon.co.jp
316,Roselin Brandolini,57840 Fordem Crossing,30343,GA,rbrandolini8r@bizjournals.com
317,Matilda Pack,881 Stone Corner Pass,19495,PA,mpack8s@alexa.com
318,Katinka Scanlon,467 Brickson Park Park,85067,AZ,kscanlon8t@sciencedaily.com
319,Sisely Barneville,82 Gerald Terrace,29424,SC,sbarneville8u@weather.com
320,Pat McCarlie,7294 Summit Circle,10039,NY,pmccarlie8v@bbb.org
321,Dag Bartolomucci,95 Alpine Center,10203,NY,dbartolomucci8w@elegantthemes.com
322,Michaelina Pooley,7856 Schlimgen Alley,20051,DC,mpooley8x@harvard.edu
323,Marcy Mackin,174 Walton Lane,19104,PA,mmackin8y@abc.net.au
324,Gabriello Waggitt,2 Brickson Park Terrace,37919,TN,gwaggitt8z@4shared.com
325,Chelsie Wabb,975 Dennis Pass,33487,FL,cwabb90@businessweek.com
326,Tova McGaugan,53570 Carpenter Hill,92153,CA,tmcgaugan91@house.gov
327,Rowland Penni,36700 Ronald Regan Parkway,68524,NE,rpenni92@tuttocitta.it
328,Maje Rooze,40544 Center Avenue,98140,WA,mrooze93@google.de
329,Margi Merit,00 Old Gate Parkway,61614,IL,mmerit94@bloglines.com
330,Callie Dealy,39 Continental Center,30306,GA,cdealy95@w3.org
331,Kipper Cubuzzi,66816 Eagan Court,31196,GA,kcubuzzi96@hud.gov
332,Jasen Haylor,57317 Scott Place,55441,MN,jhaylor97@xing.com
333,Emery Tarry,0877 2nd Parkway,27409,NC,etarry98@tamu.edu
334,Tally Shoobridge,7 Village Green Road,75705,TX,tshoobridge99@plala.or.jp
335,Jeno Gotmann,0 Pawling Pass,66629,KS,jgotmann9a@lycos.com
336,Elene Rayment,7288 Red Cloud Alley,43656,OH,erayment9b@google.pl
337,Tedman Toward,66364 High Crossing Way,60641,IL,ttoward9c@buzzfeed.com
338,Staford Jeratt,143 Mcguire Parkway,38119,TN,sjeratt9d@vinaora.com
339,Misti Hazeley,22360 Crest Line Alley,33543,FL,mhazeley9e@springer.com
340,Samuel Simoni,22 Farragut Terrace,64130,MO,ssimoni9f@i2i.jp
341,Shelton Morteo,17 4th Point,31119,GA,smorteo9g@nps.gov
342,Cathrin O'Giany,47 Acker Lane,81010,CO,cogiany9h@wsj.com
343,Philippe Copelli,5553 Carberry Lane,80235,CO,pcopelli9i@walmart.com
344,Lief Wakeley,9 Eastwood Center,46867,IN,lwakeley9j@guardian.co.uk
345,Tymon Scotchmoor,4848 Aberg Parkway,95150,CA,tscotchmoor9k@springer.com
346,Edythe Reide,518 8th Court,10459,NY,ereide9l@sohu.com
347,Mercie Haygreen,306 Sunnyside Drive,19115,PA,mhaygreen9m@newsvine.com
348,Cleo Carnaman,8 Larry Pass,98166,WA,ccarnaman9n@feedburner.com
349,Herb Lamartine,44815 Redwing Road,32412,FL,hlamartine9o@springer.com
350,Jdavie Jeduch,7 Warbler Court,14233,NY,jjeduch9p@howstuffworks.com
351,Winslow Clavey,62 Kim Park,38308,TN,wclavey9q@jimdo.com
352,Evelyn Kort,4042 Schlimgen Terrace,47725,IN,ekort9r@fda.gov
353,Celina Andrassy,2779 3rd Way,15215,PA,candrassy9s@t.co
354,Anni Theakston,027 Clove Hill,38143,TN,atheakston9t@washingtonpost.com
355,Sibilla Eastam,897 Bunting Point,33680,FL,seastam9u@joomla.org
356,Tedda Batstone,2715 Ludington Hill,88589,TX,tbatstone9v@virginia.edu
357,Cathie Hazeltine,20186 Summerview Park,79165,TX,chazeltine9w@businessweek.com
358,Adara Bussen,476 Shoshone Court,92115,CA,abussen9x@example.com
359,Alyssa Pryn,1 Sugar Junction,11499,NY,apryn9y@facebook.com
360,Patrick Lawful,28413 Texas Pass,30392,GA,plawful9z@dyndns.org
361,Keelby Grece,20 Mcguire Crossing,48211,MI,kgrecea0@yellowpages.com
362,Isidore Rickis,499 Gulseth Road,37665,TN,irickisa1@simplemachines.org
363,Cele Garrat,84 Kensington Plaza,96810,HI,cgarrata2@cbsnews.com
364,Virgie Auletta,82 Rockefeller Place,97240,OR,vaulettaa3@topsy.com
365,Morna Fetterplace,63518 Manitowish Terrace,30358,GA,mfetterplacea4@bbc.co.uk
366,Anthiathia Duguid,5 Debs Street,88569,TX,aduguida5@loc.gov
367,Domini Eddison,7803 Buell Terrace,33715,FL,deddisona6@npr.org
368,Gretal Heggadon,33 Riverside Road,91411,CA,gheggadona7@amazon.co.uk
369,Delaney Skyner,3054 Service Trail,32854,FL,dskynera8@oracle.com
370,Hercules Lamble,396 Macpherson Way,06120,CT,hlamblea9@google.ca
371,Rosemary Goldfinch,9 Becker Pass,43231,OH,rgoldfinchaa@creativecommons.org
372,Janenna Masse,6844 Fallview Way,36104,AL,jmasseab@earthlink.net
373,Jo-ann Fathers,9 Orin Hill,78245,TX,jfathersac@google.ca
374,Robin Mullany,05546 Morningstar Parkway,58106,ND,rmullanyad@howstuffworks.com
375,Parry Arman,04 Sachs Crossing,33175,FL,parmanae@utexas.edu
376,Terrance O'Hannay,49302 Pierstorff Hill,23213,VA,tohannayaf@buzzfeed.com
377,Burnaby O'Crowley,45 Lyons Terrace,19714,DE,bocrowleyag@ovh.net
378,Gaylor Turvey,998 Luster Lane,48930,MI,gturveyah@amazon.de
379,Terencio Stute,82814 Bashford Center,78210,TX,tstuteai@creativecommons.org
380,Rozalin Deniscke,8664 Scoville Drive,64142,MO,rdenisckeaj@weebly.com
381,Zonda Ronca,8 Orin Place,80930,CO,zroncaak@nasa.gov
382,Lilas Rupprecht,75810 Corben Road,36177,AL,lrupprechtal@yandex.ru
383,Sheilah Barrowcliff,3 Carioca Center,29424,SC,sbarrowcliffam@spiegel.de
384,Jervis Edwicker,573 Emmet Terrace,36114,AL,jedwickeran@youtube.com
385,Yolane Batchellor,27065 Lighthouse Bay Junction,76096,TX,ybatchellorao@goo.gl
386,Lishe Muckeen,76 Hermina Point,33763,FL,lmuckeenap@usatoday.com
387,Aluino Vanichkov,89132 Porter Hill,89087,NV,avanichkovaq@woothemes.com
388,Derrick Mantrup,0 Kings Point,02104,MA,dmantrupar@freewebs.com
389,Genevra Ryce,43 Thierer Avenue,78744,TX,gryceas@shinystat.com
390,Donal Rhys,64440 Mitchell Avenue,48930,MI,drhysat@vk.com
391,Sallyann Sperrett,8069 Lighthouse Bay Junction,77040,TX,ssperrettau@i2i.jp
392,Kris Kendall,0 Barnett Lane,98148,WA,kkendallav@weather.com
393,Lief Lunnon,675 Lakeland Pass,44321,OH,llunnonaw@dailymotion.com
394,Verge Parlett,87934 Bashford Center,20910,MD,vparlettax@com.com
395,Philippe Foale,8435 Westport Road,32520,FL,pfoaleay@dion.ne.jp
396,Darnell Kilgannon,42968 Farmco Road,17605,PA,dkilgannonaz@gravatar.com
397,Raphael Philo,54644 Meadow Ridge Avenue,40618,KY,rphilob0@walmart.com
398,Tiffany Gathwaite,1 Grim Avenue,23436,VA,tgathwaiteb1@utexas.edu
399,Matti Beadnall,30364 Evergreen Hill,10464,NY,mbeadnallb2@goo.ne.jp
400,Heindrick Mazdon,0 Melvin Crossing,98405,WA,hmazdonb3@google.ca
401,Bald Cauthra,42 Forster Circle,11044,NY,bcauthrab4@usnews.com
402,Anastasie Dowsey,27 Bartillon Place,44705,OH,adowseyb5@imageshack.us
403,Vinnie Macguire,41 Dunning Parkway,94089,CA,vmacguireb6@hao123.com
404,Collette Athersmith,2 Summit Center,03804,NH,cathersmithb7@csmonitor.com
405,Isaiah Saiger,6 Lindbergh Center,77050,TX,isaigerb8@yahoo.com
406,Clayson Errowe,64610 Green Trail,33625,FL,cerroweb9@meetup.com
407,Timothy O'Brien,26 Schurz Road,19184,PA,tobrienba@tamu.edu
408,Orson Payton,8691 Sloan Parkway,23277,VA,opaytonbb@shinystat.com
409,Issiah Tolomelli,950 Bunker Hill Place,94522,CA,itolomellibc@disqus.com
410,Kele Grzeszczyk,55446 Ridge Oak Lane,77095,TX,kgrzeszczykbd@thetimes.co.uk
411,Cacilia Dowsing,0 1st Alley,32304,FL,cdowsingbe@ustream.tv
412,Magnum Mcwhinney,59164 Green Park,30245,GA,mmcwhinneybf@buzzfeed.com
413,Willi Rumford,568 Anzinger Circle,19109,PA,wrumfordbg@fastcompany.com
414,Seamus Mallindine,954 Susan Center,15906,PA,smallindinebh@mozilla.com
415,Hoyt Farland,3616 Roth Road,32236,FL,hfarlandbi@cbsnews.com
416,Sharona Wharin,173 Dryden Lane,88553,TX,swharinbj@samsung.com
417,Carr Gaitskill,4240 Bartelt Road,98907,WA,cgaitskillbk@google.ca
418,Betta Heindl,1753 Warbler Alley,34745,FL,bheindlbl@vimeo.com
419,Albrecht Cordeiro,0 Old Gate Hill,77346,TX,acordeirobm@bbc.co.uk
420,Ranna Brumble,32 Hooker Alley,10105,NY,rbrumblebn@canalblog.com
421,Kerwinn Fardo,4390 Drewry Park,32610,FL,kfardobo@xinhuanet.com
422,Reynold Aloshechkin,41 Del Sol Way,90510,CA,raloshechkinbp@guardian.co.uk
423,Didi Pimblott,44 Autumn Leaf Hill,01129,MA,dpimblottbq@nbcnews.com
424,Clarine Garrand,16854 Stephen Trail,77035,TX,cgarrandbr@pagesperso-orange.fr
425,Jermaine Penhale,31481 Eliot Avenue,32627,FL,jpenhalebs@php.net
426,Kennie Ducarne,6 Dakota Pass,40505,KY,kducarnebt@home.pl
427,Sadye Wyeth,723 Pierstorff Road,79955,TX,swyethbu@china.com.cn
428,Rodi Bonsey,4 Lerdahl Avenue,81010,CO,rbonseybv@google.com
429,Raimund Swinfen,328 Ridge Oak Terrace,98166,WA,rswinfenbw@pinterest.com
430,Humphrey Silverson,9 Kensington Way,64109,MO,hsilversonbx@list-manage.com
431,Nicolina Besset,19 Browning Alley,10175,NY,nbessetby@apple.com
432,Renato Tosspell,3 Northfield Circle,50362,IA,rtosspellbz@mail.ru
433,Saundra Speares,401 Knutson Center,31119,GA,sspearesc0@lulu.com
434,Caritta Crowley,7 Browning Road,10184,NY,ccrowleyc1@acquirethisname.com
435,Frans Roofe,88539 Gerald Alley,10029,NY,froofec2@globo.com
436,Maudie Scourfield,7624 Waxwing Court,20051,DC,mscourfieldc3@ebay.co.uk
437,Marni Skade,508 Bluestem Way,33462,FL,mskadec4@bravesites.com
438,Kahlil Pellant,45861 Harbort Alley,02305,MA,kpellantc5@vkontakte.ru
439,Louella Ducket,88358 Darwin Hill,94522,CA,lducketc6@nbcnews.com
440,Jori Tittletross,14 Portage Crossing,64054,MO,jtittletrossc7@reverbnation.com
441,Alisander Rowsell,6 Vera Lane,33164,FL,arowsellc8@princeton.edu
442,Celestine Skamell,20499 Hagan Pass,76705,TX,cskamellc9@technorati.com
443,Dulce Castagneto,6 Del Sol Trail,58505,ND,dcastagnetoca@sun.com
444,Jaye Alexandre,63452 Nevada Lane,94132,CA,jalexandrecb@illinois.edu
445,Nevin Elward,859 Hanover Road,92648,CA,nelwardcc@spiegel.de
446,Wolf Kordova,6 Calypso Way,23454,VA,wkordovacd@va.gov
447,Ambur Vedyashkin,106 Truax Road,02104,MA,avedyashkince@feedburner.com
448,Jayson Klemenz,37 Corben Pass,97206,OR,jklemenzcf@hostgator.com
449,Dun Dyos,38359 Brickson Park Hill,78415,TX,ddyoscg@foxnews.com
450,North Slee,8 Sunnyside Crossing,40524,KY,nsleech@usnews.com
451,Garland Phelip,035 Starling Alley,79176,TX,gphelipci@google.com.au
452,Esther Perrelli,596 Dahle Alley,72916,AR,eperrellicj@washingtonpost.com
453,Hoebart Dibben,0566 6th Parkway,20380,DC,hdibbenck@ted.com
454,Bryna Assender,095 Summer Ridge Trail,22313,VA,bassendercl@cbc.ca
455,Taylor Mannin,6 Washington Terrace,77250,TX,tmannincm@cocolog-nifty.com
456,Edvard Haster,56 Kinsman Center,73129,OK,ehastercn@prweb.com
457,Valli Minard,2 Dixon Road,89595,NV,vminardco@dropbox.com
458,Pinchas Ciepluch,19792 Burning Wood Way,16505,PA,pciepluchcp@cpanel.net
459,Beatrisa Brandoni,0 Acker Alley,23705,VA,bbrandonicq@ca.gov
460,Mandi Sexton,2064 4th Point,17121,PA,msextoncr@abc.net.au
461,Becca Welbeck,7032 Esch Point,19714,DE,bwelbeckcs@cnet.com
462,Crissie Raithbie,81 Drewry Plaza,91797,CA,craithbiect@slate.com
463,Lezley Vanderson,3465 Kennedy Alley,80204,CO,lvandersoncu@europa.eu
464,Georgiana Wardell,92 Cottonwood Parkway,31119,GA,gwardellcv@google.ru
465,Johan Benneton,20896 Warbler Pass,20099,DC,jbennetoncw@telegraph.co.uk
466,Pris Klewi,12 Mitchell Hill,85205,AZ,pklewicx@mayoclinic.com
467,Hodge Bellham,40275 Kenwood Point,87180,NM,hbellhamcy@tuttocitta.it
468,Madelena Tutchell,4 Shasta Pass,99252,WA,mtutchellcz@ehow.com
469,Buffy Burrus,70 Stoughton Center,97216,OR,bburrusd0@wordpress.com
470,Wakefield Fosken,284 Prairieview Place,85710,AZ,wfoskend1@ehow.com
471,Coralyn Fleetwood,073 Oxford Street,79710,TX,cfleetwoodd2@amazon.co.jp
472,Thatch Pesak,10294 Truax Crossing,33647,FL,tpesakd3@xrea.com
473,Ingmar Fullerlove,205 Kingsford Way,19136,PA,ifullerloved4@boston.com
474,Cinnamon McAlarney,6125 Banding Center,80262,CO,cmcalarneyd5@stumbleupon.com
475,Mary Halladey,8824 Pearson Hill,78230,TX,mhalladeyd6@virginia.edu
476,Charles Eddisford,79169 Arrowood Center,32835,FL,ceddisfordd7@home.pl
477,Trista Westnage,7 Rigney Court,97201,OR,twestnaged8@who.int
478,Weider Ferney,44562 Lake View Center,95219,CA,wferneyd9@cbsnews.com
479,Dorree Pole,49219 Lien Junction,32526,FL,dpoleda@cdbaby.com
480,Josselyn Cosby,20 Sheridan Park,16107,PA,jcosbydb@china.com.cn
481,Herta Bussy,067 Spenser Hill,37931,TN,hbussydc@dyndns.org
482,Merridie Windsor,7 Nobel Plaza,02298,MA,mwindsordd@ucsd.edu
483,Roley Spurge,75466 Shelley Circle,19178,PA,rspurgede@deviantart.com
484,Molly Jermy,0 Tennessee Place,43240,OH,mjermydf@marriott.com
485,Genovera Bowerman,4396 Daystar Way,20892,MD,gbowermandg@cbc.ca
486,Orly Wellings,94 Hauk Place,32941,FL,owellingsdh@gnu.org
487,Nero McCook,2 Esch Terrace,62205,IL,nmccookdi@imdb.com
488,Cordie Kepe,28 Duke Terrace,99252,WA,ckepedj@t.co
489,Alexandro Burnyeat,82 1st Way,45470,OH,aburnyeatdk@clickbank.net
490,Krystyna Caldaro,477 Waubesa Way,77005,TX,kcaldarodl@bravesites.com
491,Riordan Ravenscraft,16288 Tony Park,76505,TX,rravenscraftdm@sbwire.com
492,Beitris Broomhead,020 Brickson Park Plaza,84170,UT,bbroomheaddn@1688.com
493,Harcourt Domenico,470 Miller Drive,15235,PA,hdomenicodo@guardian.co.uk
494,Jori Ewert,49 Darwin Parkway,33625,FL,jewertdp@walmart.com
495,Joby Van Salzberger,5386 Duke Plaza,37995,TN,jvandq@spiegel.de
496,Berthe Budnk,93 Fisk Circle,37665,TN,bbudnkdr@cpanel.net
497,Margarethe Bleackley,677 Eggendart Hill,76121,TX,mbleackleyds@vistaprint.com
498,Johanna Bossons,29 Blue Bill Park Road,85099,AZ,jbossonsdt@hc360.com
499,Merrill Creebo,305 Eggendart Terrace,46825,IN,mcreebodu@google.co.jp
500,Laetitia Snare,89722 Elgar Terrace,97405,OR,lsnaredv@vkontakte.ru
501,Lacey Kettridge,1 Glacier Hill Street,36177,AL,lkettridgedw@yelp.com
502,Maynord Luck,2 Gerald Hill,14652,NY,mluckdx@cloudflare.com
503,Moise Blose,5 Clemons Plaza,33028,FL,mblosedy@youku.com
504,Darryl Graveston,0298 Tony Avenue,98104,WA,dgravestondz@state.tx.us
505,Yank Isson,47 Golf View Center,79171,TX,yissone0@netlog.com
506,Germana Danell,5 Caliangt Plaza,78789,TX,gdanelle1@auda.org.au
507,Shea Karlsson,19371 Hazelcrest Street,34135,FL,skarlssone2@dailymotion.com
508,Ximenes Rivett,17 Sullivan Hill,29305,SC,xrivette3@comcast.net
509,Daria Risman,9043 Melrose Trail,60641,IL,drismane4@wordpress.org
510,Lilah Meeks,09 Portage Parkway,13251,NY,lmeekse5@ucsd.edu
511,Aggi Hopkynson,7 Maywood Drive,98516,WA,ahopkynsone6@simplemachines.org
512,Tracy Danilchik,49 Ronald Regan Parkway,30356,GA,tdanilchike7@reddit.com
513,Chicky Dongate,20080 Bayside Alley,38136,TN,cdongatee8@nationalgeographic.com
514,Morten Cregg,4 Buell Plaza,32868,FL,mcregge9@cbsnews.com
515,Joye Jerred,6859 Pepper Wood Parkway,02208,MA,jjerredea@over-blog.com
516,Ambros Bifield,7655 Sugar Circle,61629,IL,abifieldeb@addthis.com
517,Nial Rain,004 Stuart Terrace,32825,FL,nrainec@dailymail.co.uk
518,Noll Beden,6509 Riverside Park,31405,GA,nbedened@un.org
519,Robert Di Batista,7 Village Green Alley,93709,CA,rdiee@guardian.co.uk
520,Shayla Turpie,7 Northland Park,22093,VA,sturpieef@ftc.gov
521,Fionna Showalter,13955 Blaine Avenue,52410,IA,fshowaltereg@webs.com
522,Teddy Paxman,1 Atwood Park,21705,MD,tpaxmaneh@ihg.com
523,Mandie Bracer,26 Hoffman Center,91205,CA,mbracerei@liveinternet.ru
524,Eve Honatsch,6338 Northwestern Avenue,60663,IL,ehonatschej@yandex.ru
525,Katalin Dobeson,63 Logan Court,98498,WA,kdobesonek@scribd.com
526,Flory Dandie,30 Daystar Park,91131,CA,fdandieel@xrea.com
527,Elsie Jacobsohn,8 Old Shore Point,94605,CA,ejacobsohnem@hostgator.com
528,Aindrea Kennler,5 Bayside Hill,79188,TX,akennleren@twitter.com
529,Nevsa Gulston,0 Susan Way,34611,FL,ngulstoneo@newsvine.com
530,Angelo Budgett,48164 Thackeray Parkway,95123,CA,abudgettep@noaa.gov
531,Brander Rossborough,384 La Follette Terrace,23514,VA,brossborougheq@discuz.net
532,Bert de Clerk,456 Dexter Junction,91131,CA,bdeer@mlb.com
533,Arel Martyn,50 Muir Crossing,60624,IL,amartynes@nifty.com
534,Monte Alflatt,320 Old Shore Lane,33164,FL,malflattet@mediafire.com
535,Wash Jeanesson,8017 Swallow Place,20508,DC,wjeanessoneu@shutterfly.com
536,Ashly McMurty,945 Jackson Center,78405,TX,amcmurtyev@youtube.com
537,Latia Ferenc,7674 Fordem Alley,64504,MO,lferencew@cnbc.com
538,Parke Mickleburgh,14 Armistice Pass,10305,NY,pmickleburghex@mail.ru
539,Mortimer Anselm,50768 Mayer Hill,10115,NY,manselmey@google.de
540,Wilhelm Gascoigne,18703 Montana Way,27455,NC,wgascoigneez@aboutads.info
541,Dannie Rableau,7 Becker Parkway,85311,AZ,drableauf0@reference.com
542,Jeno Choke,29 Vernon Center,78296,TX,jchokef1@adobe.com
543,Lilli Bernetti,97 Southridge Parkway,48335,MI,lbernettif2@bing.com
544,Cristina Lilleycrop,8638 Farmco Center,66215,KS,clilleycropf3@dmoz.org
545,Junina Fewings,629 Spohn Drive,20599,DC,jfewingsf4@cam.ac.uk
546,Silvie Drysdell,0081 Knutson Lane,73167,OK,sdrysdellf5@springer.com
547,Manny Antognetti,2365 Fairfield Drive,20436,DC,mantognettif6@t-online.de
548,Brett Stimson,9672 Hanover Junction,20910,MD,bstimsonf7@angelfire.com
549,Brendis Arens,062 Brentwood Plaza,60669,IL,barensf8@delicious.com
550,Bonnie Derl,7081 Corben Crossing,02905,RI,bderlf9@xrea.com
551,Grover Dalby,4471 American Way,20436,DC,gdalbyfa@fda.gov
552,Elana Janikowski,19873 Duke Way,02405,MA,ejanikowskifb@behance.net
553,Cicely Eynon,66 Victoria Pass,94627,CA,ceynonfc@foxnews.com
554,Carlie Eborn,990 Golden Leaf Pass,85219,AZ,cebornfd@cbslocal.com
555,Brucie Snedker,56 Schmedeman Street,60193,IL,bsnedkerfe@php.net
556,Gerrilee Arson,4 Sauthoff Point,85754,AZ,garsonff@addthis.com
557,Simonne Ceely,83601 Hermina Way,44511,OH,sceelyfg@oracle.com
558,Cristina Cubuzzi,00866 Anzinger Street,83206,ID,ccubuzzifh@newyorker.com
559,Claudetta Hurtado,2 Dunning Lane,08603,NJ,churtadofi@disqus.com
560,Yolanda Dalwood,583 Del Sol Circle,19805,DE,ydalwoodfj@theguardian.com
561,Sharyl Lettsom,42 Sachs Way,77020,TX,slettsomfk@cbsnews.com
562,Alic Meriet,64549 Novick Court,92056,CA,amerietfl@youku.com
563,Aubree Scougall,9516 Mallard Road,94291,CA,ascougallfm@wikimedia.org
564,Jessey Ledwith,9394 Hayes Crossing,78225,TX,jledwithfn@mozilla.org
565,Kip Winborn,0 Miller Circle,21705,MD,kwinbornfo@wired.com
566,Lyon Rottery,88544 Forest Drive,80235,CO,lrotteryfp@twitter.com
567,Pepe Maffy,47267 Mariners Cove Hill,33124,FL,pmaffyfq@independent.co.uk
568,Nana Raff,40 Calypso Center,77070,TX,nrafffr@youku.com
569,Ava Teeney,318 Vidon Hill,80005,CO,ateeneyfs@privacy.gov.au
570,Dalila Gawthorp,4 Hoepker Circle,33543,FL,dgawthorpft@printfriendly.com
571,Tommy Lancley,249 Surrey Place,93399,CA,tlancleyfu@paypal.com
572,Niles Geering,18 Victoria Drive,28230,NC,ngeeringfv@youku.com
573,Prent Showt,6 Moose Hill,20099,DC,pshowtfw@drupal.org
574,Alvera McGarrell,2 Center Terrace,77713,TX,amcgarrellfx@disqus.com
575,Devlin Morot,2 Starling Drive,11480,NY,dmorotfy@webeden.co.uk
576,Andy Stedall,91 South Circle,40591,KY,astedallfz@moonfruit.com
577,Trixy Killby,214 Ruskin Road,53225,WI,tkillbyg0@pinterest.com
578,Rona Dominetti,44618 Eastlawn Pass,33680,FL,rdominettig1@princeton.edu
579,Wilone Holwell,6100 Packers Crossing,77505,TX,wholwellg2@squarespace.com
580,Joshia Corona,69 Judy Drive,46857,IN,jcoronag3@cam.ac.uk
581,Bobbette Jarnell,840 Twin Pines Hill,79116,TX,bjarnellg4@a8.net
582,Taber Scoggans,18730 Donald Center,20425,DC,tscoggansg5@microsoft.com
583,Olivero Fairnington,9139 Shoshone Lane,72916,AR,ofairningtong6@dyndns.org
584,Aubrie McConachie,1842 Memorial Avenue,08603,NJ,amcconachieg7@elpais.com
585,Adrian Vales,53188 Goodland Terrace,45271,OH,avalesg8@comcast.net
586,Elysee Tennewell,4957 Lake View Plaza,94712,CA,etennewellg9@mlb.com
587,Agathe Carnow,8 Northport Plaza,80925,CO,acarnowga@eepurl.com
588,Charmian Ropking,04037 Kingsford Avenue,85083,AZ,cropkinggb@dropbox.com
589,Nonnah Libby,24 Weeping Birch Street,76011,TX,nlibbygc@bbb.org
590,Cyrus Lawrenz,6214 Grim Road,36104,AL,clawrenzgd@meetup.com
591,Janifer Duesberry,29 Aberg Crossing,46254,IN,jduesberryge@washingtonpost.com
592,Say Mathewes,64531 Dahle Parkway,30610,GA,smathewesgf@ezinearticles.com
593,Darrin Peace,920 Dixon Circle,08695,NJ,dpeacegg@geocities.jp
594,Vittoria Harraway,999 Jackson Plaza,45254,OH,vharrawaygh@sfgate.com
595,Lon Chestnut,4 Waywood Park,23208,VA,lchestnutgi@networkadvertising.org
596,Leoine Ber,29 Rowland Pass,78470,TX,lbergj@illinois.edu
597,Michel Dewsnap,284 Shasta Place,23454,VA,mdewsnapgk@last.fm
598,Augie Rivers,136 Sunfield Parkway,10557,NY,ariversgl@zimbio.com
599,Carena Teml,2 Almo Junction,33884,FL,ctemlgm@netlog.com
600,Kynthia Klosges,371 Bunting Circle,85053,AZ,kklosgesgn@buzzfeed.com
601,Sibella Jacobssen,06376 Burrows Lane,55551,MN,sjacobssengo@nationalgeographic.com
602,Patsy Coulton,8081 Di Loreto Circle,33325,FL,pcoultongp@wiley.com
603,Karla Bleby,40738 John Wall Parkway,27621,NC,kblebygq@ted.com
604,Griz Strutt,5 Green Ridge Point,23471,VA,gstruttgr@howstuffworks.com
605,Pauline Stainson,29 Ludington Place,33023,FL,pstainsongs@t-online.de
606,Galvan Ghidelli,202 Westend Road,50335,IA,gghidelligt@plala.or.jp
607,Margery Heffer,854 Heffernan Street,85383,AZ,mheffergu@ow.ly
608,Bren Reboul,871 Armistice Court,45440,OH,breboulgv@wikia.com
609,Hildy Fearenside,39 Homewood Avenue,77255,TX,hfearensidegw@constantcontact.com
610,Cyrill Buckland,6 Paget Place,59771,MT,cbucklandgx@acquirethisname.com
611,Tomasine Pensom,661 Emmet Way,92519,CA,tpensomgy@cornell.edu
612,Dorie Gentile,7 Stuart Crossing,70815,LA,dgentilegz@army.mil
613,Kermit Aspall,61881 Claremont Street,63110,MO,kaspallh0@adobe.com
614,Harriot Coopland,3 Northland Court,37919,TN,hcooplandh1@ox.ac.uk
615,Kati Bente,321 Lyons Avenue,55585,MN,kbenteh2@samsung.com
616,Blanche Pentin,349 Granby Circle,94975,CA,bpentinh3@china.com.cn
617,Betteanne Rysdale,0 Sachtjen Hill,20530,DC,brysdaleh4@hud.gov
618,Kylila Fathers,4316 Express Drive,70142,LA,kfathersh5@state.gov
619,Idelle Blaiklock,61 Helena Point,31410,GA,iblaiklockh6@privacy.gov.au
620,Inge De Haven,87 Dapin Center,15240,PA,ideh7@lycos.com
621,Katha Krop,3683 Porter Circle,70129,LA,kkroph8@twitter.com
622,Randy Baraja,4593 Anniversary Crossing,10464,NY,rbarajah9@infoseek.co.jp
623,Cosmo Leighton,6039 Mayer Center,54313,WI,cleightonha@java.com
624,Denice Jouanny,6141 Anthes Street,12210,NY,djouannyhb@networksolutions.com
625,Anabel Gallelli,6234 Menomonie Park,73190,OK,agallellihc@netvibes.com
626,Melony Cade,8 Anzinger Center,30045,GA,mcadehd@instagram.com
627,Merrile Nightingale,7869 American Place,15261,PA,mnightingalehe@de.vu
628,Albert Mundow,84026 Fuller Road,08638,NJ,amundowhf@springer.com
629,Cornelius Wittering,7 Springview Way,80910,CO,cwitteringhg@whitehouse.gov
630,Kelsey Origin,946 Beilfuss Court,85025,AZ,koriginhh@icio.us
631,Barnett Antoniat,08 Dwight Place,78710,TX,bantoniathi@de.vu
632,Man Grinter,089 Johnson Trail,43605,OH,mgrinterhj@cdc.gov
633,Eduino Verdie,25021 Marquette Center,10175,NY,everdiehk@usgs.gov
634,Dewie Wooddisse,7 Eggendart Avenue,94126,CA,dwooddissehl@nytimes.com
635,Shara Keary,7026 Pearson Trail,06127,CT,skearyhm@canalblog.com
636,Raimund Laxtonne,12441 Vera Lane,90847,CA,rlaxtonnehn@nbcnews.com
637,Neron Roake,1059 Mallard Park,89193,NV,nroakeho@opensource.org
638,Frayda Irvin,6160 Bowman Alley,92668,CA,firvinhp@bloglines.com
639,Lin McKimm,36 Thierer Street,88569,TX,lmckimmhq@auda.org.au
640,Korey Gellately,8 Memorial Place,25711,WV,kgellatelyhr@mediafire.com
641,Dona Weyman,67 Westridge Street,74193,OK,dweymanhs@squarespace.com
642,Al Edgeler,60 Morningstar Park,55805,MN,aedgelerht@booking.com
643,Karita Sikorsky,006 Carpenter Plaza,19109,PA,ksikorskyhu@sbwire.com
644,Risa Lovewell,73670 Anhalt Plaza,60646,IL,rlovewellhv@un.org
645,Jennee Kovelmann,630 Gina Point,40293,KY,jkovelmannhw@biglobe.ne.jp
646,Rennie Merkel,322 Glacier Hill Way,79188,TX,rmerkelhx@time.com
647,Inigo Revey,0 Lerdahl Point,40515,KY,ireveyhy@patch.com
648,Veradis Coldridge,694 Tomscot Lane,37228,TN,vcoldridgehz@cornell.edu
649,Appolonia Manna,4620 Graedel Way,98424,WA,amannai0@twitter.com
650,Scarlet Muller,28482 Green Pass,66105,KS,smulleri1@craigslist.org
651,Adella Fuzzard,7 Bunting Circle,91199,CA,afuzzardi2@cdbaby.com
652,Sampson Hatliffe,11 Nelson Place,64199,MO,shatliffei3@icq.com
653,Aharon Jeram,0352 Village Way,53710,WI,ajerami4@toplist.cz
654,Kelsey Yurkin,27596 Ilene Way,22119,VA,kyurkini5@berkeley.edu
655,Yvon Lawlings,27401 Red Cloud Lane,55573,MN,ylawlingsi6@moonfruit.com
656,Nixie Witcher,85 Old Gate Avenue,76796,TX,nwitcheri7@ft.com
657,Kristi Ferencz,11 Calypso Road,64149,MO,kferenczi8@imdb.com
658,Zechariah Kesterton,90 Banding Plaza,06520,CT,zkestertoni9@youtu.be
659,Terrence Hanham,205 Melody Center,64193,MO,thanhamia@netscape.com
660,Dewey Kinder,9909 Corry Parkway,43635,OH,dkinderib@taobao.com
661,Netta Mollatt,2232 Dryden Circle,75062,TX,nmollattic@acquirethisname.com
662,Nicolea Peal,35462 Brown Parkway,32909,FL,npealid@woothemes.com
663,Edgar Polkinhorn,72 Lien Center,49544,MI,epolkinhornie@boston.com
664,Clim Brittin,6791 New Castle Center,36109,AL,cbrittinif@hubpages.com
665,Janine Pocklington,69 Village Junction,80045,CO,jpocklingtonig@gmpg.org
666,Muriel Attenbrow,383 Reinke Parkway,20268,DC,mattenbrowih@unesco.org
667,Cristian Bartolijn,16112 Bunting Park,33647,FL,cbartolijnii@princeton.edu
668,Nataniel Baline,98 Elgar Hill,78783,TX,nbalineij@google.co.uk
669,Raffarty Duckit,30 North Hill,23551,VA,rduckitik@storify.com
670,Zandra Becconsall,47425 Monument Plaza,85725,AZ,zbecconsallil@walmart.com
671,Onfre Beverstock,723 Pond Parkway,20073,DC,obeverstockim@npr.org
672,Lawton Madelin,809 South Hill,74156,OK,lmadelinin@hostgator.com
673,Valma Laffan,7 Arizona Park,33169,FL,vlaffanio@sitemeter.com
674,Alf Haxley,17737 Corscot Street,20520,DC,ahaxleyip@ameblo.jp
675,Renie Clara,51 Pond Circle,93778,CA,rclaraiq@chronoengine.com
676,Culley Duffree,88 Oriole Plaza,32123,FL,cduffreeir@plala.or.jp
677,Ax Creeboe,4020 Fairfield Street,37215,TN,acreeboeis@comcast.net
678,Rosie Squires,1993 Lerdahl Hill,20910,MD,rsquiresit@oakley.com
679,Bibbie Kingscote,560 Blackbird Place,53277,WI,bkingscoteiu@latimes.com
680,Thom Muncey,3 Vera Drive,27150,NC,tmunceyiv@washingtonpost.com
681,Isabeau Rumsby,510 Messerschmidt Crossing,23208,VA,irumsbyiw@imdb.com
682,Fanechka Leaning,9644 Gulseth Lane,80044,CO,fleaningix@google.co.uk
683,Faydra Scarlan,34 Graedel Lane,10019,NY,fscarlaniy@yandex.ru
684,Peggi Finby,10 Starling Point,03105,NH,pfinbyiz@google.de
685,Cristine Plum,22524 2nd Alley,68583,NE,cplumj0@cam.ac.uk
686,Zonnya Malthus,31 Loftsgordon Junction,49518,MI,zmalthusj1@t.co
687,Ramona Simms,49320 Amoth Center,49505,MI,rsimmsj2@slate.com
688,Aland Abelov,160 Darwin Center,23436,VA,aabelovj3@yelp.com
689,Andriette O'Riordan,1 Messerschmidt Court,27404,NC,aoriordanj4@taobao.com
690,Lucien Kinneally,669 Northport Drive,70883,LA,lkinneallyj5@storify.com
691,Audrie Cauldwell,867 Arkansas Circle,49006,MI,acauldwellj6@icio.us
692,Pooh Northin,1656 Darwin Parkway,97206,OR,pnorthinj7@soup.io
693,Jordan Benoi,6 Upham Way,90831,CA,jbenoij8@tinyurl.com
694,Sanderson Wolsey,4631 Ludington Center,80930,CO,swolseyj9@pagesperso-orange.fr
695,Hattie Lorain,45931 Center Court,92662,CA,hlorainja@flavors.me
696,Valentino Gozzett,6156 Nelson Avenue,28220,NC,vgozzettjb@cocolog-nifty.com
697,Eddy Ruf,44 Esch Trail,79923,TX,erufjc@zimbio.com
698,Forrest Jirusek,4817 Loftsgordon Parkway,06510,CT,fjirusekjd@pcworld.com
699,Mackenzie O'Hederscoll,24763 Fair Oaks Hill,61640,IL,mohederscollje@dagondesign.com
700,Dominga Shiell,411 Holy Cross Drive,78285,TX,dshielljf@cnet.com
701,Allyn Statham,4570 Sunnyside Street,45999,OH,astathamjg@utexas.edu
702,Aurie Menis,2 Ridgeway Street,80204,CO,amenisjh@chronoengine.com
703,Raymund Simonaitis,50 Muir Trail,14269,NY,rsimonaitisji@who.int
704,Octavius Danelutti,6 Oxford Park,32123,FL,odaneluttijj@google.ca
705,Ancell Feragh,2457 Atwood Drive,62705,IL,aferaghjk@msn.com
706,Vernice Sedgmond,90771 Sycamore Point,40576,KY,vsedgmondjl@technorati.com
707,Noah Lalevee,439 Buena Vista Road,38136,TN,nlaleveejm@foxnews.com
708,Cecilla Farfull,5028 David Crossing,92662,CA,cfarfulljn@businesswire.com
709,Lelia Digger,76449 Hovde Point,13505,NY,ldiggerjo@360.cn
710,Nichol Gilby,453 Mesta Center,35244,AL,ngilbyjp@theguardian.com
711,Hillard Tythacott,96356 Anhalt Crossing,20036,DC,htythacottjq@networksolutions.com
712,Artie Kennady,61618 Rutledge Trail,77234,TX,akennadyjr@e-recht24.de
713,Franni Jira,56 Arapahoe Court,40586,KY,fjirajs@webs.com
714,Art Diggell,64 Leroy Lane,89115,NV,adiggelljt@csmonitor.com
715,Deeyn Laval,79 Debra Junction,33147,FL,dlavalju@unc.edu
716,Alicia Boulton,4 Darwin Avenue,02305,MA,aboultonjv@miibeian.gov.cn
717,Isabella O'Moylan,6 Dexter Parkway,94660,CA,iomoylanjw@techcrunch.com
718,Madeline Tilio,6447 Brown Crossing,94611,CA,mtiliojx@studiopress.com
719,Vale Westgate,38633 Summer Ridge Court,96805,HI,vwestgatejy@taobao.com
720,Scotti Feehan,43 Stang Crossing,44511,OH,sfeehanjz@bizjournals.com
721,Kerk Woltering,51772 Independence Crossing,80255,CO,kwolteringk0@bandcamp.com
722,Ethyl Mouatt,63 Bartillon Alley,92805,CA,emouattk1@shinystat.com
723,Nolly Habden,14 Schiller Junction,30392,GA,nhabdenk2@zdnet.com
724,Caroljean Hellier,63194 Hagan Road,43666,OH,chellierk3@usatoday.com
725,Janos O'Keefe,2 Spaight Junction,77281,TX,jokeefek4@ucla.edu
726,Lura McGrotty,19823 Merry Crossing,07104,NJ,lmcgrottyk5@netlog.com
727,Allyson Wrought,2341 Basil Park,38150,TN,awroughtk6@homestead.com
728,Everett Lickorish,937 Dakota Junction,59623,MT,elickorishk7@yolasite.com
729,Heather McNab,3 Tennyson Circle,84140,UT,hmcnabk8@elpais.com
730,Laurice Jacks,7920 Kinsman Hill,20238,DC,ljacksk9@auda.org.au
731,Teodorico Risley,90567 Ronald Regan Parkway,15215,PA,trisleyka@mapy.cz
732,Delano Cudbird,000 Oak Valley Center,10275,NY,dcudbirdkb@sourceforge.net
733,Adelaide Zorzini,282 Springview Crossing,47719,IN,azorzinikc@quantcast.com
734,Renelle Detheridge,66179 Maryland Point,50310,IA,rdetheridgekd@zimbio.com
735,Valentino Pamphilon,25877 Glacier Hill Street,20268,DC,vpamphilonke@sbwire.com
736,Sidoney Boniface,10891 Johnson Parkway,20456,DC,sbonifacekf@army.mil
737,Fran Laurens,6177 Cody Road,78285,TX,flaurenskg@shutterfly.com
738,Georas Sokell,5 Maple Wood Center,64504,MO,gsokellkh@vk.com
739,Hasheem Cicero,8601 Straubel Plaza,32830,FL,hciceroki@de.vu
740,Hammad Hitzke,41 Almo Street,78682,TX,hhitzkekj@abc.net.au
741,Herve Woollam,25699 Barnett Trail,60641,IL,hwoollamkk@berkeley.edu
742,Whitman Shorthouse,690 Laurel Hill,73071,OK,wshorthousekl@shop-pro.jp
743,Alano Fitzhenry,9 Dawn Plaza,83705,ID,afitzhenrykm@cafepress.com
744,Lemar Trayton,8 Hermina Court,37450,TN,ltraytonkn@quantcast.com
745,Gilly Iacovo,5 Weeping Birch Terrace,33190,FL,giacovoko@time.com
746,Catlee Hills,6 School Park,91499,CA,chillskp@census.gov
747,Clifford Marron,25 Lien Point,84152,UT,cmarronkq@nasa.gov
748,Jessica MacManus,0 Moland Crossing,95160,CA,jmacmanuskr@ihg.com
749,Teresita Walkingshaw,87065 Elmside Court,87190,NM,twalkingshawks@indiegogo.com
750,Romy Brodnecke,74239 Hovde Court,50330,IA,rbrodneckekt@ucoz.com
751,Carilyn Kirmond,21454 Huxley Junction,93386,CA,ckirmondku@latimes.com
752,Maxine Biskupski,71 Hayes Park,55805,MN,mbiskupskikv@wordpress.com
753,Heall Ewbanks,89166 Blaine Center,45213,OH,hewbankskw@independent.co.uk
754,Jolynn Buxam,88 Gulseth Park,11241,NY,jbuxamkx@apple.com
755,Arvie Witherup,525 Tennyson Place,30022,GA,awitherupky@typepad.com
756,Tiebout Coleman,2 Judy Center,50310,IA,tcolemankz@domainmarket.com
757,Gian Mearns,85 Buell Park,06520,CT,gmearnsl0@vkontakte.ru
758,Shara McGraith,155 Sachtjen Way,27415,NC,smcgraithl1@sogou.com
759,Corbin Bolmann,7946 Menomonie Crossing,21747,MD,cbolmannl2@deliciousdays.com
760,Stanford Mallion,831 West Hill,80228,CO,smallionl3@sphinn.com
761,Celisse Mordey,05972 Anzinger Parkway,94159,CA,cmordeyl4@buzzfeed.com
762,Suellen Kinchington,1 Crownhardt Hill,15225,PA,skinchingtonl5@jugem.jp
763,Dorey Hughman,1 Sutherland Street,98175,WA,dhughmanl6@amazon.co.uk
764,Noah Girod,9121 Warrior Lane,40576,KY,ngirodl7@si.edu
765,Cammy Collopy,34619 Glendale Terrace,68134,NE,ccollopyl8@xrea.com
766,Stephie Bythell,4 Blackbird Junction,40233,KY,sbythelll9@last.fm
767,Kellby Morphey,2390 Dayton Avenue,08650,NJ,kmorpheyla@cocolog-nifty.com
768,Turner Erley,2751 Blue Bill Park Street,92160,CA,terleylb@example.com
769,Lian Spancock,6 Anhalt Alley,19892,DE,lspancocklc@technorati.com
770,Elonore Dobinson,39 Granby Plaza,77281,TX,edobinsonld@sciencedirect.com
771,Caddric Worthington,622 Killdeer Pass,67215,KS,cworthingtonle@oracle.com
772,Tessy Rippon,1103 Tomscot Junction,60193,IL,tripponlf@yahoo.com
773,Letty Leaver,41464 Anhalt Plaza,20546,DC,lleaverlg@nhs.uk
774,Kamillah Cawood,323 Bellgrove Road,30358,GA,kcawoodlh@goodreads.com
775,Sidonnie Duran,38074 School Crossing,80217,CO,sduranli@ucla.edu
776,Keenan Kestell,178 Mockingbird Road,75507,TX,kkestelllj@mlb.com
777,Selby Corbin,9 Sachs Terrace,83722,ID,scorbinlk@mozilla.com
778,Carline Woodhams,4 Morning Drive,77388,TX,cwoodhamsll@networkadvertising.org
779,Bettine Kirimaa,594 Goodland Park,72209,AR,bkirimaalm@google.cn
780,Ewell Lighton,1 Veith Trail,30506,GA,elightonln@nytimes.com
781,Kelley Valde,26 Spohn Trail,39236,MS,kvaldelo@oracle.com
782,Trey Palatini,74 Trailsway Circle,27157,NC,tpalatinilp@reference.com
783,Yvon Matuszak,8558 Cordelia Trail,47134,IN,ymatuszaklq@reddit.com
784,Lindy McCory,3162 Susan Plaza,92640,CA,lmccorylr@paypal.com
785,Joelle Quickenden,775 Rockefeller Pass,22047,VA,jquickendenls@sakura.ne.jp
786,Sally Craigg,7952 Thackeray Street,10090,NY,scraigglt@amazon.co.uk
787,Kinny Fowle,2 Elka Parkway,06183,CT,kfowlelu@howstuffworks.com
788,Floria Bache,7463 Swallow Park,37228,TN,fbachelv@homestead.com
789,Prudy Bluschke,37 Bunting Crossing,02458,MA,pbluschkelw@marriott.com
790,Nil Creavan,3285 Spohn Crossing,74108,OK,ncreavanlx@yandex.ru
791,Humbert Wharton,6954 Ohio Way,77040,TX,hwhartonly@abc.net.au
792,Sonia Popland,83964 Daystar Point,88584,TX,spoplandlz@blog.com
793,Hastie GiacobbiniJacob,84727 Cascade Plaza,78721,TX,hgiacobbinijacobm0@prweb.com
794,Ashby Simmank,0301 Scott Crossing,48901,MI,asimmankm1@freewebs.com
795,Cori Delagua,9464 Reinke Pass,20051,DC,cdelaguam2@amazonaws.com
796,Noel Camilleri,05657 Packers Court,90840,CA,ncamillerim3@google.es
797,Phil Follett,071 Swallow Terrace,97240,OR,pfollettm4@vkontakte.ru
798,Ree Redferne,40646 Cody Street,02458,MA,rredfernem5@google.de
799,Park Sabbin,10412 Brentwood Place,32835,FL,psabbinm6@bloglines.com
800,Virgilio Di Dello,379 Rieder Drive,33320,FL,vdim7@chron.com
801,Leelah Dumingos,00 Russell Point,38161,TN,ldumingosm8@bbc.co.uk
802,Gherardo Tincknell,6 Lindbergh Parkway,77040,TX,gtincknellm9@vinaora.com
803,Antin Hiddersley,782 Hoffman Parkway,70810,LA,ahiddersleyma@wunderground.com
804,Suzy Ick,5 High Crossing Pass,75507,TX,sickmb@springer.com
805,Minnie Privett,3636 Manufacturers Plaza,63121,MO,mprivettmc@stumbleupon.com
806,Inger Tolliday,73 Toban Circle,14233,NY,itollidaymd@ucoz.ru
807,Linc Santon,2513 Paget Pass,79923,TX,lsantonme@house.gov
808,Tresa Pergens,86610 Sloan Plaza,70894,LA,tpergensmf@whitehouse.gov
809,Justinian Possa,93288 7th Place,17405,PA,jpossamg@umn.edu
810,Harald Lune,84 Banding Crossing,45426,OH,hlunemh@phoca.cz
811,Cole Kighly,988 Pleasure Crossing,44315,OH,ckighlymi@imageshack.us
812,Algernon Feedome,0 Mesta Lane,20883,MD,afeedomemj@webmd.com
813,Kristine McKechnie,42778 Crownhardt Place,37240,TN,kmckechniemk@statcounter.com
814,Nalani Musson,0 Express Point,45208,OH,nmussonml@pagesperso-orange.fr
815,Leandra Mallam,47885 Fulton Parkway,79984,TX,lmallammm@theatlantic.com
816,Pia Vasyagin,5582 Browning Lane,20099,DC,pvasyaginmn@stumbleupon.com
817,Lem Kitchinham,189 North Road,79491,TX,lkitchinhammo@networksolutions.com
818,Arly Pauly,06501 Badeau Way,28055,NC,apaulymp@google.co.jp
819,Pamelina Worge,91 Weeping Birch Court,79984,TX,pworgemq@eepurl.com
820,Bonnibelle Braiden,6 3rd Trail,04109,ME,bbraidenmr@wiley.com
821,Callida Feedome,2944 Reindahl Park,32885,FL,cfeedomems@livejournal.com
822,Brockie Lambersen,0168 Village Green Way,55407,MN,blambersenmt@exblog.jp
823,Normand Baldrick,81359 Waywood Trail,80940,CO,nbaldrickmu@craigslist.org
824,Ellary Greeno,8851 Shoshone Way,75074,TX,egreenomv@yellowpages.com
825,Ara Fedorchenko,25 Northport Street,29610,SC,afedorchenkomw@about.me
826,Carma Remmer,90277 Drewry Alley,96835,HI,cremmermx@seattletimes.com
827,April Downes,75 Monterey Junction,30506,GA,adownesmy@squarespace.com
828,Dannie Graveson,6196 Charing Cross Center,32941,FL,dgravesonmz@ning.com
829,Correy Horning,71149 Declaration Alley,16550,PA,chorningn0@acquirethisname.com
830,Florance Lowton,5 Ridgeview Alley,66642,KS,flowtonn1@sun.com
831,Kylen Whales,327 Blue Bill Park Center,43226,OH,kwhalesn2@redcross.org
832,Abbot Briamo,97062 Packers Street,31416,GA,abriamon3@wunderground.com
833,Stormie Mostyn,95128 Russell Street,83716,ID,smostynn4@ihg.com
834,Jard Busch,313 Surrey Lane,20910,MD,jbuschn5@bluehost.com
835,Bone Membry,2 Everett Hill,76105,TX,bmembryn6@mlb.com
836,Fabe Featenby,26316 Hoffman Lane,80204,CO,ffeatenbyn7@wikimedia.org
837,Stevana Arundel,79 Fieldstone Circle,37410,TN,sarundeln8@yahoo.co.jp
838,Christoforo Hirsch,03703 Sullivan Lane,85005,AZ,chirschn9@bigcartel.com
839,Angel Palliser,7406 Parkside Trail,78769,TX,apalliserna@gravatar.com
840,Karissa Vedmore,8 Lake View Trail,77010,TX,kvedmorenb@washington.edu
841,Alvira Master,85 Almo Park,06145,CT,amasternc@paginegialle.it
842,Mariette Camoletto,1 Sachtjen Drive,79984,TX,mcamolettond@feedburner.com
843,Fin Dayne,94 Springview Pass,33982,FL,fdaynene@github.io
844,Fania Shotboult,9410 Trailsway Street,32244,FL,fshotboultnf@usatoday.com
845,Ninette Madgwich,71276 Eliot Terrace,77234,TX,nmadgwichng@webs.com
846,Helyn Costard,0 Sullivan Hill,93704,CA,hcostardnh@hud.gov
847,Robbie Labb,24 Washington Avenue,90410,CA,rlabbni@joomla.org
848,Alayne Kimmitt,62 Bay Court,43656,OH,akimmittnj@sakura.ne.jp
849,Beilul Sherry,85993 Muir Parkway,08922,NJ,bsherrynk@patch.com
850,Konstanze Hinkensen,95 Kropf Court,11236,NY,khinkensennl@prweb.com
851,Annelise Ferrettino,6 Hagan Park,48126,MI,aferrettinonm@unblog.fr
852,Berta Spears,03697 Old Gate Center,78255,TX,bspearsnn@ustream.tv
853,Kylie de Courcey,23 Springview Avenue,02298,MA,kdeno@wiley.com
854,Hashim Piatkowski,1101 Maple Wood Court,44511,OH,hpiatkowskinp@hc360.com
855,Rhea Elrick,519 Petterle Junction,32128,FL,relricknq@homestead.com
856,Duncan Baugham,97059 Merrick Court,32627,FL,dbaughamnr@elegantthemes.com
857,Alicea Klulisek,43 Dwight Avenue,18018,PA,aklulisekns@dedecms.com
858,Hubey Crowcombe,92 Sunbrook Place,68124,NE,hcrowcombent@prlog.org
859,Fionna Lambdin,71449 Jay Lane,68583,NE,flambdinnu@google.ca
860,Almeta Stennett,35806 Moulton Junction,24029,VA,astennettnv@princeton.edu
861,Shara Callear,6 Luster Plaza,50315,IA,scallearnw@about.me
862,Ursuline Frow,907 Oxford Crossing,32854,FL,ufrownx@cdc.gov
863,Etienne Mizen,456 Mayer Plaza,15215,PA,emizenny@hao123.com
864,Isabeau Houseman,7 Rigney Road,88569,TX,ihousemannz@weebly.com
865,Nancey Haresnaip,6 Portage Lane,29403,SC,nharesnaipo0@youku.com
866,Perrine Paradis,042 Morning Center,48098,MI,pparadiso1@exblog.jp
867,Marya Tofanelli,75672 Acker Street,75265,TX,mtofanellio2@creativecommons.org
868,Meredeth Runnalls,53553 Ridgeview Lane,98158,WA,mrunnallso3@github.com
869,Gratiana Ygo,4169 Huxley Center,33811,FL,gygoo4@usatoday.com
870,Georgeanna Linnane,58 Roth Junction,80915,CO,glinnaneo5@hp.com
871,Vannie Wasbey,85062 Arizona Place,44485,OH,vwasbeyo6@paginegialle.it
872,Barth Hassekl,581 Karstens Junction,12205,NY,bhasseklo7@samsung.com
873,Patin Joiner,3999 Stoughton Terrace,77075,TX,pjoinero8@state.gov
874,Franchot Mackinder,0 Novick Park,77240,TX,fmackindero9@quantcast.com
875,Silvie Valiant,663 Mitchell Way,77806,TX,svaliantoa@homestead.com
876,Cassandry Pacitti,9 Namekagon Court,78405,TX,cpacittiob@kickstarter.com
877,Dory Geerling,7163 Autumn Leaf Lane,20784,MD,dgeerlingoc@mit.edu
878,Ulla Carlisso,02 Grasskamp Avenue,12255,NY,ucarlissood@army.mil
879,Melinde Byfield,8264 Buhler Plaza,24020,VA,mbyfieldoe@sfgate.com
880,Xylina Doggett,36227 Doe Crossing Street,41905,KY,xdoggettof@liveinternet.ru
881,Dav Isakovic,29 Red Cloud Pass,10170,NY,disakovicog@skyrock.com
882,Bethany Crosen,64111 Ohio Circle,19897,DE,bcrosenoh@zimbio.com
883,Lonni Dunphie,7087 American Avenue,89115,NV,ldunphieoi@slashdot.org
884,Brita Pennrington,66 Grayhawk Junction,91131,CA,bpennringtonoj@tripadvisor.com
885,Georgetta Brice,1 Corben Circle,62705,IL,gbriceok@simplemachines.org
886,Blakelee Benting,3020 Scott Trail,10034,NY,bbentingol@privacy.gov.au
887,Pearla Ree,1469 Independence Avenue,70142,LA,preeom@flickr.com
888,Lenci Elnaugh,7 Barnett Road,60624,IL,lelnaughon@amazon.co.jp
889,Nicolina Batkin,06344 Forest Dale Drive,11220,NY,nbatkinoo@livejournal.com
890,Adamo Hearse,8576 School Way,18768,PA,ahearseop@google.pl
891,Maddy Kelby,72 Sage Hill,37228,TN,mkelbyoq@t-online.de
892,Melony Duiged,21 Graceland Place,33190,FL,mduigedor@shareasale.com
893,Shel Perroni,963 Northland Terrace,33625,FL,sperronios@edublogs.org
894,Hakim Leggin,537 Bluejay Place,97405,OR,hlegginot@topsy.com
895,Stace Jarratt,21 Bunting Hill,20231,DC,sjarrattou@fema.gov
896,Yolanthe Canaan,82 Brickson Park Parkway,28284,NC,ycanaanov@arstechnica.com
897,Lynn Guidone,5 Bunting Place,10115,NY,lguidoneow@amazon.de
898,Karita Garwell,9 Anzinger Crossing,58207,ND,kgarwellox@apple.com
899,Olin Libreros,0313 Heffernan Pass,06859,CT,olibrerosoy@multiply.com
900,Rudolfo Abbes,623 Novick Center,32412,FL,rabbesoz@npr.org
901,Agnella Fisbey,1225 Prairie Rose Terrace,99220,WA,afisbeyp0@google.ca
902,Barbey Dudin,3763 Declaration Park,32520,FL,bdudinp1@yahoo.com
903,Roby Burrows,81 Delaware Park,30045,GA,rburrowsp2@360.cn
904,Ardyce Custed,9179 Tennyson Park,56398,MN,acustedp3@netlog.com
905,Valli Reynard,9 Lotheville Pass,35905,AL,vreynardp4@sfgate.com
906,Joscelin Gonsalo,118 Rockefeller Court,34210,FL,jgonsalop5@cafepress.com
907,Roxana Ruprecht,5364 Onsgard Parkway,36205,AL,rruprechtp6@jimdo.com
908,Guido Stodart,1069 Carpenter Circle,89436,NV,gstodartp7@youtube.com
909,Colene Cobon,395 Twin Pines Pass,97201,OR,ccobonp8@de.vu
910,Deni Disley,11 Clarendon Way,91505,CA,ddisleyp9@4shared.com
911,Alasdair Schustl,14 Westerfield Plaza,31416,GA,aschustlpa@berkeley.edu
912,Marissa Skoyles,9919 Golden Leaf Drive,64144,MO,mskoylespb@ning.com
913,Karoly Mockler,2 Moland Park,88569,TX,kmocklerpc@techcrunch.com
914,Tonnie Burgoine,4 Longview Road,32309,FL,tburgoinepd@edublogs.org
915,Aura Olkowicz,7824 Oakridge Alley,63104,MO,aolkowiczpe@ox.ac.uk
916,Bradford Bouldon,780 Almo Plaza,06127,CT,bbouldonpf@paypal.com
917,Jessey Early,13194 Dexter Circle,20167,VA,jearlypg@tripadvisor.com
918,Ivy Yackiminie,709 Lotheville Way,33805,FL,iyackiminieph@twitpic.com
919,Lazare Dwyr,86 Karstens Park,66606,KS,ldwyrpi@auda.org.au
920,Isac Dunnaway,55737 Spaight Drive,48550,MI,idunnawaypj@1und1.de
921,Jake Balderston,539 Mallard Drive,48930,MI,jbalderstonpk@ox.ac.uk
922,Peyter Bowker,202 Nevada Plaza,34135,FL,pbowkerpl@blogger.com
923,Marion Laxston,94 Muir Park,54305,WI,mlaxstonpm@eepurl.com
924,Kellina Dobie,27445 Hudson Pass,77266,TX,kdobiepn@yellowpages.com
925,Cody Barock,6 Basil Park,98907,WA,cbarockpo@devhub.com
926,Halli Crossingham,93733 Cody Junction,98464,WA,hcrossinghampp@theguardian.com
927,Hunfredo Mutlow,40 Sutteridge Trail,36195,AL,hmutlowpq@statcounter.com
928,Jedediah Szymanowski,018 Mendota Road,28284,NC,jszymanowskipr@edublogs.org
929,Francesca Malafe,29 Sachs Terrace,20470,DC,fmalafeps@lulu.com
930,Kati Donaway,19475 Eagan Crossing,48076,MI,kdonawaypt@is.gd
931,Natalya Pretswell,83321 Blackbird Way,27157,NC,npretswellpu@upenn.edu
932,Virgie Immings,8277 Bultman Place,56398,MN,vimmingspv@github.io
933,Gus Towell,2130 Becker Parkway,95828,CA,gtowellpw@zdnet.com
934,Anica Shellcross,07222 Sunfield Hill,93311,CA,ashellcrosspx@netvibes.com
935,Dania Tearney,46 Basil Plaza,16565,PA,dtearneypy@amazonaws.com
936,Giavani MacDearmont,99 Waxwing Road,35231,AL,gmacdearmontpz@uol.com.br
937,Garner Knowler,9942 Hallows Crossing,94126,CA,gknowlerq0@usgs.gov
938,Davita Juett,81179 Brentwood Plaza,76110,TX,djuettq1@hibu.com
939,Rhea Wilmington,21935 Hanover Circle,33462,FL,rwilmingtonq2@zdnet.com
940,Lucas Masse,812 Ronald Regan Way,20041,DC,lmasseq3@nytimes.com
941,Elyse Martinet,36 Westridge Parkway,60624,IL,emartinetq4@ow.ly
942,Sherrie Barker,51 Ruskin Road,63121,MO,sbarkerq5@nps.gov
943,Raquel Hawyes,8 Loftsgordon Pass,95210,CA,rhawyesq6@so-net.ne.jp
944,Bennie MacAlinden,47 Dunning Point,21282,MD,bmacalindenq7@bloomberg.com
945,Winne Fucher,7 Waubesa Plaza,33647,FL,wfucherq8@smugmug.com
946,Ardenia Hicken,25740 Aberg Way,76105,TX,ahickenq9@state.tx.us
947,Otes Polon,80 Sutteridge Terrace,48295,MI,opolonqa@springer.com
948,Lydon Hallad,41 Cardinal Road,34981,FL,lhalladqb@foxnews.com
949,Rhianna Alfuso,0802 Rieder Court,60158,IL,ralfusoqc@cdbaby.com
950,Luther Dormer,962 Park Meadow Way,92127,CA,ldormerqd@netvibes.com
951,Dwain Brookhouse,2381 Oakridge Trail,17405,PA,dbrookhouseqe@google.pl
952,Alonso Mattiussi,5875 Bunting Way,02745,MA,amattiussiqf@wp.com
953,Grethel Bruckenthal,717 Holmberg Park,31296,GA,gbruckenthalqg@devhub.com
954,Annamaria Bonnavant,30685 Melrose Plaza,38126,TN,abonnavantqh@nifty.com
955,Jonell Lachaize,45874 Prentice Circle,11854,NY,jlachaizeqi@phoca.cz
956,Lonnie Nolleau,81603 Vernon Pass,40280,KY,lnolleauqj@blogger.com
957,Tarah Kennon,31 Eagle Crest Hill,10115,NY,tkennonqk@howstuffworks.com
958,Dylan Milleton,98243 Armistice Pass,12262,NY,dmilletonql@sfgate.com
959,Nina Spinola,42889 Fairview Park,11447,NY,nspinolaqm@shareasale.com
960,Althea Dimmne,53 Bayside Junction,76004,TX,adimmneqn@macromedia.com
961,Chelsie Lantiff,50369 Superior Center,97271,OR,clantiffqo@comcast.net
962,Ignatius Bridgewater,993 Pawling Road,84152,UT,ibridgewaterqp@wikispaces.com
963,Aylmer Darville,54597 Hermina Trail,33467,FL,adarvilleqq@prlog.org
964,Florie Thomesson,96558 Birchwood Crossing,43284,OH,fthomessonqr@bloglines.com
965,Marchall Camoys,7 Iowa Junction,33731,FL,mcamoysqs@purevolume.com
966,Cami Costall,2056 Petterle Center,32595,FL,ccostallqt@reverbnation.com
967,Eyde Davydkov,47 Fallview Pass,92878,CA,edavydkovqu@dagondesign.com
968,Justina Link,07 Bartillon Circle,29220,SC,jlinkqv@state.tx.us
969,Xymenes Blain,8 4th Trail,33315,FL,xblainqw@europa.eu
970,Parker Padilla,5755 Talmadge Parkway,06922,CT,ppadillaqx@craigslist.org
971,Bert Grimmert,3968 Bayside Junction,66617,KS,bgrimmertqy@yandex.ru
972,Lance Towl,693 Emmet Parkway,63110,MO,ltowlqz@microsoft.com
973,Sissy Flannigan,06361 Toban Way,77045,TX,sflanniganr0@icq.com
974,Kelsey Millan,4332 Graedel Center,33462,FL,kmillanr1@harvard.edu
975,Timothy Cannam,1 2nd Terrace,11024,NY,tcannamr2@yahoo.co.jp
976,Waverly Gilardengo,620 Kensington Hill,32123,FL,wgilardengor3@yelp.com
977,Mommy Wheater,8 Valley Edge Circle,46814,IN,mwheaterr4@vkontakte.ru
978,Hiram Issitt,2168 Sheridan Parkway,27621,NC,hissittr5@parallels.com
979,Nancy Cruikshanks,35 Dakota Place,30022,GA,ncruikshanksr6@geocities.jp
980,Avigdor Schulke,40 Larry Road,72118,AR,aschulker7@ebay.co.uk
981,Sharyl Farriar,6876 Toban Circle,63167,MO,sfarriarr8@thetimes.co.uk
982,Gage Dumbar,0392 Jay Point,33034,FL,gdumbarr9@google.com.br
983,Marcel Le Sarr,45 Surrey Street,43231,OH,mlera@ibm.com
984,Claudius Kleiser,03 Waywood Circle,94280,CA,ckleiserrb@goodreads.com
985,Lennard Luther,5470 Meadow Vale Hill,60604,IL,llutherrc@twitpic.com
986,Felike Margetts,287 Hansons Avenue,94110,CA,fmargettsrd@t-online.de
987,Malinda Harrop,2848 Red Cloud Point,76505,TX,mharropre@dot.gov
988,Ilysa Belison,9 Claremont Avenue,10474,NY,ibelisonrf@tripod.com
989,Jeffy McNeish,33 Summer Ridge Parkway,12325,NY,jmcneishrg@newsvine.com
990,Nissa Rowlson,99512 Hovde Terrace,48224,MI,nrowlsonrh@weather.com
991,Carlina Neicho,32 Mcguire Way,56372,MN,cneichori@wisc.edu
992,Linn Stratz,060 Autumn Leaf Court,94237,CA,lstratzrj@php.net
993,Aleece Coneau,27770 Hooker Hill,83727,ID,aconeaurk@trellian.com
994,Irita Calvard,87 Scoville Junction,91186,CA,icalvardrl@a8.net
995,Roanna Gosling,85 Brown Circle,20226,DC,rgoslingrm@icio.us
996,Armando Tattam,86714 Duke Trail,75277,TX,atattamrn@infoseek.co.jp
997,Jeanelle Suart,5 Blaine Place,94605,CA,jsuartro@msn.com
998,Tomasine Remington,71 Hauk Avenue,33034,FL,tremingtonrp@redcross.org
999,Kaspar Sagar,692 Pond Junction,10060,NY,ksagarrq@redcross.org
1000,Paige Jako,26 Granby Terrace,35295,AL,pjakorr@issuu.com
