id,name,address,zipcode,state,email
1,Isak Langabeer,72 Nancy Alley,14225,NY,ilangabeer0@spiegel.de
2,Tudor Mance,4723 Loeprich Junction,29203,SC,tmance1@rakuten.co.jp
3,Crissie Tasseler,0822 Shopko Park,94291,CA,ctasseler2@mac.com
4,Melisent Booy,95168 American Ash Hill,20231,DC,mbooy3@surveymonkey.com
5,Findley Redfield,78 Sommers Parkway,78732,TX,fredfield4@wordpress.org
6,Wilow Jans,3573 Northland Road,60630,IL,wjans5@a8.net
7,Caro Golden,65 Parkside Trail,93715,CA,cgolden6@merriam-webster.com
8,Bradly Do Rosario,2 Green Ridge Court,94975,CA,bdo7@live.com
9,Jeremiah Kippin,60620 Longview Place,79984,TX,jkippin8@discovery.com
10,Rurik Norgan,2222 Golf Course Hill,47737,IN,rnorgan9@biglobe.ne.jp
11,Guilbert Hakonsson,1 Nancy Court,50362,IA,ghakonssona@springer.com
12,Ashla Hammell,3799 Green Circle,78764,TX,ahammellb@clickbank.net
13,Anya Matignon,835 Oneill Hill,20238,DC,amatignonc@state.tx.us
14,Alia Wigsell,2 Blackbird Pass,10310,NY,awigselld@goodreads.com
15,Katusha Eshmade,301 Arrowood Junction,27264,NC,keshmadee@canalblog.com
16,Aurore Savege,815 Scott Parkway,72231,AR,asavegef@tamu.edu
17,Etienne Episcopio,1706 Moulton Road,47812,IN,eepiscopiog@histats.com
18,Aldric Abbot,992 Dunning Pass,67205,KS,aabboth@cnbc.com
19,Imojean Huntley,02 Mitchell Street,67210,KS,ihuntleyi@rakuten.co.jp
20,Katherina Conlon,267 Dunning Avenue,45233,OH,kconlonj@mozilla.com
21,Janeva Brumfield,3157 Onsgard Alley,92862,CA,jbrumfieldk@sciencedaily.com
22,Jodie Dumbelton,51256 Jenifer Center,10175,NY,jdumbeltonl@yandex.ru
23,Babs Whyke,62 Morning Center,28242,NC,bwhykem@miibeian.gov.cn
24,Judi Dwyer,3 Northport Crossing,88546,TX,jdwyern@csmonitor.com
25,Laurens Perrett,5 Canary Circle,47712,IN,lperretto@webs.com
26,Melissa Filipchikov,129 Utah Pass,85705,AZ,mfilipchikovp@reference.com
27,Miguel Dahle,7638 Bashford Crossing,22036,VA,mdahleq@army.mil
28,Colby Gronowe,4 Vidon Place,87592,NM,cgronower@newsvine.com
29,Ted Jedrzejewsky,3128 Susan Road,10260,NY,tjedrzejewskys@independent.co.uk
30,Sadye Keightley,25798 Jenifer Place,24020,VA,skeightleyt@spotify.com
31,Bennie Axelby,1 Birchwood Avenue,89125,NV,baxelbyu@sfgate.com
32,Obed Heinke,693 Mayfield Avenue,27264,NC,oheinkev@123-reg.co.uk
33,Normand Jeggo,83 Clemons Road,55458,MN,njeggow@senate.gov
34,Iolande Gage,1 Kings Hill,60691,IL,igagex@phpbb.com
35,Luisa Smorthit,49487 Toban Park,17110,PA,lsmorthity@answers.com
36,Adrien Storr,6339 Riverside Alley,67210,KS,astorrz@goodreads.com
37,Druci Staniford,3 Monica Park,75062,TX,dstaniford10@merriam-webster.com
38,Janina Kettlewell,61 Garrison Junction,25705,WV,jkettlewell11@gov.uk
39,Charmion McSkin,088 Prentice Road,39705,MS,cmcskin12@nyu.edu
40,Suzy Winstanley,091 Mallard Street,02142,MA,swinstanley13@last.fm
41,Laura Ranstead,7 Cottonwood Parkway,87180,NM,lranstead14@businessinsider.com
42,Carie Elcombe,305 Rusk Crossing,22908,VA,celcombe15@ebay.co.uk
43,Dougie Olman,78 Merry Park,85710,AZ,dolman16@bravesites.com
44,Grethel Scoterbosh,666 Iowa Plaza,30089,GA,gscoterbosh17@eepurl.com
45,Paulette Tatteshall,56 Schlimgen Plaza,33954,FL,ptatteshall18@naver.com
46,Al Dance,139 Holy Cross Trail,80310,CO,adance19@bizjournals.com
47,Sharai Thurlborn,79 Clemons Street,96840,HI,sthurlborn1a@yahoo.com
48,Annamarie Jirik,8944 Morrow Parkway,60669,IL,ajirik1b@symantec.com
49,Sonni MacAne,609 Myrtle Junction,35810,AL,smacane1c@economist.com
50,Magdalen Pardi,39812 Tony Plaza,33487,FL,mpardi1d@hostgator.com
51,Humfried Simmen,789 Huxley Parkway,64054,MO,hsimmen1e@hao123.com
52,Lara Perton,19073 Scofield Drive,14639,NY,lperton1f@123-reg.co.uk
53,Stinky Kupis,784 Barnett Place,78260,TX,skupis1g@reverbnation.com
54,Webb Innott,84544 Michigan Road,88519,TX,winnott1h@zdnet.com
55,Mureil Bown,3 Warner Plaza,25356,WV,mbown1i@biblegateway.com
56,Adelaida Creegan,880 Muir Court,90050,CA,acreegan1j@domainmarket.com
57,Anabel Mammatt,0 Londonderry Circle,70826,LA,amammatt1k@census.gov
58,Bent Reap,330 Elmside Circle,34108,FL,breap1l@earthlink.net
59,Wilbert Blois,85083 Carioca Place,98121,WA,wblois1m@statcounter.com
60,Kaspar Thorrold,22718 Hollow Ridge Park,92805,CA,kthorrold1n@toplist.cz
61,Pearce Creagh,72064 Clarendon Point,20520,DC,pcreagh1o@clickbank.net
62,Zora Gold,8 Little Fleur Alley,16522,PA,zgold1p@nba.com
63,Bibi Ivashin,34 Cascade Avenue,85072,AZ,bivashin1q@123-reg.co.uk
64,Rollie Fishlee,4 Mallard Alley,49518,MI,rfishlee1r@oakley.com
65,Benetta Gai,912 Blaine Center,50369,IA,bgai1s@mtv.com
66,Otis Toman,9748 Basil Avenue,90805,CA,otoman1t@sfgate.com
67,Sybilla Swindon,034 Walton Junction,72231,AR,sswindon1u@epa.gov
68,Gilbert Baldack,3 Hayes Junction,95405,CA,gbaldack1v@intel.com
69,Jyoti Elce,7 Warner Alley,71208,LA,jelce1w@facebook.com
70,Ronica Brotherhood,52 Elka Street,29208,SC,rbrotherhood1x@miitbeian.gov.cn
71,Laural McGarvey,40573 Fair Oaks Trail,77212,TX,lmcgarvey1y@smh.com.au
72,Cordelie Eighteen,0 Mesta Alley,61640,IL,ceighteen1z@google.com.hk
73,Charlton Brockway,1 Eastwood Alley,21282,MD,cbrockway20@e-recht24.de
74,Giraud Deverick,640 Fairview Avenue,79934,TX,gdeverick21@behance.net
75,Fleming Thinn,1835 Norway Maple Place,90810,CA,fthinn22@mapy.cz
76,Tamar Egarr,3 Swallow Park,53220,WI,tegarr23@freewebs.com
77,Margi Savile,4794 Hudson Drive,35263,AL,msavile24@dailymail.co.uk
78,Merle McKenny,8 Pine View Circle,60657,IL,mmckenny25@whitehouse.gov
79,Alisha Beever,50191 Mcbride Way,33884,FL,abeever26@cafepress.com
80,Donnamarie Graeme,224 Northfield Trail,32610,FL,dgraeme27@constantcontact.com
81,Corrie Dickings,2 Erie Circle,80291,CO,cdickings28@a8.net
82,Dave Mungane,41097 Red Cloud Terrace,19093,PA,dmungane29@gmpg.org
83,Ted McGairl,2 Dakota Parkway,45233,OH,tmcgairl2a@un.org
84,Drucy Mandal,9 Bowman Park,94245,CA,dmandal2b@shutterfly.com
85,Jeanelle Jonin,63703 Pearson Court,20397,DC,jjonin2c@virginia.edu
86,Sigismond Kirdsch,243 Florence Court,92176,CA,skirdsch2d@msu.edu
87,Bonnie Gerssam,822 Vahlen Trail,20575,DC,bgerssam2e@mail.ru
88,Kean Marshman,28399 Farmco Pass,85015,AZ,kmarshman2f@state.tx.us
89,Bent Cornilleau,2533 Melody Avenue,78250,TX,bcornilleau2g@chronoengine.com
90,Ransell Camis,2690 Cambridge Avenue,16522,PA,rcamis2h@printfriendly.com
91,Constancia Ducarne,1 Tennessee Street,94132,CA,cducarne2i@com.com
92,Boy Aleveque,53 Gale Avenue,79911,TX,baleveque2j@engadget.com
93,Kenna Kydde,24 Summer Ridge Point,83727,ID,kkydde2k@cocolog-nifty.com
94,Vidovik Sygroves,40 Hooker Road,71151,LA,vsygroves2l@mashable.com
95,Gabey Fennelly,8 Northview Trail,08922,NJ,gfennelly2m@home.pl
96,Wake Dunton,269 Moland Road,94405,CA,wdunton2n@amazon.de
97,Karlis Norbury,61 Mandrake Parkway,91406,CA,knorbury2o@angelfire.com
98,Byrom Mustoe,44 Cottonwood Place,75049,TX,bmustoe2p@intel.com
99,Franchot Macrae,6560 Jenna Hill,74184,OK,fmacrae2q@sbwire.com
100,Sallyanne Ormistone,7792 Vermont Road,37605,TN,sormistone2r@cbslocal.com
101,Neville Westcott,1406 Carberry Crossing,19125,PA,nwestcott2s@abc.net.au
102,Winnie Eadie,21 Service Crossing,77065,TX,weadie2t@icq.com
103,Noreen Chase,31529 Becker Parkway,78215,TX,nchase2u@devhub.com
104,Skipton Duigenan,6710 Butterfield Drive,89115,NV,sduigenan2v@amazonaws.com
105,Sax Davidi,31 Rockefeller Avenue,21405,MD,sdavidi2w@arizona.edu
106,Rhona Loynes,5 Claremont Parkway,58207,ND,rloynes2x@woothemes.com
107,Adelaide Lufkin,0 Sachtjen Crossing,53726,WI,alufkin2y@plala.or.jp
108,Oswell Headland,31181 Merrick Parkway,75605,TX,oheadland2z@myspace.com
109,Cristionna O'Henecan,706 Oxford Way,30368,GA,cohenecan30@oakley.com
110,Beret Limer,857 Grayhawk Pass,34665,FL,blimer31@timesonline.co.uk
111,Huey Rizzetti,08 Maple Circle,78415,TX,hrizzetti32@virginia.edu
112,Randell Mangeon,761 Hovde Center,26505,WV,rmangeon33@scientificamerican.com
113,Dot Dabs,351 Meadow Vale Avenue,31914,GA,ddabs34@tiny.cc
114,Justis Fridlington,344 Bashford Road,75342,TX,jfridlington35@xrea.com
115,Lizette Thews,283 Laurel Circle,34981,FL,lthews36@surveymonkey.com
116,Eleanore Tebbutt,960 Lawn Lane,30130,GA,etebbutt37@163.com
117,Juana Dorrell,077 Summer Ridge Plaza,76134,TX,jdorrell38@weibo.com
118,Sadie Haddleston,8158 Summit Alley,93305,CA,shaddleston39@ning.com
119,Brigitta Armer,9 Lindbergh Terrace,39505,MS,barmer3a@google.com.au
120,Nicholle Meiner,75 Grover Way,80305,CO,nmeiner3b@xing.com
121,Brody Poinsett,22 Lighthouse Bay Street,34949,FL,bpoinsett3c@a8.net
122,Cirstoforo Manvell,389 Myrtle Parkway,55172,MN,cmanvell3d@sciencedaily.com
123,Madison Wedon,73292 Porter Road,23272,VA,mwedon3e@so-net.ne.jp
124,Isidore Ferrolli,119 Nevada Street,79769,TX,iferrolli3f@nba.com
125,Sunny Warrack,16202 Donald Lane,20535,DC,swarrack3g@mac.com
126,Roley McGoldrick,888 Monterey Terrace,33763,FL,rmcgoldrick3h@hhs.gov
127,Freddie Kunzler,557 West Place,84110,UT,fkunzler3i@123-reg.co.uk
128,Ian Frost,13778 Esker Point,93773,CA,ifrost3j@wix.com
129,Zackariah Tart,0709 Old Gate Center,11470,NY,ztart3k@time.com
130,Joachim Edgson,866 Texas Way,10029,NY,jedgson3l@furl.net
131,Yolanthe McGilben,4 Hoepker Pass,06859,CT,ymcgilben3m@si.edu
132,Willie Reynard,65 Hollow Ridge Crossing,78749,TX,wreynard3n@dailymotion.com
133,Cletus Blackah,0 Stang Plaza,95113,CA,cblackah3o@creativecommons.org
134,Jerrold Orring,5 Independence Hill,34605,FL,jorring3p@google.com.br
135,Virginie Wharton,8546 Homewood Road,15906,PA,vwharton3q@usgs.gov
136,Joeann Vibert,0 Dryden Park,77060,TX,jvibert3r@time.com
137,Mara Seifenmacher,80206 Lawn Point,20409,DC,mseifenmacher3s@webeden.co.uk
138,Antoinette Merryfield,842 Rowland Crossing,51110,IA,amerryfield3t@fc2.com
139,Shem Vayro,8 Schlimgen Place,35225,AL,svayro3u@people.com.cn
140,Lynnett Baude,1330 Prairie Rose Road,10464,NY,lbaude3v@mac.com
141,Cole Ennals,28 Monterey Center,44710,OH,cennals3w@wordpress.com
142,Sergio McCaskill,6 Grasskamp Park,67215,KS,smccaskill3x@washingtonpost.com
143,Raimund Feveryear,859 Hooker Crossing,94147,CA,rfeveryear3y@eepurl.com
144,Hakim Lanphere,884 Service Crossing,90025,CA,hlanphere3z@google.ca
145,Marion Pietrowicz,2056 Kipling Park,06520,CT,mpietrowicz40@geocities.com
146,Marquita Larive,28 Kingsford Court,38197,TN,mlarive41@4shared.com
147,Christine Ealden,63 Milwaukee Way,02305,MA,cealden42@wikimedia.org
148,Eustace Sprague,5 Crowley Plaza,98115,WA,esprague43@github.com
149,Kaye Brewitt,630 Moose Park,92725,CA,kbrewitt44@hatena.ne.jp
150,Nance Ruppelin,3 Golf Park,19714,DE,nruppelin45@xrea.com
151,Roxi O'Loughnan,96 Hoffman Place,99522,AK,roloughnan46@un.org
152,Malory Elvidge,2 Westport Court,30066,GA,melvidge47@latimes.com
153,Rory Le Estut,11963 Spaight Street,20470,DC,rle48@tiny.cc
154,Katharyn Gulvin,347 Maple Alley,33710,FL,kgulvin49@printfriendly.com
155,Devondra Duquesnay,11 New Castle Street,20508,DC,dduquesnay4a@slate.com
156,Blondell Watchorn,1262 Memorial Court,02114,MA,bwatchorn4b@netvibes.com
157,Arel Rowland,905 Sachtjen Street,31106,GA,arowland4c@friendfeed.com
158,Vite Pledge,038 Twin Pines Hill,91210,CA,vpledge4d@dion.ne.jp
159,Meghann Ivashkov,2 Myrtle Plaza,48224,MI,mivashkov4e@google.com
160,Tailor Lotze,79985 Logan Place,33141,FL,tlotze4f@discuz.net
161,Jeth Castagnier,4598 Anthes Alley,29411,SC,jcastagnier4g@about.com
162,Christin Martineau,7188 7th Plaza,71137,LA,cmartineau4h@purevolume.com
163,Vinita Rosenkrantz,83 Westridge Crossing,06854,CT,vrosenkrantz4i@cargocollective.com
164,Fred Starkey,03770 Ilene Point,21705,MD,fstarkey4j@craigslist.org
165,Cornelius O'Glessane,7413 Transport Parkway,10105,NY,coglessane4k@bizjournals.com
166,Elie Yanov,813 Donald Road,40591,KY,eyanov4l@myspace.com
167,Quinta Yacobsohn,6 8th Circle,33345,FL,qyacobsohn4m@usgs.gov
168,Ash Mark,08331 Melvin Pass,75062,TX,amark4n@hao123.com
169,Gae Rixon,123 Dovetail Alley,28405,NC,grixon4o@trellian.com
170,Tyrus Maffei,270 Kinsman Avenue,30089,GA,tmaffei4p@bravesites.com
171,Marilin Dugald,908 Parkside Drive,32605,FL,mdugald4q@deviantart.com
172,Arvin Cuzen,755 Troy Court,46266,IN,acuzen4r@drupal.org
173,Kaycee Solway,023 Kenwood Point,15215,PA,ksolway4s@trellian.com
174,Ruby Fazan,2974 Sugar Park,37205,TN,rfazan4t@free.fr
175,Tonya Luparti,898 Green Way,96850,HI,tluparti4u@meetup.com
176,Hildy Weddup,06 Lukken Parkway,02114,MA,hweddup4v@odnoklassniki.ru
177,Jake Snedker,4 Roth Avenue,34205,FL,jsnedker4w@elegantthemes.com
178,Bradly Hartopp,14757 Mcbride Center,10184,NY,bhartopp4x@youku.com
179,Raff Geratasch,9037 Parkside Circle,24020,VA,rgeratasch4y@youtu.be
180,Manuel Mallall,8 East Avenue,79165,TX,mmallall4z@seattletimes.com
181,Charity Calvert,76769 Florence Drive,20210,DC,ccalvert50@businessweek.com
182,Nannie Swale,168 Prentice Junction,14683,NY,nswale51@webmd.com
183,Nap Loftie,7573 Fairfield Hill,27710,NC,nloftie52@techcrunch.com
184,Gwenny Woodroofe,627 Moulton Place,84140,UT,gwoodroofe53@sakura.ne.jp
185,Garret Troop,79 Melody Point,11210,NY,gtroop54@lycos.com
186,Rem Nugent,6387 Mcbride Avenue,61635,IL,rnugent55@ehow.com
187,Cullin Cleaves,05 Ludington Lane,31914,GA,ccleaves56@tinypic.com
188,Hanni Halley,79 Crescent Oaks Junction,74116,OK,hhalley57@whitehouse.gov
189,Wendi Busfield,0 Melby Place,95818,CA,wbusfield58@opera.com
190,Wilone Brownsill,56063 Fulton Alley,78291,TX,wbrownsill59@cam.ac.uk
191,Elsbeth Proudlock,659 Forest Road,35244,AL,eproudlock5a@who.int
192,Morten O'Dennehy,80008 Moulton Terrace,25716,WV,modennehy5b@wordpress.com
193,Petronilla Deerness,4724 Declaration Terrace,70187,LA,pdeerness5c@ow.ly
194,Blayne Maciunas,11591 Kipling Terrace,87201,NM,bmaciunas5d@omniture.com
195,Maddy Griffithe,0 Superior Center,66286,KS,mgriffithe5e@i2i.jp
196,Fletcher Johanning,7028 Red Cloud Lane,33164,FL,fjohanning5f@360.cn
197,Deanne Rosenshine,5 1st Alley,79989,TX,drosenshine5g@mysql.com
198,Coletta Prazor,568 Arrowood Lane,76129,TX,cprazor5h@oakley.com
199,Cad Baggelley,3 Lunder Point,95823,CA,cbaggelley5i@newsvine.com
200,Sabine Cuthbert,5968 Sunnyside Terrace,60636,IL,scuthbert5j@people.com.cn
201,Gilburt Vyvyan,037 Londonderry Center,32891,FL,gvyvyan5k@blog.com
202,Syman Pomfrett,9 Morningstar Alley,64187,MO,spomfrett5l@phoca.cz
203,Hebert Jickles,971 Susan Place,96154,CA,hjickles5m@wunderground.com
204,Ambrose Skelcher,9205 Grayhawk Terrace,79769,TX,askelcher5n@bloomberg.com
205,Dorine Ollerenshaw,6 5th Plaza,27404,NC,dollerenshaw5o@upenn.edu
206,Arnuad Mence,2 Old Shore Alley,11431,NY,amence5p@eventbrite.com
207,Cash Muspratt,3662 East Crossing,46614,IN,cmuspratt5q@seattletimes.com
208,Rafael Sibery,79 Ronald Regan Alley,84409,UT,rsibery5r@mlb.com
209,Constantine Sallery,139 Reinke Junction,97221,OR,csallery5s@unc.edu
210,Gaven Fossitt,428 Marquette Drive,22111,VA,gfossitt5t@sohu.com
211,Emmalyn Danat,3206 Fordem Terrace,99512,AK,edanat5u@seattletimes.com
212,Napoleon Denisyuk,8069 Goodland Circle,33153,FL,ndenisyuk5v@spotify.com
213,Nicoli Beggi,8405 Scoville Plaza,20546,DC,nbeggi5w@sun.com
214,Chalmers Snoxell,6 Debs Drive,85754,AZ,csnoxell5x@about.me
215,Dirk Emtage,87 Eagle Crest Point,75507,TX,demtage5y@nasa.gov
216,Phil Wallentin,1356 Old Shore Lane,89519,NV,pwallentin5z@reverbnation.com
217,Levy Hutchins,8548 Dennis Point,33994,FL,lhutchins60@census.gov
218,Tito Fripp,2 Banding Court,34290,FL,tfripp61@amazon.co.uk
219,Bradly Pavlenkov,8516 8th Lane,94712,CA,bpavlenkov62@squarespace.com
220,Maxy Rolinson,21 Russell Junction,44905,OH,mrolinson63@hubpages.com
221,Gwenore Allwell,564 Norway Maple Hill,20022,DC,gallwell64@photobucket.com
222,Chance Heaslip,17 Forest Run Plaza,80045,CO,cheaslip65@amazonaws.com
223,Rowan Sanney,33191 Dawn Court,91186,CA,rsanney66@hexun.com
224,Patin Corish,396 Atwood Place,46814,IN,pcorish67@scientificamerican.com
225,Sanson Eckly,199 La Follette Alley,32830,FL,seckly68@livejournal.com
226,Athene Maryska,968 Texas Park,23705,VA,amaryska69@slashdot.org
227,Mikel Lepard,7227 Bowman Avenue,94257,CA,mlepard6a@hexun.com
228,Merna Korting,46 Superior Lane,64130,MO,mkorting6b@biglobe.ne.jp
229,Charlotta Postgate,8361 Upham Plaza,33615,FL,cpostgate6c@wikia.com
230,Kahlil Jarmain,674 Commercial Drive,61635,IL,kjarmain6d@npr.org
231,Gui Mersh,341 Hooker Junction,94121,CA,gmersh6e@deviantart.com
232,Aldridge Alday,0769 Summit Center,77010,TX,aalday6f@dion.ne.jp
233,Bram Di Biasi,3 Bunker Hill Hill,53234,WI,bdi6g@dyndns.org
234,Phyllida Hallifax,3 Loomis Avenue,77806,TX,phallifax6h@constantcontact.com
235,Laughton Daglish,1873 Clarendon Avenue,46216,IN,ldaglish6i@acquirethisname.com
236,Georgeanne Rudgley,6 Gateway Court,07505,NJ,grudgley6j@merriam-webster.com
237,Tammara Burchatt,4 Brown Circle,74126,OK,tburchatt6k@nps.gov
238,Estella Wardhough,42376 Paget Pass,95298,CA,ewardhough6l@smh.com.au
239,Lita Shields,24408 Clove Circle,94116,CA,lshields6m@theatlantic.com
240,Estrellita Brockley,92 Pierstorff Point,20016,DC,ebrockley6n@qq.com
241,Jedidiah Hassey,41222 Village Hill,78210,TX,jhassey6o@zimbio.com
242,Keelby Sijmons,03341 Sherman Road,46896,IN,ksijmons6p@ifeng.com
243,Rhiamon Wyley,2 Thackeray Street,75367,TX,rwyley6q@harvard.edu
244,Elbertina Fynn,571 Randy Terrace,70836,LA,efynn6r@vimeo.com
245,Seline Reding,694 Starling Court,80951,CO,sreding6s@vimeo.com
246,Tyrus Bourtoumieux,2 Lukken Circle,06127,CT,tbourtoumieux6t@ca.gov
247,Aylmer Tunnah,43716 Blue Bill Park Plaza,01813,MA,atunnah6u@i2i.jp
248,Fifine Fortnon,84693 Doe Crossing Circle,33742,FL,ffortnon6v@altervista.org
249,Veronike Jenken,084 Crowley Crossing,34611,FL,vjenken6w@mtv.com
250,Star Wing,289 Lakewood Gardens Drive,44191,OH,swing6x@last.fm
251,Broddy Boutell,012 Jay Terrace,63180,MO,bboutell6y@aol.com
252,Basilius Ostrich,8 Chive Alley,96815,HI,bostrich6z@eepurl.com
253,Charmian Iannello,07704 Northport Circle,78778,TX,ciannello70@discuz.net
254,Dyanna Wadhams,242 Lindbergh Point,10203,NY,dwadhams71@angelfire.com
255,Charles Montague,627 Gina Place,20910,MD,cmontague72@ocn.ne.jp
256,Annamarie Vautier,9415 Claremont Point,75236,TX,avautier73@blogger.com
257,Emmalee Pawels,3 Becker Street,67260,KS,epawels74@multiply.com
258,Arlan Jagiela,1 Crownhardt Place,94660,CA,ajagiela75@woothemes.com
259,Birdie Canepe,54 Dexter Lane,02203,MA,bcanepe76@freewebs.com
260,Darb Tolfrey,098 Clarendon Lane,92121,CA,dtolfrey77@ning.com
261,Emmy Germon,8 Donald Crossing,25336,WV,egermon78@ft.com
262,Terry Manders,1167 Warner Plaza,66210,KS,tmanders79@amazon.co.uk
263,Ulysses Geroldini,46397 Esch Plaza,94975,CA,ugeroldini7a@google.it
264,Sharleen Denkin,8812 Menomonie Center,60657,IL,sdenkin7b@eepurl.com
265,Delphine Issatt,017 Kropf Crossing,93034,CA,dissatt7c@moonfruit.com
266,Mellisent Hentze,8 Sutherland Avenue,30905,GA,mhentze7d@google.co.jp
267,Brittan Kibbe,97 Glacier Hill Lane,70160,LA,bkibbe7e@scientificamerican.com
268,Deny Penquet,27532 Superior Court,98109,WA,dpenquet7f@deliciousdays.com
269,Kristien Winsper,5115 Waxwing Trail,85062,AZ,kwinsper7g@dailymotion.com
270,Laurianne Lissandri,24588 Riverside Court,94297,CA,llissandri7h@fastcompany.com
271,Sylvester Hedin,55 Arkansas Place,85271,AZ,shedin7i@elpais.com
272,Helen Wilmott,526 Declaration Way,89105,NV,hwilmott7j@google.com.br
273,Paten Dobbings,6338 Dovetail Parkway,33315,FL,pdobbings7k@nhs.uk
274,Torrence Pinkard,56370 Jenna Street,60636,IL,tpinkard7l@trellian.com
275,Kathryne Cawcutt,868 Acker Pass,70607,LA,kcawcutt7m@mit.edu
276,Francisca Lapley,6542 Granby Street,80015,CO,flapley7n@cargocollective.com
277,Tandi Hebson,20598 Farwell Crossing,98121,WA,thebson7o@fc2.com
278,Lou Bigland,1682 Acker Hill,18706,PA,lbigland7p@latimes.com
279,Priscella Sillitoe,2757 Delaware Park,93786,CA,psillitoe7q@elpais.com
280,Larine Dudley,540 Fairfield Terrace,06816,CT,ldudley7r@imgur.com
281,Adeline Grissett,4 Morrow Plaza,47937,IN,agrissett7s@desdev.cn
282,Benita Juszczak,63836 Hanover Point,33758,FL,bjuszczak7t@acquirethisname.com
283,Jo-ann Ogger,72 Jenifer Parkway,90840,CA,jogger7u@1und1.de
284,Gerick Woodford,7541 Knutson Center,50936,IA,gwoodford7v@cdc.gov
285,Anabelle MacTerrelly,979 Dakota Hill,43240,OH,amacterrelly7w@state.gov
286,Humfrey Juste,23 Fordem Alley,33028,FL,hjuste7x@studiopress.com
287,Annette Suermeiers,666 Mendota Lane,85210,AZ,asuermeiers7y@apache.org
288,Sal McClenaghan,1629 Badeau Crossing,64153,MO,smcclenaghan7z@g.co
289,Dorolisa Harrhy,3 Becker Avenue,92170,CA,dharrhy80@umich.edu
290,Jsandye Peacocke,2 Melby Drive,02203,MA,jpeacocke81@salon.com
291,Natasha Clapperton,3729 Northview Park,18018,PA,nclapperton82@statcounter.com
292,Leslie Landes,36304 1st Parkway,29905,SC,llandes83@unblog.fr
293,Antonin Baiss,347 Eliot Trail,10110,NY,abaiss84@netlog.com
294,Esmeralda Quinet,8 Calypso Road,98115,WA,equinet85@wikimedia.org
295,Velvet Dudmarsh,3050 West Hill,12237,NY,vdudmarsh86@hc360.com
296,Gayelord Pelcheur,64502 Northfield Circle,20319,DC,gpelcheur87@uol.com.br
297,Carrissa Burdett,42 Bunker Hill Lane,76121,TX,cburdett88@webnode.com
298,Udell Pratty,0400 Menomonie Street,23213,VA,upratty89@cisco.com
299,Morris Franckton,3 Arrowood Road,25326,WV,mfranckton8a@google.it
300,Chadd Winterflood,2 Corben Avenue,91841,CA,cwinterflood8b@miibeian.gov.cn
301,Melisenda Woods,8 Melrose Lane,79159,TX,mwoods8c@edublogs.org
302,Josepha Moggie,7676 Anhalt Plaza,77293,TX,jmoggie8d@scientificamerican.com
303,Rafaela Probart,838 Myrtle Plaza,91499,CA,rprobart8e@who.int
304,Elke Tixier,516 Westridge Trail,64101,MO,etixier8f@canalblog.com
305,Farlie Alwood,46038 Mosinee Plaza,37220,TN,falwood8g@prnewswire.com
306,Olvan Diche,31 Moland Center,59806,MT,odiche8h@gmpg.org
307,Krishna Cowling,6585 Linden Circle,40298,KY,kcowling8i@seattletimes.com
308,Eustacia Stammers,0894 5th Road,20557,DC,estammers8j@myspace.com
309,Augustin Lightwing,45832 Hollow Ridge Hill,31165,GA,alightwing8k@squidoo.com
310,Candis Silbermann,950 Red Cloud Crossing,20540,DC,csilbermann8l@vistaprint.com
311,Kipp Altamirano,2 Golf Way,23324,VA,kaltamirano8m@vistaprint.com
312,Sutton Kelemen,7942 Cambridge Center,02162,MA,skelemen8n@paginegialle.it
313,Allie Grimmett,2048 Erie Trail,76121,TX,agrimmett8o@japanpost.jp
314,Dionysus Tison,7729 Caliangt Place,99507,AK,dtison8p@example.com
315,Kerri Silverstone,4325 Clyde Gallagher Street,19495,PA,ksilverstone8q@ezinearticles.com
316,Elinor Chattoe,101 Prairieview Court,89550,NV,echattoe8r@hubpages.com
317,Isidor Steedman,4 Melvin Avenue,84409,UT,isteedman8s@discovery.com
318,Francene Ramirez,79564 Doe Crossing Drive,17605,PA,framirez8t@fda.gov
319,Hanni Nelane,123 Sutteridge Center,33345,FL,hnelane8u@wunderground.com
320,Henderson Evenett,25 Hintze Circle,36104,AL,hevenett8v@meetup.com
321,Nedi Hamblington,8 Thackeray Point,83757,ID,nhamblington8w@theatlantic.com
322,Isaiah Carlaw,2193 Gateway Avenue,23436,VA,icarlaw8x@purevolume.com
323,Ignacius Crutch,6711 Lindbergh Avenue,85732,AZ,icrutch8y@diigo.com
324,Zulema Jeays,10 Haas Hill,97229,OR,zjeays8z@wufoo.com
325,Sophi Senner,80 Coleman Park,12205,NY,ssenner90@blogger.com
326,Cirilo Millen,20333 Ryan Court,92844,CA,cmillen91@si.edu
327,Hildagarde Pettifer,511 Forest Dale Street,45999,OH,hpettifer92@amazon.de
328,Vic Lapsley,369 Norway Maple Parkway,53726,WI,vlapsley93@webmd.com
329,Hollyanne Rooze,028 Arizona Hill,92878,CA,hrooze94@histats.com
330,Benita Goldhawk,4 Dorton Alley,77288,TX,bgoldhawk95@indiegogo.com
331,Dinah McBryde,8 Cordelia Court,33686,FL,dmcbryde96@addtoany.com
332,Dana Dinwoodie,4252 Tomscot Center,78278,TX,ddinwoodie97@seesaa.net
333,Raimundo Schoffel,287 Reindahl Alley,40745,KY,rschoffel98@usda.gov
334,Korney Vittle,95 East Court,98166,WA,kvittle99@twitter.com
335,Katalin Musprat,51120 Truax Lane,83405,ID,kmusprat9a@mtv.com
336,Shina Coombe,5516 Cordelia Hill,37245,TN,scoombe9b@buzzfeed.com
337,Jasper Pavek,21 Carey Trail,78726,TX,jpavek9c@google.co.jp
338,Stacia Halewood,28 Eastlawn Hill,92121,CA,shalewood9d@businessinsider.com
339,Sascha Snap,31399 Norway Maple Place,78410,TX,ssnap9e@bravesites.com
340,Toiboid Afonso,9814 Elmside Avenue,23509,VA,tafonso9f@ask.com
341,Bearnard Acreman,25973 Arrowood Point,16565,PA,bacreman9g@oaic.gov.au
342,Tracy Konert,9 Dottie Road,20591,DC,tkonert9h@spiegel.de
343,Idette Milvarnie,5243 Schlimgen Crossing,07195,NJ,imilvarnie9i@reddit.com
344,Pat Lapwood,700 Heffernan Street,66112,KS,plapwood9j@biglobe.ne.jp
345,Ky Speenden,9 Huxley Court,64144,MO,kspeenden9k@alexa.com
346,Carolan Pledge,796 American Center,84130,UT,cpledge9l@wp.com
347,Faina Yancey,0947 Ryan Pass,33467,FL,fyancey9m@mit.edu
348,Lindsey O' Hanvey,92392 Transport Circle,40524,KY,lo9n@xrea.com
349,Cindee Goley,2 Haas Center,25305,WV,cgoley9o@icio.us
350,Harlen Spary,9653 Bonner Road,18514,PA,hspary9p@whitehouse.gov
351,Wyn Crispe,7569 Dennis Way,80525,CO,wcrispe9q@people.com.cn
352,Zerk Mayberry,41147 Sheridan Center,10454,NY,zmayberry9r@spotify.com
353,Cornelle Knappen,97523 Gulseth Center,93111,CA,cknappen9s@prlog.org
354,Letta Covey,710 Hanson Point,55480,MN,lcovey9t@chron.com
355,Christiano Fass,992 Coleman Crossing,89115,NV,cfass9u@barnesandnoble.com
356,Esra Scandroot,86178 Paget Way,33805,FL,escandroot9v@alexa.com
357,Broderic Carmo,3 Utah Park,40515,KY,bcarmo9w@mail.ru
358,Hillier Ortas,0848 Michigan Park,14210,NY,hortas9x@marketwatch.com
359,Rafa Buggs,788 Northridge Center,45414,OH,rbuggs9y@theglobeandmail.com
360,Rex Sudlow,09689 Sunbrook Crossing,90405,CA,rsudlow9z@yolasite.com
361,Annalee Williams,05 Talmadge Lane,70124,LA,awilliamsa0@imgur.com
362,Brit Magson,38884 Burning Wood Road,60652,IL,bmagsona1@cornell.edu
363,Ailina Wrightson,7913 Graceland Way,71213,LA,awrightsona2@stumbleupon.com
364,Carolina Coronas,733 Pankratz Trail,97405,OR,ccoronasa3@opensource.org
365,Rod Doolan,6 Shasta Crossing,84115,UT,rdoolana4@twitter.com
366,Riccardo McPharlain,57786 Nelson Way,27658,NC,rmcpharlaina5@weebly.com
367,Franklin Jenton,9525 Anthes Road,22093,VA,fjentona6@ifeng.com
368,Kin McAllaster,9673 Red Cloud Court,97229,OR,kmcallastera7@blinklist.com
369,Josie Neylan,92099 Florence Junction,78044,TX,jneylana8@goo.ne.jp
370,Rosemonde Dufer,8 Coleman Park,10454,NY,rdufera9@deviantart.com
371,Dylan Annetts,5732 Warbler Park,17605,PA,dannettsaa@163.com
372,Cam Masdon,60316 Carey Hill,34629,FL,cmasdonab@auda.org.au
373,Selia Jenken,71450 Hoard Park,90610,CA,sjenkenac@goodreads.com
374,Truman Baddiley,0984 Lakewood Hill,72215,AR,tbaddileyad@wikipedia.org
375,Corty Spilstead,6 Stoughton Trail,62756,IL,cspilsteadae@google.com.au
376,Arlen Scarfe,0735 Sycamore Crossing,02124,MA,ascarfeaf@so-net.ne.jp
377,Tania Maylour,86484 Starling Lane,94616,CA,tmaylourag@sitemeter.com
378,Lacy Starbeck,57754 Dixon Point,20226,DC,lstarbeckah@ibm.com
379,Jeramie O'Bradain,0 Clove Hill,90076,CA,jobradainai@booking.com
380,Smith Mawer,80073 Barnett Lane,54305,WI,smaweraj@studiopress.com
381,Rhetta Austin,019 Crescent Oaks Avenue,44105,OH,raustinak@gnu.org
382,Clive Fawcitt,66 Maple Crossing,77045,TX,cfawcittal@smugmug.com
383,Mariele Wetheril,79 Carpenter Avenue,91210,CA,mwetherilam@amazonaws.com
384,George Noades,9976 Washington Terrace,92513,CA,gnoadesan@xinhuanet.com
385,Annabal Verryan,856 Lunder Road,46867,IN,averryanao@home.pl
386,Gabriell Ellerker,45 Anderson Way,33164,FL,gellerkerap@pagesperso-orange.fr
387,Cherey Ovize,0452 Troy Center,95894,CA,covizeaq@springer.com
388,Justinn Abbatucci,29002 Lindbergh Junction,29403,SC,jabbatucciar@nbcnews.com
389,Kitty Escreet,398 Harbort Junction,01129,MA,kescreetas@house.gov
390,Arlene Sarfatti,67 Randy Alley,20420,DC,asarfattiat@samsung.com
391,Evin Dach,81 Cherokee Way,75323,TX,edachau@soundcloud.com
392,Gerard Slimings,046 Arkansas Junction,23605,VA,gslimingsav@typepad.com
393,Zerk Joscelyne,9774 Saint Paul Avenue,33705,FL,zjoscelyneaw@mediafire.com
394,Alys O'Hartnedy,1 Del Mar Crossing,20599,DC,aohartnedyax@cafepress.com
395,Robb Mileham,64235 Butterfield Point,88514,TX,rmilehamay@spotify.com
396,Wye Owers,4 Dakota Court,20210,DC,wowersaz@technorati.com
397,Ara Martinie,556 Homewood Trail,33320,FL,amartinieb0@flavors.me
398,Missie Ashdown,800 Lukken Circle,61640,IL,mashdownb1@house.gov
399,Madeleine Tonks,99228 Arapahoe Center,19196,PA,mtonksb2@ezinearticles.com
400,Gilberta Aleixo,737 Old Gate Point,37235,TN,galeixob3@mapy.cz
401,Bert Zannotelli,4784 Fair Oaks Junction,76205,TX,bzannotellib4@accuweather.com
402,Levon Bruinsma,4 Fulton Park,55590,MN,lbruinsmab5@blog.com
403,Selia Dunmuir,885 Esker Plaza,84125,UT,sdunmuirb6@simplemachines.org
404,Thorvald Prigmore,5 Warrior Plaza,85705,AZ,tprigmoreb7@bbc.co.uk
405,Burl Northey,00819 Dottie Road,60158,IL,bnortheyb8@wiley.com
406,Ulises Beake,2658 Hermina Junction,24004,VA,ubeakeb9@indiegogo.com
407,Buddy Bavister,3366 Rowland Lane,36610,AL,bbavisterba@alibaba.com
408,Wallache Brandom,98393 Jenna Park,62205,IL,wbrandombb@cnn.com
409,Bax Domone,017 Lawn Junction,94522,CA,bdomonebc@mediafire.com
410,Georgeta Giff,86 Bultman Parkway,50310,IA,ggiffbd@livejournal.com
411,Sibby Sprason,56 Forest Trail,28805,NC,ssprasonbe@mapquest.com
412,Harriot Wybron,006 Longview Park,77271,TX,hwybronbf@i2i.jp
413,Junette Gladdin,35 Village Parkway,83727,ID,jgladdinbg@toplist.cz
414,Bibi Bloxham,78 Rowland Hill,55417,MN,bbloxhambh@patch.com
415,Niki Du Fray,0840 Dovetail Center,80249,CO,ndubi@artisteer.com
416,Gerianna Broadwood,476 Kedzie Court,94116,CA,gbroadwoodbj@yelp.com
417,Maria Butler-Bowdon,86 Monterey Place,75353,TX,mbutlerbowdonbk@odnoklassniki.ru
418,Giuditta Lansdown,26504 Scott Court,30343,GA,glansdownbl@spotify.com
419,Klara Swigg,26 Arizona Road,55441,MN,kswiggbm@mail.ru
420,Karlyn Dobkin,366 Artisan Road,84105,UT,kdobkinbn@clickbank.net
421,Kendricks Kegan,54347 Algoma Way,33647,FL,kkeganbo@g.co
422,Beck Beamond,77 Kennedy Point,75323,TX,bbeamondbp@princeton.edu
423,Laurent Bridden,76 Morrow Trail,03105,NH,lbriddenbq@mapy.cz
424,Ermengarde Rodliff,484 Macpherson Pass,43605,OH,erodliffbr@bloglovin.com
425,Jeniece Burnard,7 Algoma Avenue,78265,TX,jburnardbs@wufoo.com
426,Celie Skurm,99 Northridge Hill,90398,CA,cskurmbt@ibm.com
427,Eduard Layus,2 Pankratz Park,72209,AR,elayusbu@aol.com
428,Barry Mollindinia,6568 Butterfield Pass,55114,MN,bmollindiniabv@de.vu
429,Sherlocke Bransom,592 Vernon Avenue,45408,OH,sbransombw@nih.gov
430,Gracie Clowton,99646 Schlimgen Crossing,22234,VA,gclowtonbx@woothemes.com
431,Jenifer Joddins,5134 Butternut Terrace,76011,TX,jjoddinsby@ted.com
432,Cad Dymock,1354 Rigney Point,24009,VA,cdymockbz@toplist.cz
433,Hetty Coghlin,933 Jana Terrace,77015,TX,hcoghlinc0@chicagotribune.com
434,Colas Alltimes,69 Sachs Terrace,40287,KY,calltimesc1@mlb.com
435,Susanetta Calbrathe,99786 Maryland Park,75226,TX,scalbrathec2@mail.ru
436,Nye Larchiere,7 Manufacturers Park,97271,OR,nlarchierec3@nbcnews.com
437,Peggy Di Biagio,7 Division Terrace,20195,VA,pdic4@livejournal.com
438,Anastassia Whiten,31364 Corben Hill,43699,OH,awhitenc5@mashable.com
439,Melonie Heinritz,235 Maple Wood Place,37416,TN,mheinritzc6@examiner.com
440,Harland Toffano,794 Sunfield Parkway,40250,KY,htoffanoc7@apache.org
441,Alphonse Bazire,00235 Tomscot Avenue,46825,IN,abazirec8@adobe.com
442,Vanya Twitching,3287 Packers Trail,40524,KY,vtwitchingc9@independent.co.uk
443,Farris McPhillips,302 Mosinee Crossing,43215,OH,fmcphillipsca@redcross.org
444,Jami Graveson,07 Lindbergh Point,60614,IL,jgravesoncb@webmd.com
445,Caroline Castangia,5 Little Fleur Pass,02142,MA,ccastangiacc@skype.com
446,Jaine Tellenbrook,575 Melody Street,24034,VA,jtellenbrookcd@samsung.com
447,Leda Mattaser,15946 Park Meadow Drive,77090,TX,lmattaserce@google.it
448,Hermann Grigson,38 Glendale Park,50362,IA,hgrigsoncf@businessweek.com
449,Wash Blunt,96562 Sutteridge Plaza,43231,OH,wbluntcg@usatoday.com
450,Diann Grishmanov,8329 Dakota Center,55172,MN,dgrishmanovch@hugedomains.com
451,Celina Aurelius,09038 Arizona Place,34114,FL,caureliusci@tmall.com
452,Alon Dellit,1 Stang Avenue,23612,VA,adellitcj@icio.us
453,Lanae Camps,7048 Farragut Road,10292,NY,lcampsck@cmu.edu
454,Khalil Hadleigh,6 Randy Crossing,53277,WI,khadleighcl@feedburner.com
455,Bone Francombe,2021 Mayer Point,33310,FL,bfrancombecm@tiny.cc
456,Dasya Burn,0 Sutteridge Center,70836,LA,dburncn@mac.com
457,Dasha Kynnd,19 Russell Street,23277,VA,dkynndco@irs.gov
458,Rosina Livingstone,006 Anthes Lane,95054,CA,rlivingstonecp@tinyurl.com
459,Leif Bernaciak,05 Pennsylvania Court,37665,TN,lbernaciakcq@w3.org
460,Huntington Robers,57 Clyde Gallagher Pass,70187,LA,hroberscr@goo.gl
461,Sigrid Taile,11 Southridge Place,29615,SC,stailecs@chronoengine.com
462,Redford Heinemann,27731 Almo Road,25711,WV,rheinemannct@google.com
463,Winfield Platts,6360 Moulton Lane,10474,NY,wplattscu@rambler.ru
464,Glynn Vain,045 Bluejay Circle,39216,MS,gvaincv@dropbox.com
465,Avie McLelland,5267 Pleasure Pass,94154,CA,amclellandcw@domainmarket.com
466,Marlon McArdle,76473 American Trail,92844,CA,mmcardlecx@webs.com
467,Andi Easen,71 Milwaukee Plaza,53726,WI,aeasency@plala.or.jp
468,Holly McCoid,0870 Pawling Place,33233,FL,hmccoidcz@sohu.com
469,Rosabelle Willder,7024 Thierer Parkway,66276,KS,rwillderd0@addtoany.com
470,Gwyneth Robey,8 Crowley Terrace,31904,GA,grobeyd1@smh.com.au
471,Avrom Inkpen,20050 Donald Lane,99507,AK,ainkpend2@ebay.com
472,Jenni De La Coste,979 Lien Parkway,06854,CT,jded3@sourceforge.net
473,Rosa Crowder,2292 Independence Plaza,34642,FL,rcrowderd4@exblog.jp
474,Cleopatra Blasi,193 Sugar Circle,73071,OK,cblasid5@merriam-webster.com
475,Zarla Flintoft,1 Maywood Park,98464,WA,zflintoftd6@digg.com
476,Bev Gorges,0336 Ruskin Trail,28220,NC,bgorgesd7@dailymotion.com
477,Ruthe Luc,21 5th Center,10079,NY,rlucd8@opera.com
478,Harley Sprasen,35 Northport Alley,47719,IN,hsprasend9@delicious.com
479,Brigitta Cashmore,7 Amoth Pass,92883,CA,bcashmoreda@bigcartel.com
480,Elsworth Millmore,051 Basil Circle,67260,KS,emillmoredb@pen.io
481,Sarita Bodill,82183 Mandrake Center,34665,FL,sbodilldc@fda.gov
482,Garald Barens,143 Hoffman Lane,83732,ID,gbarensdd@wired.com
483,Helen-elizabeth Dewire,71 Myrtle Point,74184,OK,hdewirede@yahoo.co.jp
484,Levon Barlow,4 Dryden Road,44710,OH,lbarlowdf@aboutads.info
485,Marris Gonsalvo,5749 Clyde Gallagher Street,87140,NM,mgonsalvodg@msn.com
486,Renae Hatter,030 Farmco Drive,77080,TX,rhatterdh@symantec.com
487,Mandi Bridden,5 Dovetail Avenue,56372,MN,mbriddendi@furl.net
488,Warner Vaud,5 Buhler Point,89155,NV,wvauddj@foxnews.com
489,Jasmin Friese,75 Riverside Terrace,11220,NY,jfriesedk@wired.com
490,Adriana Gomez,57 Graedel Pass,25711,WV,agomezdl@cloudflare.com
491,Fan Linster,60 Elgar Plaza,14225,NY,flinsterdm@rakuten.co.jp
492,Abraham Wileman,4 Redwing Terrace,38168,TN,awilemandn@rediff.com
493,Sela Sickert,5 Bartillon Point,10474,NY,ssickertdo@hao123.com
494,Clifford Phillput,88 Debra Junction,14905,NY,cphillputdp@vk.com
495,Ulysses Philbrook,1207 Novick Trail,94137,CA,uphilbrookdq@apache.org
496,Donnell Baline,79 Arizona Park,33448,FL,dbalinedr@zimbio.com
497,Penelope Collman,39 Mandrake Terrace,78726,TX,pcollmands@walmart.com
498,Gamaliel Billyard,3986 Forest Dale Circle,38136,TN,gbillyarddt@shop-pro.jp
499,Hieronymus Johnston,0 Del Mar Plaza,20226,DC,hjohnstondu@buzzfeed.com
500,Merrile Mardlin,16308 Oak Valley Parkway,23242,VA,mmardlindv@ucsd.edu
501,Tarrah Karby,81250 Novick Center,10275,NY,tkarbydw@360.cn
502,Talya Rittmeyer,6842 Forster Terrace,68134,NE,trittmeyerdx@loc.gov
503,Brander Ring,6795 Bunker Hill Alley,31210,GA,bringdy@si.edu
504,Marcia Franciotti,12929 Saint Paul Center,80945,CO,mfranciottidz@dailymotion.com
505,Zelma Cosson,07 Northland Hill,90810,CA,zcossone0@amazon.de
506,Alejoa Fucher,2480 Anhalt Plaza,95054,CA,afuchere1@vkontakte.ru
507,Marybelle MacNelly,07700 Derek Terrace,25775,WV,mmacnellye2@mysql.com
508,Owen Cicculini,02993 Clarendon Place,46805,IN,ocicculinie3@harvard.edu
509,Heda Ecclesall,862 Pennsylvania Crossing,14225,NY,hecclesalle4@google.co.uk
510,Waverley Basilio,865 Stang Alley,22184,VA,wbasilioe5@ft.com
511,Mickie Beckmann,3 Bashford Alley,45403,OH,mbeckmanne6@wired.com
512,Dulsea Sharrock,7178 Thierer Parkway,19151,PA,dsharrocke7@princeton.edu
513,Malva Gianilli,33 Pankratz Way,46278,IN,mgianillie8@nifty.com
514,Winny Berford,88341 Tennessee Plaza,23504,VA,wberforde9@flickr.com
515,Alisha Stych,7858 Prentice Way,32209,FL,astychea@yelp.com
516,Alastair Carlow,983 Kropf Hill,08650,NJ,acarloweb@discuz.net
517,Keane Giffen,66842 Northview Place,78278,TX,kgiffenec@uiuc.edu
518,Porty Verni,500 Golden Leaf Street,36670,AL,pvernied@reverbnation.com
519,Kippy Flancinbaum,39453 Hoepker Road,34642,FL,kflancinbaumee@1und1.de
520,Elliot Sleeford,14 Schiller Pass,33355,FL,esleefordef@google.es
521,Chloette Kennefick,19269 Browning Street,34474,FL,ckennefickeg@mapquest.com
522,Pascale Derrington,8114 Porter Street,94660,CA,pderringtoneh@dion.ne.jp
523,Joey Scarsbrooke,01 Meadow Valley Plaza,20816,MD,jscarsbrookeei@miitbeian.gov.cn
524,Renie Brandi,47 Buell Lane,32230,FL,rbrandiej@boston.com
525,Ingram Vandenhoff,532 Toban Road,33715,FL,ivandenhoffek@behance.net
526,Odetta Leake,76300 Grim Street,50362,IA,oleakeel@theglobeandmail.com
527,Faythe Kuschke,7 Loomis Circle,64142,MO,fkuschkeem@dailymotion.com
528,Maressa Brandom,79 Valley Edge Parkway,77020,TX,mbrandomen@pbs.org
529,Joete Cursons,0120 Mcbride Junction,93150,CA,jcursonseo@cam.ac.uk
530,Whitaker Clemenza,43799 Hintze Parkway,94110,CA,wclemenzaep@accuweather.com
531,Ediva Dufaire,2469 Packers Terrace,47737,IN,edufaireeq@marriott.com
532,Mariam Trawin,091 Lerdahl Avenue,66617,KS,mtrawiner@boston.com
533,Guilbert Pummery,41 Fairview Court,61629,IL,gpummeryes@amazon.co.uk
534,Zacherie Lundy,7554 Morningstar Hill,33013,FL,zlundyet@macromedia.com
535,Christen Corradi,8 Sunbrook Circle,22119,VA,ccorradieu@slate.com
536,Gregoor Kelling,20749 Golf View Road,22111,VA,gkellingev@smugmug.com
537,Lilia Rosenblad,313 6th Hill,70805,LA,lrosenbladew@purevolume.com
538,Sayres Toffetto,19 Sycamore Street,55572,MN,stoffettoex@cmu.edu
539,Ludvig Fazakerley,87 Nancy Avenue,32314,FL,lfazakerleyey@wix.com
540,Annelise Waud,4 Del Mar Crossing,95194,CA,awaudez@bbc.co.uk
541,Mendel Kretchmer,01 Northport Park,30323,GA,mkretchmerf0@cam.ac.uk
542,Daphne Ferry,198 Norway Maple Hill,35810,AL,dferryf1@odnoklassniki.ru
543,Audrie Boss,793 Towne Junction,39305,MS,abossf2@dropbox.com
544,Nicko Champley,74 Del Mar Pass,77554,TX,nchampleyf3@mediafire.com
545,Florian Coltart,3 Rockefeller Avenue,32969,FL,fcoltartf4@virginia.edu
546,Harmonie Mournian,57507 Becker Crossing,45238,OH,hmournianf5@webs.com
547,Miriam Claffey,7679 Sheridan Center,33436,FL,mclaffeyf6@fotki.com
548,Euphemia Harverson,3184 Sachs Avenue,87115,NM,eharversonf7@t.co
549,Robyn Pie,15 Dakota Terrace,32859,FL,rpief8@nih.gov
550,Cleveland Kensitt,75 Vidon Way,33013,FL,ckensittf9@angelfire.com
551,Rosalind Marklew,46940 Springs Road,33185,FL,rmarklewfa@privacy.gov.au
552,Jason MacMeeking,34 Fairview Way,73034,OK,jmacmeekingfb@php.net
553,Jamie Brightman,516 Sutteridge Circle,92725,CA,jbrightmanfc@mapy.cz
554,Broddie Ciciotti,50 Thompson Place,94230,CA,bciciottifd@webeden.co.uk
555,Maighdiln Vittet,555 Michigan Park,11215,NY,mvittetfe@flavors.me
556,Essa Pendergast,5415 Vermont Road,30340,GA,ependergastff@engadget.com
557,Efrem Ferrandez,66 Warner Drive,06673,CT,eferrandezfg@addtoany.com
558,Gerrard Dance,3796 Di Loreto Avenue,76210,TX,gdancefh@ning.com
559,Vivia Bean,70673 Kings Lane,43231,OH,vbeanfi@weebly.com
560,Joell Magson,574 Sheridan Point,28284,NC,jmagsonfj@abc.net.au
561,Jillie Borel,328 Dennis Place,99512,AK,jborelfk@thetimes.co.uk
562,Lutero Cleugh,62716 Graedel Trail,80951,CO,lcleughfl@w3.org
563,Hunfredo Iozefovich,1241 Lake View Way,27409,NC,hiozefovichfm@sitemeter.com
564,Bondy Hughland,33592 Tennessee Parkway,55573,MN,bhughlandfn@oracle.com
565,Joyce Evequot,2 Rigney Lane,77025,TX,jevequotfo@java.com
566,Cross Rivers,19 Ridge Oak Circle,84605,UT,criversfp@yellowpages.com
567,Byram Szantho,51408 Brickson Park Way,88525,TX,bszanthofq@epa.gov
568,Hermann Berriball,5 Sycamore Park,55487,MN,hberriballfr@apple.com
569,Jammal Dewicke,7825 Meadow Vale Point,79405,TX,jdewickefs@hostgator.com
570,Lynn Jaze,01 Grover Court,30356,GA,ljazeft@eepurl.com
571,Yanaton Scarrisbrick,241 Moulton Park,28230,NC,yscarrisbrickfu@nasa.gov
572,Balduin Leadstone,1 David Court,80235,CO,bleadstonefv@bloglines.com
573,Ginger Whittington,2131 Bowman Parkway,78726,TX,gwhittingtonfw@hibu.com
574,Anatol Thorold,1345 Debra Point,32854,FL,athoroldfx@digg.com
575,Rodolph Gorring,446 Longview Crossing,97211,OR,rgorringfy@hhs.gov
576,Jeth Daniell,50986 Grim Place,90305,CA,jdaniellfz@seesaa.net
577,Leese Koche,832 Glendale Plaza,92505,CA,lkocheg0@so-net.ne.jp
578,Guido Erskine,2291 Haas Pass,93591,CA,gerskineg1@about.me
579,Sheff Skevington,080 Atwood Lane,76178,TX,sskevingtong2@google.fr
580,Terrie Carefull,544 Northfield Junction,55480,MN,tcarefullg3@bbc.co.uk
581,Graig Zanetti,6356 Bay Trail,27610,NC,gzanettig4@google.com.au
582,Erminie Rodge,6 Sunfield Junction,99205,WA,erodgeg5@dion.ne.jp
583,Dacie Croysdale,23 Aberg Parkway,90305,CA,dcroysdaleg6@samsung.com
584,Steven Lory,363 Glendale Parkway,34282,FL,sloryg7@craigslist.org
585,Harrietta Stobbe,4 Heffernan Junction,30905,GA,hstobbeg8@technorati.com
586,Zita Eardley,5899 Cottonwood Hill,46825,IN,zeardleyg9@nytimes.com
587,Brunhilda Cussins,893 Gulseth Park,97075,OR,bcussinsga@youtu.be
588,Keri Woolmore,37 Cardinal Center,73071,OK,kwoolmoregb@eepurl.com
589,Randee Toke,9 Novick Crossing,11447,NY,rtokegc@patch.com
590,Francisca Graddell,73643 Debs Street,91131,CA,fgraddellgd@oakley.com
591,Valentino Walder,4 Gina Alley,73147,OK,vwalderge@apple.com
592,Antonin Copeman,132 Independence Drive,57110,SD,acopemangf@redcross.org
593,Rebecka Lougheid,145 Scott Way,80228,CO,rlougheidgg@disqus.com
594,Glenna Vanyakin,862 Clove Point,95354,CA,gvanyakingh@un.org
595,Mari Dightham,9 Randy Circle,97211,OR,mdighthamgi@webnode.com
596,Ferdinanda McDugal,8266 Gulseth Crossing,91411,CA,fmcdugalgj@oaic.gov.au
597,Charlie Lappine,86 Forster Center,14609,NY,clappinegk@auda.org.au
598,Sophronia Piburn,55 Hooker Drive,46231,IN,spiburngl@mashable.com
599,Cele Elgram,62728 Gulseth Park,30066,GA,celgramgm@state.tx.us
600,Sheela Pragnell,3 Sugar Court,83757,ID,spragnellgn@1688.com
601,Justus Neylon,7 Kim Place,14609,NY,jneylongo@bizjournals.com
602,Torr Normanvill,16146 Mockingbird Plaza,40618,KY,tnormanvillgp@dmoz.org
603,Manon Kee,581 Dennis Terrace,34108,FL,mkeegq@hhs.gov
604,Georgetta Pilmer,9734 Kim Hill,92196,CA,gpilmergr@discuz.net
605,Craggie Portlock,34958 Miller Way,79159,TX,cportlockgs@gizmodo.com
606,Elton Basant,455 Clarendon Junction,85010,AZ,ebasantgt@blinklist.com
607,Ollie Cropper,574 Donald Hill,60567,IL,ocroppergu@mediafire.com
608,Merrill Baxill,471 Prairieview Circle,92717,CA,mbaxillgv@timesonline.co.uk
609,Hildegarde Pritchett,73 Chive Junction,98195,WA,hpritchettgw@miibeian.gov.cn
610,Dreddy Blunsden,63335 Delaware Street,11447,NY,dblunsdengx@nymag.com
611,Sansone Niece,4682 Anhalt Lane,67220,KS,sniecegy@globo.com
612,Jamal Nisbith,269 Fieldstone Avenue,10014,NY,jnisbithgz@cdbaby.com
613,Kale Yoakley,0307 Towne Avenue,32526,FL,kyoakleyh0@msu.edu
614,Concettina Marquese,97 Farwell Circle,92132,CA,cmarqueseh1@census.gov
615,Trixy Iglesias,051 Lukken Place,10310,NY,tiglesiash2@yandex.ru
616,Creighton Bending,806 Onsgard Junction,15235,PA,cbendingh3@last.fm
617,Thatch Tydd,9 Green Ridge Pass,91205,CA,ttyddh4@reference.com
618,Janeta Blockey,18 Fisk Road,94616,CA,jblockeyh5@toplist.cz
619,Reinaldo Amberg,4 Thompson Place,14905,NY,rambergh6@github.io
620,Karlotte Elven,34 Buhler Center,77276,TX,kelvenh7@chicagotribune.com
621,Berty Houlridge,9 North Court,50305,IA,bhoulridgeh8@reuters.com
622,Hasty Antosik,627 Maryland Plaza,85715,AZ,hantosikh9@pbs.org
623,Martino Topley,5894 Granby Way,89505,NV,mtopleyha@flickr.com
624,Astra Pitchford,83 Village Alley,88558,TX,apitchfordhb@discovery.com
625,Truda Langhorne,35 Larry Street,33325,FL,tlanghornehc@epa.gov
626,Gunter Brende,6 Ramsey Circle,20022,DC,gbrendehd@cbsnews.com
627,Carolee Adrain,2552 Sauthoff Drive,61656,IL,cadrainhe@jiathis.com
628,Adlai Dunguy,9619 Hintze Way,96805,HI,adunguyhf@weibo.com
629,Cort Mettetal,786 6th Hill,40591,KY,cmettetalhg@elegantthemes.com
630,Luisa Albrook,01908 Chinook Street,19172,PA,lalbrookhh@sciencedaily.com
631,Prudence Kareman,64918 Springs Place,98109,WA,pkaremanhi@phoca.cz
632,Harman Ashfold,30 Porter Lane,93794,CA,hashfoldhj@ed.gov
633,Carry McClements,8155 Spohn Crossing,44905,OH,cmcclementshk@blinklist.com
634,Pavia Sanper,9671 Hallows Junction,77035,TX,psanperhl@jugem.jp
635,Noak Bathow,683 Graceland Junction,20530,DC,nbathowhm@noaa.gov
636,Lizette Ghiraldi,4257 Fuller Court,20337,DC,lghiraldihn@senate.gov
637,Chase Albarez,6 Knutson Parkway,11205,NY,calbarezho@wikispaces.com
638,Donnell Blampied,12682 Kings Terrace,08638,NJ,dblampiedhp@auda.org.au
639,Lyn Huc,0105 Meadow Valley Point,75236,TX,lhuchq@army.mil
640,Mayer Blackford,2 Kenwood Road,90025,CA,mblackfordhr@wikia.com
641,Gunther Holleworth,40032 Grim Avenue,08104,NJ,gholleworthhs@mayoclinic.com
642,Karyl McDougal,992 East Hill,20442,DC,kmcdougalht@state.tx.us
643,Herbie Bristo,7990 Dorton Alley,02912,RI,hbristohu@blogs.com
644,Meryl Whyatt,1 Hovde Place,10014,NY,mwhyatthv@fastcompany.com
645,Deedee Bernocchi,3921 Rowland Drive,95818,CA,dbernocchihw@miibeian.gov.cn
646,Elizabet Schulken,2963 Buell Street,49544,MI,eschulkenhx@apple.com
647,Solly Le Maitre,9 Melvin Pass,32526,FL,slehy@t-online.de
648,Valma Middleditch,54988 Monterey Circle,70005,LA,vmiddleditchhz@archive.org
649,Flossy Rheam,136 Algoma Lane,92160,CA,frheami0@scribd.com
650,Jillane Orht,1300 Dovetail Trail,77260,TX,jorhti1@ow.ly
651,Bette Bouskill,326 Nancy Pass,70165,LA,bbouskilli2@netlog.com
652,Marwin Coalbran,26 Lyons Parkway,92519,CA,mcoalbrani3@gmpg.org
653,Dorrie Tschirasche,7 Mandrake Place,90087,CA,dtschiraschei4@ocn.ne.jp
654,Sella Asbury,0 Prentice Lane,29411,SC,sasburyi5@google.de
655,Ennis Farris,939 Garrison Hill,80915,CO,efarrisi6@bigcartel.com
656,Issie Dufton,71 Arizona Trail,30343,GA,iduftoni7@chicagotribune.com
657,Sydel Ropartz,819 Northland Way,60646,IL,sropartzi8@bandcamp.com
658,Debera Firmin,082 Kipling Drive,45419,OH,dfirmini9@geocities.jp
659,Dalston Santino,0732 Delaware Court,48217,MI,dsantinoia@google.es
660,Merrick Aylesbury,781 Lakewood Gardens Junction,36104,AL,maylesburyib@t.co
661,Augustus Dadds,41856 Anthes Hill,33147,FL,adaddsic@google.com
662,Gael Peiro,6 Alpine Park,20535,DC,gpeiroid@google.nl
663,Stormi Kittow,07 Lerdahl Place,85715,AZ,skittowie@google.com.br
664,Eva Elfe,8654 Westport Hill,68110,NE,eelfeif@cbsnews.com
665,Kristofor Bruyett,016 Hoepker Terrace,97232,OR,kbruyettig@free.fr
666,Miguela Gaspard,4 Cherokee Plaza,14269,NY,mgaspardih@abc.net.au
667,Alphonse Chown,5 Merry Crossing,55166,MN,achownii@com.com
668,Rriocard Nutbeam,93 John Wall Park,45414,OH,rnutbeamij@intel.com
669,Lucien Grandisson,0745 Manitowish Point,78732,TX,lgrandissonik@digg.com
670,Tim Eby,35355 Fordem Court,47725,IN,tebyil@home.pl
671,Gwyneth Urquhart,3 Kings Alley,27415,NC,gurquhartim@fotki.com
672,Liam Manntschke,2202 Northridge Circle,33620,FL,lmanntschkein@vinaora.com
673,Valentia Kenshole,73166 Delladonna Parkway,80905,CO,vkensholeio@slashdot.org
674,Craggie Inkpen,82 Nevada Crossing,79405,TX,cinkpenip@si.edu
675,Anatollo Scandrett,5094 Sundown Circle,44485,OH,ascandrettiq@furl.net
676,Jared Daynter,783 Lindbergh Place,06721,CT,jdaynterir@pinterest.com
677,Anton Lermouth,9437 Ridgeview Parkway,76162,TX,alermouthis@opera.com
678,Sinclare Orkney,6386 Doe Crossing Place,36177,AL,sorkneyit@acquirethisname.com
679,Vergil Christou,57361 Hollow Ridge Place,15255,PA,vchristouiu@qq.com
680,Schuyler Ransfield,1 Stephen Way,27116,NC,sransfieldiv@illinois.edu
681,Dawna Pinching,362 Darwin Alley,37924,TN,dpinchingiw@cafepress.com
682,Staffard Quartley,13100 Buell Place,20580,DC,squartleyix@tripod.com
683,Timmy Scohier,650 Lighthouse Bay Crossing,63116,MO,tscohieriy@dmoz.org
684,Glynis Eddison,7 Badeau Drive,43605,OH,geddisoniz@webnode.com
685,Lodovico Lesurf,951 Stone Corner Court,93591,CA,llesurfj0@discovery.com
686,Henrie Edison,4363 Eagan Crossing,45432,OH,hedisonj1@ebay.com
687,Kiersten Bettis,13951 Hovde Point,48126,MI,kbettisj2@t-online.de
688,Ursa Boner,926 Longview Avenue,94712,CA,ubonerj3@scribd.com
689,Montgomery Sheerin,9 Spaight Center,80945,CO,msheerinj4@wikimedia.org
690,Mahala Whithalgh,46 Stuart Drive,97306,OR,mwhithalghj5@sourceforge.net
691,Obed Wilcox,67247 Amoth Hill,55446,MN,owilcoxj6@narod.ru
692,Stace Cowterd,78905 Moulton Crossing,96825,HI,scowterdj7@booking.com
693,Kermy Bullocke,75 High Crossing Hill,10160,NY,kbullockej8@ovh.net
694,Jedd Zannini,3 Starling Plaza,83405,ID,jzanninij9@umich.edu
695,Bengt Bispo,59518 Scoville Place,20557,DC,bbispoja@sourceforge.net
696,Manuel Peter,1330 Gerald Parkway,79940,TX,mpeterjb@wordpress.org
697,Clary Salkild,4 Stephen Pass,60604,IL,csalkildjc@gmpg.org
698,Meir Jedrzejczyk,52767 Little Fleur Place,37914,TN,mjedrzejczykjd@skyrock.com
699,Grace Assard,5160 Eagle Crest Trail,19610,PA,gassardje@abc.net.au
700,Jessalyn Sawer,61 Rusk Hill,48107,MI,jsawerjf@ucla.edu
701,Catrina Grund,6116 Amoth Street,06922,CT,cgrundjg@nytimes.com
702,Sky Matuska,8 Donald Pass,78715,TX,smatuskajh@miitbeian.gov.cn
703,Rodrique Cressingham,07 Sherman Point,95838,CA,rcressinghamji@newsvine.com
704,Yorke Pariss,8 Cascade Place,55146,MN,yparissjj@psu.edu
705,Flemming Lummis,53 Michigan Lane,27264,NC,flummisjk@about.me
706,Buddie Bendix,03 Spenser Junction,78475,TX,bbendixjl@ucla.edu
707,Isaak Father,91790 Ohio Park,96810,HI,ifatherjm@oracle.com
708,Trixi Simondson,01 Dovetail Crossing,45238,OH,tsimondsonjn@mac.com
709,Grantley Stranieri,2597 Melby Park,47905,IN,gstranierijo@telegraph.co.uk
710,Elyn Jeafferson,22808 Kipling Center,02114,MA,ejeaffersonjp@elegantthemes.com
711,Catherin Mapp,87 Nobel Center,33982,FL,cmappjq@wikia.com
712,Wilona Castelin,4 Golf Course Hill,15279,PA,wcastelinjr@dagondesign.com
713,Hodge Dunbobin,9 Corry Crossing,91606,CA,hdunbobinjs@netlog.com
714,Allard Wyeld,21802 American Ash Pass,40225,KY,awyeldjt@guardian.co.uk
715,Tabbi Kingett,5819 Florence Crossing,33405,FL,tkingettju@sourceforge.net
716,Con Lordon,7177 Lien Place,92555,CA,clordonjv@apache.org
717,Carlee Maystone,881 Anniversary Hill,77346,TX,cmaystonejw@wired.com
718,Renata Bahde,76 Sunfield Circle,22405,VA,rbahdejx@amazon.co.jp
719,Maddi Laurencot,83762 2nd Street,52410,IA,mlaurencotjy@ihg.com
720,Ruby Broomer,47288 Scoville Street,43220,OH,rbroomerjz@usatoday.com
721,Anneliese Gini,9314 Arkansas Parkway,20392,DC,aginik0@hatena.ne.jp
722,Kinnie Jobe,7159 Hoard Lane,11247,NY,kjobek1@prweb.com
723,Bria Ferraro,4332 Sycamore Court,31119,GA,bferrarok2@imgur.com
724,Tobe Kinnock,20 Spohn Trail,93778,CA,tkinnockk3@bizjournals.com
725,Jania Terris,0695 Service Lane,75241,TX,jterrisk4@rakuten.co.jp
726,Lilla Minghi,566 Paget Park,55114,MN,lminghik5@linkedin.com
727,Thatcher MacGruer,172 Oakridge Alley,02203,MA,tmacgruerk6@dmoz.org
728,Matt Dallas,414 Montana Crossing,25711,WV,mdallask7@freewebs.com
729,Brien Snoden,1382 Lien Way,79491,TX,bsnodenk8@google.com.au
730,Gaelan Mackinder,802 Thompson Parkway,45238,OH,gmackinderk9@about.me
731,Colver Abel,45 Manufacturers Plaza,32236,FL,cabelka@bravesites.com
732,Clem Baudasso,8083 New Castle Place,14646,NY,cbaudassokb@archive.org
733,Joly Beggini,8992 3rd Street,25336,WV,jbegginikc@cocolog-nifty.com
734,Kristin Anscombe,526 Village Green Parkway,62205,IL,kanscombekd@bizjournals.com
735,Libby Fattorini,9 Towne Center,78759,TX,lfattorinike@meetup.com
736,Abie Licciardo,18 Crowley Road,89166,NV,alicciardokf@t-online.de
737,Becky Rives,352 Merchant Junction,90398,CA,briveskg@huffingtonpost.com
738,Geno Witherow,956 Lakeland Alley,90030,CA,gwitherowkh@wikispaces.com
739,Harbert Epton,7926 Mallory Drive,78245,TX,heptonki@nydailynews.com
740,Thekla Lovering,0 Magdeline Lane,46221,IN,tloveringkj@indiegogo.com
741,Berkley Smittoune,389 Hudson Junction,39404,MS,bsmittounekk@yellowbook.com
742,Jillayne McLugaish,31138 Granby Parkway,06145,CT,jmclugaishkl@godaddy.com
743,Iormina Matuszkiewicz,8259 Hoepker Hill,93386,CA,imatuszkiewiczkm@vinaora.com
744,Scottie Cappel,6 Anniversary Drive,45249,OH,scappelkn@pagesperso-orange.fr
745,Isobel Bissill,5 Crownhardt Crossing,95818,CA,ibissillko@springer.com
746,Misha Shorte,38 Debra Court,37914,TN,mshortekp@bigcartel.com
747,Jordon Sallis,09224 Glendale Court,88006,NM,jsalliskq@bandcamp.com
748,Solomon Bowskill,7 Namekagon Avenue,02905,RI,sbowskillkr@reference.com
749,Olive Mantha,7 Eastlawn Court,77223,TX,omanthaks@psu.edu
750,Adelle Patis,307 Schmedeman Alley,23242,VA,apatiskt@cisco.com
751,Artie Kohn,770 Duke Center,97221,OR,akohnku@diigo.com
752,Jamaal Gleadhall,8 Canary Park,29615,SC,jgleadhallkv@pcworld.com
753,Aubrie Honisch,78144 Doe Crossing Plaza,43226,OH,ahonischkw@ca.gov
754,Eva Tchaikovsky,822 Sage Point,64160,MO,etchaikovskykx@engadget.com
755,Stuart Magor,21941 Nelson Circle,94121,CA,smagorky@t.co
756,Jorry Bortoli,1 East Junction,46221,IN,jbortolikz@fda.gov
757,Anet Phillippo,327 Porter Street,77050,TX,aphillippol0@shinystat.com
758,Devina Langman,87 Sage Plaza,33972,FL,dlangmanl1@canalblog.com
759,Crawford McPhee,63 Namekagon Road,20088,DC,cmcpheel2@biblegateway.com
760,Violet Height,0156 Morningstar Crossing,89105,NV,vheightl3@boston.com
761,Melly Klaiser,3827 Lakeland Lane,98148,WA,mklaiserl4@ucoz.ru
762,Lemuel Stearn,8 American Crossing,85020,AZ,lstearnl5@shutterfly.com
763,Maurise O'Duane,58541 Quincy Court,88530,TX,moduanel6@scribd.com
764,Layton Henstone,79291 Ridgeway Street,66699,KS,lhenstonel7@bloomberg.com
765,Gipsy Pastor,5 Eastwood Park,80951,CO,gpastorl8@jimdo.com
766,Yevette Tolumello,174 Monica Point,33811,FL,ytolumellol9@cafepress.com
767,Daniela Saffrin,1 1st Center,46221,IN,dsaffrinla@ucoz.com
768,Redford Hatfull,4758 Fieldstone Circle,34981,FL,rhatfulllb@reverbnation.com
769,Reena Boss,6 Debra Terrace,29203,SC,rbosslc@tripadvisor.com
770,Cy Skillicorn,98480 Lunder Trail,10060,NY,cskillicornld@1und1.de
771,Doyle Burwin,94513 Bartillon Circle,45223,OH,dburwinle@free.fr
772,Rafaelita Walisiak,34052 Schlimgen Parkway,68510,NE,rwalisiaklf@rakuten.co.jp
773,Agnola Zarfati,39439 Northridge Pass,91109,CA,azarfatilg@reverbnation.com
774,Sergei Acreman,403 Derek Parkway,31165,GA,sacremanlh@ca.gov
775,Shirline Kidstoun,198 Del Sol Terrace,94913,CA,skidstounli@constantcontact.com
776,Baryram Bellini,3 Welch Road,70174,LA,bbellinilj@youtu.be
777,Staffard Blay,849 Crescent Oaks Street,81005,CO,sblaylk@shutterfly.com
778,Dahlia Glusby,20524 Golf View Parkway,15235,PA,dglusbyll@de.vu
779,Francisco Boken,4648 Victoria Road,07305,NJ,fbokenlm@army.mil
780,Olivie Novotni,996 Homewood Park,15220,PA,onovotniln@friendfeed.com
781,Brockie Lghan,073 Bayside Crossing,93715,CA,blghanlo@about.me
782,Roddie Hanway,3 Cardinal Pass,32092,FL,rhanwaylp@theatlantic.com
783,Myrtie O'Sheerin,94437 Oak Valley Point,20005,DC,mosheerinlq@youtube.com
784,Yancey Hartfield,29956 Welch Junction,55441,MN,yhartfieldlr@imgur.com
785,Carmina Mattiazzo,20 Rigney Drive,53234,WI,cmattiazzols@sitemeter.com
786,Noel Linwood,94 Birchwood Center,50936,IA,nlinwoodlt@smh.com.au
787,Chen Garrood,2019 Northport Point,20099,DC,cgarroodlu@blinklist.com
788,Miltie Hurich,729 Ilene Pass,46239,IN,mhurichlv@networkadvertising.org
789,Gussi Castledine,6 Aberg Circle,94975,CA,gcastledinelw@sphinn.com
790,Dalila Newgrosh,5867 Canary Road,73129,OK,dnewgroshlx@is.gd
791,Lynne Blaszczak,9237 Kings Parkway,10606,NY,lblaszczakly@friendfeed.com
792,Yale Janiszewski,7456 Killdeer Terrace,43615,OH,yjaniszewskilz@sun.com
793,Jean Westmancoat,4348 Jana Terrace,01905,MA,jwestmancoatm0@e-recht24.de
794,Arabel Sherringham,1864 Crowley Terrace,40618,KY,asherringhamm1@dropbox.com
795,Iona Sandever,92612 Meadow Ridge Terrace,63169,MO,isandeverm2@typepad.com
796,Stuart Dewane,2 Barnett Parkway,43635,OH,sdewanem3@cpanel.net
797,Halley Assinder,4614 Pepper Wood Point,20892,MD,hassinderm4@npr.org
798,Idalia Coneau,50 5th Avenue,46226,IN,iconeaum5@meetup.com
799,Heindrick Batrop,25 International Park,20719,MD,hbatropm6@nydailynews.com
800,Niels Edess,11 American Trail,16550,PA,nedessm7@discovery.com
801,Mac Wyldbore,016 Anhalt Circle,40581,KY,mwyldborem8@sakura.ne.jp
802,Penn Prazor,825 Brickson Park Alley,97211,OR,pprazorm9@privacy.gov.au
803,Tamra Hemstead,917 Lawn Center,77493,TX,themsteadma@taobao.com
804,Zachariah Fardon,96372 Debs Drive,88006,NM,zfardonmb@google.de
805,Robinet Burgh,5 Burrows Trail,33405,FL,rburghmc@example.com
806,Ham Mulder,87 Duke Avenue,47405,IN,hmuldermd@nymag.com
807,Bobby Tainton,68 Elgar Pass,40745,KY,btaintonme@networkadvertising.org
808,Llewellyn Brenstuhl,2 Veith Pass,68134,NE,lbrenstuhlmf@tuttocitta.it
809,Marcille Rodd,3511 Dryden Center,89550,NV,mroddmg@vk.com
810,Joella Batrim,7142 Brown Hill,65805,MO,jbatrimmh@github.io
811,Shaughn Dickerline,31122 Kedzie Way,85748,AZ,sdickerlinemi@google.pl
812,Gussy Howchin,200 Pawling Drive,91499,CA,ghowchinmj@wsj.com
813,Doralyn Nijssen,95421 Nancy Circle,78710,TX,dnijssenmk@wordpress.com
814,Miller Puckrin,413 Grim Circle,08650,NJ,mpuckrinml@vinaora.com
815,Corri Skirling,9587 Northview Road,45408,OH,cskirlingmm@goo.gl
816,Guenna Stang-Gjertsen,448 Farwell Street,50369,IA,gstanggjertsenmn@infoseek.co.jp
817,Jonathan Petchey,0 Mandrake Road,58106,ND,jpetcheymo@nytimes.com
818,Rycca Zucker,74157 Loomis Way,20918,MD,rzuckermp@sogou.com
819,Perle Pollicott,060 Bonner Park,97201,OR,ppollicottmq@baidu.com
820,Otis Hardes,707 Nevada Place,79955,TX,ohardesmr@vk.com
821,Nelly Brisard,1 Porter Point,76544,TX,nbrisardms@baidu.com
822,Amandie Ragbourne,3606 Pierstorff Court,92424,CA,aragbournemt@nature.com
823,My Sulter,805 Garrison Plaza,15210,PA,msultermu@house.gov
824,Pepi Poulgreen,36754 Pond Point,70005,LA,ppoulgreenmv@qq.com
825,Melody Arro,741 Anhalt Crossing,55441,MN,marromw@reddit.com
826,Erin Parkhouse,7 Sutteridge Street,94297,CA,eparkhousemx@sciencedaily.com
827,Edi Evemy,24222 Blue Bill Park Plaza,77493,TX,eevemymy@mtv.com
828,Florrie Fobidge,24 Gina Street,79705,TX,ffobidgemz@issuu.com
829,Vivyanne Godding,0 John Wall Lane,10203,NY,vgoddingn0@foxnews.com
830,Franchot Mifflin,1 Darwin Junction,76305,TX,fmifflinn1@printfriendly.com
831,Hana Henrot,042 Comanche Pass,08608,NJ,hhenrotn2@amazon.com
832,Issy MacAirt,988 Old Gate Center,38136,TN,imacairtn3@stumbleupon.com
833,Lynea Comben,29498 Clove Junction,75387,TX,lcombenn4@51.la
834,Gardie Troak,382 Annamark Street,80940,CO,gtroakn5@i2i.jp
835,Kiley Faulconer,60103 Mayfield Place,95205,CA,kfaulconern6@apple.com
836,Clea Hughlock,52 Glendale Avenue,38104,TN,chughlockn7@nasa.gov
837,Frants Teenan,63 Harbort Trail,48211,MI,fteenann8@apache.org
838,Vittoria Fransemai,40415 Dovetail Junction,34479,FL,vfransemain9@cbsnews.com
839,Baily Jepps,7 Macpherson Plaza,37215,TN,bjeppsna@ning.com
840,Anatole Hassen,9 Burning Wood Plaza,91103,CA,ahassennb@lycos.com
841,Welbie Ellings,77 Merrick Hill,52405,IA,wellingsnc@exblog.jp
842,Ethe Ferrandez,64 Del Sol Street,31416,GA,eferrandeznd@weebly.com
843,Mirabel Malloch,889 Dayton Road,53215,WI,mmallochne@ed.gov
844,Etta Kinzel,994 Sheridan Trail,35210,AL,ekinzelnf@abc.net.au
845,Meryl Shotton,9 Dunning Place,27409,NC,mshottonng@merriam-webster.com
846,Walt Londing,5722 International Junction,27264,NC,wlondingnh@timesonline.co.uk
847,Nerissa Gorcke,7 Magdeline Avenue,98104,WA,ngorckeni@posterous.com
848,Hunfredo Halleybone,8700 Banding Crossing,77065,TX,hhalleybonenj@sciencedaily.com
849,Cayla Pellamonuten,30023 Crescent Oaks Hill,55166,MN,cpellamonutennk@vimeo.com
850,Maryjo Keenleyside,38 Lawn Drive,57193,SD,mkeenleysidenl@facebook.com
851,Thorstein Brice,839 Buena Vista Court,33405,FL,tbricenm@soundcloud.com
852,Derril Benns,4541 Glendale Crossing,47937,IN,dbennsnn@google.ca
853,Daffi Nevinson,10 Commercial Alley,33710,FL,dnevinsonno@java.com
854,Andria Poynton,972 Sheridan Way,91616,CA,apoyntonnp@drupal.org
855,Leigh Quilter,10 Surrey Junction,28278,NC,lquilternq@bigcartel.com
856,Eugenie Tellenbrok,2917 Sutherland Hill,95138,CA,etellenbroknr@who.int
857,Gregor Meddows,09849 Grim Parkway,44710,OH,gmeddowsns@wunderground.com
858,Cornela Byass,6 Fremont Place,16550,PA,cbyassnt@uiuc.edu
859,Biddie Mendes,7846 Michigan Crossing,56398,MN,bmendesnu@ask.com
860,Staffard Burtwell,7229 School Park,55123,MN,sburtwellnv@mapy.cz
861,Gizela Andrichak,63 Jackson Crossing,95354,CA,gandrichaknw@vinaora.com
862,Cora Ingilson,18478 Crest Line Pass,77271,TX,cingilsonnx@ucoz.com
863,Raimundo Kenyon,5472 Crest Line Way,33245,FL,rkenyonny@networksolutions.com
864,Astrix Flieger,7805 Knutson Place,22047,VA,afliegernz@uol.com.br
865,Diahann Swidenbank,166 Heath Avenue,94712,CA,dswidenbanko0@bing.com
866,Becky Gloyens,01429 Express Plaza,24014,VA,bgloyenso1@flavors.me
867,Brand Dank,4208 Oak Junction,14614,NY,bdanko2@smugmug.com
868,Dall Woodings,0485 West Lane,16534,PA,dwoodingso3@reference.com
869,Othello Pinckney,2 Warner Terrace,79905,TX,opinckneyo4@naver.com
870,Lexi Theuff,43 Maple Pass,16522,PA,ltheuffo5@pagesperso-orange.fr
871,Filmore Pedgrift,1 Warrior Court,20918,MD,fpedgrifto6@google.nl
872,Kevan Dickons,5 Sherman Hill,99507,AK,kdickonso7@rambler.ru
873,Sawyere Stonall,92365 Lillian Terrace,10024,NY,sstonallo8@time.com
874,Woodie Learman,8 Merrick Way,66105,KS,wlearmano9@huffingtonpost.com
875,Ingrim Birtwisle,79143 Morning Terrace,10184,NY,ibirtwisleoa@nsw.gov.au
876,Mead Flacknell,7 Texas Center,32803,FL,mflacknellob@apache.org
877,Glen Tuxill,31 Vahlen Alley,33963,FL,gtuxilloc@ifeng.com
878,Stewart Garmston,32397 Fuller Hill,28278,NC,sgarmstonod@nsw.gov.au
879,Maison Yakebovich,270 Springs Park,35242,AL,myakebovichoe@irs.gov
880,Baxy Creyke,0 Laurel Lane,76192,TX,bcreykeof@desdev.cn
881,Mohandas Giller,9160 Tennyson Junction,27264,NC,mgillerog@mtv.com
882,Shurlocke Peyntue,5 Clyde Gallagher Hill,15274,PA,speyntueoh@cnn.com
883,Silvia Houdhury,53 Meadow Valley Crossing,22903,VA,shoudhuryoi@homestead.com
884,Maurice Espinos,44 Lotheville Junction,37205,TN,mespinosoj@cbslocal.com
885,Gilles Murfett,6752 Welch Crossing,70826,LA,gmurfettok@usatoday.com
886,Lindsy Lymer,040 Rutledge Drive,99709,AK,llymerol@bloglovin.com
887,Anet Shoppee,8919 Transport Drive,04109,ME,ashoppeeom@ovh.net
888,Aurthur Mainston,91781 Brickson Park Park,63116,MO,amainstonon@opera.com
889,Hedwiga Aers,119 Killdeer Hill,67210,KS,haersoo@chronoengine.com
890,Fons Frears,7 Corry Lane,22047,VA,ffrearsop@slate.com
891,Livy Tremayle,94217 Hanson Street,48242,MI,ltremayleoq@cbc.ca
892,Fenelia Dedham,62 Sutteridge Alley,16565,PA,fdedhamor@state.tx.us
893,Reinwald Bovaird,370 Sloan Avenue,53277,WI,rbovairdos@yellowbook.com
894,Concettina Corradeschi,4791 Heffernan Parkway,37931,TN,ccorradeschiot@prlog.org
895,Maison Sissel,63942 Moland Street,30368,GA,msisselou@indiatimes.com
896,Roxanne Friberg,8791 Farragut Plaza,33310,FL,rfribergov@princeton.edu
897,Domeniga Suller,6 Merry Trail,18505,PA,dsullerow@buzzfeed.com
898,Ashleigh Haddleston,9100 Caliangt Terrace,31132,GA,ahaddlestonox@webnode.com
899,Carlin Redon,5882 Village Green Center,76305,TX,credonoy@paginegialle.it
900,Denyse Edbrooke,644 Hayes Court,06140,CT,dedbrookeoz@vinaora.com
901,Vevay Morkham,0205 New Castle Trail,73114,OK,vmorkhamp0@xinhuanet.com
902,Joaquin Delacourt,6587 Canary Circle,62723,IL,jdelacourtp1@google.com.hk
903,Laetitia MacKnockiter,997 Carioca Plaza,89595,NV,lmacknockiterp2@sourceforge.net
904,Pablo Cayzer,7811 Namekagon Lane,60614,IL,pcayzerp3@dropbox.com
905,Kahaleel Griston,6 Nevada Pass,37995,TN,kgristonp4@indiatimes.com
906,Sandra McCreedy,9085 Michigan Junction,91205,CA,smccreedyp5@ebay.com
907,Faustina Handslip,3394 Fair Oaks Avenue,88574,TX,fhandslipp6@sciencedirect.com
908,Adolf Shrive,04 Warbler Plaza,07112,NJ,ashrivep7@samsung.com
909,Siouxie Parsley,25 Waywood Park,10034,NY,sparsleyp8@miibeian.gov.cn
910,Darell Goodbar,935 Messerschmidt Parkway,01152,MA,dgoodbarp9@state.gov
911,Sherill Olsen,18 Loeprich Hill,38114,TN,solsenpa@statcounter.com
912,Cristionna Nafziger,24 Stuart Street,78475,TX,cnafzigerpb@mediafire.com
913,Avrit Gipp,929 Birchwood Parkway,76544,TX,agipppc@arstechnica.com
914,Gilly Thibodeaux,54243 Lakeland Hill,77090,TX,gthibodeauxpd@opensource.org
915,Clayborn Pien,9424 Mosinee Court,91131,CA,cpienpe@apple.com
916,Diana Ervine,390 Messerschmidt Road,79764,TX,dervinepf@wordpress.org
917,Antons Dikels,61 Huxley Center,90025,CA,adikelspg@tripod.com
918,Portia Bielefeld,98602 Erie Avenue,48217,MI,pbielefeldph@va.gov
919,Kellyann Beausang,116 Transport Way,77040,TX,kbeausangpi@prweb.com
920,Morena Chittim,4 Springview Crossing,45408,OH,mchittimpj@ovh.net
921,Didi McGuggy,27990 Gina Trail,02124,MA,dmcguggypk@nps.gov
922,Jenelle Demcik,715 Muir Place,11854,NY,jdemcikpl@privacy.gov.au
923,Bess Crannell,518 Kennedy Circle,48098,MI,bcrannellpm@hostgator.com
924,Hastie McEachern,837 Logan Terrace,40210,KY,hmceachernpn@simplemachines.org
925,Jacinthe Pre,0 Badeau Way,23225,VA,jprepo@tuttocitta.it
926,Byrle Alonso,3 Spohn Terrace,33963,FL,balonsopp@wp.com
927,Rafael Standley,34 Marquette Way,36605,AL,rstandleypq@hud.gov
928,Rhody O'Callaghan,1084 Bobwhite Lane,30045,GA,rocallaghanpr@fda.gov
929,Mariska Bondar,3 Merchant Way,25336,WV,mbondarps@usnews.com
930,Bondy Hebditch,87 Esker Parkway,62205,IL,bhebditchpt@com.com
931,Seamus Shade,53993 Sunfield Crossing,95123,CA,sshadepu@cocolog-nifty.com
932,Ingrid MacKowle,25 Oak Valley Alley,33245,FL,imackowlepv@chicagotribune.com
933,Joni Arpino,0994 Farwell Pass,91606,CA,jarpinopw@diigo.com
934,Jennette Harron,74905 Sutteridge Circle,98405,WA,jharronpx@goo.ne.jp
935,Iona Leggen,3739 Sullivan Lane,11407,NY,ileggenpy@xrea.com
936,Iseabal Stanyard,52103 Manitowish Parkway,11470,NY,istanyardpz@stanford.edu
937,Darlene Malkin,61907 Summerview Drive,46805,IN,dmalkinq0@chicagotribune.com
938,Esme Downgate,9 Leroy Road,31136,GA,edowngateq1@bing.com
939,Laurianne Kleuer,30 Shelley Center,40591,KY,lkleuerq2@youku.com
940,Jenna Westfield,6 2nd Plaza,29424,SC,jwestfieldq3@toplist.cz
941,Filippo Jeacock,68 Morning Park,46278,IN,fjeacockq4@weather.com
942,Caroline Boaler,424 Judy Way,12205,NY,cboalerq5@constantcontact.com
943,Deonne Rouby,957 Dunning Lane,29220,SC,droubyq6@reuters.com
944,Sondra Haynesford,44 Eggendart Lane,46862,IN,shaynesfordq7@weebly.com
945,Ernestine Carmel,3386 Mosinee Terrace,37416,TN,ecarmelq8@webnode.com
946,Brena Crut,56 Kropf Lane,97405,OR,bcrutq9@yandex.ru
947,Standford Klousner,86 Clarendon Way,70179,LA,sklousnerqa@gov.uk
948,Herbie Aggiss,2 Larry Pass,76004,TX,haggissqb@forbes.com
949,Urbano Musker,9 Elgar Park,70183,LA,umuskerqc@amazon.co.uk
950,Duff Haisell,0 Killdeer Drive,10310,NY,dhaisellqd@dedecms.com
951,Galvan Gillford,23 Lighthouse Bay Pass,77045,TX,ggillfordqe@mysql.com
952,Caprice Buckett,16 Lerdahl Hill,45228,OH,cbuckettqf@yolasite.com
953,Saundra Cure,103 Gina Center,14624,NY,scureqg@dropbox.com
954,Mei Aickin,4715 Menomonie Junction,92645,CA,maickinqh@china.com.cn
955,Skippy Ellaway,1 Sachtjen Street,78726,TX,sellawayqi@sfgate.com
956,Roze Vitall,32590 Killdeer Trail,95852,CA,rvitallqj@nydailynews.com
957,Adriaens Rodgier,346 Clemons Plaza,89595,NV,arodgierqk@mit.edu
958,Paddie Ollerenshaw,36 Jenna Center,61656,IL,pollerenshawql@hostgator.com
959,Brice Jacobovitch,0334 Fulton Trail,40256,KY,bjacobovitchqm@dmoz.org
960,Hoyt Portt,4 Larry Road,44705,OH,hporttqn@mac.com
961,Neal Rawdales,73398 North Lane,37215,TN,nrawdalesqo@home.pl
962,Clemmy Liddard,89 Judy Lane,40596,KY,cliddardqp@businessweek.com
963,Bartlett Esel,186 Sunbrook Court,20892,MD,beselqq@mapquest.com
964,Leonie Hoffmann,606 Butterfield Way,12305,NY,lhoffmannqr@mail.ru
965,Dasi Wheatley,7483 Comanche Street,37228,TN,dwheatleyqs@jiathis.com
966,Berni Carse,394 Doe Crossing Place,76011,TX,bcarseqt@japanpost.jp
967,Nariko Iacoviello,2550 Larry Avenue,94280,CA,niacovielloqu@gov.uk
968,Antonie Henriques,69 Clyde Gallagher Plaza,93386,CA,ahenriquesqv@arizona.edu
969,Reynold Oven,89398 Eastwood Junction,40225,KY,rovenqw@vkontakte.ru
970,Skip Bellison,39785 Shelley Avenue,47705,IN,sbellisonqx@stanford.edu
971,Elsy O'Cahill,11 Kings Place,27105,NC,eocahillqy@1und1.de
972,Prudy Asple,2 Russell Trail,92505,CA,paspleqz@instagram.com
973,Hanni Brise,508 Novick Place,96805,HI,hbriser0@imdb.com
974,Cole Fear,5319 Commercial Pass,38197,TN,cfearr1@weebly.com
975,Madlin Rivelon,3 Maple Wood Point,10029,NY,mrivelonr2@wikimedia.org
976,Rosalyn Wondraschek,8855 Heath Park,19136,PA,rwondraschekr3@shinystat.com
977,Germaine Bernier,8916 Linden Alley,85748,AZ,gbernierr4@lulu.com
978,Ashlin Gilchrest,75 Mariners Cove Pass,55573,MN,agilchrestr5@rediff.com
979,Aila Thickins,02 Atwood Road,91125,CA,athickinsr6@booking.com
980,Blondy Warrender,30 Kedzie Place,29505,SC,bwarrenderr7@marketwatch.com
981,Irma Swanger,362 Gulseth Lane,48901,MI,iswangerr8@tumblr.com
982,Jackquelin MacConnal,33 Talmadge Hill,45490,OH,jmacconnalr9@netvibes.com
983,Layne Cockley,21725 Harper Circle,37405,TN,lcockleyra@blogtalkradio.com
984,Ursuline Keirl,92 Lakeland Road,11210,NY,ukeirlrb@go.com
985,Micheline Doddridge,90 Sauthoff Avenue,02142,MA,mdoddridgerc@zimbio.com
986,Carly Grayland,3 Russell Alley,66225,KS,cgraylandrd@comsenz.com
987,Jacintha Godard,6 Gale Court,73114,OK,jgodardre@latimes.com
988,Aldric McTurk,1883 Rieder Alley,19610,PA,amcturkrf@bandcamp.com
989,Sadye Braunroth,9 Havey Trail,20299,DC,sbraunrothrg@bravesites.com
990,Sheena Eddisford,32 Shelley Street,65110,MO,seddisfordrh@tinyurl.com
991,Adria McKintosh,03 Maryland Court,98464,WA,amckintoshri@nytimes.com
992,Ginny Lafaye,253 Dorton Hill,85720,AZ,glafayerj@go.com
993,Aubert Jewel,94 Brickson Park Way,84199,UT,ajewelrk@arizona.edu
994,Bucky Maccraw,876 Arrowood Center,24048,VA,bmaccrawrl@altervista.org
995,Dilly Collop,80208 Lien Court,12247,NY,dcolloprm@qq.com
996,Merilyn Holligan,16 Washington Street,95405,CA,mholliganrn@csmonitor.com
997,Abraham Radage,62 Dorton Terrace,33305,FL,aradagero@marketwatch.com
998,Jenilee Lepoidevin,7483 Havey Terrace,62525,IL,jlepoidevinrp@time.com
999,Adele Tipper,86640 Artisan Lane,10105,NY,atipperrq@symantec.com
1000,Holt Moralas,1 Lindbergh Lane,16510,PA,hmoralasrr@icio.us
