id,name,address,zipcode,state,email
1,Nataniel Kennaird,046 Paget Crossing,11024,NY,nkennaird0@icq.com
2,Bartholemy Mullineux,56763 Moland Drive,27105,NC,bmullineux1@vkontakte.ru
3,Micheal Eastabrook,6157 Leroy Pass,77045,TX,meastabrook2@theatlantic.com
4,Nessa Regitz,3 Buena Vista Road,18768,PA,nregitz3@nationalgeographic.com
5,Ardisj Connors,106 Mcguire Hill,89130,NV,aconnors4@fc2.com
6,Orbadiah Housen,8705 Lakewood Gardens Crossing,68524,NE,ohousen5@sohu.com
7,Conrado Akenhead,9 Lake View Place,30096,GA,cakenhead6@nbcnews.com
8,Car Lawrie,8436 Transport Center,06673,CT,clawrie7@trellian.com
9,Franz Revett,045 Waywood Drive,48901,MI,frevett8@de.vu
10,Bree Kleinplac,105 Dovetail Center,90035,CA,bkleinplac9@apache.org
11,Rachele Laden,28 Onsgard Lane,95852,CA,rladena@home.pl
12,Hurleigh Winnister,93 Amoth Center,87592,NM,hwinnisterb@xrea.com
13,Adrian Planque,82308 Valley Edge Pass,77050,TX,aplanquec@oaic.gov.au
14,Reagen Goodenough,74486 Arapahoe Park,14905,NY,rgoodenoughd@tumblr.com
15,Izak Vertigan,31511 Oriole Hill,06140,CT,ivertigane@imgur.com
16,Guglielma Tamlett,58100 Loomis Alley,71307,LA,gtamlettf@imgur.com
17,Codie Dunham,3 Westport Drive,19141,PA,cdunhamg@usgs.gov
18,Percy Younge,6315 Surrey Junction,65898,MO,pyoungeh@barnesandnoble.com
19,Nichole Hucks,7 Barby Center,30033,GA,nhucksi@chron.com
20,Gayleen Skill,57084 Stoughton Trail,22184,VA,gskillj@earthlink.net
21,Troy Wedon,2 Union Circle,47812,IN,twedonk@unblog.fr
22,Andonis Brain,80427 Mallard Junction,50369,IA,abrainl@gizmodo.com
23,Blanch Mockes,575 Florence Plaza,63158,MO,bmockesm@ihg.com
24,Brandon Dafydd,62025 Mayfield Alley,32526,FL,bdafyddn@umich.edu
25,Rosamond Jewiss,5 West Pass,55188,MN,rjewisso@geocities.jp
26,Filia O'Sheilds,9014 Tennyson Lane,01654,MA,fosheildsp@networkadvertising.org
27,Terza Alcorn,7329 Northland Pass,80951,CO,talcornq@webeden.co.uk
28,Chloe Fifield,4566 Rockefeller Hill,02305,MA,cfifieldr@zimbio.com
29,Ninetta Ouldred,79590 Mccormick Trail,33625,FL,nouldreds@census.gov
30,Bondie Cars,81 Utah Place,82007,WY,bcarst@so-net.ne.jp
31,Siusan Groll,19154 Manufacturers Road,72222,AR,sgrollu@google.co.uk
32,Francisco Schild,0694 Pennsylvania Place,84152,UT,fschildv@weebly.com
33,Shandy Charley,39 Clarendon Parkway,60158,IL,scharleyw@weather.com
34,Morlee Pettis,97077 Holy Cross Park,79116,TX,mpettisx@1und1.de
35,Feliza Cottis,399 Debra Pass,44760,OH,fcottisy@360.cn
36,Mathilda Indge,6705 Gina Junction,92196,CA,mindgez@ucoz.com
37,Jacinda Gogerty,77982 Harper Place,80127,CO,jgogerty10@cam.ac.uk
38,Merrielle Ginnaly,4 Onsgard Crossing,59112,MT,mginnaly11@blogs.com
39,Jocelyn Jahncke,4 Gulseth Circle,40233,KY,jjahncke12@amazon.de
40,Wright Jamblin,0 Nobel Park,10014,NY,wjamblin13@ocn.ne.jp
41,Ninette Bowery,53827 Lakeland Way,89036,NV,nbowery14@ted.com
42,Rainer Courtese,215 Arapahoe Plaza,03105,NH,rcourtese15@jigsy.com
43,Ulberto Kleimt,89 Becker Point,89714,NV,ukleimt16@biblegateway.com
44,Nicoline Summerlie,98 Vera Street,43635,OH,nsummerlie17@answers.com
45,Barby Dametti,938 Forest Dale Parkway,73124,OK,bdametti18@sbwire.com
46,Elwira Dumper,98 Prentice Point,62205,IL,edumper19@howstuffworks.com
47,Shanan Sandars,91 Surrey Drive,10175,NY,ssandars1a@mail.ru
48,Murdoch Kendall,3336 Clarendon Alley,38143,TN,mkendall1b@ftc.gov
49,Jonah Hambleton,2 Scott Alley,06145,CT,jhambleton1c@theglobeandmail.com
50,Malorie Bertholin,59 Karstens Alley,33345,FL,mbertholin1d@mit.edu
51,Curt Gatley,88 Banding Terrace,64504,MO,cgatley1e@t-online.de
52,Zebadiah Petrolli,0 Waxwing Crossing,33954,FL,zpetrolli1f@netscape.com
53,Linnell Windaybank,0 Aberg Junction,79605,TX,lwindaybank1g@wsj.com
54,Kin Wiley,074 Fairview Terrace,83705,ID,kwiley1h@ucoz.com
55,Carr Hartzenberg,41 Gale Place,06859,CT,chartzenberg1i@miitbeian.gov.cn
56,Shurwood Biddwell,3 Monterey Way,88574,TX,sbiddwell1j@nih.gov
57,Saidee Howchin,374 Vernon Park,76305,TX,showchin1k@4shared.com
58,Raff Stanyard,50725 Merchant Trail,46867,IN,rstanyard1l@soup.io
59,Micaela Knowlman,86 Kenwood Center,85030,AZ,mknowlman1m@comcast.net
60,Germayne Fliege,41408 Merchant Point,12237,NY,gfliege1n@ustream.tv
61,Virginia Patrone,10 North Alley,88569,TX,vpatrone1o@fastcompany.com
62,Natalya Espinosa,1669 Gale Court,92170,CA,nespinosa1p@hatena.ne.jp
63,Ashlan Toten,352 Oak Valley Park,29203,SC,atoten1q@dell.com
64,Patin Carragher,49692 Coolidge Hill,28235,NC,pcarragher1r@wp.com
65,Warner Smeeth,02027 Gina Street,44191,OH,wsmeeth1s@tamu.edu
66,Dolley Peyto,643 Vermont Drive,77015,TX,dpeyto1t@rambler.ru
67,Linus Vanyushkin,8790 Badeau Parkway,99812,AK,lvanyushkin1u@behance.net
68,Dalia Arkle,44 Waubesa Pass,30368,GA,darkle1v@globo.com
69,Grange Quixley,729 Sycamore Lane,33141,FL,gquixley1w@mac.com
70,Shir Bosence,5 Randy Trail,55127,MN,sbosence1x@smh.com.au
71,Marcela Jaxon,051 Roxbury Crossing,92519,CA,mjaxon1y@ibm.com
72,Allyn Matherson,4 Fairview Place,19805,DE,amatherson1z@nature.com
73,Den Jannings,6 Emmet Park,95852,CA,djannings20@skyrock.com
74,Anthia Jandl,2273 Cody Junction,39505,MS,ajandl21@wp.com
75,Beth Spon,1 Dayton Alley,79940,TX,bspon22@un.org
76,Silvester Buckie,181 Express Point,70154,LA,sbuckie23@jiathis.com
77,Shanda Beecraft,3 Ramsey Junction,20057,DC,sbeecraft24@dot.gov
78,Neron Gomer,2914 Dexter Park,33758,FL,ngomer25@flavors.me
79,Ringo Kennett,79 Towne Hill,39282,MS,rkennett26@ucoz.com
80,Marty Gerish,27 Little Fleur Court,13505,NY,mgerish27@squarespace.com
81,Susann Basillon,7788 Holy Cross Court,12232,NY,sbasillon28@statcounter.com
82,Sabina Cicchitello,45835 Monica Road,55428,MN,scicchitello29@skyrock.com
83,Kingsly Raeburn,13 Northport Court,20575,DC,kraeburn2a@vinaora.com
84,Susanne O'Teague,517 Stone Corner Court,33355,FL,soteague2b@wordpress.com
85,Sutherland Jeffcoate,4 Clemons Center,46699,IN,sjeffcoate2c@mozilla.com
86,Demetre Spoole,39455 West Street,38161,TN,dspoole2d@pagesperso-orange.fr
87,Jere De Malchar,492 Morningstar Trail,37924,TN,jde2e@youku.com
88,Blanche Crady,55 8th Court,55412,MN,bcrady2f@chron.com
89,Christopher Jenton,3 Schiller Pass,57188,SD,cjenton2g@sitemeter.com
90,Freeland Derkes,55021 Morningstar Place,71130,LA,fderkes2h@live.com
91,Janeczka Wicklen,321 Meadow Ridge Crossing,37605,TN,jwicklen2i@latimes.com
92,Mattheus Dobbyn,13408 Acker Drive,37919,TN,mdobbyn2j@dell.com
93,Trudi Anstice,342 Northridge Circle,53779,WI,tanstice2k@pcworld.com
94,Haywood McEvon,0318 Lighthouse Bay Drive,53220,WI,hmcevon2l@dedecms.com
95,Davine McHaffy,62 Derek Drive,40745,KY,dmchaffy2m@shinystat.com
96,Garrot Lathbury,7 Buena Vista Street,94121,CA,glathbury2n@illinois.edu
97,Reinold Cinelli,6902 Stephen Crossing,52809,IA,rcinelli2o@ihg.com
98,Erek de Clercq,9962 Haas Alley,50369,IA,ede2p@typepad.com
99,Julie Isakowicz,775 Superior Hill,44485,OH,jisakowicz2q@yolasite.com
100,Hugh Hanigan,8164 Blue Bill Park Crossing,60641,IL,hhanigan2r@fda.gov
101,Berny Cowlishaw,0 Armistice Terrace,53210,WI,bcowlishaw2s@spotify.com
102,Marlee Rummer,27218 Michigan Lane,50981,IA,mrummer2t@nymag.com
103,Leese Pillans,1 Crownhardt Plaza,25305,WV,lpillans2u@apache.org
104,Vincent Joyner,46433 Cherokee Park,10115,NY,vjoyner2v@goodreads.com
105,Burlie Laimable,1 Canary Lane,32590,FL,blaimable2w@chronoengine.com
106,Vladimir Tropman,1 Clemons Place,45408,OH,vtropman2x@mediafire.com
107,Vinny Say,8168 Luster Circle,20310,DC,vsay2y@nps.gov
108,Lorry Safhill,5069 Vahlen Circle,46231,IN,lsafhill2z@cafepress.com
109,Trevar Porter,542 Fairview Park,32399,FL,tporter30@tmall.com
110,Morlee Febry,00375 Forest Run Drive,14215,NY,mfebry31@digg.com
111,Carlyn Curtayne,3385 Judy Plaza,25709,WV,ccurtayne32@shareasale.com
112,Tito Aharoni,2756 Carey Trail,10249,NY,taharoni33@twitpic.com
113,Merle Ryburn,33077 Division Point,32399,FL,mryburn34@reverbnation.com
114,Juan Tawton,0 Sundown Pass,58106,ND,jtawton35@gov.uk
115,Vere Wooderson,027 Jackson Way,89087,NV,vwooderson36@ucsd.edu
116,Melania Chesswas,815 Sutteridge Drive,64190,MO,mchesswas37@zimbio.com
117,Ilsa Craigg,8 Schurz Trail,37995,TN,icraigg38@google.ca
118,Cassius Bayston,6593 Alpine Center,60435,IL,cbayston39@eepurl.com
119,Micah Meacher,1 Lukken Way,16550,PA,mmeacher3a@lulu.com
120,Stinky Kuhnwald,7 Gina Parkway,33906,FL,skuhnwald3b@imageshack.us
121,Jammal Beever,7 Brentwood Avenue,48555,MI,jbeever3c@addtoany.com
122,Maryjane Robertacci,742 Marquette Lane,70187,LA,mrobertacci3d@people.com.cn
123,Emmerich Oleksiak,16509 Packers Terrace,71151,LA,eoleksiak3e@go.com
124,Buckie Tritton,26 Eastwood Road,20918,MD,btritton3f@nhs.uk
125,Denny Ayliff,1070 Sauthoff Way,96820,HI,dayliff3g@taobao.com
126,Kassandra Leslie,1818 Ryan Pass,90035,CA,kleslie3h@gizmodo.com
127,Quinn Skeeles,1757 Superior Junction,85215,AZ,qskeeles3i@diigo.com
128,Magdalene Reedy,04460 Summerview Way,34233,FL,mreedy3j@nps.gov
129,Theobald MacCardle,9349 Forest Run Alley,97271,OR,tmaccardle3k@cam.ac.uk
130,Billy Faunch,686 Hauk Trail,23260,VA,bfaunch3l@nyu.edu
131,Melisent Swatridge,1305 Moulton Hill,99220,WA,mswatridge3m@ox.ac.uk
132,Belva Smeaton,9275 Granby Court,12210,NY,bsmeaton3n@github.io
133,Barret Zarfai,93033 Colorado Alley,37245,TN,bzarfai3o@wiley.com
134,Iver Van Son,2164 Clarendon Parkway,98121,WA,ivan3p@lulu.com
135,Rona Lornsen,98 Roxbury Parkway,33633,FL,rlornsen3q@stanford.edu
136,Godard Wheeler,44981 Crownhardt Hill,61825,IL,gwheeler3r@samsung.com
137,Reiko Fearby,509 Starling Drive,33994,FL,rfearby3s@phpbb.com
138,Brier Moquin,9 Dayton Trail,22301,VA,bmoquin3t@phpbb.com
139,Krysta Rosentholer,1 Barby Road,77201,TX,krosentholer3u@surveymonkey.com
140,Esteban Dupree,6623 Banding Road,46226,IN,edupree3v@patch.com
141,Joanie Menichillo,76 Hanover Crossing,33023,FL,jmenichillo3w@aol.com
142,Vevay Jakubowicz,8 Arrowood Trail,85210,AZ,vjakubowicz3x@lycos.com
143,Clarette MacLardie,3588 Shopko Center,19160,PA,cmaclardie3y@princeton.edu
144,Marjy Brockelsby,50 Lien Park,10131,NY,mbrockelsby3z@blogtalkradio.com
145,Baily McGenn,5 Prairie Rose Center,07522,NJ,bmcgenn40@smugmug.com
146,Gale Laise,1736 Fieldstone Circle,37416,TN,glaise41@yale.edu
147,Robbie Carhart,10 Hintze Avenue,92013,CA,rcarhart42@photobucket.com
148,Catriona Tunnicliff,176 Mallard Trail,31217,GA,ctunnicliff43@guardian.co.uk
149,Milton Brocking,3 Mallard Road,11231,NY,mbrocking44@i2i.jp
150,Noni Brownsea,8 Continental Alley,64160,MO,nbrownsea45@npr.org
151,Caspar Ecclestone,3842 Darwin Junction,19714,DE,cecclestone46@godaddy.com
152,Toiboid Alesio,9 Golf Course Parkway,73179,OK,talesio47@bandcamp.com
153,Jervis Bloschke,76311 Banding Circle,78783,TX,jbloschke48@unicef.org
154,Carlye Vint,524 Lakewood Place,98158,WA,cvint49@ovh.net
155,Bartie Bilborough,12 Schmedeman Park,31914,GA,bbilborough4a@parallels.com
156,Janette Orred,6557 New Castle Pass,45807,OH,jorred4b@wordpress.org
157,Kristin Donnan,82280 Washington Avenue,91520,CA,kdonnan4c@sun.com
158,Suzann Abrahamson,1343 Shoshone Avenue,44197,OH,sabrahamson4d@squidoo.com
159,Marcelia Crispe,9 Magdeline Terrace,33034,FL,mcrispe4e@vimeo.com
160,Wynnie Broose,44 Barby Parkway,37220,TN,wbroose4f@instagram.com
161,Latisha Goggen,41 Summit Street,22036,VA,lgoggen4g@bing.com
162,Temple Fozzard,53 Bluestem Trail,25389,WV,tfozzard4h@weather.com
163,Sigismundo Szymanowicz,4191 Burrows Pass,93386,CA,sszymanowicz4i@goo.gl
164,Wynn Toleman,268 Del Mar Hill,22903,VA,wtoleman4j@tumblr.com
165,Arnold Matthisson,009 2nd Crossing,06510,CT,amatthisson4k@kickstarter.com
166,Ardyth Braddick,891 Barby Street,93399,CA,abraddick4l@nydailynews.com
167,Reggy Hissie,44755 Nelson Street,73135,OK,rhissie4m@indiatimes.com
168,Royall Angus,507 Red Cloud Crossing,75062,TX,rangus4n@unblog.fr
169,Megen Mohamed,0583 Lillian Circle,73142,OK,mmohamed4o@jugem.jp
170,Eleanore Heaffey,19 Lien Parkway,55407,MN,eheaffey4p@bbb.org
171,Georgie Szymczyk,3 Drewry Street,78255,TX,gszymczyk4q@alexa.com
172,Loralee Marians,6 Raven Center,63196,MO,lmarians4r@ebay.com
173,Michael Bedrosian,5900 Grim Crossing,23705,VA,mbedrosian4s@printfriendly.com
174,Henry Bushaway,07171 Gateway Drive,89436,NV,hbushaway4t@vinaora.com
175,Gerik Storch,0 Bartelt Parkway,34615,FL,gstorch4u@tinypic.com
176,Cecil Ianiello,93561 Carioca Way,90065,CA,cianiello4v@webnode.com
177,Rebecca Shobbrook,186 Michigan Way,88558,TX,rshobbrook4w@nationalgeographic.com
178,Maurita Cheng,44 Northport Terrace,95133,CA,mcheng4x@mozilla.org
179,Hillel Hug,37220 Sundown Point,47719,IN,hhug4y@angelfire.com
180,Ellsworth McTrusty,2 Delaware Lane,30380,GA,emctrusty4z@cnbc.com
181,Heather Priest,24 Stoughton Road,27415,NC,hpriest50@issuu.com
182,Hannie Carlone,009 Bultman Alley,34102,FL,hcarlone51@china.com.cn
183,Marie Schlag,87 Grayhawk Point,55114,MN,mschlag52@wufoo.com
184,Barnaby Kinson,56843 Ridgeview Hill,73135,OK,bkinson53@home.pl
185,Aurelie Hellard,119 Thierer Crossing,32803,FL,ahellard54@statcounter.com
186,Vi Fass,2 Oak Valley Center,98166,WA,vfass55@ftc.gov
187,Frants Glazier,364 Novick Place,24014,VA,fglazier56@so-net.ne.jp
188,Ruben Sheldrake,95 Maple Wood Street,63104,MO,rsheldrake57@com.com
189,Clerissa Gerram,98 Annamark Circle,93034,CA,cgerram58@theguardian.com
190,Hortense Aldine,4295 Morning Pass,79118,TX,haldine59@dagondesign.com
191,Rubi Huxtable,1 Commercial Hill,54313,WI,rhuxtable5a@domainmarket.com
192,Jobie Alans,85 Jenifer Pass,33961,FL,jalans5b@state.tx.us
193,Reginauld Flello,744 Pearson Avenue,75397,TX,rflello5c@blog.com
194,Rayna Jochens,99642 Lukken Crossing,85053,AZ,rjochens5d@wsj.com
195,Imojean Lundie,87691 Mayfield Plaza,49505,MI,ilundie5e@imdb.com
196,Issy Greensted,5 Waubesa Way,20883,MD,igreensted5f@mapquest.com
197,Spencer Tamplin,7943 Mallard Terrace,50315,IA,stamplin5g@technorati.com
198,Callida Hawkswood,82475 Miller Trail,44485,OH,chawkswood5h@hhs.gov
199,Samara Iglesiaz,701 Stone Corner Street,79955,TX,siglesiaz5i@list-manage.com
200,Jacky MacCafferky,0 Bluestem Junction,92705,CA,jmaccafferky5j@bloglovin.com
201,Linnie Batalini,945 Corscot Point,63121,MO,lbatalini5k@about.me
202,Micki Temby,30 Lakewood Alley,55188,MN,mtemby5l@vk.com
203,Byran Shiel,802 Almo Pass,25321,WV,bshiel5m@bloglovin.com
204,Ignazio Hessay,534 Buena Vista Trail,73114,OK,ihessay5n@hubpages.com
205,Tobe Streeten,76793 Ludington Point,77554,TX,tstreeten5o@vimeo.com
206,Grace Flacknoe,45444 North Pass,40591,KY,gflacknoe5p@aboutads.info
207,Layney Hullyer,27194 Killdeer Place,40210,KY,lhullyer5q@cbsnews.com
208,Lawry Pamplin,5091 Sachs Center,80223,CO,lpamplin5r@techcrunch.com
209,Nial Mallaby,8250 Dahle Court,78405,TX,nmallaby5s@shop-pro.jp
210,Bronson Grannell,83719 Warbler Junction,76011,TX,bgrannell5t@simplemachines.org
211,Tallie Grunguer,84 Clemons Way,73197,OK,tgrunguer5u@printfriendly.com
212,Ketti Phette,73822 Mockingbird Street,38119,TN,kphette5v@phoca.cz
213,Jennilee Walsh,962 Pond Pass,75287,TX,jwalsh5w@vkontakte.ru
214,Amara Romagosa,7 School Point,62711,IL,aromagosa5x@soundcloud.com
215,Orbadiah Cornes,5 Barnett Way,20041,DC,ocornes5y@parallels.com
216,Luca Chupin,304 Myrtle Circle,02114,MA,lchupin5z@slate.com
217,Udale Pickrill,24 Comanche Court,32627,FL,upickrill60@hud.gov
218,Cathee Swinburn,5771 Shopko Circle,94250,CA,cswinburn61@ustream.tv
219,Thurston Dunkerley,3647 Mitchell Court,30306,GA,tdunkerley62@time.com
220,Dannie Ubanks,87 Texas Lane,80525,CO,dubanks63@uol.com.br
221,Lavinia Goulbourne,7 Bashford Way,20719,MD,lgoulbourne64@google.com.hk
222,Con Windsor,7471 Brickson Park Terrace,98166,WA,cwindsor65@virginia.edu
223,Tedie Rainey,11 Corscot Pass,87505,NM,trainey66@mit.edu
224,Chadd Phillins,89009 Aberg Road,71130,LA,cphillins67@mayoclinic.com
225,Holden Tredger,76069 Arkansas Plaza,98166,WA,htredger68@wordpress.org
226,Trumaine Amys,1533 Fremont Drive,37235,TN,tamys69@sphinn.com
227,Jake Proudler,78205 Nancy Point,11355,NY,jproudler6a@gnu.org
228,Lilas Cancellieri,9770 Gerald Point,32605,FL,lcancellieri6b@youtu.be
229,Kennan Roskelly,138 Merry Hill,81015,CO,kroskelly6c@gmpg.org
230,Dosi Filyakov,90 Nevada Drive,23459,VA,dfilyakov6d@wikipedia.org
231,Emiline Gutridge,08 Del Mar Park,20067,DC,egutridge6e@etsy.com
232,Artemus Hickinbottom,7589 Schlimgen Street,64082,MO,ahickinbottom6f@canalblog.com
233,Kleon Uvedale,81 Karstens Circle,11215,NY,kuvedale6g@china.com.cn
234,Noemi Rampage,71607 Stoughton Drive,32526,FL,nrampage6h@ed.gov
235,Alix Licari,75331 Hallows Avenue,48956,MI,alicari6i@alexa.com
236,Theodor Soal,84 Moose Crossing,75185,TX,tsoal6j@weather.com
237,Elli Farnhill,7692 Manufacturers Avenue,55114,MN,efarnhill6k@virginia.edu
238,Augustina Paice,70 Saint Paul Drive,36134,AL,apaice6l@merriam-webster.com
239,Iormina Kendle,7587 Hoffman Place,34642,FL,ikendle6m@example.com
240,Bonita Colbrun,4061 Schurz Terrace,56944,DC,bcolbrun6n@free.fr
241,Melisse Schistl,7 Mesta Way,84125,UT,mschistl6o@purevolume.com
242,Arlyn Hurlston,4 Petterle Crossing,77271,TX,ahurlston6p@scribd.com
243,Crawford Reven,49950 Milwaukee Alley,20370,DC,creven6q@sbwire.com
244,Richy Roddick,2910 Gale Road,33543,FL,rroddick6r@unesco.org
245,Lishe Scamadin,520 Straubel Lane,90020,CA,lscamadin6s@google.de
246,Hewe Skydall,226 Rigney Trail,38136,TN,hskydall6t@bravesites.com
247,Earl Mahedy,78886 Amoth Avenue,97201,OR,emahedy6u@hc360.com
248,Erinna Oulner,6347 Vidon Crossing,43268,OH,eoulner6v@mysql.com
249,Jenny Rea,929 Springs Junction,35254,AL,jrea6w@slideshare.net
250,Tiffani Burnhard,7891 Stone Corner Pass,51110,IA,tburnhard6x@biglobe.ne.jp
251,Breanne Moyler,575 Manufacturers Terrace,76198,TX,bmoyler6y@aboutads.info
252,Sasha Quilleash,38 Shoshone Park,94280,CA,squilleash6z@un.org
253,Ruthann Brockest,089 Morningstar Avenue,77030,TX,rbrockest70@wunderground.com
254,Jaymie Enriques,9738 Shoshone Drive,92105,CA,jenriques71@yale.edu
255,Glennis Harrowell,05647 Sunbrook Street,27404,NC,gharrowell72@i2i.jp
256,Frederico Gaddes,8 Prentice Court,89505,NV,fgaddes73@washington.edu
257,Raye Ewbank,988 Dakota Center,29625,SC,rewbank74@discuz.net
258,Debbie Lotte,78 Melrose Park,48126,MI,dlotte75@blogger.com
259,Kean Swinnard,7 Knutson Point,84170,UT,kswinnard76@booking.com
260,Wendi Boscott,50980 Northridge Crossing,60630,IL,wboscott77@blogspot.com
261,Jermaine Culbert,526 Prairieview Plaza,32909,FL,jculbert78@theatlantic.com
262,Tiffy Dutteridge,3 Tony Drive,44125,OH,tdutteridge79@omniture.com
263,Keriann Summerside,72 Cambridge Crossing,75392,TX,ksummerside7a@earthlink.net
264,Davey Fidock,995 Washington Point,80161,CO,dfidock7b@bigcartel.com
265,Titus Crampsey,2 Troy Junction,63136,MO,tcrampsey7c@adobe.com
266,Edee Dudgeon,83939 Schurz Trail,30610,GA,edudgeon7d@census.gov
267,Issie Knewstubb,60427 Wayridge Pass,71151,LA,iknewstubb7e@loc.gov
268,Hartley Luxon,21 Bellgrove Hill,57198,SD,hluxon7f@japanpost.jp
269,Dannie Endricci,5107 Loeprich Drive,94705,CA,dendricci7g@google.ca
270,Dollie Settle,26 Green Ridge Center,77060,TX,dsettle7h@tumblr.com
271,Claudina Iacovacci,10 Meadow Vale Lane,23668,VA,ciacovacci7i@auda.org.au
272,Petronille Wishart,50 Hansons Street,89150,NV,pwishart7j@marketwatch.com
273,Franzen Vickors,219 Moulton Street,95865,CA,fvickors7k@twitter.com
274,Guglielmo Samwayes,842 Barnett Alley,58122,ND,gsamwayes7l@deliciousdays.com
275,Isiahi Wyrill,491 Roxbury Place,55402,MN,iwyrill7m@mozilla.com
276,Britni Houlaghan,898 Sage Point,45426,OH,bhoulaghan7n@cloudflare.com
277,Frederick Vallis,82213 Darwin Circle,89595,NV,fvallis7o@altervista.org
278,Tiertza Dinnis,994 Dennis Hill,07305,NJ,tdinnis7p@imageshack.us
279,Keane Asplin,7 Colorado Place,90310,CA,kasplin7q@4shared.com
280,Padraic Barstow,7042 Farragut Hill,53710,WI,pbarstow7r@mozilla.org
281,Honey Simonnot,90 South Crossing,32304,FL,hsimonnot7s@digg.com
282,Rosella Glas,40513 Troy Park,33610,FL,rglas7t@smugmug.com
283,Minta O' Hanvey,871 Pepper Wood Parkway,20851,MD,mo7u@aol.com
284,Bonnee Ker,376 Waubesa Drive,33124,FL,bker7v@biglobe.ne.jp
285,Annalee Extance,89141 Dakota Trail,30195,GA,aextance7w@tumblr.com
286,Huntlee Emmot,9 Sloan Center,47737,IN,hemmot7x@java.com
287,Guendolen Verey,704 Swallow Circle,77040,TX,gverey7y@hp.com
288,Jenny Sandhill,3041 Grim Hill,92825,CA,jsandhill7z@php.net
289,Jamil Buckerfield,443 Michigan Hill,55557,MN,jbuckerfield80@studiopress.com
290,Shandie Quinn,7112 Grim Alley,36641,AL,squinn81@stumbleupon.com
291,Sarge Kearney,0 Division Lane,58207,ND,skearney82@github.io
292,Nowell Cartlidge,6 Talmadge Pass,38161,TN,ncartlidge83@yolasite.com
293,Antonino Carlozzi,84 Havey Lane,76305,TX,acarlozzi84@tumblr.com
294,Avrom Ballay,3 Gerald Plaza,53710,WI,aballay85@auda.org.au
295,Maritsa Broxholme,556 Bowman Lane,32627,FL,mbroxholme86@sfgate.com
296,Rosanne Summerson,92 Helena Lane,76129,TX,rsummerson87@ucsd.edu
297,Camila Flinn,19 Anzinger Street,33147,FL,cflinn88@privacy.gov.au
298,Gerianna Prosek,79 Clarendon Center,33405,FL,gprosek89@smh.com.au
299,Torrie Jeratt,9793 Randy Avenue,07544,NJ,tjeratt8a@stanford.edu
300,Rory Adamovicz,604 Kim Plaza,34985,FL,radamovicz8b@unc.edu
301,Kamillah Denyukin,36360 Schlimgen Pass,77806,TX,kdenyukin8c@house.gov
302,Rochester Buxey,19 Spaight Junction,97229,OR,rbuxey8d@dell.com
303,Frederich Hirche,526 Kenwood Junction,36616,AL,fhirche8e@yellowbook.com
304,Normy Keetch,361 Larry Crossing,39404,MS,nkeetch8f@soup.io
305,Stevie Houtbie,8952 Tennyson Park,46266,IN,shoutbie8g@mashable.com
306,Rubi Taunton.,79 Hoard Alley,78410,TX,rtaunton8h@columbia.edu
307,Warden Robard,9 Fieldstone Place,58207,ND,wrobard8i@histats.com
308,Roger Basley,864 Blue Bill Park Place,32595,FL,rbasley8j@constantcontact.com
309,Percy Longfield,4515 Old Shore Point,76310,TX,plongfield8k@typepad.com
310,Teddie Keast,98 Arizona Way,28278,NC,tkeast8l@craigslist.org
311,Carlie Fitzpayn,12 Troy Center,35210,AL,cfitzpayn8m@bandcamp.com
312,Ethelyn Oaker,901 Summerview Plaza,89074,NV,eoaker8n@noaa.gov
313,Mallory Pitherick,6599 Lakewood Gardens Court,78732,TX,mpitherick8o@hud.gov
314,Meriel Middas,01 Vahlen Alley,40524,KY,mmiddas8p@tinyurl.com
315,Larisa Chaundy,927 Miller Trail,77206,TX,lchaundy8q@topsy.com
316,Sophi Metterick,7906 Killdeer Crossing,90076,CA,smetterick8r@ow.ly
317,April Emlyn,85241 Eastwood Hill,35215,AL,aemlyn8s@about.com
318,Rodrick Oki,55 Northport Plaza,33742,FL,roki8t@businessinsider.com
319,Debby Benson,01532 Goodland Plaza,33416,FL,dbenson8u@buzzfeed.com
320,Jacintha Spellesy,4 Rusk Way,67220,KS,jspellesy8v@dagondesign.com
321,Dwayne Gingel,97 8th Center,97306,OR,dgingel8w@ocn.ne.jp
322,Cornie Haslewood,0 Dovetail Crossing,83722,ID,chaslewood8x@chicagotribune.com
323,Jonathan Upshall,6 7th Court,02283,MA,jupshall8y@kickstarter.com
324,Kim Grandin,37 Rigney Place,94302,CA,kgrandin8z@ucla.edu
325,Minnaminnie Arnoud,96105 Cordelia Street,95133,CA,marnoud90@sfgate.com
326,Cletis Reubbens,7 Brickson Park Drive,33034,FL,creubbens91@freewebs.com
327,Yurik Desorts,7 Donald Circle,60193,IL,ydesorts92@techcrunch.com
328,Carree Treske,15 Talisman Trail,70033,LA,ctreske93@discuz.net
329,Deane Ratnege,1971 Debs Junction,12232,NY,dratnege94@mail.ru
330,Norine Shilton,7 Columbus Point,40591,KY,nshilton95@acquirethisname.com
331,Kalila Palethorpe,14782 Warbler Court,08619,NJ,kpalethorpe96@shareasale.com
332,Lila Firth,8 Merchant Way,62711,IL,lfirth97@alibaba.com
333,Dawna Meachan,50 Thompson Circle,23225,VA,dmeachan98@hhs.gov
334,Lothario Lowth,66 Sutteridge Circle,73179,OK,llowth99@yahoo.co.jp
335,Ellary Gulberg,765 Sunnyside Terrace,19196,PA,egulberg9a@boston.com
336,Dana Crowter,822 Grasskamp Park,20205,DC,dcrowter9b@nih.gov
337,Noland Streatfield,31 Thierer Avenue,73034,OK,nstreatfield9c@bluehost.com
338,Guthrie Orcas,3529 Killdeer Court,14614,NY,gorcas9d@ebay.co.uk
339,Hallsy Yakobowitch,8 Knutson Trail,79159,TX,hyakobowitch9e@livejournal.com
340,Teriann Nys,8 Brickson Park Road,92640,CA,tnys9f@uiuc.edu
341,Sigismondo Rhucroft,1327 Pine View Hill,72215,AR,srhucroft9g@blogger.com
342,Tessy Ondra,402 Hoepker Plaza,25336,WV,tondra9h@netscape.com
343,Rozella Ellingsworth,674 Haas Junction,68110,NE,rellingsworth9i@bbb.org
344,Krishna Eastlake,27 Magdeline Court,95354,CA,keastlake9j@oakley.com
345,Merlina Kilgallon,447 American Ash Alley,85015,AZ,mkilgallon9k@google.com.au
346,Davy Guiness,8 Maple Street,37919,TN,dguiness9l@123-reg.co.uk
347,Lina Noto,9 Northridge Court,10454,NY,lnoto9m@uiuc.edu
348,Hymie Lober,604 Hallows Circle,90060,CA,hlober9n@hostgator.com
349,Garrek Bragg,3426 Bluejay Crossing,11205,NY,gbragg9o@icq.com
350,Hanan Grishmanov,71 Lakewood Hill,44393,OH,hgrishmanov9p@deviantart.com
351,Aguste Filkin,6383 Park Meadow Place,10203,NY,afilkin9q@w3.org
352,Hadlee Lube,507 Chive Pass,55188,MN,hlube9r@php.net
353,Ludwig Pittle,1012 Mayfield Crossing,22908,VA,lpittle9s@google.co.jp
354,Gayle Kirkbride,0 Crescent Oaks Center,14210,NY,gkirkbride9t@cisco.com
355,Brianne Eadmeades,10507 Lerdahl Way,70183,LA,beadmeades9u@microsoft.com
356,Antonin Bromby,89 Cambridge Alley,13224,NY,abromby9v@prnewswire.com
357,Brodie Garwill,09 Toban Parkway,46202,IN,bgarwill9w@xing.com
358,Cyrille Condit,6022 5th Lane,34102,FL,ccondit9x@github.io
359,Tony Danko,577 Iowa Court,20220,DC,tdanko9y@usgs.gov
360,Lynnelle Izzett,265 Buell Drive,68134,NE,lizzett9z@wp.com
361,Engracia Muglestone,36031 Arkansas Trail,33075,FL,emuglestonea0@tiny.cc
362,Rustin Broadey,473 Meadow Ridge Court,30033,GA,rbroadeya1@examiner.com
363,Bebe Chaffen,50006 Corry Drive,77085,TX,bchaffena2@army.mil
364,Terri-jo McVicar,29 Basil Plaza,19605,PA,tmcvicara3@dailymotion.com
365,Theo Binestead,1 Forest Dale Alley,33129,FL,tbinesteada4@deviantart.com
366,Borg Matschoss,57089 Moose Crossing,88569,TX,bmatschossa5@fc2.com
367,Roxanna Hendin,03415 Service Parkway,90410,CA,rhendina6@networksolutions.com
368,Brander Lockhead,67630 Dorton Park,27404,NC,blockheada7@smh.com.au
369,Faustine Magovern,784 Lindbergh Drive,11210,NY,fmagoverna8@acquirethisname.com
370,Vinny Fiander,994 Drewry Park,20816,MD,vfiandera9@posterous.com
371,Gregoor Fontel,4968 Oxford Avenue,48206,MI,gfontelaa@gmpg.org
372,Elita Bruckstein,6741 Eastlawn Court,25356,WV,ebrucksteinab@booking.com
373,Miller Sidwick,87329 Doe Crossing Place,12222,NY,msidwickac@ycombinator.com
374,Delcine Shovelton,5 Oakridge Junction,11247,NY,dshoveltonad@vimeo.com
375,Zia Roman,31 Kedzie Drive,37220,TN,zromanae@clickbank.net
376,Kimmie Craigg,93880 Mosinee Circle,08619,NJ,kcraiggaf@tinypic.com
377,Carlye Grafton-Herbert,498 Memorial Trail,20319,DC,cgraftonherbertag@amazon.co.jp
378,Erin Antonik,03298 Buell Way,19131,PA,eantonikah@deliciousdays.com
379,Moll Shorte,47 Havey Drive,33763,FL,mshorteai@icio.us
380,Mohandas Castanos,4 Maple Circle,76305,TX,mcastanosaj@gov.uk
381,Romain Daysh,123 Graceland Alley,19136,PA,rdayshak@bigcartel.com
382,Ada Zmitrovich,94555 Sauthoff Lane,76096,TX,azmitrovichal@amazon.co.jp
383,Eloisa Nisco,327 4th Terrace,22036,VA,eniscoam@nytimes.com
384,Rosemarie Thornley,2 Sutherland Plaza,39236,MS,rthornleyan@nps.gov
385,Frannie Barthod,83 Pearson Road,30245,GA,fbarthodao@examiner.com
386,Salem Balden,0 Stoughton Alley,89105,NV,sbaldenap@rambler.ru
387,Eldon Eyam,77168 John Wall Pass,55172,MN,eeyamaq@archive.org
388,Ignace Dagnall,79312 Killdeer Plaza,43231,OH,idagnallar@ustream.tv
389,Kariotta Latham,6880 Cascade Crossing,84140,UT,klathamas@webmd.com
390,Alonzo Vosper,65 Mariners Cove Circle,78285,TX,avosperat@blogger.com
391,Raffarty Ventham,501 Autumn Leaf Point,85210,AZ,rventhamau@indiatimes.com
392,Gilligan Warrilow,2 Dennis Pass,25711,WV,gwarrilowav@sciencedirect.com
393,Nora Mohammad,415 International Court,77050,TX,nmohammadaw@diigo.com
394,Lusa Huitt,45583 Saint Paul Alley,33245,FL,lhuittax@goo.ne.jp
395,Gonzalo Pendered,99398 Lunder Pass,64054,MO,gpendereday@sciencedaily.com
396,Morten Chifney,6372 Welch Terrace,20392,DC,mchifneyaz@cbsnews.com
397,Aida Wrinch,542 Sherman Avenue,61614,IL,awrinchb0@nymag.com
398,Pippy Edmead,2 Oriole Drive,46239,IN,pedmeadb1@a8.net
399,Dirk Gillbanks,46 Hanover Street,60505,IL,dgillbanksb2@fotki.com
400,Tedra Bliss,133 Roth Park,80228,CO,tblissb3@economist.com
401,Lindy Cavan,1844 Summer Ridge Alley,64125,MO,lcavanb4@people.com.cn
402,Othilia Aleksahkin,84 Maryland Plaza,93386,CA,oaleksahkinb5@buzzfeed.com
403,Ty Worcester,4256 Scofield Trail,26505,WV,tworcesterb6@stumbleupon.com
404,Laural Safont,40895 Bellgrove Drive,48242,MI,lsafontb7@nba.com
405,Abba Di Baudi,8388 Shasta Trail,12247,NY,adib8@omniture.com
406,Gerard Wife,7 Dorton Avenue,37410,TN,gwifeb9@4shared.com
407,Imelda Glaysher,7 Veith Center,76110,TX,iglaysherba@state.tx.us
408,Gertrudis Tick,6420 Mendota Junction,05609,VT,gtickbb@smugmug.com
409,Rickie Kenson,9597 Russell Street,40515,KY,rkensonbc@digg.com
410,Claudina McFetridge,140 Kennedy Crossing,19104,PA,cmcfetridgebd@soup.io
411,Kata Ilsley,33384 Boyd Court,30340,GA,kilsleybe@cargocollective.com
412,Debbie Remon,0745 Division Street,21405,MD,dremonbf@free.fr
413,Brandea Newbury,20104 Oneill Park,31704,GA,bnewburybg@oakley.com
414,Sandy Critzen,83035 Debs Place,55458,MN,scritzenbh@noaa.gov
415,Giovanna Bettesworth,16703 Saint Paul Junction,37605,TN,gbettesworthbi@trellian.com
416,Sophey Gipps,7429 Cottonwood Road,93726,CA,sgippsbj@mysql.com
417,Keefe Cockrill,08788 Morningstar Drive,44329,OH,kcockrillbk@surveymonkey.com
418,Farand Duffet,452 Prentice Trail,98464,WA,fduffetbl@homestead.com
419,Irena Shiell,75604 Fairview Parkway,20078,DC,ishiellbm@soup.io
420,Wynne Bagnell,5 Northview Drive,20535,DC,wbagnellbn@amazon.co.uk
421,Mead Clavering,37 Iowa Road,77030,TX,mclaveringbo@linkedin.com
422,Willis Arnefield,3 Fairview Park,31217,GA,warnefieldbp@thetimes.co.uk
423,Abner Fieller,4 Westerfield Plaza,94105,CA,afiellerbq@usatoday.com
424,Barde Kirgan,18 Maple Wood Trail,27658,NC,bkirganbr@istockphoto.com
425,Catina Millichip,01 Northport Alley,60646,IL,cmillichipbs@last.fm
426,Corene Easbie,034 Fuller Way,33906,FL,ceasbiebt@twitter.com
427,Pammie McKenzie,91 Logan Circle,44185,OH,pmckenziebu@springer.com
428,Rosalinde Barca,0901 Crest Line Place,20910,MD,rbarcabv@miibeian.gov.cn
429,Thomasine Francombe,734 Basil Circle,49518,MI,tfrancombebw@drupal.org
430,Rad Proschke,2668 Bowman Street,43210,OH,rproschkebx@amazon.co.uk
431,Hardy Dybbe,5134 Dovetail Hill,44130,OH,hdybbeby@163.com
432,Rosina Eymer,18823 Coolidge Pass,62705,IL,reymerbz@fotki.com
433,Lanna Andersson,0175 Talisman Trail,75231,TX,landerssonc0@newyorker.com
434,Nellie Bowsher,9 Redwing Plaza,33336,FL,nbowsherc1@t.co
435,Brittney Cookes,79 Eagan Street,35242,AL,bcookesc2@admin.ch
436,Marylynne Bleiman,24242 Lawn Circle,15240,PA,mbleimanc3@hao123.com
437,Larissa Trapp,57758 Everett Lane,48126,MI,ltrappc4@sourceforge.net
438,Brady McDuff,8 Huxley Junction,60630,IL,bmcduffc5@ameblo.jp
439,Galvin Kamen,6049 Hermina Place,25709,WV,gkamenc6@huffingtonpost.com
440,Claude Soame,2 Garrison Court,78744,TX,csoamec7@gmpg.org
441,Wanids Linscott,22 Roxbury Road,13205,NY,wlinscottc8@huffingtonpost.com
442,Tarrance Keeltagh,0449 Clarendon Court,83405,ID,tkeeltaghc9@cargocollective.com
443,Yancy Chesterfield,5 Gerald Hill,40576,KY,ychesterfieldca@examiner.com
444,Shoshana Priestland,3061 Morningstar Drive,39282,MS,spriestlandcb@oakley.com
445,Erick Shinfield,40 Rutledge Circle,80310,CO,eshinfieldcc@bluehost.com
446,Veronica Edeler,7 Golden Leaf Park,67210,KS,vedelercd@hud.gov
447,Gery Bream,0 Marquette Alley,20551,DC,gbreamce@multiply.com
448,Roana Marchment,7909 Vidon Drive,44118,OH,rmarchmentcf@fda.gov
449,Leanna Cullity,7 Maple Wood Road,34238,FL,lcullitycg@uiuc.edu
450,Bogart Grigsby,306 Merrick Court,85030,AZ,bgrigsbych@tumblr.com
451,Nealson Postle,8921 Elmside Place,45490,OH,npostleci@soup.io
452,Jareb Pimlett,43 Spenser Way,25356,WV,jpimlettcj@ibm.com
453,Nada Elsdon,80703 Knutson Hill,37210,TN,nelsdonck@miitbeian.gov.cn
454,Morley Wray,44927 Meadow Valley Lane,35805,AL,mwraycl@ebay.com
455,Sisile Graffin,58271 Oak Valley Avenue,80255,CO,sgraffincm@engadget.com
456,Lexis Simonnot,5 Sheridan Court,77095,TX,lsimonnotcn@w3.org
457,Thorsten Turmell,7 Johnson Junction,20566,DC,tturmellco@jimdo.com
458,Didi Haycock,12 Lakewood Avenue,79905,TX,dhaycockcp@123-reg.co.uk
459,Kamillah Peniello,43 Superior Pass,46295,IN,kpeniellocq@nytimes.com
460,Oralia Kobke,616 Dennis Junction,55551,MN,okobkecr@infoseek.co.jp
461,Pippa Volks,54066 Meadow Vale Parkway,84135,UT,pvolkscs@archive.org
462,Arleen Zavattieri,1 Orin Street,66276,KS,azavattierict@google.pl
463,Stavro Wavish,76 Monument Avenue,34479,FL,swavishcu@noaa.gov
464,Giles Plewes,82218 Kedzie Junction,20238,DC,gplewescv@gnu.org
465,Raeann Syred,4843 Delaware Point,80299,CO,rsyredcw@ebay.co.uk
466,Sheff McCutcheon,9036 Welch Drive,85305,AZ,smccutcheoncx@apache.org
467,Mae Keher,23 Forest Run Park,89150,NV,mkehercy@princeton.edu
468,Korry Kinge,331 Eagle Crest Junction,92153,CA,kkingecz@fema.gov
469,Donaugh Boor,6983 Carioca Alley,60646,IL,dboord0@netscape.com
470,Dona O' Quirk,0618 Mandrake Point,27116,NC,dod1@flickr.com
471,Tobye Petrak,0 Fuller Circle,32230,FL,tpetrakd2@trellian.com
472,Sofia Fullalove,0858 Spohn Court,29208,SC,sfullaloved3@multiply.com
473,Rancell Snuggs,05 Burrows Crossing,30195,GA,rsnuggsd4@clickbank.net
474,Goldina Morena,1970 Shoshone Point,60619,IL,gmorenad5@livejournal.com
475,Ula Vercruysse,81019 Cordelia Hill,94177,CA,uvercruyssed6@soup.io
476,Roma todor,66 Heath Hill,32215,FL,rtodord7@ameblo.jp
477,Daveen Wraight,054 Melrose Circle,74103,OK,dwraightd8@gnu.org
478,Rabbi Mauger,3110 Prentice Lane,32309,FL,rmaugerd9@facebook.com
479,Jammie Pashler,44628 Anhalt Circle,78749,TX,jpashlerda@whitehouse.gov
480,Shaine Eton,5943 4th Alley,70187,LA,setondb@examiner.com
481,Gilburt Ipgrave,36 Birchwood Junction,20210,DC,gipgravedc@wunderground.com
482,Brandice Ousbie,4 Dixon Plaza,78044,TX,bousbiedd@prnewswire.com
483,Lea Dikes,77765 La Follette Trail,34615,FL,ldikesde@oaic.gov.au
484,Richardo FitzGilbert,75268 Iowa Way,08104,NJ,rfitzgilbertdf@prweb.com
485,Raphael Worpole,7 Trailsway Point,44197,OH,rworpoledg@yelp.com
486,Bonnee Sharpley,13448 Oak Plaza,95298,CA,bsharpleydh@ning.com
487,Leanna Kid,11254 Summerview Terrace,14624,NY,lkiddi@phpbb.com
488,Yvonne Tomisch,7 Mayer Lane,90805,CA,ytomischdj@twitpic.com
489,Syman Ivanchenkov,92 Tony Place,72916,AR,sivanchenkovdk@wikispaces.com
490,Consolata Mussalli,55 6th Center,07544,NJ,cmussallidl@tumblr.com
491,Stearne Parkey,52659 Summit Hill,89193,NV,sparkeydm@nature.com
492,Penelope Jenicek,64 Merchant Road,14905,NY,pjenicekdn@infoseek.co.jp
493,Sabina Kemson,4 Kedzie Drive,66276,KS,skemsondo@behance.net
494,Rhys Steffans,04 Milwaukee Alley,88541,TX,rsteffansdp@linkedin.com
495,Erinn Fancy,9 Reinke Lane,60630,IL,efancydq@who.int
496,Quincey Kelf,6775 Surrey Lane,75342,TX,qkelfdr@youku.com
497,Cathyleen Hancill,3 Meadow Valley Center,83705,ID,chancillds@people.com.cn
498,Josephine Worcester,19 Valley Edge Place,60686,IL,jworcesterdt@huffingtonpost.com
499,Gabie Deary,0599 Village Green Center,27690,NC,gdearydu@hp.com
500,Tania Sprague,517 Valley Edge Court,84135,UT,tspraguedv@youtube.com
501,Felizio aManger,8509 Garrison Circle,47737,IN,famangerdw@noaa.gov
502,Jard Tant,2 Meadow Ridge Parkway,48505,MI,jtantdx@icq.com
503,Everett Ropars,4233 Lien Street,48550,MI,eroparsdy@canalblog.com
504,Cori Purton,106 Arkansas Terrace,71151,LA,cpurtondz@apache.org
505,Rafaellle Tinghill,81981 4th Pass,25336,WV,rtinghille0@ovh.net
506,Rica Breakwell,23 American Avenue,48609,MI,rbreakwelle1@blogger.com
507,Abigale Davidovitz,03 Clyde Gallagher Court,49018,MI,adavidovitze2@diigo.com
508,Anatol Bestall,977 Holmberg Point,97306,OR,abestalle3@seesaa.net
509,Elle Giottini,3519 Debra Plaza,95118,CA,egiottinie4@youtube.com
510,Margot Belfitt,95912 High Crossing Center,07310,NJ,mbelfitte5@altervista.org
511,Atlanta Noorwood,61797 Melby Court,06145,CT,anoorwoode6@si.edu
512,Helge Kollas,57 Maryland Plaza,20046,DC,hkollase7@discovery.com
513,Suzette Rhymes,7 Ridgeview Way,28289,NC,srhymese8@noaa.gov
514,Arel Boldecke,1996 Lighthouse Bay Trail,99252,WA,aboldeckee9@acquirethisname.com
515,Reynold MacDonough,41 Sunnyside Parkway,97405,OR,rmacdonoughea@devhub.com
516,Zachary Baudasso,67075 Express Circle,85710,AZ,zbaudassoeb@tamu.edu
517,Stormi Flowitt,617 Becker Hill,90610,CA,sflowittec@exblog.jp
518,Murielle Toten,0085 Morning Park,21265,MD,mtotened@privacy.gov.au
519,Alford Brinklow,2 Troy Pass,95818,CA,abrinklowee@ca.gov
520,Lida Goldstein,278 Spenser Way,91520,CA,lgoldsteinef@cargocollective.com
521,Eddie Haughian,938 Cody Crossing,94302,CA,ehaughianeg@google.ca
522,Fleurette De Miranda,27087 Darwin Way,94302,CA,fdeeh@hao123.com
523,Betti Yerlett,24 Talmadge Court,65211,MO,byerlettei@barnesandnoble.com
524,Edwin Cheater,8 Everett Court,46239,IN,echeaterej@w3.org
525,Arni Artis,68 Petterle Alley,31217,GA,aartisek@gizmodo.com
526,Karmen Salway,34 Buhler Alley,38150,TN,ksalwayel@g.co
527,Udell Caffery,85112 Linden Circle,15255,PA,ucafferyem@eventbrite.com
528,Krissie Blower,43 Esch Trail,33961,FL,kbloweren@forbes.com
529,Benito Heel,1 Comanche Circle,35254,AL,bheeleo@ted.com
530,Lyn Stables,5171 Bartillon Crossing,32314,FL,lstablesep@thetimes.co.uk
531,Alvinia Weathers,43 Pepper Wood Terrace,70124,LA,aweatherseq@sogou.com
532,Danika Heimann,2 East Plaza,79105,TX,dheimanner@webmd.com
533,Gaelan Verney,6 Old Gate Center,27110,NC,gverneyes@ehow.com
534,Bette Gosland,2299 Comanche Parkway,49518,MI,bgoslandet@netlog.com
535,Sapphire Gyngyll,63919 West Trail,66667,KS,sgyngylleu@webnode.com
536,Tracey Miller,39642 Del Sol Pass,98109,WA,tmillerev@google.de
537,Andra Handyside,35551 Dahle Pass,14263,NY,ahandysideew@tripod.com
538,Christoffer Halpeine,787 Kenwood Circle,22908,VA,chalpeineex@lulu.com
539,Brandise Peterffy,36 Mayfield Circle,99210,WA,bpeterffyey@fastcompany.com
540,Kattie Vasyanin,42890 John Wall Park,44118,OH,kvasyaninez@answers.com
541,Brendon de Tocqueville,405 Summer Ridge Way,27605,NC,bdef0@xinhuanet.com
542,Bancroft Peat,9007 Ramsey Trail,46254,IN,bpeatf1@statcounter.com
543,Sybilla Emanulsson,60157 Fremont Circle,83206,ID,semanulssonf2@nydailynews.com
544,Lilllie Braisher,23 Ruskin Alley,32830,FL,lbraisherf3@ucoz.com
545,Joseito Horley,570 Redwing Road,23504,VA,jhorleyf4@foxnews.com
546,Hayley Prover,54977 Service Center,51110,IA,hproverf5@wp.com
547,Alec Franchioni,63 7th Street,77346,TX,afranchionif6@ycombinator.com
548,Roseline Scade,11 Bobwhite Junction,64130,MO,rscadef7@imageshack.us
549,Junina Domaschke,82902 Bunker Hill Court,37131,TN,jdomaschkef8@pinterest.com
550,Marianne Smitherman,3 Boyd Plaza,10203,NY,msmithermanf9@timesonline.co.uk
551,Gwenore Lisciandri,0 Oriole Lane,55579,MN,glisciandrifa@google.pl
552,Alyson White,08 Jenifer Pass,76544,TX,awhitefb@aboutads.info
553,My Kacheler,641 Prentice Way,90035,CA,mkachelerfc@pen.io
554,Yoshiko Cortez,192 Mallory Avenue,20022,DC,ycortezfd@mozilla.org
555,Zorine Duckels,5572 Johnson Lane,79968,TX,zduckelsfe@desdev.cn
556,Ramsey Sommers,90 Mcbride Crossing,77240,TX,rsommersff@chron.com
557,Pia Itzhayek,57 Fuller Hill,77493,TX,pitzhayekfg@histats.com
558,Elizabet Panswick,5878 Nevada Circle,21229,MD,epanswickfh@stanford.edu
559,Judi Dorkin,084 Logan Center,99210,WA,jdorkinfi@twitpic.com
560,Alan Hynes,74319 Dunning Park,45249,OH,ahynesfj@businessweek.com
561,Donelle Kelcey,3 Warrior Point,10557,NY,dkelceyfk@comcast.net
562,Alanah McOnie,6 Washington Crossing,55551,MN,amconiefl@disqus.com
563,Shanie Hugnot,7 Stone Corner Way,93311,CA,shugnotfm@cdc.gov
564,Ingamar Saphir,8505 Blaine Street,67205,KS,isaphirfn@creativecommons.org
565,Indira Shearmur,58232 Glendale Terrace,48267,MI,ishearmurfo@gmpg.org
566,Rutledge Waddy,273 Toban Lane,23520,VA,rwaddyfp@cnet.com
567,Rois Dimbleby,45 Holy Cross Junction,84093,UT,rdimblebyfq@cdbaby.com
568,Hadlee Amies,16525 Westridge Road,76198,TX,hamiesfr@jalbum.net
569,Gino Pasby,6477 Sullivan Road,75367,TX,gpasbyfs@engadget.com
570,Domenic Arzu,1 Florence Pass,47719,IN,darzuft@rakuten.co.jp
571,Bryna Itscowics,51 Sachs Point,45454,OH,bitscowicsfu@sbwire.com
572,Romeo Abrahamoff,856 Truax Road,44555,OH,rabrahamofffv@dell.com
573,Frazier Ewles,43460 Lyons Plaza,29208,SC,fewlesfw@seattletimes.com
574,Lilith Greenstreet,35 Fieldstone Drive,62705,IL,lgreenstreetfx@uol.com.br
575,Benjy Callaway,850 Blue Bill Park Point,78789,TX,bcallawayfy@seattletimes.com
576,Lira Eastam,26 Eliot Way,46226,IN,leastamfz@cyberchimps.com
577,Cathee Edgcombe,760 Hoard Street,48232,MI,cedgcombeg0@who.int
578,Natalya Summerlee,38738 Dryden Avenue,33742,FL,nsummerleeg1@csmonitor.com
579,Gaby Le Brun,89 Gulseth Park,91210,CA,gleg2@cnbc.com
580,Tierney Lockhurst,0 Sheridan Alley,55470,MN,tlockhurstg3@newsvine.com
581,Fitz Adanet,80547 Coolidge Hill,51110,IA,fadanetg4@wufoo.com
582,De Stirman,2 Towne Way,56372,MN,dstirmang5@cargocollective.com
583,Adrienne Hearnden,3 Morrow Drive,15279,PA,ahearndeng6@home.pl
584,Cordey O'Loinn,41 Lyons Plaza,15279,PA,coloinng7@businesswire.com
585,Orson Alves,1871 Lyons Alley,20244,DC,oalvesg8@examiner.com
586,Margaret Koppe,12297 Sutteridge Trail,20029,DC,mkoppeg9@blogs.com
587,Adore Dyett,96160 Anzinger Plaza,10160,NY,adyettga@meetup.com
588,Gradeigh Hursthouse,221 Haas Parkway,83405,ID,ghursthousegb@canalblog.com
589,Cullen Bark,4212 Columbus Court,44111,OH,cbarkgc@slashdot.org
590,Adlai Foucard,33376 Delladonna Pass,29220,SC,afoucardgd@patch.com
591,Kaspar Phipp,4 Crowley Junction,70607,LA,kphippge@state.tx.us
592,Elnore Strutton,2057 Continental Alley,90035,CA,estruttongf@pinterest.com
593,Harrie Dunsire,68 Bultman Lane,11210,NY,hdunsiregg@cdc.gov
594,Godfree Kubasiewicz,14 Glendale Circle,80995,CO,gkubasiewiczgh@boston.com
595,Ransell Millar,322 Nova Alley,79165,TX,rmillargi@sciencedaily.com
596,Amandie Brosch,4 Vera Crossing,98166,WA,abroschgj@narod.ru
597,My Beddard,20 Butternut Alley,98516,WA,mbeddardgk@toplist.cz
598,Corey Hollyar,15195 Harbort Circle,06120,CT,chollyargl@xinhuanet.com
599,Jonah Stirman,6 Buena Vista Parkway,20599,DC,jstirmangm@dailymail.co.uk
600,Zebulon Lovel,29344 Brown Place,75342,TX,zlovelgn@mediafire.com
601,Karna Antunes,0 Dryden Hill,40591,KY,kantunesgo@chron.com
602,Audrie Brownett,76417 Leroy Street,53710,WI,abrownettgp@abc.net.au
603,Jessica Carefull,18 Scofield Parkway,77343,TX,jcarefullgq@ca.gov
604,Pepe Courtes,4 Westerfield Parkway,75231,TX,pcourtesgr@cloudflare.com
605,Lance Dunnett,016 Waywood Crossing,75044,TX,ldunnettgs@army.mil
606,Whitney Di Gregorio,80 La Follette Trail,24020,VA,wdigt@prweb.com
607,Isabel Cleve,37 Menomonie Circle,35263,AL,iclevegu@icq.com
608,Liliane Ivankov,4474 Clarendon Crossing,20167,VA,livankovgv@cpanel.net
609,Inger Kinsett,5095 Erie Junction,16565,PA,ikinsettgw@forbes.com
610,Doralynne Witherden,8487 Badeau Junction,91205,CA,dwitherdengx@twitpic.com
611,Shaun Seakes,6220 Pankratz Terrace,44905,OH,sseakesgy@sun.com
612,Keely Dawid,1 Loomis Court,97075,OR,kdawidgz@cdc.gov
613,Zabrina Ferrier,9 Lien Lane,94126,CA,zferrierh0@constantcontact.com
614,Gayle Waiton,54 Bobwhite Way,34276,FL,gwaitonh1@nytimes.com
615,Holly Edelman,8 Elgar Parkway,46239,IN,hedelmanh2@histats.com
616,Massimo Badsworth,10000 Browning Drive,76544,TX,mbadsworthh3@nature.com
617,Gwenny Western,27950 Aberg Court,83727,ID,gwesternh4@acquirethisname.com
618,Bridgette Penson,630 Burrows Place,91411,CA,bpensonh5@issuu.com
619,Felisha Mc Carrick,54 Duke Drive,15240,PA,fmch6@skyrock.com
620,Ceil Ucceli,92 Crescent Oaks Center,90030,CA,cuccelih7@bing.com
621,Carr Ewence,140 Ridge Oak Center,28235,NC,cewenceh8@exblog.jp
622,Eyde Dillon,268 Trailsway Place,98506,WA,edillonh9@pen.io
623,Chanda Peracco,0 Longview Center,16510,PA,cperaccoha@eepurl.com
624,Lezley Battams,25 Kensington Circle,23237,VA,lbattamshb@tinyurl.com
625,Tawnya Drillingcourt,966 Novick Hill,70154,LA,tdrillingcourthc@pbs.org
626,Meara Kyberd,203 Oriole Park,68117,NE,mkyberdhd@ft.com
627,Denny Cowl,67030 Packers Circle,60567,IL,dcowlhe@cbc.ca
628,Tiffi Spain-Gower,35351 American Center,74126,OK,tspaingowerhf@imageshack.us
629,Arielle Pereira,08158 Granby Court,22212,VA,apereirahg@latimes.com
630,Lane Cosham,793 La Follette Plaza,97201,OR,lcoshamhh@utexas.edu
631,Kipper Ollier,51239 Chinook Place,20062,DC,kollierhi@yolasite.com
632,Josiah Load,593 Donald Trail,73034,OK,jloadhj@forbes.com
633,Vicky McElvogue,341 Corscot Park,95894,CA,vmcelvoguehk@blogger.com
634,Binny Chessell,2 Farwell Parkway,20392,DC,bchessellhl@wikimedia.org
635,Cary Measor,35 Thierer Center,63167,MO,cmeasorhm@wordpress.com
636,Di Bourley,1502 Graceland Park,63116,MO,dbourleyhn@lulu.com
637,Charla Piddocke,81 Lake View Street,63150,MO,cpiddockeho@alibaba.com
638,Leona Chadwell,0 Delladonna Junction,14609,NY,lchadwellhp@homestead.com
639,Cathrine Paylie,7 Sachs Place,94116,CA,cpayliehq@163.com
640,Fielding Di Boldi,889 Becker Trail,29208,SC,fdihr@xrea.com
641,Fredric Doxey,460 Myrtle Junction,75205,TX,fdoxeyhs@ucla.edu
642,Son Scannell,865 Ridgeway Road,97075,OR,sscannellht@discuz.net
643,Salaidh Swann,50272 Wayridge Terrace,33673,FL,sswannhu@liveinternet.ru
644,Cirillo Armall,8313 Lunder Circle,01129,MA,carmallhv@ox.ac.uk
645,Miriam Gravestone,582 Holy Cross Pass,38197,TN,mgravestonehw@wikispaces.com
646,Dallas Horburgh,9 Northfield Lane,43204,OH,dhorburghhx@marriott.com
647,Sampson Mongan,82789 Evergreen Plaza,79171,TX,smonganhy@discuz.net
648,Waly Souch,97660 Center Place,55402,MN,wsouchhz@archive.org
649,Ashia Worner,814 Lien Crossing,88535,TX,aworneri0@vimeo.com
650,Erie Plank,85 Sloan Circle,80525,CO,eplanki1@biglobe.ne.jp
651,Calhoun Browning,2359 Loomis Junction,31605,GA,cbrowningi2@ehow.com
652,Andra Moscone,3441 Paget Alley,85030,AZ,amosconei3@behance.net
653,Anneliese Howieson,1302 Troy Point,92505,CA,ahowiesoni4@dot.gov
654,Thorny Beston,555 Lotheville Trail,34282,FL,tbestoni5@pen.io
655,Karina Agronski,379 Melrose Street,73147,OK,kagronskii6@is.gd
656,Rolando Whittlesea,07208 Namekagon Junction,33467,FL,rwhittleseai7@spiegel.de
657,Shelton Daouse,76 Oak Valley Crossing,83705,ID,sdaousei8@booking.com
658,Rube Dadley,622 Ramsey Plaza,20851,MD,rdadleyi9@china.com.cn
659,Mickie Drysdale,9434 Amoth Parkway,75260,TX,mdrysdaleia@feedburner.com
660,Gayla Helm,8950 Victoria Drive,85219,AZ,ghelmib@woothemes.com
661,Gertruda Aleswell,814 Kropf Drive,78291,TX,galeswellic@sina.com.cn
662,Bertie Gauvain,50196 Stuart Center,93726,CA,bgauvainid@bbb.org
663,Olivie Antoniazzi,120 Meadow Vale Center,92555,CA,oantoniazziie@ftc.gov
664,Shae Ormond,6 Lerdahl Parkway,55407,MN,sormondif@webmd.com
665,Allyn Daniels,394 Fulton Center,30301,GA,adanielsig@scribd.com
666,Augusto Prendergrast,51305 Melody Terrace,45403,OH,aprendergrastih@cbslocal.com
667,Lewiss Southeran,28988 Dakota Place,77266,TX,lsoutheranii@youtu.be
668,Brittani Horribine,83983 Northport Road,18768,PA,bhorribineij@hostgator.com
669,Dickie Dunklee,32 Elmside Trail,85010,AZ,ddunkleeik@ehow.com
670,Zena Marriott,669 Caliangt Avenue,35242,AL,zmarriottil@about.me
671,Debi Bruno,97414 Sullivan Plaza,78250,TX,dbrunoim@symantec.com
672,Leighton Batte,7139 Lotheville Crossing,70820,LA,lbattein@yahoo.com
673,Harlen Oluwatoyin,94 Swallow Park,87201,NM,holuwatoyinio@wisc.edu
674,Packston Clemmens,30 Golf Course Road,31210,GA,pclemmensip@gnu.org
675,Jodie Hancorn,7 Sundown Lane,48550,MI,jhancorniq@noaa.gov
676,Wren Folker,2460 Kingsford Pass,88514,TX,wfolkerir@xinhuanet.com
677,Jerrie Biss,0 Anniversary Pass,31904,GA,jbissis@hp.com
678,Aurel Tansey,2 Merry Drive,95354,CA,atanseyit@csmonitor.com
679,Opalina Tinkham,879 Loomis Plaza,36605,AL,otinkhamiu@de.vu
680,Brear Shafto,1208 Columbus Terrace,48126,MI,bshaftoiv@homestead.com
681,Juieta Haire,635 Chive Parkway,23277,VA,jhaireiw@example.com
682,Rebbecca Duns,988 Ryan Park,30328,GA,rdunsix@comsenz.com
683,Franciskus Blackborow,155 Northview Terrace,93786,CA,fblackborowiy@tamu.edu
684,Julian Gelletly,72139 Ludington Court,44177,OH,jgelletlyiz@hostgator.com
685,Emily Ketch,660 Hansons Plaza,20409,DC,eketchj0@aboutads.info
686,Moore Coveny,2063 Morrow Trail,45271,OH,mcovenyj1@hc360.com
687,Eleen McIlmorow,32 Rockefeller Terrace,13224,NY,emcilmorowj2@hugedomains.com
688,Crosby Dwight,010 Milwaukee Alley,93291,CA,cdwightj3@goo.gl
689,Ade Crowth,7892 Sugar Park,35244,AL,acrowthj4@weather.com
690,Ivor Olensby,2 Hudson Lane,98195,WA,iolensbyj5@soundcloud.com
691,Benyamin Nettle,111 Manitowish Point,06721,CT,bnettlej6@flavors.me
692,Ron Duke,1 Crescent Oaks Hill,31136,GA,rdukej7@comcast.net
693,Chastity Blewmen,09 Merchant Way,95818,CA,cblewmenj8@sun.com
694,Christoper Crandon,21702 Packers Plaza,47937,IN,ccrandonj9@aol.com
695,Nicolis Dallin,103 Dwight Trail,64179,MO,ndallinja@dagondesign.com
696,Ebenezer Cutchey,692 New Castle Plaza,33758,FL,ecutcheyjb@geocities.jp
697,Jeffry Cundy,2467 Warrior Road,20409,DC,jcundyjc@wikispaces.com
698,Lanette Getten,0971 Hoepker Place,39216,MS,lgettenjd@blogspot.com
699,Fawn McEllen,7614 Banding Road,37215,TN,fmcellenje@drupal.org
700,Caitrin McGaugie,42 Kings Pass,97206,OR,cmcgaugiejf@psu.edu
701,Forest Giblin,93 Comanche Trail,43226,OH,fgiblinjg@mapquest.com
702,Andrus Trathen,64 Carberry Crossing,19495,PA,atrathenjh@mayoclinic.com
703,Yuri Phipson,2 Warrior Way,91199,CA,yphipsonji@ezinearticles.com
704,Grannie Franzonetti,4 Bartelt Avenue,40280,KY,gfranzonettijj@mapquest.com
705,Roderigo Biggar,9 Randy Center,27605,NC,rbiggarjk@msu.edu
706,Minerva Dunseith,1714 Gale Way,38150,TN,mdunseithjl@dell.com
707,Tiebold Seamarke,00912 Bultman Avenue,98206,WA,tseamarkejm@nydailynews.com
708,Ermina Auger,30 Veith Road,19151,PA,eaugerjn@dagondesign.com
709,Di Paten,29 Hintze Avenue,78789,TX,dpatenjo@economist.com
710,Bill MacAiline,39673 Sycamore Lane,20370,DC,bmacailinejp@amazon.de
711,Bartholomeus Beeswing,1421 Havey Park,55590,MN,bbeeswingjq@woothemes.com
712,Luisa Corain,72 Arkansas Road,91210,CA,lcorainjr@mtv.com
713,Kermie Dicky,689 Myrtle Drive,75044,TX,kdickyjs@delicious.com
714,Michale Semark,3 6th Point,85005,AZ,msemarkjt@dion.ne.jp
715,Roosevelt McHenry,66 Canary Plaza,34114,FL,rmchenryju@ucsd.edu
716,Alvin Scanlan,0353 Weeping Birch Crossing,92013,CA,ascanlanjv@time.com
717,Waldon Lowers,357 Homewood Avenue,76129,TX,wlowersjw@businessweek.com
718,Merridie Villar,03 Fremont Hill,44905,OH,mvillarjx@elegantthemes.com
719,Essie Dake,662 Crownhardt Park,28235,NC,edakejy@businesswire.com
720,Micki Evennett,8 Delladonna Circle,33543,FL,mevennettjz@t-online.de
721,Cesare Luberti,71809 Ridge Oak Junction,75367,TX,clubertik0@google.com
722,Bathsheba Hachette,2 Glendale Way,28215,NC,bhachettek1@constantcontact.com
723,Keely Brommage,649 Prairie Rose Point,28247,NC,kbrommagek2@cocolog-nifty.com
724,Jessa Tourle,61780 North Street,20591,DC,jtourlek3@zdnet.com
725,Marsh Croucher,82524 Nova Lane,40524,KY,mcroucherk4@weibo.com
726,Jessika Golagley,9551 Homewood Pass,23228,VA,jgolagleyk5@nsw.gov.au
727,Elyssa Kirkham,712 Larry Street,31410,GA,ekirkhamk6@altervista.org
728,Barry Chichgar,8 Manitowish Avenue,20210,DC,bchichgark7@apache.org
729,Shawn Casillas,7 Lukken Court,25305,WV,scasillask8@google.com.au
730,Ayn Seally,25 Harbort Point,02114,MA,aseallyk9@ehow.com
731,Stanwood Hawson,76532 Hintze Crossing,60669,IL,shawsonka@wikispaces.com
732,Anjela Yurevich,02966 Golf Course Terrace,71213,LA,ayurevichkb@networksolutions.com
733,Koenraad Diaper,834 Vahlen Parkway,70005,LA,kdiaperkc@plala.or.jp
734,Tara Ranscomb,2 Commercial Junction,77271,TX,transcombkd@trellian.com
735,Deloria Yousef,743 Dovetail Court,70174,LA,dyousefke@washington.edu
736,Randee Hammatt,3079 Meadow Valley Terrace,83716,ID,rhammattkf@booking.com
737,Stephine Bailess,025 Farwell Road,30375,GA,sbailesskg@dion.ne.jp
738,Antonina Collen,3351 Dovetail Street,39216,MS,acollenkh@newsvine.com
739,Stephie Brasse,7 Jenifer Street,30392,GA,sbrasseki@omniture.com
740,Jeffrey Bowdon,31 Farragut Alley,89436,NV,jbowdonkj@friendfeed.com
741,Prudence O' Mahony,25745 Hanson Point,98907,WA,pokk@multiply.com
742,Clarke Duff,03587 Hudson Street,00214,NH,cduffkl@google.pl
743,Edith Rosie,6 Sundown Avenue,90076,CA,erosiekm@rambler.ru
744,Skell Skeeles,43866 Loftsgordon Alley,67215,KS,sskeeleskn@sourceforge.net
745,Lilas Imlen,0 Clyde Gallagher Alley,33432,FL,limlenko@plala.or.jp
746,Elston Syer,4 Dahle Parkway,29905,SC,esyerkp@slideshare.net
747,Anastasie Basnett,5624 Moland Junction,77085,TX,abasnettkq@hibu.com
748,Dee Grigoroni,89 Magdeline Terrace,06721,CT,dgrigoronikr@blogs.com
749,Phedra Barnhill,690 Warrior Street,25321,WV,pbarnhillks@npr.org
750,Brandi Cavilla,432 Schlimgen Center,20078,DC,bcavillakt@pen.io
751,Tandi Norkett,3 Fairfield Trail,08104,NJ,tnorkettku@businesswire.com
752,Ingra Vaszoly,970 Acker Center,19141,PA,ivaszolykv@amazon.co.uk
753,Elisabet Giroldi,1949 Washington Plaza,60657,IL,egiroldikw@hhs.gov
754,Mirelle Beslier,56290 Hintze Point,20719,MD,mbeslierkx@parallels.com
755,Franklin Towe,284 Coolidge Lane,64160,MO,ftoweky@rediff.com
756,Milli Kelly,4481 Moulton Lane,20892,MD,mkellykz@nsw.gov.au
757,Evvy Schreiner,6 Cordelia Parkway,32314,FL,eschreinerl0@ebay.com
758,Brandea Widdocks,965 International Street,78240,TX,bwiddocksl1@ovh.net
759,Maye Wellbank,98 Little Fleur Road,85311,AZ,mwellbankl2@ifeng.com
760,Ingamar Thurgood,26 Golf Course Park,68134,NE,ithurgoodl3@amazon.co.uk
761,Latashia Keddle,661 Londonderry Trail,18763,PA,lkeddlel4@ifeng.com
762,Berkie Meadley,42 Union Terrace,15250,PA,bmeadleyl5@t.co
763,Gage McClenan,02 Clove Way,56944,DC,gmcclenanl6@dyndns.org
764,Doreen Ashwell,84 Monica Trail,35810,AL,dashwelll7@i2i.jp
765,Hyacinthie Adicot,6 East Parkway,80249,CO,hadicotl8@auda.org.au
766,Leta Kinig,702 West Terrace,22184,VA,lkinigl9@china.com.cn
767,Faith Ferriday,684 7th Court,76178,TX,fferridayla@craigslist.org
768,Desirae Delort,398 Harper Park,70160,LA,ddelortlb@altervista.org
769,Jere Frere,66331 Springs Avenue,02905,RI,jfrerelc@friendfeed.com
770,Sheba Becerra,51 Kim Drive,98133,WA,sbecerrald@yandex.ru
771,Lauren Timby,9 Dayton Trail,20709,MD,ltimbyle@imageshack.us
772,Rosy Clee,78 Ryan Trail,68179,NE,rcleelf@4shared.com
773,Chadwick Guntrip,50827 Dixon Alley,38150,TN,cguntriplg@sbwire.com
774,Cathrin Mufford,1 Meadow Ridge Trail,92555,CA,cmuffordlh@symantec.com
775,Adore Keaton,27040 Sage Circle,60567,IL,akeatonli@netscape.com
776,Isador Zarfai,2205 Westport Trail,46825,IN,izarfailj@boston.com
777,Hyatt Till,0 Northfield Street,40287,KY,htilllk@drupal.org
778,Boniface Spritt,45904 Gale Avenue,92424,CA,bsprittll@wiley.com
779,Arnaldo Sides,00 Londonderry Place,75185,TX,asideslm@soup.io
780,Nevile Starr,5 Sullivan Crossing,31998,GA,nstarrln@ovh.net
781,Karoline Nibley,756 Mandrake Circle,34665,FL,knibleylo@sphinn.com
782,Phillida Woofendell,872 Cambridge Center,76905,TX,pwoofendelllp@google.ca
783,Norman Bridger,146 Burrows Road,87505,NM,nbridgerlq@ox.ac.uk
784,Jedd Presslie,0 Gateway Place,95865,CA,jpresslielr@free.fr
785,Jarib Hatchett,2 Reinke Pass,23289,VA,jhatchettls@deviantart.com
786,Shel Gatchel,380 Pankratz Lane,55417,MN,sgatchellt@reuters.com
787,Lettie Nestle,84 Golf Course Hill,57193,SD,lnestlelu@howstuffworks.com
788,Clyde Moorcraft,364 Sutherland Alley,02203,MA,cmoorcraftlv@cloudflare.com
789,Melvin Tangye,90 Jackson Hill,83711,ID,mtangyelw@miibeian.gov.cn
790,Sherm Garrie,560 East Avenue,99812,AK,sgarrielx@merriam-webster.com
791,Anjela Harding,69271 Hayes Pass,33261,FL,ahardingly@domainmarket.com
792,Yolande Wickwarth,51428 6th Lane,46278,IN,ywickwarthlz@dailymotion.com
793,Christa Willder,73517 Harbort Circle,11499,NY,cwillderm0@wordpress.org
794,Anna-diana Pedreschi,42 Blaine Hill,78240,TX,apedreschim1@nationalgeographic.com
795,Genna Otridge,8627 Eastwood Point,49518,MI,gotridgem2@si.edu
796,Ronnica Olivet,42574 Warrior Trail,33405,FL,rolivetm3@hao123.com
797,Shanon Belliard,3830 Monterey Pass,92115,CA,sbelliardm4@google.com.hk
798,Roselin Bewicke,6 Vermont Circle,77085,TX,rbewickem5@ca.gov
799,Batsheva Mumbeson,41350 Banding Road,11236,NY,bmumbesonm6@w3.org
800,Corine Akehurst,53 Lillian Lane,30033,GA,cakehurstm7@dmoz.org
801,Berny Leacy,8 Wayridge Plaza,49048,MI,bleacym8@webnode.com
802,Laurette Fowgies,877 Commercial Place,62718,IL,lfowgiesm9@youtube.com
803,Grove Bigby,7 Johnson Point,94280,CA,gbigbyma@ow.ly
804,Drusie Coll,83643 Pearson Point,33028,FL,dcollmb@bloglovin.com
805,Fleur Chipman,1 Petterle Center,55412,MN,fchipmanmc@cornell.edu
806,Loreen Edmons,336 Prairieview Parkway,79911,TX,ledmonsmd@yale.edu
807,Franklyn Briatt,7 Green Terrace,40596,KY,fbriattme@com.com
808,Rita Westman,8661 Almo Hill,98682,WA,rwestmanmf@ft.com
809,Ruttger Swinburne,9 Bobwhite Terrace,91109,CA,rswinburnemg@imdb.com
810,Corabel Penylton,46474 Green Ridge Park,37939,TN,cpenyltonmh@cisco.com
811,Valeria Hebborn,2499 Spaight Park,91406,CA,vhebbornmi@usa.gov
812,Carlin Offell,2352 Ramsey Pass,95354,CA,coffellmj@columbia.edu
813,Tedda Dimanche,385 Pawling Crossing,85035,AZ,tdimanchemk@foxnews.com
814,Darice Allbrook,4 Manley Avenue,39216,MS,dallbrookml@pagesperso-orange.fr
815,Annaliese Chesters,850 Village Green Park,99790,AK,achestersmm@phpbb.com
816,Deni Gottschalk,344 Nelson Trail,88541,TX,dgottschalkmn@smh.com.au
817,Lucie Ducaen,34504 Clemons Street,32511,FL,lducaenmo@diigo.com
818,Jayne Auchinleck,1245 Talisman Way,68179,NE,jauchinleckmp@yahoo.co.jp
819,Katya Padginton,90003 Loeprich Pass,33124,FL,kpadgintonmq@answers.com
820,Perla Lowrance,91 Troy Park,92105,CA,plowrancemr@wordpress.com
821,Dom Moberley,40 Sunfield Street,21275,MD,dmoberleyms@mayoclinic.com
822,Fionna Whysall,1 Maryland Avenue,62525,IL,fwhysallmt@infoseek.co.jp
823,Arv Willock,0656 Meadow Valley Alley,65898,MO,awillockmu@go.com
824,Jerrie Pere,844 Killdeer Point,94177,CA,jperemv@umich.edu
825,Basia Louthe,29972 Maywood Circle,68110,NE,blouthemw@reverbnation.com
826,Diarmid Peek,28468 Duke Crossing,77050,TX,dpeekmx@apache.org
827,Pat Hayhoe,9459 Moulton Center,85732,AZ,phayhoemy@last.fm
828,Conrade Calafate,0 Hanover Court,39210,MS,ccalafatemz@upenn.edu
829,Quentin Shewry,748 Buhler Circle,97232,OR,qshewryn0@facebook.com
830,Nedda Mantram,8 Mendota Point,43220,OH,nmantramn1@ezinearticles.com
831,Neila Brandassi,68 Troy Parkway,06816,CT,nbrandassin2@reddit.com
832,Wyndham Dunklee,7813 Crescent Oaks Pass,79171,TX,wdunkleen3@elegantthemes.com
833,Norina Ashfold,856 Messerschmidt Plaza,94230,CA,nashfoldn4@va.gov
834,Cornall Harbard,900 Blaine Center,70142,LA,charbardn5@nydailynews.com
835,Cindie Ladley,8548 Warbler Street,60663,IL,cladleyn6@cyberchimps.com
836,Cissiee Simmonite,899 Charing Cross Place,43656,OH,csimmoniten7@webeden.co.uk
837,Appolonia Launchbury,66141 Walton Avenue,40618,KY,alaunchburyn8@kickstarter.com
838,Claiborne Mackriell,4625 Delaware Street,65105,MO,cmackrielln9@jimdo.com
839,Annecorinne Grimm,84322 Trailsway Trail,02298,MA,agrimmna@instagram.com
840,Grantley Maund,89 Darwin Avenue,34981,FL,gmaundnb@wordpress.org
841,Geoffry Tripon,98783 Vahlen Avenue,39705,MS,gtriponnc@dagondesign.com
842,Bealle Hurkett,3 Schurz Center,13505,NY,bhurkettnd@nhs.uk
843,Alexio Broinlich,1122 Upham Drive,80204,CO,abroinlichne@hexun.com
844,Meggie Napoleone,936 Loomis Park,79923,TX,mnapoleonenf@cbc.ca
845,Johannah Mitchley,5 Gale Plaza,74116,OK,jmitchleyng@cdc.gov
846,Obadiah Eglinton,88515 Hovde Crossing,24009,VA,oeglintonnh@squidoo.com
847,Samson Paolillo,911 Green Ridge Street,10009,NY,spaolilloni@netlog.com
848,Joane Beacon,4 Oriole Hill,89436,NV,jbeaconnj@wikipedia.org
849,Aline Antunez,12823 Banding Parkway,43666,OH,aantuneznk@loc.gov
850,Max Stonelake,7156 Quincy Plaza,16510,PA,mstonelakenl@over-blog.com
851,Ellyn Wincom,73367 Rowland Trail,22908,VA,ewincomnm@canalblog.com
852,Farris Sinfield,9 Northridge Point,95219,CA,fsinfieldnn@hp.com
853,Aguste Veronique,663 Dexter Place,63169,MO,averoniqueno@chronoengine.com
854,Sigismond Jansie,0484 Randy Lane,30392,GA,sjansienp@forbes.com
855,Emeline Habin,176 Alpine Lane,91328,CA,ehabinnq@constantcontact.com
856,Kinnie Klaiser,7892 Colorado Drive,74170,OK,kklaisernr@ebay.com
857,Knox Kolakowski,72 Dexter Junction,89130,NV,kkolakowskins@ted.com
858,Otto Dunmore,585 Lakewood Gardens Hill,46015,IN,odunmorent@nifty.com
859,Hyacinthe Gurdon,46245 Muir Center,32803,FL,hgurdonnu@domainmarket.com
860,Fiona Farnaby,66 Esch Court,84140,UT,ffarnabynv@xrea.com
861,Garreth Fellis,09281 Mallory Drive,45238,OH,gfellisnw@shop-pro.jp
862,Maurizio Gillbanks,135 Alpine Crossing,67230,KS,mgillbanksnx@meetup.com
863,Letti Whitefoot,342 Killdeer Street,80044,CO,lwhitefootny@soup.io
864,Erica Thom,5092 Dexter Terrace,84409,UT,ethomnz@com.com
865,Harold Staries,63 Birchwood Avenue,89036,NV,hstarieso0@cargocollective.com
866,Aigneis Lettuce,7 Westend Alley,25726,WV,alettuceo1@salon.com
867,Hayden Brotherick,96 Hoard Center,22093,VA,hbrothericko2@bbc.co.uk
868,Pebrook Pasley,2256 Sauthoff Terrace,80241,CO,ppasleyo3@mapquest.com
869,Gareth Lawes,41244 Mallard Center,19146,PA,glaweso4@columbia.edu
870,Marya Wragge,27056 Rigney Place,60663,IL,mwraggeo5@stanford.edu
871,Brian Boik,931 Anderson Avenue,07208,NJ,bboiko6@mit.edu
872,Fabe Dalbey,95452 Vidon Park,30066,GA,fdalbeyo7@about.com
873,Prudi Ormes,0379 Corscot Court,92145,CA,pormeso8@ustream.tv
874,Tricia Dallimore,32 Dorton Court,33310,FL,tdallimoreo9@tinyurl.com
875,Rolland Kynman,10 Longview Avenue,55565,MN,rkynmanoa@usa.gov
876,Nikolai Hale,06 Del Sol Crossing,46231,IN,nhaleob@statcounter.com
877,Emyle Armour,68003 Prentice Plaza,70187,LA,earmouroc@wordpress.org
878,Rheta La Rosa,19156 Maywood Parkway,53716,WI,rlaod@geocities.com
879,Dorey Tremblet,4 Havey Way,60646,IL,dtrembletoe@twitpic.com
880,Fanchon Gorbell,19 Ryan Drive,99220,WA,fgorbellof@w3.org
881,Genovera Cliss,57088 Shelley Terrace,78744,TX,gclissog@arizona.edu
882,Moll Strangeway,6 Delaware Lane,44393,OH,mstrangewayoh@diigo.com
883,Nicolis Mullarkey,92871 Saint Paul Road,31405,GA,nmullarkeyoi@newsvine.com
884,Zerk Scohier,18 Miller Terrace,79989,TX,zscohieroj@goodreads.com
885,Cordie Shatford,2 Holmberg Alley,15134,PA,cshatfordok@europa.eu
886,Rutter Matejic,3 Center Center,52245,IA,rmatejicol@over-blog.com
887,Dannel Manntschke,97 Artisan Way,21229,MD,dmanntschkeom@prlog.org
888,Rutledge Bleckly,2477 Butterfield Court,76162,TX,rblecklyon@unc.edu
889,Layne Moan,623 Mariners Cove Place,27690,NC,lmoanoo@reddit.com
890,Myrvyn Sowerby,706 Hanover Plaza,20210,DC,msowerbyop@yellowbook.com
891,Analise Shelly,0964 Burning Wood Trail,32909,FL,ashellyoq@psu.edu
892,Calla Feetham,2649 Cordelia Court,55805,MN,cfeethamor@cam.ac.uk
893,Gusti Thewless,68490 Melby Drive,91913,CA,gthewlessos@sphinn.com
894,Rafferty McRorie,73 Daystar Court,22301,VA,rmcrorieot@ed.gov
895,Brinna Corwood,3775 Thackeray Terrace,37215,TN,bcorwoodou@pinterest.com
896,Abigale Hefferon,3431 School Pass,31416,GA,ahefferonov@opera.com
897,Spike Rivilis,42305 Hoffman Lane,85210,AZ,srivilisow@hibu.com
898,Eddie Opdenorth,4266 Thierer Crossing,74108,OK,eopdenorthox@unblog.fr
899,Myrlene Lark,69978 Dexter Park,49544,MI,mlarkoy@wordpress.com
900,Wynnie Sunnucks,28 Shoshone Lane,89125,NV,wsunnucksoz@whitehouse.gov
901,Johan Deverson,9407 Cordelia Terrace,64199,MO,jdeversonp0@so-net.ne.jp
902,Laurice Napleton,073 Holy Cross Point,77201,TX,lnapletonp1@booking.com
903,Mala Goring,96794 Holmberg Drive,98516,WA,mgoringp2@baidu.com
904,Giana St. Queintain,7965 Darwin Hill,95838,CA,gstp3@twitter.com
905,Pierce Fiddymont,1 Arizona Terrace,25709,WV,pfiddymontp4@hugedomains.com
906,Kacie Iredale,25658 Pennsylvania Circle,23509,VA,kiredalep5@princeton.edu
907,Auria Cokayne,97 Susan Avenue,35220,AL,acokaynep6@bloomberg.com
908,Kleon Bale,3 La Follette Parkway,33023,FL,kbalep7@oakley.com
909,Jackelyn Coverlyn,354 Londonderry Road,30343,GA,jcoverlynp8@amazonaws.com
910,Aurora Phipp,0325 Vidon Circle,40596,KY,aphippp9@scientificamerican.com
911,Uriah Harms,95850 Susan Avenue,25331,WV,uharmspa@geocities.com
912,Horacio Speere,0 Mallard Parkway,75507,TX,hspeerepb@chicagotribune.com
913,Armstrong Jewell,97964 Stuart Circle,20299,DC,ajewellpc@xrea.com
914,Durand Rashleigh,71096 Mitchell Road,78764,TX,drashleighpd@i2i.jp
915,Chelsea Goundrill,9 Lerdahl Way,06816,CT,cgoundrillpe@marketwatch.com
916,Theo Smeall,9269 Dexter Junction,46857,IN,tsmeallpf@bizjournals.com
917,Cristie Flinders,774 Nelson Lane,20470,DC,cflinderspg@miibeian.gov.cn
918,Chrissy Goranov,89704 Northland Point,63136,MO,cgoranovph@sun.com
919,Nelle Pasby,6 Chinook Street,61825,IL,npasbypi@macromedia.com
920,Renaldo Whitmore,213 Brown Road,77040,TX,rwhitmorepj@digg.com
921,Bern Batman,304 Brickson Park Road,44315,OH,bbatmanpk@eepurl.com
922,Cloe Fullard,0 Moland Road,85271,AZ,cfullardpl@csmonitor.com
923,Aurora Tolcharde,417 Village Pass,77288,TX,atolchardepm@biglobe.ne.jp
924,Chic Sadler,922 Loomis Terrace,79116,TX,csadlerpn@oracle.com
925,Giralda Cansdill,72993 David Terrace,12247,NY,gcansdillpo@blogtalkradio.com
926,Jarvis Weiser,9861 Morning Hill,50347,IA,jweiserpp@reuters.com
927,Madelena Featherstonhalgh,7 Vahlen Trail,06120,CT,mfeatherstonhalghpq@123-reg.co.uk
928,Nadine Korda,1 Spaight Court,28314,NC,nkordapr@instagram.com
929,Gregg Kale,861 Dayton Road,92132,CA,gkaleps@vimeo.com
930,Alia Murrey,23398 Lindbergh Point,45440,OH,amurreypt@uol.com.br
931,Bron Ripley,5725 Homewood Hill,00214,NH,bripleypu@mapy.cz
932,Stephani Shipcott,68 Chive Place,48267,MI,sshipcottpv@kickstarter.com
933,Janine Barnewell,342 American Ash Way,85215,AZ,jbarnewellpw@youtube.com
934,Connor Foxwell,58059 Meadow Valley Hill,53790,WI,cfoxwellpx@nydailynews.com
935,Cornelius McCree,97 Redwing Way,76205,TX,cmccreepy@statcounter.com
936,Kevan Sommerton,22 Maywood Street,77065,TX,ksommertonpz@blinklist.com
937,Agustin Duce,42681 Anniversary Terrace,33633,FL,aduceq0@newyorker.com
938,Paola Warrell,09 Maple Wood Trail,06140,CT,pwarrellq1@weebly.com
939,Aleksandr Grafhom,29992 Northridge Terrace,55188,MN,agrafhomq2@goodreads.com
940,Codee Mosby,5450 Scoville Center,02104,MA,cmosbyq3@army.mil
941,Debbi Gorch,838 Hallows Center,43231,OH,dgorchq4@nbcnews.com
942,Emerson Carnie,6592 Redwing Park,21282,MD,ecarnieq5@statcounter.com
943,Ivonne McCamish,27 South Street,53790,WI,imccamishq6@salon.com
944,Lucky Garstan,7968 Twin Pines Plaza,74170,OK,lgarstanq7@timesonline.co.uk
945,Glennie Sutcliff,81933 Oak Valley Way,45238,OH,gsutcliffq8@washingtonpost.com
946,Tansy Van Vuuren,927 Buena Vista Way,20397,DC,tvanq9@mtv.com
947,Sayre Gaskins,33811 Farmco Avenue,91210,CA,sgaskinsqa@gizmodo.com
948,Channa Myford,5 Village Green Park,20551,DC,cmyfordqb@timesonline.co.uk
949,Ami McCritichie,9 Hayes Place,94257,CA,amccritichieqc@hubpages.com
950,Bibbye Anlay,503 Northland Terrace,61656,IL,banlayqd@flavors.me
951,Kimbra Funcheon,49 Waywood Point,93750,CA,kfuncheonqe@dmoz.org
952,Miguelita Murcutt,733 Lotheville Place,33023,FL,mmurcuttqf@51.la
953,Ase Mercer,53 Scofield Junction,33147,FL,amercerqg@walmart.com
954,Early Scannell,61 Continental Point,85255,AZ,escannellqh@wikimedia.org
955,Augustina Christiensen,871 Canary Court,25711,WV,achristiensenqi@springer.com
956,Annmaria Geerdts,4495 Sunbrook Circle,98175,WA,ageerdtsqj@un.org
957,Larina Schops,75 Cody Parkway,19892,DE,lschopsqk@netvibes.com
958,Pauletta Greenly,06 Clarendon Alley,14210,NY,pgreenlyql@last.fm
959,Fidelio Kirkbride,6493 Namekagon Pass,33633,FL,fkirkbrideqm@msu.edu
960,Philippe Nipper,038 2nd Lane,50335,IA,pnipperqn@xrea.com
961,Letitia Hayfield,2 Trailsway Avenue,10464,NY,lhayfieldqo@newyorker.com
962,Tedman Witter,5821 Pankratz Road,98104,WA,twitterqp@bing.com
963,Joline Jakes,936 Eagle Crest Alley,31422,GA,jjakesqq@sakura.ne.jp
964,Ninnetta Rathbourne,28 Grim Hill,74108,OK,nrathbourneqr@oakley.com
965,Elle Hornig,0 Mccormick Street,64190,MO,ehornigqs@pbs.org
966,Raul Hakking,5045 Kinsman Hill,89178,NV,rhakkingqt@icio.us
967,Nester Bosley,9 Di Loreto Crossing,75216,TX,nbosleyqu@opera.com
968,Gradey Davage,087 Brickson Park Center,17140,PA,gdavageqv@paginegialle.it
969,Artemus Bales,9 Eagle Crest Park,76134,TX,abalesqw@digg.com
970,Stanleigh Coatman,915 Towne Circle,64082,MO,scoatmanqx@imdb.com
971,Joletta Duffus,661 Bartillon Terrace,70183,LA,jduffusqy@nps.gov
972,Carr Foldes,08340 Oriole Point,50330,IA,cfoldesqz@taobao.com
973,Joy Vaudrey,7 Duke Plaza,61640,IL,jvaudreyr0@deliciousdays.com
974,Salvador Stubbe,0047 Forest Alley,33673,FL,sstubber1@thetimes.co.uk
975,Sammy Di Angelo,9966 Northport Plaza,84135,UT,sdir2@newsvine.com
976,Ardys Bayston,63 Tomscot Way,73173,OK,abaystonr3@posterous.com
977,Bo Sherston,1440 Hoffman Road,71130,LA,bsherstonr4@ask.com
978,Sande Meys,29 Katie Point,92410,CA,smeysr5@sciencedaily.com
979,Raphael Markie,98808 Pleasure Court,75221,TX,rmarkier6@ocn.ne.jp
980,Crissie Aim,74027 Russell Park,95894,CA,caimr7@github.com
981,Rebe Eagle,6 Shopko Court,20380,DC,reagler8@apache.org
982,Hailee Olliff,7199 Hanson Hill,40546,KY,holliffr9@abc.net.au
983,Oliver Adami,8 Lyons Circle,33233,FL,oadamira@yandex.ru
984,Yance Heatlie,9974 Esker Court,92115,CA,yheatlierb@dot.gov
985,Estelle Cunradi,34474 Prairieview Point,33954,FL,ecunradirc@ovh.net
986,Judy Harbisher,7 Montana Parkway,08608,NJ,jharbisherrd@ow.ly
987,Melody Terney,2 La Follette Place,33884,FL,mterneyre@amazon.co.uk
988,Evvie Bichard,33459 Eggendart Alley,92137,CA,ebichardrf@usda.gov
989,Isabeau Megahey,67 Forster Crossing,76105,TX,imegaheyrg@businessweek.com
990,Martynne Course,3 Mcguire Plaza,21216,MD,mcourserh@ed.gov
991,Reece Poynton,53 Sullivan Way,21275,MD,rpoyntonri@taobao.com
992,Dawn Itscowics,00745 Duke Center,06145,CT,ditscowicsrj@eventbrite.com
993,Reinaldos Cottis,07455 Norway Maple Avenue,93762,CA,rcottisrk@usatoday.com
994,Berton Montfort,31 Darwin Plaza,30045,GA,bmontfortrl@marketwatch.com
995,Gratia Desouza,57 Cottonwood Point,92648,CA,gdesouzarm@ehow.com
996,Fan Duckitt,1221 Commercial Junction,21203,MD,fduckittrn@foxnews.com
997,Loni Rodolico,97 Ridge Oak Park,94110,CA,lrodolicoro@digg.com
998,Earlie Hardman,2 Green Ridge Crossing,93399,CA,ehardmanrp@toplist.cz
999,Xylia Benedyktowicz,1 International Terrace,90831,CA,xbenedyktowiczrq@springer.com
1000,Will Langeley,912 Straubel Junction,89166,NV,wlangeleyrr@facebook.com
