id,name,address,zipcode,state,email
1,Shaughn O'Ruane,286 Sheridan Parkway,39404,MS,soruane0@sakura.ne.jp
2,Dorie Kernes,3 Doe Crossing Road,66286,KS,dkernes1@yahoo.co.jp
3,Immanuel Cowndley,0 North Avenue,33411,FL,icowndley2@seesaa.net
4,Laney Perot,7 Thackeray Alley,90840,CA,lperot3@flavors.me
5,Aryn Gingel,61592 Thierer Court,64082,MO,agingel4@whitehouse.gov
6,Amelita Roches,5821 Bartillon Alley,85045,AZ,aroches5@virginia.edu
7,Ofilia Cosh,89170 Lyons Hill,31136,GA,ocosh6@ucla.edu
8,Anatol Bermingham,190 Golf Course Point,85077,AZ,abermingham7@reference.com
9,Shaun MacRirie,107 Autumn Leaf Terrace,80209,CO,smacririe8@51.la
10,Arluene Holbie,5 Bluestem Trail,98506,WA,aholbie9@wisc.edu
11,Merry Ivanets,9850 Valley Edge Avenue,20540,DC,mivanetsa@blogspot.com
12,Dee dee Lebell,40351 John Wall Pass,88541,TX,ddeeb@walmart.com
13,Zabrina Lecordier,73030 Corben Plaza,75044,TX,zlecordierc@instagram.com
14,Manon Lapley,267 Green Parkway,48224,MI,mlapleyd@vistaprint.com
15,Wally Vanner,41746 Manley Parkway,79165,TX,wvannere@nydailynews.com
16,Helenelizabeth Leythley,917 Kinsman Place,22156,VA,hleythleyf@mozilla.com
17,Joan Horick,43560 Rowland Drive,49505,MI,jhorickg@who.int
18,Cassaundra Pane,9129 Tomscot Point,55811,MN,cpaneh@google.com.au
19,Kora Blitzer,48 Sheridan Way,33185,FL,kblitzeri@nhs.uk
20,Maxie Roylance,96876 American Ash Terrace,33315,FL,mroylancej@hexun.com
21,Judye Marwick,26 Ohio Junction,89166,NV,jmarwickk@51.la
22,Inigo Stancliffe,6 Sullivan Court,79955,TX,istancliffel@amazon.com
23,Orella Maundrell,32 John Wall Street,97216,OR,omaundrellm@skyrock.com
24,Ripley Chalker,541 Northridge Center,46634,IN,rchalkern@cmu.edu
25,Raleigh Ranken,5 Westport Terrace,12205,NY,rrankeno@thetimes.co.uk
26,Arda Gann,845 John Wall Alley,88546,TX,agannp@phpbb.com
27,Pat Lorent,7969 Cambridge Circle,79950,TX,plorentq@oakley.com
28,Aurelie Franzen,22 Coolidge Alley,16505,PA,afranzenr@nih.gov
29,Laurie Chopping,4300 Eagan Crossing,60078,IL,lchoppings@hibu.com
30,Deeyn Joiner,1 7th Trail,88006,NM,djoinert@latimes.com
31,Thorndike Warricker,5 Hazelcrest Plaza,79159,TX,twarrickeru@spiegel.de
32,Bekki Daw,6 Main Terrace,49048,MI,bdawv@census.gov
33,Bald Ingley,41703 Village Junction,20414,DC,bingleyw@sina.com.cn
34,Colver Mabey,7511 Heffernan Road,33661,FL,cmabeyx@diigo.com
35,Nannie Dooher,3 Grim Place,20430,DC,ndoohery@ed.gov
36,Sonni Tures,65539 Stone Corner Drive,33416,FL,sturesz@ustream.tv
37,Shep Habert,1957 Cambridge Parkway,44197,OH,shabert10@purevolume.com
38,Theressa Eckert,60197 American Ash Park,50393,IA,teckert11@plala.or.jp
39,Ramsay Pogg,171 Vidon Junction,59105,MT,rpogg12@edublogs.org
40,Angeli Fabbri,8 Merry Park,40298,KY,afabbri13@nydailynews.com
41,Stoddard Sansum,99 Beilfuss Point,97221,OR,ssansum14@goo.gl
42,Joshuah Stocks,43016 Algoma Road,62776,IL,jstocks15@fotki.com
43,Filberto Storms,57 Elka Circle,19115,PA,fstorms16@guardian.co.uk
44,Lauraine Flook,0035 Macpherson Court,48275,MI,lflook17@sourceforge.net
45,Kelcy Strood,84 Mallard Terrace,33742,FL,kstrood18@nasa.gov
46,Tobias Loutheane,64884 Chinook Plaza,88553,TX,tloutheane19@i2i.jp
47,Gilburt Gillie,12 West Alley,53210,WI,ggillie1a@cisco.com
48,Adler Beekmann,525 Stang Parkway,06606,CT,abeekmann1b@edublogs.org
49,Gris McReath,8 Mariners Cove Court,06606,CT,gmcreath1c@google.fr
50,Cecily Dumphries,91217 Rieder Pass,70805,LA,cdumphries1d@wsj.com
51,Miof mela Bronot,8 8th Parkway,48232,MI,mmela1e@cmu.edu
52,Marian Scholtz,01614 Duke Crossing,20189,VA,mscholtz1f@sfgate.com
53,Tammy Baroux,5 Mallard Street,21211,MD,tbaroux1g@topsy.com
54,Jade Krystof,61915 Ridgeview Terrace,25726,WV,jkrystof1h@booking.com
55,Marmaduke Hinrichs,1 Dahle Avenue,74193,OK,mhinrichs1i@newyorker.com
56,Glenden Speakman,209 Mariners Cove Road,33731,FL,gspeakman1j@wp.com
57,Thadeus Durrans,742 Gerald Circle,15230,PA,tdurrans1k@gravatar.com
58,Flin Pow,1792 Kipling Place,55573,MN,fpow1l@cornell.edu
59,Kaylee Burriss,49 Debs Point,94660,CA,kburriss1m@wunderground.com
60,Bill Roderham,817 Crest Line Pass,37416,TN,broderham1n@scribd.com
61,Tina Doulton,2 Union Place,28220,NC,tdoulton1o@theglobeandmail.com
62,Mar Yashnov,971 Bartelt Terrace,08608,NJ,myashnov1p@zdnet.com
63,Minnnie Huxham,47 Pond Plaza,19892,DE,mhuxham1q@zimbio.com
64,Meridel Ocheltree,39 Dottie Court,44310,OH,mocheltree1r@tamu.edu
65,Reynolds Brunetti,33 Heath Pass,61105,IL,rbrunetti1s@github.io
66,Kimberlyn Streader,061 Eagan Plaza,74170,OK,kstreader1t@adobe.com
67,Neel Thorrold,556 Mendota Center,34205,FL,nthorrold1u@cbc.ca
68,Adrianna Knill,586 Montana Terrace,85284,AZ,aknill1v@meetup.com
69,Rori Syplus,82848 Emmet Crossing,52405,IA,rsyplus1w@exblog.jp
70,Barbabra Burleigh,4924 Fair Oaks Road,33737,FL,bburleigh1x@upenn.edu
71,Magdalena Rounds,410 Troy Park,76011,TX,mrounds1y@microsoft.com
72,Felix Dikes,40368 Elka Hill,36195,AL,fdikes1z@unesco.org
73,Brodie Gludor,9 Browning Street,31205,GA,bgludor20@psu.edu
74,Gracia Pennycook,288 Nova Plaza,31136,GA,gpennycook21@weibo.com
75,Jarrid Glassborow,557 Jana Trail,97306,OR,jglassborow22@kickstarter.com
76,Juliet Halfpenny,90 Arrowood Court,20535,DC,jhalfpenny23@deliciousdays.com
77,Craggy Rosenkranc,46784 Oak Place,44105,OH,crosenkranc24@loc.gov
78,Brett Lintin,132 Melody Center,06183,CT,blintin25@ycombinator.com
79,Henryetta Macon,14203 Northview Pass,99220,WA,hmacon26@barnesandnoble.com
80,Lucita Woodrooffe,4 Shoshone Drive,77388,TX,lwoodrooffe27@whitehouse.gov
81,Oren Biers,52052 Crest Line Place,62525,IL,obiers28@ameblo.jp
82,Ethelind Goulborne,2 Stephen Avenue,33686,FL,egoulborne29@netscape.com
83,Florentia Petriello,93709 Thompson Park,19178,PA,fpetriello2a@elpais.com
84,Juliana Grogona,43 Twin Pines Way,30328,GA,jgrogona2b@nsw.gov.au
85,Winfield Dawidowicz,5 Manufacturers Trail,29610,SC,wdawidowicz2c@nytimes.com
86,Luis Sheeran,87 Orin Lane,40220,KY,lsheeran2d@exblog.jp
87,Elisabetta Yurchenko,8 Lotheville Trail,78475,TX,eyurchenko2e@baidu.com
88,Mariya Loughead,762 Kensington Street,80945,CO,mloughead2f@zimbio.com
89,Bee Norvill,7016 Carberry Way,85025,AZ,bnorvill2g@washingtonpost.com
90,Jourdan Camacho,84618 Esker Place,96825,HI,jcamacho2h@washingtonpost.com
91,Christan Featenby,15 Maywood Hill,96840,HI,cfeatenby2i@chronoengine.com
92,Kane Sunley,11 Bunting Park,10115,NY,ksunley2j@symantec.com
93,Jeri Maloney,85950 4th Lane,28278,NC,jmaloney2k@samsung.com
94,Roby Stambridge,50 Mosinee Circle,80328,CO,rstambridge2l@bizjournals.com
95,Chickie Larmett,56785 Garrison Pass,20904,MD,clarmett2m@mediafire.com
96,Leonardo Friar,9953 Schmedeman Park,29625,SC,lfriar2n@home.pl
97,Benedikta Blennerhassett,04 Rockefeller Junction,85311,AZ,bblennerhassett2o@psu.edu
98,Magdalena Whichelow,89 Elmside Terrace,10150,NY,mwhichelow2p@seesaa.net
99,Matthus Le Sarr,9000 Glendale Court,38126,TN,mle2q@cbsnews.com
100,Stella Shalloe,0 Larry Pass,24009,VA,sshalloe2r@umn.edu
101,Julieta Malcolmson,86 Gateway Place,33124,FL,jmalcolmson2s@bing.com
102,Orsa Loughnan,0747 Bellgrove Trail,92145,CA,oloughnan2t@qq.com
103,Dar Cadany,90711 Forster Plaza,75216,TX,dcadany2u@theglobeandmail.com
104,Benetta McCurtin,836 Lakewood Hill,90010,CA,bmccurtin2v@weibo.com
105,Conrade Zute,604 Commercial Street,23504,VA,czute2w@istockphoto.com
106,Huntley Conyers,6 Merry Hill,96810,HI,hconyers2x@hhs.gov
107,Phineas Jaquemar,99 Portage Pass,80209,CO,pjaquemar2y@blinklist.com
108,Trenna Dear,966 Arrowood Lane,30336,GA,tdear2z@dagondesign.com
109,Ardelis Lisimore,446 Oriole Avenue,10029,NY,alisimore30@xrea.com
110,Ginni McKeeman,3 6th Circle,32610,FL,gmckeeman31@wikia.com
111,Silvie Melarkey,1959 Surrey Parkway,80126,CO,smelarkey32@hubpages.com
112,Prisca Graeme,452 Acker Place,20910,MD,pgraeme33@foxnews.com
113,Margalo Portwaine,351 4th Parkway,75251,TX,mportwaine34@hexun.com
114,Gale Barltrop,8364 Acker Hill,75241,TX,gbarltrop35@php.net
115,Rowen Heffernon,95130 Sunbrook Way,10633,NY,rheffernon36@walmart.com
116,Joanna Joskovitch,681 Hazelcrest Road,75310,TX,jjoskovitch37@jalbum.net
117,Daven Lagneaux,57 Almo Lane,92153,CA,dlagneaux38@earthlink.net
118,Terri Barttrum,340 Rutledge Road,57188,SD,tbarttrum39@elpais.com
119,Inesita O'Heneghan,58 7th Hill,10557,NY,ioheneghan3a@google.cn
120,Zebulen Janos,97 Kropf Terrace,19605,PA,zjanos3b@indiatimes.com
121,Hayward Flory,5624 Hudson Drive,34665,FL,hflory3c@yale.edu
122,Daffy Hollerin,89895 Toban Drive,77388,TX,dhollerin3d@digg.com
123,Laurel Menendez,3773 Melby Junction,33954,FL,lmenendez3e@sciencedirect.com
124,Jammal Tebbe,5886 Del Sol Lane,33190,FL,jtebbe3f@lycos.com
125,Amabel Stove,56501 Hintze Trail,44705,OH,astove3g@last.fm
126,Oriana O'Shields,26428 Waubesa Avenue,38114,TN,ooshields3h@abc.net.au
127,Fina Pennino,5964 Fisk Way,11480,NY,fpennino3i@admin.ch
128,Taite Mycock,3666 Sutteridge Court,44555,OH,tmycock3j@nationalgeographic.com
129,Nathalia Gingell,36 Mesta Hill,50310,IA,ngingell3k@gov.uk
130,Laryssa Melbert,362 Delladonna Way,15210,PA,lmelbert3l@google.ru
131,Odo Broadnicke,41562 Hayes Crossing,23605,VA,obroadnicke3m@sun.com
132,Amy Widdicombe,3 Pankratz Place,33245,FL,awiddicombe3n@drupal.org
133,Ermina Mughal,4 Everett Park,32808,FL,emughal3o@printfriendly.com
134,Laurianne Ivatts,7960 Becker Crossing,39204,MS,livatts3p@weibo.com
135,Tatiana Lovstrom,6744 Algoma Parkway,19136,PA,tlovstrom3q@si.edu
136,Philipa Baudet,67049 Bartillon Center,03804,NH,pbaudet3r@auda.org.au
137,Skippy Stanislaw,22416 Cottonwood Court,21211,MD,sstanislaw3s@usgs.gov
138,Pandora Mulvey,236 Jay Way,91205,CA,pmulvey3t@cpanel.net
139,Kati Pilmoor,48 Anhalt Pass,85743,AZ,kpilmoor3u@icq.com
140,Moritz Vannuccinii,5 Division Street,10633,NY,mvannuccinii3v@cisco.com
141,Inigo Vinick,24689 Mockingbird Lane,10459,NY,ivinick3w@t.co
142,Catharine Silwood,0887 Tennyson Pass,61629,IL,csilwood3x@economist.com
143,Ruy Tillot,0391 Gateway Place,27605,NC,rtillot3y@purevolume.com
144,Davida Brason,88475 Randy Point,92056,CA,dbrason3z@sun.com
145,Delainey Furness,91 Alpine Circle,84189,UT,dfurness40@delicious.com
146,Ardra McKinless,19 Luster Place,28055,NC,amckinless41@ibm.com
147,Trueman Cragg,23 Monterey Point,06533,CT,tcragg42@cnet.com
148,Mira Hacket,2 Parkside Alley,78744,TX,mhacket43@jimdo.com
149,Camile Pietraszek,8 North Crossing,37914,TN,cpietraszek44@twitpic.com
150,Trstram Hardy-Piggin,91102 Katie Terrace,38126,TN,thardypiggin45@ox.ac.uk
151,Robbie Seargeant,41 Hazelcrest Drive,76129,TX,rseargeant46@bbc.co.uk
152,Ferdie Lutz,08698 Dwight Hill,33432,FL,flutz47@tumblr.com
153,Emlynn Bisp,201 Red Cloud Alley,13251,NY,ebisp48@joomla.org
154,Ole Albery,5357 Meadow Ridge Way,19495,PA,oalbery49@webmd.com
155,Gherardo Phinnessy,24274 Leroy Alley,58505,ND,gphinnessy4a@mtv.com
156,Felizio Collingdon,502 Londonderry Circle,84093,UT,fcollingdon4b@google.nl
157,Dagny Hembery,906 Weeping Birch Alley,75358,TX,dhembery4c@people.com.cn
158,Ethelin Venus,9 Macpherson Alley,60435,IL,evenus4d@printfriendly.com
159,Vita Denford,321 Fieldstone Plaza,23260,VA,vdenford4e@bloglines.com
160,Colleen Tetford,0391 Pankratz Trail,55123,MN,ctetford4f@addthis.com
161,Remus Vivian,63 Elka Trail,55428,MN,rvivian4g@wix.com
162,Zsa zsa Iiannone,0935 Memorial Lane,95397,CA,zzsa4h@google.co.uk
163,Ivonne Woodthorpe,988 Division Way,76210,TX,iwoodthorpe4i@springer.com
164,Donalt Davids,5 Becker Avenue,53225,WI,ddavids4j@google.it
165,Ethelind Pickring,37 Lake View Pass,70005,LA,epickring4k@webnode.com
166,Haze Nisen,25422 Roxbury Hill,32511,FL,hnisen4l@sakura.ne.jp
167,Kaye Driscoll,5088 Quincy Point,44310,OH,kdriscoll4m@bloglines.com
168,Franny McCullen,37 Myrtle Parkway,92612,CA,fmccullen4n@marriott.com
169,Thorn Peevor,690 Steensland Hill,60674,IL,tpeevor4o@virginia.edu
170,Simon Crosthwaite,316 Fremont Junction,22234,VA,scrosthwaite4p@themeforest.net
171,Xever Oloshin,151 Onsgard Parkway,73129,OK,xoloshin4q@tinyurl.com
172,Sibylle Pringley,5 Independence Street,85020,AZ,springley4r@ft.com
173,Giustino Rogez,59770 Old Gate Junction,71307,LA,grogez4s@bluehost.com
174,Dominica Ongin,96 Moland Drive,20380,DC,dongin4t@squarespace.com
175,Sydney Grigaut,835 Vidon Trail,30092,GA,sgrigaut4u@yahoo.com
176,Verne Brewett,6 Pierstorff Center,20530,DC,vbrewett4v@example.com
177,Christophe Amoss,5846 Debs Lane,59623,MT,camoss4w@behance.net
178,Rafi Yewdale,85 1st Street,40596,KY,ryewdale4x@yandex.ru
179,April Chalfain,4 Springview Way,76016,TX,achalfain4y@webnode.com
180,Cyrus Hinder,42211 Arapahoe Hill,92612,CA,chinder4z@nytimes.com
181,Leela Alvin,2280 Glacier Hill Terrace,78789,TX,lalvin50@squidoo.com
182,Kissiah Mitchenson,0 Westend Alley,14905,NY,kmitchenson51@zdnet.com
183,Berget MacNalley,1835 Northport Crossing,34949,FL,bmacnalley52@biglobe.ne.jp
184,Lorain Bryce,32 Eagan Trail,01605,MA,lbryce53@columbia.edu
185,Tanney Whissell,1088 2nd Place,79699,TX,twhissell54@ocn.ne.jp
186,Livvyy Radborn,92546 Derek Way,95064,CA,lradborn55@reverbnation.com
187,Terrill Oxby,6 Sommers Circle,92196,CA,toxby56@dyndns.org
188,Jolee Mulleary,44 Banding Crossing,06505,CT,jmulleary57@walmart.com
189,Northrup MacNeilly,25717 Butternut Plaza,19892,DE,nmacneilly58@columbia.edu
190,Godwin Halvosen,09261 Sycamore Alley,45243,OH,ghalvosen59@i2i.jp
191,Anna-diana Malimoe,28 Tennessee Point,28230,NC,amalimoe5a@wiley.com
192,Kelli Goane,135 Sundown Alley,75205,TX,kgoane5b@netlog.com
193,Elayne Sprionghall,1794 Sutteridge Way,07544,NJ,esprionghall5c@php.net
194,Zachary Champerlen,3 Crowley Court,20409,DC,zchamperlen5d@google.co.jp
195,May Rosson,94 Bay Crossing,48211,MI,mrosson5e@biglobe.ne.jp
196,Arv Sharville,71125 Arapahoe Pass,19714,DE,asharville5f@unc.edu
197,Edwina Van Der Walt,8875 Lakeland Pass,29403,SC,evan5g@google.ca
198,Thadeus Le Provest,916 Namekagon Alley,95194,CA,tle5h@imgur.com
199,Prudence Beardshaw,50515 Elgar Lane,77065,TX,pbeardshaw5i@tamu.edu
200,Georgetta Rolinson,0536 Surrey Road,12227,NY,grolinson5j@netscape.com
201,Antony Garmons,2 Doe Crossing Road,10110,NY,agarmons5k@squidoo.com
202,Elwyn Baudouin,17589 Fulton Terrace,46295,IN,ebaudouin5l@multiply.com
203,Skell Pancost,530 Harbort Crossing,76004,TX,spancost5m@smh.com.au
204,Kanya Housin,715 New Castle Hill,48609,MI,khousin5n@usgs.gov
205,Ibrahim Bilston,1941 Killdeer Street,12242,NY,ibilston5o@topsy.com
206,Amata Winders,9982 Summerview Place,32225,FL,awinders5p@dropbox.com
207,Joelynn Nobes,17732 Kings Street,75387,TX,jnobes5q@weebly.com
208,Calhoun Grote,20541 Kingsford Plaza,10606,NY,cgrote5r@earthlink.net
209,Thatcher Painten,9337 Dwight Lane,55579,MN,tpainten5s@simplemachines.org
210,Sutherlan Ferrolli,31855 Cardinal Court,93907,CA,sferrolli5t@hud.gov
211,Ricky Shinner,3 Warbler Plaza,46805,IN,rshinner5u@jugem.jp
212,Sheila Lutsch,95 Birchwood Court,31119,GA,slutsch5v@sphinn.com
213,Leonidas Laverack,6 Cambridge Parkway,95833,CA,llaverack5w@wp.com
214,Codi Lambirth,67 Delaware Terrace,11024,NY,clambirth5x@state.tx.us
215,Fiorenze Bossons,69586 Memorial Court,20319,DC,fbossons5y@tinypic.com
216,Shelton Frill,1 Weeping Birch Way,92844,CA,sfrill5z@goodreads.com
217,Marjorie Apfelmann,559 7th Park,43656,OH,mapfelmann60@geocities.jp
218,Tammy Johanchon,8 Graceland Circle,92612,CA,tjohanchon61@dmoz.org
219,Fonsie Gerred,27 Lakewood Street,78205,TX,fgerred62@yolasite.com
220,Helaine Widger,6232 Haas Road,77080,TX,hwidger63@answers.com
221,Lucian Yapp,73 Ludington Junction,77271,TX,lyapp64@admin.ch
222,Elyn Szymon,0 Valley Edge Circle,78205,TX,eszymon65@berkeley.edu
223,Matteo Iverson,1 Becker Circle,37405,TN,miverson66@ameblo.jp
224,Imogene Nosworthy,46696 Mesta Plaza,32230,FL,inosworthy67@booking.com
225,Russell Davion,0 Eagan Circle,78285,TX,rdavion68@ocn.ne.jp
226,Barbey Ledes,972 Emmet Drive,30356,GA,bledes69@phpbb.com
227,Karlens Petel,7 Luster Court,98166,WA,kpetel6a@who.int
228,Morris Bazylets,87549 Novick Place,99517,AK,mbazylets6b@purevolume.com
229,Shea Robertacci,1 Hauk Hill,94257,CA,srobertacci6c@ca.gov
230,Brittany Ginity,8 Rieder Circle,51110,IA,bginity6d@mit.edu
231,Wilmer Baile,4 Petterle Parkway,79705,TX,wbaile6e@dedecms.com
232,Suellen Redmayne,51426 Fisk Park,33620,FL,sredmayne6f@tumblr.com
233,Jerrie Nestle,29 Holy Cross Trail,28314,NC,jnestle6g@globo.com
234,Loren Andrysiak,81179 Straubel Pass,75605,TX,landrysiak6h@reference.com
235,Hortensia Hinkins,66 La Follette Place,11054,NY,hhinkins6i@dion.ne.jp
236,Brigida MacAvddy,6843 Homewood Junction,94237,CA,bmacavddy6j@ftc.gov
237,Lynda Daunter,692 Sloan Trail,06183,CT,ldaunter6k@hatena.ne.jp
238,Caril Pamment,0649 Everett Parkway,10039,NY,cpamment6l@omniture.com
239,Batsheva Pruckner,38 Sutteridge Point,32505,FL,bpruckner6m@mozilla.org
240,Gregor Coolahan,735 Village Green Drive,71213,LA,gcoolahan6n@pen.io
241,Siffre Hynam,46689 Old Gate Parkway,80930,CO,shynam6o@topsy.com
242,Brandi Maior,9711 Prairieview Lane,53790,WI,bmaior6p@imdb.com
243,Vassili Treagus,96154 Golden Leaf Alley,85015,AZ,vtreagus6q@shareasale.com
244,Harlie Toquet,03133 Hermina Park,94627,CA,htoquet6r@nih.gov
245,Alana Elcock,792 Hudson Parkway,20088,DC,aelcock6s@dedecms.com
246,Jere Champneys,526 Algoma Road,19725,DE,jchampneys6t@un.org
247,Myrah Povey,88297 Raven Pass,14609,NY,mpovey6u@stumbleupon.com
248,Rodd Jobbing,6419 Oneill Circle,70815,LA,rjobbing6v@ed.gov
249,Jerrilee Bossom,31 Fairview Way,61651,IL,jbossom6w@homestead.com
250,Gale Cargen,4 Clemons Lane,90094,CA,gcargen6x@narod.ru
251,Abbe Briat,2503 Center Street,25709,WV,abriat6y@vk.com
252,Parnell Whightman,02347 Burrows Plaza,24024,VA,pwhightman6z@home.pl
253,Nerty Dugald,022 Sheridan Place,48211,MI,ndugald70@amazon.de
254,Orin Kittow,26 New Castle Parkway,77844,TX,okittow71@nsw.gov.au
255,Xylina Stuer,78181 Mayfield Terrace,60567,IL,xstuer72@apache.org
256,Elfrida Tomovic,703 Huxley Hill,27705,NC,etomovic73@squidoo.com
257,Basil Rumsey,034 Graedel Way,30316,GA,brumsey74@shinystat.com
258,Hewet Stiff,21093 Green Ridge Point,23454,VA,hstiff75@ted.com
259,Alina Le Floch,637 Algoma Street,98133,WA,ale76@fotki.com
260,Wilow Rangell,336 Forest Dale Lane,07112,NJ,wrangell77@sogou.com
261,Jack Whate,49189 Melrose Trail,02905,RI,jwhate78@chicagotribune.com
262,Celestyna Pakes,4 Anniversary Pass,43666,OH,cpakes79@blinklist.com
263,Mahmud Decroix,8663 Mendota Street,20392,DC,mdecroix7a@springer.com
264,Abigale Batthew,5 Acker Pass,32909,FL,abatthew7b@howstuffworks.com
265,Mikol Haldon,90 Lunder Pass,80305,CO,mhaldon7c@hhs.gov
266,Daron McComas,4 Manitowish Parkway,45271,OH,dmccomas7d@fda.gov
267,Winnah Vokins,78129 Muir Circle,90840,CA,wvokins7e@1688.com
268,Foster Olander,8 Village Green Court,92424,CA,folander7f@squarespace.com
269,Norri Faulconer,6 Everett Drive,37131,TN,nfaulconer7g@discuz.net
270,Gallard Curgenuer,0 Welch Junction,75323,TX,gcurgenuer7h@java.com
271,Gilbert Ziebart,04 Texas Place,21705,MD,gziebart7i@toplist.cz
272,Clotilda Peacham,2 Carioca Point,77080,TX,cpeacham7j@ovh.net
273,Bentley Louch,034 Coleman Park,28215,NC,blouch7k@mtv.com
274,Fredia Keeri,18 David Junction,46216,IN,fkeeri7l@tripod.com
275,Foster Cawcutt,0 Kinsman Crossing,33467,FL,fcawcutt7m@arstechnica.com
276,Saunderson Gowthorpe,90 Elmside Crossing,90305,CA,sgowthorpe7n@lulu.com
277,Iris Gilpillan,3 Union Circle,20231,DC,igilpillan7o@cbsnews.com
278,Kendrick Gylle,0512 Lunder Crossing,44118,OH,kgylle7p@feedburner.com
279,Violetta Wragge,4137 Linden Trail,31416,GA,vwragge7q@answers.com
280,Cy Diggell,66 Corry Terrace,23272,VA,cdiggell7r@patch.com
281,Dalis Izkovicz,1728 Nova Park,85284,AZ,dizkovicz7s@technorati.com
282,Rania Imbrey,75152 Corben Park,20470,DC,rimbrey7t@amazonaws.com
283,Doralin Ferreiro,718 Iowa Center,89714,NV,dferreiro7u@tiny.cc
284,Dex Beesley,7 Tennessee Alley,82007,WY,dbeesley7v@engadget.com
285,Paige Hanby,7521 Del Sol Park,76004,TX,phanby7w@oaic.gov.au
286,Clevey Hobden,0363 Oxford Point,93740,CA,chobden7x@miitbeian.gov.cn
287,Benyamin Norgan,16 Welch Junction,01905,MA,bnorgan7y@csmonitor.com
288,Etheline Osmund,23 Paget Drive,76705,TX,eosmund7z@state.tx.us
289,Pattie Edgworth,88828 Ridgeway Point,90060,CA,pedgworth80@chicagotribune.com
290,Francene Boulstridge,7 Monument Plaza,64179,MO,fboulstridge81@princeton.edu
291,Wiatt Weaver,0114 Superior Terrace,92424,CA,wweaver82@ameblo.jp
292,Manny Wathall,4 Loomis Parkway,22234,VA,mwathall83@twitpic.com
293,Valeda Masdin,904 Waywood Drive,16550,PA,vmasdin84@spiegel.de
294,Maryanna Larkings,12234 Elka Pass,22234,VA,mlarkings85@tuttocitta.it
295,Hannis Beushaw,16825 Clemons Junction,10270,NY,hbeushaw86@flickr.com
296,Meredith Keilloh,595 Steensland Road,32230,FL,mkeilloh87@biglobe.ne.jp
297,Aimee Olanda,7349 Onsgard Drive,80638,CO,aolanda88@newsvine.com
298,Hilda Overal,867 Brentwood Parkway,24004,VA,hoveral89@nymag.com
299,Mimi O'Shiels,5 Holy Cross Way,20380,DC,moshiels8a@hud.gov
300,Marysa Ciobutaru,73 Eliot Place,48930,MI,mciobutaru8b@spotify.com
301,Renae Gayler,8829 Stang Alley,32964,FL,rgayler8c@samsung.com
302,Benny Sandifer,548 Debra Junction,16505,PA,bsandifer8d@walmart.com
303,Rudolph Sawford,21 Summit Hill,99812,AK,rsawford8e@bravesites.com
304,Maure Beauman,97 Lakeland Way,48956,MI,mbeauman8f@columbia.edu
305,Tabina Danielovitch,0809 Gulseth Road,02472,MA,tdanielovitch8g@japanpost.jp
306,Rory Heselwood,4 Clarendon Plaza,92668,CA,rheselwood8h@amazon.co.jp
307,Des Paslow,14447 Clemons Point,12227,NY,dpaslow8i@mapy.cz
308,Jesse De Paoli,857 Fieldstone Circle,01813,MA,jde8j@4shared.com
309,Towny Llopis,67354 Stoughton Park,10110,NY,tllopis8k@gizmodo.com
310,Sarena Strangeway,48 Sutteridge Place,84120,UT,sstrangeway8l@mlb.com
311,Dicky Snawden,758 Chive Road,34629,FL,dsnawden8m@homestead.com
312,Melicent Hefferon,58 Rusk Junction,32204,FL,mhefferon8n@hugedomains.com
313,Batholomew Hudghton,8 Grim Avenue,77070,TX,bhudghton8o@wired.com
314,Obadias Trounce,7 Sachtjen Parkway,40515,KY,otrounce8p@harvard.edu
315,Reggie Gwatkins,872 Hansons Park,14604,NY,rgwatkins8q@a8.net
316,Dedie Gooderidge,5886 Park Meadow Plaza,57105,SD,dgooderidge8r@ca.gov
317,Bartholomew Caush,2578 Nelson Pass,19136,PA,bcaush8s@google.com.hk
318,Lorrie Trass,38 Stuart Lane,12222,NY,ltrass8t@hexun.com
319,Margie Coutts,275 Hudson Drive,32595,FL,mcoutts8u@bing.com
320,Manolo Macquire,24 Eagan Court,61825,IL,mmacquire8v@paypal.com
321,Ignazio Aspell,8 Union Crossing,85311,AZ,iaspell8w@blogs.com
322,Tommie Dood,08 Anzinger Trail,77844,TX,tdood8x@qq.com
323,Larisa Eltune,84 Burrows Plaza,85040,AZ,leltune8y@elpais.com
324,Ellene Lisciardelli,74542 4th Way,34290,FL,elisciardelli8z@prnewswire.com
325,Abbe Bruntjen,16197 Atwood Circle,25305,WV,abruntjen90@behance.net
326,Alexi Freeburn,3708 Independence Point,61656,IL,afreeburn91@ca.gov
327,Wilow Ivakhin,9359 Sullivan Way,12325,NY,wivakhin92@sfgate.com
328,Robin Muro,78799 Holmberg Drive,97296,OR,rmuro93@bandcamp.com
329,Sonny Lefwich,869 Coolidge Center,95128,CA,slefwich94@nhs.uk
330,Ginger Descroix,00 Grover Hill,32885,FL,gdescroix95@scribd.com
331,Conchita Ridolfi,3532 Amoth Place,80005,CO,cridolfi96@zdnet.com
332,Chloette Cogan,8723 Artisan Street,61640,IL,ccogan97@auda.org.au
333,Rora Reide,1 1st Way,46247,IN,rreide98@fc2.com
334,Westbrook Ensten,449 Elka Point,75342,TX,wensten99@a8.net
335,Lidia Dinning,834 Mayfield Court,89110,NV,ldinning9a@jugem.jp
336,Chiquita McClune,0 Independence Street,85754,AZ,cmcclune9b@utexas.edu
337,Yolande Povall,79 Acker Junction,35279,AL,ypovall9c@ycombinator.com
338,Maressa Fancet,11797 Barnett Hill,94263,CA,mfancet9d@ifeng.com
339,Kally Graves,20345 Mesta Terrace,53234,WI,kgraves9e@ca.gov
340,Pru Ravenhill,50895 Forest Dale Center,91186,CA,pravenhill9f@unblog.fr
341,Melissa Rumens,02924 Pierstorff Center,10280,NY,mrumens9g@dion.ne.jp
342,Ced Derwin,2 Shoshone Road,32118,FL,cderwin9h@sitemeter.com
343,Genevieve Crichten,24150 Dayton Lane,36177,AL,gcrichten9i@godaddy.com
344,Jenilee Tingcomb,563 John Wall Crossing,31416,GA,jtingcomb9j@infoseek.co.jp
345,Ciro Hammell,8873 Florence Park,01905,MA,chammell9k@hp.com
346,Desdemona Sprasen,700 Mifflin Street,95397,CA,dsprasen9l@parallels.com
347,Suzann Jouandet,9 Reindahl Trail,32259,FL,sjouandet9m@fema.gov
348,Vincents Larose,147 Beilfuss Court,31605,GA,vlarose9n@washington.edu
349,Gerianne Shugg,74740 Evergreen Terrace,85030,AZ,gshugg9o@xrea.com
350,Rudyard Garfit,6257 Grover Parkway,32220,FL,rgarfit9p@hao123.com
351,Mabel Leteurtre,2793 Hanover Avenue,85305,AZ,mleteurtre9q@miibeian.gov.cn
352,Allianora Petken,95 Rieder Court,87505,NM,apetken9r@psu.edu
353,Cherye Odby,74 7th Plaza,15274,PA,codby9s@amazon.de
354,Ferris Woliter,941 Birchwood Park,28299,NC,fwoliter9t@alexa.com
355,Boyd Gambrell,741 Jackson Place,85311,AZ,bgambrell9u@naver.com
356,Rina Edworthy,9276 Fuller Center,38136,TN,redworthy9v@mit.edu
357,Isac Fullick,3202 Kropf Avenue,36177,AL,ifullick9w@themeforest.net
358,Andy Abbotson,328 Dexter Street,94302,CA,aabbotson9x@constantcontact.com
359,Fritz Streatfield,24563 Kennedy Crossing,52245,IA,fstreatfield9y@google.it
360,Roseanne Mizzen,84 Jenifer Hill,33705,FL,rmizzen9z@cafepress.com
361,Antons Thurley,56 Garrison Trail,79769,TX,athurleya0@google.com.au
362,Licha Garci,5 Manley Way,15266,PA,lgarcia1@php.net
363,Noemi Dodman,4 Ridge Oak Junction,92405,CA,ndodmana2@issuu.com
364,Francois Lammertz,0314 Rowland Parkway,20425,DC,flammertza3@chron.com
365,Ginnifer Mitskevich,8 Butternut Drive,77228,TX,gmitskevicha4@discovery.com
366,Augustin Riddall,877 Laurel Terrace,73071,OK,ariddalla5@nifty.com
367,Vitoria Duke,660 Utah Court,73124,OK,vdukea6@usnews.com
368,Corey Kahan,786 Dunning Drive,73071,OK,ckahana7@cbslocal.com
369,Glynis Boldry,6 Division Crossing,20260,DC,gboldrya8@buzzfeed.com
370,Thoma Konke,8 Southridge Trail,84152,UT,tkonkea9@guardian.co.uk
371,Conrade Patinkin,33877 Portage Parkway,20310,DC,cpatinkinaa@ow.ly
372,Keir Spawton,08117 Anniversary Way,13505,NY,kspawtonab@blogger.com
373,Tam Broy,36 Charing Cross Court,08608,NJ,tbroyac@marketwatch.com
374,Merv Horrell,00 Susan Pass,28299,NC,mhorrellad@chron.com
375,Chelsey Keeney,8292 American Ash Point,11431,NY,ckeeneyae@exblog.jp
376,Field De Mico,08 Sullivan Street,24024,VA,fdeaf@yahoo.co.jp
377,Bradford Dorian,6409 Oriole Road,78405,TX,bdorianag@wsj.com
378,Lurette Breeton,94 Anniversary Center,76796,TX,lbreetonah@apache.org
379,Harvey Starbuck,1594 Kensington Lane,98008,WA,hstarbuckai@blinklist.com
380,Lucho Curzey,9665 Roxbury Avenue,33994,FL,lcurzeyaj@buzzfeed.com
381,Sara-ann Grierson,763 Sutherland Court,23520,VA,sgriersonak@weather.com
382,Orlan Gowrie,89743 Kingsford Court,20456,DC,ogowrieal@telegraph.co.uk
383,Katalin Dyhouse,21907 Rutledge Place,46805,IN,kdyhouseam@sfgate.com
384,Killy Bispham,65799 Mariners Cove Junction,68105,NE,kbisphaman@marketwatch.com
385,Niccolo Halegarth,1801 Beilfuss Circle,97232,OR,nhalegarthao@theglobeandmail.com
386,Durward Pilling,93290 Helena Parkway,90040,CA,dpillingap@facebook.com
387,Marne Whiston,704 Lillian Pass,45490,OH,mwhistonaq@hexun.com
388,Hodge Amyes,42 Mendota Road,30022,GA,hamyesar@dot.gov
389,Chad Glading,54 Orin Crossing,76115,TX,cgladingas@so-net.ne.jp
390,Jobina Gillio,38295 Northport Park,11225,NY,jgillioat@fc2.com
391,Aloysius Servant,4742 Bartillon Parkway,25721,WV,aservantau@archive.org
392,Frasquito Pim,836 Stuart Point,38119,TN,fpimav@a8.net
393,Blanche Creenan,80351 Armistice Junction,64142,MO,bcreenanaw@google.com.au
394,Danielle Dreus,4 Warner Park,92176,CA,ddreusax@ed.gov
395,Kip Baldocci,5 Blue Bill Park Way,49544,MI,kbaldocciay@umich.edu
396,Peggy Greggor,0 Granby Terrace,91199,CA,pgreggoraz@fc2.com
397,Heidie Fehners,7879 Grasskamp Court,30089,GA,hfehnersb0@123-reg.co.uk
398,Carlee Heimann,36 Forster Crossing,24515,VA,cheimannb1@sciencedaily.com
399,Dell Guiver,4 Scoville Crossing,19810,DE,dguiverb2@joomla.org
400,Dix Mattioli,7450 Summit Place,79984,TX,dmattiolib3@mtv.com
401,Bud Webermann,9 Summer Ridge Hill,45249,OH,bwebermannb4@about.me
402,Rosalind Fawckner,09642 Northport Road,68164,NE,rfawcknerb5@nymag.com
403,Bea Wellum,6187 Butterfield Point,19120,PA,bwellumb6@cocolog-nifty.com
404,Rozina Dodd,4182 Beilfuss Hill,94544,CA,rdoddb7@webnode.com
405,Jacky Garmston,6 Clemons Way,78710,TX,jgarmstonb8@nps.gov
406,Quincy Rakes,7345 Knutson Hill,16550,PA,qrakesb9@freewebs.com
407,Lauree Onthank,369 Bunting Terrace,96840,HI,lonthankba@irs.gov
408,Frannie Weal,6801 Annamark Plaza,75265,TX,fwealbb@cbc.ca
409,Jeramey Heinz,0036 Jana Plaza,76505,TX,jheinzbc@dailymotion.com
410,Jorey Scallan,7835 Killdeer Way,53225,WI,jscallanbd@tinyurl.com
411,Winnah Bonwell,8 Elmside Alley,19610,PA,wbonwellbe@wsj.com
412,Romola Sercombe,4 Magdeline Plaza,47705,IN,rsercombebf@home.pl
413,Eal Sanz,086 Sullivan Trail,20073,DC,esanzbg@craigslist.org
414,Lacee Chalcot,65 Talmadge Plaza,25326,WV,lchalcotbh@sina.com.cn
415,Olav Opfer,68588 Oriole Way,85311,AZ,oopferbi@icio.us
416,Gavrielle Bernardi,7 Lakewood Pass,46699,IN,gbernardibj@army.mil
417,Patin Cork,5 Fordem Avenue,44321,OH,pcorkbk@wired.com
418,Towny Detoile,1 Buena Vista Avenue,92137,CA,tdetoilebl@comsenz.com
419,Cello Weber,3508 Arrowood Drive,77240,TX,cweberbm@rambler.ru
420,Bertrando Marrow,7 Tennessee Way,19146,PA,bmarrowbn@altervista.org
421,Freida Mintoff,8 Weeping Birch Plaza,10203,NY,fmintoffbo@oakley.com
422,Aleece Causby,65 Sloan Street,10019,NY,acausbybp@dot.gov
423,Clare Fotheringham,61695 Lunder Junction,20719,MD,cfotheringhambq@newsvine.com
424,Catherina Sweed,33792 Warrior Circle,12247,NY,csweedbr@apache.org
425,Arri Jollie,562 Tennyson Trail,28242,NC,ajolliebs@nih.gov
426,Vitoria Corbet,3019 Shoshone Point,38126,TN,vcorbetbt@disqus.com
427,Samuele Crewdson,0873 Barnett Parkway,78044,TX,screwdsonbu@usda.gov
428,Alvera Hinkens,5 Caliangt Terrace,77386,TX,ahinkensbv@imgur.com
429,Jannel Taye,8 Evergreen Hill,44393,OH,jtayebw@wikimedia.org
430,Mickie Rehme,05156 Waxwing Terrace,31704,GA,mrehmebx@imgur.com
431,Kippy Ricards,155 Lakewood Gardens Avenue,80638,CO,kricardsby@ezinearticles.com
432,Nalani Witherop,9 Kenwood Circle,10039,NY,nwitheropbz@xinhuanet.com
433,Findlay Young,65 Maywood Junction,71208,LA,fyoungc0@wix.com
434,Joly Fricke,62 5th Circle,40524,KY,jfrickec1@theguardian.com
435,Bryn O'Heagertie,543 Roxbury Road,70142,LA,boheagertiec2@answers.com
436,Nefen Burne,15 Monterey Plaza,70116,LA,nburnec3@opera.com
437,Abrahan Dartnall,88 Ludington Street,89519,NV,adartnallc4@woothemes.com
438,Bertie Beverstock,77 Garrison Center,20067,DC,bbeverstockc5@omniture.com
439,Darren Sawley,906 Derek Parkway,46015,IN,dsawleyc6@digg.com
440,Christoper MacAleese,5151 Spaight Way,92013,CA,cmacaleesec7@theatlantic.com
441,Glori Izachik,1535 Moulton Circle,10633,NY,gizachikc8@blog.com
442,Reta Obey,275 Swallow Court,13505,NY,robeyc9@blogspot.com
443,Galvin Garlett,56589 Becker Junction,01105,MA,ggarlettca@simplemachines.org
444,Lise Sans,198 Bartillon Parkway,60636,IL,lsanscb@archive.org
445,Karel Dews,5 Jay Trail,21239,MD,kdewscc@fema.gov
446,Stuart Walbrun,0 Eggendart Plaza,96820,HI,swalbruncd@loc.gov
447,Arie Wankling,85641 Acker Place,24024,VA,awanklingce@simplemachines.org
448,Chiquia Matejic,36 Division Junction,95405,CA,cmatejiccf@wired.com
449,Jennie Brunel,7388 Farmco Parkway,62764,IL,jbrunelcg@google.co.jp
450,Corliss Chislett,4 Artisan Park,06538,CT,cchislettch@mayoclinic.com
451,Vladamir de Copeman,3899 Buhler Circle,97405,OR,vdeci@printfriendly.com
452,Zola Swinyard,1 Bonner Trail,20337,DC,zswinyardcj@sourceforge.net
453,Devinne Possel,5 Mallard Plaza,81505,CO,dposselck@arizona.edu
454,Konstance Coucha,26 Fuller Avenue,07195,NJ,kcouchacl@smh.com.au
455,Stevie Sumpton,30 Lake View Place,66112,KS,ssumptoncm@cargocollective.com
456,Nataline Gillcrist,34999 Muir Way,32118,FL,ngillcristcn@arstechnica.com
457,Chas Domenicone,489 Warbler Trail,35805,AL,cdomeniconeco@rambler.ru
458,Romona Physick,07798 Dovetail Lane,13210,NY,rphysickcp@state.gov
459,Dominick Darbon,37 Express Center,77288,TX,ddarboncq@imgur.com
460,Morley Peschet,452 Aberg Street,32830,FL,mpeschetcr@sina.com.cn
461,Cam Antonsen,20 Northport Circle,27658,NC,cantonsencs@theglobeandmail.com
462,Myrtle Ranner,3016 Ronald Regan Parkway,28247,NC,mrannerct@istockphoto.com
463,Andrew Halvosen,318 Donald Park,02114,MA,ahalvosencu@plala.or.jp
464,Emalia Ricardo,57 Shasta Center,63110,MO,ericardocv@gmpg.org
465,Nanice Sheddan,58 Eastlawn Pass,89519,NV,nsheddancw@netscape.com
466,La verne Rival,832 Hudson Circle,94237,CA,lvernecx@youtube.com
467,Payton Jeffreys,65017 Springview Lane,88530,TX,pjeffreyscy@nih.gov
468,Stacia Whotton,99 Pond Drive,74116,OK,swhottoncz@stumbleupon.com
469,Costanza Jackett,981 Kenwood Circle,33610,FL,cjackettd0@businessinsider.com
470,Madge Berns,05195 Meadow Ridge Trail,44130,OH,mbernsd1@amazon.de
471,Jacquie Holyard,18335 Golf Street,33615,FL,jholyardd2@slashdot.org
472,Catherina Corsham,9031 Cardinal Junction,23612,VA,ccorshamd3@people.com.cn
473,Jamil Feeney,6789 Paget Drive,11447,NY,jfeeneyd4@github.com
474,Michaeline Blase,735 Bashford Place,22184,VA,mblased5@sfgate.com
475,Dallis Dearman,8983 Green Ridge Circle,80209,CO,ddearmand6@lycos.com
476,Hedwig Thomel,50 Welch Circle,68124,NE,hthomeld7@scribd.com
477,Rusty Weekley,8 Acker Hill,77293,TX,rweekleyd8@elpais.com
478,Darryl Flanaghan,77 Dixon Crossing,88579,TX,dflanaghand9@eepurl.com
479,Sibilla Greystock,4 Luster Terrace,90050,CA,sgreystockda@merriam-webster.com
480,Dukey McClaren,2 Donald Drive,11388,NY,dmcclarendb@umn.edu
481,Tamqrah Hulks,0 Jay Junction,92717,CA,thulksdc@naver.com
482,Caroljean Landy,55839 Bayside Alley,44111,OH,clandydd@berkeley.edu
483,Gertrude Joskovitch,6 Declaration Point,91131,CA,gjoskovitchde@illinois.edu
484,Cassi Lewsley,03 Bluejay Trail,92835,CA,clewsleydf@mail.ru
485,Nevil Spanswick,9 Corscot Hill,61825,IL,nspanswickdg@msu.edu
486,Natale Benning,0 Merry Avenue,98148,WA,nbenningdh@cdc.gov
487,Nanete O'Drought,060 Vera Place,79182,TX,nodroughtdi@freewebs.com
488,Jorge Hebblewaite,8386 Mcguire Trail,02114,MA,jhebblewaitedj@stanford.edu
489,Louisa Vanyarkin,59435 Merrick Plaza,53205,WI,lvanyarkindk@elegantthemes.com
490,Adrianna Ponsford,22302 International Avenue,13210,NY,aponsforddl@qq.com
491,Sayre Stenett,2787 Homewood Trail,32595,FL,sstenettdm@sohu.com
492,Jeanie Delmonti,8 Golden Leaf Street,85720,AZ,jdelmontidn@google.cn
493,Ellswerth Raoult,60 Gulseth Avenue,51110,IA,eraoultdo@arstechnica.com
494,Edi Shakespear,92 Sherman Alley,11499,NY,eshakespeardp@mapquest.com
495,Sharl Kneller,21684 Glacier Hill Alley,36125,AL,sknellerdq@webnode.com
496,Teddie Larn,6 Chive Park,85725,AZ,tlarndr@house.gov
497,Hobart Ciccotto,5 Norway Maple Point,92825,CA,hciccottods@arizona.edu
498,Janette Loxley,643 Lindbergh Road,49544,MI,jloxleydt@globo.com
499,Orly Lissaman,2297 Kensington Way,32526,FL,olissamandu@msu.edu
500,Alvan Rampling,91 Oakridge Point,33615,FL,aramplingdv@cnn.com
501,Coop Deadman,6125 Northwestern Park,91505,CA,cdeadmandw@sohu.com
502,Eal Orcott,82 Roxbury Parkway,77223,TX,eorcottdx@topsy.com
503,Charis Spark,83 Upham Circle,21239,MD,csparkdy@msu.edu
504,Darcy Molineaux,7 Kim Street,32627,FL,dmolineauxdz@ask.com
505,Godiva McAnellye,5384 Texas Junction,43240,OH,gmcanellyee0@ed.gov
506,Ahmed Cominoli,11 Marcy Park,46266,IN,acominolie1@loc.gov
507,Koralle Ixor,03 Karstens Court,83711,ID,kixore2@drupal.org
508,Lacie Attwooll,3116 Blackbird Center,37240,TN,lattwoolle3@ycombinator.com
509,Bea Aspel,0 Oak Pass,28220,NC,baspele4@acquirethisname.com
510,Amalia Packwood,49502 Vermont Street,86305,AZ,apackwoode5@pen.io
511,Francesco Forrest,83772 Arapahoe Circle,89166,NV,fforreste6@cnn.com
512,Harold Baake,3613 Banding Street,47737,IN,hbaakee7@berkeley.edu
513,Ardelis Blaszczak,31934 Meadow Ridge Crossing,39282,MS,ablaszczake8@twitter.com
514,Benito Shower,6 Shoshone Street,55146,MN,bshowere9@marketwatch.com
515,Leo Logg,208 Sommers Park,08650,NJ,lloggea@biblegateway.com
516,Marina Sleite,24567 Pennsylvania Avenue,38126,TN,msleiteeb@ustream.tv
517,Karisa Dufer,116 Mockingbird Drive,31119,GA,kduferec@msn.com
518,Dexter Rishbrook,1326 Hanover Alley,20238,DC,drishbrooked@goo.gl
519,Ashleigh Panas,87 Veith Street,55428,MN,apanasee@barnesandnoble.com
520,Pail Ofield,589 Bartillon Hill,62764,IL,pofieldef@youtube.com
521,Chandler Huller,6323 Dayton Road,55480,MN,chullereg@google.fr
522,Brett Coats,372 Becker Street,80951,CO,bcoatseh@senate.gov
523,Rayna Tweddle,7938 Northport Crossing,60663,IL,rtweddleei@stumbleupon.com
524,Raine Pruvost,235 Susan Pass,01129,MA,rpruvostej@nationalgeographic.com
525,Elset Flaws,19 Magdeline Lane,98195,WA,eflawsek@opera.com
526,Janis O'Fairy,84 Southridge Center,43215,OH,jofairyel@slideshare.net
527,Ax Murt,5853 Monument Parkway,34114,FL,amurtem@pcworld.com
528,Alisa Sannes,8 Arkansas Crossing,91103,CA,asannesen@dropbox.com
529,Noll Malone,2 Hauk Hill,70149,LA,nmaloneeo@wordpress.com
530,Patten Stamper,0507 Talmadge Circle,33310,FL,pstamperep@mail.ru
531,Hillier Boots,092 Aberg Trail,20041,DC,hbootseq@skype.com
532,Adela Belton,4374 Luster Way,68197,NE,abeltoner@prnewswire.com
533,Tally Ditzel,7 Maple Wood Park,97271,OR,tditzeles@tmall.com
534,Moira Rattrie,547 Boyd Way,19125,PA,mrattrieet@auda.org.au
535,Alvis Ciardo,1 International Court,15286,PA,aciardoeu@wikipedia.org
536,Sheri Damato,4 Lukken Junction,01105,MA,sdamatoev@t.co
537,Janela Blose,68 Claremont Plaza,92013,CA,jbloseew@discovery.com
538,Dmitri Goodwins,993 4th Drive,25313,WV,dgoodwinsex@netvibes.com
539,Pietro Burras,9 Pierstorff Road,32964,FL,pburrasey@sina.com.cn
540,Hillary Clunie,1 Oxford Hill,81505,CO,hclunieez@joomla.org
541,Thatch Sterry,5292 Scoville Way,60657,IL,tsterryf0@tinypic.com
542,Deeann Helstrip,63 Kenwood Place,45408,OH,dhelstripf1@bbc.co.uk
543,Leighton Matterson,7012 Stone Corner Junction,47737,IN,lmattersonf2@timesonline.co.uk
544,Michail Moles,913 Onsgard Way,80270,CO,mmolesf3@tinyurl.com
545,Tiena Jopling,0 Dapin Terrace,78426,TX,tjoplingf4@constantcontact.com
546,Kingston Scammonden,61043 Kipling Alley,49018,MI,kscammondenf5@zimbio.com
547,Tad Thelwll,2579 Milwaukee Hill,46699,IN,tthelwllf6@hp.com
548,Billye Bentham,2 Crownhardt Circle,93591,CA,bbenthamf7@indiegogo.com
549,Sukey Veque,74506 Orin Park,30096,GA,svequef8@addtoany.com
550,Nadeen Craw,30160 Calypso Drive,61105,IL,ncrawf9@icio.us
551,Ber Pentlow,694 Eliot Alley,76205,TX,bpentlowfa@webs.com
552,Gardner Blas,45247 Manitowish Way,47719,IN,gblasfb@google.cn
553,Gayle Hirschmann,3571 Farmco Crossing,33028,FL,ghirschmannfc@goo.ne.jp
554,Clay Zecchii,133 Bartillon Circle,45254,OH,czecchiifd@ning.com
555,Caro Ayliffe,42 Corben Trail,32891,FL,cayliffefe@jugem.jp
556,Ozzy Junes,9215 Anthes Plaza,13505,NY,ojunesff@photobucket.com
557,Anita Gurr,3 Heath Place,99517,AK,agurrfg@over-blog.com
558,Caralie Sanpher,84489 Monument Avenue,32808,FL,csanpherfh@seesaa.net
559,Eddy Baglin,91 Forster Road,96810,HI,ebaglinfi@marriott.com
560,Wye Salling,697 Marcy Alley,97405,OR,wsallingfj@webeden.co.uk
561,Fanechka Sannes,45 Mesta Point,23663,VA,fsannesfk@wix.com
562,Arabele Pettersen,1 Red Cloud Parkway,60652,IL,apettersenfl@issuu.com
563,Giacomo Brickner,18407 Kim Court,97286,OR,gbricknerfm@gov.uk
564,Nanine Grubbe,9 Village Crossing,71166,LA,ngrubbefn@nifty.com
565,Lainey Zoppie,05 Kingsford Pass,92705,CA,lzoppiefo@mayoclinic.com
566,Myranda Haugen,98 Red Cloud Drive,53785,WI,mhaugenfp@cnn.com
567,Adolf Stirrip,5249 Coolidge Trail,30368,GA,astirripfq@miibeian.gov.cn
568,Antonin Geram,1 Lerdahl Place,20167,VA,ageramfr@wikia.com
569,Polly Batisse,94 Delaware Alley,36195,AL,pbatissefs@bloomberg.com
570,Grantley Bartoletti,6 Kropf Plaza,44393,OH,gbartolettift@mashable.com
571,Georgine Jandera,966 Schlimgen Alley,46814,IN,gjanderafu@businessweek.com
572,Lianna Bampkin,479 Helena Park,17110,PA,lbampkinfv@cafepress.com
573,Archambault Alner,9 Mayfield Crossing,75392,TX,aalnerfw@ed.gov
574,Inglis Chupin,899 Sunfield Hill,94207,CA,ichupinfx@ifeng.com
575,Jeremy Orrice,52290 Northwestern Alley,48232,MI,jorricefy@si.edu
576,Brod Vinall,1779 Nova Court,47747,IN,bvinallfz@ucla.edu
577,Boothe Kerbey,25 Laurel Plaza,19184,PA,bkerbeyg0@cbslocal.com
578,Paulo Benitti,3617 Eggendart Way,37939,TN,pbenittig1@google.it
579,Rafaellle Eskrick,26463 Forest Dale Lane,88584,TX,reskrickg2@hostgator.com
580,Elmore Lawther,700 Del Sol Trail,20220,DC,elawtherg3@google.com
581,Lanita MacCostye,400 Service Avenue,88579,TX,lmaccostyeg4@wp.com
582,Garek Fayne,9752 Hollow Ridge Park,94154,CA,gfayneg5@goo.gl
583,Rustin Silman,4012 Shopko Plaza,89595,NV,rsilmang6@buzzfeed.com
584,Alex Staton,2 Comanche Junction,35405,AL,astatong7@phpbb.com
585,Lindsey Barrus,63 Kensington Center,85062,AZ,lbarrusg8@wisc.edu
586,Matthew Deverock,38190 Shopko Place,14233,NY,mdeverockg9@upenn.edu
587,Bertha Blackey,0 Oakridge Parkway,98464,WA,bblackeyga@cdc.gov
588,Sharlene Roskelly,228 Nevada Pass,78405,TX,sroskellygb@dailymotion.com
589,Wanda Ransbury,3026 Hanson Park,10150,NY,wransburygc@weather.com
590,Luciano Sextie,7 Cascade Parkway,24020,VA,lsextiegd@cargocollective.com
591,Dori Farnell,34991 Brown Junction,46239,IN,dfarnellge@t-online.de
592,Marvin Lenz,0576 Sunbrook Street,85053,AZ,mlenzgf@twitter.com
593,Duncan Challiner,8270 Roxbury Drive,30375,GA,dchallinergg@marketwatch.com
594,Valida Erett,54621 Heffernan Road,77218,TX,verettgh@ucla.edu
595,Johnny Bilham,1 Jenna Parkway,32605,FL,jbilhamgi@webnode.com
596,Natalie Binton,95 Sunnyside Junction,98417,WA,nbintongj@1und1.de
597,Melodee Wombwell,6 Meadow Valley Junction,33742,FL,mwombwellgk@last.fm
598,Devlen Probets,105 Bay Point,47732,IN,dprobetsgl@vkontakte.ru
599,Gabie Jellico,0686 Delaware Lane,23324,VA,gjellicogm@loc.gov
600,Missy Mascall,34 Sutherland Avenue,23612,VA,mmascallgn@1688.com
601,Catherin Diehn,1 Gulseth Hill,18018,PA,cdiehngo@youtube.com
602,Cherrita MacKill,0 Oriole Terrace,47705,IN,cmackillgp@abc.net.au
603,Yehudi Dix,815 Pennsylvania Parkway,66606,KS,ydixgq@shutterfly.com
604,Odey Triner,215 Welch Alley,34629,FL,otrinergr@ca.gov
605,Mamie Hebblewhite,89 Barby Avenue,35220,AL,mhebblewhitegs@dailymail.co.uk
606,Melva Primo,60 Caliangt Road,79989,TX,mprimogt@bbc.co.uk
607,Koressa Jevons,94 Huxley Street,20062,DC,kjevonsgu@booking.com
608,Chalmers O'Drought,0 Barby Street,77005,TX,codroughtgv@google.pl
609,Sacha Morrish,9 Green Hill,43615,OH,smorrishgw@w3.org
610,Annecorinne Paliser,223 Hovde Park,77035,TX,apalisergx@washingtonpost.com
611,Tammie Conman,4 Surrey Road,44130,OH,tconmangy@furl.net
612,Pansy Durban,3901 Cambridge Circle,37919,TN,pdurbangz@youku.com
613,Shandie Lethibridge,618 Milwaukee Center,32941,FL,slethibridgeh0@nps.gov
614,Edik Aldie,59 Bayside Crossing,27499,NC,ealdieh1@ustream.tv
615,Gerald Jans,630 Ludington Place,92555,CA,gjansh2@upenn.edu
616,Kitti Refford,11486 Lukken Terrace,02109,MA,kreffordh3@skype.com
617,Birk Georg,58362 Gerald Road,77305,TX,bgeorgh4@ucoz.ru
618,Meghann Grimbleby,2627 Carioca Hill,10454,NY,mgrimblebyh5@ycombinator.com
619,Elliott Scarth,647 Holy Cross Junction,67236,KS,escarthh6@virginia.edu
620,Mirella Trowsdale,73 Tony Alley,11225,NY,mtrowsdaleh7@dailymotion.com
621,Tatum Oliva,24254 Bunting Plaza,10039,NY,tolivah8@engadget.com
622,Martyn Didsbury,68261 Hollow Ridge Road,20189,VA,mdidsburyh9@desdev.cn
623,Bil Cassy,4532 Orin Terrace,95194,CA,bcassyha@yelp.com
624,Flori Josefovic,7745 Harbort Park,30092,GA,fjosefovichb@nbcnews.com
625,Pauline Petrou,615 Leroy Drive,75310,TX,ppetrouhc@un.org
626,Hector Ajean,41016 Independence Circle,87190,NM,hajeanhd@discovery.com
627,Katy Blaymires,545 International Parkway,47732,IN,kblaymireshe@list-manage.com
628,Fin Barts,68 Canary Alley,36119,AL,fbartshf@nytimes.com
629,Sutton Jiri,2223 Sullivan Pass,22309,VA,sjirihg@bloglines.com
630,Odie Conduit,5 Warner Terrace,25711,WV,oconduithh@virginia.edu
631,Amerigo Skaid,05 Karstens Plaza,10150,NY,askaidhi@chron.com
632,Ursola McOnie,7 Thierer Place,23228,VA,umconiehj@bloglines.com
633,Kathlin Fiddiman,4748 Hermina Junction,93150,CA,kfiddimanhk@ed.gov
634,Gilles Gorini,119 Monica Street,30061,GA,ggorinihl@cnbc.com
635,Kissee Dodwell,40519 Annamark Court,51110,IA,kdodwellhm@msu.edu
636,Darcey Daskiewicz,7 Bluejay Park,33164,FL,ddaskiewiczhn@mashable.com
637,Montague Yve,1962 Laurel Street,27150,NC,myveho@economist.com
638,Regen Keuneke,279 Bashford Street,32610,FL,rkeunekehp@list-manage.com
639,Philly Kaser,2979 Cambridge Place,80204,CO,pkaserhq@mayoclinic.com
640,Laney Sokell,5 Sheridan Lane,33320,FL,lsokellhr@bigcartel.com
641,Chrystal Chave,47498 Gateway Plaza,20299,DC,cchavehs@istockphoto.com
642,Ara Heaford,47904 Starling Circle,20195,VA,aheafordht@zdnet.com
643,Daron Colicot,294 Forest Hill,48232,MI,dcolicothu@elpais.com
644,Benoit Bunston,1251 Express Avenue,25305,WV,bbunstonhv@reddit.com
645,Pebrook Guerre,912 Riverside Drive,40581,KY,pguerrehw@flavors.me
646,Adore Croucher,56 Arkansas Plaza,33884,FL,acroucherhx@nhs.uk
647,Sumner Boaler,482 Butternut Junction,20816,MD,sboalerhy@cpanel.net
648,Gregorius Mc Gorley,8 Fairfield Street,76105,TX,gmchz@github.com
649,Rollie Breagan,561 Mallard Point,02119,MA,rbreagani0@sbwire.com
650,Jefferey Duran,092 Center Trail,30351,GA,jdurani1@dailymail.co.uk
651,Udale Prattin,72088 Bellgrove Hill,44555,OH,uprattini2@apache.org
652,Perice Hatchell,99 Comanche Alley,76115,TX,phatchelli3@com.com
653,Mal Middell,73437 Jenna Pass,14269,NY,mmiddelli4@deliciousdays.com
654,Brnaba Petrollo,593 Transport Circle,61825,IL,bpetrolloi5@ifeng.com
655,Lucine Reimer,73 Cordelia Circle,36104,AL,lreimeri6@youtube.com
656,Benton Besque,0454 Garrison Lane,80940,CO,bbesquei7@foxnews.com
657,Darell Pindell,1465 Jana Center,97240,OR,dpindelli8@printfriendly.com
658,Davie Loughran,63 International Parkway,80925,CO,dloughrani9@ocn.ne.jp
659,Zacharia Clausner,89757 Independence Trail,79934,TX,zclausneria@altervista.org
660,Jule Sparks,0 Kipling Hill,01610,MA,jsparksib@themeforest.net
661,Steffi Dooney,390 Armistice Crossing,77095,TX,sdooneyic@china.com.cn
662,Franny Lakenden,057 Stephen Avenue,29240,SC,flakendenid@pinterest.com
663,Ulrikaumeko Woodwind,745 Esker Point,74141,OK,uwoodwindie@nytimes.com
664,Ives Wolfarth,99378 Delladonna Road,85072,AZ,iwolfarthif@sbwire.com
665,Somerset Hawler,793 Park Meadow Avenue,32919,FL,shawlerig@adobe.com
666,Caritta Palia,85 Hallows Alley,20557,DC,cpaliaih@phoca.cz
667,Odo MacAirt,9131 Lindbergh Terrace,44185,OH,omacairtii@simplemachines.org
668,Barbey Else,88 Mallard Hill,93740,CA,belseij@arizona.edu
669,Tildy Klousner,638 Milwaukee Court,80995,CO,tklousnerik@wordpress.org
670,Mirabelle Dysart,1 Hooker Place,89436,NV,mdysartil@wiley.com
671,Tabbie Darco,98348 Lakewood Crossing,20226,DC,tdarcoim@techcrunch.com
672,Alissa Swaden,741 Briar Crest Plaza,85005,AZ,aswadenin@themeforest.net
673,Drucill Solomonides,57 Anderson Hill,79159,TX,dsolomonidesio@about.com
674,Hermann Booi,829 Pine View Junction,18514,PA,hbooiip@moonfruit.com
675,Godart Spofford,95735 Mayfield Street,63110,MO,gspoffordiq@dell.com
676,Robinet Brownhill,92804 Fieldstone Trail,29615,SC,rbrownhillir@sohu.com
677,Horacio Roycroft,394 Cherokee Place,98206,WA,hroycroftis@digg.com
678,Aubine Risbrough,20742 Arkansas Place,48224,MI,arisbroughit@miitbeian.gov.cn
679,Correy Stillman,2019 Hooker Hill,19495,PA,cstillmaniu@aol.com
680,Lodovico Kuhnwald,0 Michigan Pass,94622,CA,lkuhnwaldiv@whitehouse.gov
681,Hart Romero,56762 Ryan Trail,74184,OK,hromeroiw@alibaba.com
682,Bonnee Boltwood,11768 Waubesa Road,89155,NV,bboltwoodix@webs.com
683,Jasen Cressey,500 Fordem Plaza,91117,CA,jcresseyiy@hibu.com
684,Gael Winspurr,5 Michigan Alley,92196,CA,gwinspurriz@wisc.edu
685,Tina Pinney,2 5th Parkway,32803,FL,tpinneyj0@miibeian.gov.cn
686,Rheba MacLaren,923 Bunker Hill Court,33405,FL,rmaclarenj1@facebook.com
687,Tab Antonopoulos,3610 Jay Point,20883,MD,tantonopoulosj2@illinois.edu
688,Tomkin Knudsen,1 Goodland Junction,53225,WI,tknudsenj3@psu.edu
689,Kiersten Creber,9610 Boyd Terrace,33954,FL,kcreberj4@salon.com
690,Martha Flintuff,8 Roxbury Junction,27455,NC,mflintuffj5@whitehouse.gov
691,Roddy Keppe,4 Derek Crossing,20195,VA,rkeppej6@businesswire.com
692,Shelly Slater,0638 Iowa Circle,89510,NV,sslaterj7@cafepress.com
693,Kienan Taggerty,7 Sullivan Terrace,66629,KS,ktaggertyj8@amazon.de
694,Camey Schrieves,5174 Carpenter Junction,78210,TX,cschrievesj9@dedecms.com
695,Krissie Jacop,1 Michigan Street,93726,CA,kjacopja@webnode.com
696,Warner Ebhardt,84 Buena Vista Way,55446,MN,webhardtjb@infoseek.co.jp
697,Konstanze Ferrara,8653 Lakeland Junction,11447,NY,kferrarajc@e-recht24.de
698,Layton Pleven,70 Namekagon Junction,14609,NY,lplevenjd@freewebs.com
699,Renell Doget,26979 Ramsey Point,55108,MN,rdogetje@rakuten.co.jp
700,Jean Condit,61843 Banding Place,53210,WI,jconditjf@multiply.com
701,Emeline Dominy,6462 Bellgrove Court,46867,IN,edominyjg@feedburner.com
702,Valina Corish,1 Mifflin Street,19115,PA,vcorishjh@purevolume.com
703,Kristi Goolding,823 Hazelcrest Parkway,62718,IL,kgooldingji@sun.com
704,Kitti McCrackem,71144 Scott Way,46266,IN,kmccrackemjj@discuz.net
705,Marget Shafto,5 Gateway Lane,55565,MN,mshaftojk@zimbio.com
706,Fredek Andras,76685 Delladonna Pass,15210,PA,fandrasjl@army.mil
707,Marge Hartshorne,78178 Sundown Plaza,95354,CA,mhartshornejm@imageshack.us
708,Amber Tunney,1 Haas Alley,29240,SC,atunneyjn@home.pl
709,Dominique Kitchenside,8729 Nobel Circle,23237,VA,dkitchensidejo@tamu.edu
710,Kimble Masterman,965 Forest Avenue,95828,CA,kmastermanjp@hostgator.com
711,Colan Sallnow,48 Oak Valley Point,33647,FL,csallnowjq@hubpages.com
712,Janey Maccaddie,8672 Green Court,55487,MN,jmaccaddiejr@163.com
713,Deina Garred,025 Fallview Crossing,11254,NY,dgarredjs@wordpress.com
714,Annissa Deboick,21 Merrick Crossing,88569,TX,adeboickjt@chronoengine.com
715,Evelin Matchitt,88 3rd Junction,33064,FL,ematchittju@economist.com
716,Evvie Dudding,9271 Bunting Alley,75799,TX,eduddingjv@eepurl.com
717,Isac Kristiansen,1 Randy Parkway,93111,CA,ikristiansenjw@mail.ru
718,Casar Botterman,1340 Hallows Place,75231,TX,cbottermanjx@furl.net
719,Minny Ladbury,8 Bashford Drive,83711,ID,mladburyjy@dyndns.org
720,Jaquelyn McGreay,01645 Tennyson Drive,76711,TX,jmcgreayjz@comcast.net
721,Eartha De la Yglesia,1525 Toban Junction,94263,CA,edek0@cocolog-nifty.com
722,Constantine Tuohy,2 Ramsey Park,53710,WI,ctuohyk1@cafepress.com
723,Marylee Beautyman,203 Kedzie Road,32412,FL,mbeautymank2@google.es
724,Gertrud Buffham,9616 Comanche Terrace,27404,NC,gbuffhamk3@geocities.com
725,Hatti Kurth,70 Lerdahl Way,90055,CA,hkurthk4@meetup.com
726,Nike Down,1 Schiller Trail,10606,NY,ndownk5@creativecommons.org
727,Harmon Slot,1 Carberry Point,70165,LA,hslotk6@sciencedaily.com
728,Chane Curtis,6 Brentwood Court,85271,AZ,ccurtisk7@harvard.edu
729,Roch Besemer,54153 Harbort Parkway,10150,NY,rbesemerk8@blogs.com
730,Rori Casson,3 Union Road,28289,NC,rcassonk9@wsj.com
731,Devina Whitehorne,78 Birchwood Hill,89012,NV,dwhitehorneka@kickstarter.com
732,Cass Sissons,0115 Fallview Pass,10090,NY,csissonskb@blog.com
733,Colver Lenormand,6872 Ronald Regan Parkway,20397,DC,clenormandkc@ezinearticles.com
734,Lauryn Trout,118 Helena Court,92710,CA,ltroutkd@wufoo.com
735,Darlleen Eastment,8129 Reinke Road,77228,TX,deastmentke@cam.ac.uk
736,Ashely Gooder,48866 Scofield Circle,36616,AL,agooderkf@wikipedia.org
737,Merline Cheeke,6 Homewood Plaza,70160,LA,mcheekekg@scribd.com
738,Livia Le Brom,0836 Dottie Road,25326,WV,llekh@google.fr
739,Bear Sinyard,919 Warbler Avenue,94405,CA,bsinyardki@va.gov
740,Ilyssa McKmurrie,6143 Rieder Terrace,33034,FL,imckmurriekj@domainmarket.com
741,Emylee Cleveley,76 Kropf Way,92405,CA,ecleveleykk@nifty.com
742,Tory Cracie,4558 Amoth Place,24014,VA,tcraciekl@ibm.com
743,Devin Isaacson,496 Lighthouse Bay Plaza,02162,MA,disaacsonkm@unc.edu
744,Leontine Niles,82 Petterle Hill,20397,DC,lnileskn@prweb.com
745,Jerrilyn Reicharz,5 Goodland Drive,89120,NV,jreicharzko@addtoany.com
746,Moselle Titterton,674 Oxford Way,36641,AL,mtittertonkp@theatlantic.com
747,Sophronia Preece,49198 Cordelia Way,52804,IA,spreecekq@wordpress.org
748,Kirk Machel,2 South Court,48224,MI,kmachelkr@vkontakte.ru
749,Rhodie Pynner,02120 Drewry Plaza,39204,MS,rpynnerks@hhs.gov
750,Valerie Sage,0 Chinook Trail,67220,KS,vsagekt@cdc.gov
751,Betteanne Worsam,64 Northfield Way,47812,IN,bworsamku@cornell.edu
752,Marla Neubigging,6 North Alley,39236,MS,mneubiggingkv@deliciousdays.com
753,Roxy Cahani,7521 Hooker Terrace,79911,TX,rcahanikw@multiply.com
754,Briano Layfield,968 Rockefeller Street,10249,NY,blayfieldkx@spiegel.de
755,Correy Louedey,4278 Hudson Pass,64125,MO,clouedeyky@intel.com
756,Federico Burnell,962 Hoard Way,61629,IL,fburnellkz@ask.com
757,Betteanne Jenicke,9 Continental Pass,27605,NC,bjenickel0@google.fr
758,Denney Gerred,23 Logan Center,35215,AL,dgerredl1@yahoo.com
759,Pammi Breston,6011 Superior Way,33164,FL,pbrestonl2@deviantart.com
760,Aila Roddam,0180 Rutledge Avenue,62794,IL,aroddaml3@prweb.com
761,Crawford Bradnock,71396 Mosinee Avenue,93584,CA,cbradnockl4@google.es
762,Harli Consadine,6 Lien Park,27717,NC,hconsadinel5@photobucket.com
763,Brody O'Looney,683 Artisan Circle,70815,LA,bolooneyl6@plala.or.jp
764,Cale Madigan,01679 Dennis Trail,29424,SC,cmadiganl7@studiopress.com
765,Vern Camelli,4735 Schurz Plaza,08608,NJ,vcamellil8@posterous.com
766,Emilio Sundin,6074 Butterfield Trail,14614,NY,esundinl9@lycos.com
767,Munroe Kidgell,265 Coleman Crossing,06726,CT,mkidgellla@msu.edu
768,Gunilla Bennington,91 Tennessee Avenue,55448,MN,gbenningtonlb@phoca.cz
769,Arielle Liveing,16160 Annamark Lane,87592,NM,aliveinglc@tamu.edu
770,Ranna Corradetti,63285 Ridgeway Way,33615,FL,rcorradettild@nydailynews.com
771,Luci Bessant,6623 Spaight Terrace,12262,NY,lbessantle@tripadvisor.com
772,Weston Valois,85219 Johnson Drive,40745,KY,wvaloislf@google.it
773,Lilia MacGuffog,79756 8th Point,66611,KS,lmacguffoglg@google.it
774,Verina Ormrod,37 Messerschmidt Circle,34114,FL,vormrodlh@youtube.com
775,Aidan Huffa,03 Nancy Trail,26505,WV,ahuffali@histats.com
776,Merrel Boyse,49 Marquette Place,60078,IL,mboyselj@yellowpages.com
777,Mela Kimbly,60274 Burning Wood Crossing,32118,FL,mkimblylk@tinypic.com
778,Georgy O'Driscole,61024 Vera Circle,02162,MA,godriscolell@nhs.uk
779,Alleen Dodsworth,65216 Elgar Drive,80910,CO,adodsworthlm@yahoo.com
780,Christoforo Wedge,99 Pierstorff Park,63104,MO,cwedgeln@blinklist.com
781,Rooney Miners,4435 Manufacturers Point,35205,AL,rminerslo@weather.com
782,Morrie Allso,988 Weeping Birch Lane,10184,NY,mallsolp@odnoklassniki.ru
783,Lorrin Leather,7148 Scofield Place,79165,TX,lleatherlq@bizjournals.com
784,Mufinella Hawler,8 Springs Trail,48275,MI,mhawlerlr@auda.org.au
785,Amalee Bristo,80954 Johnson Terrace,79188,TX,abristols@utexas.edu
786,Gerick McGrann,46317 Waxwing Court,78230,TX,gmcgrannlt@ifeng.com
787,Alphonso Tousey,832 Bartillon Junction,94660,CA,atouseylu@irs.gov
788,Den McCorry,0444 Prentice Parkway,33710,FL,dmccorrylv@surveymonkey.com
789,Kial Fludgate,16884 Grim Terrace,45243,OH,kfludgatelw@paginegialle.it
790,Rees Burnup,7 Hansons Crossing,70820,LA,rburnuplx@linkedin.com
791,Dory Corkett,2352 Bowman Lane,93715,CA,dcorkettly@marketwatch.com
792,Layton Feeham,37080 Meadow Ridge Center,20414,DC,lfeehamlz@hud.gov
793,Gilemette Arlow,427 Algoma Street,77705,TX,garlowm0@sciencedirect.com
794,Alonzo Tink,35 Heath Hill,76205,TX,atinkm1@1und1.de
795,Kriste Rippen,03 Maple Crossing,80920,CO,krippenm2@home.pl
796,Catherine Urwin,13392 Rowland Plaza,06705,CT,curwinm3@usatoday.com
797,Myrta Stennett,491 Pawling Pass,89110,NV,mstennettm4@cargocollective.com
798,Vivien McArdell,01920 Bluejay Avenue,25716,WV,vmcardellm5@mayoclinic.com
799,Audie Furmedge,02 Hudson Place,56398,MN,afurmedgem6@pagesperso-orange.fr
800,Roddie Hollyland,73104 Browning Lane,32885,FL,rhollylandm7@zimbio.com
801,Art Matteoni,9 Nova Park,25770,WV,amatteonim8@shop-pro.jp
802,Dixie Diperaus,588 Oxford Trail,35236,AL,ddiperausm9@wp.com
803,Cull Giamo,5681 Dapin Circle,38308,TN,cgiamoma@scribd.com
804,Dore Simants,25 Transport Circle,94147,CA,dsimantsmb@yahoo.co.jp
805,Pearle Runham,58806 Logan Crossing,88553,TX,prunhammc@amazon.co.uk
806,Abey Blitz,5 Artisan Alley,77085,TX,ablitzmd@list-manage.com
807,Dal Lindwall,483 Di Loreto Junction,98682,WA,dlindwallme@jiathis.com
808,Rodina Bourchier,26 Village Green Street,14604,NY,rbourchiermf@europa.eu
809,Howie Vignal,6045 Russell Point,31106,GA,hvignalmg@thetimes.co.uk
810,Algernon Gamil,18797 Shelley Way,79999,TX,agamilmh@cbslocal.com
811,Dix Watford,4 Forest Dale Way,78465,TX,dwatfordmi@imageshack.us
812,Siegfried Ritelli,4179 Fairview Trail,90610,CA,sritellimj@cam.ac.uk
813,Debora Crellin,59 Warrior Trail,89193,NV,dcrellinmk@wix.com
814,Noni Alldred,13 Hoard Circle,02142,MA,nalldredml@networkadvertising.org
815,Julianne Scirman,09 Fisk Plaza,28205,NC,jscirmanmm@disqus.com
816,Neil Wontner,32 Gina Road,21405,MD,nwontnermn@washingtonpost.com
817,Susannah Frede,8300 Burrows Circle,55428,MN,sfredemo@engadget.com
818,Stu Lufkin,1 Elka Crossing,55146,MN,slufkinmp@wikispaces.com
819,Karon Brunn,7070 Del Mar Hill,43635,OH,kbrunnmq@blogspot.com
820,Ilysa Tideswell,389 Evergreen Plaza,27626,NC,itideswellmr@wiley.com
821,Dom Canet,20246 Hayes Place,85754,AZ,dcanetms@tmall.com
822,Gavrielle Mawhinney,1 Talmadge Court,20195,VA,gmawhinneymt@51.la
823,Rab Dawtrey,281 Southridge Plaza,34643,FL,rdawtreymu@phpbb.com
824,Billie Segges,10 Derek Way,96805,HI,bseggesmv@angelfire.com
825,Eden Alessandretti,58959 Sunbrook Crossing,90510,CA,ealessandrettimw@flickr.com
826,Zaccaria Roke,82 Rieder Place,94807,CA,zrokemx@usatoday.com
827,Gordy Iwanczyk,37 Sunbrook Court,33164,FL,giwanczykmy@issuu.com
828,Kareem Ceci,2370 Iowa Street,74156,OK,kcecimz@earthlink.net
829,Gottfried Colombier,0 Bunting Hill,78744,TX,gcolombiern0@taobao.com
830,Sly Lapidus,0958 Lukken Place,99709,AK,slapidusn1@vistaprint.com
831,Vasily Wynch,573 Burning Wood Point,48092,MI,vwynchn2@pagesperso-orange.fr
832,Ileana Meriott,36488 Barby Road,40220,KY,imeriottn3@theglobeandmail.com
833,Jolyn Lett,3464 Ryan Terrace,55480,MN,jlettn4@goo.gl
834,Nettle Mintoft,245 Luster Plaza,98464,WA,nmintoftn5@xinhuanet.com
835,Miran Lyle,480 Darwin Way,33972,FL,mlylen6@admin.ch
836,Sander Breheny,600 Annamark Court,73173,OK,sbrehenyn7@goo.gl
837,Hanna Monan,2405 Drewry Court,33315,FL,hmonann8@thetimes.co.uk
838,Duffy Walster,4 Birchwood Pass,02472,MA,dwalstern9@vistaprint.com
839,Lucita Hehir,6427 Brown Way,84605,UT,lhehirna@ehow.com
840,Jeromy Almon,49 Rusk Drive,47737,IN,jalmonnb@epa.gov
841,Benson Thinn,98 Melvin Crossing,17126,PA,bthinnnc@kickstarter.com
842,Barri Seamark,817 Golden Leaf Avenue,29579,SC,bseamarknd@netvibes.com
843,Anna-diane Ramelet,50099 Menomonie Court,18706,PA,arameletne@slate.com
844,Baillie Woodson,0927 Kensington Junction,37220,TN,bwoodsonnf@japanpost.jp
845,Shell Mc Faul,5897 Fairview Drive,75387,TX,smcng@theglobeandmail.com
846,Layla Burling,6 Melrose Alley,52410,IA,lburlingnh@techcrunch.com
847,Conrade Izhak,00096 Judy Alley,60609,IL,cizhakni@edublogs.org
848,Scarlett Willavize,936 Atwood Lane,30301,GA,swillavizenj@naver.com
849,Zelig Cearley,3711 Kennedy Lane,73034,OK,zcearleynk@dmoz.org
850,Corny Kliemke,8952 Doe Crossing Point,94291,CA,ckliemkenl@va.gov
851,Clerc Ollerhad,3 Drewry Crossing,47737,IN,collerhadnm@yandex.ru
852,Flossie Pischof,431 Judy Plaza,90087,CA,fpischofnn@csmonitor.com
853,Basil Trask,8108 Morning Place,89550,NV,btraskno@xinhuanet.com
854,Carolann Wordsworth,003 Sage Point,97286,OR,cwordsworthnp@japanpost.jp
855,Andrey Davie,1779 Bellgrove Court,45470,OH,adavienq@wordpress.org
856,Cherida Liepins,51 Jenifer Junction,31165,GA,cliepinsnr@1und1.de
857,Stanfield Summersett,4 Badeau Place,78265,TX,ssummersettns@storify.com
858,Estell Allport,0344 Algoma Crossing,75226,TX,eallportnt@mail.ru
859,Becka Middlewick,0 Lake View Avenue,85025,AZ,bmiddlewicknu@buzzfeed.com
860,Nerta Cossans,8 Clemons Place,32819,FL,ncossansnv@cnn.com
861,Peter Stennine,07 Delladonna Circle,80905,CO,pstenninenw@reddit.com
862,Dani Clouter,649 Oneill Pass,91913,CA,dclouternx@flavors.me
863,Prue Creffeild,19988 Ryan Road,75705,TX,pcreffeildny@wix.com
864,Rowney Wharfe,5 Gulseth Street,12247,NY,rwharfenz@amazonaws.com
865,Blanch Larvin,32 Corben Pass,33906,FL,blarvino0@redcross.org
866,Claudell Schusterl,817 Sachs Place,01605,MA,cschusterlo1@cafepress.com
867,Aldon Laste,87373 Farwell Pass,85083,AZ,alasteo2@noaa.gov
868,Humfried Yakunikov,130 Scott Pass,14263,NY,hyakunikovo3@tinyurl.com
869,Siana Gutch,1 Buell Park,47719,IN,sgutcho4@naver.com
870,Kristos Cottesford,57325 Kropf Street,23324,VA,kcottesfordo5@opensource.org
871,Ariana Halshaw,3284 7th Avenue,48242,MI,ahalshawo6@fema.gov
872,Dasya Hadwin,10182 Village Street,45218,OH,dhadwino7@edublogs.org
873,Emlynn Mabbett,21 New Castle Way,44505,OH,emabbetto8@about.com
874,Papagena Mea,4 Graedel Center,06510,CT,pmeao9@twitpic.com
875,Othelia Spinley,410 Beilfuss Parkway,27658,NC,ospinleyoa@msu.edu
876,Mel Toal,9 Southridge Crossing,79705,TX,mtoalob@yolasite.com
877,Martita Rysom,61946 Oakridge Pass,60681,IL,mrysomoc@odnoklassniki.ru
878,Othilia Shafe,2157 3rd Alley,19191,PA,oshafeod@youtu.be
879,Mary O'Kennavain,899 Mitchell Point,19184,PA,mokennavainoe@pcworld.com
880,Dallas Yon,4146 Carey Hill,55805,MN,dyonof@ehow.com
881,Sigismondo Artinstall,40433 Kedzie Center,85715,AZ,sartinstallog@google.ru
882,Bernardine Piele,64 Cottonwood Court,32399,FL,bpieleoh@domainmarket.com
883,Jarrod Gallamore,05125 Mcguire Avenue,71130,LA,jgallamoreoi@home.pl
884,Martynne Braidwood,4 Arizona Lane,76121,TX,mbraidwoodoj@multiply.com
885,Salomone Leason,82 Nelson Drive,94522,CA,sleasonok@sun.com
886,Evonne Mangenet,31 Kenwood Center,75049,TX,emangenetol@acquirethisname.com
887,Gaynor Phelan,14 Thackeray Alley,85271,AZ,gphelanom@amazonaws.com
888,Lewie Fouldes,1208 Anthes Hill,32964,FL,lfouldeson@oakley.com
889,Gratiana Harman,813 Upham Park,44191,OH,gharmanoo@telegraph.co.uk
890,Carter Kliemann,9 Hooker Avenue,60657,IL,ckliemannop@webs.com
891,Lois Haxley,7740 Fuller Trail,94237,CA,lhaxleyoq@princeton.edu
892,Clarissa Dannehl,67376 Miller Drive,94622,CA,cdannehlor@blog.com
893,Meyer Coon,2278 Blue Bill Park Plaza,79699,TX,mcoonos@theglobeandmail.com
894,Tedd Bissill,8843 Bowman Circle,53205,WI,tbissillot@friendfeed.com
895,Augustin Quilliam,9087 Dexter Way,11225,NY,aquilliamou@blinklist.com
896,Gary Twining,2 Melody Way,80310,CO,gtwiningov@howstuffworks.com
897,Rubi Rodenburg,1 Macpherson Pass,48098,MI,rrodenburgow@baidu.com
898,Lauren Surfleet,7130 Lerdahl Point,39216,MS,lsurfleetox@devhub.com
899,Nahum Spelwood,5 Pearson Parkway,94627,CA,nspelwoodoy@themeforest.net
900,Mechelle Mughal,3 Hansons Way,46406,IN,mmughaloz@51.la
901,Hall Ollis,5343 Michigan Terrace,48126,MI,hollisp0@uiuc.edu
902,Adelheid Perico,12080 Muir Pass,68144,NE,apericop1@ning.com
903,Ruprecht Meeking,2 Northport Alley,24009,VA,rmeekingp2@wired.com
904,Dall Waddilove,60 8th Junction,33610,FL,dwaddilovep3@census.gov
905,Maximilien Benne,357 Gateway Court,18018,PA,mbennep4@yale.edu
906,Susana Mizzen,2259 East Avenue,91499,CA,smizzenp5@feedburner.com
907,Violetta Zahor,82643 Summerview Street,93907,CA,vzahorp6@jigsy.com
908,Trefor Trow,95 Sherman Plaza,06510,CT,ttrowp7@microsoft.com
909,Guido Juanico,2544 Bunting Alley,94913,CA,gjuanicop8@discuz.net
910,Lewie Corstorphine,244 Merchant Junction,94154,CA,lcorstorphinep9@amazon.co.jp
911,Gannie Stansell,5 Old Gate Park,95298,CA,gstansellpa@amazon.co.jp
912,Cosetta Lyal,8 Boyd Street,90050,CA,clyalpb@skyrock.com
913,Melita Badam,6 Crest Line Circle,44130,OH,mbadampc@youtu.be
914,Brittan Fantini,55612 Arkansas Junction,27610,NC,bfantinipd@google.pl
915,Kingston Schruur,0 Cody Way,33994,FL,kschruurpe@tamu.edu
916,Chancey Samwell,796 Fallview Center,76705,TX,csamwellpf@ebay.com
917,Guthrie Belderfield,7 Fisk Trail,36109,AL,gbelderfieldpg@intel.com
918,Darby Stickins,14 Evergreen Drive,74133,OK,dstickinsph@feedburner.com
919,Bobbette Grollmann,8631 Corscot Junction,75210,TX,bgrollmannpi@ucoz.ru
920,Walther Attride,1 Thackeray Lane,94089,CA,wattridepj@pagesperso-orange.fr
921,Kathye Waller,55301 Merry Court,89595,NV,kwallerpk@google.com.br
922,Terrye Penticost,49 Arrowood Trail,93311,CA,tpenticostpl@zdnet.com
923,Eachelle Careless,1305 Dixon Point,79116,TX,ecarelesspm@meetup.com
924,Tobie Grayley,6662 Luster Avenue,34233,FL,tgrayleypn@ftc.gov
925,Sherri Witling,1222 Melvin Point,98687,WA,switlingpo@shinystat.com
926,Brian Schowenburg,5363 Fulton Trail,87180,NM,bschowenburgpp@elpais.com
927,Issy Bothe,70635 Coolidge Drive,14604,NY,ibothepq@gizmodo.com
928,Herman Phinnessy,66 Lakeland Way,17121,PA,hphinnessypr@businessinsider.com
929,Caterina Plain,32 Logan Hill,80241,CO,cplainps@tinypic.com
930,Aylmar George,8870 Annamark Plaza,36125,AL,ageorgept@exblog.jp
931,Julia Schulke,02849 Maywood Place,64082,MO,jschulkepu@cbslocal.com
932,Elmo Donoher,88967 Londonderry Road,05609,VT,edonoherpv@sitemeter.com
933,Berty Maharry,0746 Twin Pines Lane,10019,NY,bmaharrypw@cocolog-nifty.com
934,Robbyn Kelk,9141 Springs Way,16565,PA,rkelkpx@slate.com
935,Erl Poker,24040 Clemons Lane,77305,TX,epokerpy@europa.eu
936,Remington Henningham,986 Mosinee Circle,36628,AL,rhenninghampz@europa.eu
937,Martguerita Plaister,09 Hagan Circle,99220,WA,mplaisterq0@slate.com
938,Melina Hardie,718 Harbort Place,66276,KS,mhardieq1@t-online.de
939,Devin Farryn,172 Pierstorff Pass,45403,OH,dfarrynq2@mac.com
940,Leoline McMorran,1161 Almo Road,79188,TX,lmcmorranq3@google.es
941,Adolph Plover,0961 Fisk Junction,30351,GA,aploverq4@lycos.com
942,Leigh Gatrill,2 Lerdahl Way,34479,FL,lgatrillq5@dyndns.org
943,Odey ffrench Beytagh,8 Crowley Trail,24515,VA,offrenchq6@bing.com
944,Rickie Wolton,14 Rowland Court,36177,AL,rwoltonq7@mtv.com
945,Deloria Coulthart,7076 Pine View Parkway,15205,PA,dcoulthartq8@istockphoto.com
946,Jessie Ilchenko,37 Sage Crossing,25321,WV,jilchenkoq9@huffingtonpost.com
947,Delphine Andries,3844 Kings Crossing,06705,CT,dandriesqa@goodreads.com
948,Mel Aguirrezabal,661 Hermina Road,20244,DC,maguirrezabalqb@tuttocitta.it
949,Remington Jolliss,943 Lakeland Crossing,48275,MI,rjollissqc@feedburner.com
950,Ashleigh Birchill,6630 Anzinger Pass,10557,NY,abirchillqd@forbes.com
951,Katerine Donnelly,85 Hanover Terrace,94611,CA,kdonnellyqe@1688.com
952,Bentlee Riggs,8 Shopko Way,19892,DE,briggsqf@paypal.com
953,Vinson Baselio,081 Mitchell Lane,77212,TX,vbaselioqg@homestead.com
954,Millard Cartmer,50174 Gina Trail,40233,KY,mcartmerqh@mapquest.com
955,Andria Sollom,982 Eagle Crest Road,95150,CA,asollomqi@digg.com
956,Ambrosi McNaughton,62 Vermont Lane,33467,FL,amcnaughtonqj@altervista.org
957,Hart Golder,80884 Buena Vista Junction,64179,MO,hgolderqk@seesaa.net
958,Saunderson Keyhoe,9 Mallory Street,92176,CA,skeyhoeql@linkedin.com
959,Red Lodge,740 Oxford Pass,44710,OH,rlodgeqm@alibaba.com
960,Harald Beeke,126 Hauk Way,13205,NY,hbeekeqn@google.ru
961,Enriqueta Mc Cahey,181 Mayfield Park,49048,MI,emcqo@networkadvertising.org
962,Pincus Simonson,3 Vahlen Center,32885,FL,psimonsonqp@whitehouse.gov
963,Mercy Spata,9977 Holmberg Trail,10459,NY,mspataqq@skyrock.com
964,Vincents Saffon,66 Hagan Parkway,95123,CA,vsaffonqr@joomla.org
965,Marigold Sekulla,831 Rieder Court,92415,CA,msekullaqs@mac.com
966,Lane Paroni,1 Blackbird Pass,59623,MT,lparoniqt@tuttocitta.it
967,Trey Been,84 La Follette Street,83716,ID,tbeenqu@sun.com
968,Kali Gritten,14518 Graedel Crossing,75387,TX,kgrittenqv@ovh.net
969,Mart Cockell,766 Esch Trail,98206,WA,mcockellqw@earthlink.net
970,Dulcea Pickard,682 Ridgeway Pass,95123,CA,dpickardqx@bing.com
971,Fanya Simonds,1 Spohn Crossing,25356,WV,fsimondsqy@blogtalkradio.com
972,Whitney Liddall,5200 Eagan Court,95397,CA,wliddallqz@dailymotion.com
973,Delainey Paviour,37 Farwell Circle,27105,NC,dpaviourr0@tmall.com
974,Lonny Fillimore,976 Crownhardt Way,35205,AL,lfillimorer1@shinystat.com
975,Eleonore De Bellis,7042 Pleasure Crossing,85005,AZ,eder2@marriott.com
976,Aleksandr Pomery,7 Rusk Park,33737,FL,apomeryr3@slashdot.org
977,Pandora Jerams,12799 Melrose Hill,74184,OK,pjeramsr4@google.com.br
978,Malena Addekin,16104 Pepper Wood Trail,84403,UT,maddekinr5@spotify.com
979,Karyl Ather,1416 Express Pass,20062,DC,katherr6@pen.io
980,Maiga Strelitzki,952 Dunning Way,37210,TN,mstrelitzkir7@yelp.com
981,Rogers Wohler,7289 Ramsey Road,75705,TX,rwohlerr8@ucsd.edu
982,Elizabet Cox,178 Bellgrove Parkway,78044,TX,ecoxr9@opera.com
983,Andrea Blouet,65 Ohio Parkway,20436,DC,ablouetra@unc.edu
984,Jonie Scoggin,371 Lukken Pass,63196,MO,jscogginrb@telegraph.co.uk
985,Mylo Bradforth,987 Ohio Pass,55551,MN,mbradforthrc@reverbnation.com
986,Huntlee Hussey,17831 Debra Drive,62718,IL,hhusseyrd@bloglovin.com
987,Lydon Roser,972 Truax Place,64114,MO,lroserre@pinterest.com
988,Adam Alebrooke,940 Thierer Terrace,27105,NC,aalebrookerf@twitter.com
989,Maxi Scottrell,46792 Hollow Ridge Circle,25362,WV,mscottrellrg@nyu.edu
990,Maggy McDonell,4528 Hoepker Circle,65218,MO,mmcdonellrh@wsj.com
991,Kori Gahagan,35896 Hazelcrest Crossing,96805,HI,kgahaganri@plala.or.jp
992,Miriam Jean,69525 Del Mar Point,20470,DC,mjeanrj@redcross.org
993,Wilmer Pritchitt,996 Kingsford Junction,11054,NY,wpritchittrk@huffingtonpost.com
994,Karen Madge,34 Burrows Court,70005,LA,kmadgerl@walmart.com
995,Rodney Leggis,2 Red Cloud Point,80328,CO,rleggisrm@uiuc.edu
996,Tish Elsmore,5 Spenser Terrace,33742,FL,telsmorern@surveymonkey.com
997,Adeline Crighten,49935 Manufacturers Center,61656,IL,acrightenro@boston.com
998,Matteo Reidie,26 Hollow Ridge Hill,94627,CA,mreidierp@psu.edu
999,Danica Churn,4273 Pierstorff Court,88514,TX,dchurnrq@stanford.edu
1000,Valentin Habbeshaw,8207 Glendale Park,02142,MA,vhabbeshawrr@icq.com
