id,name,address,zipcode,state,email
1,Guillemette Zoellner,8 Melvin Alley,79491,TX,gzoellner0@java.com
2,Irving Bridgewood,828 Lotheville Lane,67210,KS,ibridgewood1@marriott.com
3,Bili Kidby,685 Summit Alley,01654,MA,bkidby2@addtoany.com
4,Alissa Meneer,554 Cascade Center,19178,PA,ameneer3@sogou.com
5,Nata Hartfleet,8376 Carey Lane,29905,SC,nhartfleet4@dot.gov
6,Kendell Walkey,91 Hansons Junction,10260,NY,kwalkey5@nps.gov
7,Jeannine Jonuzi,50 Fisk Trail,94147,CA,jjonuzi6@cdbaby.com
8,Suzann Janku,6319 East Hill,21275,MD,sjanku7@etsy.com
9,Larisa Sikorski,5 Nevada Trail,30392,GA,lsikorski8@printfriendly.com
10,Dinnie Vakhonin,7171 Maple Wood Road,46814,IN,dvakhonin9@constantcontact.com
11,Sigvard Botright,7421 Hintze Point,85005,AZ,sbotrighta@google.pl
12,Georgette Kayne,06 Paget Parkway,84130,UT,gkayneb@odnoklassniki.ru
13,Vernen O'Sheeryne,8529 Clarendon Street,70187,LA,vosheerynec@elpais.com
14,Jeremias Sallery,39 Hoffman Crossing,92030,CA,jsalleryd@google.fr
15,Rorie Robertelli,351 Mayfield Park,76096,TX,rrobertellie@simplemachines.org
16,Sherie Walby,84 Stoughton Circle,78220,TX,swalbyf@upenn.edu
17,Toni Lints,0 Little Fleur Center,74116,OK,tlintsg@vinaora.com
18,Elliott Tremathick,8 Hoffman Avenue,55470,MN,etremathickh@ow.ly
19,Wynn Flaxman,82 Fisk Way,27415,NC,wflaxmani@imgur.com
20,Theda Rabbitt,32565 Lake View Road,32230,FL,trabbittj@a8.net
21,Emlyn Yoell,9 Cottonwood Circle,49505,MI,eyoellk@tumblr.com
22,Chiquia Rostron,28374 Novick Park,45426,OH,crostronl@loc.gov
23,Perla McKernon,12601 Fair Oaks Court,48295,MI,pmckernonm@timesonline.co.uk
24,Evangeline Hartzenberg,18822 Bay Trail,35815,AL,ehartzenbergn@businesswire.com
25,Ryon Keddie,3838 Twin Pines Alley,33411,FL,rkeddieo@time.com
26,Delila Linsley,2719 Mccormick Road,16107,PA,dlinsleyp@oakley.com
27,Sydelle Sambrok,7579 Stoughton Circle,48211,MI,ssambrokq@miitbeian.gov.cn
28,Ermanno Jammes,6356 Elmside Plaza,55572,MN,ejammesr@sina.com.cn
29,Beauregard Lythgoe,20093 Rowland Crossing,75379,TX,blythgoes@ft.com
30,Papagena Matyushenko,0 Bowman Center,46857,IN,pmatyushenkot@skype.com
31,Carey Gawthrope,3 Nelson Plaza,44197,OH,cgawthropeu@sitemeter.com
32,Al Coneley,4 Moland Junction,60669,IL,aconeleyv@arizona.edu
33,Phelia Bruineman,156 Prentice Way,75392,TX,pbruinemanw@samsung.com
34,Angelina Kelshaw,77 Waywood Street,43656,OH,akelshawx@usda.gov
35,Linnell Georgelin,955 Karstens Avenue,95828,CA,lgeorgeliny@unblog.fr
36,Carr Guillart,107 Farmco Pass,93740,CA,cguillartz@gravatar.com
37,Genevieve Massingberd,64 Crest Line Point,97405,OR,gmassingberd10@cdbaby.com
38,Del Arniz,1005 Artisan Place,71307,LA,darniz11@moonfruit.com
39,Gerome Worden,473 Melody Center,30033,GA,gworden12@netscape.com
40,Emmy Salzburger,71143 Hayes Court,02745,MA,esalzburger13@hatena.ne.jp
41,Leonard Orris,11476 Dennis Junction,46221,IN,lorris14@rambler.ru
42,Lexis Chaldecott,43177 Saint Paul Junction,95150,CA,lchaldecott15@symantec.com
43,Ethelind Kanzler,28472 Bashford Center,78754,TX,ekanzler16@marketwatch.com
44,Tonia Stentiford,003 Morrow Road,71208,LA,tstentiford17@lulu.com
45,Brooke Valadez,98543 Express Way,29416,SC,bvaladez18@free.fr
46,Kaine Endersby,1 East Junction,68105,NE,kendersby19@friendfeed.com
47,Verge Dadds,77627 Hallows Way,95054,CA,vdadds1a@sakura.ne.jp
48,Eadith Barwack,31239 Melvin Court,85062,AZ,ebarwack1b@pinterest.com
49,Dionne Sams,595 David Terrace,84135,UT,dsams1c@blinklist.com
50,Petr Romanet,144 Melvin Hill,63131,MO,promanet1d@pbs.org
51,Marta Mc Caughan,7 Atwood Terrace,79105,TX,mmc1e@ning.com
52,Deb Manna,47040 Prairie Rose Place,20205,DC,dmanna1f@xing.com
53,Chicky Zuker,80 Hanson Circle,66105,KS,czuker1g@cocolog-nifty.com
54,Charin Westcar,14 Sachs Center,22225,VA,cwestcar1h@issuu.com
55,Craggy Yanuk,45819 Namekagon Terrace,06505,CT,cyanuk1i@wufoo.com
56,Silas Kerton,23939 Vernon Terrace,84093,UT,skerton1j@usda.gov
57,Gayle Caulfield,670 Artisan Crossing,32405,FL,gcaulfield1k@independent.co.uk
58,Averyl Jardein,666 Crest Line Street,92145,CA,ajardein1l@360.cn
59,Lisbeth Barchrameev,70 Kingsford Center,97232,OR,lbarchrameev1m@tmall.com
60,Morgana Babbe,28346 Oak Circle,38119,TN,mbabbe1n@zdnet.com
61,Markus Mowett,20 Reindahl Crossing,25362,WV,mmowett1o@economist.com
62,Roby Corkish,463 Ludington Parkway,47732,IN,rcorkish1p@howstuffworks.com
63,Dyna Tasseler,40 Namekagon Street,10184,NY,dtasseler1q@paypal.com
64,Billie Claringbold,21 Mifflin Court,01114,MA,bclaringbold1r@xinhuanet.com
65,Mickie McGucken,8317 Fuller Pass,77060,TX,mmcgucken1s@ehow.com
66,Peirce Faulks,0582 Union Way,75379,TX,pfaulks1t@behance.net
67,Andrey Postins,7826 Jenna Road,79405,TX,apostins1u@tuttocitta.it
68,Morgana Morrish,54 Gale Avenue,20508,DC,mmorrish1v@mlb.com
69,Marabel Bockman,227 Sundown Junction,08603,NJ,mbockman1w@cisco.com
70,Vicky Benoix,793 Packers Street,32128,FL,vbenoix1x@upenn.edu
71,Becca Guerreau,74 Evergreen Crossing,57188,SD,bguerreau1y@mapy.cz
72,Ozzie Cotillard,11026 Morning Trail,23220,VA,ocotillard1z@blogtalkradio.com
73,Wit Lamlin,967 Mccormick Point,10705,NY,wlamlin20@businessweek.com
74,Charo Rosenshine,7989 Prentice Center,14614,NY,crosenshine21@hc360.com
75,Merrili Pidgeon,6 Oakridge Pass,77260,TX,mpidgeon22@skype.com
76,Robert Kellett,82893 Troy Drive,87180,NM,rkellett23@lycos.com
77,Violante Blenkensop,853 Melrose Center,94159,CA,vblenkensop24@fema.gov
78,Cecile Joao,08522 Mosinee Place,88558,TX,cjoao25@google.co.uk
79,Huntington Wild,029 Dawn Alley,92056,CA,hwild26@thetimes.co.uk
80,Norry Gabbotts,09 Goodland Road,07310,NJ,ngabbotts27@techcrunch.com
81,Theo Stanmore,072 Welch Terrace,93794,CA,tstanmore28@hugedomains.com
82,Randolf Bowers,9 Linden Avenue,06120,CT,rbowers29@myspace.com
83,Aldon Lamming,51073 Dixon Pass,89505,NV,alamming2a@arstechnica.com
84,Corrie Hazart,0 Toban Road,91913,CA,chazart2b@pinterest.com
85,Waylin Jedrzejczak,736 Nova Lane,40287,KY,wjedrzejczak2c@parallels.com
86,Isidro Jirka,138 Erie Trail,72905,AR,ijirka2d@wp.com
87,Leticia Rosser,91 Northfield Parkway,87115,NM,lrosser2e@google.cn
88,Nil Munnings,06755 Beilfuss Lane,63180,MO,nmunnings2f@posterous.com
89,Augustine Mac Giolla Pheadair,3984 Hoepker Terrace,30245,GA,amac2g@chronoengine.com
90,Gradey Jallin,08 Lawn Road,94605,CA,gjallin2h@theatlantic.com
91,Goran Delgua,7 Anhalt Street,30392,GA,gdelgua2i@dropbox.com
92,Sayers Spinella,497 Continental Avenue,70033,LA,sspinella2j@cloudflare.com
93,Eddy Lewcock,2564 Vahlen Trail,43615,OH,elewcock2k@bbb.org
94,Malinda Astie,1718 Nova Alley,85271,AZ,mastie2l@pcworld.com
95,Claus Braams,53908 Meadow Vale Circle,75265,TX,cbraams2m@buzzfeed.com
96,Lyn Gribbon,7 Granby Pass,97271,OR,lgribbon2n@paginegialle.it
97,Andy Carbin,2204 Lakewood Court,77346,TX,acarbin2o@ning.com
98,Lindon Jancy,8 Cardinal Terrace,77343,TX,ljancy2p@photobucket.com
99,Valentia Phelan,408 Bartillon Avenue,78426,TX,vphelan2q@seesaa.net
100,Benoite Mc Ilory,981 Sutherland Terrace,44191,OH,bmc2r@sakura.ne.jp
101,Corbie Gillan,9145 Glacier Hill Circle,78296,TX,cgillan2s@facebook.com
102,Alphonso Weight,629 Kingsford Crossing,78225,TX,aweight2t@msu.edu
103,Thornton Di Giacomo,9 American Terrace,46254,IN,tdi2u@bizjournals.com
104,Raf Tubble,7123 Butternut Terrace,79934,TX,rtubble2v@icio.us
105,Woodman Wilshere,82 American Ash Park,89012,NV,wwilshere2w@cam.ac.uk
106,Marilee Smale,78138 Scofield Crossing,73173,OK,msmale2x@cornell.edu
107,Wayne Mulrean,38 Gulseth Junction,90050,CA,wmulrean2y@wikia.com
108,Berrie Robic,435 Waxwing Parkway,81005,CO,brobic2z@nationalgeographic.com
109,Laney Malin,063 Manitowish Place,15215,PA,lmalin30@mail.ru
110,Bobinette Klesel,44 Bobwhite Parkway,39204,MS,bklesel31@last.fm
111,Hart Baily,299 Eagle Crest Lane,75260,TX,hbaily32@nbcnews.com
112,Zandra Pedel,7 Brown Alley,44329,OH,zpedel33@tuttocitta.it
113,Whitby Hargess,328 Hintze Terrace,92105,CA,whargess34@gravatar.com
114,Conrado Mephan,96 School Place,16522,PA,cmephan35@surveymonkey.com
115,Andriana Budgen,76501 Luster Way,34643,FL,abudgen36@mlb.com
116,Elene Curtoys,05 Hollow Ridge Center,30130,GA,ecurtoys37@time.com
117,Emlynn Gloves,418 Cascade Point,73104,OK,egloves38@disqus.com
118,Dalston Cubitt,492 Shasta Lane,46221,IN,dcubitt39@cnbc.com
119,Athena Mattersley,9043 Kedzie Point,16550,PA,amattersley3a@jiathis.com
120,Keri Gillard,71 Upham Lane,02745,MA,kgillard3b@networksolutions.com
121,Amandy Kobierzycki,371 Derek Terrace,91520,CA,akobierzycki3c@earthlink.net
122,Obed Pinare,2354 Manitowish Terrace,94126,CA,opinare3d@patch.com
123,Jeniffer Tasch,0463 Hintze Trail,78278,TX,jtasch3e@usatoday.com
124,Simone Clynmans,48697 Grim Street,33737,FL,sclynmans3f@acquirethisname.com
125,Kellen Mains,4159 Eagle Crest Place,20525,DC,kmains3g@npr.org
126,Benyamin Millican,2363 7th Trail,85305,AZ,bmillican3h@theatlantic.com
127,Neils Annott,4 Charing Cross Street,71115,LA,nannott3i@mit.edu
128,Gracie Sergeaunt,9844 Autumn Leaf Pass,75392,TX,gsergeaunt3j@parallels.com
129,Sayre Cressingham,0401 Crest Line Plaza,32919,FL,scressingham3k@webnode.com
130,Selena Caban,544 Bluestem Avenue,02104,MA,scaban3l@stumbleupon.com
131,Hershel Lascelles,252 Goodland Junction,90410,CA,hlascelles3m@patch.com
132,Mayne Finnis,0632 Pennsylvania Circle,80217,CO,mfinnis3n@cyberchimps.com
133,Gunilla Mounter,9339 Novick Street,33023,FL,gmounter3o@nhs.uk
134,Camellia Elfitt,158 Luster Lane,19805,DE,celfitt3p@dedecms.com
135,Erina Warrilow,533 Ramsey Lane,64125,MO,ewarrilow3q@51.la
136,Kelly Thomsson,89698 Center Trail,79911,TX,kthomsson3r@epa.gov
137,Cornie Lidgate,4395 Bellgrove Pass,44511,OH,clidgate3s@squarespace.com
138,Dimitry Glowach,4 Farmco Drive,62718,IL,dglowach3t@wired.com
139,Zeb Riddington,7397 Sherman Parkway,80015,CO,zriddington3u@un.org
140,Barnebas Coleyshaw,4869 Warbler Drive,37228,TN,bcoleyshaw3v@goo.gl
141,Fidela Adrianello,82549 Hauk Street,93106,CA,fadrianello3w@over-blog.com
142,Larine Tissiman,82 Hayes Street,73104,OK,ltissiman3x@baidu.com
143,Joshua Irons,66867 Troy Circle,78475,TX,jirons3y@microsoft.com
144,Lamond Lendon,7 Charing Cross Park,06673,CT,llendon3z@ezinearticles.com
145,Claretta Deny,7862 Sage Park,23237,VA,cdeny40@canalblog.com
146,Evelin Ever,73 Namekagon Crossing,33175,FL,eever41@bizjournals.com
147,Masha Dixcee,89073 Drewry Center,40205,KY,mdixcee42@cargocollective.com
148,Tadd McMillam,3982 Jenifer Way,32605,FL,tmcmillam43@google.com.hk
149,Kathye Landall,17779 Anhalt Parkway,85067,AZ,klandall44@wikimedia.org
150,Alphonso Larcier,64 Eliot Alley,40524,KY,alarcier45@shareasale.com
151,Hunter Zettler,0939 Susan Circle,15255,PA,hzettler46@cafepress.com
152,Venus Nevinson,54 Larry Lane,53285,WI,vnevinson47@google.cn
153,Ethan Haffard,91452 Bunting Circle,91117,CA,ehaffard48@nba.com
154,Maurise Graver,360 Elmside Place,93111,CA,mgraver49@barnesandnoble.com
155,Joline Hernik,71 Vernon Court,98464,WA,jhernik4a@bbb.org
156,Lillian Hugenin,82 Cardinal Junction,16510,PA,lhugenin4b@360.cn
157,Othilia Toffoletto,98719 Thompson Terrace,53710,WI,otoffoletto4c@alibaba.com
158,Ailene Dark,32430 Buena Vista Drive,33605,FL,adark4d@reference.com
159,Miquela O'Henecan,83 Prairieview Pass,90076,CA,mohenecan4e@ebay.com
160,Gannie Estcourt,80598 Hagan Avenue,55585,MN,gestcourt4f@who.int
161,Freddie Roth,95045 Shoshone Court,60697,IL,froth4g@privacy.gov.au
162,Temp Wrench,78 Scoville Alley,44710,OH,twrench4h@ebay.com
163,Bran Di Biaggi,87459 Declaration Trail,75353,TX,bdi4i@creativecommons.org
164,Franz Falshaw,7 Melrose Drive,71151,LA,ffalshaw4j@who.int
165,Colleen Keeping,903 Sage Plaza,78465,TX,ckeeping4k@uiuc.edu
166,Algernon Josum,83 Dawn Plaza,40524,KY,ajosum4l@ted.com
167,Gale Dysert,108 Ilene Avenue,80935,CO,gdysert4m@google.pl
168,Nathanial Crickett,0375 Shopko Plaza,30066,GA,ncrickett4n@discuz.net
169,Noble Brighty,564 Rusk Junction,77060,TX,nbrighty4o@eventbrite.com
170,Riccardo Featherstonhaugh,259 Manufacturers Drive,94250,CA,rfeatherstonhaugh4p@themeforest.net
171,Kat Gon,60046 Waubesa Plaza,40591,KY,kgon4q@gravatar.com
172,Nikki De Mars,61087 Debs Road,32526,FL,nde4r@blinklist.com
173,Krispin Rosengren,08897 Ohio Circle,63158,MO,krosengren4s@google.co.jp
174,Justis Doberer,31 Oak Valley Park,93709,CA,jdoberer4t@usnews.com
175,Carlyn Courage,12170 Rowland Avenue,92405,CA,ccourage4u@bandcamp.com
176,Zonnya Norwood,274 Barby Lane,30392,GA,znorwood4v@ebay.co.uk
177,Germaine Old,7 Green Lane,20910,MD,gold4w@usgs.gov
178,Daven Shirlaw,34020 Crownhardt Court,88563,TX,dshirlaw4x@webs.com
179,Bentley Caley,0523 5th Avenue,63196,MO,bcaley4y@baidu.com
180,Reagan Daal,9 Jenna Parkway,33411,FL,rdaal4z@photobucket.com
181,Sheffie Lorent,30 Prairie Rose Terrace,73071,OK,slorent50@noaa.gov
182,Blair Danis,312 Mallard Terrace,99205,WA,bdanis51@sohu.com
183,Elfrida Urry,4 Manitowish Terrace,46862,IN,eurry52@usnews.com
184,Evelina Mariner,9772 Annamark Lane,75074,TX,emariner53@ihg.com
185,Chrissie Cloute,99889 Dunning Park,32610,FL,ccloute54@dedecms.com
186,Mada Iacopo,3 Saint Paul Hill,20508,DC,miacopo55@angelfire.com
187,Conant Pecha,824 Valley Edge Parkway,35244,AL,cpecha56@mail.ru
188,Shurwood Giamo,99746 Portage Point,50369,IA,sgiamo57@free.fr
189,Michel Cazin,5 Bellgrove Park,91499,CA,mcazin58@purevolume.com
190,Erica Aldrin,384 Coleman Trail,98424,WA,ealdrin59@chron.com
191,Lion Varley,40 Crescent Oaks Pass,19714,DE,lvarley5a@imgur.com
192,Guendolen Elphey,969 Crowley Circle,77255,TX,gelphey5b@wikipedia.org
193,Carce Cyples,7254 Washington Terrace,02109,MA,ccyples5c@odnoklassniki.ru
194,Barry Bennell,90 Buell Point,20260,DC,bbennell5d@netvibes.com
195,Carter Bromell,740 Killdeer Avenue,90505,CA,cbromell5e@engadget.com
196,Samuele Croisier,227 Barby Park,28242,NC,scroisier5f@xing.com
197,Kat Pollok,40 Bellgrove Plaza,78291,TX,kpollok5g@reddit.com
198,Aggi Lamblin,446 Northport Crossing,22205,VA,alamblin5h@nbcnews.com
199,Emelen Wiggall,7961 Reindahl Pass,14639,NY,ewiggall5i@pagesperso-orange.fr
200,Rustin Baybutt,75740 Dwight Junction,96850,HI,rbaybutt5j@shareasale.com
201,Ingar Howgate,7035 Green Center,84130,UT,ihowgate5k@geocities.com
202,Mayne Matthewman,306 Susan Terrace,84170,UT,mmatthewman5l@mashable.com
203,Jaclyn Spataro,04 Armistice Road,47725,IN,jspataro5m@china.com.cn
204,Jean Tryhorn,5 2nd Plaza,66622,KS,jtryhorn5n@flickr.com
205,Ulick Lambrecht,582 Forster Junction,35295,AL,ulambrecht5o@wikipedia.org
206,Libbie Chanders,6 Fallview Drive,78426,TX,lchanders5p@state.gov
207,Katie Crichten,3395 Lindbergh Alley,32304,FL,kcrichten5q@twitpic.com
208,Magnum Filippyev,59 Bobwhite Crossing,33777,FL,mfilippyev5r@jugem.jp
209,Tamra Edgcumbe,6 Corscot Junction,52809,IA,tedgcumbe5s@va.gov
210,Elisabeth Mc Ilory,0389 Canary Plaza,21705,MD,emc5t@wikia.com
211,Sarine Kidson,9772 Bluestem Pass,94154,CA,skidson5u@reuters.com
212,Carlo Bartolomieu,4 Monument Court,35905,AL,cbartolomieu5v@scribd.com
213,Chadwick Scrase,385 Roxbury Junction,20189,VA,cscrase5w@squidoo.com
214,Mycah Follin,464 Petterle Court,76134,TX,mfollin5x@globo.com
215,Chloe Philippon,57 Westport Plaza,30323,GA,cphilippon5y@miibeian.gov.cn
216,Neale Wooding,23 Fallview Street,33305,FL,nwooding5z@slideshare.net
217,Margette Lourens,032 Dorton Parkway,38104,TN,mlourens60@imgur.com
218,Con Redd,39 Canary Crossing,93381,CA,credd61@123-reg.co.uk
219,Ofella Espinola,99795 Anniversary Junction,20022,DC,oespinola62@walmart.com
220,Athene Stockney,3 Ridgeway Road,76134,TX,astockney63@free.fr
221,Olympe Yellowlee,81 Westend Court,44321,OH,oyellowlee64@nsw.gov.au
222,Shanta Bragger,02821 Browning Point,94105,CA,sbragger65@prlog.org
223,Gasper Eayres,1 Spohn Pass,27455,NC,geayres66@indiatimes.com
224,Wyatan Poletto,960 Elmside Avenue,33421,FL,wpoletto67@cloudflare.com
225,Fannie De Vuyst,3 Havey Road,77245,TX,fde68@cyberchimps.com
226,Hollis Carder,902 Graedel Court,95133,CA,hcarder69@ustream.tv
227,Dorey Fellon,7 New Castle Place,98175,WA,dfellon6a@usatoday.com
228,Olvan Vynarde,39 Hermina Drive,85030,AZ,ovynarde6b@aol.com
229,Pierrette Fessby,9648 Dahle Alley,10150,NY,pfessby6c@shinystat.com
230,Bernetta Scotchmor,37 Pearson Plaza,35487,AL,bscotchmor6d@imdb.com
231,Lucretia Fogel,84046 Buhler Alley,32225,FL,lfogel6e@google.it
232,Demetre Stenton,4 Laurel Point,75236,TX,dstenton6f@wikispaces.com
233,Maribel Yitzhok,7034 Declaration Parkway,85720,AZ,myitzhok6g@answers.com
234,Tait Durtnall,8 Armistice Center,91797,CA,tdurtnall6h@rediff.com
235,Suzanna Morales,50190 Merrick Street,11225,NY,smorales6i@uol.com.br
236,Lothaire Flanigan,8 Blue Bill Park Road,44555,OH,lflanigan6j@nationalgeographic.com
237,Ruby Reeday,65 Hudson Trail,89436,NV,rreeday6k@usnews.com
238,Ivonne Pratt,5637 Judy Junction,32964,FL,ipratt6l@eepurl.com
239,Carlo Honig,74621 La Follette Avenue,10160,NY,chonig6m@weibo.com
240,Susi Stoffer,4 Stang Lane,45203,OH,sstoffer6n@qq.com
241,Aaren Daniely,73908 Northview Point,15261,PA,adaniely6o@cam.ac.uk
242,Larine Satterley,7 Pleasure Crossing,31410,GA,lsatterley6p@theatlantic.com
243,Obediah Nansom,7442 Linden Alley,14233,NY,onansom6q@aol.com
244,Lotty Sanz,7470 Reindahl Lane,10170,NY,lsanz6r@ow.ly
245,Enrika Le Gallo,80800 Clarendon Terrace,77343,TX,ele6s@github.com
246,Delia Grooby,6609 Kim Road,38150,TN,dgrooby6t@globo.com
247,Butch Bramont,15787 Canary Court,22301,VA,bbramont6u@bbc.co.uk
248,Analise Scarce,67 Riverside Pass,14905,NY,ascarce6v@reuters.com
249,Barbara Ennals,9256 Valley Edge Drive,46825,IN,bennals6w@fastcompany.com
250,Moina Bickerstaffe,50 Talmadge Pass,79911,TX,mbickerstaffe6x@360.cn
251,Fannie Graber,68 Commercial Court,23504,VA,fgraber6y@msu.edu
252,Alexandr Cashmore,0776 Warner Crossing,39404,MS,acashmore6z@ox.ac.uk
253,Elston Hurrell,5588 Meadow Ridge Hill,15906,PA,ehurrell70@cpanel.net
254,Doris Vicent,60137 Sunnyside Hill,29505,SC,dvicent71@symantec.com
255,Renata Dumbare,0 Park Meadow Lane,93786,CA,rdumbare72@telegraph.co.uk
256,Isabel Behninck,82 Sauthoff Court,96840,HI,ibehninck73@last.fm
257,Sheila Vallender,4641 Golden Leaf Parkway,90005,CA,svallender74@ycombinator.com
258,Carlota Hallwood,219 Cascade Street,76004,TX,challwood75@csmonitor.com
259,Annalise Harrigan,1 Corry Place,77090,TX,aharrigan76@ebay.com
260,Peri Creswell,4 Namekagon Drive,75062,TX,pcreswell77@amazon.co.jp
261,Maddy Gunnell,91 Amoth Terrace,33185,FL,mgunnell78@phpbb.com
262,Izaak Giamo,930 Fuller Way,80638,CO,igiamo79@blogger.com
263,Neddy Cowterd,9603 Hallows Road,79159,TX,ncowterd7a@over-blog.com
264,Stephie Cholwell,13 Darwin Circle,75037,TX,scholwell7b@shinystat.com
265,Clemmie Freeburn,1897 Melody Plaza,91606,CA,cfreeburn7c@wsj.com
266,Kalindi Saull,974 Waxwing Terrace,37205,TN,ksaull7d@acquirethisname.com
267,Mirabella Coolson,396 Dayton Lane,32610,FL,mcoolson7e@bluehost.com
268,Misha Arnecke,4 Duke Pass,35231,AL,marnecke7f@ucla.edu
269,Barrie Philipeaux,8710 Fuller Court,30096,GA,bphilipeaux7g@csmonitor.com
270,Teddi Lalonde,8 Macpherson Crossing,30343,GA,tlalonde7h@elpais.com
271,Hamish Cristofvao,32 Oriole Crossing,28299,NC,hcristofvao7i@homestead.com
272,Tildi Garie,09 Kings Junction,32813,FL,tgarie7j@cisco.com
273,Reagen Vanyakin,4749 Merry Alley,90030,CA,rvanyakin7k@un.org
274,Patrizius Ellsom,32 Miller Street,60078,IL,pellsom7l@nytimes.com
275,Charlot Scoggan,7566 Cascade Junction,80005,CO,cscoggan7m@gov.uk
276,Abbi Langtry,20992 Anzinger Circle,25313,WV,alangtry7n@tripod.com
277,Kimberly Fadian,576 Monument Street,06705,CT,kfadian7o@amazon.co.jp
278,Benni Jamme,14563 Dennis Center,59105,MT,bjamme7p@cbsnews.com
279,Rosalie Batterton,2 Claremont Lane,06140,CT,rbatterton7q@abc.net.au
280,Melania Guilford,18 Colorado Road,20046,DC,mguilford7r@goo.gl
281,Quinlan Barbary,0 Hayes Terrace,32526,FL,qbarbary7s@godaddy.com
282,Yolanda Sedgwick,17472 Norway Maple Junction,28256,NC,ysedgwick7t@uol.com.br
283,Steve Chene,7 Jana Place,75231,TX,schene7u@istockphoto.com
284,Kippie Meyer,7217 Mayfield Circle,70883,LA,kmeyer7v@elegantthemes.com
285,Neille Boissieux,30116 Old Shore Street,20010,DC,nboissieux7w@java.com
286,Edik Frears,74 Colorado Crossing,85067,AZ,efrears7x@umn.edu
287,Hastings Albury,5194 Nevada Parkway,64142,MO,halbury7y@qq.com
288,Ashlen Yarrall,9 Texas Park,45249,OH,ayarrall7z@shareasale.com
289,Ninette Gentsch,32 Larry Park,23436,VA,ngentsch80@globo.com
290,Godfry Bennison,44 Laurel Avenue,65211,MO,gbennison81@si.edu
291,Charline Katz,2269 Hayes Hill,38181,TN,ckatz82@naver.com
292,Jeremie Murdy,20 Westerfield Alley,93386,CA,jmurdy83@gnu.org
293,Maribel Mussington,326 East Alley,02405,MA,mmussington84@storify.com
294,Patty Sycamore,645 Paget Avenue,99205,WA,psycamore85@1und1.de
295,Amelina Dooney,86 Burrows Lane,54313,WI,adooney86@prnewswire.com
296,Simone Bartzen,23908 Oneill Plaza,77713,TX,sbartzen87@jigsy.com
297,Gav Glaum,08 Northwestern Drive,27605,NC,gglaum88@people.com.cn
298,Ekaterina Dockreay,4 Jay Road,85260,AZ,edockreay89@yahoo.co.jp
299,Royall Towell,23060 Banding Pass,20244,DC,rtowell8a@liveinternet.ru
300,Tripp Fiander,92006 Forster Street,39705,MS,tfiander8b@europa.eu
301,Deloria Costock,0841 Erie Pass,78210,TX,dcostock8c@last.fm
302,Nero Kik,655 Forest Dale Alley,95405,CA,nkik8d@wisc.edu
303,Chancey Sanchiz,87 Valley Edge Street,33305,FL,csanchiz8e@nature.com
304,Adiana Wicher,2522 Annamark Crossing,19115,PA,awicher8f@yandex.ru
305,Fredrick Alten,3 Ryan Road,30306,GA,falten8g@blogs.com
306,Merralee Dmitr,01780 La Follette Pass,70129,LA,mdmitr8h@wired.com
307,Aline Bolter,35 Aberg Court,20310,DC,abolter8i@accuweather.com
308,Tate Favela,71 Meadow Vale Way,47747,IN,tfavela8j@examiner.com
309,Sonnnie Bycraft,92 Northland Terrace,27710,NC,sbycraft8k@sciencedirect.com
310,Larisa Kasbye,51352 Eliot Center,40250,KY,lkasbye8l@ning.com
311,Casey Davidovic,3660 Florence Avenue,31422,GA,cdavidovic8m@google.it
312,Celie Pontain,06015 Walton Street,92121,CA,cpontain8n@last.fm
313,Thayne Blackly,4 Sachtjen Junction,77065,TX,tblackly8o@exblog.jp
314,Roi Sambells,72 West Crossing,32919,FL,rsambells8p@histats.com
315,Junina Teligin,88 Oak Crossing,80328,CO,jteligin8q@bloomberg.com
316,Minor Snadden,98 North Trail,08638,NJ,msnadden8r@mit.edu
317,Clarice O'Corrigane,73 Mifflin Point,73114,OK,cocorrigane8s@diigo.com
318,Broderic Lackington,21703 Jana Hill,07195,NJ,blackington8t@canalblog.com
319,Birgit Staner,014 Ohio Crossing,20220,DC,bstaner8u@wufoo.com
320,Erhart Srawley,50 Village Way,73157,OK,esrawley8v@google.nl
321,Janelle Durtnall,91410 Kensington Alley,23454,VA,jdurtnall8w@google.ca
322,Gil Pridden,06001 Karstens Terrace,20709,MD,gpridden8x@simplemachines.org
323,Lyndell Passby,08791 Anthes Lane,21229,MD,lpassby8y@wordpress.org
324,Britt Braundt,64 Caliangt Avenue,84170,UT,bbraundt8z@dropbox.com
325,Sile Yurkov,4 Alpine Parkway,36134,AL,syurkov90@myspace.com
326,Yevette Bridgstock,06746 Crescent Oaks Parkway,77075,TX,ybridgstock91@mtv.com
327,Kary Tuxwell,548 American Ash Lane,35220,AL,ktuxwell92@sitemeter.com
328,Tonnie Bloxam,56319 Dexter Plaza,19605,PA,tbloxam93@addtoany.com
329,Leyla Dixcey,82 Hazelcrest Center,61709,IL,ldixcey94@meetup.com
330,Parry Dranfield,5982 Mayfield Road,75185,TX,pdranfield95@google.ca
331,Antonietta Hambrook,15667 Dunning Court,35210,AL,ahambrook96@howstuffworks.com
332,Noelyn Bramah,28 Browning Place,33158,FL,nbramah97@hexun.com
333,Kingston Meth,2 Randy Trail,96154,CA,kmeth98@va.gov
334,Josy La Grange,3 Clemons Avenue,46406,IN,jla99@eventbrite.com
335,Clarine Housegoe,29859 Summerview Junction,94207,CA,chousegoe9a@biblegateway.com
336,Rory Cordet,15 Dayton Avenue,89550,NV,rcordet9b@yellowbook.com
337,Vanna Raxworthy,835 John Wall Court,14683,NY,vraxworthy9c@uiuc.edu
338,Nikita Balaison,667 Reinke Place,39204,MS,nbalaison9d@wiley.com
339,Meryl Veighey,50657 Oriole Pass,16510,PA,mveighey9e@t.co
340,Trstram Twell,11862 Montana Lane,66667,KS,ttwell9f@devhub.com
341,Kissie Gatenby,54183 Muir Avenue,28289,NC,kgatenby9g@w3.org
342,Fletcher Youhill,41845 Surrey Way,98008,WA,fyouhill9h@csmonitor.com
343,Sarette Crowter,71415 Lawn Trail,58122,ND,scrowter9i@csmonitor.com
344,Debera Cake,838 Reindahl Court,20337,DC,dcake9j@msu.edu
345,Vernice Bonnin,593 Mendota Park,28299,NC,vbonnin9k@domainmarket.com
346,Silvano Plank,1364 Eliot Junction,20244,DC,splank9l@woothemes.com
347,Ashby Nanetti,09814 Anzinger Place,21747,MD,ananetti9m@imgur.com
348,Minnie Clerke,9 Jackson Park,25389,WV,mclerke9n@biglobe.ne.jp
349,Sosanna Pook,1838 Maple Place,26505,WV,spook9o@quantcast.com
350,Meir Hullins,61 Macpherson Place,48912,MI,mhullins9p@europa.eu
351,Maggy Spowart,42 Bluestem Drive,34605,FL,mspowart9q@wix.com
352,Audrey Crutchfield,572 Aberg Crossing,61709,IL,acrutchfield9r@t-online.de
353,Caprice Robjohns,989 2nd Trail,32825,FL,crobjohns9s@answers.com
354,Pip MacCleay,60305 West Junction,44705,OH,pmaccleay9t@bbc.co.uk
355,Windy Gilfoy,33 Kim Parkway,79415,TX,wgilfoy9u@over-blog.com
356,Ibby Skowcraft,81501 Truax Parkway,94522,CA,iskowcraft9v@twitpic.com
357,Star Isgate,3078 Summer Ridge Alley,67215,KS,sisgate9w@narod.ru
358,Lorant Pingston,1 Boyd Road,74193,OK,lpingston9x@drupal.org
359,Jacintha Bauser,65691 Melrose Way,92410,CA,jbauser9y@prweb.com
360,Randell Hinken,2973 Sundown Hill,77288,TX,rhinken9z@linkedin.com
361,Don Reast,40473 Shelley Circle,73104,OK,dreasta0@freewebs.com
362,Pace Eastope,850 Valley Edge Parkway,47705,IN,peastopea1@e-recht24.de
363,Michaela Borkett,6 Starling Pass,40250,KY,mborketta2@irs.gov
364,Ina Scurfield,3 Kennedy Parkway,53285,WI,iscurfielda3@alibaba.com
365,Emiline Wanden,59486 Forest Run Avenue,99522,AK,ewandena4@nationalgeographic.com
366,Fredek Bohea,9 Brentwood Drive,27635,NC,fboheaa5@fc2.com
367,Pietra Purvey,2484 Clarendon Trail,20036,DC,ppurveya6@msn.com
368,Evy Tonepohl,367 Northview Park,89193,NV,etonepohla7@ameblo.jp
369,Ema Leete,03705 Service Center,93591,CA,eleetea8@woothemes.com
370,Alysia Ordelt,6140 Banding Alley,77025,TX,aordelta9@disqus.com
371,Conney Beevor,69875 Crowley Court,74116,OK,cbeevoraa@hc360.com
372,Koo Hargreaves,2 Jenna Place,85010,AZ,khargreavesab@nydailynews.com
373,Marius Wims,938 Novick Place,10110,NY,mwimsac@java.com
374,Boothe Houten,984 Fordem Street,37405,TN,bhoutenad@deliciousdays.com
375,Deanne Scrase,95 Crescent Oaks Crossing,46634,IN,dscraseae@de.vu
376,Feodor Bradman,4 Brickson Park Hill,90840,CA,fbradmanaf@hugedomains.com
377,Quintana Brenton,4 Loomis Plaza,90055,CA,qbrentonag@intel.com
378,Jo-ann Plaister,84231 American Ash Circle,48335,MI,jplaisterah@goo.gl
379,Liliane Farnon,584 Delaware Junction,36205,AL,lfarnonai@cnet.com
380,Gearalt Pinnocke,779 West Center,98148,WA,gpinnockeaj@techcrunch.com
381,Kingston Gairdner,28045 Basil Point,90398,CA,kgairdnerak@squarespace.com
382,Demetre Shaul,49 Anthes Place,30022,GA,dshaulal@nhs.uk
383,Bendite Vitte,13573 Hudson Crossing,79165,TX,bvitteam@nydailynews.com
384,Gretta Bolstridge,59458 Moland Way,78737,TX,gbolstridgean@slideshare.net
385,Freddi Hothersall,63 Mesta Place,02203,MA,fhothersallao@indiegogo.com
386,Ferne McAvey,34492 Pond Junction,72222,AR,fmcaveyap@delicious.com
387,Phaedra McPhater,9 Reinke Junction,14905,NY,pmcphateraq@forbes.com
388,Rhonda MacGinley,9 Loftsgordon Junction,94147,CA,rmacginleyar@eepurl.com
389,Cart Fattorini,12994 Butternut Terrace,33737,FL,cfattorinias@yellowpages.com
390,Verena Fishbourne,5817 Morrow Circle,10633,NY,vfishbourneat@slideshare.net
391,Allard Rapaport,1 Crowley Trail,79923,TX,arapaportau@google.com
392,Elinore Peris,65 Sundown Street,29905,SC,eperisav@usa.gov
393,Lemar Heskin,109 Cardinal Court,66105,KS,lheskinaw@harvard.edu
394,Abagail Snary,4545 Russell Avenue,23277,VA,asnaryax@webeden.co.uk
395,Rosaleen Adamiec,6627 Alpine Parkway,30061,GA,radamiecay@feedburner.com
396,Georgie Arnowitz,782 Calypso Crossing,99522,AK,garnowitzaz@icq.com
397,Melosa Repp,0 Roth Junction,01129,MA,mreppb0@nba.com
398,Meridith Kenyam,5 Warrior Plaza,19141,PA,mkenyamb1@sakura.ne.jp
399,Sileas McParlin,61 Bay Terrace,79928,TX,smcparlinb2@yahoo.com
400,Stanislaus Gutsell,528 Evergreen Court,23459,VA,sgutsellb3@amazonaws.com
401,Lenora Elce,563 Red Cloud Place,25709,WV,lelceb4@mediafire.com
402,Arabela McAneny,31628 Blaine Plaza,64130,MO,amcanenyb5@vk.com
403,Janith Poll,4 Center Avenue,31165,GA,jpollb6@behance.net
404,Arthur Diano,0 Main Hill,48295,MI,adianob7@mtv.com
405,Devy Abrahamsson,42 Waywood Road,23237,VA,dabrahamssonb8@irs.gov
406,Jaquith Vasyuchov,4979 Sundown Circle,49006,MI,jvasyuchovb9@discuz.net
407,Kirby McCorley,315 Burrows Park,28263,NC,kmccorleyba@uiuc.edu
408,Sherwood Colvie,06 Vera Way,95828,CA,scolviebb@devhub.com
409,Hortense Calbaithe,15398 Kennedy Plaza,10459,NY,hcalbaithebc@ifeng.com
410,Perren Brevetor,203 Lillian Drive,01813,MA,pbrevetorbd@booking.com
411,Garrik Devote,90 Westport Park,98127,WA,gdevotebe@vinaora.com
412,Ardath Meckiff,69487 David Way,33715,FL,ameckiffbf@cpanel.net
413,Alasdair Gomer,764 Lawn Road,91328,CA,agomerbg@craigslist.org
414,Cleveland Lillee,01194 Bartillon Plaza,92668,CA,clilleebh@sfgate.com
415,Selma Allman,85 Lakewood Pass,92121,CA,sallmanbi@boston.com
416,Nikkie Maas,95316 Grim Plaza,79405,TX,nmaasbj@prweb.com
417,Damaris Emmens,7226 Eastlawn Park,90081,CA,demmensbk@geocities.jp
418,Lexie Macieja,13053 Sunfield Trail,20436,DC,lmaciejabl@rambler.ru
419,Ondrea Foxcroft,431 Bluejay Park,94975,CA,ofoxcroftbm@123-reg.co.uk
420,Shell Rahill,20 Portage Park,20215,DC,srahillbn@imdb.com
421,Scottie Colombier,2 Londonderry Point,15250,PA,scolombierbo@psu.edu
422,Ignatius Alenshev,319 Randy Parkway,43635,OH,ialenshevbp@abc.net.au
423,Larisa Cutajar,23341 Vidon Place,79928,TX,lcutajarbq@hostgator.com
424,Karrah Baress,948 Vermont Road,40618,KY,kbaressbr@mit.edu
425,Irv Drezzer,186 Pepper Wood Crossing,11054,NY,idrezzerbs@ifeng.com
426,Alasdair Heaselgrave,998 Manley Pass,67210,KS,aheaselgravebt@mit.edu
427,Daisey Manson,12977 Superior Terrace,29424,SC,dmansonbu@google.ru
428,Orelle Sweating,56049 Delladonna Plaza,05609,VT,osweatingbv@gravatar.com
429,Ryann Silvester,2699 Welch Alley,88574,TX,rsilvesterbw@nhs.uk
430,Kathye Dmitrievski,9679 Dixon Lane,33411,FL,kdmitrievskibx@fema.gov
431,Kris Buttel,22480 Stephen Alley,32813,FL,kbuttelby@tuttocitta.it
432,Obediah Pallis,593 Park Meadow Avenue,10045,NY,opallisbz@xrea.com
433,Jerry Gostyke,7579 Rowland Crossing,92662,CA,jgostykec0@boston.com
434,Dallas Andresen,86 Alpine Trail,95865,CA,dandresenc1@hugedomains.com
435,Dorothee Stooke,5011 Village Green Park,35210,AL,dstookec2@qq.com
436,Nial Wardingly,6 Corscot Parkway,79984,TX,nwardinglyc3@miibeian.gov.cn
437,Carie Watkin,27 Drewry Court,11215,NY,cwatkinc4@china.com.cn
438,Oberon Skellen,0 Southridge Road,93094,CA,oskellenc5@ted.com
439,Jillian Duetsche,975 Clove Pass,43605,OH,jduetschec6@dagondesign.com
440,Marylinda Cod,38 Bayside Center,33124,FL,mcodc7@foxnews.com
441,Lars Klampk,91 Michigan Parkway,33325,FL,lklampkc8@bravesites.com
442,Fielding Kleinplatz,550 Susan Place,20067,DC,fkleinplatzc9@theguardian.com
443,Daron Astridge,3 Superior Street,11044,NY,dastridgeca@dailymail.co.uk
444,Bernardo Yandell,14 Lotheville Junction,79118,TX,byandellcb@phpbb.com
445,Pail Oldknowe,50 Warrior Point,33305,FL,poldknowecc@senate.gov
446,Cristine Megainey,44 Union Trail,80270,CO,cmegaineycd@usgs.gov
447,Waverley Bligh,60 Carioca Pass,23285,VA,wblighce@wired.com
448,Sileas Niave,292 Glendale Crossing,14220,NY,sniavecf@mashable.com
449,Libbey Knutsen,88 Fallview Road,75710,TX,lknutsencg@wufoo.com
450,Floria Lent,152 Westend Plaza,46221,IN,flentch@bigcartel.com
451,Hardy Skirvin,3 Harper Park,49018,MI,hskirvinci@naver.com
452,Malynda Kingsly,45 Lakewood Terrace,33411,FL,mkingslycj@imageshack.us
453,Fletch Bilbrey,168 Bunker Hill Court,33499,FL,fbilbreyck@example.com
454,Brander Balogun,92604 Sommers Park,10120,NY,bbaloguncl@1688.com
455,Helge Jochens,32861 Kedzie Street,78721,TX,hjochenscm@nytimes.com
456,Justin Canter,428 Wayridge Hill,10160,NY,jcantercn@purevolume.com
457,Magdalen Baggett,334 Melby Hill,78715,TX,mbaggettco@chronoengine.com
458,Ryann De Michele,43 Mockingbird Drive,91406,CA,rdecp@scientificamerican.com
459,Lora Gossage,7 Schurz Avenue,74133,OK,lgossagecq@nyu.edu
460,Vickie Antonietti,032 Utah Street,78783,TX,vantonietticr@t.co
461,Netty McGiffie,3696 Ramsey Trail,89012,NV,nmcgiffiecs@ted.com
462,Bram Shakesby,22825 Dunning Parkway,53705,WI,bshakesbyct@tripadvisor.com
463,Jessika Kellett,6777 3rd Court,11470,NY,jkellettcu@canalblog.com
464,Fernandina Petrazzi,085 Dottie Alley,77266,TX,fpetrazzicv@google.ru
465,Garrott Sommerlie,2 East Drive,87592,NM,gsommerliecw@redcross.org
466,Carina Wolver,06107 Lakeland Pass,64082,MO,cwolvercx@live.com
467,Stanwood Pescott,8240 Welch Junction,12247,NY,spescottcy@amazonaws.com
468,Sigmund Cowdry,864 Kropf Point,40233,KY,scowdrycz@ibm.com
469,Omero Eskell,905 Monica Court,30358,GA,oeskelld0@google.com.au
470,Tonie Freear,12 Kings Court,23289,VA,tfreeard1@oracle.com
471,Kassandra Slayton,56184 John Wall Park,23289,VA,kslaytond2@ask.com
472,Barret Bish,3205 Sommers Circle,48901,MI,bbishd3@opensource.org
473,Nero Igo,1063 Kings Drive,32230,FL,nigod4@hostgator.com
474,Rosemarie Element,506 Heath Pass,91210,CA,relementd5@xrea.com
475,Holly Gowdie,5822 Larry Place,40546,KY,hgowdied6@typepad.com
476,Terrijo Karczinski,7312 Moland Avenue,55448,MN,tkarczinskid7@ameblo.jp
477,Cilka Woloschin,93405 Village Street,70810,LA,cwoloschind8@admin.ch
478,Steffie Inderwick,9987 Elmside Terrace,07505,NJ,sinderwickd9@homestead.com
479,Kayne Burnup,183 Green Parkway,14646,NY,kburnupda@liveinternet.ru
480,Marge Redwall,19 Lighthouse Bay Junction,95833,CA,mredwalldb@cafepress.com
481,Aube Impleton,16192 Reinke Crossing,12262,NY,aimpletondc@theglobeandmail.com
482,Collen Cardenas,94 Luster Place,76905,TX,ccardenasdd@foxnews.com
483,Dom Donaghy,86655 Pepper Wood Way,11254,NY,ddonaghyde@shareasale.com
484,Murielle Gerty,1 Mayer Drive,13205,NY,mgertydf@hubpages.com
485,Keene Toulson,71 Mayfield Street,87115,NM,ktoulsondg@china.com.cn
486,Lorinda Maris,8095 Haas Place,16565,PA,lmarisdh@ustream.tv
487,Denny Crady,47 Cherokee Hill,58505,ND,dcradydi@fc2.com
488,Lancelot Southeran,769 Moose Road,55480,MN,lsoutherandj@feedburner.com
489,Terra Tine,61 Cottonwood Crossing,97232,OR,ttinedk@about.me
490,Malissa Bramford,55679 Grim Point,88584,TX,mbramforddl@dailymotion.com
491,Christen Thowless,7402 Messerschmidt Circle,50362,IA,cthowlessdm@census.gov
492,Thornton Triner,0 Jenifer Trail,20215,DC,ttrinerdn@huffingtonpost.com
493,Flynn Satchel,84 Kings Center,70142,LA,fsatcheldo@google.com.hk
494,Debby Conkling,47265 Redwing Hill,70836,LA,dconklingdp@fda.gov
495,Bobbe Coatsworth,1 Vera Circle,94164,CA,bcoatsworthdq@sina.com.cn
496,Frasquito Balaizot,458 Southridge Court,78754,TX,fbalaizotdr@cafepress.com
497,Scarface Haswell,9173 Bunker Hill Avenue,80995,CO,shaswellds@ebay.co.uk
498,Sue Bilovsky,70 Comanche Point,75216,TX,sbilovskydt@umich.edu
499,Eduard Playhill,3 Troy Park,32230,FL,eplayhilldu@china.com.cn
500,Babara Nazer,9 Bluestem Road,12255,NY,bnazerdv@bluehost.com
501,Colly Chamberlen,7 Center Junction,46247,IN,cchamberlendw@a8.net
502,Conchita Scogin,3128 Cordelia Trail,01114,MA,cscogindx@blogtalkradio.com
503,Camille Sara,5327 Judy Trail,44185,OH,csarady@businesswire.com
504,Theodoric Vause,255 Namekagon Place,28205,NC,tvausedz@networkadvertising.org
505,Elinor Aylesbury,59732 Evergreen Alley,78764,TX,eaylesburye0@lulu.com
506,Vachel Maase,704 Little Fleur Drive,07305,NJ,vmaasee1@de.vu
507,Brit Foldes,2660 Morning Park,64179,MO,bfoldese2@mail.ru
508,Mitch MacCallester,722 Loomis Drive,33153,FL,mmaccallestere3@dedecms.com
509,Angus Jobin,4593 Di Loreto Trail,30356,GA,ajobine4@tinypic.com
510,Jaime Florey,559 Daystar Place,87105,NM,jfloreye5@europa.eu
511,Bradan Giorgio,18 Truax Center,44315,OH,bgiorgioe6@shutterfly.com
512,Eddi Erdely,1657 Golf Course Avenue,85045,AZ,eerdelye7@bing.com
513,Philis O'Donohue,1 Milwaukee Hill,88006,NM,podonohuee8@salon.com
514,Amara Edes,18267 Thierer Lane,80217,CO,aedese9@mapquest.com
515,Beatrisa McInility,926 Mcbride Junction,80930,CO,bmcinilityea@spiegel.de
516,Edward Toun,20 Schmedeman Lane,77844,TX,etouneb@salon.com
517,Rosalinde Tidcombe,63 Stone Corner Parkway,15286,PA,rtidcombeec@cocolog-nifty.com
518,Kamillah Leaming,571 Bay Junction,31410,GA,kleaminged@angelfire.com
519,Saxon Jumeau,95 Stoughton Drive,23285,VA,sjumeauee@wordpress.com
520,Angelia Bernadon,63 Kropf Trail,25705,WV,abernadonef@aol.com
521,Lila Wentworth,277 4th Crossing,77055,TX,lwentwortheg@cbsnews.com
522,Kalinda Thistleton,0 Pine View Pass,94142,CA,kthistletoneh@blinklist.com
523,Christina Bolt,0292 Bobwhite Alley,11436,NY,cboltei@simplemachines.org
524,Tabby Polo,47102 Steensland Lane,48670,MI,tpoloej@cisco.com
525,Trumaine Borley,08013 Namekagon Pass,06510,CT,tborleyek@yellowpages.com
526,Shanon Gunny,309 Golf Hill,01129,MA,sgunnyel@latimes.com
527,Hobie Karran,38 Moland Court,19886,DE,hkarranem@sbwire.com
528,Travers Blazejewski,6 Talisman Place,55573,MN,tblazejewskien@ca.gov
529,Grover Moorrud,2 Hovde Terrace,23520,VA,gmoorrudeo@walmart.com
530,Corny Hargate,6537 Scoville Pass,37919,TN,chargateep@miitbeian.gov.cn
531,Louie Aaronsohn,81992 Stone Corner Center,19141,PA,laaronsohneq@dailymotion.com
532,Tandi Gregor,900 Maryland Road,19196,PA,tgregorer@pinterest.com
533,Tania Arnold,07911 Schurz Way,78220,TX,tarnoldes@boston.com
534,Simone While,57 Glacier Hill Place,75210,TX,swhileet@liveinternet.ru
535,Aurore Van Daalen,6 Summit Pass,46857,IN,avaneu@reuters.com
536,Katrine Crielly,1 Karstens Street,77234,TX,kcriellyev@chron.com
537,Kath Domenichelli,350 Manley Park,75221,TX,kdomenichelliew@angelfire.com
538,Lora Riediger,88068 Marcy Point,50310,IA,lriedigerex@whitehouse.gov
539,Paige Travis,50 Shelley Crossing,22119,VA,ptravisey@who.int
540,Judy Jertz,518 Corry Drive,56398,MN,jjertzez@google.com.au
541,Knox Leeves,34 Jenna Point,22212,VA,kleevesf0@bloglines.com
542,Eyde Nisco,411 Thompson Trail,20370,DC,eniscof1@cbslocal.com
543,Sonny MacAndreis,55 Browning Plaza,44760,OH,smacandreisf2@mozilla.com
544,Essa Habron,7 Brickson Park Street,64504,MO,ehabronf3@github.com
545,Chad Varns,360 Novick Crossing,17110,PA,cvarnsf4@mozilla.org
546,Linoel Gerran,92 Bobwhite Road,14225,NY,lgerranf5@salon.com
547,Faydra Sparshett,56783 Warrior Lane,06152,CT,fsparshettf6@furl.net
548,Gwenneth Hulls,49 Sutherland Place,73152,OK,ghullsf7@oakley.com
549,Marten Flear,38995 Northwestern Drive,80951,CO,mflearf8@blogs.com
550,Helena Lyddon,58598 Toban Crossing,55115,MN,hlyddonf9@booking.com
551,Wyn Twyning,3 Sauthoff Plaza,95138,CA,wtwyningfa@cyberchimps.com
552,Cam Harsant,702 Burning Wood Court,14683,NY,charsantfb@huffingtonpost.com
553,Bay Warham,36 Armistice Place,33737,FL,bwarhamfc@webnode.com
554,Hernando Joyce,321 Everett Place,85205,AZ,hjoycefd@reference.com
555,Lorette Basnett,1 Pearson Lane,76105,TX,lbasnettfe@un.org
556,Hurley Mariet,9899 Schlimgen Place,73104,OK,hmarietff@amazon.com
557,Corrine McBean,941 John Wall Hill,92822,CA,cmcbeanfg@miitbeian.gov.cn
558,Papageno Domenc,27967 Sutherland Alley,23551,VA,pdomencfh@marketwatch.com
559,Alfreda Hanmore,2618 Reindahl Avenue,36134,AL,ahanmorefi@sina.com.cn
560,Aloisia Fazan,27 Norway Maple Terrace,66611,KS,afazanfj@xing.com
561,Anabelle Benneyworth,9 Debs Alley,70129,LA,abenneyworthfk@shop-pro.jp
562,Aline Phizackarley,3694 Grasskamp Parkway,53234,WI,aphizackarleyfl@amazon.com
563,Thacher Wapplington,016 Glendale Way,93005,CA,twapplingtonfm@cmu.edu
564,Tiphany Sayce,6518 Summer Ridge Street,95194,CA,tsaycefn@moonfruit.com
565,Alfie Tierney,65374 Spenser Trail,60652,IL,atierneyfo@biglobe.ne.jp
566,Meg McMeyler,67 Vermont Street,28314,NC,mmcmeylerfp@dedecms.com
567,Juditha O'Crevan,51 Briar Crest Drive,80217,CO,jocrevanfq@dedecms.com
568,Garnet Hammerberger,3609 Carioca Circle,01605,MA,ghammerbergerfr@alexa.com
569,Nannette Salkild,66 Bartillon Terrace,20022,DC,nsalkildfs@house.gov
570,Jyoti Elkins,42 Spaight Junction,34949,FL,jelkinsft@yelp.com
571,Gayle Shawell,85954 Waywood Crossing,33758,FL,gshawellfu@nyu.edu
572,Richie Daveren,782 Roth Road,19897,DE,rdaverenfv@yahoo.co.jp
573,Gerta Bye,6 Scofield Junction,32092,FL,gbyefw@forbes.com
574,Frances Motton,11 Almo Terrace,49510,MI,fmottonfx@behance.net
575,Lanny McAlees,798 Jackson Pass,99507,AK,lmcaleesfy@adobe.com
576,Welby Unworth,9379 Tennessee Place,24024,VA,wunworthfz@fastcompany.com
577,Gerianne Deem,12 Oxford Way,43605,OH,gdeemg0@plala.or.jp
578,Titos Voice,86 Bunting Avenue,41905,KY,tvoiceg1@acquirethisname.com
579,Nester Poat,1 Menomonie Street,35905,AL,npoatg2@phoca.cz
580,Rosanne Lafford,95618 Lakewood Gardens Place,12205,NY,rlaffordg3@skype.com
581,Jodie Maciejewski,03 Coolidge Avenue,75323,TX,jmaciejewskig4@furl.net
582,Biddy Heading,6215 Katie Pass,60630,IL,bheadingg5@ovh.net
583,Katrinka Grzesiewicz,09960 Manitowish Crossing,94147,CA,kgrzesiewiczg6@booking.com
584,Carolan Peet,05295 Cardinal Terrace,32209,FL,cpeetg7@mtv.com
585,Deirdre Raistrick,20 Forest Run Terrace,02405,MA,draistrickg8@symantec.com
586,Matt Danet,56843 Carpenter Avenue,49018,MI,mdanetg9@dedecms.com
587,Riley Henrique,3 Sullivan Hill,91117,CA,rhenriquega@ucla.edu
588,Silas Lothean,37054 Main Junction,76004,TX,slotheangb@sphinn.com
589,Cherry Hitschke,97278 Larry Alley,45470,OH,chitschkegc@eventbrite.com
590,Jillene Kief,655 Jana Junction,20404,DC,jkiefgd@sina.com.cn
591,Cammy Moverley,7 Arizona Hill,93704,CA,cmoverleyge@ted.com
592,Cecelia Ulyat,783 Marquette Crossing,33153,FL,culyatgf@usnews.com
593,Leif Playfair,6183 Fairfield Parkway,99220,WA,lplayfairgg@arizona.edu
594,Orren Sabbin,6643 Johnson Point,92160,CA,osabbingh@webeden.co.uk
595,Mychal Arne,035 Carberry Hill,80209,CO,marnegi@patch.com
596,Ebba Berggren,80954 Eagan Drive,19125,PA,eberggrengj@samsung.com
597,Dean Huston,72 Annamark Street,01813,MA,dhustongk@sohu.com
598,Ardelia Quantrell,4 Grasskamp Way,84130,UT,aquantrellgl@seesaa.net
599,Shanon Beardsdale,316 Del Sol Crossing,33310,FL,sbeardsdalegm@hud.gov
600,Jaclin Blazhevich,43 Chive Avenue,14639,NY,jblazhevichgn@example.com
601,Rosemonde Follet,34813 Mayer Trail,75310,TX,rfolletgo@lycos.com
602,Bryna Troppmann,50 Eliot Parkway,97240,OR,btroppmanngp@pcworld.com
603,Zia Hafner,1470 Fuller Junction,20380,DC,zhafnergq@salon.com
604,Lalo Merriman,38 Colorado Place,79764,TX,lmerrimangr@yolasite.com
605,Euphemia Connold,848 Brentwood Place,70124,LA,econnoldgs@mapquest.com
606,Meagan Cookson,6164 Browning Hill,20508,DC,mcooksongt@ning.com
607,Pammie Heinrici,9 Dovetail Place,89155,NV,pheinricigu@msn.com
608,Kariotta Milhench,092 Crescent Oaks Drive,11205,NY,kmilhenchgv@sun.com
609,Sunny Sawle,99 Dayton Trail,89436,NV,ssawlegw@mapquest.com
610,Obidiah Emanueli,620 Marquette Trail,44485,OH,oemanueligx@tinyurl.com
611,Malinde Firbanks,298 Vahlen Drive,25709,WV,mfirbanksgy@vkontakte.ru
612,Carlen Dacca,44 Debs Plaza,33233,FL,cdaccagz@infoseek.co.jp
613,Jodie Andreuzzi,12 Fallview Point,14614,NY,jandreuzzih0@hao123.com
614,Tallie Barti,4452 Meadow Valley Point,17121,PA,tbartih1@archive.org
615,Modesta Bakesef,10568 Hoard Parkway,80925,CO,mbakesefh2@ucoz.com
616,Daphene Mabbot,61 Oak Drive,64504,MO,dmabboth3@chron.com
617,Giorgio Mollindinia,9891 Veith Place,32092,FL,gmollindiniah4@marketwatch.com
618,Gilly Crepin,73 Anzinger Drive,66205,KS,gcrepinh5@bizjournals.com
619,Llewellyn Bearsmore,4515 Moose Drive,10079,NY,lbearsmoreh6@myspace.com
620,Rafaela Tuley,432 Northview Terrace,23285,VA,rtuleyh7@creativecommons.org
621,Ruthy MacSkeaghan,562 Merchant Trail,94616,CA,rmacskeaghanh8@ocn.ne.jp
622,Bing Treadaway,100 Schmedeman Alley,11407,NY,btreadawayh9@pen.io
623,Rufus Brockest,3610 Fairview Lane,20530,DC,rbrockestha@elpais.com
624,Cyril Eton,48262 Nelson Lane,33147,FL,cetonhb@microsoft.com
625,Tobe Wedmore,41613 South Center,07505,NJ,twedmorehc@wordpress.org
626,Iorgos Giorgiutti,604 Hagan Street,18505,PA,igiorgiuttihd@engadget.com
627,Yolande Fincke,22839 Beilfuss Court,76129,TX,yfinckehe@tinypic.com
628,Vassili Timpany,3 Scott Terrace,15274,PA,vtimpanyhf@dot.gov
629,Christiana Saltern,5734 Delaware Plaza,89105,NV,csalternhg@unblog.fr
630,Wyn Purdon,71 Calypso Way,85219,AZ,wpurdonhh@washingtonpost.com
631,Laryssa Ripsher,9953 Riverside Road,60158,IL,lripsherhi@livejournal.com
632,Lynnea Diperaus,091 Kensington Junction,15215,PA,ldiperaushj@howstuffworks.com
633,Ev Halfacree,9219 Kinsman Drive,99709,AK,ehalfacreehk@vistaprint.com
634,Melli Kellard,99 Pierstorff Trail,93291,CA,mkellardhl@cam.ac.uk
635,Abbe Rockliffe,42 Manitowish Court,25389,WV,arockliffehm@odnoklassniki.ru
636,Virginia Conklin,710 Lotheville Point,20918,MD,vconklinhn@slideshare.net
637,Maggy Philippou,74275 Lunder Road,45203,OH,mphilippouho@desdev.cn
638,Spense Minchella,2 Ramsey Center,80995,CO,sminchellahp@ovh.net
639,Kameko Absolom,095 Eliot Place,97206,OR,kabsolomhq@de.vu
640,Fayre McCerery,93 Waywood Center,27621,NC,fmccereryhr@baidu.com
641,Hetty Shills,82683 Brown Junction,34290,FL,hshillshs@squarespace.com
642,Debee Robathon,92543 Bunker Hill Park,66642,KS,drobathonht@exblog.jp
643,Lindsey Eplett,264 Washington Hill,79989,TX,lepletthu@google.com.br
644,Maritsa Peeter,6 Merry Pass,10203,NY,mpeeterhv@icq.com
645,Tracey Playle,8 Pleasure Lane,80930,CO,tplaylehw@reference.com
646,Morganne Bastick,88 Golf Parkway,08638,NJ,mbastickhx@samsung.com
647,Brittney Oliva,400 Moland Court,93106,CA,bolivahy@slideshare.net
648,Trescha Smalridge,0 Stoughton Circle,79159,TX,tsmalridgehz@opera.com
649,Wallis Izakoff,284 Cordelia Parkway,80127,CO,wizakoffi0@wikispaces.com
650,Emlyn Brindle,41 Vahlen Parkway,29615,SC,ebrindlei1@dagondesign.com
651,Georas Cuttler,7 Maryland Lane,33164,FL,gcuttleri2@un.org
652,Welbie Nuttey,62635 Huxley Way,79950,TX,wnutteyi3@hao123.com
653,Hilliary Lawlee,105 American Ash Street,61105,IL,hlawleei4@icio.us
654,Oswell Piscot,5919 Artisan Hill,44485,OH,opiscoti5@studiopress.com
655,Corrina Isaacson,73242 Oak Trail,33913,FL,cisaacsoni6@wsj.com
656,Essy Franklin,3437 Prairie Rose Place,34135,FL,efranklini7@army.mil
657,Jackelyn Hirthe,295 Sutherland Park,90840,CA,jhirthei8@exblog.jp
658,August Gigg,81 Forest Drive,78215,TX,agiggi9@blogs.com
659,Veronika Taggett,08402 Burrows Crossing,88514,TX,vtaggettia@sogou.com
660,Fran Yukhnin,146 Iowa Road,54313,WI,fyukhninib@usa.gov
661,Daria Cruttenden,74966 Meadow Vale Court,94245,CA,dcruttendenic@mayoclinic.com
662,Ker Blackly,5 Chive Road,48224,MI,kblacklyid@printfriendly.com
663,Lorrie Whapple,8 Kedzie Place,55446,MN,lwhappleie@yellowpages.com
664,Daryle Linnett,650 Trailsway Hill,75358,TX,dlinnettif@squarespace.com
665,Cristin Faloon,80 Rockefeller Way,02216,MA,cfaloonig@google.nl
666,Eada Arnoud,7 Sunbrook Crossing,88589,TX,earnoudih@about.me
667,Tulley Gambie,5 Banding Crossing,27425,NC,tgambieii@aboutads.info
668,Nikola Bohills,034 Raven Place,28242,NC,nbohillsij@europa.eu
669,Mable Gittens,787 Walton Parkway,43231,OH,mgittensik@oaic.gov.au
670,Emili Biesty,6 Sunfield Circle,70593,LA,ebiestyil@dropbox.com
671,Delainey Ricart,50592 Golf View Court,27425,NC,dricartim@jimdo.com
672,Emmye Blazejewski,6307 Burning Wood Hill,79118,TX,eblazejewskiin@xrea.com
673,Allis Ayre,8304 Florence Circle,16550,PA,aayreio@istockphoto.com
674,Tedman Bailess,0126 Hooker Court,36119,AL,tbailessip@nhs.uk
675,Ettore Gianni,1 Reindahl Terrace,36616,AL,egianniiq@arstechnica.com
676,Paula Osorio,7608 Brickson Park Street,77212,TX,posorioir@ox.ac.uk
677,Harlen McCall,23 Bultman Hill,44185,OH,hmccallis@aol.com
678,Cinderella Harry,87 Golf Alley,15906,PA,charryit@tiny.cc
679,Rustin McIlmorie,09 Morning Pass,55423,MN,rmcilmorieiu@sohu.com
680,Caroline Dublin,471 David Way,29319,SC,cdubliniv@discovery.com
681,Tandie Nudds,4063 Cardinal Parkway,87201,NM,tnuddsiw@php.net
682,Nata Borsi,15 Pennsylvania Crossing,10034,NY,nborsiix@google.cn
683,Riannon Bowyer,22962 Colorado Crossing,10019,NY,rbowyeriy@barnesandnoble.com
684,Kelli Boud,81565 Reindahl Road,81015,CO,kboudiz@illinois.edu
685,Marie-ann MacGlory,5845 Schmedeman Park,22234,VA,mmacgloryj0@icio.us
686,Vicky Fairclough,85015 Killdeer Way,37220,TN,vfaircloughj1@goo.ne.jp
687,Donal Corner,9 Maple Way,98687,WA,dcornerj2@cbsnews.com
688,Mercedes Leads,5819 Dryden Terrace,33175,FL,mleadsj3@blogtalkradio.com
689,Ennis Kohring,5 Monument Street,94230,CA,ekohringj4@slashdot.org
690,Hedwiga Wigg,39175 Ramsey Alley,79182,TX,hwiggj5@e-recht24.de
691,Chrisse Murdy,860 Maywood Crossing,58122,ND,cmurdyj6@ustream.tv
692,Cam Kull,2 Parkside Place,90305,CA,ckullj7@slashdot.org
693,Dina Augie,47783 Shopko Court,62723,IL,daugiej8@wikispaces.com
694,Liana Barley,332 Eggendart Terrace,29805,SC,lbarleyj9@opera.com
695,Forrest Kleisel,34 Portage Pass,92121,CA,fkleiselja@ftc.gov
696,Elsworth Brafield,537 Southridge Pass,50393,IA,ebrafieldjb@blogger.com
697,Cal Comusso,3150 Ridge Oak Alley,79923,TX,ccomussojc@foxnews.com
698,Tedie Shadbolt,913 7th Hill,29605,SC,tshadboltjd@macromedia.com
699,Theo Peasee,8641 Bluestem Drive,44321,OH,tpeaseeje@i2i.jp
700,Madeline Ianilli,3944 Kim Pass,27105,NC,mianillijf@ucsd.edu
701,Hyman Brocking,0034 Manitowish Alley,75049,TX,hbrockingjg@noaa.gov
702,Sasha Konig,7338 Hanson Plaza,75310,TX,skonigjh@google.com.au
703,Vivyanne Derrett,36 Dakota Hill,75226,TX,vderrettji@comcast.net
704,Nadia Bevans,17901 Coolidge Circle,20918,MD,nbevansjj@google.nl
705,Samuele Lawlance,0609 Roxbury Place,20409,DC,slawlancejk@nifty.com
706,Helaina Broady,36462 Becker Trail,23471,VA,hbroadyjl@nationalgeographic.com
707,Hanan Harrigan,24090 Meadow Ridge Way,55590,MN,hharriganjm@uol.com.br
708,Maribeth Abrahamson,774 Novick Lane,11355,NY,mabrahamsonjn@shareasale.com
709,Raquel MacCurlye,07787 Wayridge Street,35231,AL,rmaccurlyejo@prweb.com
710,Gayelord Fynn,350 Crescent Oaks Avenue,27157,NC,gfynnjp@mlb.com
711,Amalita Lundie,0 Lakeland Pass,80995,CO,alundiejq@slashdot.org
712,Giorgio Medgwick,30 Holy Cross Park,92196,CA,gmedgwickjr@google.com.br
713,Devondra Bartlomieczak,95530 Luster Point,33142,FL,dbartlomieczakjs@about.me
714,Daveen Gery,0 Eagle Crest Court,33325,FL,dgeryjt@examiner.com
715,Josias Itzhayek,61 Washington Plaza,20442,DC,jitzhayekju@wp.com
716,Padraic Sivil,807 Armistice Court,45490,OH,psiviljv@ucla.edu
717,Gabriella Dmitrievski,95 Carpenter Plaza,52804,IA,gdmitrievskijw@printfriendly.com
718,Zechariah Ricciardiello,239 Buhler Pass,60641,IL,zricciardiellojx@cpanel.net
719,Patrizius Wehner,52 Schurz Park,40215,KY,pwehnerjy@mapquest.com
720,Maddy Ledwich,0631 Transport Crossing,32405,FL,mledwichjz@goo.gl
721,Laure Arckoll,5 Carberry Avenue,48930,MI,larckollk0@prweb.com
722,Zondra Overill,00353 Dwight Junction,20892,MD,zoverillk1@nsw.gov.au
723,Hobie Clapp,22663 Kennedy Plaza,94611,CA,hclappk2@whitehouse.gov
724,Amata Ceschini,74672 East Terrace,70142,LA,aceschinik3@trellian.com
725,Isadora Castagne,6 Elgar Junction,80209,CO,icastagnek4@indiatimes.com
726,Currey Kornousek,59200 Holy Cross Junction,23324,VA,ckornousekk5@phoca.cz
727,Sheelagh Lenard,65356 Fordem Terrace,28230,NC,slenardk6@virginia.edu
728,Tabitha McClymont,6 8th Pass,37410,TN,tmcclymontk7@sciencedirect.com
729,Ginni Bruyns,893 Mendota Court,62205,IL,gbruynsk8@usa.gov
730,Osbert Hanretty,70 Miller Terrace,48912,MI,ohanrettyk9@dell.com
731,Lawry Ensor,8 Glendale Alley,94064,CA,lensorka@oaic.gov.au
732,Lanae Gutowska,460 Hauk Center,92513,CA,lgutowskakb@w3.org
733,Bern De Gowe,9267 Independence Plaza,60630,IL,bdekc@creativecommons.org
734,Giuditta Rangle,615 Manufacturers Trail,39236,MS,granglekd@trellian.com
735,Lonnie Baulcombe,804 Buhler Parkway,75226,TX,lbaulcombeke@seattletimes.com
736,Katie Toffolini,83 Lukken Terrace,78205,TX,ktoffolinikf@nature.com
737,Devland Jackling,7 Claremont Road,80045,CO,djacklingkg@time.com
738,Harriet Trimme,21 Pepper Wood Trail,60663,IL,htrimmekh@google.fr
739,Aleta Eacle,51 Weeping Birch Junction,30311,GA,aeacleki@bandcamp.com
740,Harlie Koschek,01441 Artisan Terrace,79769,TX,hkoschekkj@youtube.com
741,Babb Melbourn,003 Service Parkway,90025,CA,bmelbournkk@123-reg.co.uk
742,Foster Rihosek,0252 Monterey Parkway,93740,CA,frihosekkl@ucsd.edu
743,Shelba Itzkovsky,5 Packers Park,53726,WI,sitzkovskykm@cisco.com
744,Miltie Fall,6 Westridge Point,95894,CA,mfallkn@yahoo.com
745,Duky Fantin,0447 Monica Center,25362,WV,dfantinko@nytimes.com
746,Rasla Uebel,1 Grover Circle,22225,VA,ruebelkp@posterous.com
747,Cordelia Cunliffe,0 Burning Wood Crossing,75799,TX,ccunliffekq@mediafire.com
748,Shay Sabathier,9724 Vernon Junction,31422,GA,ssabathierkr@seattletimes.com
749,Edithe Warr,4889 Goodland Avenue,35231,AL,ewarrks@deliciousdays.com
750,Aida Maffi,7 Sundown Trail,33633,FL,amaffikt@arizona.edu
751,Roland Wiffen,94 Bonner Park,48930,MI,rwiffenku@simplemachines.org
752,Seamus Krol,59 Arapahoe Court,70820,LA,skrolkv@cnn.com
753,Venita Smuth,3454 Green Ridge Crossing,16565,PA,vsmuthkw@de.vu
754,Theodore Brayfield,4 Barnett Pass,53705,WI,tbrayfieldkx@odnoklassniki.ru
755,Gradeigh Puckrin,24 Dryden Way,91606,CA,gpuckrinky@dmoz.org
756,Dora Bradbeer,59 Macpherson Street,94159,CA,dbradbeerkz@istockphoto.com
757,Annalee Crecy,31592 Westridge Road,72916,AR,acrecyl0@umich.edu
758,Leif Gotts,1692 Granby Circle,79764,TX,lgottsl1@naver.com
759,Cinnamon Tourot,219 Gale Pass,61629,IL,ctourotl2@amazon.com
760,Vilma Ind,5809 Browning Road,10474,NY,vindl3@liveinternet.ru
761,Robbert Bisgrove,42558 6th Plaza,66611,KS,rbisgrovel4@hibu.com
762,Marie-ann Bestar,273 Texas Avenue,53405,WI,mbestarl5@microsoft.com
763,Rica Runcie,18523 Eastlawn Alley,93386,CA,rrunciel6@cmu.edu
764,Mil Glastonbury,8077 Northview Way,43268,OH,mglastonburyl7@ezinearticles.com
765,Bevvy Stendell,358 Golden Leaf Crossing,20226,DC,bstendelll8@prnewswire.com
766,Aviva Mardoll,9 Marquette Street,23228,VA,amardolll9@bravesites.com
767,Herman Hazelby,83 Welch Pass,46015,IN,hhazelbyla@simplemachines.org
768,Harriet Penkethman,233 Basil Place,22405,VA,hpenkethmanlb@github.com
769,Cherida Castelli,99259 Caliangt Road,73167,OK,ccastellilc@youtu.be
770,Cooper Dilke,18 Portage Lane,63126,MO,cdilkeld@unblog.fr
771,Lee Boughtflower,05 Continental Center,77025,TX,lboughtflowerle@eepurl.com
772,Caroljean Seefeldt,37326 Golf Course Lane,64149,MO,cseefeldtlf@istockphoto.com
773,Tiebold Eggar,5 Portage Center,92127,CA,teggarlg@ox.ac.uk
774,Nathan Damant,103 Brown Point,07112,NJ,ndamantlh@house.gov
775,Mendy Riepel,0133 Clarendon Street,33185,FL,mriepelli@unicef.org
776,Corenda Gamett,43 Killdeer Center,85010,AZ,cgamettlj@theglobeandmail.com
777,Ewell Fruchter,0522 Columbus Crossing,90015,CA,efruchterlk@sina.com.cn
778,Zola Meugens,92546 Eagle Crest Point,43615,OH,zmeugensll@last.fm
779,Shawnee Wasiel,372 Anniversary Center,27499,NC,swasiellm@github.io
780,Genvieve Mullen,8 Judy Court,77223,TX,gmullenln@bbb.org
781,Saw Alster,0108 Del Sol Drive,98411,WA,salsterlo@friendfeed.com
782,Jolynn Boykett,484 Gale Avenue,19093,PA,jboykettlp@comcast.net
783,Adriena Cheeld,75 Buhler Trail,38197,TN,acheeldlq@a8.net
784,Babbie Neles,4 Hanson Crossing,55114,MN,bneleslr@networksolutions.com
785,Elfie Cortnay,495 Maple Terrace,71166,LA,ecortnayls@w3.org
786,Jud Handrok,074 Swallow Plaza,83732,ID,jhandroklt@sciencedaily.com
787,Baily Cathee,96464 Anniversary Hill,32830,FL,bcatheelu@sakura.ne.jp
788,Camala Collet,970 Novick Point,53234,WI,ccolletlv@wunderground.com
789,Roberta Passman,1653 Butternut Center,80015,CO,rpassmanlw@netscape.com
790,Selinda Varden,05872 Blaine Pass,23228,VA,svardenlx@bigcartel.com
791,Ethelin Hamshar,82 Thompson Drive,61105,IL,ehamsharly@google.co.uk
792,Tate Stollenbecker,6472 Roxbury Avenue,39505,MS,tstollenbeckerlz@prnewswire.com
793,Grant Shaw,318 Stang Junction,15220,PA,gshawm0@over-blog.com
794,Malynda Millington,46 Doe Crossing Center,33310,FL,mmillingtonm1@yahoo.co.jp
795,Doy Copland,29233 Sycamore Circle,97271,OR,dcoplandm2@phpbb.com
796,Gui Salmen,72 Lunder Lane,94116,CA,gsalmenm3@fastcompany.com
797,Kattie Mallan,08 Magdeline Street,68164,NE,kmallanm4@tinypic.com
798,Germana Willars,82 Hovde Plaza,96820,HI,gwillarsm5@weebly.com
799,Imogen Brideau,2191 Packers Hill,61656,IL,ibrideaum6@upenn.edu
800,Essy Condy,4438 Orin Avenue,79950,TX,econdym7@businessweek.com
801,Gilberte Cowlishaw,4 Browning Plaza,89706,NV,gcowlishawm8@myspace.com
802,Harmon Gotthard.sf,853 Oakridge Pass,20430,DC,hgotthardsfm9@deviantart.com
803,Kaylee Brahmer,7 Longview Street,68583,NE,kbrahmerma@mac.com
804,Nickolas Hollingshead,6 Eggendart Trail,49505,MI,nhollingsheadmb@irs.gov
805,Abbie Eminson,786 Lyons Parkway,32259,FL,aeminsonmc@uol.com.br
806,Daria Houlton,45 Havey Place,33625,FL,dhoultonmd@omniture.com
807,Donnajean Pearmine,037 Arrowood Circle,28242,NC,dpearmineme@nps.gov
808,Elisha Whybray,42 Golden Leaf Park,90015,CA,ewhybraymf@addtoany.com
809,Celinka Courson,9 Lerdahl Lane,92170,CA,ccoursonmg@usa.gov
810,Jorgan More,5 Mayer Street,92127,CA,jmoremh@cbslocal.com
811,Penn Twiname,412 International Pass,85005,AZ,ptwinamemi@fc2.com
812,Regina Deuss,8604 Ramsey Parkway,63167,MO,rdeussmj@live.com
813,Frederic Risborough,2770 Brentwood Point,19109,PA,frisboroughmk@oaic.gov.au
814,Simmonds Yeeles,9 Independence Plaza,92405,CA,syeelesml@webnode.com
815,Pinchas Gobeau,1294 Independence Way,36616,AL,pgobeaumm@fda.gov
816,Winonah Rider,45 School Circle,63110,MO,wridermn@webeden.co.uk
817,Carolus Covington,32 Browning Street,75605,TX,ccovingtonmo@loc.gov
818,Corene Clemenson,19 Pawling Drive,50369,IA,cclemensonmp@bigcartel.com
819,Dag Ward,551 Onsgard Way,14614,NY,dwardmq@mac.com
820,Lenka Stuttman,1548 Lotheville Center,10606,NY,lstuttmanmr@newsvine.com
821,Shirlee Guidelli,093 Larry Lane,64125,MO,sguidellims@nytimes.com
822,Perle Sheddan,2604 Carioca Terrace,31914,GA,psheddanmt@usgs.gov
823,Andromache Einchcombe,932 Ruskin Place,79905,TX,aeinchcombemu@nature.com
824,Nikkie Baldi,0629 Golf View Trail,30323,GA,nbaldimv@ameblo.jp
825,Alejoa Wallworke,445 Sutherland Lane,70805,LA,awallworkemw@virginia.edu
826,Pascale Dalwood,54054 Dakota Avenue,33111,FL,pdalwoodmx@jiathis.com
827,Gareth Stothard,967 John Wall Circle,33673,FL,gstothardmy@clickbank.net
828,Keslie Lagadu,287 Bellgrove Hill,02458,MA,klagadumz@nih.gov
829,Paulo Bessent,451 Superior Alley,22205,VA,pbessentn0@edublogs.org
830,Natasha Lis,85232 Weeping Birch Lane,22217,VA,nlisn1@mapy.cz
831,Curcio Mauvin,016 Merchant Place,75205,TX,cmauvinn2@apache.org
832,Lidia Whyler,42716 Dorton Junction,02142,MA,lwhylern3@seesaa.net
833,Zollie Hinckley,82962 Scott Avenue,98175,WA,zhinckleyn4@imgur.com
834,Danita Wardale,32679 Dottie Pass,77505,TX,dwardalen5@moonfruit.com
835,Courtney O'Scollee,502 Schmedeman Lane,70883,LA,coscolleen6@cargocollective.com
836,Dane Treharne,6100 Dahle Way,68144,NE,dtreharnen7@google.co.jp
837,Bartolomeo Pandey,0 8th Lane,79176,TX,bpandeyn8@ucsd.edu
838,Jess Burney,1977 Fairview Court,19196,PA,jburneyn9@youtu.be
839,Willette L'Episcopi,541 Cardinal Alley,78764,TX,wlepiscopina@themeforest.net
840,Emanuele Matzeitis,525 Rockefeller Hill,07310,NJ,ematzeitisnb@apache.org
841,Leese Auletta,16 Annamark Trail,98109,WA,laulettanc@delicious.com
842,Aubrey Gauvain,36736 Forest Run Hill,98682,WA,agauvainnd@ted.com
843,Muriel Nunan,35 Sherman Lane,16505,PA,mnunanne@diigo.com
844,Clem Humpherston,9355 Twin Pines Trail,90015,CA,chumpherstonnf@timesonline.co.uk
845,Wynn Marre,10 Armistice Avenue,70187,LA,wmarreng@gov.uk
846,Ofella Malatalant,96 Trailsway Center,24515,VA,omalatalantnh@theglobeandmail.com
847,Elysha Money,3806 Burning Wood Trail,55127,MN,emoneyni@howstuffworks.com
848,Abbot Woolston,510 Mandrake Road,85020,AZ,awoolstonnj@europa.eu
849,Erena Behagg,1 Grasskamp Park,25356,WV,ebehaggnk@java.com
850,Stavros Tebbett,3 Cambridge Place,10557,NY,stebbettnl@bbc.co.uk
851,Caryn Leivers,5434 Rockefeller Center,50393,IA,cleiversnm@cbsnews.com
852,Janaye Scrogges,101 Morning Street,10280,NY,jscroggesnn@fotki.com
853,Marrissa Hanscome,2099 Trailsway Circle,90071,CA,mhanscomeno@trellian.com
854,Cobb Chantree,40 Cottonwood Center,77025,TX,cchantreenp@va.gov
855,Wittie Bygate,1 Tennessee Hill,30605,GA,wbygatenq@cdbaby.com
856,Glory Klimowicz,1 Pine View Place,06825,CT,gklimowicznr@digg.com
857,Kessia Tume,418 Brentwood Point,90040,CA,ktumens@csmonitor.com
858,Rey Massot,3 Luster Lane,55487,MN,rmassotnt@sohu.com
859,Wallie Derkes,752 Heath Pass,98140,WA,wderkesnu@etsy.com
860,Putnam Sevitt,3206 Florence Lane,90065,CA,psevittnv@tuttocitta.it
861,Cherlyn Sitlinton,924 Elmside Drive,66220,KS,csitlintonnw@storify.com
862,Forbes Spowart,31 Cambridge Lane,57193,SD,fspowartnx@com.com
863,Stevana Askew,636 Sachs Point,46266,IN,saskewny@moonfruit.com
864,Desmond Berrisford,003 Union Pass,90398,CA,dberrisfordnz@themeforest.net
865,Cesaro Ilem,5894 Hudson Avenue,61614,IL,cilemo0@nba.com
866,Yulma Trevethan,7 Cascade Plaza,20566,DC,ytrevethano1@ezinearticles.com
867,Stanton Cullington,22832 Bowman Drive,49048,MI,scullingtono2@usda.gov
868,Julie Sabates,22 Dakota Way,87592,NM,jsabateso3@msu.edu
869,Alonso Guidoni,3570 Schmedeman Lane,66215,KS,aguidonio4@reverbnation.com
870,Marysa Kearn,04 Forest Road,66629,KS,mkearno5@marketwatch.com
871,Artie Borgnol,2227 Northview Crossing,33884,FL,aborgnolo6@archive.org
872,Albertine Fiennes,45368 International Avenue,73197,OK,afienneso7@blog.com
873,Wye Bernat,02869 Pennsylvania Park,32225,FL,wbernato8@xing.com
874,Hank Brandassi,1 Myrtle Circle,87190,NM,hbrandassio9@xinhuanet.com
875,Annissa De la Eglise,0 Buena Vista Lane,29403,SC,adeoa@answers.com
876,Glen Stollery,645 Westridge Drive,22903,VA,gstolleryob@reddit.com
877,Ferdinande Kearsley,9379 Johnson Park,80935,CO,fkearsleyoc@cnbc.com
878,Nerita McGaughey,93 Forest Point,33742,FL,nmcgaugheyod@youtu.be
879,Bridie Wattinham,54455 Brown Pass,33175,FL,bwattinhamoe@hatena.ne.jp
880,Bertie Mancktelow,061 Parkside Crossing,78225,TX,bmancktelowof@who.int
881,Hammad Dibner,60 Commercial Court,24020,VA,hdibnerog@ustream.tv
882,Raymond Cosslett,90503 Old Gate Place,98682,WA,rcosslettoh@cpanel.net
883,Tammie Mackrell,0 Grayhawk Circle,44125,OH,tmackrelloi@apple.com
884,Harri Spataro,380 Chive Center,15255,PA,hspatarooj@aol.com
885,Maxine Tresler,1 Mendota Plaza,80045,CO,mtreslerok@yellowbook.com
886,Maiga Tavernor,1 Vernon Terrace,25356,WV,mtavernorol@ft.com
887,Selinda Clohisey,420 La Follette Pass,92424,CA,sclohiseyom@abc.net.au
888,Normand Kimmons,955 Cody Plaza,28289,NC,nkimmonson@google.ca
889,Drud Fearne,19115 Bowman Lane,87201,NM,dfearneoo@networkadvertising.org
890,Stace Dillingston,1 Gateway Hill,37995,TN,sdillingstonop@ucla.edu
891,Marieann Pimblott,981 Eastwood Alley,78726,TX,mpimblottoq@youtu.be
892,Felicio Golden of Ireland,5517 Lighthouse Bay Center,27658,NC,fgoldenor@twitpic.com
893,Rhett Matokhnin,1787 Sullivan Point,80228,CO,rmatokhninos@github.io
894,Savina Toffano,0068 4th Place,33647,FL,stoffanoot@economist.com
895,Herta Maestrini,7 Eagan Park,32835,FL,hmaestriniou@sphinn.com
896,Noby Mico,7431 Nelson Plaza,38104,TN,nmicoov@scientificamerican.com
897,Gusta Fulger,56 Bunker Hill Plaza,10060,NY,gfulgerow@purevolume.com
898,Emelia Tire,07708 Almo Alley,02114,MA,etireox@freewebs.com
899,Matty Libbey,94258 Raven Crossing,19897,DE,mlibbeyoy@yale.edu
900,Arlene Ettridge,6179 Sundown Street,89145,NV,aettridgeoz@list-manage.com
901,Dania Shapter,012 Farragut Pass,77346,TX,dshapterp0@skyrock.com
902,Paddie Stannas,5880 Arapahoe Road,88525,TX,pstannasp1@mit.edu
903,Jeffy Badini,8105 Birchwood Hill,12210,NY,jbadinip2@w3.org
904,Domini Crouse,84 Service Center,45296,OH,dcrousep3@cyberchimps.com
905,Brendan Hadenton,057 Burrows Avenue,85015,AZ,bhadentonp4@shinystat.com
906,Rebekah Pauli,3 Twin Pines Drive,63158,MO,rpaulip5@yahoo.com
907,Chandler Fennessy,966 Eggendart Alley,45254,OH,cfennessyp6@ucla.edu
908,Melisse Wildgoose,54902 Toban Road,10155,NY,mwildgoosep7@creativecommons.org
909,Dev Alans,92 Fordem Park,93005,CA,dalansp8@gravatar.com
910,Seumas Furlong,075 Jay Parkway,11431,NY,sfurlongp9@huffingtonpost.com
911,Brewer Pattle,81474 Westridge Center,90065,CA,bpattlepa@flavors.me
912,Frances Preskett,3760 Rigney Hill,32259,FL,fpreskettpb@comcast.net
913,Gray Blasl,936 Marcy Circle,79994,TX,gblaslpc@time.com
914,Melessa Stopper,69029 Westend Point,85010,AZ,mstopperpd@naver.com
915,Martina Doodney,5 Sommers Hill,97240,OR,mdoodneype@domainmarket.com
916,Claudina Boath,0822 Dunning Court,30328,GA,cboathpf@etsy.com
917,Lurette Serridge,52329 Kedzie Court,48224,MI,lserridgepg@narod.ru
918,Elfie Blaske,966 Burning Wood Pass,76178,TX,eblaskeph@nih.gov
919,Gottfried Courtney,35 Crownhardt Lane,97240,OR,gcourtneypi@over-blog.com
920,Jermaine Rope,54 Scofield Hill,77293,TX,jropepj@house.gov
921,Virginia McCool,23266 Corben Parkway,30130,GA,vmccoolpk@tamu.edu
922,Corena Gianuzzi,278 Merrick Alley,37220,TN,cgianuzzipl@ed.gov
923,Graehme Flintoft,6558 Sundown Lane,17622,PA,gflintoftpm@newyorker.com
924,Judye Giacopazzi,14334 Harper Alley,33405,FL,jgiacopazzipn@stanford.edu
925,Zsazsa Alven,4 Harper Way,19610,PA,zalvenpo@cam.ac.uk
926,Hatty De Mitris,61592 Mockingbird Park,25709,WV,hdepp@sina.com.cn
927,Harlen Mauchline,2068 Mariners Cove Terrace,77271,TX,hmauchlinepq@desdev.cn
928,Mercedes Hidderley,6 American Ash Junction,70154,LA,mhidderleypr@friendfeed.com
929,Ibby Luttger,8132 Warrior Avenue,24503,VA,iluttgerps@va.gov
930,Mariel Tommen,3594 Banding Junction,94105,CA,mtommenpt@alexa.com
931,Wilton Hinks,25 Bultman Point,34108,FL,whinkspu@mayoclinic.com
932,Giffard Symon,9898 Dahle Pass,88535,TX,gsymonpv@theguardian.com
933,Gregoire Santora,8524 Tennessee Court,90025,CA,gsantorapw@google.com.br
934,Riane Aleksidze,7860 Farwell Court,32220,FL,raleksidzepx@sina.com.cn
935,Crystal Dockreay,97 Alpine Alley,46406,IN,cdockreaypy@boston.com
936,Janey Sings,4725 Barby Trail,85246,AZ,jsingspz@ucoz.com
937,Baron Poxton,4390 Northport Street,57198,SD,bpoxtonq0@forbes.com
938,Trude Winstanley,648 Thierer Place,78732,TX,twinstanleyq1@pcworld.com
939,Jacquelynn Hargey,8264 Service Street,20244,DC,jhargeyq2@bigcartel.com
940,Chan Piff,58 Springview Trail,66667,KS,cpiffq3@salon.com
941,Gerda Yardley,21 North Point,35263,AL,gyardleyq4@mac.com
942,Cirstoforo O'Brogane,74912 Grover Way,68124,NE,cobroganeq5@dailymotion.com
943,Claire Convery,14312 Melvin Trail,78278,TX,cconveryq6@forbes.com
944,Hammad Frenzel;,289 Maple Hill,94147,CA,hfrenzelq7@nih.gov
945,Augustina Martusov,0488 Lillian Junction,38161,TN,amartusovq8@meetup.com
946,Lotty Howson,5120 Waubesa Terrace,93381,CA,lhowsonq9@altervista.org
947,Elsbeth Alessandrelli,8975 Vermont Parkway,14683,NY,ealessandrelliqa@taobao.com
948,Charleen Gero,4772 Transport Street,89130,NV,cgeroqb@bloomberg.com
949,Tarah Sheryne,94 Forest Circle,73157,OK,tsheryneqc@nature.com
950,Chevalier Copner,8 Welch Alley,20910,MD,ccopnerqd@symantec.com
951,Lola Ivison,241 Goodland Hill,76016,TX,livisonqe@google.com.au
952,Violette Sibley,6 Sullivan Plaza,34620,FL,vsibleyqf@who.int
953,Marlon Ivell,925 Aberg Court,34605,FL,mivellqg@uol.com.br
954,Damaris D'Ruel,80047 Mcbride Way,60567,IL,ddruelqh@kickstarter.com
955,Ezri Gabel,8947 Hollow Ridge Lane,78415,TX,egabelqi@whitehouse.gov
956,Billy Patey,1 Namekagon Pass,33023,FL,bpateyqj@sohu.com
957,Philipa Jolliff,60308 Melrose Lane,91199,CA,pjolliffqk@wiley.com
958,Marty Mickleburgh,97799 Corben Parkway,30306,GA,mmickleburghql@opensource.org
959,Vivianna Huscroft,903 Rowland Trail,61709,IL,vhuscroftqm@cornell.edu
960,Eduard Sline,6475 Oriole Court,75799,TX,eslineqn@theatlantic.com
961,Torr Bourbon,594 Ryan Park,35810,AL,tbourbonqo@people.com.cn
962,Ernestine Haveline,1129 Crownhardt Plaza,24515,VA,ehavelineqp@blinklist.com
963,Cale Beek,70999 Hagan Terrace,32304,FL,cbeekqq@comcast.net
964,Alvera Dickin,254 Express Court,79968,TX,adickinqr@phpbb.com
965,Konstanze Alcide,865 Summit Avenue,83757,ID,kalcideqs@com.com
966,Greggory Cusack,14467 Arizona Hill,01610,MA,gcusackqt@geocities.com
967,Ursa Gaytor,12 Center Circle,79188,TX,ugaytorqu@yahoo.com
968,Joann Ibbetson,614 Randy Terrace,33336,FL,jibbetsonqv@epa.gov
969,Jessalin Vasilyonok,5 Roth Parkway,84170,UT,jvasilyonokqw@cisco.com
970,Carney Dabner,5 Hovde Parkway,77299,TX,cdabnerqx@si.edu
971,Starr Dashper,4 Maywood Lane,52245,IA,sdashperqy@independent.co.uk
972,La verne Eadington,532 Lien Center,95828,CA,lverneqz@ifeng.com
973,Norry Widdall,01374 Carey Pass,35805,AL,nwiddallr0@technorati.com
974,Elroy Gourley,465 Hansons Court,55564,MN,egourleyr1@w3.org
975,Hulda Larham,1531 Meadow Valley Park,30905,GA,hlarhamr2@hexun.com
976,Christa Andric,48379 Bayside Plaza,01605,MA,candricr3@statcounter.com
977,Klaus Lambden,441 Stoughton Circle,37410,TN,klambdenr4@mozilla.com
978,Adah Reagan,69662 Dorton Trail,38161,TN,areaganr5@nydailynews.com
979,Brandon Bassano,67 Oxford Point,55565,MN,bbassanor6@odnoklassniki.ru
980,Blayne Barendtsen,0944 Marcy Parkway,70179,LA,bbarendtsenr7@gnu.org
981,Farley Larkby,587 Gina Drive,46852,IN,flarkbyr8@netvibes.com
982,Fleurette Godilington,710 Bartelt Way,28410,NC,fgodilingtonr9@smh.com.au
983,Phoebe Hierro,4 Colorado Plaza,21211,MD,phierrora@ovh.net
984,Florance Boulde,6 Bartelt Place,21705,MD,fboulderb@issuu.com
985,Merlina Backhouse,2532 Wayridge Drive,28278,NC,mbackhouserc@behance.net
986,Madelin Trevithick,2 Green Pass,92645,CA,mtrevithickrd@dailymail.co.uk
987,Ali Paal,9397 Spenser Avenue,29319,SC,apaalre@ameblo.jp
988,Millicent Desbrow,0736 Rowland Crossing,01129,MA,mdesbrowrf@xrea.com
989,Linell Isakovitch,6673 Monica Plaza,40581,KY,lisakovitchrg@eepurl.com
990,Thurston MacCrossan,38 High Crossing Crossing,99252,WA,tmaccrossanrh@stumbleupon.com
991,Marthena Roughley,265 David Way,78230,TX,mroughleyri@macromedia.com
992,Umberto Thornebarrow,98999 Comanche Road,21282,MD,uthornebarrowrj@barnesandnoble.com
993,Sonia Armsby,2 Melody Point,14683,NY,sarmsbyrk@opensource.org
994,Maybelle Lembrick,4 Northfield Crossing,35290,AL,mlembrickrl@wikipedia.org
995,Ynez Dailey,483 Spenser Park,44315,OH,ydaileyrm@miibeian.gov.cn
996,Berny Krink,0581 Autumn Leaf Drive,75221,TX,bkrinkrn@ycombinator.com
997,Holmes Trudgion,162 Pearson Center,92710,CA,htrudgionro@squarespace.com
998,Brien Harle,1119 Duke Street,30323,GA,bharlerp@narod.ru
999,Rochette Elsmore,7 Division Trail,79710,TX,relsmorerq@springer.com
1000,Ruthie Melluish,31 Melby Alley,53225,WI,rmelluishrr@goodreads.com
