id,name,address,zipcode,state,email
1,Ryley Kinchin,1913 Carioca Circle,61709,IL,rkinchin0@engadget.com
2,Kathrine Blaskett,09 Marcy Street,78703,TX,kblaskett1@yelp.com
3,Gary Spittall,1011 Daystar Court,20268,DC,gspittall2@go.com
4,Frasco Gierck,7342 Saint Paul Court,32255,FL,fgierck3@opensource.org
5,Billy Volker,172 Laurel Street,62718,IL,bvolker4@bravesites.com
6,Monah Rhyme,31516 Kings Hill,95160,CA,mrhyme5@yahoo.co.jp
7,Jeannine Bodycomb,28 Grayhawk Road,90015,CA,jbodycomb6@creativecommons.org
8,Beaufort Woolacott,3 Evergreen Center,59623,MT,bwoolacott7@epa.gov
9,Vanya O' Loughran,5095 Hayes Place,77305,TX,vo8@opera.com
10,Leonard Ravens,9636 Pleasure Park,19058,PA,lravens9@sciencedirect.com
11,Dione Hasloch,608 Caliangt Point,22225,VA,dhaslocha@issuu.com
12,Jarad Bambridge,01 Bobwhite Place,54305,WI,jbambridgeb@army.mil
13,Mariette Hallybone,377 Almo Trail,64114,MO,mhallybonec@bigcartel.com
14,Denney Coonihan,251 Maryland Court,76147,TX,dcoonihand@answers.com
15,Thatcher Dumbrall,20878 4th Terrace,47905,IN,tdumbralle@lulu.com
16,Maurizio Rault,8 2nd Terrace,53779,WI,mraultf@vkontakte.ru
17,Nowell de'-Ancy Willis,47478 Michigan Alley,39534,MS,ndeancyg@stanford.edu
18,Shaine Crossthwaite,967 Myrtle Hill,64109,MO,scrossthwaiteh@symantec.com
19,Therine Masson,7275 Morrow Terrace,21203,MD,tmassoni@tiny.cc
20,Reagen Aubrun,9 Prentice Point,20918,MD,raubrunj@qq.com
21,Osborne Yardley,27388 Burning Wood Terrace,20883,MD,oyardleyk@jimdo.com
22,Cully Rizzone,0449 Bluejay Point,28314,NC,crizzonel@zdnet.com
23,Forester Hillaby,7 Orin Crossing,78230,TX,fhillabym@de.vu
24,Karin McCullen,5 Dakota Parkway,77554,TX,kmccullenn@livejournal.com
25,Bernadene Bricksey,7917 Lyons Alley,74103,OK,bbrickseyo@reddit.com
26,Codie Tamblingson,79599 Sheridan Terrace,33954,FL,ctamblingsonp@wordpress.com
27,Ariel O'Kane,9216 Paget Junction,23454,VA,aokaneq@amazon.com
28,Florie Haller,271 Grim Circle,80925,CO,fhallerr@sakura.ne.jp
29,Emmit Glas,04045 Melrose Avenue,90805,CA,eglass@nba.com
30,Carl Woolsey,2455 Charing Cross Crossing,74156,OK,cwoolseyt@1und1.de
31,Frasquito Thumnel,0 Roxbury Trail,64153,MO,fthumnelu@liveinternet.ru
32,Kristoffer Baleine,11926 Loeprich Street,40287,KY,kbaleinev@aboutads.info
33,Hy Guillford,94 Rowland Plaza,14905,NY,hguillfordw@marketwatch.com
34,Kippy Cattermull,5848 East Lane,27105,NC,kcattermullx@mediafire.com
35,Hunt Knappe,3 Victoria Plaza,85072,AZ,hknappey@usa.gov
36,Gayel Lewsey,9 Eastlawn Circle,75372,TX,glewseyz@geocities.com
37,Harlan Shah,85427 Northridge Alley,53205,WI,hshah10@google.cn
38,Shelton Spurden,2760 Banding Court,28247,NC,sspurden11@bravesites.com
39,Harwell Crowne,3857 Forest Court,27610,NC,hcrowne12@msn.com
40,Lockwood Cowie,4 Dorton Way,54313,WI,lcowie13@intel.com
41,Yasmeen Lambeth,2457 Northport Center,10155,NY,ylambeth14@csmonitor.com
42,Sigfried Keogh,7 Hoepker Terrace,85284,AZ,skeogh15@gnu.org
43,Stevena Imlen,06 Oakridge Crossing,28235,NC,simlen16@illinois.edu
44,Hieronymus Treleaven,33161 Roxbury Hill,07305,NJ,htreleaven17@tinyurl.com
45,Jarrad Nayshe,2 School Circle,76129,TX,jnayshe18@so-net.ne.jp
46,Faber Fordyce,334 Clemons Crossing,85005,AZ,ffordyce19@twitpic.com
47,Eba Gluyus,01 Pawling Circle,76192,TX,egluyus1a@dagondesign.com
48,Van Pirolini,62289 Oneill Center,90015,CA,vpirolini1b@alexa.com
49,Anders Sinnett,98997 Fuller Point,40233,KY,asinnett1c@indiegogo.com
50,Anitra Haining,2750 Dennis Parkway,95219,CA,ahaining1d@w3.org
51,Ruthe Gownge,6779 Manley Park,02142,MA,rgownge1e@psu.edu
52,Ryun Benbough,135 Westport Avenue,10606,NY,rbenbough1f@pbs.org
53,Percival Ferrettino,125 Hermina Trail,94159,CA,pferrettino1g@ask.com
54,Trish Syfax,0 Sundown Point,37914,TN,tsyfax1h@scribd.com
55,Ferrel Bouchier,97475 Towne Park,40220,KY,fbouchier1i@dell.com
56,Putnam Karpmann,083 Nova Point,20892,MD,pkarpmann1j@theglobeandmail.com
57,Patsy Ruddle,4 John Wall Point,47737,IN,pruddle1k@artisteer.com
58,Wallis Foran,561 Straubel Crossing,60636,IL,wforan1l@google.com.br
59,Herbert Tuiller,2 Morning Street,90398,CA,htuiller1m@skyrock.com
60,Maribel Goldsbury,00 Vermont Drive,06825,CT,mgoldsbury1n@forbes.com
61,Sancho Olekhov,7 Colorado Alley,33686,FL,solekhov1o@1und1.de
62,Sam Ballefant,65 Riverside Point,90094,CA,sballefant1p@newyorker.com
63,Clare Threlfall,3 Burning Wood Pass,70820,LA,cthrelfall1q@fotki.com
64,Jonie Hellcat,558 Lakeland Center,90045,CA,jhellcat1r@bbc.co.uk
65,Adelaida Rihanek,26 Monica Road,89155,NV,arihanek1s@baidu.com
66,Tabbie Pink,6 Washington Point,55402,MN,tpink1t@independent.co.uk
67,Roddy Androletti,1840 Killdeer Point,92883,CA,randroletti1u@opera.com
68,Stinky Fennessy,25771 Canary Avenue,93750,CA,sfennessy1v@newyorker.com
69,Kaylee Tinman,6 Meadow Valley Way,10170,NY,ktinman1w@biglobe.ne.jp
70,Connie Hebborn,32873 Barby Circle,93726,CA,chebborn1x@devhub.com
71,Anjela Bowstead,75 Weeping Birch Lane,38136,TN,abowstead1y@princeton.edu
72,Caritta Exell,96 Service Way,44321,OH,cexell1z@tinyurl.com
73,Kylie Elston,52 Valley Edge Park,92805,CA,kelston20@dagondesign.com
74,Burch Littlefield,3356 Superior Crossing,62205,IL,blittlefield21@indiatimes.com
75,Mirabella Rayhill,5 Heath Street,34282,FL,mrayhill22@harvard.edu
76,Berget Crosse,05 Bunting Terrace,84135,UT,bcrosse23@wordpress.com
77,Em Loughlin,1 Evergreen Pass,93407,CA,eloughlin24@privacy.gov.au
78,Marcos Wippermann,65 Rowland Pass,22184,VA,mwippermann25@is.gd
79,Joyan Helleker,66316 6th Park,33499,FL,jhelleker26@buzzfeed.com
80,Timothee California,64 Goodland Alley,33245,FL,tcalifornia27@techcrunch.com
81,Archaimbaud Lowen,7 Mifflin Court,94154,CA,alowen28@theatlantic.com
82,Wilton Mawditt,95104 Stang Court,28305,NC,wmawditt29@plala.or.jp
83,Trixy Berrow,90 Westport Hill,32405,FL,tberrow2a@reddit.com
84,Lyndell Kryszkiecicz,49529 Russell Way,10606,NY,lkryszkiecicz2b@constantcontact.com
85,Tabby Leynham,23244 Waubesa Crossing,27615,NC,tleynham2c@hp.com
86,Nannette Burgan,4 Bayside Road,44393,OH,nburgan2d@hhs.gov
87,Luciana Thacker,83 Shasta Crossing,46015,IN,lthacker2e@bbb.org
88,Kareem Assante,97421 Sheridan Lane,30919,GA,kassante2f@pen.io
89,Ivy Nozzolinii,7 Farmco Parkway,70826,LA,inozzolinii2g@psu.edu
90,Belinda Vasser,413 Kinsman Hill,08104,NJ,bvasser2h@upenn.edu
91,Louella Oran,971 Mandrake Center,06721,CT,loran2i@wired.com
92,Jimmie Lewknor,90 Dahle Terrace,30195,GA,jlewknor2j@discovery.com
93,Sebastiano Andri,290 Oxford Street,50369,IA,sandri2k@washington.edu
94,Claudine Petrashov,10221 Graceland Plaza,78470,TX,cpetrashov2l@digg.com
95,Lane Hopfer,49956 Cambridge Alley,20167,VA,lhopfer2m@ox.ac.uk
96,Goraud Itzkov,0 Farmco Hill,79452,TX,gitzkov2n@1688.com
97,Kalinda Piggins,6 Thierer Center,88514,TX,kpiggins2o@imgur.com
98,Mariann Heeley,91487 Goodland Terrace,33190,FL,mheeley2p@imgur.com
99,Michale Evenett,5 Stone Corner Point,03804,NH,mevenett2q@google.com.hk
100,Patrica Moyers,983 Derek Junction,72199,AR,pmoyers2r@angelfire.com
101,Winifield Alldred,2 Bellgrove Court,20337,DC,walldred2s@nifty.com
102,Leroi Daniels,5 Londonderry Trail,50706,IA,ldaniels2t@blinklist.com
103,Cloe Adel,3546 Eagan Terrace,22036,VA,cadel2u@e-recht24.de
104,Gaston Torbard,0 Schlimgen Drive,81005,CO,gtorbard2v@google.co.uk
105,Husein Larchier,181 Truax Center,79968,TX,hlarchier2w@blogtalkradio.com
106,Marlo Raynes,83 Melrose Circle,92710,CA,mraynes2x@nps.gov
107,Harvey Gawthrop,85098 Loomis Junction,33111,FL,hgawthrop2y@stumbleupon.com
108,Lyell Ormshaw,59 Village Green Way,20088,DC,lormshaw2z@tinyurl.com
109,Urbano Neasam,8226 Gerald Center,40298,KY,uneasam30@addthis.com
110,Riordan Allerton,12 Myrtle Circle,17105,PA,rallerton31@e-recht24.de
111,Sebastiano Ricoald,47731 International Alley,35215,AL,sricoald32@mit.edu
112,Jeddy Molfino,80870 Thompson Place,32803,FL,jmolfino33@1und1.de
113,Christoph Cable,8608 Spenser Trail,58122,ND,ccable34@bluehost.com
114,Reba Jaksic,044 3rd Center,27409,NC,rjaksic35@alibaba.com
115,Ninette Sphinxe,9558 Kinsman Court,32118,FL,nsphinxe36@google.com.br
116,Elaine Gerardet,57352 Karstens Drive,55103,MN,egerardet37@xrea.com
117,Annnora Adriani,3 Waxwing Terrace,21216,MD,aadriani38@t-online.de
118,Valma Gerrey,8074 Schiller Point,77844,TX,vgerrey39@scientificamerican.com
119,Auria Heady,42977 Talmadge Plaza,79171,TX,aheady3a@bandcamp.com
120,Riordan Simons,97868 Paget Lane,90831,CA,rsimons3b@google.pl
121,Lammond Turville,5 Bayside Avenue,28205,NC,lturville3c@msn.com
122,Elroy Gillitt,4 Pawling Pass,87180,NM,egillitt3d@oracle.com
123,Tedman Letford,4 Havey Junction,45238,OH,tletford3e@example.com
124,Reinhard Jenyns,51 Oak Plaza,45264,OH,rjenyns3f@t-online.de
125,Augie Trinbey,985 Randy Hill,37665,TN,atrinbey3g@ted.com
126,Janaya Deddum,9374 Esker Pass,34643,FL,jdeddum3h@delicious.com
127,Florry Ramirez,654 Darwin Center,21211,MD,framirez3i@dion.ne.jp
128,Ryann Fruchter,6 Gulseth Hill,33330,FL,rfruchter3j@wufoo.com
129,Sandi Huge,0 Dottie Park,27116,NC,shuge3k@hugedomains.com
130,Clem Rushsorth,0831 Redwing Way,95194,CA,crushsorth3l@fc2.com
131,Wynny McCullouch,46278 Prairie Rose Avenue,32092,FL,wmccullouch3m@wikipedia.org
132,Aili Ryley,8383 Stephen Crossing,06721,CT,aryley3n@1und1.de
133,Asa Di Biagio,6 Menomonie Circle,27610,NC,adi3o@bravesites.com
134,Paco Stert,728 Northland Crossing,30033,GA,pstert3p@miitbeian.gov.cn
135,Adelind Webborn,56053 Park Meadow Lane,27690,NC,awebborn3q@dot.gov
136,Lucinda McGillreich,26 Lawn Park,95054,CA,lmcgillreich3r@hubpages.com
137,Sullivan Piwall,2 Monument Street,64153,MO,spiwall3s@vimeo.com
138,Parnell McComiskey,04 Pennsylvania Avenue,89074,NV,pmccomiskey3t@stumbleupon.com
139,Nickolas Piken,34642 Macpherson Parkway,85732,AZ,npiken3u@wikipedia.org
140,Rycca Dugget,19 Stuart Court,24004,VA,rdugget3v@reverbnation.com
141,Adel Clift,3619 Derek Road,32092,FL,aclift3w@ucla.edu
142,Alysa Acres,000 Hintze Place,36109,AL,aacres3x@umich.edu
143,Ruthe Didsbury,6 Bultman Plaza,23663,VA,rdidsbury3y@gravatar.com
144,Rubie Zelake,95394 Sage Terrace,94105,CA,rzelake3z@taobao.com
145,Eleanora Coldbreath,46 Judy Parkway,33416,FL,ecoldbreath40@tiny.cc
146,Goldi Sixsmith,0 Mockingbird Court,70129,LA,gsixsmith41@smh.com.au
147,Yvor Harbor,34 Melby Point,32405,FL,yharbor42@mapquest.com
148,Ryley Janaszewski,90 Heath Lane,94913,CA,rjanaszewski43@reddit.com
149,Trever Mamwell,748 Northridge Circle,55402,MN,tmamwell44@storify.com
150,Irwin Davidi,3 Petterle Court,23289,VA,idavidi45@house.gov
151,Jaclin Gerrelts,3213 Sachs Street,59771,MT,jgerrelts46@admin.ch
152,Jenilee Keenlyside,9888 Division Trail,20189,VA,jkeenlyside47@dropbox.com
153,Nikita Ghidotti,63133 Golf View Court,76310,TX,nghidotti48@craigslist.org
154,Danita Torrese,09614 Hanson Court,68524,NE,dtorrese49@yahoo.co.jp
155,Nessi Summerside,59836 Dottie Center,91117,CA,nsummerside4a@sciencedaily.com
156,Micky Damrel,2 Mccormick Parkway,49544,MI,mdamrel4b@vk.com
157,Nesta Euplate,76 Dennis Drive,10155,NY,neuplate4c@about.me
158,Ginelle Largent,8 Meadow Valley Way,46216,IN,glargent4d@dropbox.com
159,Giovanna Ferbrache,38564 Hollow Ridge Pass,64142,MO,gferbrache4e@amazon.com
160,Ganny Crab,467 Merry Hill,88530,TX,gcrab4f@slideshare.net
161,Jerrilee Ashwood,7806 Mariners Cove Park,66611,KS,jashwood4g@free.fr
162,Lorry Pitkethly,8 Manitowish Plaza,77065,TX,lpitkethly4h@examiner.com
163,Berkeley Peacocke,0099 4th Center,19610,PA,bpeacocke4i@ucla.edu
164,Flossi Keywood,38156 Gateway Street,95210,CA,fkeywood4j@myspace.com
165,Elke Cannaway,53840 Arizona Terrace,55487,MN,ecannaway4k@un.org
166,Nicolina Gourley,35776 Fair Oaks Pass,10474,NY,ngourley4l@digg.com
167,Sal Erat,14 Park Meadow Way,19058,PA,serat4m@seesaa.net
168,Chelsie De Luna,8 North Pass,79710,TX,cde4n@sciencedirect.com
169,Alyssa Bricknell,2 Petterle Alley,93311,CA,abricknell4o@hao123.com
170,Quent Le Maitre,9303 Tennessee Crossing,43220,OH,qle4p@ycombinator.com
171,Even Vickars,53458 Carey Court,45426,OH,evickars4q@dedecms.com
172,Hermon Jackalin,1939 Hauk Trail,48609,MI,hjackalin4r@nasa.gov
173,Elsinore Vedyasov,349 Derek Junction,74141,OK,evedyasov4s@patch.com
174,Lu Bassom,8 Mifflin Place,97271,OR,lbassom4t@wiley.com
175,Ginger Pleasants,3 Londonderry Alley,66112,KS,gpleasants4u@issuu.com
176,Stephenie Shorbrook,22 Comanche Road,78285,TX,sshorbrook4v@vimeo.com
177,Zerk Forrest,9769 Tennessee Court,83206,ID,zforrest4w@census.gov
178,Sherm Plaster,57 Jackson Avenue,33069,FL,splaster4x@miitbeian.gov.cn
179,Romeo Merwood,02202 Express Place,62776,IL,rmerwood4y@pcworld.com
180,Standford Doncom,2 Union Trail,19196,PA,sdoncom4z@123-reg.co.uk
181,Lev Latehouse,00 Kenwood Street,78726,TX,llatehouse50@webmd.com
182,Dulciana Giffen,67 Ridgeway Way,63196,MO,dgiffen51@diigo.com
183,Pammi Vannacci,6974 Lotheville Court,55590,MN,pvannacci52@mapy.cz
184,Cleve Pallaske,34611 Pawling Trail,22212,VA,cpallaske53@hatena.ne.jp
185,Livvyy Wyborn,1305 Pearson Trail,29319,SC,lwyborn54@dailymotion.com
186,Lester Grob,90194 Logan Center,45807,OH,lgrob55@dailymail.co.uk
187,Mylo Orans,62493 Victoria Lane,93786,CA,morans56@oakley.com
188,Laureen Scouler,967 Shasta Point,77223,TX,lscouler57@themeforest.net
189,Turner Farden,4 Golf Course Court,92424,CA,tfarden58@time.com
190,Nadia Rehm,490 Mccormick Junction,74141,OK,nrehm59@wikispaces.com
191,Nonie Wallace,72739 Pawling Court,43615,OH,nwallace5a@howstuffworks.com
192,Wadsworth Shallcrass,958 Mccormick Center,34474,FL,wshallcrass5b@earthlink.net
193,Shaylah Spire,3 Rigney Parkway,19605,PA,sspire5c@rediff.com
194,Claudian Edmand,2039 Nevada Alley,94169,CA,cedmand5d@arizona.edu
195,Clotilda Ochterlonie,2 Susan Court,15205,PA,cochterlonie5e@microsoft.com
196,Lewiss Vlach,67461 Lindbergh Place,53210,WI,lvlach5f@delicious.com
197,Lena Cheke,1269 6th Alley,20883,MD,lcheke5g@typepad.com
198,Bartholomew Kingwell,86 Bay Trail,55470,MN,bkingwell5h@purevolume.com
199,Dacy Marden,95 Sloan Junction,73114,OK,dmarden5i@feedburner.com
200,Kerry Irlam,2580 Ilene Trail,55811,MN,kirlam5j@goo.gl
201,Hannis Richmond,3604 Mosinee Hill,94257,CA,hrichmond5k@china.com.cn
202,Prescott Nappin,27168 Cardinal Drive,55402,MN,pnappin5l@desdev.cn
203,Lura Oggers,033 Stang Point,78703,TX,loggers5m@360.cn
204,Amelina Cawthron,0009 Schlimgen Drive,76096,TX,acawthron5n@hostgator.com
205,Deva Dyer,46 Stephen Plaza,89135,NV,ddyer5o@facebook.com
206,Asia Yggo,0973 Elmside Road,80279,CO,ayggo5p@feedburner.com
207,Mattie Reiners,4 Scott Place,20530,DC,mreiners5q@github.com
208,Darrelle Gobbet,603 Helena Street,77705,TX,dgobbet5r@cnbc.com
209,Willi Anglin,99 Raven Crossing,83711,ID,wanglin5s@topsy.com
210,Hanna Stoyles,71594 Scott Road,98140,WA,hstoyles5t@admin.ch
211,Rodie Rae,47 Mifflin Road,96845,HI,rrae5u@ustream.tv
212,Maris Egarr,319 Farmco Court,78220,TX,megarr5v@slideshare.net
213,Sargent Bastiman,8 Gulseth Avenue,89505,NV,sbastiman5w@smh.com.au
214,Tiffie Buesnel,8 Blaine Drive,76016,TX,tbuesnel5x@cnet.com
215,Vickie Dowe,3 Riverside Parkway,59112,MT,vdowe5y@cocolog-nifty.com
216,Jephthah Laphorn,21 Amoth Circle,94286,CA,jlaphorn5z@epa.gov
217,Julienne Habble,20 Derek Street,33175,FL,jhabble60@tamu.edu
218,Darrick Capnor,5372 Bowman Park,95397,CA,dcapnor61@china.com.cn
219,Krystal Cowern,6 Spohn Hill,02163,MA,kcowern62@cargocollective.com
220,Morganica Jacquemot,8741 Golf Course Lane,38181,TN,mjacquemot63@nih.gov
221,Gawain Killen,66 Johnson Way,31422,GA,gkillen64@thetimes.co.uk
222,Meredith Harral,948 Raven Park,89140,NV,mharral65@creativecommons.org
223,Gradeigh Ebbs,9 Charing Cross Avenue,80328,CO,gebbs66@com.com
224,Morgan Riggott,8 Tomscot Way,33543,FL,mriggott67@ftc.gov
225,Aldric Carson,731 Loeprich Plaza,18105,PA,acarson68@usa.gov
226,Biddy Kigelman,27731 Westridge Parkway,44118,OH,bkigelman69@europa.eu
227,Robinet Kissell,7 Independence Parkway,80935,CO,rkissell6a@oakley.com
228,Jermaine Schellig,69480 Lillian Court,40215,KY,jschellig6b@admin.ch
229,Kellen Bangley,832 Dixon Hill,94169,CA,kbangley6c@upenn.edu
230,Shantee De Caroli,04 International Park,33710,FL,sde6d@zimbio.com
231,Melloney Lawlor,88 Mesta Center,88553,TX,mlawlor6e@whitehouse.gov
232,Althea Raymond,61184 Luster Street,90610,CA,araymond6f@so-net.ne.jp
233,Kassi Windybank,54 Beilfuss Crossing,18768,PA,kwindybank6g@archive.org
234,Rowney Stroud,4 Hoepker Hill,84105,UT,rstroud6h@foxnews.com
235,Annaliese Purveys,4 Orin Parkway,06673,CT,apurveys6i@so-net.ne.jp
236,Mela Bowditch,6171 Orin Way,45254,OH,mbowditch6j@simplemachines.org
237,Avie Leyzell,27428 Mariners Cove Center,48107,MI,aleyzell6k@angelfire.com
238,Jake Grene,45158 Farmco Junction,40581,KY,jgrene6l@vistaprint.com
239,Babita Rapson,94873 Cascade Point,90405,CA,brapson6m@issuu.com
240,Anissa Falks,0 Warrior Hill,37939,TN,afalks6n@businessinsider.com
241,Etheline Gayle,0 Briar Crest Drive,20051,DC,egayle6o@aol.com
242,Sullivan Heamus,42 Macpherson Point,70820,LA,sheamus6p@technorati.com
243,Hubie Brimble,1 Southridge Circle,48505,MI,hbrimble6q@nhs.uk
244,Dukey Bathoe,0 Bobwhite Place,34642,FL,dbathoe6r@google.co.uk
245,Roseann Bartoszinski,3 7th Parkway,76016,TX,rbartoszinski6s@com.com
246,Verge Sahnow,80838 Chive Circle,28230,NC,vsahnow6t@umn.edu
247,Callie Westbury,52 Huxley Circle,76505,TX,cwestbury6u@nytimes.com
248,Shurlock Sange,4159 Coolidge Park,33448,FL,ssange6v@cornell.edu
249,Georgeanna Burberry,2 Stephen Park,89193,NV,gburberry6w@si.edu
250,Clarabelle Haquard,62 Lawn Street,98481,WA,chaquard6x@google.cn
251,Kip Endle,418 Texas Circle,27404,NC,kendle6y@youku.com
252,Minnnie Stive,86 Rockefeller Trail,74149,OK,mstive6z@weather.com
253,Oralie Ashforth,5429 Hauk Plaza,10014,NY,oashforth70@slate.com
254,Yolande Perfect,1 Carpenter Crossing,94159,CA,yperfect71@irs.gov
255,Pooh Hellsdon,2 Gale Junction,28305,NC,phellsdon72@wordpress.org
256,Norina Ledeker,12 Melody Road,35220,AL,nledeker73@addtoany.com
257,Chryste Kingswell,4689 Morningstar Lane,23293,VA,ckingswell74@yale.edu
258,Anne-corinne Moorhouse,28573 North Court,75226,TX,amoorhouse75@cloudflare.com
259,Holt Vasyunkin,3302 Eastwood Plaza,60669,IL,hvasyunkin76@who.int
260,Brenda O'Hern,86 International Pass,92405,CA,bohern77@toplist.cz
261,Arni Broz,11293 Southridge Circle,34949,FL,abroz78@craigslist.org
262,Shurlock Oldridge,12143 Dawn Circle,84605,UT,soldridge79@delicious.com
263,Colin Hooks,94 Center Avenue,37914,TN,chooks7a@state.gov
264,Emmy Revett,0 Fairfield Pass,97216,OR,erevett7b@pagesperso-orange.fr
265,Leopold Kendrew,2590 Birchwood Drive,91186,CA,lkendrew7c@tmall.com
266,Jaimie Karpman,08430 Esker Place,90810,CA,jkarpman7d@people.com.cn
267,Enrique Kesteven,0 Bay Avenue,92805,CA,ekesteven7e@va.gov
268,Eloisa Cristou,10206 Melody Avenue,85732,AZ,ecristou7f@engadget.com
269,Andrej McNiff,236 Cordelia Circle,78703,TX,amcniff7g@scribd.com
270,Alberik Roper,9700 Mcguire Crossing,46239,IN,aroper7h@sitemeter.com
271,Brantley Osborne,93 Waywood Road,12262,NY,bosborne7i@issuu.com
272,Axel Ottiwill,822 Trailsway Center,92662,CA,aottiwill7j@wordpress.com
273,Bail Garfirth,2 Main Plaza,95894,CA,bgarfirth7k@cbc.ca
274,Burr Hebblewaite,41 Armistice Center,14624,NY,bhebblewaite7l@disqus.com
275,Etan Challen,810 Heffernan Park,64136,MO,echallen7m@zdnet.com
276,Vidovik Pinkerton,0405 Sundown Junction,60652,IL,vpinkerton7n@youtube.com
277,Andriana Garrettson,20 Maple Trail,80310,CO,agarrettson7o@apache.org
278,Myrvyn Lanphier,6 Park Meadow Trail,38161,TN,mlanphier7p@mozilla.org
279,Tory Churms,0 Crowley Avenue,98042,WA,tchurms7q@vinaora.com
280,Jason Bohl,4 Eagan Trail,18706,PA,jbohl7r@walmart.com
281,Liuka Ca,1588 Algoma Lane,21229,MD,lca7s@ovh.net
282,Alejandrina Thiem,73 Anzinger Pass,92710,CA,athiem7t@toplist.cz
283,Rudolfo Dunderdale,8 Nevada Lane,77271,TX,rdunderdale7u@cyberchimps.com
284,Cosme Chavrin,69959 Lukken Way,22119,VA,cchavrin7v@loc.gov
285,Codi Stoter,9589 Milwaukee Terrace,32520,FL,cstoter7w@typepad.com
286,Dur Baake,913 Lillian Avenue,33673,FL,dbaake7x@shareasale.com
287,Jake Menel,47 Union Plaza,22903,VA,jmenel7y@yellowbook.com
288,Quintilla Moat,58781 Reinke Plaza,39210,MS,qmoat7z@nbcnews.com
289,Price Renison,780 Warrior Junction,89036,NV,prenison80@gizmodo.com
290,Avie Rugg,50452 Debs Place,87592,NM,arugg81@surveymonkey.com
291,Link Brosio,89 Warner Crossing,76162,TX,lbrosio82@hexun.com
292,Sharlene Crunkhurn,28372 Charing Cross Center,20036,DC,scrunkhurn83@sohu.com
293,Candida Nevins,92 Mifflin Junction,63196,MO,cnevins84@furl.net
294,Aeriela Gammell,9237 Glacier Hill Junction,32304,FL,agammell85@wordpress.com
295,Cyndi Larmet,4670 Carberry Crossing,20051,DC,clarmet86@lycos.com
296,Frederica Mustarde,47374 Jackson Junction,12227,NY,fmustarde87@spotify.com
297,Pen Peaseman,8 Ridgeway Court,44125,OH,ppeaseman88@ning.com
298,Rhonda Castellani,348 Maple Center,79105,TX,rcastellani89@imgur.com
299,Ayn Frampton,41 Northridge Street,99522,AK,aframpton8a@flavors.me
300,Kenn Wackly,71 Cambridge Avenue,92110,CA,kwackly8b@devhub.com
301,Elias Fruchon,0025 Di Loreto Street,02142,MA,efruchon8c@hud.gov
302,Ernesto Glasman,0 Huxley Trail,02472,MA,eglasman8d@rambler.ru
303,Giulietta Nesbit,1 Farragut Center,08650,NJ,gnesbit8e@miibeian.gov.cn
304,Eddy Lyddy,40 Grayhawk Junction,65211,MO,elyddy8f@bloglines.com
305,Caroljean Duckhouse,92 Melvin Park,53716,WI,cduckhouse8g@liveinternet.ru
306,Rosene Breeton,514 Morning Way,84199,UT,rbreeton8h@skype.com
307,Dru Manlow,97 Huxley Lane,20709,MD,dmanlow8i@zimbio.com
308,Sheela Shaplin,014 Basil Junction,20566,DC,sshaplin8j@tripadvisor.com
309,Dewain Boyse,69386 Swallow Drive,60697,IL,dboyse8k@paypal.com
310,Rebeca Konig,6 Florence Park,98148,WA,rkonig8l@vkontakte.ru
311,Ware Frame,751 Eliot Center,79984,TX,wframe8m@pen.io
312,Krisha Lardier,80 American Ash Crossing,78721,TX,klardier8n@skype.com
313,Helyn Gormally,31 Helena Way,07112,NJ,hgormally8o@ycombinator.com
314,Jeannette O'Keaveny,2 Barnett Parkway,25770,WV,jokeaveny8p@over-blog.com
315,Dill Juckes,8 Walton Park,85067,AZ,djuckes8q@smh.com.au
316,Luci Gligorijevic,936 Haas Lane,25716,WV,lgligorijevic8r@un.org
317,Page Mathwen,4 Gerald Trail,60663,IL,pmathwen8s@phoca.cz
318,Lind Rouff,877 Norway Maple Pass,23520,VA,lrouff8t@intel.com
319,Biddy Cristoferi,0350 American Ash Avenue,40298,KY,bcristoferi8u@prlog.org
320,Templeton Dincke,99367 Dakota Circle,77020,TX,tdincke8v@tmall.com
321,Natalie Kerswill,55 Glendale Hill,85035,AZ,nkerswill8w@ucla.edu
322,Babette Castenda,85112 Lakewood Pass,94207,CA,bcastenda8x@salon.com
323,Lynnell Dover,21438 Butterfield Circle,30195,GA,ldover8y@typepad.com
324,Melisse Blind,3 Loeprich Place,12232,NY,mblind8z@typepad.com
325,Carmina Pechold,3148 High Crossing Plaza,94616,CA,cpechold90@harvard.edu
326,Kaycee Eickhoff,93 Schmedeman Parkway,79415,TX,keickhoff91@theguardian.com
327,Charmain Cardis,152 Jenna Plaza,30096,GA,ccardis92@nationalgeographic.com
328,Paulie Fulham,2173 Carey Plaza,80223,CO,pfulham93@phpbb.com
329,Dorena Oddboy,65136 Burning Wood Point,06726,CT,doddboy94@va.gov
330,Florida Kelway,9287 Fairview Park,97306,OR,fkelway95@livejournal.com
331,Carla Milius,3 Miller Crossing,70005,LA,cmilius96@list-manage.com
332,Annalee Bruckshaw,2 Dixon Pass,33954,FL,abruckshaw97@nps.gov
333,Kinsley Bruton,40576 Dryden Crossing,93111,CA,kbruton98@joomla.org
334,Stephanie Seer,43950 Rockefeller Circle,98175,WA,sseer99@imgur.com
335,Anne De Michele,7 3rd Circle,20215,DC,ade9a@gizmodo.com
336,Hynda Moulding,779 Susan Alley,46614,IN,hmoulding9b@census.gov
337,Winny Mantione,64356 Colorado Park,95828,CA,wmantione9c@census.gov
338,Horst MacGeffen,99 Havey Way,92176,CA,hmacgeffen9d@google.nl
339,Farica Codi,7 Lillian Point,11247,NY,fcodi9e@de.vu
340,Ruddy Catterson,1998 Goodland Road,47405,IN,rcatterson9f@blog.com
341,Jenny Fleote,3 Ronald Regan Way,95118,CA,jfleote9g@slideshare.net
342,Estrellita Mewes,522 Kim Center,36134,AL,emewes9h@adobe.com
343,Arliene Grimwad,50450 Veith Avenue,44485,OH,agrimwad9i@meetup.com
344,Isobel Scolding,47 Pond Terrace,63126,MO,iscolding9j@constantcontact.com
345,Alena Suero,25 Glacier Hill Place,79165,TX,asuero9k@ucla.edu
346,Linc Wayon,752 Bowman Pass,43610,OH,lwayon9l@archive.org
347,Perrine Ledford,2 Caliangt Plaza,35279,AL,pledford9m@opera.com
348,Crysta Olczyk,42 Hanson Circle,48505,MI,colczyk9n@networksolutions.com
349,Edee Maddigan,7744 Heffernan Circle,78285,TX,emaddigan9o@dailymotion.com
350,Nolana Cud,80 Karstens Plaza,98133,WA,ncud9p@xing.com
351,Leroy Flatt,4100 Dexter Center,94105,CA,lflatt9q@china.com.cn
352,Murvyn Vasyunin,52 Dwight Pass,93407,CA,mvasyunin9r@ycombinator.com
353,Thorsten Menco,8 Old Gate Alley,24515,VA,tmenco9s@about.com
354,Nerissa Blackmore,7 Swallow Road,84409,UT,nblackmore9t@ask.com
355,Ursula Canti,402 Bay Parkway,33315,FL,ucanti9u@hugedomains.com
356,Bald Chuney,97 Shasta Terrace,35231,AL,bchuney9v@canalblog.com
357,Yettie Cocci,9 Glacier Hill Place,70149,LA,ycocci9w@illinois.edu
358,Shellysheldon Cartmail,20 Sloan Avenue,22212,VA,scartmail9x@dailymail.co.uk
359,Jerrie Zwicker,0504 Claremont Point,53790,WI,jzwicker9y@nytimes.com
360,Sacha Fawlo,1663 Farwell Lane,07104,NJ,sfawlo9z@sciencedirect.com
361,Dena Kiff,625 Spaight Parkway,22036,VA,dkiffa0@si.edu
362,Krystal Davson,073 Red Cloud Hill,31132,GA,kdavsona1@wiley.com
363,Thornton Croyden,207 Vera Pass,22212,VA,tcroydena2@spotify.com
364,Arvy Northall,5 Ilene Street,33811,FL,anorthalla3@spotify.com
365,Clo Goggin,113 Hollow Ridge Way,93106,CA,cgoggina4@adobe.com
366,Kirsten McGarvey,51 Quincy Hill,37250,TN,kmcgarveya5@shinystat.com
367,Ramsey McPeice,30868 Welch Alley,78721,TX,rmcpeicea6@skype.com
368,Elisabet Matthis,04 Forster Junction,55905,MN,ematthisa7@forbes.com
369,Beale Fossord,5 Brentwood Crossing,23436,VA,bfossorda8@walmart.com
370,Dagmar De Matteis,893 Cherokee Lane,47937,IN,ddea9@senate.gov
371,Carlyn Reddan,45 Sundown Street,99812,AK,creddanaa@berkeley.edu
372,Guendolen Breazeall,583 Nova Avenue,40256,KY,gbreazeallab@ibm.com
373,Rees Crossan,641 Petterle Hill,79705,TX,rcrossanac@uol.com.br
374,Romy Whitmarsh,6474 Lerdahl Way,25726,WV,rwhitmarshad@si.edu
375,Ardys Oiseau,7 Pond Place,22070,VA,aoiseauae@squidoo.com
376,Avrom Swatten,9222 Hovde Drive,94132,CA,aswattenaf@technorati.com
377,Mada Dell,1553 Montana Drive,91205,CA,mdellag@omniture.com
378,Anabelle Mangin,032 Golf View Drive,97306,OR,amanginah@vk.com
379,Bertrand Fallen,979 Towne Lane,27658,NC,bfallenai@wunderground.com
380,Sylvan holmes,352 Sycamore Trail,94230,CA,sholmesaj@kickstarter.com
381,Netty Bridgnell,18 Meadow Valley Park,16510,PA,nbridgnellak@creativecommons.org
382,Tuckie Espina,128 Hovde Avenue,37210,TN,tespinaal@prlog.org
383,Vick Trappe,3743 Granby Court,49006,MI,vtrappeam@ebay.co.uk
384,Earle Klein,88 David Junction,06825,CT,ekleinan@behance.net
385,Alverta Linklet,5932 Nancy Terrace,79934,TX,alinkletao@webs.com
386,Maressa Greason,5533 Wayridge Plaza,20319,DC,mgreasonap@army.mil
387,Evyn Dixsee,2333 Scofield Alley,19109,PA,edixseeaq@reuters.com
388,Margi Powney,15204 Ilene Terrace,46239,IN,mpowneyar@paypal.com
389,Minne Bruins,97 Autumn Leaf Way,90847,CA,mbruinsas@privacy.gov.au
390,Jessalin Cram,84 Sherman Circle,77255,TX,jcramat@webs.com
391,Allyn De Normanville,59514 Rusk Drive,58207,ND,adeau@upenn.edu
392,Gran Goter,2277 International Place,06905,CT,ggoterav@nbcnews.com
393,Gabriel Authers,6312 Tennessee Plaza,67260,KS,gauthersaw@walmart.com
394,Angelico Fellona,6783 Beilfuss Hill,01813,MA,afellonaax@tmall.com
395,Georgiana Imesen,92 Golf Course Court,33605,FL,gimesenay@go.com
396,Gussy Sheasby,9 Lerdahl Terrace,89120,NV,gsheasbyaz@microsoft.com
397,Poul Andries,5 Starling Avenue,80262,CO,pandriesb0@smugmug.com
398,Isak Hutchason,16 Sutteridge Circle,14609,NY,ihutchasonb1@washingtonpost.com
399,Susi Klosser,6 Shopko Junction,20010,DC,sklosserb2@myspace.com
400,Tudor Jaume,13566 Mallory Trail,47134,IN,tjaumeb3@foxnews.com
401,Gayelord Spellecy,584 Delaware Pass,43268,OH,gspellecyb4@sun.com
402,Hamish Blenkensop,73 Independence Terrace,94110,CA,hblenkensopb5@myspace.com
403,Babita Haughton,12 Rowland Drive,32868,FL,bhaughtonb6@mapquest.com
404,Levi Kleinert,13 Sauthoff Way,32255,FL,lkleinertb7@wordpress.com
405,Erich Isaac,6336 Debs Way,01654,MA,eisaacb8@joomla.org
406,Mab Linklater,55438 Clyde Gallagher Pass,62794,IL,mlinklaterb9@arizona.edu
407,Hayyim Bamfield,233 Waywood Trail,20057,DC,hbamfieldba@xing.com
408,Taylor Garrood,33 American Ash Drive,59623,MT,tgarroodbb@tiny.cc
409,Waverley Jelfs,2 Vernon Crossing,48098,MI,wjelfsbc@vistaprint.com
410,Terrill Trowbridge,0902 Mallory Park,18763,PA,ttrowbridgebd@springer.com
411,Noby Todarini,16 Northview Lane,07112,NJ,ntodarinibe@elegantthemes.com
412,Wenona Bromell,9532 Shelley Point,20910,MD,wbromellbf@jigsy.com
413,Oberon Gartshore,3465 Schurz Crossing,19160,PA,ogartshorebg@macromedia.com
414,Marlyn Haldin,476 Twin Pines Street,92519,CA,mhaldinbh@prlog.org
415,Irena Mayers,76 Pennsylvania Lane,98516,WA,imayersbi@webs.com
416,Charita Comi,30374 Blaine Road,85099,AZ,ccomibj@comcast.net
417,Alison Guisler,01057 Kings Way,33245,FL,aguislerbk@friendfeed.com
418,Ulrika Epgrave,2908 Sunnyside Park,23612,VA,uepgravebl@360.cn
419,Duncan Spurier,47 Ruskin Point,47812,IN,dspurierbm@netvibes.com
420,Orrin Breheny,24 Dapin Plaza,19714,DE,obrehenybn@about.me
421,Ericka Gladdis,54324 Crowley Lane,33124,FL,egladdisbo@google.fr
422,Hillie Pfeffel,52352 Mccormick Park,78754,TX,hpfeffelbp@independent.co.uk
423,Marlena Frammingham,17723 Nova Road,77206,TX,mframminghambq@yale.edu
424,Bekki Skedge,53669 Emmet Park,48555,MI,bskedgebr@oakley.com
425,Ian Newlands,8 Springview Center,02163,MA,inewlandsbs@google.com.hk
426,Karina Olivelli,25 Cherokee Crossing,53205,WI,kolivellibt@xing.com
427,Ruy Stagge,5021 Buena Vista Plaza,15906,PA,rstaggebu@opensource.org
428,Nikoletta Burnsides,20 Moland Terrace,33805,FL,nburnsidesbv@paypal.com
429,Kris Dennington,863 Union Alley,02405,MA,kdenningtonbw@chron.com
430,Emmaline Sammut,47 Welch Park,77299,TX,esammutbx@fda.gov
431,Mabel Collman,739 Grim Avenue,33432,FL,mcollmanby@google.es
432,Clevey Delhay,591 Rockefeller Alley,22093,VA,cdelhaybz@parallels.com
433,Jermaine D'Adamo,1 Delladonna Street,19115,PA,jdadamoc0@mayoclinic.com
434,Jeth Cram,59 Mendota Trail,19196,PA,jcramc1@slate.com
435,Lotte Piddocke,646 Bartillon Road,80305,CO,lpiddockec2@economist.com
436,Deni McGinty,0 Hollow Ridge Court,80270,CO,dmcgintyc3@thetimes.co.uk
437,Esdras Wagerfield,7477 Daystar Street,87115,NM,ewagerfieldc4@thetimes.co.uk
438,Christiane Robel,459 Eagle Crest Point,14652,NY,crobelc5@yellowbook.com
439,Nev Powdrell,43 Dixon Plaza,98121,WA,npowdrellc6@netscape.com
440,Jacquenette Dmitrievski,994 Oak Valley Lane,15286,PA,jdmitrievskic7@jimdo.com
441,Annette Nickoles,8548 Warrior Alley,90050,CA,anickolesc8@privacy.gov.au
442,Cloris Geerits,28760 Bunker Hill Trail,10184,NY,cgeeritsc9@newsvine.com
443,Forster Nolot,340 Annamark Pass,02208,MA,fnolotca@craigslist.org
444,Eal Fairnie,95 Superior Circle,80930,CO,efairniecb@wix.com
445,Livvyy Shillito,41 Boyd Junction,40225,KY,lshillitocc@sina.com.cn
446,Gottfried Mixon,8806 Trailsway Pass,34479,FL,gmixoncd@nyu.edu
447,Koralle Gabey,141 Forest Dale Road,92013,CA,kgabeyce@blog.com
448,Gannie Browse,50 Mayfield Point,01152,MA,gbrowsecf@friendfeed.com
449,Tony Galliard,45 Vahlen Center,01654,MA,tgalliardcg@51.la
450,Fee Hawksley,13 Commercial Point,02405,MA,fhawksleych@g.co
451,Reina Allsepp,29752 Ruskin Hill,07188,NJ,rallseppci@homestead.com
452,Araldo Waszkiewicz,92268 Morning Way,33320,FL,awaszkiewiczcj@nps.gov
453,Elka Bunting,2796 Kensington Plaza,25716,WV,ebuntingck@harvard.edu
454,Graham MacDiarmid,92 Mcguire Alley,85077,AZ,gmacdiarmidcl@de.vu
455,Shelley Linsey,5 Upham Terrace,24029,VA,slinseycm@businessinsider.com
456,Minette Colling,10225 Montana Lane,08619,NJ,mcollingcn@who.int
457,Adrienne Ellin,1262 Maple Junction,22333,VA,aellinco@icio.us
458,Chryste Rabjohns,82 Canary Drive,10155,NY,crabjohnscp@cargocollective.com
459,Kacie Wimpey,4478 Larry Hill,17105,PA,kwimpeycq@yahoo.co.jp
460,Ced Tuminini,7603 Alpine Alley,19109,PA,ctumininicr@accuweather.com
461,Germaine Hembling,01 Caliangt Pass,75310,TX,ghemblingcs@bigcartel.com
462,Klement Egan,50241 Village Avenue,28405,NC,keganct@home.pl
463,Davie Hardington,88183 Russell Place,60691,IL,dhardingtoncu@webnode.com
464,Elton Mariotte,1 Straubel Park,01605,MA,emariottecv@indiegogo.com
465,Sarene Dyett,79 Clemons Center,78703,TX,sdyettcw@goo.ne.jp
466,Trenton Whitwam,3141 Hollow Ridge Parkway,77090,TX,twhitwamcx@over-blog.com
467,Fan Poundsford,76620 Sunbrook Pass,35279,AL,fpoundsfordcy@canalblog.com
468,Blakelee Westgarth,3 Main Court,48670,MI,bwestgarthcz@google.it
469,Natale Call,81 Redwing Place,91411,CA,ncalld0@vimeo.com
470,Cory Mesias,41853 Pepper Wood Plaza,48901,MI,cmesiasd1@amazon.co.uk
471,Katalin De Filippis,510 Grover Trail,46254,IN,kded2@nytimes.com
472,Isidore Giacopetti,2 Troy Way,78265,TX,igiacopettid3@reddit.com
473,Shellie Cartan,18513 Merrick Street,12227,NY,scartand4@ftc.gov
474,Lydon Kantor,4 8th Plaza,06140,CT,lkantord5@mit.edu
475,Avril Docksey,911 Jackson Trail,52804,IA,adockseyd6@simplemachines.org
476,Carolyne Mark,538 Schlimgen Way,32230,FL,cmarkd7@prlog.org
477,Dayna Doag,389 Magdeline Trail,16550,PA,ddoagd8@go.com
478,Kaylil Upham,4 Dayton Junction,79116,TX,kuphamd9@opensource.org
479,Gilbertine Inskipp,6786 Morning Plaza,68179,NE,ginskippda@intel.com
480,Anthe Willars,42066 Columbus Way,78220,TX,awillarsdb@techcrunch.com
481,Ebonee Mcwhinney,13345 Acker Park,76129,TX,emcwhinneydc@fda.gov
482,Myrah Kensitt,41 Prentice Hill,06905,CT,mkensittdd@aol.com
483,Gena Larrat,1420 Mariners Cove Crossing,14225,NY,glarratde@addtoany.com
484,Rayner Tappin,729 Utah Place,31196,GA,rtappindf@spiegel.de
485,Martin Sneath,6652 Fordem Avenue,46239,IN,msneathdg@cnn.com
486,Pavel Dikle,624 Randy Street,06538,CT,pdikledh@netlog.com
487,Lexis Minall,609 Briar Crest Road,88519,TX,lminalldi@amazon.co.jp
488,Tabbatha Brimicombe,1 Fremont Lane,88569,TX,tbrimicombedj@apache.org
489,Marlo Edginton,979 Burrows Drive,20575,DC,medgintondk@amazon.co.uk
490,Suzy Garrett,86742 Elmside Plaza,19196,PA,sgarrettdl@springer.com
491,Terry Tuckey,54849 Northview Plaza,45271,OH,ttuckeydm@ovh.net
492,Christabel Chester,65853 Monica Plaza,85732,AZ,cchesterdn@reuters.com
493,Bryant Orteu,36363 Prentice Avenue,31410,GA,borteudo@google.it
494,Bealle McElmurray,17553 Hanover Trail,64125,MO,bmcelmurraydp@virginia.edu
495,Crissie Dorkins,0597 Emmet Place,84409,UT,cdorkinsdq@who.int
496,Denys Wardley,91 Autumn Leaf Parkway,79928,TX,dwardleydr@ftc.gov
497,Stefano Sumsion,257 Burrows Lane,28247,NC,ssumsionds@hugedomains.com
498,Ulrich Phillcox,606 Ruskin Road,48107,MI,uphillcoxdt@shutterfly.com
499,Denyse Vallintine,838 Bultman Trail,75185,TX,dvallintinedu@ameblo.jp
500,Matthus Waleran,156 Sachs Hill,53210,WI,mwalerandv@cocolog-nifty.com
501,Ford Jaspar,8 Fulton Park,25331,WV,fjaspardw@ebay.com
502,Clem Josilowski,71 Hollow Ridge Pass,71166,LA,cjosilowskidx@icio.us
503,Tedda Cuddy,3088 Rockefeller Pass,43635,OH,tcuddydy@springer.com
504,Waylan Rentelll,6 Rutledge Place,53225,WI,wrentellldz@gizmodo.com
505,Kriste Coolson,6330 Esker Street,94712,CA,kcoolsone0@cmu.edu
506,Kittie Kleinhandler,13929 Clarendon Way,02162,MA,kkleinhandlere1@rediff.com
507,Tedda Petera,9 Buell Hill,55572,MN,tpeterae2@ted.com
508,Gipsy Antic,1 Cherokee Park,16550,PA,gantice3@accuweather.com
509,Aliza Plimmer,6838 Sherman Plaza,32803,FL,aplimmere4@mashable.com
510,Tami Duddle,00460 Hollow Ridge Court,31210,GA,tduddlee5@examiner.com
511,Tannie Rider,5 Pine View Circle,89436,NV,tridere6@fda.gov
512,Boyd Pulteneye,65 Sherman Trail,75372,TX,bpulteneyee7@tamu.edu
513,Zelda Hun,003 Cambridge Center,62718,IL,zhune8@sitemeter.com
514,Gabriele Blampy,539 Brickson Park Park,68124,NE,gblampye9@nature.com
515,Valery Haddrell,7 Memorial Park,72231,AR,vhaddrellea@amazon.co.jp
516,Kacie Arpin,7884 Autumn Leaf Court,33543,FL,karpineb@woothemes.com
517,Wilow Wesker,438 Rockefeller Circle,19136,PA,wweskerec@newyorker.com
518,Maighdiln Metterick,6 Orin Drive,39216,MS,mmettericked@gravatar.com
519,Indira Oakwood,44 Corben Way,40576,KY,ioakwoodee@tinyurl.com
520,Martguerita Faulconbridge,9903 Ilene Parkway,22205,VA,mfaulconbridgeef@360.cn
521,Valerie Bysshe,609 Walton Center,20005,DC,vbyssheeg@cyberchimps.com
522,Alix Nutbean,0638 Lillian Pass,28256,NC,anutbeaneh@about.me
523,Ezequiel Slyman,9 Mallard Center,89150,NV,eslymanei@mysql.com
524,Jermayne Gellion,98330 Golf View Hill,73114,OK,jgellionej@sphinn.com
525,Clare Lashmar,21314 Pierstorff Point,46867,IN,clashmarek@ihg.com
526,Delaney Cheyne,4021 Larry Place,71137,LA,dcheyneel@theatlantic.com
527,Neale McMichan,8960 Mallard Center,84105,UT,nmcmichanem@marketwatch.com
528,Rickert Carnelley,52825 Mitchell Court,87195,NM,rcarnelleyen@accuweather.com
529,Dud Heineke,87723 4th Center,33915,FL,dheinekeeo@theguardian.com
530,Kassi Cleyburn,1966 Crest Line Place,24040,VA,kcleyburnep@github.io
531,Rollins Conichie,51 Portage Point,80255,CO,rconichieeq@g.co
532,Carolyne Bassham,01227 Everett Street,36119,AL,cbasshamer@spiegel.de
533,Corenda Banville,42943 Warbler Way,98687,WA,cbanvillees@jugem.jp
534,Dedie Diggons,85861 Hoffman Alley,79911,TX,ddiggonset@arizona.edu
535,Durante Curley,686 Meadow Vale Plaza,94207,CA,dcurleyeu@topsy.com
536,Royce Toffel,35 Becker Park,65105,MO,rtoffelev@reuters.com
537,Vivie Suggey,6 Independence Point,78215,TX,vsuggeyew@g.co
538,Cherianne Deuss,29 Rowland Place,30605,GA,cdeussex@mapquest.com
539,Kizzee Swindells,695 Messerschmidt Center,76210,TX,kswindellsey@tiny.cc
540,Darla Hainning,075 Shelley Terrace,37240,TN,dhainningez@xing.com
541,Terrill Annes,2 Muir Road,94263,CA,tannesf0@dot.gov
542,Emmit Simonnot,09075 Stoughton Hill,29805,SC,esimonnotf1@jimdo.com
543,Stu Bricklebank,4 Sugar Way,36125,AL,sbricklebankf2@accuweather.com
544,Nichole Hanalan,80 Packers Avenue,76598,TX,nhanalanf3@google.ca
545,Isaak Crombie,94136 Melby Junction,95064,CA,icrombief4@vimeo.com
546,Layney Mish,420 Hollow Ridge Trail,33777,FL,lmishf5@google.com.hk
547,Brenda Drew,63 Messerschmidt Point,79940,TX,bdrewf6@telegraph.co.uk
548,Orelia Dickenson,88 Trailsway Center,99215,WA,odickensonf7@tinypic.com
549,Augustus Korneichuk,48340 Center Trail,15240,PA,akorneichukf8@scientificamerican.com
550,Paulie Beathem,1838 Dawn Way,47306,IN,pbeathemf9@istockphoto.com
551,Wash Fittall,8962 Clove Parkway,68134,NE,wfittallfa@redcross.org
552,Pia Brotherhood,461 East Junction,79984,TX,pbrotherhoodfb@fastcompany.com
553,Gustavo Orrom,96461 Washington Parkway,19810,DE,gorromfc@yahoo.com
554,Caitlin Houtbie,52 Pepper Wood Terrace,63180,MO,choutbiefd@google.co.jp
555,Kilian Wayon,0 Hoepker Alley,32092,FL,kwayonfe@nih.gov
556,Niccolo Beardsdale,1093 Little Fleur Trail,01605,MA,nbeardsdaleff@yolasite.com
557,Idalia Willmore,1281 Ronald Regan Street,85035,AZ,iwillmorefg@ustream.tv
558,Gage oldey,44 Coolidge Alley,97240,OR,goldeyfh@google.ca
559,Burton Plows,66 Clyde Gallagher Court,29605,SC,bplowsfi@i2i.jp
560,Emmett Sugars,01361 Debra Pass,22205,VA,esugarsfj@twitpic.com
561,Thomasina Grishmanov,06361 Saint Paul Park,63126,MO,tgrishmanovfk@naver.com
562,Letta Wanell,09527 Debra Hill,20215,DC,lwanellfl@technorati.com
563,Silas Enga,52 Sullivan Circle,06160,CT,sengafm@timesonline.co.uk
564,Nyssa Golson,299 Bunting Lane,64136,MO,ngolsonfn@alexa.com
565,Jinny Thoday,914 Leroy Parkway,87105,NM,jthodayfo@51.la
566,Jesselyn Leppington,43 Elgar Crossing,94712,CA,jleppingtonfp@ted.com
567,Trixy Loisi,76 Lakewood Pass,80217,CO,tloisifq@ifeng.com
568,Ramsay McNish,4 Goodland Junction,80910,CO,rmcnishfr@pinterest.com
569,Bar Aberkirder,0 Superior Parkway,33448,FL,baberkirderfs@dmoz.org
570,Glenn Metzel,39514 Arizona Crossing,29403,SC,gmetzelft@newsvine.com
571,Denny Halms,426 Golf View Crossing,38181,TN,dhalmsfu@redcross.org
572,Katee Gillings,4893 Hintze Center,11225,NY,kgillingsfv@hostgator.com
573,Colan Chetwin,562 Michigan Drive,94807,CA,cchetwinfw@multiply.com
574,Ardelle McNicol,0 Green Ridge Way,90010,CA,amcnicolfx@cam.ac.uk
575,Abby Sherlaw,25 Reinke Park,77276,TX,asherlawfy@senate.gov
576,Philipa McKennan,30 Burning Wood Lane,61709,IL,pmckennanfz@ning.com
577,Alys Duckering,101 Ohio Point,33961,FL,aduckeringg0@sakura.ne.jp
578,Rozanne Pudge,14637 Center Way,55146,MN,rpudgeg1@nih.gov
579,Pier Haselup,15201 Forest Run Parkway,71137,LA,phaselupg2@ezinearticles.com
580,Carley Fernandez,5 Burning Wood Plaza,94627,CA,cfernandezg3@gmpg.org
581,Wolf O'Malley,820 Lyons Lane,16510,PA,womalleyg4@yandex.ru
582,Flory Hessentaler,2 Dunning Circle,20260,DC,fhessentalerg5@ocn.ne.jp
583,Hilly Buller,16358 Schiller Hill,79928,TX,hbullerg6@huffingtonpost.com
584,Janaya Cummungs,71975 Darwin Drive,77015,TX,jcummungsg7@hexun.com
585,Evangeline Padson,625 Ramsey Place,46620,IN,epadsong8@adobe.com
586,Helena Ginglell,48664 Debra Point,95838,CA,hginglellg9@1und1.de
587,Fannie Borgnol,8097 Daystar Street,89178,NV,fborgnolga@boston.com
588,Morgen Balling,8 Main Court,98185,WA,mballinggb@sogou.com
589,Bale Boshers,8 Bay Circle,97296,OR,bboshersgc@dot.gov
590,Phelia Targe,15 Lyons Court,48912,MI,ptargegd@businessweek.com
591,Estrellita Czaja,82 Reinke Alley,31136,GA,eczajage@stanford.edu
592,Jerald Craney,6902 Rusk Center,75507,TX,jcraneygf@liveinternet.ru
593,Carlin Latore,990 Chive Parkway,18505,PA,clatoregg@theatlantic.com
594,Egon Niese,8923 Portage Plaza,24020,VA,eniesegh@omniture.com
595,Lurleen Coye,1209 Browning Hill,44185,OH,lcoyegi@merriam-webster.com
596,Klarika Leale,7 Dorton Terrace,94544,CA,klealegj@is.gd
597,Natalya Labbey,00770 Northland Road,84199,UT,nlabbeygk@ucsd.edu
598,Dalenna Wilsey,995 Bashford Drive,80249,CO,dwilseygl@drupal.org
599,Rolland Frentz,713 New Castle Terrace,22047,VA,rfrentzgm@stanford.edu
600,Jeth Waddingham,99181 Declaration Lane,33436,FL,jwaddinghamgn@hatena.ne.jp
601,Jemmie Botwood,1927 Old Shore Lane,90060,CA,jbotwoodgo@wordpress.org
602,Edik Raft,012 Lien Point,20078,DC,eraftgp@dyndns.org
603,Gizela Vasyuchov,56 Fordem Hill,34479,FL,gvasyuchovgq@cbsnews.com
604,Elnar Espinos,52 Sugar Lane,64199,MO,eespinosgr@domainmarket.com
605,Drugi Ferreira,1 Oxford Court,06533,CT,dferreirags@slate.com
606,Mame Flageul,94793 Clemons Trail,75185,TX,mflageulgt@reuters.com
607,Kandy Gosdin,4 Helena Lane,15210,PA,kgosdingu@edublogs.org
608,Madelyn Lewins,93 Fair Oaks Court,53277,WI,mlewinsgv@marketwatch.com
609,Leila Cosgry,341 Green Ridge Terrace,11407,NY,lcosgrygw@dagondesign.com
610,Noellyn Grinsted,6218 Manitowish Street,46278,IN,ngrinstedgx@hostgator.com
611,Robb Littell,57 Shopko Street,44705,OH,rlittellgy@npr.org
612,Stanford Bursell,66264 Roxbury Way,44321,OH,sbursellgz@pen.io
613,Dulce Carrick,0363 Reindahl Crossing,90015,CA,dcarrickh0@blinklist.com
614,Della Restill,693 Sugar Plaza,20088,DC,drestillh1@behance.net
615,Xenia Kenworthey,09 Crownhardt Terrace,33758,FL,xkenwortheyh2@dell.com
616,Ranee Mirralls,88117 Sunfield Hill,78744,TX,rmirrallsh3@163.com
617,Dona Adderson,1 Melby Alley,33763,FL,daddersonh4@japanpost.jp
618,Ignazio McGrory,3 Hermina Parkway,27425,NC,imcgroryh5@so-net.ne.jp
619,Blinni Kinnear,8936 Mosinee Hill,47405,IN,bkinnearh6@mac.com
620,Tildie Doggerell,4 Pennsylvania Pass,33405,FL,tdoggerellh7@fda.gov
621,Phylys Hounsham,814 High Crossing Circle,32092,FL,phounshamh8@blinklist.com
622,Killian Roistone,8286 Carioca Crossing,20260,DC,kroistoneh9@twitter.com
623,Eula Hassard,466 Loftsgordon Street,27455,NC,ehassardha@utexas.edu
624,Hale Sheal,1 Anniversary Center,31136,GA,hshealhb@theatlantic.com
625,Sarene Coleiro,93 Valley Edge Court,80249,CO,scoleirohc@bravesites.com
626,Melly Douce,2951 Golden Leaf Lane,27157,NC,mdoucehd@zdnet.com
627,Lynnelle Hansell,4 Melvin Point,34643,FL,lhansellhe@freewebs.com
628,Neila Ecles,9 Forster Crossing,33134,FL,necleshf@scribd.com
629,Louis Ketteringham,1 Green Court,65218,MO,lketteringhamhg@weather.com
630,Gennie Petegre,02 Karstens Drive,75251,TX,gpetegrehh@is.gd
631,Clarence Stygall,9 Blaine Street,11225,NY,cstygallhi@cdbaby.com
632,Joel D'Acth,55003 Mesta Pass,73124,OK,jdacthhj@irs.gov
633,Calv Kelley,89025 Sycamore Plaza,15230,PA,ckelleyhk@wordpress.com
634,Tobey Moorcroft,448 Arrowood Lane,79710,TX,tmoorcrofthl@stanford.edu
635,Hermina Tunnadine,82638 Donald Junction,17605,PA,htunnadinehm@unc.edu
636,Brier Sothern,18 Sunnyside Crossing,30323,GA,bsothernhn@weather.com
637,Friedrick Ivanikov,8 Grasskamp Drive,80255,CO,fivanikovho@example.com
638,Cathe Bruins,6 Homewood Circle,87190,NM,cbruinshp@psu.edu
639,Bethina Comizzoli,83 Welch Street,39204,MS,bcomizzolihq@census.gov
640,Dickie Woolmington,149 Main Road,33982,FL,dwoolmingtonhr@clickbank.net
641,Norry Bollins,8 Upham Center,80044,CO,nbollinshs@quantcast.com
642,Helene Aloshechkin,938 Stang Avenue,80015,CO,haloshechkinht@livejournal.com
643,Cathe Yurkov,07 Knutson Crossing,93005,CA,cyurkovhu@army.mil
644,Maximilian Munkley,6698 Steensland Parkway,32885,FL,mmunkleyhv@merriam-webster.com
645,Lincoln Sword,41 Scoville Junction,90189,CA,lswordhw@linkedin.com
646,Pincus Hathway,31 Lukken Drive,32808,FL,phathwayhx@fotki.com
647,Yale Fluger,3 Forster Alley,27116,NC,yflugerhy@telegraph.co.uk
648,Gilda Gravenall,16 Hollow Ridge Place,33913,FL,ggravenallhz@ycombinator.com
649,Deck Kowal,67 Northwestern Alley,20414,DC,dkowali0@va.gov
650,Valry Ardern,0932 Jenifer Junction,60435,IL,varderni1@biblegateway.com
651,Shermie Zorzenoni,0 Charing Cross Street,79699,TX,szorzenonii2@dailymotion.com
652,Clary Henstridge,2 Caliangt Street,07505,NJ,chenstridgei3@creativecommons.org
653,Irvin Seson,54 Mcguire Way,80935,CO,isesoni4@cnet.com
654,Horace O'Dennehy,9 Colorado Park,12222,NY,hodennehyi5@mlb.com
655,Thornton Engall,1 Pankratz Road,80161,CO,tengalli6@thetimes.co.uk
656,Phip Craighill,305 Bellgrove Place,53779,WI,pcraighilli7@yolasite.com
657,Megen Lohden,2 Cottonwood Pass,28272,NC,mlohdeni8@intel.com
658,Fayre Hinrichs,49 Eastwood Parkway,28314,NC,fhinrichsi9@mozilla.com
659,Freddie Daunter,0 Mcguire Lane,10249,NY,fdaunteria@ocn.ne.jp
660,Cynthie Golley,91 Lyons Center,11054,NY,cgolleyib@xinhuanet.com
661,Marlowe Jochens,84026 Almo Lane,45414,OH,mjochensic@wikipedia.org
662,Armstrong Reimer,891 Cottonwood Road,47134,IN,areimerid@europa.eu
663,Paolo Pickworth,935 Dexter Court,50706,IA,ppickworthie@creativecommons.org
664,Thibaud Cave,59 Kinsman Park,10090,NY,tcaveif@dropbox.com
665,Yorke Camel,5360 Namekagon Lane,20580,DC,ycamelig@shutterfly.com
666,Laural Stedman,730 Marquette Avenue,49006,MI,lstedmanih@mediafire.com
667,Ron Faldo,9052 Summer Ridge Drive,55188,MN,rfaldoii@pagesperso-orange.fr
668,Frasco Lydiard,13349 Debra Park,84093,UT,flydiardij@hc360.com
669,Yoshi Lippitt,38364 Harper Court,08650,NJ,ylippittik@4shared.com
670,Bambi Moth,9 Aberg Court,70616,LA,bmothil@fda.gov
671,Alethea Aveson,0 Northland Terrace,37919,TN,aavesonim@umich.edu
672,Kennie Glaves,2 Carberry Plaza,34605,FL,kglavesin@tumblr.com
673,Jeanie Voase,1 Larry Crossing,23228,VA,jvoaseio@huffingtonpost.com
674,Mathew Lilburn,0 Summer Ridge Street,23203,VA,mlilburnip@cmu.edu
675,Bobbee Sangar,36511 Amoth Street,77070,TX,bsangariq@dedecms.com
676,Georgette Drains,06 Kinsman Terrace,73167,OK,gdrainsir@pinterest.com
677,Ingamar MacGillreich,1738 Ohio Street,35231,AL,imacgillreichis@rediff.com
678,Glori Lidgertwood,92 7th Street,78721,TX,glidgertwoodit@nba.com
679,Franni Fronek,31 Derek Pass,34135,FL,ffronekiu@google.co.uk
680,Roxie Luton,052 Blackbird Trail,80255,CO,rlutoniv@altervista.org
681,Abbe Willishire,6561 Colorado Point,20851,MD,awillishireiw@ted.com
682,Mohammed Liddyard,875 Harper Hill,11220,NY,mliddyardix@reddit.com
683,Bria Dykes,5 Kenwood Crossing,98008,WA,bdykesiy@ow.ly
684,Alexandre Yakushkev,38 Sunbrook Crossing,78265,TX,ayakushkeviz@exblog.jp
685,Berni McIlwrick,65221 West Crossing,66276,KS,bmcilwrickj0@studiopress.com
686,Darrell Jiruca,8964 Manitowish Court,32919,FL,djirucaj1@arizona.edu
687,Nowell Instrell,6 Pennsylvania Place,95118,CA,ninstrellj2@hao123.com
688,Gilda Hatcliffe,5313 Ilene Hill,46247,IN,ghatcliffej3@oracle.com
689,Oralle Joanaud,62804 David Point,32255,FL,ojoanaudj4@paypal.com
690,Terrijo Roantree,453 Mayer Crossing,36610,AL,troantreej5@dedecms.com
691,Patrizio Trainor,49 Boyd Pass,45490,OH,ptrainorj6@cornell.edu
692,Ethelred Banat,5921 Westport Road,32215,FL,ebanatj7@wikia.com
693,Anastasie Zorzi,0 North Terrace,94273,CA,azorzij8@com.com
694,Laverna Mockler,85 Anhalt Park,75062,TX,lmocklerj9@harvard.edu
695,Nicholas Whartonby,7 Manley Parkway,23272,VA,nwhartonbyja@godaddy.com
696,Rolph Scoone,52779 Prairie Rose Parkway,79188,TX,rscoonejb@tumblr.com
697,Christy Corgenvin,35 5th Avenue,16505,PA,ccorgenvinjc@uiuc.edu
698,Sutherland Leile,16436 Colorado Center,53225,WI,sleilejd@wunderground.com
699,Liv Ygoe,438 Barby Hill,32605,FL,lygoeje@blinklist.com
700,Olympia Wyldish,2 School Drive,75185,TX,owyldishjf@psu.edu
701,Prudi O'Crigan,6710 Basil Street,32209,FL,pocriganjg@auda.org.au
702,Jerrome Pirdy,876 Northport Plaza,99507,AK,jpirdyjh@pen.io
703,Fallon Ridley,158 Monica Way,68124,NE,fridleyji@liveinternet.ru
704,Bobby Maddicks,563 Tony Street,77271,TX,bmaddicksjj@marketwatch.com
705,Amie Werlock,9630 Starling Trail,92825,CA,awerlockjk@google.nl
706,Curr Leadley,64287 Weeping Birch Circle,55905,MN,cleadleyjl@si.edu
707,Zonnya Costanza,78 Forest Dale Circle,47937,IN,zcostanzajm@delicious.com
708,Scott McNaughton,29048 Alpine Alley,20904,MD,smcnaughtonjn@unicef.org
709,Stavros Trevaskiss,7 Sundown Pass,70183,LA,strevaskissjo@google.co.uk
710,Meghann D'Adamo,7 Alpine Drive,77085,TX,mdadamojp@tiny.cc
711,Monty Paradyce,4 Menomonie Drive,25775,WV,mparadycejq@drupal.org
712,Desdemona McGilvary,6746 6th Court,32412,FL,dmcgilvaryjr@youku.com
713,Ella Frankham,42694 Kenwood Drive,78754,TX,efrankhamjs@icio.us
714,Rahal Danhel,0658 Manitowish Terrace,93094,CA,rdanheljt@ow.ly
715,Rhianna Dovidian,025 Bunker Hill Drive,99205,WA,rdovidianju@edublogs.org
716,Elliott Dubique,61 Oriole Pass,34620,FL,edubiquejv@purevolume.com
717,Raven Calcott,92975 Myrtle Drive,78749,TX,rcalcottjw@artisteer.com
718,Ashla Puckey,81 Northridge Parkway,68124,NE,apuckeyjx@cafepress.com
719,Mikkel Duiged,98880 Milwaukee Terrace,94280,CA,mduigedjy@sitemeter.com
720,Dulsea Clayden,8 Schlimgen Circle,77844,TX,dclaydenjz@auda.org.au
721,Skipper Regi,07436 Steensland Way,28220,NC,sregik0@reddit.com
722,Edita McAleese,98 Karstens Road,85030,AZ,emcaleesek1@msn.com
723,Yorker Joinsey,0485 Memorial Circle,22309,VA,yjoinseyk2@csmonitor.com
724,Jerrold De Vile,5591 Warrior Terrace,50706,IA,jdek3@mayoclinic.com
725,Marylou Tredget,66 Columbus Road,28247,NC,mtredgetk4@bravesites.com
726,Bradan Huckster,3738 Pleasure Crossing,36114,AL,bhucksterk5@angelfire.com
727,Garrard Dusting,25 Burrows Court,94257,CA,gdustingk6@lulu.com
728,Quintin Weine,9965 Straubel Pass,78265,TX,qweinek7@list-manage.com
729,Mill Brockwell,207 Mayer Point,64193,MO,mbrockwellk8@phoca.cz
730,Geri Bremeyer,11250 School Plaza,60078,IL,gbremeyerk9@123-reg.co.uk
731,Emmett Loren,995 School Trail,06721,CT,elorenka@icq.com
732,Kristofer Tomlett,5 Rockefeller Crossing,30045,GA,ktomlettkb@usgs.gov
733,Amargo Allone,362 Eggendart Way,32225,FL,aallonekc@4shared.com
734,Malachi Kovacs,06 Golf Park,02216,MA,mkovacskd@bandcamp.com
735,Dione Vassano,392 Dovetail Drive,76178,TX,dvassanoke@weather.com
736,Kinny Flagg,3 Summerview Pass,77050,TX,kflaggkf@comcast.net
737,Fleming Pasley,62 Farragut Crossing,79165,TX,fpasleykg@cornell.edu
738,Gilbert Lowdham,3 Spaight Avenue,55480,MN,glowdhamkh@fema.gov
739,Carmen Elen,6705 Talmadge Park,19093,PA,celenki@unesco.org
740,Skipp Bonds,651 Merry Alley,01813,MA,sbondskj@trellian.com
741,Elmore Naisbitt,72211 Burrows Junction,55480,MN,enaisbittkk@unc.edu
742,Karmen Durie,636 Morning Street,30919,GA,kduriekl@usatoday.com
743,Ramonda MacIlriach,27 Old Gate Point,94291,CA,rmacilriachkm@accuweather.com
744,Kelsi Oddie,787 Dakota Terrace,53277,WI,koddiekn@ovh.net
745,Lock Depke,59 Meadow Vale Circle,45432,OH,ldepkeko@twitpic.com
746,Fred Haskey,08063 Prentice Street,66225,KS,fhaskeykp@typepad.com
747,Deloria Medcraft,48 Linden Circle,99205,WA,dmedcraftkq@wiley.com
748,Marika Cutten,4 Trailsway Pass,94089,CA,mcuttenkr@marriott.com
749,Ibrahim Barbrook,8090 Hansons Pass,06510,CT,ibarbrookks@reference.com
750,Morris Saint,4 Mallory Junction,56372,MN,msaintkt@foxnews.com
751,Rosalind Tireman,3194 Rutledge Court,57105,SD,rtiremanku@nbcnews.com
752,Ezri Lieb,11 Rockefeller Center,92555,CA,eliebkv@unblog.fr
753,Storm Eschalette,5 Karstens Junction,76110,TX,seschalettekw@artisteer.com
754,Bendick Kornousek,3 Alpine Crossing,48098,MI,bkornousekkx@free.fr
755,Gay Wolland,9 Holy Cross Junction,40745,KY,gwollandky@usgs.gov
756,Drucie Wallworke,93807 Springview Junction,44125,OH,dwallworkekz@businesswire.com
757,Alister Sporrij,570 Hoard Lane,32118,FL,asporrijl0@pinterest.com
758,James Hemms,38112 Rockefeller Park,33915,FL,jhemmsl1@netscape.com
759,Dael Schrieves,1872 Raven Plaza,38109,TN,dschrievesl2@unesco.org
760,Agustin Najera,8 Haas Way,50981,IA,anajeral3@wsj.com
761,Kellina Ludewig,08 Chive Lane,60630,IL,kludewigl4@people.com.cn
762,Garry Bails,87 Sauthoff Park,22244,VA,gbailsl5@wired.com
763,Minette Rulten,4977 Blaine Crossing,95155,CA,mrultenl6@jiathis.com
764,Iain Greenway,1 Prentice Terrace,77386,TX,igreenwayl7@weebly.com
765,Odey McClenaghan,72 Sutherland Trail,20029,DC,omcclenaghanl8@earthlink.net
766,Reagen Bullman,5236 Heffernan Avenue,20575,DC,rbullmanl9@bloomberg.com
767,Ede Codi,9 Eagle Crest Way,90505,CA,ecodila@nytimes.com
768,Farlee Klaff,96 Claremont Center,97221,OR,fklafflb@uiuc.edu
769,Sherwynd Gumey,407 Lyons Crossing,17405,PA,sgumeylc@who.int
770,Vonny Ianniello,24282 Arkansas Pass,91606,CA,vianniellold@seattletimes.com
771,Ingram Ollcott,845 Pleasure Plaza,55407,MN,iollcottle@youtu.be
772,Cyrille Ribbon,079 Jenna Road,52804,IA,cribbonlf@google.co.uk
773,Lindsay Jerg,0925 Pearson Street,15274,PA,ljerglg@amazon.de
774,Welby Welberry,3810 Village Alley,77705,TX,wwelberrylh@answers.com
775,Neely Chellenham,45 Hayes Avenue,33023,FL,nchellenhamli@xing.com
776,Tove Burfoot,6 Donald Terrace,12262,NY,tburfootlj@wordpress.org
777,Kelsey Durbyn,9258 Holmberg Junction,52405,IA,kdurbynlk@google.nl
778,Ervin Labrum,07720 Mifflin Way,68510,NE,elabrumll@reddit.com
779,Josefa Argontt,840 Summerview Way,77218,TX,jargonttlm@cargocollective.com
780,Jefferey Kew,1924 Forest Run Way,10160,NY,jkewln@bigcartel.com
781,Shandra Myott,0 Grim Terrace,57188,SD,smyottlo@usa.gov
782,Gail Aiston,07364 Roxbury Lane,38136,TN,gaistonlp@people.com.cn
783,Marilyn Borge,80416 4th Point,79945,TX,mborgelq@smugmug.com
784,Carmina Vescovini,184 Loeprich Street,90840,CA,cvescovinilr@wunderground.com
785,Claudette Arbuckel,1496 Maryland Circle,19136,PA,carbuckells@storify.com
786,Janessa Fray,061 Packers Circle,55115,MN,jfraylt@sciencedirect.com
787,Carlen Rijkeseis,9089 Farmco Point,27717,NC,crijkeseislu@deviantart.com
788,Hermione Zylbermann,7 Lukken Place,07522,NJ,hzylbermannlv@quantcast.com
789,Patty Dufton,64 Harper Point,72905,AR,pduftonlw@t.co
790,Gayle Janas,834 Stoughton Court,92710,CA,gjanaslx@unblog.fr
791,Ilyssa Seak,74 Utah Terrace,60609,IL,iseakly@fastcompany.com
792,Jacki Matijasevic,67584 Mallard Park,66286,KS,jmatijaseviclz@trellian.com
793,Darby Abelovitz,0076 Victoria Lane,30245,GA,dabelovitzm0@t.co
794,Nikita Langsdon,117 Corben Alley,23509,VA,nlangsdonm1@kickstarter.com
795,Nikki Renshaw,413 Forest Run Court,02912,RI,nrenshawm2@google.com.hk
796,Moria Crutchley,38 Linden Alley,55487,MN,mcrutchleym3@abc.net.au
797,Carina Glenn,6 Ridgeview Terrace,95894,CA,cglennm4@arizona.edu
798,Dar Sturt,01 Merrick Parkway,45408,OH,dsturtm5@livejournal.com
799,Pansie Durdan,9528 7th Street,10633,NY,pdurdanm6@census.gov
800,Matti Hiscoe,24036 Riverside Pass,27626,NC,mhiscoem7@sourceforge.net
801,Lonnard Doey,2 Moland Road,30096,GA,ldoeym8@mac.com
802,Simone Renahan,2 Cottonwood Drive,72199,AR,srenahanm9@cornell.edu
803,Martin Klaus,08121 Trailsway Plaza,79118,TX,mklausma@people.com.cn
804,Russ Stonebanks,2148 Victoria Lane,75246,TX,rstonebanksmb@barnesandnoble.com
805,Gus McCandless,6 Graedel Parkway,33283,FL,gmccandlessmc@mozilla.org
806,Mic Spavins,740 Warbler Court,70836,LA,mspavinsmd@ftc.gov
807,Cornela Aris,475 Bashford Center,97255,OR,carisme@nature.com
808,Sascha Exell,186 Forest Drive,27116,NC,sexellmf@sun.com
809,Tabatha Yeeles,591 Clove Place,34615,FL,tyeelesmg@behance.net
810,Quintus Flury,9 Prairie Rose Center,16107,PA,qflurymh@foxnews.com
811,Francesca Tardiff,9120 Northland Circle,48555,MI,ftardiffmi@google.ca
812,Nollie Blockley,5437 Express Parkway,77206,TX,nblockleymj@scribd.com
813,Eachelle Schustl,7 Del Mar Lane,46202,IN,eschustlmk@ucoz.com
814,Lawry Barson,077 Kim Pass,75221,TX,lbarsonml@smugmug.com
815,Darcey Biffen,26554 Beilfuss Parkway,95173,CA,dbiffenmm@time.com
816,Leo Anfossi,088 Holmberg Terrace,70810,LA,lanfossimn@wufoo.com
817,Wylie Daley,4935 Mesta Pass,66105,KS,wdaleymo@google.com.au
818,Roddy Arnaez,345 Steensland Point,89145,NV,rarnaezmp@tuttocitta.it
819,Vickie Desson,013 Artisan Drive,46805,IN,vdessonmq@mozilla.org
820,Babbie Hekkert,85 Annamark Drive,90030,CA,bhekkertmr@youtube.com
821,Davida Hedingham,2012 Bellgrove Road,94257,CA,dhedinghamms@icq.com
822,Idell Mitchenson,40376 Milwaukee Hill,57193,SD,imitchensonmt@seesaa.net
823,Ebba Broadwell,9623 Browning Way,12255,NY,ebroadwellmu@prnewswire.com
824,Odette Yushankin,0508 Washington Plaza,28284,NC,oyushankinmv@chron.com
825,Maxine MacDunleavy,66 Pawling Plaza,92505,CA,mmacdunleavymw@surveymonkey.com
826,Burke Jolliman,2045 Sundown Circle,73190,OK,bjollimanmx@yahoo.co.jp
827,Odey Manoch,64 Daystar Park,78732,TX,omanochmy@amazon.co.jp
828,Felicdad Daverin,024 Butterfield Plaza,85062,AZ,fdaverinmz@cdbaby.com
829,Jacquetta Valerio,823 Meadow Valley Junction,20005,DC,jvalerion0@reference.com
830,Worth Yedy,5 Weeping Birch Hill,23520,VA,wyedyn1@nps.gov
831,Lindsy Kupka,6 Little Fleur Center,60078,IL,lkupkan2@devhub.com
832,Garik Giggie,903 Stuart Park,80310,CO,ggiggien3@answers.com
833,Abelard Savege,359 Londonderry Drive,95813,CA,asavegen4@indiatimes.com
834,Zachariah Gadd,81529 Cody Junction,24009,VA,zgaddn5@time.com
835,Sarina Bedberry,2 Pawling Place,75353,TX,sbedberryn6@slideshare.net
836,Madelina McIlmurray,81 Springs Pass,46814,IN,mmcilmurrayn7@tripod.com
837,Sapphire Robinett,38617 Sloan Alley,99812,AK,srobinettn8@examiner.com
838,Davy Reihm,368 High Crossing Trail,71161,LA,dreihmn9@ehow.com
839,Temple McAllan,45251 Mosinee Terrace,74149,OK,tmcallanna@soundcloud.com
840,Celisse Jore,2786 Northview Center,45414,OH,cjorenb@pbs.org
841,Rochette Vergine,4969 Almo Trail,44118,OH,rverginenc@walmart.com
842,Jay Billion,19868 Fordem Point,65805,MO,jbillionnd@umich.edu
843,Brit Creavin,91 Di Loreto Drive,63121,MO,bcreavinne@japanpost.jp
844,Marieann Trustey,462 Mandrake Plaza,19151,PA,mtrusteynf@harvard.edu
845,Jehu Volk,5 Oriole Pass,28242,NC,jvolkng@nba.com
846,Katherina Epple,1 Parkside Place,78744,TX,kepplenh@microsoft.com
847,Godart Scattergood,79 Algoma Crossing,93111,CA,gscattergoodni@wikispaces.com
848,Ethelin Dust,1 Fordem Crossing,60652,IL,edustnj@virginia.edu
849,Aleda MacCosto,09290 Lyons Circle,46202,IN,amaccostonk@abc.net.au
850,Dewitt Cutchie,4054 Fordem Trail,92115,CA,dcutchienl@vk.com
851,Alison Van Cassel,86 Brown Junction,02163,MA,avannm@trellian.com
852,Tiffi Lough,66055 Dakota Court,44305,OH,tloughnn@simplemachines.org
853,Taddeusz Ingley,25165 Pierstorff Lane,20310,DC,tingleyno@rakuten.co.jp
854,Lenee Elis,85362 Center Plaza,55441,MN,lelisnp@surveymonkey.com
855,Florance O'Dempsey,6367 Barnett Crossing,30343,GA,fodempseynq@parallels.com
856,Zuzana Bindon,37095 Division Park,55448,MN,zbindonnr@sfgate.com
857,Richart Sancias,84960 Thompson Junction,23213,VA,rsanciasns@gravatar.com
858,Moishe Hourihane,7383 Lien Court,97286,OR,mhourihanent@samsung.com
859,Jock Ferrillo,22115 Bayside Pass,67260,KS,jferrillonu@wikispaces.com
860,Gabey Bundock,44 Pepper Wood Junction,28815,NC,gbundocknv@soundcloud.com
861,Dasha Treves,6070 Killdeer Park,90020,CA,dtrevesnw@livejournal.com
862,Tyrus MacUchadair,74669 Sommers Pass,90065,CA,tmacuchadairnx@biblegateway.com
863,Harry Scrivens,37 Brentwood Court,06905,CT,hscrivensny@disqus.com
864,Bridget Van Arsdale,6526 Hallows Hill,10305,NY,bvannz@europa.eu
865,Jonathon Friese,1780 Rutledge Lane,33777,FL,jfrieseo0@bloglovin.com
866,Templeton Hing,24638 Sundown Plaza,33185,FL,thingo1@tumblr.com
867,Elise Redsall,8 Westerfield Place,06145,CT,eredsallo2@toplist.cz
868,Cynthy Erwin,9153 Corscot Terrace,95852,CA,cerwino3@wordpress.com
869,Isidor Casali,29 Truax Terrace,44118,OH,icasalio4@mtv.com
870,Harrison Patrie,85 2nd Crossing,37665,TN,hpatrieo5@hubpages.com
871,Robena Klosa,26 Summerview Way,18105,PA,rklosao6@vk.com
872,Dannie Strodder,59904 Maple Wood Alley,78737,TX,dstroddero7@fotki.com
873,Quintus Petto,523 Hallows Hill,85715,AZ,qpettoo8@howstuffworks.com
874,Brianna Zipsell,1 Claremont Street,68144,NE,bzipsello9@techcrunch.com
875,Grier Bayne,4426 Larry Pass,85053,AZ,gbayneoa@usatoday.com
876,Madlin Willey,2924 David Road,92835,CA,mwilleyob@dailymail.co.uk
877,Patin Butterfill,47749 Calypso Parkway,75342,TX,pbutterfilloc@techcrunch.com
878,Carole Ketchaside,050 Northwestern Hill,94263,CA,cketchasideod@spiegel.de
879,Howey Flahy,0 Ridgeview Park,77505,TX,hflahyoe@bbb.org
880,Allx Tonkes,9872 Magdeline Plaza,20337,DC,atonkesof@unesco.org
881,Laetitia Ughelli,8 Lotheville Circle,62205,IL,lughelliog@about.me
882,Pembroke Rackam,26 Shelley Parkway,12242,NY,prackamoh@photobucket.com
883,Isabeau Niese,606 Oxford Alley,92505,CA,inieseoi@imgur.com
884,Vicki De Filippo,6674 Hovde Park,78245,TX,vdeoj@google.com.hk
885,Shelba Saward,337 Hovde Hill,65218,MO,ssawardok@yale.edu
886,Marnie Calafato,5 Hermina Street,30092,GA,mcalafatool@fda.gov
887,Christoforo Sneddon,26 Vermont Crossing,53263,WI,csneddonom@intel.com
888,Brendon Griswaite,05 Paget Trail,60657,IL,bgriswaiteon@virginia.edu
889,Clarita Gaunson,18845 Dennis Crossing,97255,OR,cgaunsonoo@craigslist.org
890,Tammy Moss,7 Mariners Cove Alley,66617,KS,tmossop@answers.com
891,Gilbertina Edgley,2411 Express Point,83405,ID,gedgleyoq@ted.com
892,Noll Karchewski,1849 Reinke Pass,08104,NJ,nkarchewskior@cmu.edu
893,Conney Heibel,14 Eastlawn Point,31136,GA,cheibelos@mapy.cz
894,Emmanuel Volett,390 Caliangt Lane,65211,MO,evolettot@umich.edu
895,Ellerey Savoury,2459 Paget Drive,47306,IN,esavouryou@tripod.com
896,Rodney Bilt,053 Logan Circle,29319,SC,rbiltov@mac.com
897,Arny Rollin,77739 Old Shore Place,53785,WI,arollinow@eventbrite.com
898,Randal Crus,59409 Clarendon Street,95054,CA,rcrusox@icio.us
899,Devondra Whistance,96826 Hagan Alley,80525,CO,dwhistanceoy@merriam-webster.com
900,Hunfredo L'Hommee,603 Forest Dale Way,77281,TX,hlhommeeoz@istockphoto.com
901,Missy Nattriss,7281 Cottonwood Road,92153,CA,mnattrissp0@newsvine.com
902,Melony Dunstall,32728 Russell Place,44305,OH,mdunstallp1@ucla.edu
903,Flint Brownlow,53 Arkansas Drive,74108,OK,fbrownlowp2@shareasale.com
904,Zachary Simonsson,999 Fairview Street,47712,IN,zsimonssonp3@admin.ch
905,Thorsten Errichiello,417 Maryland Place,55127,MN,terrichiellop4@oaic.gov.au
906,Netta Girkin,4732 Sachs Lane,60641,IL,ngirkinp5@imageshack.us
907,Patin Rottery,81926 Pierstorff Junction,46221,IN,protteryp6@twitpic.com
908,Pavlov Deamer,49 Superior Court,06606,CT,pdeamerp7@rakuten.co.jp
909,Graham Currier,084 Sachs Center,22405,VA,gcurrierp8@w3.org
910,Reggy Olle,4 Truax Center,55423,MN,rollep9@usda.gov
911,Maxim Dumphreys,396 Kipling Trail,22313,VA,mdumphreyspa@hhs.gov
912,Lillis Drinkeld,3 1st Street,89178,NV,ldrinkeldpb@diigo.com
913,Yoko McHugh,730 Forest Street,77245,TX,ymchughpc@psu.edu
914,Heriberto Treves,5099 Barby Crossing,19178,PA,htrevespd@lulu.com
915,Grazia Thinn,5654 Ronald Regan Road,90040,CA,gthinnpe@taobao.com
916,Fiona Grishkov,55994 Declaration Alley,31914,GA,fgrishkovpf@ning.com
917,Bernard Jordan,6578 Claremont Park,84093,UT,bjordanpg@oakley.com
918,Austen Bernardotti,43519 Graedel Junction,76205,TX,abernardottiph@ovh.net
919,Joseph Sloane,286 Hudson Crossing,43210,OH,jsloanepi@cam.ac.uk
920,Gabriello Pomphrett,26 Eliot Avenue,94230,CA,gpomphrettpj@si.edu
921,Bernadette Scibsey,243 Reinke Park,92645,CA,bscibseypk@pbs.org
922,Enrica Backs,3 Main Point,44315,OH,ebackspl@biblegateway.com
923,Tucker Camlin,11989 Iowa Terrace,45218,OH,tcamlinpm@dmoz.org
924,Kahlil Shetliff,79 Eastlawn Park,33610,FL,kshetliffpn@aol.com
925,Eldin Longfoot,6 Dawn Street,33742,FL,elongfootpo@surveymonkey.com
926,Dalli Golsthorp,78 Harbort Hill,30328,GA,dgolsthorppp@cafepress.com
927,Petey Boyce,1658 Surrey Parkway,47805,IN,pboycepq@rediff.com
928,Cynthia Fleeman,658 Larry Junction,47812,IN,cfleemanpr@slideshare.net
929,Blondell Boost,95 New Castle Parkway,33633,FL,bboostps@answers.com
930,Brittani Cossell,8 Duke Parkway,70593,LA,bcossellpt@squidoo.com
931,Shandra Kersey,639 Di Loreto Trail,02305,MA,skerseypu@techcrunch.com
932,Mandel Behnecke,0144 Old Gate Point,60674,IL,mbehneckepv@indiegogo.com
933,Alie Eisikowitz,56125 Michigan Trail,73142,OK,aeisikowitzpw@ibm.com
934,Tucker Jones,4 Crownhardt Pass,11054,NY,tjonespx@studiopress.com
935,Cary Renard,37 Jana Trail,70179,LA,crenardpy@soup.io
936,Markos Lidgate,090 Thackeray Road,98109,WA,mlidgatepz@comcast.net
937,Dorolisa Oldroyde,19 Cambridge Way,93778,CA,doldroydeq0@chicagotribune.com
938,Gordon Le Breton,139 Vera Center,96815,HI,gleq1@php.net
939,Lora Mummery,2040 Loftsgordon Crossing,12242,NY,lmummeryq2@constantcontact.com
940,Ced Kaasmann,0442 Northfield Avenue,63150,MO,ckaasmannq3@list-manage.com
941,Godfree Hissett,2 Linden Junction,79905,TX,ghissettq4@usa.gov
942,Edythe Brittle,18 Forest Dale Park,20016,DC,ebrittleq5@blogger.com
943,Alexio Harrold,238 Forest Run Street,23436,VA,aharroldq6@surveymonkey.com
944,Clari Bohje,47914 Montana Drive,67210,KS,cbohjeq7@sourceforge.net
945,Hakim Trump,2538 Northport Terrace,84110,UT,htrumpq8@gnu.org
946,Chelsey Del Checolo,838 Monterey Pass,36622,AL,cdelq9@about.me
947,Emmeline Spadollini,2 Butterfield Avenue,77005,TX,espadolliniqa@feedburner.com
948,Dona Jacobsohn,557 Spenser Junction,10170,NY,djacobsohnqb@miibeian.gov.cn
949,Esdras Beeke,00164 Kinsman Alley,85035,AZ,ebeekeqc@prnewswire.com
950,Lamar Woolforde,30659 Marquette Place,77281,TX,lwoolfordeqd@businessweek.com
951,Anna Extill,23509 Bunting Hill,80209,CO,aextillqe@pinterest.com
952,Roth Stevens,23 Karstens Drive,30306,GA,rstevensqf@free.fr
953,Annnora Dumbrell,73 Comanche Lane,47705,IN,adumbrellqg@istockphoto.com
954,Dena Bes,08731 Kensington Hill,79916,TX,dbesqh@java.com
955,Dene O'Mara,764 Scofield Trail,33245,FL,domaraqi@bbc.co.uk
956,Celene McQuilkin,6 Spaight Plaza,08922,NJ,cmcquilkinqj@sfgate.com
957,Chas Pochin,68 Muir Junction,06533,CT,cpochinqk@timesonline.co.uk
958,Carmelina Derle,84 Village Green Hill,12325,NY,cderleql@prlog.org
959,Matty Laskey,7 Gerald Pass,77276,TX,mlaskeyqm@skyrock.com
960,Asia Wylam,93 Anniversary Circle,75353,TX,awylamqn@technorati.com
961,Willy Nix,8626 Gerald Plaza,77040,TX,wnixqo@deliciousdays.com
962,Pietro Baseggio,9227 Dawn Trail,16534,PA,pbaseggioqp@comsenz.com
963,Rafi Giovannacc@i,86809 Marcy Center,10115,NY,rgiovannacciqq@rambler.ru
964,Gorden Duddell,90 Texas Center,85205,AZ,gduddellqr@jiathis.com
965,Eustace Parradye,10 Katie Trail,28289,NC,eparradyeqs@sbwire.com
966,Alina Wynne,5989 Muir Center,75265,TX,awynneqt@blogs.com
967,Tallia Probyn,13438 Iowa Drive,38197,TN,tprobynqu@springer.com
968,Richart Dimmack,8296 Melrose Junction,92878,CA,rdimmackqv@mozilla.com
969,Chandra Rawnsley,138 Becker Terrace,22156,VA,crawnsleyqw@delicious.com
970,Brett Durnall,80 Oneill Avenue,27635,NC,bdurnallqx@goodreads.com
971,Phip Burnall,52 Linden Plaza,34949,FL,pburnallqy@shutterfly.com
972,Maitilde Daffey,51 Kropf Lane,30066,GA,mdaffeyqz@soup.io
973,Theobald Verryan,6 Grim Terrace,89714,NV,tverryanr0@i2i.jp
974,Lethia Behrendsen,73 Eagle Crest Pass,90030,CA,lbehrendsenr1@elpais.com
975,Tobye Roselli,4261 Waxwing Park,39705,MS,trosellir2@joomla.org
976,Gypsy Whieldon,3792 Ludington Hill,33686,FL,gwhieldonr3@whitehouse.gov
977,Sid Botfield,5066 Northfield Parkway,94207,CA,sbotfieldr4@paginegialle.it
978,Hakeem Perren,72867 Red Cloud Park,16510,PA,hperrenr5@mtv.com
979,Putnam Varley,6960 David Park,78764,TX,pvarleyr6@cafepress.com
980,Fields Rewcastle,7398 Oxford Crossing,72209,AR,frewcastler7@wufoo.com
981,Torr Scatchar,8016 Upham Point,64153,MO,tscatcharr8@hp.com
982,Stephi Fairbeard,0 Jenifer Center,61635,IL,sfairbeardr9@g.co
983,Dorolice Dalziell,8 Myrtle Avenue,90189,CA,ddalziellra@barnesandnoble.com
984,Lev Andersch,6634 Transport Road,85015,AZ,landerschrb@nih.gov
985,Dorella Tchir,95056 Coleman Pass,98447,WA,dtchirrc@samsung.com
986,Tarah Alecock,8466 Kinsman Plaza,80005,CO,talecockrd@bloglines.com
987,Amil Pretsell,11521 Moland Way,80126,CO,apretsellre@soundcloud.com
988,Laurice Lorain,6 Heath Street,66160,KS,llorainrf@t-online.de
989,Jdavie Kemery,718 Ramsey Terrace,70033,LA,jkemeryrg@geocities.com
990,Tait Rushbrook,7 Forest Street,78265,TX,trushbrookrh@booking.com
991,Prince Payton,42 Summer Ridge Way,55551,MN,ppaytonri@netvibes.com
992,Astrid Saller,8339 Straubel Drive,94064,CA,asallerrj@blogger.com
993,Noellyn Hattrick,23 Ridge Oak Way,19151,PA,nhattrickrk@acquirethisname.com
994,Tarra Chalmers,8078 Forest Parkway,50981,IA,tchalmersrl@opensource.org
995,Barbara Ruckert,1838 Bartillon Park,32259,FL,bruckertrm@unblog.fr
996,Pace Dabell,3050 Carioca Road,21684,MD,pdabellrn@youku.com
997,Lorena Heakey,628 Crownhardt Point,94280,CA,lheakeyro@si.edu
998,Leon Hoovart,06 Holy Cross Way,91328,CA,lhoovartrp@apple.com
999,Giffard Mattaus,563 Oxford Drive,35220,AL,gmattausrq@angelfire.com
1000,Annecorinne Goldhawk,26 Maryland Drive,48206,MI,agoldhawkrr@wiley.com
