id,name,address,zipcode,state,email
1,Aldous Pennrington,7 Maywood Place,35220,AL,apennrington0@ucsd.edu
2,Caryl McCanny,00 Jenna Junction,90610,CA,cmccanny1@timesonline.co.uk
3,Ozzie O'Henecan,88 Westerfield Drive,92013,CA,oohenecan2@feedburner.com
4,Lissy Floweth,77767 Hansons Parkway,45223,OH,lfloweth3@mashable.com
5,Pavia Petch,748 Coolidge Junction,79764,TX,ppetch4@fc2.com
6,Bernadina Baton,8 Garrison Junction,35244,AL,bbaton5@a8.net
7,Chloe Collopy,4 Lakewood Gardens Terrace,77070,TX,ccollopy6@blog.com
8,Ofelia Raffan,2 Westridge Center,33633,FL,oraffan7@webmd.com
9,Yalonda Di Bartolomeo,64 Jenna Alley,96835,HI,ydi8@latimes.com
10,Yance Cahillane,171 Arkansas Street,37235,TN,ycahillane9@cdc.gov
11,Dougy Dunston,13189 Grasskamp Street,75507,TX,ddunstona@seesaa.net
12,Gerhardine Branwhite,25231 Coleman Road,60652,IL,gbranwhiteb@hexun.com
13,Datha Aylward,90739 Cambridge Crossing,12305,NY,daylwardc@pinterest.com
14,Torrence Nowill,416 Monterey Terrace,66606,KS,tnowilld@t.co
15,Wilie Forrester,945 Springs Pass,31410,GA,wforrestere@imdb.com
16,Bonnibelle Boddy,8 Melby Court,97216,OR,bboddyf@netvibes.com
17,Holmes Belison,67575 Oakridge Circle,28055,NC,hbelisong@about.me
18,Hoebart Borless,6101 Lakeland Point,87201,NM,hborlessh@storify.com
19,Quinn Arbuckel,77036 Towne Trail,14624,NY,qarbuckeli@sphinn.com
20,Colleen Mangeney,832 Glendale Place,14683,NY,cmangeneyj@wisc.edu
21,Mab Girardet,35 Dennis Circle,89150,NV,mgirardetk@amazon.de
22,Vito Powner,2504 Marquette Way,18706,PA,vpownerl@ed.gov
23,Lauren McGarel,97799 Russell Drive,53710,WI,lmcgarelm@chronoengine.com
24,Hertha Musgrave,65697 Grim Place,78205,TX,hmusgraven@foxnews.com
25,Stormy Defont,3526 Park Meadow Pass,39305,MS,sdefonto@uiuc.edu
26,Benton MacAndreis,33 Bluestem Drive,90510,CA,bmacandreisp@sina.com.cn
27,Belvia McKaile,2544 Fremont Point,30336,GA,bmckaileq@i2i.jp
28,Gregory Longstaff,38 Village Trail,48211,MI,glongstaffr@kickstarter.com
29,Ileana Aslie,4693 Moland Alley,78737,TX,iaslies@nyu.edu
30,Janel Harmes,428 Clyde Gallagher Hill,68510,NE,jharmest@pbs.org
31,Zane Koppke,767 Manley Point,14614,NY,zkoppkeu@un.org
32,Gale Biesty,9 Mosinee Place,95397,CA,gbiestyv@sina.com.cn
33,Merridie Dufaur,788 Rowland Lane,68524,NE,mdufaurw@joomla.org
34,Rorie Sprionghall,2 Superior Point,19810,DE,rsprionghallx@deliciousdays.com
35,Ofella Attride,24776 Badeau Way,19805,DE,oattridey@vkontakte.ru
36,Dora Fazackerley,473 Muir Point,79491,TX,dfazackerleyz@biblegateway.com
37,Emlyn Gillum,6643 Fairview Street,85754,AZ,egillum10@cbc.ca
38,Hamnet Currin,17 Lake View Street,85297,AZ,hcurrin11@europa.eu
39,Glenn Descroix,57191 Manitowish Hill,55470,MN,gdescroix12@microsoft.com
40,Carlen Pizzie,83 Gulseth Place,36670,AL,cpizzie13@arstechnica.com
41,Willow Montford,2 Rieder Court,68134,NE,wmontford14@hubpages.com
42,Merna Cawcutt,72 Westport Way,19172,PA,mcawcutt15@earthlink.net
43,Merlina Silcocks,4 Washington Pass,23605,VA,msilcocks16@rediff.com
44,Clyde Weiner,064 Spaight Park,91210,CA,cweiner17@squarespace.com
45,Nilson Lygo,392 Boyd Circle,76096,TX,nlygo18@loc.gov
46,Vivia Pandey,1 Maple Trail,85025,AZ,vpandey19@squarespace.com
47,Romona Anthona,192 Jenifer Terrace,76011,TX,ranthona1a@wunderground.com
48,Gallard Vince,4 Maple Wood Crossing,41905,KY,gvince1b@census.gov
49,Nikolaus Baldrick,63 Marquette Road,90505,CA,nbaldrick1c@about.com
50,Blake Minthorpe,531 Oak Terrace,79940,TX,bminthorpe1d@fotki.com
51,Lorrie Butson,6380 Walton Alley,91328,CA,lbutson1e@narod.ru
52,Demetra Westhead,186 Bellgrove Place,33180,FL,dwesthead1f@buzzfeed.com
53,Camellia Rolls,264 Sycamore Point,76198,TX,crolls1g@geocities.jp
54,Gypsy Stoltz,6 Kennedy Road,20078,DC,gstoltz1h@tripod.com
55,Hedwig McCurdy,4 4th Hill,10454,NY,hmccurdy1i@reuters.com
56,Kyla End,638 Kropf Street,55458,MN,kend1j@icq.com
57,Ailey Meneely,5 Ronald Regan Avenue,20268,DC,ameneely1k@mozilla.com
58,Freeland Warn,73159 Pond Crossing,89125,NV,fwarn1l@ezinearticles.com
59,Maurise Lage,8041 1st Crossing,76505,TX,mlage1m@comsenz.com
60,Reggis Chancelier,24 Marcy Court,84120,UT,rchancelier1n@msn.com
61,Diane Quigg,34 6th Lane,97240,OR,dquigg1o@theglobeandmail.com
62,Rancell Browell,1208 Welch Way,92110,CA,rbrowell1p@netscape.com
63,Matilda McConaghy,973 Esker Drive,20392,DC,mmcconaghy1q@wisc.edu
64,Hodge Dewhirst,86445 Ridgeway Crossing,37250,TN,hdewhirst1r@is.gd
65,Mile Sherreard,5 Fordem Lane,73173,OK,msherreard1s@google.it
66,Burt Patullo,5374 Glacier Hill Way,36109,AL,bpatullo1t@abc.net.au
67,Ema Shewring,1204 Vernon Pass,55811,MN,eshewring1u@cbsnews.com
68,Juanita Scorrer,71441 Golf Hill,34665,FL,jscorrer1v@uiuc.edu
69,Elisha Cully,5434 Jackson Road,76147,TX,ecully1w@list-manage.com
70,Billye Thorley,8874 Lillian Road,70810,LA,bthorley1x@epa.gov
71,Gillan Sultana,82579 Kings Plaza,77386,TX,gsultana1y@de.vu
72,Sharl Vittori,0 Mendota Avenue,25356,WV,svittori1z@cloudflare.com
73,Selestina Corssen,279 Myrtle Hill,77020,TX,scorssen20@networkadvertising.org
74,Cleo Gullam,568 Bluestem Circle,11447,NY,cgullam21@1und1.de
75,Patton Jakoub,3 Mcbride Trail,22156,VA,pjakoub22@washington.edu
76,Hy Grinikhinov,76884 Novick Point,91406,CA,hgrinikhinov23@prweb.com
77,Olly Ferrettini,4 Graceland Circle,66220,KS,oferrettini24@istockphoto.com
78,Pamella Skipping,43 Dwight Court,32575,FL,pskipping25@typepad.com
79,Isadora Chadney,68 American Drive,03804,NH,ichadney26@noaa.gov
80,Emelia O'Hdirscoll,99205 Thierer Plaza,70805,LA,eohdirscoll27@mozilla.org
81,Fanchette Crowson,04567 Petterle Circle,90060,CA,fcrowson28@github.com
82,Micki de Chastelain,50 Farragut Crossing,23668,VA,mde29@facebook.com
83,Naoma Deners,29978 Eastwood Place,35205,AL,ndeners2a@cmu.edu
84,Cornelle Leckie,082 Little Fleur Street,46278,IN,cleckie2b@diigo.com
85,Yulma Handford,64 Messerschmidt Plaza,88563,TX,yhandford2c@samsung.com
86,Alastair Linnitt,596 Northview Plaza,78426,TX,alinnitt2d@sun.com
87,Phineas Roughan,99396 Autumn Leaf Crossing,10125,NY,proughan2e@gnu.org
88,Lily Jansey,827 Manley Lane,32803,FL,ljansey2f@netscape.com
89,Mauricio Pinock,708 School Trail,68164,NE,mpinock2g@ehow.com
90,Orella Molineux,35311 Lawn Center,03105,NH,omolineux2h@reference.com
91,Jerald Gookey,2 Caliangt Drive,76110,TX,jgookey2i@ezinearticles.com
92,Barri Goodlife,047 Riverside Park,47747,IN,bgoodlife2j@netlog.com
93,Cristian Bootyman,53 Leroy Alley,06160,CT,cbootyman2k@fotki.com
94,Ruthanne Bordone,7412 Park Meadow Trail,27626,NC,rbordone2l@chicagotribune.com
95,Vonnie Arunowicz,628 Northland Junction,21281,MD,varunowicz2m@ow.ly
96,Bruce Smithson,02778 Petterle Way,78210,TX,bsmithson2n@plala.or.jp
97,Riannon Shalloe,26 Express Street,28405,NC,rshalloe2o@infoseek.co.jp
98,Lukas Gwyneth,62690 Becker Circle,88553,TX,lgwyneth2p@about.me
99,Margalit Pharro,2905 Dryden Street,75216,TX,mpharro2q@theguardian.com
100,Stefania Dalloway,6 Cordelia Lane,60681,IL,sdalloway2r@amazon.co.jp
101,Kennan Stebbings,15 Katie Lane,94297,CA,kstebbings2s@jigsy.com
102,Pietra Murphey,523 Debs Alley,88006,NM,pmurphey2t@thetimes.co.uk
103,Quincey Dassindale,89 Rutledge Junction,73124,OK,qdassindale2u@instagram.com
104,Ronni Cron,98 Blaine Road,27705,NC,rcron2v@china.com.cn
105,Filmore Outright,2 Talisman Drive,90071,CA,foutright2w@nature.com
106,Daria Alejandro,9826 Marquette Junction,80235,CO,dalejandro2x@t-online.de
107,Andrej Betancourt,1 Truax Place,29805,SC,abetancourt2y@over-blog.com
108,Skipper Mitchiner,0 Bluejay Lane,44321,OH,smitchiner2z@smh.com.au
109,Joli Redborn,119 Pierstorff Place,50369,IA,jredborn30@hhs.gov
110,Arch Gresch,65 Weeping Birch Alley,89110,NV,agresch31@nasa.gov
111,Dniren McCarlich,4 Moulton Drive,97240,OR,dmccarlich32@mayoclinic.com
112,Arden Reyna,9262 Michigan Hill,15205,PA,areyna33@squarespace.com
113,Sherilyn Boij,05667 Pankratz Plaza,94116,CA,sboij34@twitter.com
114,Mariette Cleeve,464 Hanover Court,29625,SC,mcleeve35@vkontakte.ru
115,Arnaldo Pilley,4 Armistice Place,97211,OR,apilley36@wordpress.com
116,Brooks Cruess,491 Elmside Point,90094,CA,bcruess37@shinystat.com
117,Dylan Empringham,0446 Meadow Valley Park,90305,CA,dempringham38@adobe.com
118,Mollie Spender,20 Towne Street,85271,AZ,mspender39@wix.com
119,Frederick Biagi,304 Russell Circle,33432,FL,fbiagi3a@dagondesign.com
120,Bartholomeo Boice,42 Warbler Drive,12262,NY,bboice3b@homestead.com
121,Andie Musk,67530 Daystar Park,11225,NY,amusk3c@huffingtonpost.com
122,Fredrika McEvoy,147 Norway Maple Pass,32236,FL,fmcevoy3d@webeden.co.uk
123,Tally Labeuil,47 Sachtjen Lane,94807,CA,tlabeuil3e@reuters.com
124,Avrit Mattiussi,449 La Follette Way,46221,IN,amattiussi3f@dot.gov
125,Ailyn Sever,39329 Lillian Plaza,30328,GA,asever3g@mapquest.com
126,Kacy Chinnock,53549 Swallow Point,77025,TX,kchinnock3h@yahoo.com
127,Darryl Castelli,15662 Acker Park,24009,VA,dcastelli3i@umn.edu
128,Ermin Biles,4963 Monterey Way,50330,IA,ebiles3j@constantcontact.com
129,Constanta Fresson,611 Michigan Crossing,61614,IL,cfresson3k@woothemes.com
130,Del Jurasek,046 Shoshone Terrace,20016,DC,djurasek3l@bloglines.com
131,Tomasine Rivenzon,32104 Blue Bill Park Drive,29411,SC,trivenzon3m@instagram.com
132,Roshelle Hairesnape,12 Magdeline Hill,62718,IL,rhairesnape3n@pbs.org
133,Curr Dytham,5623 Stephen Terrace,33315,FL,cdytham3o@blogger.com
134,Fanchon Rodman,4 Mifflin Alley,20910,MD,frodman3p@alibaba.com
135,Michaelina Dominy,35 Heffernan Park,80243,CO,mdominy3q@etsy.com
136,Dani Gooderridge,35757 Dixon Alley,94089,CA,dgooderridge3r@zdnet.com
137,Vaughn Rolph,148 Heffernan Lane,21747,MD,vrolph3s@tamu.edu
138,Winnie Sutterby,246 Melby Parkway,66629,KS,wsutterby3t@harvard.edu
139,Melitta Brinkworth,3 Blue Bill Park Center,33615,FL,mbrinkworth3u@intel.com
140,Glen Saltman,88179 Stone Corner Plaza,19141,PA,gsaltman3v@sphinn.com
141,Cori O'Mohun,8046 Jay Crossing,85215,AZ,comohun3w@eepurl.com
142,Hervey Kwietek,87238 Arizona Court,48956,MI,hkwietek3x@whitehouse.gov
143,Morgen Ramelet,6330 Norway Maple Way,78220,TX,mramelet3y@loc.gov
144,Ingeberg Goodhand,868 Nevada Road,44555,OH,igoodhand3z@businessweek.com
145,Kahaleel Puckey,6 Burrows Crossing,31132,GA,kpuckey40@fc2.com
146,Krystle Lanigan,798 Dottie Terrace,53215,WI,klanigan41@netscape.com
147,Lou Raggett,2010 Ridge Oak Crossing,55423,MN,lraggett42@google.co.uk
148,Nissie Hexter,4234 Debra Point,88553,TX,nhexter43@uol.com.br
149,Sharleen Gowdridge,08249 Kim Trail,68179,NE,sgowdridge44@reverbnation.com
150,Charyl Skellon,77 Straubel Park,29625,SC,cskellon45@123-reg.co.uk
151,Bernhard Yalden,700 Muir Road,08104,NJ,byalden46@histats.com
152,Jacqui Bowser,793 Hanover Center,32868,FL,jbowser47@cbc.ca
153,Abbot McConnal,09 Lakeland Lane,17105,PA,amcconnal48@t-online.de
154,Eben Hynam,61 Mockingbird Plaza,23272,VA,ehynam49@state.gov
155,Beverlie Quinane,0 Dapin Way,89160,NV,bquinane4a@smugmug.com
156,Donella Vowles,4 Del Mar Court,83757,ID,dvowles4b@wikimedia.org
157,Leone Pylkynyton,8707 Arrowood Terrace,30610,GA,lpylkynyton4c@pen.io
158,Arden Twinn,07 Truax Place,55811,MN,atwinn4d@slate.com
159,Moishe McGlaughn,8 Stone Corner Trail,33954,FL,mmcglaughn4e@icq.com
160,Starla Fonquernie,512 Kedzie Terrace,92555,CA,sfonquernie4f@unesco.org
161,Paulita Lemmen,6654 East Way,97211,OR,plemmen4g@hostgator.com
162,Oneida Vasile,1 Orin Circle,64101,MO,ovasile4h@globo.com
163,John O'Heneghan,859 Derek Point,94230,CA,joheneghan4i@macromedia.com
164,Trudey Quenby,2500 Heath Drive,61635,IL,tquenby4j@oakley.com
165,Leila Kuzma,14 Logan Avenue,77206,TX,lkuzma4k@biglobe.ne.jp
166,Shaughn Decruse,613 Forest Run Avenue,61110,IL,sdecruse4l@samsung.com
167,Alvin Castagne,25 Katie Street,66622,KS,acastagne4m@loc.gov
168,Riva Kaser,0872 Vidon Plaza,28205,NC,rkaser4n@google.co.uk
169,Ashlin Shambrook,823 Bobwhite Alley,38131,TN,ashambrook4o@blogs.com
170,Quintilla Sapsford,55 Hanson Circle,78285,TX,qsapsford4p@blog.com
171,Modestine MacCallester,2 Autumn Leaf Place,45505,OH,mmaccallester4q@theguardian.com
172,Evvie Santer,4 Burrows Lane,20784,MD,esanter4r@webeden.co.uk
173,Lacy Abbotson,678 Petterle Junction,55441,MN,labbotson4s@nature.com
174,Thorpe Ridler,0 Kenwood Avenue,94522,CA,tridler4t@army.mil
175,Paton Roby,206 Northview Way,37210,TN,proby4u@phoca.cz
176,Kevon Sang,4 Tomscot Hill,94975,CA,ksang4v@japanpost.jp
177,Alexia Moan,347 Barnett Lane,27710,NC,amoan4w@npr.org
178,Caye Dudman,0 Maple Wood Junction,70179,LA,cdudman4x@omniture.com
179,Maryjo Van Hault,1 Melvin Pass,20883,MD,mvan4y@marriott.com
180,Halie Hellyer,17 Declaration Way,92710,CA,hhellyer4z@icq.com
181,Payton Proudman,83 Hintze Road,46406,IN,pproudman50@usa.gov
182,Audrye Tytherton,29 Kings Avenue,30905,GA,atytherton51@pcworld.com
183,Clyve Viggers,71755 Forest Run Alley,06905,CT,cviggers52@weebly.com
184,Abram Frankiewicz,1 Becker Pass,44111,OH,afrankiewicz53@narod.ru
185,Barby Flecknell,1809 Hagan Avenue,87115,NM,bflecknell54@prweb.com
186,Tedd Benwell,8 Brickson Park Crossing,60435,IL,tbenwell55@com.com
187,Zenia Jakeman,6 Northland Trail,79945,TX,zjakeman56@yahoo.co.jp
188,Barry Fransewich,6 Glendale Place,89150,NV,bfransewich57@dell.com
189,Benedick Jannex,5 Onsgard Point,68517,NE,bjannex58@csmonitor.com
190,Dottie Zoanetti,06782 Lunder Crossing,85271,AZ,dzoanetti59@dot.gov
191,Franklyn Sinncock,779 Sugar Lane,74184,OK,fsinncock5a@unesco.org
192,Jacklin Shakesbye,4 Melvin Center,29625,SC,jshakesbye5b@oracle.com
193,Rahal Ormiston,1028 Eliot Parkway,77005,TX,rormiston5c@1und1.de
194,Brendan Danes,8022 American Ash Drive,34135,FL,bdanes5d@thetimes.co.uk
195,Thane Lippiett,941 Bobwhite Park,33605,FL,tlippiett5e@forbes.com
196,Adolphus Castilla,42060 Alpine Circle,19131,PA,acastilla5f@google.de
197,Ambrosio Grinaugh,10153 Grasskamp Parkway,15210,PA,agrinaugh5g@eepurl.com
198,Merrick Edgeon,80924 Merrick Park,84093,UT,medgeon5h@joomla.org
199,Barry Bauckham,79447 Roxbury Avenue,16534,PA,bbauckham5i@mediafire.com
200,Odie Toffano,84 Acker Plaza,33147,FL,otoffano5j@mysql.com
201,Clayborn Picot,5 Northwestern Way,40576,KY,cpicot5k@dailymotion.com
202,Melloney Gautrey,2 Badeau Alley,94164,CA,mgautrey5l@yellowpages.com
203,Johann Lusk,2 Spaight Court,85210,AZ,jlusk5m@princeton.edu
204,Hy O'Cahey,6 Alpine Alley,40618,KY,hocahey5n@blogspot.com
205,Willi Genders,169 Oxford Road,34276,FL,wgenders5o@networksolutions.com
206,Feodor McGibbon,52 Kingsford Crossing,94237,CA,fmcgibbon5p@guardian.co.uk
207,Flss Saipy,5881 Park Meadow Park,79176,TX,fsaipy5q@yale.edu
208,Leo Deverock,329 Fallview Point,33416,FL,ldeverock5r@privacy.gov.au
209,Vevay Pollicote,10991 Roth Avenue,85305,AZ,vpollicote5s@constantcontact.com
210,Kendra Dodworth,38701 Meadow Valley Place,41905,KY,kdodworth5t@wufoo.com
211,Merrili Rustman,11736 Service Street,95833,CA,mrustman5u@360.cn
212,Olive McKellar,40222 Towne Street,89510,NV,omckellar5v@ezinearticles.com
213,Pavel Vedenichev,32993 Doe Crossing Place,78250,TX,pvedenichev5w@mozilla.org
214,Tyson Tudge,11716 6th Crossing,70142,LA,ttudge5x@etsy.com
215,Othilia Wilsee,20034 Almo Street,33963,FL,owilsee5y@bigcartel.com
216,Valli Castleton,259 Hazelcrest Parkway,02119,MA,vcastleton5z@rambler.ru
217,Bartlet Stanyland,96 Stephen Street,33884,FL,bstanyland60@unc.edu
218,Meggi Earley,9 Morningstar Trail,20036,DC,mearley61@springer.com
219,Clifford Shaw,03028 Kedzie Road,72222,AR,cshaw62@canalblog.com
220,Carrie Dybell,32453 Logan Alley,87201,NM,cdybell63@pen.io
221,Morse Keyes,774 Judy Place,10160,NY,mkeyes64@aol.com
222,Emilee Giacomo,703 Sycamore Drive,06825,CT,egiacomo65@indiegogo.com
223,Gilbertina Carlett,54 Swallow Alley,56944,DC,gcarlett66@cnn.com
224,Ennis Bullocke,55442 Maywood Circle,80243,CO,ebullocke67@jigsy.com
225,Dorie Corradeschi,493 Dorton Avenue,73119,OK,dcorradeschi68@webeden.co.uk
226,Edie Paty,2 Veith Alley,06105,CT,epaty69@bloglovin.com
227,Linnell Magarrell,733 Norway Maple Place,70820,LA,lmagarrell6a@google.nl
228,Jacquetta Rekes,2286 Columbus Road,25331,WV,jrekes6b@cdbaby.com
229,Bethina Tabourier,00 Clyde Gallagher Place,44485,OH,btabourier6c@smugmug.com
230,Forster Origan,285 Dapin Street,40250,KY,forigan6d@facebook.com
231,Syd Drew-Clifton,7 Oriole Plaza,97306,OR,sdrewclifton6e@stumbleupon.com
232,Hermione Donnan,695 Debra Way,84140,UT,hdonnan6f@friendfeed.com
233,Steven Cowan,086 Gina Junction,44555,OH,scowan6g@goo.gl
234,Jennee Belvard,15 Ronald Regan Crossing,85045,AZ,jbelvard6h@wikispaces.com
235,Rosemarie Elderkin,09524 South Circle,62764,IL,relderkin6i@jimdo.com
236,Lars McGann,3679 School Circle,78721,TX,lmcgann6j@newyorker.com
237,Levon Caroli,26166 Drewry Place,61629,IL,lcaroli6k@example.com
238,Chanda Ferneley,23 Lawn Pass,91406,CA,cferneley6l@meetup.com
239,Dasya Anfosso,538 Orin Way,71105,LA,danfosso6m@dailymail.co.uk
240,Shirline Dadswell,52739 Rusk Crossing,48555,MI,sdadswell6n@mysql.com
241,Jandy Averill,28232 Sutteridge Way,02104,MA,javerill6o@spiegel.de
242,Edlin Fairhall,24457 Caliangt Avenue,80905,CO,efairhall6p@networksolutions.com
243,Austen Taylour,0901 Westerfield Junction,55572,MN,ataylour6q@istockphoto.com
244,Darcie Nevison,6 Dunning Road,27705,NC,dnevison6r@is.gd
245,Nancee Thackwray,32 Hoard Street,84110,UT,nthackwray6s@yolasite.com
246,Erena Harrowell,77 Kennedy Way,20215,DC,eharrowell6t@cornell.edu
247,Cordi Collingridge,47361 1st Park,95150,CA,ccollingridge6u@eepurl.com
248,Der Matthewson,3306 Bashford Junction,19191,PA,dmatthewson6v@creativecommons.org
249,Jacqueline Leedes,5350 Bluestem Terrace,11225,NY,jleedes6w@multiply.com
250,Ruddy Jeynes,2 Vernon Place,46406,IN,rjeynes6x@bbb.org
251,Urbain Arkow,6 Farwell Point,66160,KS,uarkow6y@aboutads.info
252,Cullie Greendale,26 Dixon Avenue,88574,TX,cgreendale6z@blinklist.com
253,Benjamin Crann,5647 Ridgeview Court,35236,AL,bcrann70@ted.com
254,Dareen Janout,59 Troy Plaza,33961,FL,djanout71@miibeian.gov.cn
255,Gerta Thoumasson,77824 Bellgrove Point,57198,SD,gthoumasson72@about.com
256,Collie Burlingame,389 Donald Junction,32230,FL,cburlingame73@bluehost.com
257,Margaux Duffill,010 Nevada Drive,97216,OR,mduffill74@sbwire.com
258,Geraldine Ellsworthe,365 6th Park,91520,CA,gellsworthe75@about.com
259,Michele Cowley,29 Anthes Circle,50369,IA,mcowley76@nature.com
260,Raleigh Brettle,2226 Carberry Point,22234,VA,rbrettle77@bloglovin.com
261,Gamaliel Edess,63 Lyons Parkway,94273,CA,gedess78@storify.com
262,Christel Cowitz,38835 Rutledge Park,20226,DC,ccowitz79@webnode.com
263,Petunia Ramelet,364 Hauk Way,77060,TX,pramelet7a@opensource.org
264,Valry Tinsley,56607 Red Cloud Junction,23668,VA,vtinsley7b@i2i.jp
265,Miller Terbruggen,3531 Thierer Way,10090,NY,mterbruggen7c@theglobeandmail.com
266,Claiborn Scripps,4938 Anniversary Parkway,55127,MN,cscripps7d@blogger.com
267,Chelsie Elias,6705 Kennedy Road,40287,KY,celias7e@mit.edu
268,Johnette Tanton,587 Express Center,92013,CA,jtanton7f@ezinearticles.com
269,Malachi Dunkerley,37662 Pond Circle,85710,AZ,mdunkerley7g@salon.com
270,Lonnard Sarfas,9487 Shoshone Avenue,80161,CO,lsarfas7h@wikia.com
271,Prent Tomsa,069 Superior Crossing,10270,NY,ptomsa7i@topsy.com
272,Eugene McMichael,11 Rusk Hill,14210,NY,emcmichael7j@baidu.com
273,Nissy Bilt,1719 Graedel Terrace,93794,CA,nbilt7k@biglobe.ne.jp
274,Marcello Berndtssen,5065 Vermont Plaza,11024,NY,mberndtssen7l@jigsy.com
275,Chris Orneles,59716 Schurz Avenue,91505,CA,corneles7m@epa.gov
276,Early Klaes,29 Russell Terrace,40745,KY,eklaes7n@abc.net.au
277,Karrah Hedan,82 5th Pass,47937,IN,khedan7o@desdev.cn
278,Neilla MacMillan,3 Duke Street,48335,MI,nmacmillan7p@loc.gov
279,Fletch MacGaughey,290 Steensland Hill,22333,VA,fmacgaughey7q@google.es
280,Delainey Penfold,5445 Brentwood Circle,07544,NJ,dpenfold7r@ucla.edu
281,Iris Gorce,31392 Clove Plaza,48126,MI,igorce7s@cisco.com
282,Goldia Freen,16931 Shoshone Avenue,77288,TX,gfreen7t@imgur.com
283,Silas Ugo,2 Norway Maple Park,46814,IN,sugo7u@jiathis.com
284,Lib Toone,0 Saint Paul Drive,67215,KS,ltoone7v@state.tx.us
285,Clair Stuckes,019 Oxford Hill,36104,AL,cstuckes7w@plala.or.jp
286,Lucien Boydon,79 Mcbride Drive,27626,NC,lboydon7x@ehow.com
287,Kip Hilbourne,87 Cardinal Parkway,92505,CA,khilbourne7y@addthis.com
288,Enos Turner,830 Prairie Rose Avenue,17605,PA,eturner7z@posterous.com
289,Wallis Vasyutochkin,79386 Butterfield Alley,23242,VA,wvasyutochkin80@hao123.com
290,Hamel Bavister,4 Pierstorff Circle,75387,TX,hbavister81@google.cn
291,Wallis Tombleson,9 Bunker Hill Hill,88535,TX,wtombleson82@blogtalkradio.com
292,Clive Guirard,5 Fulton Court,23277,VA,cguirard83@sogou.com
293,Domeniga Trevorrow,8 Crownhardt Parkway,11407,NY,dtrevorrow84@howstuffworks.com
294,Skye Orneblow,7 Lakewood Gardens Junction,55428,MN,sorneblow85@bbb.org
295,Solly Hiley,0 Grim Junction,70149,LA,shiley86@cdbaby.com
296,Bria Meatyard,4 Mccormick Road,98148,WA,bmeatyard87@sbwire.com
297,Cherlyn Ciccotti,28 Surrey Alley,85255,AZ,cciccotti88@list-manage.com
298,Peterus Tappin,0 Columbus Park,92013,CA,ptappin89@alexa.com
299,Raddy Benedidick,7 David Street,90030,CA,rbenedidick8a@sogou.com
300,Marnie Kirkbride,43 Blue Bill Park Road,34102,FL,mkirkbride8b@simplemachines.org
301,Sibelle Eisenberg,873 Arrowood Plaza,93291,CA,seisenberg8c@skype.com
302,Jacinthe Edgeon,1 Parkside Circle,10014,NY,jedgeon8d@arizona.edu
303,Prudence Broadey,4 Daystar Crossing,12247,NY,pbroadey8e@fema.gov
304,Chrysa Pleasaunce,771 Vera Circle,10454,NY,cpleasaunce8f@unblog.fr
305,Ruthann Just,02 Transport Lane,78470,TX,rjust8g@un.org
306,Deonne Cassell,511 Helena Way,49510,MI,dcassell8h@about.com
307,Halli Cockson,6261 Algoma Point,64136,MO,hcockson8i@harvard.edu
308,Arvin Vondrach,6 Springs Road,76305,TX,avondrach8j@4shared.com
309,Cindee Inglesfield,66507 Ramsey Drive,10029,NY,cinglesfield8k@hud.gov
310,Deeyn Selwyne,8 Susan Street,70815,LA,dselwyne8l@go.com
311,Rozanne Dunk,6 Elgar Alley,46239,IN,rdunk8m@about.me
312,Dulce Yitzovicz,7 Huxley Trail,75379,TX,dyitzovicz8n@bigcartel.com
313,Ashlen Boyda,280 Red Cloud Terrace,60630,IL,aboyda8o@sakura.ne.jp
314,Neddie Box,7 Sachs Drive,78215,TX,nbox8p@ameblo.jp
315,Nalani Allom,06144 Meadow Vale Alley,23277,VA,nallom8q@histats.com
316,Cati Pinard,487 Muir Point,37924,TN,cpinard8r@so-net.ne.jp
317,Costanza Saward,485 Claremont Plaza,39296,MS,csaward8s@springer.com
318,Cody Crepin,7532 Becker Street,20599,DC,ccrepin8t@paginegialle.it
319,Gaile Brecknall,65913 Old Shore Center,20546,DC,gbrecknall8u@cnet.com
320,Belle Roller,0243 Lakewood Park,34205,FL,broller8v@washingtonpost.com
321,Hamlen Jeves,78660 Drewry Terrace,71208,LA,hjeves8w@homestead.com
322,Keen Duthie,9 Amoth Pass,37215,TN,kduthie8x@drupal.org
323,Oswald Boerder,08940 Redwing Court,80045,CO,oboerder8y@php.net
324,Wilbur Markie,413 Loeprich Street,93005,CA,wmarkie8z@xrea.com
325,Enoch Guerin,87889 Del Mar Center,35810,AL,eguerin90@ehow.com
326,Jesus McCloughen,37578 Bashford Way,94126,CA,jmccloughen91@w3.org
327,Cynthia Villiers,7 Eastwood Circle,01129,MA,cvilliers92@hatena.ne.jp
328,Althea Douty,5 Bunting Parkway,37205,TN,adouty93@studiopress.com
329,Nollie Tolman,58 Pepper Wood Junction,32259,FL,ntolman94@tinypic.com
330,Genny Soan,57126 Lakewood Gardens Plaza,89130,NV,gsoan95@sina.com.cn
331,Sancho Gillivrie,15920 East Parkway,17126,PA,sgillivrie96@google.co.jp
332,Alfy Sackur,98744 Veith Junction,30392,GA,asackur97@bloglovin.com
333,Walther Tingcomb,45526 Paget Drive,92862,CA,wtingcomb98@jalbum.net
334,Kania Danzig,5 Vidon Street,60604,IL,kdanzig99@1688.com
335,Garreth Parres,285 Fallview Lane,80209,CO,gparres9a@yahoo.com
336,Milena Yorkston,6 Anzinger Lane,48107,MI,myorkston9b@fotki.com
337,Matty Rosle,68486 Burning Wood Terrace,14220,NY,mrosle9c@amazonaws.com
338,Leon Gravet,2812 Sullivan Way,90050,CA,lgravet9d@samsung.com
339,Kinna Falkous,322 Ludington Point,11220,NY,kfalkous9e@booking.com
340,Blondell Holde,1 Veith Pass,90081,CA,bholde9f@studiopress.com
341,Marielle Blakeney,5 Mccormick Park,44310,OH,mblakeney9g@loc.gov
342,Zelig Semechik,344 Stang Court,61614,IL,zsemechik9h@ebay.co.uk
343,Gal Bang,24 Barby Parkway,30316,GA,gbang9i@yale.edu
344,Virge Huniwall,790 Lotheville Junction,07195,NJ,vhuniwall9j@deliciousdays.com
345,Rich Mayne,4710 Haas Place,12305,NY,rmayne9k@yandex.ru
346,Haley Sands-Allan,8187 Utah Crossing,89150,NV,hsandsallan9l@seattletimes.com
347,Chad Labroue,18203 Scofield Avenue,55458,MN,clabroue9m@squidoo.com
348,Dud Ailsbury,75466 Veith Plaza,25770,WV,dailsbury9n@wikipedia.org
349,Sanford Cropp,5 Hauk Terrace,33124,FL,scropp9o@liveinternet.ru
350,Clayborne Faulo,5882 Graedel Court,30605,GA,cfaulo9p@imgur.com
351,Casi Coogan,9 Melvin Terrace,79118,TX,ccoogan9q@wp.com
352,Johnathon Casetti,271 Bluejay Park,14624,NY,jcasetti9r@dailymotion.com
353,Doria Clemonts,0 Victoria Street,60646,IL,dclemonts9s@facebook.com
354,Silvana Lardier,877 Buena Vista Junction,95838,CA,slardier9t@deliciousdays.com
355,Sherilyn Nouch,46222 Eggendart Junction,33023,FL,snouch9u@answers.com
356,Dona Dobel,11 Mendota Way,22301,VA,ddobel9v@unc.edu
357,Alvina Danielsky,22 Ramsey Plaza,71130,LA,adanielsky9w@com.com
358,Ailsun Lumbley,45 Drewry Lane,90094,CA,alumbley9x@fda.gov
359,Remy Harpin,46 Drewry Place,45020,OH,rharpin9y@usda.gov
360,Jordan Yurocjkin,11 Dunning Parkway,29319,SC,jyurocjkin9z@php.net
361,Gram Michelmore,733 Redwing Junction,29203,SC,gmichelmorea0@washington.edu
362,Andrew Schott,5938 Pawling Plaza,06922,CT,aschotta1@mapquest.com
363,Elvina Dugget,9 Pearson Trail,64142,MO,eduggeta2@tamu.edu
364,Justina Barstow,8003 2nd Pass,70894,LA,jbarstowa3@howstuffworks.com
365,Tim Toun,726 Maywood Court,64101,MO,ttouna4@reuters.com
366,Tabina Phythean,34 Miller Alley,22212,VA,tphytheana5@admin.ch
367,Constantina Hanwell,5634 Roth Alley,33111,FL,chanwella6@twitpic.com
368,Daffi Terrett,1 Reindahl Hill,90030,CA,dterretta7@netlog.com
369,Carce Turmel,28417 Clyde Gallagher Road,33164,FL,cturmela8@diigo.com
370,Wernher Poller,3 Hagan Street,55557,MN,wpollera9@weather.com
371,Larry Yglesia,84 Springs Terrace,43220,OH,lyglesiaaa@opensource.org
372,Mala Duxbarry,34 Huxley Place,75358,TX,mduxbarryab@angelfire.com
373,Jonie McKune,8594 Artisan Hill,37210,TN,jmckuneac@amazon.com
374,Florance Mochan,712 Everett Circle,20551,DC,fmochanad@patch.com
375,Kahlil O' Cloney,77 Norway Maple Junction,92186,CA,koae@canalblog.com
376,Sasha Mullinger,9571 East Junction,31405,GA,smullingeraf@discuz.net
377,Giulietta Espinas,33097 Sunbrook Center,94627,CA,gespinasag@artisteer.com
378,Gilburt Wilce,304 Briar Crest Terrace,12222,NY,gwilceah@yahoo.co.jp
379,My Witherington,30 Grim Lane,37410,TN,mwitheringtonai@berkeley.edu
380,Bard Shortan,93096 Petterle Point,79116,TX,bshortanaj@edublogs.org
381,Ferdie Tams,30265 Mesta Lane,15261,PA,ftamsak@un.org
382,Wolfgang Oakenfull,89900 Larry Park,10705,NY,woakenfullal@yahoo.co.jp
383,Luise Common,153 Di Loreto Hill,45505,OH,lcommonam@google.cn
384,Joell Matus,46335 Forster Center,98008,WA,jmatusan@dailymail.co.uk
385,Lorie Rolin,65 Monterey Place,22111,VA,lrolinao@icq.com
386,Phaidra Rigard,67891 Johnson Point,48242,MI,prigardap@usa.gov
387,Louis O'Gormley,4770 Bluestem Road,76210,TX,logormleyaq@joomla.org
388,Lazar Veneur,6355 Forest Run Circle,60619,IL,lveneurar@cbc.ca
389,Dorree Ratley,26 Del Mar Lane,10019,NY,dratleyas@indiatimes.com
390,Arlyn Craigheid,80 Lighthouse Bay Avenue,23208,VA,acraigheidat@ustream.tv
391,Delilah Gaspar,6 Oxford Point,92013,CA,dgasparau@ca.gov
392,Gilli Haskey,6682 Debra Drive,24024,VA,ghaskeyav@ucla.edu
393,Lexy Leuchars,8 Atwood Drive,44393,OH,lleucharsaw@addthis.com
394,Joice Pettko,72319 Eastlawn Plaza,89145,NV,jpettkoax@google.com
395,Evita Alexandersen,285 Maywood Center,55487,MN,ealexandersenay@icio.us
396,Marrissa Bwy,967 Redwing Lane,71213,LA,mbwyaz@vistaprint.com
397,Germain Cheesman,0 Summit Terrace,29579,SC,gcheesmanb0@opensource.org
398,Everard Halpeine,8061 Knutson Drive,90071,CA,ehalpeineb1@csmonitor.com
399,Fernanda Baggalley,916 Karstens Street,16565,PA,fbaggalleyb2@example.com
400,Merrily Gooda,64 Mesta Street,34643,FL,mgoodab3@flickr.com
401,Suellen Atthow,1308 Moland Center,45440,OH,satthowb4@ihg.com
402,Man Shefton,8 Maple Wood Trail,20910,MD,msheftonb5@facebook.com
403,Lombard Pollastrino,027 Independence Parkway,31296,GA,lpollastrinob6@meetup.com
404,Mathew Ference,4433 Clove Way,87190,NM,mferenceb7@merriam-webster.com
405,Ulick Cotilard,85 Birchwood Court,84145,UT,ucotilardb8@samsung.com
406,Derrek Andrusov,2 Transport Park,91913,CA,dandrusovb9@webeden.co.uk
407,Haywood Kleinsmuntz,5 Springview Hill,94544,CA,hkleinsmuntzba@cnbc.com
408,Grove Mumby,38 Butterfield Way,33647,FL,gmumbybb@hugedomains.com
409,Martica Catherine,8 Green Ridge Center,34474,FL,mcatherinebc@comcast.net
410,Aubry Aronoff,604 Kinsman Avenue,80161,CO,aaronoffbd@constantcontact.com
411,Sarah Bonnette,0 Dovetail Trail,06160,CT,sbonnettebe@plala.or.jp
412,Rabi Barbera,1 Randy Parkway,79116,TX,rbarberabf@oracle.com
413,Mildrid Brumhead,68 Crest Line Pass,85715,AZ,mbrumheadbg@phoca.cz
414,Willard McGeneay,822 Del Sol Road,34210,FL,wmcgeneaybh@digg.com
415,Lorne Stiddard,3 Oak Valley Hill,31119,GA,lstiddardbi@booking.com
416,See Haspineall,021 Swallow Park,92121,CA,shaspineallbj@altervista.org
417,Joey Annandale,818 Scofield Center,55905,MN,jannandalebk@hostgator.com
418,Elizabeth McTrustie,4911 Surrey Point,98008,WA,emctrustiebl@addthis.com
419,Inez Okeshott,249 Crownhardt Trail,33075,FL,iokeshottbm@tuttocitta.it
420,Wendell Nosworthy,4 Schmedeman Center,10014,NY,wnosworthybn@forbes.com
421,Algernon Marder,8893 Kropf Pass,77010,TX,amarderbo@blogs.com
422,Cele Escoffier,9973 Algoma Point,74103,OK,cescoffierbp@washington.edu
423,Jerri Linthead,233 2nd Point,80905,CO,jlintheadbq@mlb.com
424,Sephira Reinbach,08396 Southridge Center,91797,CA,sreinbachbr@digg.com
425,Jeniffer Rawcliff,87 Pearson Parkway,87121,NM,jrawcliffbs@chronoengine.com
426,Minetta Yarranton,81535 Cascade Terrace,78764,TX,myarrantonbt@canalblog.com
427,Eleanor McDunlevy,1754 Dorton Alley,92145,CA,emcdunlevybu@census.gov
428,Yovonnda Alldis,7 Crowley Road,24040,VA,yalldisbv@sitemeter.com
429,Edy McDarmid,00746 Hansons Drive,33432,FL,emcdarmidbw@deviantart.com
430,Farand Piaggia,9699 Kensington Trail,21265,MD,fpiaggiabx@blog.com
431,Kirby Gisborne,5442 Knutson Point,61825,IL,kgisborneby@vinaora.com
432,Tynan McWhirter,75796 Schiller Trail,92862,CA,tmcwhirterbz@blinklist.com
433,Arlena Ciccetti,9031 Dapin Place,85035,AZ,aciccettic0@vimeo.com
434,Harold Roden,20816 Bartillon Hill,64190,MO,hrodenc1@mozilla.com
435,Didi Keal,8 Amoth Alley,20535,DC,dkealc2@usnews.com
436,Sandi Barosch,66758 Daystar Hill,93715,CA,sbaroschc3@sun.com
437,Ryan Laible,39 Vahlen Junction,48912,MI,rlaiblec4@apache.org
438,Kati Ciccetti,4144 Service Circle,53716,WI,kciccettic5@ibm.com
439,Dayle Nast,68446 Briar Crest Street,20591,DC,dnastc6@flickr.com
440,Sonja Hemphill,8646 Corscot Place,70165,LA,shemphillc7@barnesandnoble.com
441,Valene Farrer,71 Pennsylvania Avenue,32215,FL,vfarrerc8@deviantart.com
442,Suzy Ongin,964 Continental Hill,46634,IN,songinc9@hp.com
443,Ralina Alenichicov,74 Mandrake Road,79968,TX,ralenichicovca@marriott.com
444,Muriel Beagley,16332 Boyd Street,34102,FL,mbeagleycb@blog.com
445,Derrek Smallpiece,56765 Moose Parkway,79916,TX,dsmallpiececc@scribd.com
446,Jillene Paler,218 Charing Cross Plaza,23260,VA,jpalercd@illinois.edu
447,Sherill Abramowitch,93306 Hollow Ridge Alley,33064,FL,sabramowitchce@spotify.com
448,Karissa McPake,65 Paget Terrace,43284,OH,kmcpakecf@g.co
449,Erskine Eustace,36 Farragut Hill,63136,MO,eeustacecg@ibm.com
450,Amargo Catlow,0084 Ramsey Center,29319,SC,acatlowch@vimeo.com
451,Michel Faill,79 Arrowood Court,79928,TX,mfaillci@flickr.com
452,Margarita Druitt,63 Westport Junction,89012,NV,mdruittcj@mail.ru
453,Winnah Beentjes,07739 Nancy Plaza,21203,MD,wbeentjesck@who.int
454,Cari Connerly,10516 Fuller Junction,55108,MN,cconnerlycl@infoseek.co.jp
455,Karon Quilkin,8 Nancy Alley,19109,PA,kquilkincm@nih.gov
456,Isaac Freiberg,527 Rowland Plaza,45249,OH,ifreibergcn@bigcartel.com
457,Philbert Planke,94 Melody Pass,47747,IN,pplankeco@google.com.au
458,Wallie Murname,82 Riverside Crossing,33972,FL,wmurnamecp@mozilla.org
459,Laney Booty,518 Pierstorff Trail,45243,OH,lbootycq@apple.com
460,Ryon De Mitris,9959 Holmberg Terrace,98109,WA,rdecr@deliciousdays.com
461,Lory Vinecombe,8 Schmedeman Alley,15279,PA,lvinecombecs@comsenz.com
462,Reinwald Gotts,457 Summer Ridge Way,40510,KY,rgottsct@usa.gov
463,Enrika Merrigans,602 Algoma Plaza,23237,VA,emerriganscu@whitehouse.gov
464,Candida Deneve,68115 Elka Park,87110,NM,cdenevecv@cmu.edu
465,Levin Condit,3581 Scoville Drive,28256,NC,lconditcw@google.es
466,Ali McGrey,16602 Laurel Pass,93773,CA,amcgreycx@com.com
467,Nannette Cabedo,89 Forster Place,46805,IN,ncabedocy@is.gd
468,Byran Alman,91 Sunbrook Pass,91913,CA,balmancz@histats.com
469,Berne Elwyn,5498 Talisman Lane,87190,NM,belwynd0@arizona.edu
470,Stuart Restill,556 Calypso Park,79699,TX,srestilld1@blog.com
471,Jocelyne Salters,778 Veith Pass,70820,LA,jsaltersd2@fotki.com
472,Karlotta Risom,4405 High Crossing Way,33913,FL,krisomd3@usatoday.com
473,Gavra Ebbage,4695 Manitowish Lane,75049,TX,gebbaged4@tripadvisor.com
474,Verna Childerhouse,3 Brentwood Drive,98498,WA,vchilderhoused5@upenn.edu
475,Margo Lefeuvre,04416 Morningstar Terrace,25326,WV,mlefeuvred6@miibeian.gov.cn
476,Cody Firebrace,8378 Ilene Center,80209,CO,cfirebraced7@devhub.com
477,Obediah O'Spillane,8 Bunting Way,35285,AL,oospillaned8@time.com
478,Samuel Lassell,0139 Annamark Trail,89087,NV,slasselld9@army.mil
479,Clarey Marking,6097 Thompson Center,95123,CA,cmarkingda@newsvine.com
480,Caron Kobu,75 Glacier Hill Crossing,89193,NV,ckobudb@japanpost.jp
481,Manny Fahrenbacher,6044 Dawn Way,59112,MT,mfahrenbacherdc@constantcontact.com
482,Staffard Piggrem,8 Tomscot Junction,27710,NC,spiggremdd@usatoday.com
483,Kimbell Bowkett,00619 Banding Terrace,10079,NY,kbowkettde@wp.com
484,Nita Scampion,115 Huxley Street,55811,MN,nscampiondf@youku.com
485,Maximilianus Crosby,1448 Elka Junction,53785,WI,mcrosbydg@myspace.com
486,Babara Burburough,9451 Ridgeway Plaza,93709,CA,bburburoughdh@clickbank.net
487,Rudolph Caspell,9 Sage Road,40591,KY,rcaspelldi@wiley.com
488,Cammy MacFall,7666 Sauthoff Lane,27717,NC,cmacfalldj@twitter.com
489,Vergil Besset,9 Corscot Point,36205,AL,vbessetdk@wiley.com
490,Keven McFarlan,542 Shasta Alley,92640,CA,kmcfarlandl@dot.gov
491,Charita Corradengo,1848 Banding Hill,66215,KS,ccorradengodm@google.cn
492,Dot Reina,79 Jackson Court,70815,LA,dreinadn@homestead.com
493,Tadeas Maasz,0 Erie Plaza,50320,IA,tmaaszdo@ow.ly
494,Marion MacGilmartin,4 Larry Circle,13205,NY,mmacgilmartindp@ning.com
495,Denis Patington,73175 Mifflin Trail,92415,CA,dpatingtondq@nationalgeographic.com
496,Wallace Cordero,5 Pearson Crossing,20409,DC,wcorderodr@pbs.org
497,Frederica Imeson,14 Haas Street,85720,AZ,fimesonds@examiner.com
498,Trevar Gustus,70 Moland Junction,88535,TX,tgustusdt@github.com
499,Tessy Maryman,84598 Clarendon Drive,16565,PA,tmarymandu@jugem.jp
500,Ali Weinham,17720 Quincy Hill,20215,DC,aweinhamdv@newsvine.com
501,Bibbie Haycox,83 Lillian Street,65810,MO,bhaycoxdw@businesswire.com
502,Merissa Barczewski,6374 Independence Center,33715,FL,mbarczewskidx@examiner.com
503,Kameko Marland,0552 Sherman Alley,02104,MA,kmarlanddy@yahoo.co.jp
504,Umeko Rousby,55770 Forster Terrace,68531,NE,urousbydz@scribd.com
505,Emalia Boddis,40 Kim Plaza,91411,CA,eboddise0@google.fr
506,Carol-jean Bethune,406 Texas Court,34102,FL,cbethunee1@senate.gov
507,Wilfred Heavens,0 Fieldstone Crossing,31217,GA,wheavense2@economist.com
508,Jayme Bleiman,852 La Follette Drive,20036,DC,jbleimane3@va.gov
509,Sasha Brattan,1972 Novick Road,34949,FL,sbrattane4@senate.gov
510,Jeddy Harral,28 Pond Plaza,06726,CT,jharrale5@nbcnews.com
511,Carlina Yarwood,736 Quincy Circle,77266,TX,cyarwoode6@buzzfeed.com
512,Juliana Potapczuk,96 Coleman Plaza,23260,VA,jpotapczuke7@godaddy.com
513,Jobie Rowlands,70 Del Sol Parkway,31132,GA,jrowlandse8@networksolutions.com
514,Lyndsie Gilchrist,958 Carberry Park,90101,CA,lgilchriste9@google.it
515,Milton Heaselgrave,70 Sutteridge Place,31704,GA,mheaselgraveea@wired.com
516,Jammie Wissby,00 Namekagon Avenue,78749,TX,jwissbyeb@dedecms.com
517,Donnamarie Garrit,28461 Scofield Pass,46202,IN,dgarritec@jugem.jp
518,Prentice Touret,36 Pankratz Road,94121,CA,ptoureted@surveymonkey.com
519,Ingmar Plume,03224 Marcy Drive,18768,PA,iplumeee@chicagotribune.com
520,Rona Gobat,667 Fulton Road,37228,TN,rgobatef@dmoz.org
521,Ignace Cornau,4 Fallview Circle,13505,NY,icornaueg@webmd.com
522,Sisile Rigardeau,31483 Portage Pass,48956,MI,srigardeaueh@alibaba.com
523,Kaitlynn Risely,9417 Banding Terrace,68124,NE,kriselyei@bravesites.com
524,Sansone Polet,81434 Schmedeman Drive,19610,PA,spoletej@meetup.com
525,Rania Joynt,7 Hazelcrest Court,92137,CA,rjoyntek@businessweek.com
526,Gottfried Wickmann,65796 Del Mar Parkway,75287,TX,gwickmannel@biglobe.ne.jp
527,Tripp Hammonds,487 Porter Hill,78044,TX,thammondsem@arstechnica.com
528,Viv MacNally,57187 Kensington Park,66276,KS,vmacnallyen@wikia.com
529,Murdoch Absalom,65 Valley Edge Trail,58122,ND,mabsalomeo@g.co
530,Andrey Thurby,886 American Ash Drive,96850,HI,athurbyep@wordpress.org
531,Gardiner Sprulls,9 Lunder Drive,07310,NJ,gsprullseq@godaddy.com
532,Marcella Serridge,10 Coleman Circle,79710,TX,mserridgeer@creativecommons.org
533,Karleen Baudains,67111 Golf Course Way,10203,NY,kbaudainses@accuweather.com
534,Quincy Dunaway,88639 Hudson Circle,13205,NY,qdunawayet@sfgate.com
535,Culley Cuthbert,0925 Oriole Trail,46852,IN,ccuthberteu@ucla.edu
536,Wolf Comizzoli,7 Northview Way,94142,CA,wcomizzoliev@theguardian.com
537,Nan Mulvany,99 Farwell Alley,38308,TN,nmulvanyew@twitter.com
538,Konstanze Reeme,2 Westport Drive,22212,VA,kreemeex@shareasale.com
539,Ward Skellern,35 Annamark Trail,90505,CA,wskellerney@webmd.com
540,Bette Durrett,23 Cordelia Avenue,68197,NE,bdurrettez@smh.com.au
541,Merlina Lewsam,05 Stang Road,53710,WI,mlewsamf0@so-net.ne.jp
542,Pavla Philipp,2907 Blackbird Road,31410,GA,pphilippf1@de.vu
543,Karlen Dutteridge,8 Sugar Plaza,95894,CA,kdutteridgef2@chron.com
544,Teresita Drewell,59249 Lakewood Gardens Circle,48901,MI,tdrewellf3@baidu.com
545,Karry Broadberry,50 Gateway Pass,28805,NC,kbroadberryf4@oakley.com
546,Tris Marshland,75055 Dexter Avenue,10175,NY,tmarshlandf5@skype.com
547,Wenda McBay,27813 Center Place,88553,TX,wmcbayf6@sciencedaily.com
548,Barnett Crayk,8 Novick Avenue,23612,VA,bcraykf7@noaa.gov
549,Miran Slides,73 Prairieview Pass,94286,CA,mslidesf8@chicagotribune.com
550,Cull Cockhill,7594 Dapin Park,77212,TX,ccockhillf9@wikimedia.org
551,Derrick Dunbar,9 American Alley,78415,TX,ddunbarfa@google.de
552,George Dei,16 Stuart Park,55412,MN,gdeifb@list-manage.com
553,Wilhelmina Grigoire,98 Rusk Park,27409,NC,wgrigoirefc@slashdot.org
554,Parry Nott,2296 Hansons Hill,36616,AL,pnottfd@weibo.com
555,Cornelia Capini,3 Riverside Hill,79105,TX,ccapinife@craigslist.org
556,Prudy Starling,5 Pleasure Alley,92844,CA,pstarlingff@google.ca
557,Nikki Folliott,9972 Warner Drive,72905,AR,nfolliottfg@icq.com
558,Corena Sesser,98 Gateway Crossing,27626,NC,csesserfh@google.de
559,Kenton Clemmett,9 Buhler Pass,92645,CA,kclemmettfi@hp.com
560,Jenn Sharratt,99132 Petterle Trail,32399,FL,jsharrattfj@mediafire.com
561,Yevette Mioni,4134 Hallows Place,91913,CA,ymionifk@wired.com
562,Thibaud Teaser,2373 Barnett Drive,94159,CA,tteaserfl@plala.or.jp
563,Humbert Chomiszewski,52085 Clemons Alley,50347,IA,hchomiszewskifm@sun.com
564,Jo Aindrais,0924 Spenser Court,14225,NY,jaindraisfn@hubpages.com
565,Port Strasse,77895 Thompson Point,30368,GA,pstrassefo@constantcontact.com
566,Jillana Godsmark,43 Everett Court,40591,KY,jgodsmarkfp@chicagotribune.com
567,Matthias Jefford,42961 Mariners Cove Point,94154,CA,mjeffordfq@apache.org
568,Lock Pitford,9438 Dayton Drive,48206,MI,lpitfordfr@sfgate.com
569,Jeanine Lias,37 Blue Bill Park Junction,84125,UT,jliasfs@nbcnews.com
570,Theodor Ventura,68 Golden Leaf Road,92862,CA,tventuraft@google.cn
571,Ky Vine,504 Nobel Way,46867,IN,kvinefu@bloglovin.com
572,Lisa Hansel,92213 Morrow Court,60686,IL,lhanselfv@pbs.org
573,Callie Varey,740 Lawn Pass,22244,VA,cvareyfw@devhub.com
574,Francyne Reston,26 Oak Park,45203,OH,frestonfx@fotki.com
575,Cilka Babst,666 Scoville Hill,33884,FL,cbabstfy@1688.com
576,Randie Geroldini,2 Basil Center,84120,UT,rgeroldinifz@dell.com
577,Gloria Watters,4 Packers Place,18505,PA,gwattersg0@prnewswire.com
578,Cherin Glasheen,86 Petterle Center,90087,CA,cglasheeng1@canalblog.com
579,Emmit Scoone,1 Riverside Plaza,29625,SC,escooneg2@upenn.edu
580,Mahmoud Stenson,10 Jenna Parkway,77005,TX,mstensong3@forbes.com
581,Tawsha Trott,4 Dennis Circle,63196,MO,ttrottg4@ucla.edu
582,Haskel Tolliday,44 Straubel Point,34949,FL,htollidayg5@ft.com
583,Maurise Siddle,2769 Fulton Lane,06705,CT,msiddleg6@i2i.jp
584,Bruce Hargerie,67 David Plaza,20904,MD,bhargerieg7@dedecms.com
585,Rori Cowthart,9 Grim Terrace,45454,OH,rcowthartg8@woothemes.com
586,Sheffield Colmore,16130 Oakridge Park,39296,MS,scolmoreg9@soup.io
587,Lionel Pyrton,1 Bunting Alley,70810,LA,lpyrtonga@answers.com
588,Billie Ebdon,35245 Welch Crossing,50936,IA,bebdongb@cloudflare.com
589,Malia Sackett,7838 Toban Hill,87121,NM,msackettgc@japanpost.jp
590,Eugenia Dyball,85 Kennedy Trail,06520,CT,edyballgd@quantcast.com
591,Shela Macia,04547 Mitchell Way,85072,AZ,smaciage@columbia.edu
592,Sophi Wherry,03133 Arkansas Lane,20557,DC,swherrygf@google.pl
593,Marrissa McLurg,12298 Westerfield Parkway,79968,TX,mmclurggg@nydailynews.com
594,Hamlen Baum,282 Ilene Pass,55114,MN,hbaumgh@altervista.org
595,Sutton Kitchenside,82328 Starling Trail,43605,OH,skitchensidegi@1688.com
596,Marji Jeanes,7 Arrowood Park,89105,NV,mjeanesgj@com.com
597,Aloysia Duiged,2 Burning Wood Place,81005,CO,aduigedgk@webs.com
598,Almira Cleary,01 Marquette Crossing,85077,AZ,aclearygl@discuz.net
599,Colette Rioch,3425 Prentice Parkway,46254,IN,criochgm@shareasale.com
600,Trevor Trenear,3834 Hollow Ridge Drive,31405,GA,ttreneargn@themeforest.net
601,Red Gelsthorpe,08306 Loomis Alley,56944,DC,rgelsthorpego@cmu.edu
602,Peyton Gurnett,998 Thackeray Way,45440,OH,pgurnettgp@time.com
603,Edmon Huxster,80 Holy Cross Road,25721,WV,ehuxstergq@pcworld.com
604,Chiquia MacKniely,84069 Bluejay Pass,24034,VA,cmacknielygr@hostgator.com
605,Mitchell Wapple,124 Moland Junction,68105,NE,mwapplegs@list-manage.com
606,Joaquin Baude,99395 Northview Plaza,15215,PA,jbaudegt@nsw.gov.au
607,Alonzo Roxburgh,24 Dexter Parkway,15210,PA,aroxburghgu@sina.com.cn
608,Lorne Darrigone,77 Barby Lane,80161,CO,ldarrigonegv@about.me
609,Benny Cowles,2494 Oak Valley Trail,68517,NE,bcowlesgw@free.fr
610,Cece Iorizzi,3155 Garrison Road,32092,FL,ciorizzigx@prnewswire.com
611,Bonnie Raddish,95 Del Sol Alley,88525,TX,braddishgy@is.gd
612,Ollie Gaskarth,88006 Talisman Point,78769,TX,ogaskarthgz@blinklist.com
613,Ingemar Flaubert,54 Bunting Junction,06538,CT,iflauberth0@bizjournals.com
614,Sasha Britton,389 Old Shore Drive,30061,GA,sbrittonh1@tamu.edu
615,Angus Cusack,57407 Lawn Center,14233,NY,acusackh2@xinhuanet.com
616,Leland Smissen,6 Sherman Plaza,20557,DC,lsmissenh3@house.gov
617,Spense Pidcock,58 Pine View Place,80262,CO,spidcockh4@dailymotion.com
618,Claus Layson,83819 Welch Crossing,15286,PA,claysonh5@4shared.com
619,Cassey Pawlik,5414 Loftsgordon Circle,20078,DC,cpawlikh6@deliciousdays.com
620,Paulie Gother,3 Oneill Center,20226,DC,pgotherh7@symantec.com
621,Jasper Frenchum,1512 David Crossing,33129,FL,jfrenchumh8@rambler.ru
622,Mischa Andree,2 Hansons Center,77025,TX,mandreeh9@state.gov
623,Tamera Bilbery,6591 Sunbrook Hill,70129,LA,tbilberyha@biblegateway.com
624,Mady Giacoppo,528 Debra Road,20784,MD,mgiacoppohb@who.int
625,Basile Loude,98 Mallard Lane,27409,NC,bloudehc@scribd.com
626,Mirabella Morant,707 Kensington Avenue,32304,FL,mmoranthd@arizona.edu
627,Riva Tippetts,89 Sherman Street,36195,AL,rtippettshe@vkontakte.ru
628,Debi Sherr,199 Helena Crossing,76705,TX,dsherrhf@tinypic.com
629,Dorice Vila,71675 Lake View Alley,60669,IL,dvilahg@amazon.de
630,Rex Scotcher,23 Waywood Court,44393,OH,rscotcherhh@seattletimes.com
631,Marlee Sygrove,9690 Oakridge Junction,97405,OR,msygrovehi@comcast.net
632,Demetria Flament,34402 Center Avenue,36205,AL,dflamenthj@fotki.com
633,Nerti Tremmel,0212 Barnett Court,20189,VA,ntremmelhk@cbc.ca
634,Kirsten Hugnin,6415 Schmedeman Street,68517,NE,khugninhl@jigsy.com
635,Magdalene Proughten,37 Express Crossing,02298,MA,mproughtenhm@buzzfeed.com
636,Elane Birtle,9345 Washington Plaza,99709,AK,ebirtlehn@reddit.com
637,Demetrius Granham,6 Riverside Pass,66220,KS,dgranhamho@tinypic.com
638,Killy Ciccarello,76 Meadow Ridge Avenue,91616,CA,kciccarellohp@youtube.com
639,Kittie Brickhill,98132 Amoth Drive,17622,PA,kbrickhillhq@phoca.cz
640,Adrien Pullin,6003 South Circle,50936,IA,apullinhr@edublogs.org
641,Eberhard Deacock,590 Scoville Junction,95210,CA,edeacockhs@last.fm
642,Bertrand Trappe,45936 Buhler Center,35805,AL,btrappeht@google.pl
643,Keir Falla,7215 Golf Alley,90610,CA,kfallahu@gmpg.org
644,Allayne Long,18273 Karstens Avenue,52804,IA,alonghv@over-blog.com
645,Gard Sandal,45 Chinook Point,95138,CA,gsandalhw@army.mil
646,Adi Demonge,66 Lake View Terrace,11447,NY,ademongehx@cnet.com
647,Mabel Madders,726 Express Parkway,76505,TX,mmaddershy@jiathis.com
648,Ronnie Fraine,7 Milwaukee Plaza,31998,GA,rfrainehz@soup.io
649,Patrice Aslin,89107 Vera Parkway,35215,AL,paslini0@lycos.com
650,Elvera Ellen,53595 Wayridge Junction,33758,FL,eelleni1@rediff.com
651,Shirley Lappine,93504 Thompson Pass,74184,OK,slappinei2@salon.com
652,Harriette Penquet,799 Pierstorff Lane,25313,WV,hpenqueti3@jimdo.com
653,Yanaton Cheetam,9 Magdeline Crossing,44105,OH,ycheetami4@xinhuanet.com
654,Marylee Clemmens,50400 Muir Hill,76178,TX,mclemmensi5@4shared.com
655,Collete Venable,65389 Upham Alley,34135,FL,cvenablei6@1und1.de
656,Casey Phear,95 Pearson Trail,33421,FL,cpheari7@timesonline.co.uk
657,Marietta Fillingham,10 Warner Parkway,35285,AL,mfillinghami8@latimes.com
658,Aliza Dubery,5 Pond Way,92725,CA,aduberyi9@examiner.com
659,Bessie Bernhardi,5 Prentice Hill,27605,NC,bbernhardiia@psu.edu
660,Kristoforo Learmont,13 Lakewood Pass,61709,IL,klearmontib@discuz.net
661,Charmain Weafer,008 Kings Pass,76305,TX,cweaferic@irs.gov
662,Thorpe O'Dougherty,81679 Farwell Alley,22119,VA,todoughertyid@nature.com
663,Lionel Molder,6940 Meadow Valley Hill,53215,WI,lmolderie@bbb.org
664,Scott Veare,5 Bellgrove Drive,27610,NC,sveareif@ihg.com
665,Danette Morfey,0 Hazelcrest Court,06510,CT,dmorfeyig@weebly.com
666,Chase Gerler,89618 Burrows Circle,44191,OH,cgerlerih@statcounter.com
667,Evelyn Tutill,30 Spohn Hill,32236,FL,etutillii@house.gov
668,Alberik Tambling,8 Kim Park,45505,OH,atamblingij@g.co
669,Myrvyn O' Mullan,4 Pankratz Park,70820,LA,moik@globo.com
670,Grenville Pothergill,3403 Stephen Point,28205,NC,gpothergillil@samsung.com
671,Aura Winspeare,633 Dottie Park,24515,VA,awinspeareim@about.me
672,Jane Szwandt,02 Hayes Plaza,24024,VA,jszwandtin@businessweek.com
673,Elsie Essberger,139 Rusk Court,91499,CA,eessbergerio@istockphoto.com
674,Jorge Lazar,5848 Drewry Alley,55103,MN,jlazarip@upenn.edu
675,Drusilla Holdworth,94 Saint Paul Hill,13224,NY,dholdworthiq@hibu.com
676,Alwin Hardwell,92 Chive Alley,98115,WA,ahardwellir@tmall.com
677,Peder Gedney,7297 Daystar Crossing,10292,NY,pgedneyis@fc2.com
678,Hobey Sommerville,0 Waubesa Center,16505,PA,hsommervilleit@360.cn
679,Herminia Utting,67 Marquette Center,32526,FL,huttingiu@bizjournals.com
680,Konstantine Deeprose,9457 Bashford Road,28220,NC,kdeeproseiv@vkontakte.ru
681,Phillida Rushforth,76 Bunker Hill Terrace,74184,OK,prushforthiw@surveymonkey.com
682,Krisha Batchelar,6 Johnson Center,98133,WA,kbatchelarix@unblog.fr
683,Della Vannoni,35 Moose Terrace,20205,DC,dvannoniiy@mail.ru
684,Myrna Wholesworth,8936 Golf View Street,94605,CA,mwholesworthiz@huffingtonpost.com
685,Pinchas Sinfield,4 West Alley,06538,CT,psinfieldj0@csmonitor.com
686,Denise Willoway,47197 Oneill Avenue,93106,CA,dwillowayj1@time.com
687,Nessy Severs,212 Kropf Hill,55905,MN,nseversj2@google.ru
688,Cristal Lazenbury,28668 Shopko Parkway,12262,NY,clazenburyj3@springer.com
689,Tomasine Gynni,0493 Victoria Circle,22309,VA,tgynnij4@wikia.com
690,Nollie Gladdish,5 Hansons Lane,45264,OH,ngladdishj5@indiegogo.com
691,Ronnie Shildrick,530 Toban Park,88541,TX,rshildrickj6@umn.edu
692,Mallory Morrissey,0788 Lerdahl Place,55480,MN,mmorrisseyj7@nymag.com
693,Bethany Guild,78899 Center Court,02162,MA,bguildj8@hud.gov
694,Edlin Dillicate,89934 8th Lane,63110,MO,edillicatej9@ezinearticles.com
695,Berte Radbond,8250 Farmco Park,11499,NY,bradbondja@noaa.gov
696,Elane Whear,5 Forest Way,80935,CO,ewhearjb@purevolume.com
697,Kelsey Gatheral,905 Autumn Leaf Trail,29319,SC,kgatheraljc@hao123.com
698,Stefanie Clell,98895 Manufacturers Alley,20167,VA,sclelljd@army.mil
699,Tillie Danielli,556 Susan Terrace,08695,NJ,tdaniellije@nsw.gov.au
700,Jethro Albrook,38 Elmside Trail,97271,OR,jalbrookjf@prlog.org
701,Broddy Domsalla,398 Farmco Street,38114,TN,bdomsallajg@accuweather.com
702,Gaylene Natte,674 Ronald Regan Avenue,49505,MI,gnattejh@posterous.com
703,Jemmy Domico,33 Riverside Pass,20520,DC,jdomicoji@wordpress.com
704,Melita Gilby,74 New Castle Trail,20503,DC,mgilbyjj@nifty.com
705,Giff Crosetti,5538 Dryden Drive,46614,IN,gcrosettijk@amazon.co.jp
706,Heda Viste,6 Elmside Hill,90510,CA,hvistejl@elegantthemes.com
707,Nellie Rowbury,339 Toban Junction,93150,CA,nrowburyjm@mlb.com
708,Wandis Francescone,9 Manitowish Road,19151,PA,wfrancesconejn@bravesites.com
709,Nollie De Filippi,17946 Annamark Court,51110,IA,ndejo@mlb.com
710,Parrnell Comer,9895 Mosinee Avenue,68505,NE,pcomerjp@constantcontact.com
711,Kendell Fillan,2 Blackbird Court,34282,FL,kfillanjq@gravatar.com
712,Madeline Licence,68 Leroy Pass,21405,MD,mlicencejr@kickstarter.com
713,Kinna Surr,84 Forest Run Road,94105,CA,ksurrjs@theglobeandmail.com
714,Bernetta Parr,51764 Crowley Park,23237,VA,bparrjt@miibeian.gov.cn
715,Paulette Grigorey,85 Pankratz Crossing,78682,TX,pgrigoreyju@altervista.org
716,Clayborn Aleksashin,8100 Fallview Parkway,55412,MN,caleksashinjv@japanpost.jp
717,Marigold Lints,0 American Plaza,94105,CA,mlintsjw@cocolog-nifty.com
718,Drugi Everil,8 Dawn Hill,61709,IL,deveriljx@icio.us
719,Lennard Remon,43214 Mariners Cove Plaza,21282,MD,lremonjy@illinois.edu
720,Freida Margett,2062 Carberry Crossing,38308,TN,fmargettjz@icq.com
721,Adam Hedau,85238 Del Mar Road,29215,SC,ahedauk0@blinklist.com
722,Maryjo Dalglish,7 Claremont Way,11499,NY,mdalglishk1@blogger.com
723,Elfreda Skipsea,7 Old Shore Circle,92883,CA,eskipseak2@china.com.cn
724,Gilburt Edeler,520 Hintze Way,85083,AZ,gedelerk3@hatena.ne.jp
725,Rafaello Pentelo,149 Kings Junction,34233,FL,rpentelok4@blog.com
726,Allissa More,486 Garrison Circle,97312,OR,amorek5@yahoo.com
727,Cherianne Hyndman,57454 Delaware Drive,77075,TX,chyndmank6@simplemachines.org
728,Mari Pasby,7845 Forest Dale Street,20784,MD,mpasbyk7@4shared.com
729,Corrie Pickburn,49 Village Green Point,91616,CA,cpickburnk8@spiegel.de
730,Brittan Caseley,911 Boyd Parkway,77201,TX,bcaseleyk9@live.com
731,Penelope Mayze,79 Welch Junction,22111,VA,pmayzeka@google.fr
732,Maddi Glandfield,82 Muir Road,70810,LA,mglandfieldkb@icq.com
733,Wilone Oloman,9 Brickson Park Junction,30380,GA,wolomankc@google.co.uk
734,Annemarie Rieflin,073 Northwestern Avenue,95833,CA,arieflinkd@vistaprint.com
735,Casey Weadick,842 Schlimgen Drive,25356,WV,cweadickke@sitemeter.com
736,Nealy Fuzzens,9 Carpenter Terrace,33355,FL,nfuzzenskf@seattletimes.com
737,Saree Rosini,89425 Mayer Trail,79415,TX,srosinikg@ftc.gov
738,Abbe Margram,0 Dawn Terrace,20005,DC,amargramkh@chronoengine.com
739,Pearl Clousley,2412 Calypso Lane,46216,IN,pclousleyki@marriott.com
740,Sherie Dickins,39626 Mcguire Place,33142,FL,sdickinskj@cafepress.com
741,Halette Dinsdale,08333 Badeau Avenue,91186,CA,hdinsdalekk@printfriendly.com
742,Arlana Sante,8153 Vidon Court,30061,GA,asantekl@si.edu
743,Desdemona Gardener,19566 Farwell Circle,35242,AL,dgardenerkm@npr.org
744,Hedwig Krimmer,28300 Northport Junction,81015,CO,hkrimmerkn@wsj.com
745,Elvin Allott,4375 Spohn Point,17105,PA,eallottko@ted.com
746,Natty Wise,594 Melrose Parkway,46867,IN,nwisekp@biblegateway.com
747,Alicia Meneur,0 Kropf Court,89436,NV,ameneurkq@freewebs.com
748,Danica Terran,6 Oakridge Road,95138,CA,dterrankr@pagesperso-orange.fr
749,Dwain Swanton,240 Havey Plaza,23220,VA,dswantonks@aboutads.info
750,Adelice Joiris,94734 Harper Terrace,80126,CO,ajoiriskt@rediff.com
751,Lorain Reschke,2983 Surrey Park,38114,TN,lreschkeku@usgs.gov
752,Bondon Jenken,74082 Parkside Terrace,53215,WI,bjenkenkv@123-reg.co.uk
753,Lombard Gilcriest,7 Burrows Center,92619,CA,lgilcriestkw@economist.com
754,Ayn Dace,5162 Anderson Crossing,10459,NY,adacekx@dailymail.co.uk
755,Corinne Colbourn,995 Haas Street,36119,AL,ccolbournky@altervista.org
756,Jared Walesa,26829 Roth Alley,46221,IN,jwalesakz@mysql.com
757,Kissie Backhouse,4880 Autumn Leaf Drive,22212,VA,kbackhousel0@t.co
758,Tyler Daveley,17 Monument Center,20540,DC,tdaveleyl1@forbes.com
759,Ethe Rutherfoord,0649 Grover Circle,44505,OH,erutherfoordl2@studiopress.com
760,Kissee Feldharker,95 Arkansas Alley,30905,GA,kfeldharkerl3@hugedomains.com
761,Paulita Sabine,461 Buhler Plaza,35290,AL,psabinel4@lycos.com
762,Sammie McGragh,67589 Wayridge Alley,94611,CA,smcgraghl5@networksolutions.com
763,Keane Bever,416 Dakota Parkway,06905,CT,kbeverl6@youtu.be
764,Bud Budgen,8671 Maple Parkway,95123,CA,bbudgenl7@wiley.com
765,Justus Macken,70 Morrow Drive,30195,GA,jmackenl8@constantcontact.com
766,Cairistiona Dohrmann,176 Saint Paul Road,97312,OR,cdohrmannl9@networkadvertising.org
767,Filbert Creak,981 Corscot Crossing,46805,IN,fcreakla@bloglovin.com
768,Germain Roadknight,055 Oxford Junction,33436,FL,groadknightlb@canalblog.com
769,Francisco Nutley,05344 Blue Bill Park Junction,24515,VA,fnutleylc@dot.gov
770,Karlan Bencher,9 Ludington Crossing,98109,WA,kbencherld@so-net.ne.jp
771,Hannah Hackleton,24 Grim Alley,94627,CA,hhackletonle@clickbank.net
772,Blanca Lynch,7 Northridge Plaza,34290,FL,blynchlf@marriott.com
773,Cissy Greenstock,46 Nova Point,70149,LA,cgreenstocklg@usgs.gov
774,Rozelle Whayman,73843 Sage Junction,32590,FL,rwhaymanlh@360.cn
775,Silvio Antonijevic,1 Fairview Alley,28256,NC,santonijevicli@diigo.com
776,Greer Grinsdale,61230 Washington Drive,46295,IN,ggrinsdalelj@mapy.cz
777,Brunhilde Horley,291 Corry Terrace,92725,CA,bhorleylk@weibo.com
778,Sharia Farndon,18743 Kensington Court,30195,GA,sfarndonll@unc.edu
779,Carree Karpf,451 Lakeland Terrace,30911,GA,ckarpflm@un.org
780,La verne Cham,1 Sunbrook Park,84199,UT,lverneln@princeton.edu
781,Fabian Galgey,4 Corben Crossing,46867,IN,fgalgeylo@examiner.com
782,Arvie Booi,153 Forster Plaza,15266,PA,abooilp@ebay.co.uk
783,Lesya Rawlison,31 Lawn Pass,78265,TX,lrawlisonlq@free.fr
784,Ebenezer Cristea,6 Anhalt Plaza,79940,TX,ecristealr@technorati.com
785,Starlin Scotson,30 Morningstar Park,10464,NY,sscotsonls@fc2.com
786,Tim Dairton,7 Homewood Park,68517,NE,tdairtonlt@photobucket.com
787,Justen Hammarberg,58 High Crossing Place,31605,GA,jhammarberglu@ow.ly
788,Zorah Sleet,3 Village Center,24020,VA,zsleetlv@miibeian.gov.cn
789,Jaquelyn Sent,2 Ridgeway Place,73173,OK,jsentlw@state.gov
790,Mariele Frayn,663 Montana Pass,78250,TX,mfraynlx@nyu.edu
791,Flem Petts,414 Summerview Crossing,77040,TX,fpettsly@cdc.gov
792,Aprilette Frensche,41 Buhler Alley,46634,IN,afrenschelz@blinklist.com
793,Piper Mattingson,27 Schlimgen Pass,80217,CO,pmattingsonm0@reverbnation.com
794,Giovanna Blewis,21485 Cardinal Avenue,46634,IN,gblewism1@prweb.com
795,Cacilia Ebbings,6628 Maywood Circle,15205,PA,cebbingsm2@edublogs.org
796,Annabella Matthessen,9 6th Point,07112,NJ,amatthessenm3@vk.com
797,Chance Dymond,91 Northview Street,93584,CA,cdymondm4@icq.com
798,Elianora Verrell,52 Jana Place,10155,NY,everrellm5@reuters.com
799,Malynda Dimic,94621 Nancy Plaza,78205,TX,mdimicm6@imgur.com
800,Curr By,356 Welch Lane,78220,TX,cbym7@barnesandnoble.com
801,Kirsten Earle,9 Garrison Hill,17121,PA,kearlem8@wufoo.com
802,Janella Frenzel;,62098 Pawling Junction,48604,MI,jfrenzelm9@themeforest.net
803,Gar Poser,4771 Brickson Park Pass,11854,NY,gposerma@bloomberg.com
804,Rayna Klossek,28 Delladonna Street,17110,PA,rklossekmb@clickbank.net
805,Aleen Gunner,6285 8th Avenue,81005,CO,agunnermc@vinaora.com
806,Tristan Salvin,04772 Dahle Pass,20041,DC,tsalvinmd@time.com
807,Simeon Isson,54677 Sunbrook Way,61635,IL,sissonme@tinypic.com
808,Dinny Nolin,6 Meadow Vale Junction,06120,CT,dnolinmf@telegraph.co.uk
809,Keith Perago,871 Gulseth Hill,83705,ID,kperagomg@hud.gov
810,Cathleen Janko,93253 Briar Crest Pass,99599,AK,cjankomh@squarespace.com
811,Ange Lagen,28493 Homewood Terrace,55598,MN,alagenmi@unesco.org
812,Noami Trobe,34 Rowland Street,76505,TX,ntrobemj@nationalgeographic.com
813,Colet Nelthorpe,1 Mifflin Pass,29319,SC,cnelthorpemk@oakley.com
814,Val Koop,21322 Sutherland Center,30506,GA,vkoopml@arstechnica.com
815,Janaye Icom,66994 Tony Street,21239,MD,jicommm@topsy.com
816,Joellen Ruegg,9739 Saint Paul Road,55470,MN,jrueggmn@photobucket.com
817,Jade Crumby,57 Susan Circle,53785,WI,jcrumbymo@yandex.ru
818,Lorri Mattis,80526 Northport Pass,98464,WA,lmattismp@mail.ru
819,Michal Feek,58159 Sherman Lane,10275,NY,mfeekmq@deviantart.com
820,Wandis Mayfield,54868 Sunbrook Lane,02163,MA,wmayfieldmr@youku.com
821,Guillemette Warder,493 Pleasure Trail,12325,NY,gwarderms@usa.gov
822,Isidoro Neubigin,62142 Center Point,80270,CO,ineubiginmt@redcross.org
823,Jennilee Hedan,17466 Fuller Plaza,31405,GA,jhedanmu@theatlantic.com
824,Albertine Glendzer,726 Welch Junction,33906,FL,aglendzermv@xrea.com
825,Laurella Ducaen,2335 Tennyson Street,71161,LA,lducaenmw@symantec.com
826,Kalindi Newsham,00 Anthes Lane,46226,IN,knewshammx@oakley.com
827,Cammi McQuaid,0347 Susan Hill,59771,MT,cmcquaidmy@go.com
828,Andonis Spollen,12640 Golf View Drive,97206,OR,aspollenmz@army.mil
829,Rubetta Pedrocchi,4339 Stephen Crossing,33023,FL,rpedrocchin0@ihg.com
830,Anette Shelliday,27 Amoth Pass,78769,TX,ashellidayn1@nps.gov
831,Sean Attenbarrow,34 Walton Point,80905,CO,sattenbarrown2@tinyurl.com
832,Charissa Huertas,8973 Farmco Street,48232,MI,chuertasn3@wp.com
833,Andonis Zamboniari,31520 Canary Parkway,46216,IN,azamboniarin4@go.com
834,Cherise Seabert,800 Kennedy Road,60078,IL,cseabertn5@ovh.net
835,Clifford De Paepe,7127 Forster Point,31210,GA,cden6@alibaba.com
836,Gibbie Trewett,8 Pierstorff Parkway,25321,WV,gtrewettn7@theglobeandmail.com
837,Breena Haruard,6 Coolidge Park,22111,VA,bharuardn8@merriam-webster.com
838,Saleem Lamperd,8 Mcbride Pass,96154,CA,slamperdn9@mapquest.com
839,Gertrudis Cleworth,5 Heath Avenue,19172,PA,gcleworthna@bizjournals.com
840,Randall Bread,4 Spaight Crossing,20910,MD,rbreadnb@jigsy.com
841,Marylee Czapla,949 Armistice Park,55436,MN,mczaplanc@reverbnation.com
842,Dewitt Pauletto,3 Pond Hill,40293,KY,dpaulettond@icio.us
843,Alene Osburn,30 Autumn Leaf Center,85045,AZ,aosburnne@baidu.com
844,Kayley Balazin,0 Sloan Trail,24009,VA,kbalazinnf@hexun.com
845,Thorpe Wardrop,404 Graedel Way,82007,WY,twardropng@ihg.com
846,Felizio Castillo,4 Cordelia Place,06183,CT,fcastillonh@state.gov
847,Constancia Bruinsma,03 Prairie Rose Alley,60158,IL,cbruinsmani@cisco.com
848,Lelia Gullam,4990 Scofield Drive,37210,TN,lgullamnj@forbes.com
849,Selle Topping,7 Twin Pines Street,78470,TX,stoppingnk@1688.com
850,Albert Grellis,94 Upham Lane,33982,FL,agrellisnl@mozilla.com
851,Jamie Goter,94 Eastwood Crossing,19892,DE,jgoternm@gravatar.com
852,Lucie Saltern,53 Norway Maple Place,98121,WA,lsalternnn@google.com.au
853,Carolyn Puddefoot,38 Vernon Lane,33913,FL,cpuddefootno@guardian.co.uk
854,Alidia Bradbeer,11 Maywood Street,94142,CA,abradbeernp@ucla.edu
855,Florie Smallcombe,285 Fairview Place,68124,NE,fsmallcombenq@pbs.org
856,Thaxter Puden,61 Scofield Circle,48295,MI,tpudennr@wordpress.org
857,Janis Revely,4611 Arapahoe Park,74141,OK,jrevelyns@ycombinator.com
858,Roger Wilgar,11474 North Street,77095,TX,rwilgarnt@comcast.net
859,Dean Capaldo,70430 Autumn Leaf Plaza,33615,FL,dcapaldonu@hhs.gov
860,Payton Manifield,2 Hazelcrest Pass,93381,CA,pmanifieldnv@chicagotribune.com
861,Mandy Grimley,065 Rieder Junction,10039,NY,mgrimleynw@mit.edu
862,Jed GiacobbiniJacob,38 Elka Junction,10155,NY,jgiacobbinijacobnx@hexun.com
863,Zechariah Magne,0945 Fairfield Point,73157,OK,zmagneny@miitbeian.gov.cn
864,Dalston Been,769 Derek Plaza,25313,WV,dbeennz@amazonaws.com
865,Opaline Routham,0095 Fairview Road,17622,PA,orouthamo0@cbc.ca
866,Rycca Utridge,83 Hazelcrest Junction,92424,CA,rutridgeo1@accuweather.com
867,Gussy Ughini,77 Bowman Crossing,31704,GA,gughinio2@salon.com
868,Osmund Freezer,19362 Glacier Hill Place,03105,NH,ofreezero3@wired.com
869,Artur Cancelier,881 Delladonna Terrace,62723,IL,acanceliero4@ed.gov
870,Linnet Djorvic,2 Fuller Park,19109,PA,ldjorvico5@abc.net.au
871,Pyotr Crennell,3 Vermont Terrace,32304,FL,pcrennello6@smh.com.au
872,Karlens Giggie,3402 Sunnyside Center,95064,CA,kgiggieo7@typepad.com
873,Nolie Burgott,305 Transport Center,93740,CA,nburgotto8@nps.gov
874,Alfred Vaen,058 Shoshone Pass,47712,IN,avaeno9@51.la
875,Fonzie Pedroli,9431 Coleman Trail,75205,TX,fpedrolioa@blogs.com
876,Adrian Potzold,8 Sheridan Road,90094,CA,apotzoldob@google.com.br
877,Kathi O'Mannion,6 Hayes Way,84145,UT,komannionoc@army.mil
878,Karna Meanwell,68492 Brentwood Plaza,22093,VA,kmeanwellod@addthis.com
879,Eran Padefield,78 Jackson Plaza,37665,TN,epadefieldoe@forbes.com
880,Elsa Tenbrug,205 Manitowish Point,95128,CA,etenbrugof@example.com
881,Georgie Dines,61 Bashford Parkway,79605,TX,gdinesog@abc.net.au
882,Marysa Shakelade,18664 Claremont Drive,77005,TX,mshakeladeoh@psu.edu
883,Inigo Culligan,868 Southridge Terrace,61614,IL,iculliganoi@artisteer.com
884,Letizia Canto,41 Charing Cross Junction,75372,TX,lcantooj@state.gov
885,Brannon Cleeton,9020 Nova Park,77281,TX,bcleetonok@craigslist.org
886,Gwen Healks,7573 Hooker Crossing,20231,DC,ghealksol@multiply.com
887,Keenan Lakin,6607 Westend Place,93305,CA,klakinom@clickbank.net
888,Renato Lansley,9 Oakridge Junction,91406,CA,rlansleyon@hostgator.com
889,Farlie Losseljong,76 Stephen Lane,20525,DC,flosseljongoo@arstechnica.com
890,Rorke Tetford,43 Mendota Alley,02203,MA,rtetfordop@harvard.edu
891,Nani Bleakman,9 Sugar Terrace,15250,PA,nbleakmanoq@dropbox.com
892,Ninon Jochens,389 Prairie Rose Lane,30066,GA,njochensor@oracle.com
893,Star Rubinsaft,879 Sunbrook Junction,87105,NM,srubinsaftos@de.vu
894,Viva Kitchingham,55 Troy Court,70165,LA,vkitchinghamot@angelfire.com
895,Corabel Glewe,9 Hermina Parkway,21216,MD,cgleweou@mozilla.com
896,Lucille Mount,493 Ridgeview Road,92867,CA,lmountov@t.co
897,Vito Nairn,37324 Sunnyside Alley,45999,OH,vnairnow@nytimes.com
898,Rhodia Vigars,8 Lyons Court,85005,AZ,rvigarsox@pcworld.com
899,Kim Le Fleming,8 Badeau Center,97405,OR,kleoy@amazonaws.com
900,Jocelin Becke,1242 Messerschmidt Parkway,66205,KS,jbeckeoz@taobao.com
901,Galvin Monte,930 Fisk Place,63180,MO,gmontep0@multiply.com
902,Sully Wigg,284 Green Terrace,34620,FL,swiggp1@sakura.ne.jp
903,Jolynn Lomb,2526 Scoville Way,66699,KS,jlombp2@washington.edu
904,Burnard Drexel,79 Algoma Court,64109,MO,bdrexelp3@xinhuanet.com
905,Alonzo Gierth,986 International Parkway,97286,OR,agierthp4@squidoo.com
906,Marylee Aspell,7 Luster Hill,44393,OH,maspellp5@nba.com
907,Ambrosi Raubenheimers,6 Meadow Vale Avenue,25709,WV,araubenheimersp6@reddit.com
908,Gauthier Rivalland,42 Del Mar Center,85383,AZ,grivallandp7@dailymail.co.uk
909,Doti Wace,591 Ridgeview Pass,72222,AR,dwacep8@ucoz.ru
910,Sheilah O'Breen,1694 Hooker Drive,64149,MO,sobreenp9@pinterest.com
911,Ezekiel Humes,892 Westridge Crossing,31165,GA,ehumespa@reverbnation.com
912,Marlane Vince,4231 Esch Plaza,61651,IL,mvincepb@blogspot.com
913,Arthur Keyse,6916 Dennis Hill,50362,IA,akeysepc@a8.net
914,Wittie Glenister,5 Manufacturers Drive,58207,ND,wglenisterpd@devhub.com
915,Frieda Parkey,5 Prairieview Junction,40546,KY,fparkeype@goo.gl
916,Terrell Tomney,67974 Amoth Crossing,11236,NY,ttomneypf@wikispaces.com
917,Darnell Port,27 Oriole Hill,06905,CT,dportpg@shutterfly.com
918,Marielle Beidebeke,80 Artisan Center,15220,PA,mbeidebekeph@ask.com
919,Jenni Wadge,3 Lunder Crossing,98498,WA,jwadgepi@dagondesign.com
920,Meade Varns,0 Homewood Street,20575,DC,mvarnspj@ehow.com
921,Miran Graffin,61003 Gina Alley,35225,AL,mgraffinpk@meetup.com
922,Gena Bony,6567 Corry Center,92717,CA,gbonypl@furl.net
923,Bili Bifield,75030 West Park,27690,NC,bbifieldpm@fema.gov
924,Brande Feldberg,623 International Pass,16550,PA,bfeldbergpn@umn.edu
925,Kristo Geibel,930 Dahle Crossing,20244,DC,kgeibelpo@abc.net.au
926,Frederique Broggetti,095 Hazelcrest Court,50981,IA,fbroggettipp@example.com
927,Letizia Mathet,2 Judy Avenue,91186,CA,lmathetpq@answers.com
928,Fallon Snalham,1 Waxwing Avenue,92710,CA,fsnalhampr@yelp.com
929,Morna Youthed,2055 Tony Street,73142,OK,myouthedps@mashable.com
930,Jeremie Lening,79784 Moose Circle,20883,MD,jleningpt@newyorker.com
931,Noell MacNamee,0609 Union Center,60604,IL,nmacnameepu@reuters.com
932,Babs Brumbye,5716 Muir Point,20420,DC,bbrumbyepv@harvard.edu
933,Kandy Kirkman,84 Oneill Point,30605,GA,kkirkmanpw@discovery.com
934,Thatch Utton,98 Service Junction,36195,AL,tuttonpx@surveymonkey.com
935,Stirling Headon,93 Hagan Place,78721,TX,sheadonpy@opera.com
936,Damian Shewen,8 Glacier Hill Circle,61825,IL,dshewenpz@ask.com
937,Ansell Tillot,88808 International Drive,85732,AZ,atillotq0@netvibes.com
938,Cirillo Ensley,87126 Steensland Drive,36134,AL,censleyq1@howstuffworks.com
939,Kimbell Besant,9 Cherokee Street,07305,NJ,kbesantq2@mac.com
940,Nettie Alen,5805 Clyde Gallagher Lane,23293,VA,nalenq3@seesaa.net
941,Kathrine Cahan,3 Morrow Street,95128,CA,kcahanq4@army.mil
942,Sonya Jeanes,5060 Meadow Ridge Plaza,80126,CO,sjeanesq5@sina.com.cn
943,Laurette Venturoli,18806 Lawn Lane,33805,FL,lventuroliq6@columbia.edu
944,Johnette Semrad,79 Troy Crossing,92645,CA,jsemradq7@time.com
945,Myrah Baskerfield,9365 Sage Lane,39705,MS,mbaskerfieldq8@comsenz.com
946,Brennan Brims,1313 1st Pass,78291,TX,bbrimsq9@com.com
947,Tonnie Bisgrove,6 Harbort Parkway,20551,DC,tbisgroveqa@addthis.com
948,Alie Bubeer,52 Hansons Point,10009,NY,abubeerqb@youtube.com
949,Midge Cleeton,3972 Thackeray Park,73142,OK,mcleetonqc@ask.com
950,Bathsheba Feaviour,73 Sunbrook Crossing,33436,FL,bfeaviourqd@e-recht24.de
951,Montague Blachford,6479 Riverside Junction,90398,CA,mblachfordqe@geocities.jp
952,Lancelot Causey,428 Heffernan Trail,33147,FL,lcauseyqf@pagesperso-orange.fr
953,Andrei Walklett,83 Grim Street,08922,NJ,awalklettqg@domainmarket.com
954,Brear Kemble,7595 Schlimgen Parkway,04109,ME,bkembleqh@businesswire.com
955,Herve Andries,4 Grover Circle,36641,AL,handriesqi@yellowpages.com
956,Veronique McTrusty,82334 Loftsgordon Trail,75507,TX,vmctrustyqj@behance.net
957,Isidora Gainfort,4 Katie Avenue,40250,KY,igainfortqk@example.com
958,Janeen Cowitz,96380 Muir Way,92648,CA,jcowitzql@sina.com.cn
959,Ginger Antecki,66 Talmadge Court,47732,IN,ganteckiqm@go.com
960,Fredericka Syne,3849 Drewry Terrace,45403,OH,fsyneqn@goodreads.com
961,Pernell Mingo,269 Packers Trail,90405,CA,pmingoqo@stanford.edu
962,Jany McGivena,709 Harper Park,27610,NC,jmcgivenaqp@yellowbook.com
963,Cecilio Gasgarth,69 Oneill Lane,27626,NC,cgasgarthqq@soup.io
964,Dannie Marquis,1 Cascade Road,37939,TN,dmarquisqr@examiner.com
965,Minny Alvis,968 North Court,08922,NJ,malvisqs@furl.net
966,Ruthe Haggas,71 Hudson Place,33811,FL,rhaggasqt@yellowbook.com
967,Lazarus Fortescue,72 Ridge Oak Place,55412,MN,lfortescuequ@pagesperso-orange.fr
968,Gaynor Lasselle,93 Lyons Pass,93386,CA,glasselleqv@mozilla.com
969,Clay Lauga,49054 Heffernan Parkway,94611,CA,claugaqw@bloglovin.com
970,Norris Morey,82 Weeping Birch Trail,60646,IL,nmoreyqx@tamu.edu
971,Cristen Conwell,89892 Portage Road,99522,AK,cconwellqy@ucoz.com
972,Vally Hannay,21065 Granby Drive,88519,TX,vhannayqz@toplist.cz
973,Shelley Beric,38 Rutledge Point,87121,NM,sbericr0@newyorker.com
974,Kaiser Loudian,86 Bartillon Park,95397,CA,kloudianr1@microsoft.com
975,Brendis Ferretti,497 Eggendart Trail,66225,KS,bferrettir2@ucla.edu
976,Chris Stuchburie,9 Crest Line Parkway,87180,NM,cstuchburier3@ucla.edu
977,Immanuel Bunnell,865 Service Point,22225,VA,ibunnellr4@networkadvertising.org
978,Jaquenette Hoy,5 Butterfield Point,84140,UT,jhoyr5@prnewswire.com
979,Rhody Boundey,953 Fremont Center,75277,TX,rboundeyr6@myspace.com
980,Alessandro Georgescu,3802 Trailsway Way,14604,NY,ageorgescur7@blogtalkradio.com
981,Stinky Attow,58 Merrick Point,17121,PA,sattowr8@smh.com.au
982,Judi MacMurray,49 Talisman Circle,45470,OH,jmacmurrayr9@youtu.be
983,Oralee Snyder,6 American Ash Park,64179,MO,osnyderra@tmall.com
984,Tito Rives,55016 Bayside Parkway,61605,IL,trivesrb@nsw.gov.au
985,Thomasine Goodlake,70650 Paget Lane,53405,WI,tgoodlakerc@4shared.com
986,Dawn Gaine of England,9384 Bultman Junction,20057,DC,dgainerd@unc.edu
987,Ella Balam,569 Sheridan Park,14624,NY,ebalamre@miibeian.gov.cn
988,Teodor Rittmeier,348 Gulseth Drive,61656,IL,trittmeierrf@wufoo.com
989,Luciano Harry,645 Merchant Lane,27404,NC,lharryrg@sfgate.com
990,Yule Finden,54 Garrison Crossing,92170,CA,yfindenrh@hexun.com
991,Evelyn Bettison,9 Sullivan Avenue,31998,GA,ebettisonri@i2i.jp
992,Paulette Whymark,339 Sutteridge Street,77493,TX,pwhymarkrj@pbs.org
993,Sidonia Strete,5254 Longview Crossing,33763,FL,sstreterk@mac.com
994,Jerri Laurenty,07 Calypso Center,85215,AZ,jlaurentyrl@unicef.org
995,Verene Sangwin,8 Pine View Trail,73152,OK,vsangwinrm@telegraph.co.uk
996,Nester Cooper,853 Warbler Way,77271,TX,ncooperrn@nih.gov
997,Reg Gergus,5878 Maywood Trail,92056,CA,rgergusro@uol.com.br
998,Nicola Ashfull,2 Farwell Avenue,13205,NY,nashfullrp@google.nl
999,Bethanne Binion,5605 John Wall Way,06127,CT,bbinionrq@lulu.com
1000,Nertie Gregine,119 Northport Trail,40524,KY,ngreginerr@state.tx.us
