id,name,address,zipcode,state,email
1,Jandy Geldart,5 Carey Circle,49560,MI,jgeldart0@issuu.com
2,Gradey Davidovicz,29 Bartillon Point,17105,PA,gdavidovicz1@cafepress.com
3,Morgan Donaldson,0406 Ilene Crossing,45238,OH,mdonaldson2@techcrunch.com
4,Mal Robshaw,331 Ohio Drive,27690,NC,mrobshaw3@sphinn.com
5,Paloma Westwater,4594 Debra Court,99507,AK,pwestwater4@bbc.co.uk
6,Marley Buddleigh,4663 Sycamore Crossing,88535,TX,mbuddleigh5@patch.com
7,Clary Umpleby,56 Dahle Junction,61651,IL,cumpleby6@ezinearticles.com
8,Arielle Jorez,0339 Bartelt Parkway,31904,GA,ajorez7@ed.gov
9,Halsey Quest,0059 Bartillon Plaza,94110,CA,hquest8@last.fm
10,Obadias Shackleton,535 Shelley Court,10105,NY,oshackleton9@zimbio.com
11,Riobard Birkin,86 Main Road,88589,TX,rbirkina@yale.edu
12,Luciano Basey,14 Thompson Avenue,40546,KY,lbaseyb@reference.com
13,Clemmie Jardein,0481 Drewry Center,65810,MO,cjardeinc@reuters.com
14,Trish Pauleau,324 Butterfield Street,70005,LA,tpauleaud@booking.com
15,Reggi Bessom,161 Glendale Road,93291,CA,rbessome@hatena.ne.jp
16,Damian Errol,5953 Gale Trail,24004,VA,derrolf@deliciousdays.com
17,Vlad Sandbrook,6521 Coolidge Trail,64179,MO,vsandbrookg@behance.net
18,Sabra Blumer,6978 Morningstar Avenue,18768,PA,sblumerh@engadget.com
19,Nell Gascone,1905 North Terrace,58505,ND,ngasconei@mayoclinic.com
20,Gale Burgyn,983 Pearson Junction,93399,CA,gburgynj@360.cn
21,Lela Pering,48738 Green Ridge Place,93399,CA,lperingk@sourceforge.net
22,Clarke Horwell,459 Badeau Place,90010,CA,chorwelll@usa.gov
23,Milty Cottill,31702 Ryan Plaza,94302,CA,mcottillm@globo.com
24,Lynde Gathercole,23808 Shopko Court,55458,MN,lgathercolen@ox.ac.uk
25,Grethel Galler,449 Basil Place,06183,CT,ggallero@seattletimes.com
26,Theda Fry,919 Helena Crossing,15255,PA,tfryp@sogou.com
27,Edgardo Rubenov,699 Anniversary Junction,13217,NY,erubenovq@lulu.com
28,Ali Earnshaw,9523 Moulton Center,32244,FL,aearnshawr@biglobe.ne.jp
29,Paulette Potapczuk,2 Arrowood Lane,80925,CO,ppotapczuks@elpais.com
30,Harrie Semered,377 5th Park,88563,TX,hsemeredt@forbes.com
31,Nertie Gaskoin,68 Green Ridge Road,19805,DE,ngaskoinu@huffingtonpost.com
32,Jules Squibbs,6 Cherokee Alley,19810,DE,jsquibbsv@msu.edu
33,Winni Gasken,8 Waxwing Avenue,47747,IN,wgaskenw@unblog.fr
34,Poul Gimblet,23 2nd Junction,28299,NC,pgimbletx@alexa.com
35,Genevieve Vorley,453 Bay Trail,22096,VA,gvorleyy@sciencedaily.com
36,Jarib McGloughlin,5798 Independence Point,94132,CA,jmcgloughlinz@slate.com
37,Lena Aizkovitch,7219 Hooker Place,97211,OR,laizkovitch10@nationalgeographic.com
38,Valeria Cadding,584 Chive Hill,63104,MO,vcadding11@wsj.com
39,Pris Karchewski,16 Loeprich Road,31605,GA,pkarchewski12@arizona.edu
40,Tabbitha Rustman,976 Katie Parkway,70142,LA,trustman13@123-reg.co.uk
41,Salome Dullingham,0 Schurz Park,60691,IL,sdullingham14@chronoengine.com
42,Evita Poulson,629 Nevada Circle,38109,TN,epoulson15@globo.com
43,Bonni Stothert,0 Huxley Parkway,60193,IL,bstothert16@rakuten.co.jp
44,Aldon McKevitt,59 Welch Alley,53220,WI,amckevitt17@foxnews.com
45,Valentijn Hammon,8785 Monica Plaza,50706,IA,vhammon18@mozilla.org
46,Gage Grassot,93150 Forster Pass,88569,TX,ggrassot19@princeton.edu
47,Iorgo Bland,08436 Paget Circle,76096,TX,ibland1a@bluehost.com
48,Christye Buchett,51 Harbort Park,40298,KY,cbuchett1b@yellowbook.com
49,Claudell O'Kennavain,636 Brown Crossing,85305,AZ,cokennavain1c@accuweather.com
50,Darrin Dilston,28 Carpenter Parkway,84605,UT,ddilston1d@youku.com
51,Immanuel Wisdish,2 Summit Drive,20268,DC,iwisdish1e@bizjournals.com
52,Velma Tiron,77 Roxbury Pass,06606,CT,vtiron1f@pagesperso-orange.fr
53,Tabbie Korneichuk,54497 Rowland Lane,94142,CA,tkorneichuk1g@who.int
54,Matias Crebott,90181 Vera Point,20310,DC,mcrebott1h@ed.gov
55,Evangelin Raulstone,913 Corben Trail,28235,NC,eraulstone1i@tripod.com
56,Marylin Warrilow,7 Arkansas Court,88589,TX,mwarrilow1j@ifeng.com
57,Grange Renish,31993 Arapahoe Parkway,43615,OH,grenish1k@gizmodo.com
58,Marney Morrice,3080 Nova Alley,77505,TX,mmorrice1l@sohu.com
59,Moishe Joinson,8936 Bartillon Center,75387,TX,mjoinson1m@google.com.br
60,Jeniece O'Griffin,1 Grasskamp Pass,32520,FL,jogriffin1n@dmoz.org
61,Benita Bywater,79560 Bultman Hill,30336,GA,bbywater1o@gov.uk
62,Lindsay Culligan,11 Vermont Street,32405,FL,lculligan1p@ycombinator.com
63,Jobie Dyche,48528 Mandrake Place,45271,OH,jdyche1q@odnoklassniki.ru
64,Meggi Ranahan,81 Fisk Center,71307,LA,mranahan1r@simplemachines.org
65,Carie Bohlens,428 Redwing Hill,24040,VA,cbohlens1s@buzzfeed.com
66,Debora Meins,2838 Bellgrove Plaza,78245,TX,dmeins1t@toplist.cz
67,Gratia Pignon,14 Grayhawk Park,46896,IN,gpignon1u@google.co.uk
68,Read Willars,947 Emmet Plaza,34290,FL,rwillars1v@accuweather.com
69,Maia Sainteau,3895 Blaine Point,19093,PA,msainteau1w@prweb.com
70,Heywood Baty,58124 Buhler Place,64125,MO,hbaty1x@google.de
71,Leoline Bodechon,41262 7th Drive,48609,MI,lbodechon1y@buzzfeed.com
72,Dennet Nickols,02674 Menomonie Avenue,47306,IN,dnickols1z@smh.com.au
73,Martha Weddup,9821 Barby Lane,88514,TX,mweddup20@aol.com
74,Corny Skippen,062 Katie Center,37914,TN,cskippen21@auda.org.au
75,Minni cornhill,7 Dayton Terrace,75372,TX,mcornhill22@slideshare.net
76,Corliss Petto,55 Goodland Drive,95194,CA,cpetto23@vistaprint.com
77,Corabelle Cicconetti,58 Hazelcrest Drive,64054,MO,ccicconetti24@wisc.edu
78,Margi Halladey,4 Brentwood Road,06533,CT,mhalladey25@utexas.edu
79,Silva Bownd,98458 Stoughton Drive,10045,NY,sbownd26@businessweek.com
80,Roxy Grebbin,763 Haas Trail,70883,LA,rgrebbin27@theatlantic.com
81,Forster Longstreeth,0313 Sachs Alley,44511,OH,flongstreeth28@vistaprint.com
82,Silva Troth,18 Dwight Trail,55436,MN,stroth29@creativecommons.org
83,Cello Tembey,026 Fordem Crossing,79955,TX,ctembey2a@craigslist.org
84,Jeff Muselli,07 Kensington Avenue,20029,DC,jmuselli2b@ted.com
85,Verina Widdowson,64364 3rd Court,97405,OR,vwiddowson2c@icio.us
86,Kai Vakhrushin,6435 Cherokee Pass,35236,AL,kvakhrushin2d@cam.ac.uk
87,Janenna Slavin,08750 Maywood Alley,72209,AR,jslavin2e@blinklist.com
88,Doroteya Cordall,62803 5th Crossing,79171,TX,dcordall2f@spotify.com
89,Inger Tye,27921 Iowa Avenue,46015,IN,itye2g@storify.com
90,Dorey McChesney,4679 Thompson Avenue,78205,TX,dmcchesney2h@tumblr.com
91,Arleyne Rowlings,56 Becker Crossing,70179,LA,arowlings2i@businesswire.com
92,Archibold Jerrard,46218 Hanover Crossing,78410,TX,ajerrard2j@theguardian.com
93,Clari Shurville,338 Thackeray Parkway,31704,GA,cshurville2k@usgs.gov
94,Darrelle Millis,6 Sugar Point,33405,FL,dmillis2l@yellowpages.com
95,Townsend Bossingham,7 Leroy Court,33330,FL,tbossingham2m@buzzfeed.com
96,Rahal Vasilchenko,4489 Merchant Circle,60614,IL,rvasilchenko2n@ning.com
97,Stacy Towriss,87 David Crossing,29403,SC,stowriss2o@merriam-webster.com
98,Wye Szantho,51150 Tony Street,92878,CA,wszantho2p@dedecms.com
99,Danyette Trow,44 Sutteridge Court,50320,IA,dtrow2q@purevolume.com
100,Portia Wolters,93839 Graceland Terrace,01152,MA,pwolters2r@kickstarter.com
101,Allie Thomasen,5292 Arizona Trail,32520,FL,athomasen2s@yellowpages.com
102,Halsy Richichi,6215 Donald Park,46862,IN,hrichichi2t@digg.com
103,Alexina Frith,865 Londonderry Lane,12227,NY,afrith2u@wikia.com
104,Sansone Foster-Smith,08 American Street,44393,OH,sfostersmith2v@mysql.com
105,Braden Pellew,69834 Corry Plaza,46814,IN,bpellew2w@pagesperso-orange.fr
106,Lorinda Toulch,3 Marcy Court,78210,TX,ltoulch2x@imgur.com
107,Moshe Padden,6846 Fairview Pass,44118,OH,mpadden2y@hibu.com
108,Kerby Albinson,86535 Onsgard Pass,89193,NV,kalbinson2z@slate.com
109,Bartholomeo Carrington,52175 Jackson Parkway,95173,CA,bcarrington30@latimes.com
110,Lowell Ramsay,126 Talmadge Hill,10165,NY,lramsay31@nydailynews.com
111,Tom D'Ambrogio,2154 Gulseth Parkway,80291,CO,tdambrogio32@xing.com
112,Daniele Shyres,7 Arizona Point,39305,MS,dshyres33@unblog.fr
113,Chickie Hanna,880 Northport Circle,68179,NE,channa34@wordpress.org
114,Devan Zamboniari,6338 Summer Ridge Terrace,60619,IL,dzamboniari35@cnn.com
115,Pat Renvoise,1600 Derek Terrace,28242,NC,prenvoise36@wired.com
116,Buddy Peacham,10131 Spenser Road,77085,TX,bpeacham37@house.gov
117,Hurlee Carrabott,24 Randy Crossing,34474,FL,hcarrabott38@disqus.com
118,Elbertina Caldicot,514 Continental Terrace,33111,FL,ecaldicot39@illinois.edu
119,Leodora Hannis,77 Ohio Place,35231,AL,lhannis3a@homestead.com
120,Alyson Huxter,7 Butternut Pass,94975,CA,ahuxter3b@ocn.ne.jp
121,Holmes Bartod,640 Memorial Crossing,17405,PA,hbartod3c@bbc.co.uk
122,Dolph Rooper,49113 Fordem Park,43268,OH,drooper3d@de.vu
123,Hannah Kringe,32 Center Parkway,33416,FL,hkringe3e@paypal.com
124,Leif Lockwood,174 Carpenter Terrace,57110,SD,llockwood3f@ca.gov
125,Mikey Durrant,8 Northfield Lane,84403,UT,mdurrant3g@biglobe.ne.jp
126,Corby Hutchings,1812 Maywood Crossing,27110,NC,chutchings3h@netscape.com
127,Karilynn Annear,98 Golf Course Place,77223,TX,kannear3i@about.me
128,Lesley O'Beirne,7 Cordelia Center,31998,GA,lobeirne3j@sciencedirect.com
129,Blancha Wingar,51 Walton Court,80241,CO,bwingar3k@scribd.com
130,Leigh Trangmar,3 Loeprich Circle,87110,NM,ltrangmar3l@php.net
131,Mallorie Paprotny,19020 Monument Street,78737,TX,mpaprotny3m@imdb.com
132,Markos Farnaby,49692 Duke Avenue,40266,KY,mfarnaby3n@smugmug.com
133,Rosa le Keux,31 Fulton Crossing,90081,CA,rle3o@xinhuanet.com
134,Angeline Dorkins,11729 Corben Lane,59806,MT,adorkins3p@taobao.com
135,George Anfosso,926 Esker Way,95865,CA,ganfosso3q@123-reg.co.uk
136,Frasquito Wilshere,3 Corry Trail,90060,CA,fwilshere3r@baidu.com
137,Wilmer Gauford,46472 Hooker Road,05609,VT,wgauford3s@salon.com
138,Noe Fagan,7676 Express Alley,20078,DC,nfagan3t@archive.org
139,Ambur Swiffan,5976 Logan Center,71914,AR,aswiffan3u@newsvine.com
140,Ken Bernaciak,098 Lyons Street,48550,MI,kbernaciak3v@si.edu
141,Michal Guyer,01468 Corben Place,43240,OH,mguyer3w@github.io
142,Kassey Hanford,6 Schurz Alley,21275,MD,khanford3x@topsy.com
143,Lilith McCullogh,29122 Cherokee Pass,94611,CA,lmccullogh3y@dyndns.org
144,Lewes Ratley,5 Rowland Plaza,44393,OH,lratley3z@twitpic.com
145,Tadd Panniers,25121 Vermont Avenue,22313,VA,tpanniers40@marriott.com
146,Wilhelmine Cowdery,34200 Dawn Circle,55428,MN,wcowdery41@amazon.co.uk
147,Clareta Petracco,58058 Riverside Park,10184,NY,cpetracco42@hc360.com
148,Angie Rohlfs,2 Spaight Junction,45807,OH,arohlfs43@psu.edu
149,Jessica Duling,2960 Tennessee Parkway,45999,OH,jduling44@army.mil
150,Goldina Richardot,01 Del Mar Street,06912,CT,grichardot45@i2i.jp
151,Netty Haig,6 Morningstar Lane,32575,FL,nhaig46@hexun.com
152,Pietrek Trelease,10540 Killdeer Court,33018,FL,ptrelease47@jiathis.com
153,Lars Kaley,24940 Melby Lane,98109,WA,lkaley48@marriott.com
154,Caesar Newarte,710 Badeau Drive,84110,UT,cnewarte49@oracle.com
155,Alix Dawnay,0115 Vermont Circle,64101,MO,adawnay4a@multiply.com
156,Phil Shawcroft,55430 Porter Trail,20238,DC,pshawcroft4b@123-reg.co.uk
157,Steven Roake,76 Memorial Hill,21747,MD,sroake4c@blinklist.com
158,Susy Archbald,191 Welch Junction,92640,CA,sarchbald4d@techcrunch.com
159,Tallie Bonnyson,75 Tennyson Road,99252,WA,tbonnyson4e@yelp.com
160,Flint Icom,1484 Killdeer Circle,60158,IL,ficom4f@dropbox.com
161,Hartwell Simmings,8 Mayfield Park,38181,TN,hsimmings4g@ebay.com
162,Ki Bosworth,2 Carioca Place,80328,CO,kbosworth4h@amazon.co.uk
163,Lelia Mawson,16079 Petterle Plaza,07208,NJ,lmawson4i@about.com
164,Sarita Purle,1234 Calypso Lane,95205,CA,spurle4j@constantcontact.com
165,Benedict Charley,51657 Clove Junction,89155,NV,bcharley4k@stumbleupon.com
166,Marice Burnham,48 Algoma Park,13205,NY,mburnham4l@csmonitor.com
167,Livvy Lefridge,2499 Muir Lane,33673,FL,llefridge4m@photobucket.com
168,Carmela Gallamore,007 Ramsey Point,70116,LA,cgallamore4n@nytimes.com
169,Maribel Nolan,708 Starling Road,85297,AZ,mnolan4o@tinypic.com
170,Langsdon Kelso,5359 Maple Lane,50369,IA,lkelso4p@ow.ly
171,Sybilla Pocklington,15 Lawn Hill,10469,NY,spocklington4q@ucoz.ru
172,Cherilynn Northbridge,4651 Pennsylvania Court,14276,NY,cnorthbridge4r@japanpost.jp
173,Manon Sowten,66 Express Parkway,40515,KY,msowten4s@histats.com
174,Griff Pitway,7 Lighthouse Bay Center,83722,ID,gpitway4t@foxnews.com
175,Isaiah Dwerryhouse,3 Haas Point,11210,NY,idwerryhouse4u@economist.com
176,Dylan Tenniswood,310 Londonderry Hill,95828,CA,dtenniswood4v@google.pl
177,Meridel Laxton,3 Graceland Crossing,46239,IN,mlaxton4w@tumblr.com
178,Oswell Moyler,67484 Moulton Crossing,25356,WV,omoyler4x@phpbb.com
179,Terri-jo Sadd,4 Northland Terrace,79928,TX,tsadd4y@hhs.gov
180,Nonna Sexstone,5 Gateway Point,78426,TX,nsexstone4z@slashdot.org
181,Ulick Minker,6947 Shopko Trail,49018,MI,uminker50@telegraph.co.uk
182,Genna Harniman,3237 Sloan Circle,94616,CA,gharniman51@tiny.cc
183,Anett Romain,560 Thierer Hill,19184,PA,aromain52@icq.com
184,Chalmers Stigger,15544 Annamark Alley,85072,AZ,cstigger53@state.gov
185,Mark Ambrodi,91 Pierstorff Terrace,33777,FL,mambrodi54@sina.com.cn
186,Teresina Morgan,403 Waxwing Terrace,50706,IA,tmorgan55@ibm.com
187,Shir Brentnall,86 Continental Avenue,91797,CA,sbrentnall56@vinaora.com
188,Barclay Canadine,2222 Bartillon Trail,33245,FL,bcanadine57@fotki.com
189,Maurizia Akenhead,55695 Emmet Hill,94544,CA,makenhead58@techcrunch.com
190,Bev Berks,60064 Cherokee Point,39282,MS,bberks59@dropbox.com
191,Sybil Etchingham,536 Maple Wood Street,15235,PA,setchingham5a@bigcartel.com
192,Kimbra Thorneloe,30 Mcguire Lane,80228,CO,kthorneloe5b@yellowbook.com
193,Godard Kilmaster,68 Oak Way,75037,TX,gkilmaster5c@reference.com
194,Glennis Glander,4741 Lake View Crossing,19125,PA,gglander5d@hubpages.com
195,Gustav Towsey,8 Hanson Avenue,80525,CO,gtowsey5e@slideshare.net
196,Filip Doggart,045 Monument Point,33915,FL,fdoggart5f@joomla.org
197,Yetty Leigh,73832 Farmco Hill,34238,FL,yleigh5g@who.int
198,Cyndy Stanyan,85 7th Alley,77386,TX,cstanyan5h@baidu.com
199,Moritz Tubbles,86510 Alpine Plaza,77010,TX,mtubbles5i@nih.gov
200,Feodora Robotham,3 Anzinger Terrace,43215,OH,frobotham5j@wix.com
201,Lenci Iacomini,2 Stuart Circle,10464,NY,liacomini5k@slate.com
202,Britney Tebbett,8993 Boyd Pass,14269,NY,btebbett5l@businessinsider.com
203,Erasmus Wabb,4 Nova Point,48956,MI,ewabb5m@bloglovin.com
204,Yurik Brands,741 Kropf Center,20205,DC,ybrands5n@behance.net
205,Charil Pentelo,92 Eggendart Drive,48206,MI,cpentelo5o@yellowpages.com
206,Hal Haxell,94 Anhalt Avenue,62705,IL,hhaxell5p@youtube.com
207,June Uwins,331 Maple Point,39534,MS,juwins5q@prnewswire.com
208,Del Volk,7 Upham Court,79968,TX,dvolk5r@usatoday.com
209,Quint Pillman,53 Westridge Way,53705,WI,qpillman5s@altervista.org
210,Bobby Patry,84433 Garrison Lane,93311,CA,bpatry5t@ft.com
211,Shir Breadon,870 Veith Plaza,95150,CA,sbreadon5u@newyorker.com
212,Nicolea Lechelle,62 5th Center,11054,NY,nlechelle5v@sfgate.com
213,Marcel Dyka,0467 Anthes Circle,40745,KY,mdyka5w@tripod.com
214,Rollins Hurworth,700 Golf Place,61635,IL,rhurworth5x@cornell.edu
215,Bond Hauxby,708 Orin Drive,13505,NY,bhauxby5y@un.org
216,Lucia Birley,31443 Declaration Lane,36610,AL,lbirley5z@jigsy.com
217,Allix Hubeaux,2697 Schiller Trail,77293,TX,ahubeaux60@hhs.gov
218,Augustina Esley,68 Namekagon Center,21229,MD,aesley61@netlog.com
219,Viv Scarlet,5 Duke Junction,74103,OK,vscarlet62@omniture.com
220,Marti Strotton,65 Pearson Circle,84140,UT,mstrotton63@163.com
221,Hercule Genner,87809 Scofield Road,58207,ND,hgenner64@typepad.com
222,Gates Gissing,061 Wayridge Place,22212,VA,ggissing65@craigslist.org
223,Becki Ivanin,1277 Granby Place,74193,OK,bivanin66@homestead.com
224,Aretha Posnette,1 Maryland Pass,55115,MN,aposnette67@soup.io
225,Isador Kennon,5293 Red Cloud Avenue,32575,FL,ikennon68@nationalgeographic.com
226,Kellyann Philipeaux,783 Dapin Drive,79452,TX,kphilipeaux69@gizmodo.com
227,Chrisy Harley,7346 Blaine Circle,38109,TN,charley6a@reddit.com
228,Ade Nast,33411 Graedel Pass,63110,MO,anast6b@people.com.cn
229,Renaud Mulvey,4 Green Point,24020,VA,rmulvey6c@com.com
230,Dolorita Newport,13 Gina Court,37924,TN,dnewport6d@macromedia.com
231,Camellia O' Molan,07 Sundown Alley,33315,FL,co6e@squarespace.com
232,Carina Colclough,401 Straubel Parkway,91210,CA,ccolclough6f@tuttocitta.it
233,Phillida Palin,7 Vidon Hill,40205,KY,ppalin6g@un.org
234,Trixie Mardling,66 Mesta Circle,77223,TX,tmardling6h@tripod.com
235,Rowland Morrison,27 Heath Center,06152,CT,rmorrison6i@dailymotion.com
236,Dorris Budik,701 High Crossing Pass,23277,VA,dbudik6j@archive.org
237,Linea Wickins,68 Ridge Oak Street,75049,TX,lwickins6k@myspace.com
238,Wilhelm Kanzler,84 Londonderry Trail,78220,TX,wkanzler6l@parallels.com
239,Lane Sirl,885 Loomis Parkway,10131,NY,lsirl6m@hostgator.com
240,Kingsly Argontt,940 Sage Place,06120,CT,kargontt6n@washington.edu
241,Dwain Keir,18891 Di Loreto Drive,85725,AZ,dkeir6o@springer.com
242,George Ballchin,910 Laurel Center,70820,LA,gballchin6p@ebay.com
243,Mellie Battleson,67965 Michigan Drive,06859,CT,mbattleson6q@blog.com
244,Mandy Seer,0765 Golf Drive,72204,AR,mseer6r@adobe.com
245,Devora Parley,39438 Hooker Hill,19886,DE,dparley6s@upenn.edu
246,Der Kingsford,7140 Hintze Trail,33625,FL,dkingsford6t@fda.gov
247,Prent Wrotchford,1432 Lindbergh Pass,27105,NC,pwrotchford6u@reverbnation.com
248,Ninnette Neillans,2019 Comanche Road,78759,TX,nneillans6v@issuu.com
249,Noell Dawidowicz,501 International Alley,45454,OH,ndawidowicz6w@lulu.com
250,Babb Paydon,17 Nobel Point,10160,NY,bpaydon6x@foxnews.com
251,Normie Jeffes,44654 Killdeer Crossing,31904,GA,njeffes6y@answers.com
252,Evonne Raffin,65 Talisman Hill,32605,FL,eraffin6z@cam.ac.uk
253,Hazlett Bradnick,8689 Eastwood Pass,96815,HI,hbradnick70@bluehost.com
254,Tandie Romanelli,540 Village Court,40205,KY,tromanelli71@hatena.ne.jp
255,Annis Gowdridge,69 Northland Trail,19178,PA,agowdridge72@eventbrite.com
256,Essy Gwyn,66 Carberry Way,48206,MI,egwyn73@yellowpages.com
257,Corrina Blackmuir,61176 Mifflin Drive,32803,FL,cblackmuir74@twitpic.com
258,Archie Philippon,301 Old Shore Drive,45218,OH,aphilippon75@tiny.cc
259,Shem Clemencet,98557 Anderson Lane,55127,MN,sclemencet76@list-manage.com
260,Jannel Dettmar,76 Ridge Oak Terrace,33633,FL,jdettmar77@europa.eu
261,Elke Rable,7591 Kings Crossing,14604,NY,erable78@yale.edu
262,Helsa Patise,14 Forster Court,30358,GA,hpatise79@ebay.co.uk
263,Jeremias Boards,8 Rigney Place,10280,NY,jboards7a@msn.com
264,Eberto Culcheth,58107 Golf Trail,68134,NE,eculcheth7b@domainmarket.com
265,Bealle Tilbey,92486 Buell Place,91328,CA,btilbey7c@typepad.com
266,Norma Senchenko,7223 Eagle Crest Circle,81010,CO,nsenchenko7d@ucoz.com
267,Spense De Bischop,6121 Comanche Crossing,92805,CA,sde7e@cyberchimps.com
268,Filia Grollmann,444 Superior Avenue,10280,NY,fgrollmann7f@diigo.com
269,Alexia Breawood,461 Orin Pass,22096,VA,abreawood7g@apple.com
270,Dione Delacroux,79 Hudson Terrace,46814,IN,ddelacroux7h@timesonline.co.uk
271,Lucienne Martinek,43 Pleasure Center,22096,VA,lmartinek7i@purevolume.com
272,Aland Colbridge,9221 Tomscot Alley,77010,TX,acolbridge7j@marriott.com
273,Dael Oldknowe,91 Jackson Center,95173,CA,doldknowe7k@seesaa.net
274,Jammie Musto,627 Carey Parkway,50981,IA,jmusto7l@reddit.com
275,Linus Oliva,1 Delladonna Pass,37405,TN,loliva7m@ftc.gov
276,Mack Mellish,93 Macpherson Parkway,88519,TX,mmellish7n@elpais.com
277,Hesther Tipton,95 Bartelt Street,85205,AZ,htipton7o@nasa.gov
278,Sterling Daykin,4 Little Fleur Alley,76110,TX,sdaykin7p@blinklist.com
279,Marshal Slewcock,1125 Granby Hill,53220,WI,mslewcock7q@yale.edu
280,Ardene Bensusan,32 Pine View Plaza,89145,NV,abensusan7r@nature.com
281,Neill Fretson,3 Surrey Road,55551,MN,nfretson7s@netscape.com
282,Danell Kerton,6 Scofield Drive,64187,MO,dkerton7t@nps.gov
283,Annis Mixhel,74 Farwell Drive,21203,MD,amixhel7u@house.gov
284,Aymer Hogben,505 Russell Crossing,78749,TX,ahogben7v@irs.gov
285,Skipper Mokes,7 Bonner Place,99599,AK,smokes7w@go.com
286,Ephrem Chese,345 Bunker Hill Drive,38197,TN,echese7x@yale.edu
287,Zacharias Mannakee,1 Grayhawk Plaza,03804,NH,zmannakee7y@naver.com
288,Clemente Anshell,2 Bultman Trail,77713,TX,canshell7z@simplemachines.org
289,Valentine O'Kennavain,443 Kipling Court,39505,MS,vokennavain80@about.me
290,Clarke Vellender,17019 Rigney Point,46239,IN,cvellender81@statcounter.com
291,Jae Harrowell,85 North Trail,20503,DC,jharrowell82@businessweek.com
292,Yoshiko Orrice,9331 Service Terrace,66220,KS,yorrice83@bloglovin.com
293,Amelita Abelevitz,7 Dawn Road,06721,CT,aabelevitz84@trellian.com
294,Anitra Ackenson,73 Mayfield Place,94297,CA,aackenson85@hc360.com
295,Xenos Jina,1866 Brown Place,64179,MO,xjina86@sourceforge.net
296,Berkie Vinnick,2095 Cordelia Junction,66629,KS,bvinnick87@nytimes.com
297,Derrick Seekings,57 Golf View Lane,81015,CO,dseekings88@mysql.com
298,Dyanna Detoile,28 Rockefeller Way,29411,SC,ddetoile89@ifeng.com
299,Madel Playfoot,3082 Heffernan Junction,74108,OK,mplayfoot8a@ebay.co.uk
300,Joaquin Laidlow,527 8th Plaza,48076,MI,jlaidlow8b@globo.com
301,Nicolina Vearnals,31245 Garrison Hill,19093,PA,nvearnals8c@51.la
302,Xever Checcucci,13088 Mccormick Road,08619,NJ,xcheccucci8d@goodreads.com
303,Kiri Pilling,7862 Haas Parkway,60641,IL,kpilling8e@fotki.com
304,Malia Maddinon,897 Talisman Alley,60646,IL,mmaddinon8f@thetimes.co.uk
305,Susie Feore,2407 Anthes Center,36134,AL,sfeore8g@twitpic.com
306,Rog Goad,8117 Heffernan Circle,80930,CO,rgoad8h@biblegateway.com
307,Dugald Lory,73 Macpherson Way,33196,FL,dlory8i@storify.com
308,Nicola Edlin,6 Scofield Lane,14652,NY,nedlin8j@vinaora.com
309,Bevvy Erdis,8557 Iowa Park,61629,IL,berdis8k@cloudflare.com
310,Adelind Mettricke,4604 Lyons Junction,93786,CA,amettricke8l@nih.gov
311,Laird Roullier,580 Badeau Trail,95205,CA,lroullier8m@i2i.jp
312,Alleyn Feldhammer,9364 West Center,50347,IA,afeldhammer8n@mail.ru
313,Zena Coronado,52 Lakewood Court,06912,CT,zcoronado8o@sakura.ne.jp
314,Torrin McFee,72690 3rd Court,20470,DC,tmcfee8p@jigsy.com
315,Lurline Picker,41008 Spenser Lane,10150,NY,lpicker8q@sourceforge.net
316,Monica Cressingham,8 Porter Drive,33134,FL,mcressingham8r@printfriendly.com
317,Gisela Winfrey,12947 Colorado Parkway,73104,OK,gwinfrey8s@microsoft.com
318,Germayne Bothen,855 Warner Terrace,78426,TX,gbothen8t@chron.com
319,Trever Skeemer,723 Susan Terrace,32304,FL,tskeemer8u@bloglines.com
320,Kendal Miskimmon,438 Sauthoff Hill,89110,NV,kmiskimmon8v@sourceforge.net
321,Barbara-anne Tonepohl,5 Paget Junction,80305,CO,btonepohl8w@ezinearticles.com
322,Avram Thew,14 Clyde Gallagher Point,70187,LA,athew8x@smugmug.com
323,Patrice Cardoe,80 Hoepker Alley,52804,IA,pcardoe8y@vkontakte.ru
324,Noemi Alvares,7141 Moose Center,70179,LA,nalvares8z@businesswire.com
325,Crin Hiner,9353 Pawling Drive,78682,TX,chiner90@vinaora.com
326,Flss Gary,48913 Dryden Trail,22212,VA,fgary91@shinystat.com
327,Nichol Breede,92 Petterle Way,91411,CA,nbreede92@ted.com
328,Brier Creswell,70166 Summit Trail,43635,OH,bcreswell93@disqus.com
329,Sergeant Hearne,39 Briar Crest Crossing,33185,FL,shearne94@scientificamerican.com
330,Britt Moncaster,39 Loftsgordon Park,94154,CA,bmoncaster95@usnews.com
331,Inglebert Brighouse,850 Bluestem Junction,70805,LA,ibrighouse96@barnesandnoble.com
332,Eimile Roller,607 Sage Circle,60697,IL,eroller97@cbslocal.com
333,Drake Hawkeridge,1235 Springview Point,24020,VA,dhawkeridge98@sakura.ne.jp
334,Cameron Devin,4 Lawn Way,20851,MD,cdevin99@furl.net
335,Magdalena Spindler,94 Clove Terrace,62776,IL,mspindler9a@ucoz.ru
336,Gerrie Yurchenko,6 Everett Junction,79934,TX,gyurchenko9b@blogger.com
337,Sterling McFadden,0654 Norway Maple Hill,93709,CA,smcfadden9c@cbsnews.com
338,Amelina Evenett,39 Forest Road,95354,CA,aevenett9d@usgs.gov
339,Stillman Neising,131 Sauthoff Circle,90840,CA,sneising9e@ovh.net
340,Ginevra Lymbourne,12729 Harbort Court,44329,OH,glymbourne9f@nba.com
341,Tamarra Bevans,1 Meadow Vale Drive,10305,NY,tbevans9g@mac.com
342,Agretha Maps,294 Pearson Pass,30340,GA,amaps9h@yale.edu
343,Keith Albutt,2 Loomis Lane,73129,OK,kalbutt9i@xinhuanet.com
344,Delmore Whittles,2 Mccormick Court,40233,KY,dwhittles9j@unc.edu
345,Arnold Mitchenson,8 Tennessee Junction,21216,MD,amitchenson9k@shutterfly.com
346,Devon Heffer,9414 Loeprich Street,87140,NM,dheffer9l@fastcompany.com
347,Bianca Ghilks,14456 Schurz Trail,67230,KS,bghilks9m@newyorker.com
348,Lana Kilmister,6 Schurz Lane,88535,TX,lkilmister9n@foxnews.com
349,Benji Sloey,1981 Badeau Alley,40510,KY,bsloey9o@paypal.com
350,Briggs Kamenar,83 Golden Leaf Center,50393,IA,bkamenar9p@addthis.com
351,Nady Votier,89 Main Park,63196,MO,nvotier9q@npr.org
352,Harriott Stetlye,142 Parkside Place,31205,GA,hstetlye9r@weather.com
353,Kalinda Stacey,515 Ridge Oak Parkway,90610,CA,kstacey9s@cam.ac.uk
354,Willyt Johannes,15 Warner Plaza,85040,AZ,wjohannes9t@icq.com
355,Kania Hanvey,1517 Stoughton Terrace,92410,CA,khanvey9u@kickstarter.com
356,Isaiah Atthow,9 Northfield Way,45228,OH,iatthow9v@istockphoto.com
357,Star Antonowicz,29 Cascade Avenue,35285,AL,santonowicz9w@cafepress.com
358,Rheta Sumnall,1 Burning Wood Court,70174,LA,rsumnall9x@discovery.com
359,Dodie Fullylove,84642 Onsgard Road,14639,NY,dfullylove9y@dagondesign.com
360,Sloan Stentiford,3496 Blackbird Hill,11215,NY,sstentiford9z@a8.net
361,Rutherford Van de Castele,682 Pond Center,46202,IN,rvana0@weebly.com
362,Torin Bandy,6 5th Hill,78265,TX,tbandya1@epa.gov
363,Eleonora Seiffert,50860 Oak Valley Junction,32255,FL,eseifferta2@constantcontact.com
364,Myrta Schettini,0220 Springview Way,30316,GA,mschettinia3@cbc.ca
365,Rudy Arkley,27 Esker Point,20226,DC,rarkleya4@ifeng.com
366,Vickie Pellman,1 Bunker Hill Road,35285,AL,vpellmana5@epa.gov
367,Adolf Tovey,8 Acker Crossing,07104,NJ,atoveya6@booking.com
368,Raina Start,3102 Jay Drive,95838,CA,rstarta7@apple.com
369,Theressa Zanotti,1203 Elmside Place,10474,NY,tzanottia8@fastcompany.com
370,Alf Umbert,91280 Springview Terrace,28205,NC,aumberta9@uiuc.edu
371,Aundrea Kinnon,0028 6th Terrace,92612,CA,akinnonaa@timesonline.co.uk
372,Herculie Rackam,684 Elka Circle,79905,TX,hrackamab@vinaora.com
373,Berty Hill,9585 Morrow Hill,10045,NY,bhillac@slate.com
374,Michele Nesbeth,30485 Hermina Court,80305,CO,mnesbethad@mysql.com
375,Jase Bernardos,25 Jackson Way,15274,PA,jbernardosae@loc.gov
376,Tova Monteath,98 Hayes Plaza,87115,NM,tmonteathaf@samsung.com
377,Berkie Mackney,58 Mccormick Park,32526,FL,bmackneyag@google.pl
378,Karlene Tweedle,811 Hintze Terrace,35242,AL,ktweedleah@pagesperso-orange.fr
379,Wes Netti,987 Kinsman Point,71208,LA,wnettiai@army.mil
380,Kennan Siehard,6445 Harper Trail,46406,IN,ksiehardaj@cam.ac.uk
381,Orton Menloe,8210 Milwaukee Place,22234,VA,omenloeak@networkadvertising.org
382,Rosamond Sammes,42985 Talmadge Park,83405,ID,rsammesal@amazon.de
383,Eustace Forsdyke,4376 Forest Dale Plaza,54305,WI,eforsdykeam@lulu.com
384,Casie Huonic,5895 Hoard Way,11499,NY,chuonican@cpanel.net
385,Ellene Ruler,1 Armistice Junction,33345,FL,erulerao@mozilla.com
386,Brnaba Stanaway,54 Sloan Way,90101,CA,bstanawayap@tripadvisor.com
387,Lulu Dempster,839 Sunnyside Point,37919,TN,ldempsteraq@yahoo.com
388,Electra Dallon,612 Carberry Plaza,36177,AL,edallonar@netscape.com
389,Carlynn Lower,65 Twin Pines Road,36689,AL,cloweras@tripod.com
390,Noach Chyuerton,97856 Pawling Plaza,95865,CA,nchyuertonat@dropbox.com
391,Ruprecht Tivers,6594 Crownhardt Place,27105,NC,rtiversau@google.pl
392,Pierette Hubbock,62 Dennis Alley,76134,TX,phubbockav@unc.edu
393,Emilee Phettiplace,9303 Twin Pines Circle,10039,NY,ephettiplaceaw@latimes.com
394,Urban Knappitt,4 Sunnyside Crossing,85743,AZ,uknappittax@geocities.jp
395,Cristie Gotts,6399 Dottie Parkway,66622,KS,cgottsay@zdnet.com
396,Vanni Zanre,41353 Northfield Center,63136,MO,vzanreaz@spiegel.de
397,Twila Larchier,07557 Larry Hill,19109,PA,tlarchierb0@deliciousdays.com
398,Lind Flea,036 Messerschmidt Terrace,49560,MI,lfleab1@wiley.com
399,Rube Hesey,403 Spaight Parkway,21281,MD,rheseyb2@chronoengine.com
400,Christina Brackstone,67 Northwestern Junction,30343,GA,cbrackstoneb3@drupal.org
401,Fin Searjeant,80 Gateway Drive,98121,WA,fsearjeantb4@xrea.com
402,Carrol Collidge,210 Shasta Park,90050,CA,ccollidgeb5@shinystat.com
403,Jobi Bolland,39 Oriole Plaza,82007,WY,jbollandb6@ezinearticles.com
404,Pavia Werrett,1 Menomonie Pass,60646,IL,pwerrettb7@hugedomains.com
405,Kacey Wickman,031 Graedel Point,16510,PA,kwickmanb8@huffingtonpost.com
406,Welch Whapham,213 Coolidge Court,68144,NE,wwhaphamb9@mac.com
407,Nickie Konertz,55985 Grasskamp Crossing,76121,TX,nkonertzba@etsy.com
408,Binny Balmadier,612 Express Road,96820,HI,bbalmadierbb@google.ca
409,Nichols Birrell,9 Scott Circle,48211,MI,nbirrellbc@irs.gov
410,Dwayne Matus,26 Anzinger Trail,89193,NV,dmatusbd@wiley.com
411,Tine Alessandone,896 North Crossing,93704,CA,talessandonebe@marriott.com
412,Sissy Hoggan,49977 Schurz Court,31205,GA,shogganbf@smugmug.com
413,Ruddie Mardell,27892 Stang Place,79989,TX,rmardellbg@arstechnica.com
414,Kiele Tesyro,100 Dryden Parkway,89125,NV,ktesyrobh@ebay.com
415,Lilli Shutte,1 Erie Alley,39404,MS,lshuttebi@last.fm
416,Jaymie Baythrop,06 Lyons Junction,75342,TX,jbaythropbj@gov.uk
417,Nichole Gerram,8871 Springview Lane,68524,NE,ngerrambk@cam.ac.uk
418,Hector Zanolli,1060 Blackbird Junction,10165,NY,hzanollibl@mapy.cz
419,Miran Jozaitis,5136 Corry Crossing,07208,NJ,mjozaitisbm@biblegateway.com
420,Josephine Pillans,6451 Lunder Trail,78682,TX,jpillansbn@purevolume.com
421,Charo Van Leeuwen,84931 Elgar Crossing,33190,FL,cvanbo@yandex.ru
422,Cheri Maylor,56 Ruskin Circle,78210,TX,cmaylorbp@tripod.com
423,Levey Hurich,3959 Twin Pines Pass,89155,NV,lhurichbq@odnoklassniki.ru
424,Alla Dunniom,702 Talisman Center,40505,KY,adunniombr@telegraph.co.uk
425,Elita Laffoley-Lane,839 Schmedeman Crossing,71161,LA,elaffoleylanebs@nyu.edu
426,Tiffie D'Almeida,8728 Longview Circle,19605,PA,tdalmeidabt@prweb.com
427,Marga Dencs,6195 Pawling Lane,35236,AL,mdencsbu@hatena.ne.jp
428,Dottie Basford,10 Nevada Road,90050,CA,dbasfordbv@desdev.cn
429,Ellsworth Toke,54594 Pierstorff Point,90510,CA,etokebw@wikimedia.org
430,Benji Gainsboro,05888 American Way,50305,IA,bgainsborobx@foxnews.com
431,Janeva Kingcote,75522 Petterle Alley,77080,TX,jkingcoteby@thetimes.co.uk
432,Godard Pressman,24 Mallard Parkway,92555,CA,gpressmanbz@github.com
433,Bethina Kendell,16264 4th Junction,97221,OR,bkendellc0@flickr.com
434,Barbara Goodanew,57183 Havey Parkway,14905,NY,bgoodanewc1@businesswire.com
435,Etti Kynman,947 Springview Hill,75605,TX,ekynmanc2@csmonitor.com
436,Allan De Miranda,738 Gateway Place,92662,CA,adec3@stanford.edu
437,Gil Van't Hoff,7492 Myrtle Lane,14233,NY,gvantc4@blinklist.com
438,Aube Harly,172 Schlimgen Court,93704,CA,aharlyc5@taobao.com
439,Benson Nimmo,6 Bellgrove Point,78405,TX,bnimmoc6@xinhuanet.com
440,Dun Jennaroy,35 Knutson Terrace,33620,FL,djennaroyc7@clickbank.net
441,Carlin Grinikhinov,4 Heffernan Road,57188,SD,cgrinikhinovc8@prlog.org
442,Bernadine Pavese,34 West Terrace,67260,KS,bpavesec9@tuttocitta.it
443,Harri Gemnett,302 Morrow Way,98506,WA,hgemnettca@biblegateway.com
444,Nikolai Dubble,4475 Dryden Center,63110,MO,ndubblecb@51.la
445,Lucho Billinge,714 Morrow Junction,93111,CA,lbillingecc@hatena.ne.jp
446,Burt Grinikhin,38419 Schurz Hill,93305,CA,bgrinikhincd@indiegogo.com
447,Seymour Laherty,69476 Myrtle Pass,64144,MO,slahertyce@mail.ru
448,Connie Sonier,5753 Schmedeman Terrace,21265,MD,csoniercf@intel.com
449,Jenda Ibbetson,1643 Drewry Avenue,34479,FL,jibbetsoncg@deliciousdays.com
450,Darwin Mac Giany,4 Linden Circle,82007,WY,dmacch@360.cn
451,Dani Palin,35884 Westridge Park,78285,TX,dpalinci@tinyurl.com
452,Verne Oubridge,7664 Elgar Crossing,35254,AL,voubridgecj@altervista.org
453,Georgine Robbins,7398 Butternut Crossing,55458,MN,grobbinsck@telegraph.co.uk
454,Aline Tuff,8416 Mayfield Lane,14614,NY,atuffcl@accuweather.com
455,Eunice Ishaki,70019 Waxwing Avenue,97306,OR,eishakicm@salon.com
456,Bertine Bothram,020 Lillian Alley,85072,AZ,bbothramcn@ox.ac.uk
457,Tammie Tetford,80 Fallview Trail,95397,CA,ttetfordco@webmd.com
458,Charlean Tinn,7 Stang Alley,19151,PA,ctinncp@omniture.com
459,Linet Chinnock,63104 Shopko Park,44710,OH,lchinnockcq@google.com.au
460,Augustina Mayler,9494 Banding Street,48604,MI,amaylercr@eepurl.com
461,Filip Traviss,648 Fieldstone Avenue,22333,VA,ftravisscs@homestead.com
462,Blinni Perche,15 Glacier Hill Circle,90055,CA,bperchect@e-recht24.de
463,Luelle Bilsford,0120 Mariners Cove Parkway,98104,WA,lbilsfordcu@github.io
464,Anthia Burras,6302 Pankratz Pass,23289,VA,aburrascv@fda.gov
465,Francesca Muldrew,6 Declaration Center,39505,MS,fmuldrewcw@dell.com
466,Cristian Burker,186 Autumn Leaf Place,66220,KS,cburkercx@auda.org.au
467,Hulda Hullin,507 Clove Place,80161,CO,hhullincy@cocolog-nifty.com
468,Moll Parham,78619 Paget Point,84125,UT,mparhamcz@ehow.com
469,Odessa Casarino,71564 Pine View Place,15255,PA,ocasarinod0@elegantthemes.com
470,Wyatt Brocks,30647 Farragut Pass,06705,CT,wbrocksd1@nsw.gov.au
471,Wendy Villar,43279 Ridgeview Terrace,93794,CA,wvillard2@ihg.com
472,Lauraine Symons,59 Hazelcrest Alley,98442,WA,lsymonsd3@geocities.com
473,Cull Atling,300 Bowman Road,11499,NY,catlingd4@unesco.org
474,Lovell Sprowle,4 Westerfield Road,83206,ID,lsprowled5@umich.edu
475,Griffin Paoloni,49 Burrows Junction,85743,AZ,gpaolonid6@usgs.gov
476,Lorie Boyse,925 Goodland Drive,06145,CT,lboysed7@imdb.com
477,Elinore Rennox,1448 Lindbergh Pass,22244,VA,erennoxd8@mapy.cz
478,Marten Yurygyn,8815 Novick Junction,21281,MD,myurygynd9@xinhuanet.com
479,Guthrie Franzotto,16 Knutson Alley,10275,NY,gfranzottoda@sfgate.com
480,Stephana Ince,91 Mifflin Court,50310,IA,sincedb@tripadvisor.com
481,Ingar Garmston,3968 Bayside Road,68531,NE,igarmstondc@360.cn
482,Tonya Moreby,941 Basil Circle,10633,NY,tmorebydd@flavors.me
483,Benn Hargey,97623 Milwaukee Road,37410,TN,bhargeyde@gmpg.org
484,Jacquette Byk,804 Autumn Leaf Lane,77040,TX,jbykdf@theatlantic.com
485,Masha Gatman,329 American Terrace,64125,MO,mgatmandg@google.com.au
486,Adolpho Dominik,638 Delaware Road,32819,FL,adominikdh@pinterest.com
487,Anna-diana Gypson,7779 Dawn Way,94712,CA,agypsondi@usda.gov
488,Barton Scawn,69 Delladonna Junction,95133,CA,bscawndj@shutterfly.com
489,Timmi Papez,6754 Badeau Court,48505,MI,tpapezdk@google.com.br
490,Mata Hazeltine,362 Sullivan Terrace,98206,WA,mhazeltinedl@blog.com
491,Alphonse Tern,1593 Monica Park,07188,NJ,aterndm@networksolutions.com
492,Nara Rignall,2 Dryden Hill,98133,WA,nrignalldn@slashdot.org
493,Dannye Baudasso,33 Nobel Park,92812,CA,dbaudassodo@sourceforge.net
494,Marcos Speechly,543 Bunting Street,55565,MN,mspeechlydp@newsvine.com
495,Vivyanne Faldo,6089 Garrison Drive,78475,TX,vfaldodq@illinois.edu
496,Reggis Antonelli,58 Homewood Point,93786,CA,rantonellidr@nps.gov
497,Dorene Priddis,667 Bartillon Lane,44130,OH,dpriddisds@apple.com
498,Quentin Piffe,0997 Lighthouse Bay Drive,72231,AR,qpiffedt@goodreads.com
499,Randi Swanwick,40 Starling Junction,22309,VA,rswanwickdu@wix.com
500,Tiphani Licence,3 Gina Circle,37914,TN,tlicencedv@ovh.net
501,Thatcher Coker,11 Steensland Point,91411,CA,tcokerdw@drupal.org
502,Cassy Purdon,7586 Hooker Hill,67215,KS,cpurdondx@jiathis.com
503,Sofie Aimer,5 Thierer Street,63131,MO,saimerdy@mtv.com
504,Cassie Kingsnod,7 Badeau Park,80995,CO,ckingsnoddz@hao123.com
505,Kim Ghiriardelli,47377 Center Place,83716,ID,kghiriardellie0@over-blog.com
506,Alard Gardner,244 Arizona Point,10165,NY,agardnere1@51.la
507,Neron Deveril,2777 Forster Junction,76598,TX,ndeverile2@buzzfeed.com
508,Dalton Chaudret,44 Spohn Road,01105,MA,dchaudrete3@usgs.gov
509,Niels Clemont,8 Helena Hill,49560,MI,nclemonte4@hostgator.com
510,Rickey Coulthard,8 Drewry Park,20010,DC,rcoultharde5@gov.uk
511,Claudelle Fisbey,954 Bluejay Center,64125,MO,cfisbeye6@nba.com
512,Annetta Balfre,421 Mesta Avenue,88563,TX,abalfree7@cmu.edu
513,Garnet Hattoe,630 Spaight Center,36134,AL,ghattoee8@twitpic.com
514,Dwain Cicculi,966 Donald Terrace,16534,PA,dcicculie9@surveymonkey.com
515,Tiffy Woollacott,989 Amoth Center,14639,NY,twoollacottea@cdc.gov
516,Hilliard Grinikhin,8759 Coleman Point,55565,MN,hgrinikhineb@seattletimes.com
517,Benny Flagg,9 Tennessee Avenue,12255,NY,bflaggec@indiegogo.com
518,Abbye Charrette,816 Bunker Hill Pass,78044,TX,acharretteed@illinois.edu
519,Brittne Blanch,91 Quincy Point,78769,TX,bblanchee@merriam-webster.com
520,Page Tremelling,78 Carey Crossing,72209,AR,ptremellingef@youtu.be
521,Murielle Cordelette,741 Grover Center,32825,FL,mcordeletteeg@example.com
522,Akim Bordessa,1207 Donald Plaza,38136,TN,abordessaeh@omniture.com
523,Solomon Braunle,3935 Transport Trail,83716,ID,sbraunleei@eventbrite.com
524,Lev Witz,9 Ilene Terrace,39505,MS,lwitzej@state.tx.us
525,Ashlie Kime,78363 Carberry Place,45296,OH,akimeek@1und1.de
526,George Kirdsch,32 Clyde Gallagher Court,75367,TX,gkirdschel@epa.gov
527,Marcos Hebborn,78 Brickson Park Hill,79905,TX,mhebbornem@friendfeed.com
528,Evin Bonnell,12 Lotheville Junction,95064,CA,ebonnellen@salon.com
529,Doralynn Earle,501 Linden Trail,33605,FL,dearleeo@netscape.com
530,Jolyn Hendrichs,63 Canary Place,45505,OH,jhendrichsep@wp.com
531,Tisha Clynman,8 Logan Junction,32964,FL,tclynmaneq@amazon.co.jp
532,Kip Greening,46578 6th Avenue,95113,CA,kgreeninger@ftc.gov
533,Cammi Kobsch,00077 Ridgeway Parkway,33196,FL,ckobsches@shutterfly.com
534,Linc Salzen,9838 Raven Way,48919,MI,lsalzenet@wikimedia.org
535,Alonso Kuhn,3678 Green Ridge Road,33330,FL,akuhneu@webeden.co.uk
536,Feodora Ribbens,2603 Ilene Park,33075,FL,fribbensev@dell.com
537,Ripley Orknay,88 Johnson Parkway,84130,UT,rorknayew@51.la
538,Vito Bratty,965 Sachtjen Court,79699,TX,vbrattyex@jimdo.com
539,Beverley Queste,419 Division Hill,92013,CA,bquesteey@boston.com
540,Kerianne Silman,0783 Armistice Way,98133,WA,ksilmanez@seesaa.net
541,Kathryne Whieldon,59924 Grasskamp Terrace,66225,KS,kwhieldonf0@purevolume.com
542,Jodi Joseland,31566 Harbort Alley,85040,AZ,jjoselandf1@huffingtonpost.com
543,Erv Cleynaert,4 Gateway Junction,36195,AL,ecleynaertf2@reuters.com
544,Robbi Vakhonin,92568 Loomis Circle,61825,IL,rvakhoninf3@mac.com
545,Roana Larimer,23 Summer Ridge Point,07544,NJ,rlarimerf4@marketwatch.com
546,Lucias Coldrick,57533 Dakota Court,33158,FL,lcoldrickf5@wordpress.org
547,Fletcher Sapena,056 Killdeer Place,23705,VA,fsapenaf6@meetup.com
548,Roderick Tree,3 Sycamore Pass,21203,MD,rtreef7@nationalgeographic.com
549,Max Plett,4 Garrison Plaza,33633,FL,mplettf8@bing.com
550,Morry Curm,4666 American Place,20078,DC,mcurmf9@google.ru
551,Gerhardine Depper,5 Florence Hill,44111,OH,gdepperfa@jigsy.com
552,Clayborn Baudacci,1 Clyde Gallagher Junction,75221,TX,cbaudaccifb@discovery.com
553,Cindi Hazeltine,2 Portage Terrace,62764,IL,chazeltinefc@goo.ne.jp
554,Anabal Worthington,8178 John Wall Junction,91411,CA,aworthingtonfd@home.pl
555,Sallyann Drewett,3 Hermina Crossing,37931,TN,sdrewettfe@theglobeandmail.com
556,Lynna Winspurr,5 Rigney Court,31704,GA,lwinspurrff@un.org
557,Ozzy Roggieri,47 Roth Street,93786,CA,oroggierifg@guardian.co.uk
558,Gianni Mallan,332 Morningstar Pass,32204,FL,gmallanfh@skype.com
559,Barnaby Storr,81154 Hoard Terrace,02458,MA,bstorrfi@freewebs.com
560,Shurlock Bafford,8132 Toban Way,27626,NC,sbaffordfj@dailymail.co.uk
561,Abbye Drust,33 Pearson Point,30356,GA,adrustfk@businessweek.com
562,Vivianne Lyles,49848 Luster Terrace,76544,TX,vlylesfl@alibaba.com
563,Keelia Colloby,9 Miller Avenue,11215,NY,kcollobyfm@rambler.ru
564,Rosalynd Jakubovsky,24016 Arkansas Pass,21239,MD,rjakubovskyfn@is.gd
565,Tonie Hanna,763 Pawling Center,36125,AL,thannafo@delicious.com
566,Michal Lindegard,72456 Clemons Park,75210,TX,mlindegardfp@mtv.com
567,Zorine Dyhouse,14 Victoria Court,06721,CT,zdyhousefq@patch.com
568,Nancy O'Cahsedy,98183 Bultman Avenue,78260,TX,nocahsedyfr@blogs.com
569,Gerda Woloschin,9 5th Way,78710,TX,gwoloschinfs@youku.com
570,Lucy Holde,2080 5th Pass,68517,NE,lholdeft@bbb.org
571,Justino Clemmen,42 Myrtle Park,99220,WA,jclemmenfu@tumblr.com
572,Marilyn Ethelstone,94 Canary Way,20051,DC,methelstonefv@com.com
573,Helena Wyllt,53130 Barnett Point,87140,NM,hwylltfw@goo.ne.jp
574,Harper Treasure,159 Mendota Point,76110,TX,htreasurefx@huffingtonpost.com
575,Case Paskell,0 International Parkway,29605,SC,cpaskellfy@google.com.hk
576,Caspar Alekhov,1370 Nobel Center,31416,GA,calekhovfz@japanpost.jp
577,Linzy Gabbetis,8 Delaware Street,20260,DC,lgabbetisg0@bloglovin.com
578,Averill Leavens,1963 Walton Way,45454,OH,aleavensg1@photobucket.com
579,Clair Abramow,93714 Eagan Drive,95128,CA,cabramowg2@ezinearticles.com
580,Sheba Manderson,90511 Eagle Crest Street,36641,AL,smandersong3@wisc.edu
581,Nana Cisneros,5216 Muir Trail,27415,NC,ncisnerosg4@msu.edu
582,Gustaf Leyden,589 Buell Alley,11044,NY,gleydeng5@over-blog.com
583,Andonis Chidlow,47 Tony Street,77010,TX,achidlowg6@fc2.com
584,Dehlia McClinton,54 Surrey Parkway,46015,IN,dmcclintong7@youku.com
585,Danita Lucia,0385 Oakridge Avenue,78703,TX,dluciag8@privacy.gov.au
586,Deina Drews,068 Veith Crossing,77050,TX,ddrewsg9@psu.edu
587,Lauree Garton,7171 Golf Parkway,30386,GA,lgartonga@hc360.com
588,Maurise Werrilow,3033 Homewood Hill,71137,LA,mwerrilowgb@phoca.cz
589,Orelie Player,49306 8th Drive,20470,DC,oplayergc@diigo.com
590,Maris Dallywater,53856 Myrtle Place,62756,IL,mdallywatergd@rakuten.co.jp
591,Shanan Blazdell,12788 Garrison Street,27615,NC,sblazdellge@mtv.com
592,Pryce Iori,69 Redwing Point,33305,FL,piorigf@europa.eu
593,Gilligan Keach,279 Eastwood Way,92160,CA,gkeachgg@rediff.com
594,Elnora Maffioni,2065 Continental Parkway,25321,WV,emaffionigh@unesco.org
595,Stacia Burnhill,878 Mesta Center,38188,TN,sburnhillgi@howstuffworks.com
596,Kayne Creane,2 Morningstar Terrace,33283,FL,kcreanegj@squarespace.com
597,Lorettalorna Allsopp,58101 Carpenter Park,20719,MD,lallsoppgk@tripod.com
598,Gladys Morstatt,714 Stang Place,20430,DC,gmorstattgl@jimdo.com
599,Gisela Woffenden,564 Eggendart Point,40280,KY,gwoffendengm@people.com.cn
600,Damian Polland,4 Farmco Road,80044,CO,dpollandgn@ox.ac.uk
601,Nat Thorlby,860 Graedel Trail,89436,NV,nthorlbygo@dyndns.org
602,Kaylil Tregaskis,80 Kropf Avenue,73034,OK,ktregaskisgp@shop-pro.jp
603,Inesita Tanfield,8 Gateway Hill,29416,SC,itanfieldgq@phoca.cz
604,Kathlin Tomblett,360 Debs Court,53705,WI,ktomblettgr@yellowbook.com
605,Justino Geraudy,07 Larry Plaza,95160,CA,jgeraudygs@meetup.com
606,Marlow Ornillos,5262 Prairieview Place,94807,CA,mornillosgt@reuters.com
607,Byron Whitehorne,444 Buena Vista Way,38197,TN,bwhitehornegu@topsy.com
608,Albina Dennidge,076 Meadow Valley Hill,22217,VA,adennidgegv@linkedin.com
609,Willi Drance,4071 Luster Parkway,80935,CO,wdrancegw@kickstarter.com
610,Eduardo Gosling,36 International Road,62723,IL,egoslinggx@indiegogo.com
611,Eran Rubertis,99305 6th Center,93786,CA,erubertisgy@parallels.com
612,Philippe Burke,7 Acker Lane,22047,VA,pburkegz@dmoz.org
613,Dew Foskin,3 Spenser Hill,45440,OH,dfoskinh0@naver.com
614,Anny Coen,77401 Claremont Drive,32255,FL,acoenh1@nhs.uk
615,Alvy Lapsley,5 Main Way,38126,TN,alapsleyh2@rakuten.co.jp
616,Ronni Denisovich,53468 Milwaukee Court,19160,PA,rdenisovichh3@chicagotribune.com
617,Jerrome Standeven,4940 Vidon Circle,75251,TX,jstandevenh4@yahoo.co.jp
618,Alvis Boosey,12054 Westerfield Road,98127,WA,abooseyh5@tiny.cc
619,Mada Poulney,48 Buhler Junction,45233,OH,mpoulneyh6@disqus.com
620,Glyn Poile,755 Holy Cross Plaza,55579,MN,gpoileh7@va.gov
621,Anna-diana Kemball,3 Lindbergh Alley,11254,NY,akemballh8@google.com.br
622,Melisent Oslar,17684 Vernon Plaza,88584,TX,moslarh9@friendfeed.com
623,Alvin Phonix,63 Ronald Regan Point,33543,FL,aphonixha@squidoo.com
624,Ulysses Branwhite,92539 Walton Drive,06120,CT,ubranwhitehb@bluehost.com
625,Kikelia Tulley,47 Stone Corner Pass,85246,AZ,ktulleyhc@state.gov
626,Sheffy Karpe,6 Anniversary Street,75210,TX,skarpehd@toplist.cz
627,Elihu Ridhole,66 Manufacturers Court,96820,HI,eridholehe@usa.gov
628,Ruth Etchell,0313 Knutson Trail,45208,OH,retchellhf@mozilla.org
629,Kingsly Zanussii,99 Sommers Way,28242,NC,kzanussiihg@sun.com
630,Westley Delle,2 Magdeline Point,66286,KS,wdellehh@smh.com.au
631,Terrill Pecey,783 Muir Plaza,78215,TX,tpeceyhi@barnesandnoble.com
632,Farrell Czajkowski,93930 Ramsey Junction,85099,AZ,fczajkowskihj@ibm.com
633,Langston Foster,68 Oak Valley Trail,66642,KS,lfosterhk@photobucket.com
634,Karlie Forkan,67 Del Mar Alley,33710,FL,kforkanhl@over-blog.com
635,Miquela Synan,48 Rusk Trail,47719,IN,msynanhm@nymag.com
636,Art Worham,76 Porter Park,40205,KY,aworhamhn@ycombinator.com
637,Alistair Aleshintsev,06 Pepper Wood Crossing,79968,TX,aaleshintsevho@pen.io
638,Nikolos Depke,7581 Summerview Pass,78426,TX,ndepkehp@buzzfeed.com
639,Rem Beumant,67 Stang Hill,55564,MN,rbeumanthq@alibaba.com
640,Camey Tregenza,7 Division Center,33906,FL,ctregenzahr@webmd.com
641,Tonya Littlefield,84444 Anniversary Junction,20210,DC,tlittlefieldhs@ifeng.com
642,Filip Frowd,42886 Green Center,55487,MN,ffrowdht@fc2.com
643,Benjamin McCorry,0 Clarendon Center,02119,MA,bmccorryhu@google.nl
644,Gallagher Randalston,0566 Pleasure Lane,80223,CO,grandalstonhv@irs.gov
645,Aidan Galer,6966 Pawling Court,23293,VA,agalerhw@cmu.edu
646,Bald L'argent,97 8th Hill,77201,TX,blargenthx@plala.or.jp
647,Peri Gimber,585 Grover Terrace,66629,KS,pgimberhy@paypal.com
648,Kendre Dronsfield,74 Sheridan Street,11024,NY,kdronsfieldhz@aol.com
649,Nathanial Siggs,5391 John Wall Trail,94121,CA,nsiggsi0@mozilla.org
650,Randy Gowdridge,063 Spaight Park,93762,CA,rgowdridgei1@angelfire.com
651,Alejandra Jesty,885 Dakota Trail,87140,NM,ajestyi2@who.int
652,Kissee Puller,2 Vernon Pass,80217,CO,kpulleri3@columbia.edu
653,Horatia Kubacki,74722 Forest Run Center,02104,MA,hkubackii4@purevolume.com
654,Melisenda Duignan,19 Talmadge Trail,35290,AL,mduignani5@independent.co.uk
655,Bobbie Rickardsson,9 Vahlen Park,44720,OH,brickardssoni6@state.tx.us
656,Loren Di Ruggero,82892 Dennis Point,07305,NJ,ldii7@yolasite.com
657,Morgan Simioli,1 Redwing Parkway,40524,KY,msimiolii8@yolasite.com
658,Lynn Stollenhof,57 Pawling Terrace,45208,OH,lstollenhofi9@chronoengine.com
659,Lexine Egger,8673 Heffernan Pass,77281,TX,leggeria@seesaa.net
660,Garrott Vaudrey,1268 Grayhawk Park,75353,TX,gvaudreyib@cloudflare.com
661,Marylou Henderson,97613 Rigney Place,30096,GA,mhendersonic@census.gov
662,Walton Pottiphar,8 Judy Avenue,21705,MD,wpottipharid@biblegateway.com
663,Walton Vorley,63886 Lerdahl Parkway,33737,FL,wvorleyie@squidoo.com
664,Griswold Yuryichev,8 Westport Crossing,33034,FL,gyuryichevif@wiley.com
665,Sidney Gaddesby,760 Montana Point,11225,NY,sgaddesbyig@cdc.gov
666,Kalle Panchen,8980 Morning Terrace,77276,TX,kpanchenih@ameblo.jp
667,Lonnard Brabbins,4 Killdeer Drive,94064,CA,lbrabbinsii@cbc.ca
668,Dorice Glasheen,02320 Red Cloud Park,92160,CA,dglasheenij@abc.net.au
669,Janelle McLise,6630 Thackeray Pass,10120,NY,jmcliseik@shop-pro.jp
670,Sibel Dore,29 Lakewood Gardens Street,78783,TX,sdoreil@alexa.com
671,Karia Enders,8042 Monterey Drive,33169,FL,kendersim@amazon.co.jp
672,Lucine Purviss,11 Dovetail Alley,63169,MO,lpurvissin@accuweather.com
673,Celinka Puckett,42 Spenser Pass,91210,CA,cpuckettio@netscape.com
674,Correna Berntsson,4 Granby Pass,46867,IN,cberntssonip@yale.edu
675,Marquita Grishelyov,622 Sauthoff Plaza,98127,WA,mgrishelyoviq@narod.ru
676,Lancelot Chorley,26454 Doe Crossing Trail,02119,MA,lchorleyir@sbwire.com
677,Vania Shelsher,769 Texas Avenue,78721,TX,vshelsheris@gov.uk
678,Mattias McCrainor,6 Redwing Way,60158,IL,mmccrainorit@barnesandnoble.com
679,Ileana Pepperd,7215 4th Junction,91186,CA,ipepperdiu@netscape.com
680,Kip Tulk,380 Columbus Lane,34205,FL,ktulkiv@guardian.co.uk
681,Livvyy McRinn,2615 Mccormick Center,80249,CO,lmcrinniw@phoca.cz
682,Cynthie Pierrepoint,52737 Rowland Circle,70124,LA,cpierrepointix@princeton.edu
683,Blondelle Mollindinia,9696 Burning Wood Drive,92612,CA,bmollindiniaiy@tamu.edu
684,Fulton Dreamer,4 Redwing Pass,89595,NV,fdreameriz@abc.net.au
685,Persis Collabine,42948 Sauthoff Avenue,90060,CA,pcollabinej0@t.co
686,Annora Pinkstone,928 Summit Street,15261,PA,apinkstonej1@diigo.com
687,Louise Estabrook,775 Service Street,50315,IA,lestabrookj2@hubpages.com
688,Moina Kaines,469 Mariners Cove Park,78265,TX,mkainesj3@people.com.cn
689,Curr Tenniswood,005 Elka Center,92505,CA,ctenniswoodj4@moonfruit.com
690,Bordy Pain,8 Menomonie Trail,79968,TX,bpainj5@usa.gov
691,Lela de Merida,7 Pennsylvania Street,79605,TX,ldej6@eepurl.com
692,Gavan Claypool,40 Lake View Way,75062,TX,gclaypoolj7@mapy.cz
693,Meredithe Roll,6900 Merrick Trail,30022,GA,mrollj8@zimbio.com
694,Mitch Obington,3521 Schurz Drive,01654,MA,mobingtonj9@spiegel.de
695,Yancy Kleinhandler,475 Graceland Street,44177,OH,ykleinhandlerja@newyorker.com
696,Kandy Munday,1411 Hazelcrest Center,06160,CT,kmundayjb@yelp.com
697,Cordie Wallworth,9572 Debra Terrace,08695,NJ,cwallworthjc@baidu.com
698,Chicky Hobell,1095 Westport Hill,33961,FL,chobelljd@mozilla.org
699,Polly Oscroft,93536 Shopko Terrace,55172,MN,poscroftje@g.co
700,Cristobal Voce,164 Atwood Hill,71130,LA,cvocejf@bizjournals.com
701,Aristotle Cristoforo,315 Mayfield Trail,92812,CA,acristoforojg@chicagotribune.com
702,Wells Cottrill,60 Milwaukee Parkway,85219,AZ,wcottrilljh@yahoo.com
703,Bonnee Heyburn,55 Lerdahl Point,33462,FL,bheyburnji@statcounter.com
704,Ricardo McNabb,79183 Homewood Way,89135,NV,rmcnabbjj@squarespace.com
705,Izaak Fulmen,1740 Corry Pass,77010,TX,ifulmenjk@sina.com.cn
706,Shae Sinclaire,1436 Forest Dale Center,77245,TX,ssinclairejl@soundcloud.com
707,Eduardo Peppin,866 Lawn Street,46015,IN,epeppinjm@dailymail.co.uk
708,Herc Jurca,82698 Crest Line Pass,10170,NY,hjurcajn@mit.edu
709,Sidonnie Marmyon,23 Truax Drive,44310,OH,smarmyonjo@example.com
710,Sauncho Tomisch,3748 Merrick Hill,33129,FL,stomischjp@mysql.com
711,Gerty Schiersch,79020 Scott Pass,43240,OH,gschierschjq@nsw.gov.au
712,Galven Lackemann,043 Monterey Road,30323,GA,glackemannjr@un.org
713,Velma Normanvill,8817 John Wall Circle,98464,WA,vnormanvilljs@ezinearticles.com
714,Annalise Duffil,52778 Orin Place,14614,NY,aduffiljt@indiatimes.com
715,Patrizio Saban,1163 Monterey Avenue,94147,CA,psabanju@drupal.org
716,Joleen Sproule,841 Eastlawn Plaza,60604,IL,jsproulejv@deliciousdays.com
717,Benni Karlsson,55 Warner Street,21282,MD,bkarlssonjw@behance.net
718,Peggie Gormally,77181 Pennsylvania Circle,65218,MO,pgormallyjx@geocities.jp
719,Kriste Grove,14 Rusk Point,78278,TX,kgrovejy@seesaa.net
720,Clarisse Guillotin,7 Fieldstone Junction,44197,OH,cguillotinjz@irs.gov
721,Starr Jayne,96514 Reindahl Way,50369,IA,sjaynek0@jugem.jp
722,Elna Thornbarrow,1096 Maple Plaza,61635,IL,ethornbarrowk1@china.com.cn
723,Felix Cornish,7 Lillian Road,95833,CA,fcornishk2@wunderground.com
724,Langston Addlestone,91 Commercial Avenue,23225,VA,laddlestonek3@china.com.cn
725,Avrit Morrallee,572 Dawn Junction,48901,MI,amorralleek4@scientificamerican.com
726,Gwynne Argent,40700 Spohn Crossing,71307,LA,gargentk5@github.com
727,Afton Venton,37297 Nelson Parkway,33811,FL,aventonk6@free.fr
728,Yancey Snewin,6502 Springs Parkway,99790,AK,ysnewink7@aboutads.info
729,Patton Heynel,0 4th Alley,07208,NJ,pheynelk8@altervista.org
730,Sal Stiles,697 Green Ridge Center,11247,NY,sstilesk9@china.com.cn
731,Susan Meenehan,6 Debra Lane,49505,MI,smeenehanka@nymag.com
732,Maddie Prestland,5751 Browning Place,28230,NC,mprestlandkb@marriott.com
733,Ody Comberbach,22347 Sheridan Point,60078,IL,ocomberbachkc@delicious.com
734,Wain Dodson,32602 Warrior Alley,90847,CA,wdodsonkd@fc2.com
735,Salomone Loffel,08 Troy Crossing,38161,TN,sloffelke@imdb.com
736,Regina Roe,04911 Brickson Park Parkway,45238,OH,rroekf@cisco.com
737,Mortie Kidstoun,9 Grover Junction,70124,LA,mkidstounkg@ed.gov
738,Sonnie Phipson,633 Mallard Pass,10260,NY,sphipsonkh@alibaba.com
739,Aldin Presman,6118 Westerfield Plaza,88574,TX,apresmanki@qq.com
740,Vlad Skippings,499 Kedzie Point,66210,KS,vskippingskj@indiatimes.com
741,Rickie McGillreich,87 Forest Dale Park,89550,NV,rmcgillreichkk@nyu.edu
742,Marlee Bennis,796 Prairie Rose Street,95138,CA,mbenniskl@craigslist.org
743,Karyn Gasking,94860 Carioca Pass,32627,FL,kgaskingkm@mayoclinic.com
744,Eugenia Finkle,618 Kropf Way,15274,PA,efinklekn@soundcloud.com
745,Elissa Gallant,38691 Bartelt Center,92555,CA,egallantko@mac.com
746,Ellette Balnaves,85751 Bultman Lane,34949,FL,ebalnaveskp@columbia.edu
747,Vaughn Danilenko,4 Myrtle Place,55590,MN,vdanilenkokq@blog.com
748,Idaline Stammer,27 Gateway Plaza,27621,NC,istammerkr@cyberchimps.com
749,Toma Finkle,94 Sunbrook Crossing,30306,GA,tfinkleks@dell.com
750,Sile Kemery,54 Buell Road,48604,MI,skemerykt@mediafire.com
751,Pincus Sleigh,300 Dunning Lane,98481,WA,psleighku@alibaba.com
752,Joletta Really,6 Debs Lane,13210,NY,jreallykv@technorati.com
753,Olenolin Seery,63008 Talisman Park,30340,GA,oseerykw@vimeo.com
754,Grissel Panchin,91715 Spaight Court,95298,CA,gpanchinkx@cornell.edu
755,Willy Broxap,9 Old Gate Pass,77025,TX,wbroxapky@reference.com
756,Dex Claybourn,7270 Mariners Cove Street,88574,TX,dclaybournkz@nifty.com
757,Skippie Willgrass,6 Reinke Way,75379,TX,swillgrassl0@bbb.org
758,Leroy Pigne,60 Vera Place,02305,MA,lpignel1@elpais.com
759,Dee Courtese,2724 Green Ridge Road,10160,NY,dcourtesel2@adobe.com
760,Nada Benoey,282 Arrowood Pass,91186,CA,nbenoeyl3@g.co
761,Yasmin Clulee,2590 Jackson Park,89160,NV,ycluleel4@unc.edu
762,Julina Hartright,474 Beilfuss Center,76110,TX,jhartrightl5@de.vu
763,Sheena Barnewall,804 Blaine Center,24515,VA,sbarnewalll6@yahoo.com
764,Augustin Kloser,26284 Warner Lane,92137,CA,akloserl7@constantcontact.com
765,Denna Lidington,7464 Upham Way,92822,CA,dlidingtonl8@aol.com
766,Matteo Simmers,17518 Shopko Hill,84605,UT,msimmersl9@google.co.jp
767,Harlen Darrigone,9686 Rieder Crossing,92662,CA,hdarrigonela@patch.com
768,Zahara Brotherwood,2 Moulton Avenue,67210,KS,zbrotherwoodlb@nifty.com
769,Frasco Dumini,3 Haas Parkway,54305,WI,fduminilc@dot.gov
770,Matty Duran,21304 Cody Trail,10029,NY,mduranld@liveinternet.ru
771,Brear Bromfield,5 Hauk Place,27455,NC,bbromfieldle@pinterest.com
772,Arnaldo Heims,84620 Tony Alley,85083,AZ,aheimslf@imgur.com
773,Tull Adkin,3 Toban Street,80940,CO,tadkinlg@instagram.com
774,Buck Saffran,1 Farwell Circle,95219,CA,bsaffranlh@a8.net
775,Julissa Baltrushaitis,7 Green Ridge Terrace,46805,IN,jbaltrushaitisli@gnu.org
776,Micky Ronci,3410 Novick Junction,04109,ME,mroncilj@oaic.gov.au
777,Torrin MacKill,4 Jenna Court,47306,IN,tmackilllk@intel.com
778,Korry Abbatini,08280 Sage Street,07188,NJ,kabbatinill@china.com.cn
779,Windy O'Currigan,8 Crownhardt Court,66667,KS,wocurriganlm@pen.io
780,Tanhya Tumbelty,2 Maryland Drive,84115,UT,ttumbeltyln@bing.com
781,Avrom Trevithick,9 Service Street,20260,DC,atrevithicklo@g.co
782,Tymothy Dobeson,8883 Mesta Place,11215,NY,tdobesonlp@opensource.org
783,Todd Sinderland,86160 Bultman Plaza,33330,FL,tsinderlandlq@amazonaws.com
784,Ula Wyd,66971 Hanson Court,79994,TX,uwydlr@dyndns.org
785,Lem O'Moylane,4056 David Parkway,75226,TX,lomoylanels@cdbaby.com
786,Nelly Pidcock,632 Rigney Plaza,93762,CA,npidcocklt@themeforest.net
787,Kayla Pughsley,7 Dawn Circle,38197,TN,kpughsleylu@weebly.com
788,Sabra Kingsman,3812 Melby Street,91109,CA,skingsmanlv@constantcontact.com
789,Norina Matignon,04230 Farwell Place,10454,NY,nmatignonlw@samsung.com
790,Tersina Duthie,81799 Marcy Crossing,71130,LA,tduthielx@t.co
791,Berny Langhorn,521 Manley Alley,73190,OK,blanghornly@army.mil
792,Thain Lowrie,8 Dunning Avenue,29625,SC,tlowrielz@scribd.com
793,Jeno Beverley,098 Pleasure Crossing,38161,TN,jbeverleym0@wiley.com
794,Zach Dancy,5 Loeprich Court,84145,UT,zdancym1@aol.com
795,Marci Oldland,992 Portage Crossing,71166,LA,moldlandm2@ft.com
796,Cozmo MacDermand,55297 Superior Hill,99260,WA,cmacdermandm3@yale.edu
797,Ave Cranstoun,9134 Heffernan Trail,34238,FL,acranstounm4@i2i.jp
798,Joyan Grabeham,359 Lakewood Gardens Trail,84093,UT,jgrabehamm5@ask.com
799,Sibel Maltster,89 Northridge Crossing,44505,OH,smaltsterm6@unicef.org
800,Shelley McMillan,0 Mifflin Park,25321,WV,smcmillanm7@alexa.com
801,Elysia Diament,939 Elgar Point,55417,MN,ediamentm8@icio.us
802,Carla Cockrill,5807 Ilene Court,14205,NY,ccockrillm9@fda.gov
803,Dean Palfrie,29278 Rusk Way,70149,LA,dpalfriema@github.com
804,Jordana Pomfrey,0640 Bunker Hill Pass,46614,IN,jpomfreymb@ox.ac.uk
805,Killy Hatfull,615 Loeprich Avenue,29424,SC,khatfullmc@dagondesign.com
806,Leonard Bernardez,31442 Dunning Pass,94280,CA,lbernardezmd@ihg.com
807,Fabio Waller-Bridge,4 Burning Wood Park,45020,OH,fwallerbridgeme@sogou.com
808,Troy Ivimey,68589 West Point,12222,NY,tivimeymf@ehow.com
809,Celestine Elce,19492 Onsgard Trail,23289,VA,celcemg@wikia.com
810,Luis Gurnay,8 Spenser Crossing,50936,IA,lgurnaymh@huffingtonpost.com
811,Mendie Heinrici,17799 Meadow Vale Junction,95838,CA,mheinricimi@google.com.au
812,Fabiano Chick,24 Troy Road,35895,AL,fchickmj@dot.gov
813,Quinn FitzGeorge,9 5th Hill,92424,CA,qfitzgeorgemk@w3.org
814,Emyle Jephson,923 Westerfield Plaza,89178,NV,ejephsonml@youtube.com
815,Franz Calderon,0451 Amoth Alley,36119,AL,fcalderonmm@domainmarket.com
816,Beatrisa Faux,4340 Chinook Place,24040,VA,bfauxmn@ox.ac.uk
817,Trish Hansemann,76188 Northridge Road,40250,KY,thansemannmo@miitbeian.gov.cn
818,Vilma Gendricke,88 Autumn Leaf Alley,85255,AZ,vgendrickemp@merriam-webster.com
819,Stephan Pitrollo,7 Bayside Hill,38119,TN,spitrollomq@fotki.com
820,Daisie Kadar,427 Sullivan Way,36109,AL,dkadarmr@geocities.com
821,Milicent Band,21567 Ilene Point,28235,NC,mbandms@ftc.gov
822,Ardella Decruse,21143 Jenifer Circle,55436,MN,adecrusemt@geocities.jp
823,Tamara Mitchenson,135 Leroy Circle,40233,KY,tmitchensonmu@shop-pro.jp
824,Sander Massy,67 Buena Vista Hill,62718,IL,smassymv@seesaa.net
825,Reed Coey,2 Reindahl Pass,90005,CA,rcoeymw@friendfeed.com
826,Dan Lemmen,477 Northridge Park,60669,IL,dlemmenmx@businessweek.com
827,Keir Lavalle,7326 Moose Junction,84145,UT,klavallemy@eepurl.com
828,Odelle Haydney,58786 Graedel Trail,94207,CA,ohaydneymz@arstechnica.com
829,Bruce Loney,51 Garrison Street,85072,AZ,bloneyn0@mayoclinic.com
830,Lynnea Piotrowski,74 Dwight Road,32819,FL,lpiotrowskin1@live.com
831,Jilleen Albany,4 Kenwood Alley,77055,TX,jalbanyn2@canalblog.com
832,Rafa Volke,512 Roxbury Pass,11225,NY,rvolken3@cnn.com
833,Gwyn Ismirnioglou,632 Swallow Crossing,92013,CA,gismirniogloun4@1688.com
834,Libbi Antonich,76806 American Ash Park,45490,OH,lantonichn5@rakuten.co.jp
835,Tannie Lynthal,911 Sunnyside Park,33884,FL,tlynthaln6@wiley.com
836,Pearline Deddum,7 Service Road,12305,NY,pdeddumn7@cdbaby.com
837,Ashlee Coen,51 Brentwood Center,64149,MO,acoenn8@over-blog.com
838,Isabelle Spary,4125 Mallard Crossing,20404,DC,isparyn9@prnewswire.com
839,Tina Bartosik,08 Anhalt Place,96835,HI,tbartosikna@friendfeed.com
840,Pablo Harring,62938 Harbort Trail,50330,IA,pharringnb@oaic.gov.au
841,Rosanne Hospital,7 Center Lane,92153,CA,rhospitalnc@eepurl.com
842,Sela Rushbrook,9619 Buena Vista Park,98127,WA,srushbrooknd@histats.com
843,Park Dennick,956 Riverside Drive,94064,CA,pdennickne@umn.edu
844,Doe Batchelour,793 Kingsford Trail,92176,CA,dbatchelournf@alibaba.com
845,Reidar Letchmore,63325 Vernon Center,78715,TX,rletchmoreng@simplemachines.org
846,Ardeen Verlinden,2913 Division Way,44191,OH,averlindennh@hao123.com
847,Lindon Copelli,32124 Namekagon Way,23220,VA,lcopellini@imdb.com
848,Ruthy Tomkies,6733 Katie Street,78764,TX,rtomkiesnj@examiner.com
849,Brant Cowperthwaite,431 Mockingbird Place,91505,CA,bcowperthwaitenk@smugmug.com
850,Baron Jermey,9689 Mesta Center,94273,CA,bjermeynl@liveinternet.ru
851,Nona Dalloway,3721 Helena Point,64149,MO,ndallowaynm@washington.edu
852,Nan Burris,4 Continental Circle,53215,WI,nburrisnn@gov.uk
853,Dolly Malins,1845 Anniversary Circle,73104,OK,dmalinsno@fastcompany.com
854,Trude Redley,33 Rowland Way,75205,TX,tredleynp@google.com.hk
855,Vina Wilshin,274 Crescent Oaks Court,44315,OH,vwilshinnq@si.edu
856,Ursa Jerman,693 Pierstorff Lane,37914,TN,ujermannr@ucla.edu
857,Rudolfo Fesby,77804 Kenwood Hill,13251,NY,rfesbyns@behance.net
858,Letizia Seadon,5 Browning Plaza,59771,MT,lseadonnt@latimes.com
859,Marys Conyard,921 Anderson Circle,55585,MN,mconyardnu@huffingtonpost.com
860,Marlene Miko,11 Basil Parkway,02119,MA,mmikonv@myspace.com
861,Estrellita Krikorian,40948 Schiller Point,48224,MI,ekrikoriannw@free.fr
862,Elene Elintune,13 Waywood Lane,17605,PA,eelintunenx@cpanel.net
863,Silvain Point,18831 3rd Crossing,77260,TX,spointny@prnewswire.com
864,Philipa Tourner,692 Lillian Point,93106,CA,ptournernz@dedecms.com
865,Aluino Routhorn,17 Menomonie Park,14614,NY,arouthorno0@technorati.com
866,Noak Winsper,3 Manitowish Street,91913,CA,nwinspero1@live.com
867,Frannie Pantling,27 Canary Center,91406,CA,fpantlingo2@epa.gov
868,Rosalinde Andreini,9 Almo Place,22205,VA,randreinio3@spotify.com
869,Molli Fawcitt,7 Redwing Road,77025,TX,mfawcitto4@discuz.net
870,Amandy Huckle,57 Thackeray Way,01905,MA,ahuckleo5@sakura.ne.jp
871,Ema Cabotto,8712 Monument Lane,24024,VA,ecabottoo6@tripod.com
872,Wrennie Levison,487 Eastlawn Street,33705,FL,wlevisono7@naver.com
873,Hobie Ragbourn,5 Packers Road,54313,WI,hragbourno8@tumblr.com
874,Row Venable,0 Gale Plaza,27415,NC,rvenableo9@t.co
875,Ellis Normanell,318 Mosinee Court,92105,CA,enormanelloa@twitter.com
876,Lyndy Dinnis,1 Cardinal Road,63126,MO,ldinnisob@liveinternet.ru
877,Joey Durnall,26397 Westridge Place,47812,IN,jdurnalloc@gov.uk
878,Jordan de Broke,5171 Old Shore Center,73124,OK,jdeod@dropbox.com
879,Howey Livezley,13623 Summit Park,58106,ND,hlivezleyoe@sphinn.com
880,Carl Steenson,20 Pennsylvania Park,07544,NJ,csteensonof@ca.gov
881,Patsy Maslen,301 Shelley Drive,77293,TX,pmaslenog@canalblog.com
882,Johanna Hallock,6 Dorton Place,32835,FL,jhallockoh@npr.org
883,Glynn Krook,7890 Stang Crossing,58505,ND,gkrookoi@wordpress.org
884,Lavena Minchi,371 Coleman Point,43210,OH,lminchioj@mapy.cz
885,Gilda Tunnow,65 Starling Park,31132,GA,gtunnowok@squidoo.com
886,Pippa Rodda,4163 Green Parkway,68110,NE,proddaol@aboutads.info
887,Gertruda Stiffell,57 Nova Crossing,35231,AL,gstiffellom@flavors.me
888,Barbra Agge,07254 Carioca Alley,28272,NC,baggeon@sakura.ne.jp
889,Lance Docker,5 Oak Valley Terrace,14205,NY,ldockeroo@state.gov
890,Fleur Begin,928 Shopko Terrace,94142,CA,fbeginop@booking.com
891,Gunner Childe,458 Kedzie Terrace,33305,FL,gchildeoq@patch.com
892,Diarmid Benes,95 Cambridge Place,65810,MO,dbenesor@51.la
893,Carter Mulholland,9 Cordelia Way,23293,VA,cmulhollandos@yahoo.co.jp
894,Ruy Marsay,6451 Rockefeller Avenue,34238,FL,rmarsayot@feedburner.com
895,Ulick Blasius,6159 Old Gate Street,25356,WV,ublasiusou@github.io
896,Aarika Stearley,2900 Corben Alley,36641,AL,astearleyov@patch.com
897,Gaylene Gabotti,27 Melvin Point,44177,OH,ggabottiow@cocolog-nifty.com
898,Erin Bugs,20 Badeau Court,80905,CO,ebugsox@nasa.gov
899,Camellia Larderot,6081 Green Hill,75265,TX,clarderotoy@addthis.com
900,Gerrie Prestage,414 Steensland Parkway,60681,IL,gprestageoz@imdb.com
901,Maudie Posnette,7500 Briar Crest Lane,15279,PA,mposnettep0@amazonaws.com
902,Bradly Waye,61322 La Follette Avenue,20167,VA,bwayep1@cbc.ca
903,Sybila Kuzma,38430 Namekagon Center,92191,CA,skuzmap2@sbwire.com
904,Sibyl Gard,53151 Hintze Street,33661,FL,sgardp3@salon.com
905,Haven Battleson,40676 Fair Oaks Place,27110,NC,hbattlesonp4@wordpress.com
906,Yul Petrushkevich,97383 Sloan Trail,14225,NY,ypetrushkevichp5@mashable.com
907,Yetty Steffan,1865 Eliot Avenue,19058,PA,ysteffanp6@wix.com
908,Ree Avard,9102 Duke Road,00214,NH,ravardp7@elpais.com
909,Ave Bovey,13 Mitchell Park,87190,NM,aboveyp8@yellowpages.com
910,Marcia Kibbye,3778 Briar Crest Park,99599,AK,mkibbyep9@home.pl
911,Maegan Rowden,1977 Armistice Road,25362,WV,mrowdenpa@homestead.com
912,Bink Eringey,55 Vernon Terrace,84409,UT,beringeypb@lycos.com
913,Axel Agerskow,273 Dunning Lane,27658,NC,aagerskowpc@blogtalkradio.com
914,Sauveur Jennings,210 Pawling Pass,62525,IL,sjenningspd@xrea.com
915,Grenville Curtois,76670 Annamark Terrace,33153,FL,gcurtoispe@arstechnica.com
916,Prisca Regelous,4 Lillian Point,46862,IN,pregelouspf@usgs.gov
917,Zackariah Toffoloni,4172 Kinsman Point,02283,MA,ztoffolonipg@answers.com
918,Ruperta Jenoure,58708 Maywood Plaza,22070,VA,rjenoureph@prlog.org
919,Wesley Allday,091 Hanson Circle,40256,KY,walldaypi@nature.com
920,Teddy Aikenhead,1 Mitchell Parkway,60691,IL,taikenheadpj@cocolog-nifty.com
921,Gertrude Nolot,005 Browning Parkway,48505,MI,gnolotpk@bandcamp.com
922,Rubie Baggallay,740 Stuart Terrace,33180,FL,rbaggallaypl@zimbio.com
923,Jacquetta Latter,7910 Sullivan Crossing,24014,VA,jlatterpm@army.mil
924,Rosalyn Paddemore,15 Maple Street,92105,CA,rpaddemorepn@un.org
925,Chandra Wescott,4 Tennyson Hill,19125,PA,cwescottpo@booking.com
926,Parker Shelmerdine,25425 Blue Bill Park Street,10305,NY,pshelmerdinepp@sun.com
927,Darcie Snook,2843 Heffernan Center,36125,AL,dsnookpq@elpais.com
928,Teddi Kidgell,55 Bellgrove Place,02208,MA,tkidgellpr@prlog.org
929,Giorgi Diego,93652 Hallows Circle,10034,NY,gdiegops@dagondesign.com
930,Kelcie Westfalen,073 Cody Crossing,76129,TX,kwestfalenpt@goodreads.com
931,Claiborne Buchett,8183 Birchwood Lane,32610,FL,cbuchettpu@sun.com
932,Gard Whereat,04456 Arrowood Crossing,74184,OK,gwhereatpv@printfriendly.com
933,Ignaz Standrin,244 Crowley Lane,06721,CT,istandrinpw@dailymail.co.uk
934,Christi Millier,11604 Independence Pass,67205,KS,cmillierpx@blogtalkradio.com
935,Anny Biagi,56773 Red Cloud Park,12210,NY,abiagipy@ucoz.com
936,Eddie Schouthede,891 Menomonie Circle,29424,SC,eschouthedepz@spiegel.de
937,Auberon Coch,979 Susan Road,40205,KY,acochq0@tumblr.com
938,Alexio Attoe,0 Amoth Alley,23285,VA,aattoeq1@dyndns.org
939,Harli Roseburgh,92 Pankratz Lane,75265,TX,hroseburghq2@blogs.com
940,Randene Butler,29818 Scott Street,20205,DC,rbutlerq3@cdc.gov
941,Carma Jeffcoate,439 Stoughton Drive,75358,TX,cjeffcoateq4@mashable.com
942,Tania Peddel,7993 Old Gate Place,25716,WV,tpeddelq5@diigo.com
943,Caryl Coldrick,434 Novick Court,33069,FL,ccoldrickq6@china.com.cn
944,Leopold Stoker,9 Garrison Place,24004,VA,lstokerq7@apple.com
945,Krista Blaxton,33 Union Junction,39216,MS,kblaxtonq8@sogou.com
946,Wynn MacAvddy,51 Coleman Park,40215,KY,wmacavddyq9@illinois.edu
947,Zacharie Sea,26685 Browning Place,21281,MD,zseaqa@state.gov
948,Allin Kharchinski,14940 Anderson Plaza,19714,DE,akharchinskiqb@ucla.edu
949,Lilla Moreing,930 Marcy Circle,77245,TX,lmoreingqc@typepad.com
950,Cornela Langwade,78 Prentice Circle,36605,AL,clangwadeqd@adobe.com
951,Melanie Bogace,97 Spaight Terrace,23705,VA,mbogaceqe@flavors.me
952,Abraham Dufaur,237 Kipling Plaza,24014,VA,adufaurqf@uiuc.edu
953,Bern Daniau,6 Portage Lane,30610,GA,bdaniauqg@joomla.org
954,Gale Mountstephen,3681 Ryan Crossing,80235,CO,gmountstephenqh@goo.gl
955,Jaime Wombwell,4 Holmberg Drive,33633,FL,jwombwellqi@google.com.hk
956,Kalie Simpson,63 Troy Drive,74193,OK,ksimpsonqj@google.pl
957,Winnie Willas,689 Pleasure Drive,01114,MA,wwillasqk@cocolog-nifty.com
958,Hazel Fell,20 Kennedy Lane,75241,TX,hfellql@techcrunch.com
959,Sapphire Hurler,5750 Messerschmidt Alley,11054,NY,shurlerqm@smh.com.au
960,Andriette Manoch,06231 Westport Plaza,44705,OH,amanochqn@sciencedaily.com
961,Mariejeanne Shone,3 Sutherland Point,93704,CA,mshoneqo@gravatar.com
962,Cesya Polini,403 Bunker Hill Center,79994,TX,cpoliniqp@dagondesign.com
963,Nessa Crosen,4477 Hanson Pass,39204,MS,ncrosenqq@topsy.com
964,Huntlee Brodbin,8151 Shoshone Lane,45296,OH,hbrodbinqr@google.it
965,Karen Astle,1856 Shasta Plaza,37995,TN,kastleqs@imageshack.us
966,Giovanni Ennew,2916 Crescent Oaks Parkway,63180,MO,gennewqt@edublogs.org
967,Kippy Brymner,69 Jana Road,75323,TX,kbrymnerqu@marketwatch.com
968,Leonhard Loughney,896 Hintze Circle,75799,TX,lloughneyqv@cam.ac.uk
969,Ariadne Cakebread,3113 Old Shore Circle,88546,TX,acakebreadqw@bing.com
970,Borden Daines,07 Sauthoff Alley,59112,MT,bdainesqx@foxnews.com
971,Shelby Peery,664 Fordem Junction,80925,CO,speeryqy@elpais.com
972,Raimundo Skerrett,3 Beilfuss Court,99512,AK,rskerrettqz@mashable.com
973,Mord Cornell,330 Aberg Junction,75372,TX,mcornellr0@over-blog.com
974,Berkley Dearsley,3218 Golf Junction,40298,KY,bdearsleyr1@wunderground.com
975,Anstice Elijah,36 Prentice Road,77346,TX,aelijahr2@instagram.com
976,Reuven Tongue,5 Rowland Point,66205,KS,rtonguer3@dot.gov
977,Colleen Guswell,8 Schmedeman Point,95210,CA,cguswellr4@intel.com
978,Franchot McCaskill,714 Jackson Street,87505,NM,fmccaskillr5@google.es
979,Nari Sheekey,0 Vermont Road,84115,UT,nsheekeyr6@amazon.de
980,Trevor Cumberledge,57 Lukken Plaza,08638,NJ,tcumberledger7@vkontakte.ru
981,Eziechiele Amott,52 Pleasure Crossing,20409,DC,eamottr8@1und1.de
982,Vladamir O'Moylan,3 Tennessee Lane,96820,HI,vomoylanr9@sourceforge.net
983,Randi Trembley,13 Jenna Lane,19714,DE,rtrembleyra@reverbnation.com
984,Blinny Mc-Kerley,052 Armistice Crossing,43204,OH,bmckerleyrb@feedburner.com
985,Blake Mancktelow,99161 Karstens Place,25305,WV,bmancktelowrc@virginia.edu
986,Lemar Proudlock,67 Becker Parkway,10469,NY,lproudlockrd@cmu.edu
987,Winny Teager,04021 Kennedy Place,36177,AL,wteagerre@un.org
988,Alverta Graeser,30706 Hallows Center,14609,NY,agraeserrf@skype.com
989,Hunfredo Gehrts,54 Dryden Plaza,20036,DC,hgehrtsrg@go.com
990,Elvera Gallaher,6 Pine View Center,57105,SD,egallaherrh@walmart.com
991,Cordie Tilbury,9567 Thompson Place,11447,NY,ctilburyri@scientificamerican.com
992,Padraig Whorall,09 Hanson Place,40591,KY,pwhorallrj@g.co
993,Claresta Brisse,720 Mockingbird Circle,63131,MO,cbrisserk@cloudflare.com
994,Prudence Seacroft,39 Old Shore Street,97221,OR,pseacroftrl@geocities.com
995,Lola Richarz,722 Roxbury Park,70815,LA,lricharzrm@si.edu
996,Orion Dimond,7 Ruskin Terrace,34102,FL,odimondrn@theatlantic.com
997,Brant Dyke,2 8th Way,06854,CT,bdykero@wordpress.com
998,Fara Medford,0 Sheridan Trail,44321,OH,fmedfordrp@wordpress.com
999,Franz McGooch,9 Buena Vista Center,45218,OH,fmcgoochrq@marketwatch.com
1000,Livvy Sparry,26 Service Road,80915,CO,lsparryrr@google.es
