id,name,address,zipcode,state,email
1,Rosita Dudman,4889 Bashford Avenue,52410,IA,rdudman0@comcast.net
2,Mallory Stanesby,3 Pine View Crossing,04109,ME,mstanesby1@hud.gov
3,Joane Martinez,322 Aberg Terrace,10454,NY,jmartinez2@indiegogo.com
4,Arin Pien,8 Colorado Alley,60619,IL,apien3@deliciousdays.com
5,Miles de Najera,52 Bay Center,30605,GA,mde4@java.com
6,Darline Quaintance,98 Vidon Alley,33164,FL,dquaintance5@csmonitor.com
7,Rebekkah Shalders,248 Bunting Center,53785,WI,rshalders6@forbes.com
8,Nettle Davenhill,33 Sachs Alley,40515,KY,ndavenhill7@cnbc.com
9,Edgar Skevington,0 Marquette Pass,01654,MA,eskevington8@uiuc.edu
10,Correna MacTrustam,125 Mallard Hill,77050,TX,cmactrustam9@mozilla.org
11,Rosina Bianco,6551 Ruskin Hill,51110,IA,rbiancoa@wsj.com
12,Shadow Sommers,03156 Homewood Road,85020,AZ,ssommersb@zdnet.com
13,Markos Bothams,976 Hintze Road,81015,CO,mbothamsc@parallels.com
14,Ofelia Kett,785 Almo Alley,70894,LA,okettd@mashable.com
15,Cleavland Rapps,62060 Fuller Place,56372,MN,crappse@dropbox.com
16,Nelly D'Oyley,81232 Transport Alley,80270,CO,ndoyleyf@google.cn
17,Tamar Santori,34 Armistice Circle,60609,IL,tsantorig@google.pl
18,Emlynn MacKeig,6333 Hauk Center,20575,DC,emackeigh@over-blog.com
19,Alexandro Bodocs,02 Dennis Plaza,99512,AK,abodocsi@answers.com
20,Lonnard Mattei,6 Graceland Crossing,15220,PA,lmatteij@amazonaws.com
21,Ada Cuxon,351 Sunbrook Parkway,20719,MD,acuxonk@pinterest.com
22,Lizzie Messenbird,7894 Eggendart Crossing,93907,CA,lmessenbirdl@msu.edu
23,Pavia Grob,3024 Bultman Alley,37995,TN,pgrobm@mac.com
24,Gabi Farris,31 Sauthoff Plaza,23605,VA,gfarrisn@sourceforge.net
25,Penn Isles,1298 Toban Park,21747,MD,pisleso@wunderground.com
26,Olia Batten,9660 Forest Run Drive,45020,OH,obattenp@gov.uk
27,Cordy Vooght,5 Lake View Point,87505,NM,cvooghtq@histats.com
28,Kailey Yellowlees,3192 Rutledge Alley,94257,CA,kyellowleesr@nasa.gov
29,Emmaline Ostler,87 Dapin Place,13210,NY,eostlers@twitpic.com
30,Laughton McShirie,6886 2nd Circle,94273,CA,lmcshiriet@fda.gov
31,Suzette Teligin,8 Melby Way,12205,NY,steliginu@cornell.edu
32,Ignace MacMoyer,9132 John Wall Plaza,12222,NY,imacmoyerv@csmonitor.com
33,Jefferson Pudsey,3038 Cody Plaza,33963,FL,jpudseyw@nba.com
34,Hermon Mougenel,17 Susan Street,10292,NY,hmougenelx@purevolume.com
35,Anne Ramard,77901 Ridge Oak Pass,40591,KY,aramardy@google.com
36,Ferdinande Janney,02 Red Cloud Parkway,97255,OR,fjanneyz@twitpic.com
37,Charisse Breeze,96 Eagle Crest Park,90087,CA,cbreeze10@msu.edu
38,Patton Pemble,70757 Forster Road,35805,AL,ppemble11@delicious.com
39,Durand Thynne,84624 6th Terrace,87201,NM,dthynne12@ifeng.com
40,Natalya Chittenden,8206 Randy Trail,96850,HI,nchittenden13@google.com.br
41,Agatha Dunthorne,51240 Debs Plaza,21282,MD,adunthorne14@sun.com
42,Pollyanna Dundredge,753 1st Alley,78265,TX,pdundredge15@msu.edu
43,Austin Tabourier,28 Parkside Plaza,20057,DC,atabourier16@quantcast.com
44,Benny Iskowicz,49194 Carpenter Court,76505,TX,biskowicz17@themeforest.net
45,Kirby Vanstone,4353 Bobwhite Drive,66220,KS,kvanstone18@google.cn
46,Chantalle Coldrick,26741 Gateway Way,92132,CA,ccoldrick19@typepad.com
47,Margi MacTimpany,694 Corry Court,20073,DC,mmactimpany1a@lycos.com
48,Arley Brackley,5774 Bluejay Junction,18768,PA,abrackley1b@google.com.au
49,Ernestine O'Keenan,42 Saint Paul Drive,32825,FL,eokeenan1c@is.gd
50,Hettie Howie,186 Monica Parkway,33954,FL,hhowie1d@cnet.com
51,Lorinda Haggath,137 Division Park,73071,OK,lhaggath1e@so-net.ne.jp
52,Mady Falla,20 Heath Court,95865,CA,mfalla1f@skype.com
53,Ardra Lydden,911 Anniversary Junction,98104,WA,alydden1g@census.gov
54,Dawn Purton,19116 Namekagon Trail,95354,CA,dpurton1h@scientificamerican.com
55,Tobi Margetson,77121 Browning Street,95865,CA,tmargetson1i@newsvine.com
56,Ollie Rump,97286 Roth Park,55428,MN,orump1j@eepurl.com
57,Fransisco Andraud,20 Reinke Park,19897,DE,fandraud1k@upenn.edu
58,Phyllys Beet,4 Basil Lane,87201,NM,pbeet1l@smugmug.com
59,Alisun Deville,0101 Loftsgordon Trail,35205,AL,adeville1m@spiegel.de
60,Noel Caras,516 Ludington Drive,77010,TX,ncaras1n@feedburner.com
61,Marsh Tizard,63708 Monument Place,61110,IL,mtizard1o@bandcamp.com
62,Korrie Harling,5248 Golden Leaf Alley,78405,TX,kharling1p@cdc.gov
63,Aliza Leschelle,9601 Lakewood Gardens Junction,81015,CO,aleschelle1q@vinaora.com
64,Samson Capini,34 Gale Circle,27615,NC,scapini1r@360.cn
65,Milissent Sidwick,4 Anzinger Road,34205,FL,msidwick1s@pagesperso-orange.fr
66,Dido Barde,61629 Colorado Place,46254,IN,dbarde1t@spiegel.de
67,Hewett Coslitt,9483 Gateway Crossing,12305,NY,hcoslitt1u@netlog.com
68,Antonella Barthelet,852 Prairieview Plaza,90071,CA,abarthelet1v@merriam-webster.com
69,Rancell Dust,92 Cottonwood Way,77554,TX,rdust1w@godaddy.com
70,Sharon Kilfedder,6545 Clemons Junction,33158,FL,skilfedder1x@360.cn
71,Kerby Licciardiello,4 Corry Lane,20503,DC,klicciardiello1y@tinyurl.com
72,Martelle Berger,384 Oneill Plaza,79116,TX,mberger1z@virginia.edu
73,Samara Miguel,42 Nelson Court,92519,CA,smiguel20@symantec.com
74,Maggi Scholes,0338 Calypso Parkway,85297,AZ,mscholes21@indiatimes.com
75,Vernice Peggrem,68 Tennyson Drive,28405,NC,vpeggrem22@senate.gov
76,Quentin Donnel,51 Southridge Way,14276,NY,qdonnel23@wp.com
77,Jeremias Bellows,912 Park Meadow Parkway,62525,IL,jbellows24@java.com
78,Johann Blythin,5 Evergreen Way,61640,IL,jblythin25@hexun.com
79,Reggy Josham,42164 Petterle Center,89036,NV,rjosham26@list-manage.com
80,Eddie Dunstone,39589 Hagan Hill,49018,MI,edunstone27@newsvine.com
81,Lucky Backshaw,031 Center Point,47405,IN,lbackshaw28@soundcloud.com
82,Onofredo Marden,7 Myrtle Circle,72204,AR,omarden29@illinois.edu
83,Giulia Rampley,7 Quincy Circle,59771,MT,grampley2a@skyrock.com
84,Bron Champe,73 Kropf Pass,55146,MN,bchampe2b@istockphoto.com
85,Angelika Odam,6 Main Alley,32964,FL,aodam2c@answers.com
86,Traver Craigg,138 Forest Run Parkway,01654,MA,tcraigg2d@delicious.com
87,Cornall Lammerts,322 Union Point,33336,FL,clammerts2e@chicagotribune.com
88,Beau Hartfield,32 Corscot Point,94177,CA,bhartfield2f@tinypic.com
89,Tully Redsull,140 Kenwood Parkway,10270,NY,tredsull2g@indiatimes.com
90,Jacynth Orrocks,86 Lindbergh Junction,46814,IN,jorrocks2h@dedecms.com
91,Leia Welband,541 School Pass,79605,TX,lwelband2i@redcross.org
92,Yalonda Comberbeach,533 Buell Drive,75044,TX,ycomberbeach2j@reference.com
93,Hillie Dawson,1693 Dorton Hill,85219,AZ,hdawson2k@desdev.cn
94,Waylen Houldin,302 Longview Pass,20062,DC,whouldin2l@cisco.com
95,Lavina Gedling,2819 Raven Avenue,32964,FL,lgedling2m@wordpress.org
96,Neil Wyldes,676 Kennedy Circle,60674,IL,nwyldes2n@go.com
97,Nico Pease,422 Melrose Point,92056,CA,npease2o@addtoany.com
98,Marv Bispham,55277 Mariners Cove Circle,40596,KY,mbispham2p@ted.com
99,Allene Hadlee,186 Menomonie Hill,73179,OK,ahadlee2q@google.ru
100,Lorie Tyrer,48 East Place,79415,TX,ltyrer2r@seattletimes.com
101,Alfonso Broke,926 Weeping Birch Plaza,32819,FL,abroke2s@prweb.com
102,Prentiss Birkhead,2 Westend Hill,59771,MT,pbirkhead2t@google.com.au
103,Warren Crus,321 Warbler Center,48076,MI,wcrus2u@feedburner.com
104,Kaycee Collins,5 Swallow Park,06183,CT,kcollins2v@skype.com
105,Arin Esler,34667 Columbus Center,60641,IL,aesler2w@nps.gov
106,Aurelie Radbond,0273 Union Hill,98133,WA,aradbond2x@va.gov
107,Barbra Slamaker,50 Green Circle,84120,UT,bslamaker2y@upenn.edu
108,Laraine Brundrett,5 Troy Alley,45490,OH,lbrundrett2z@baidu.com
109,Wendel Shurville,09586 Surrey Lane,95173,CA,wshurville30@deliciousdays.com
110,Osmund Rivalant,5226 Village Plaza,39305,MS,orivalant31@de.vu
111,Codie Bangle,14 Portage Alley,48275,MI,cbangle32@dell.com
112,Salli Yitshak,350 Dakota Street,22111,VA,syitshak33@digg.com
113,Rosita Capnerhurst,06 Anhalt Trail,98664,WA,rcapnerhurst34@unicef.org
114,Isa McBrearty,036 Ronald Regan Pass,64114,MO,imcbrearty35@trellian.com
115,Shaylynn Heisler,060 Crownhardt Crossing,65211,MO,sheisler36@wufoo.com
116,Guillemette Matzeitis,9 Iowa Pass,80044,CO,gmatzeitis37@gov.uk
117,Trina Perry,58 Spenser Road,33018,FL,tperry38@usda.gov
118,Jackquelin Carrack,570 Loomis Street,76162,TX,jcarrack39@jalbum.net
119,Cass Nisbith,60 Schiller Drive,08104,NJ,cnisbith3a@slideshare.net
120,Andeee Lehrahan,44821 Washington Place,14905,NY,alehrahan3b@moonfruit.com
121,Dierdre Everil,1 Onsgard Drive,94286,CA,deveril3c@mayoclinic.com
122,Gae Abrami,63885 Brickson Park Avenue,20337,DC,gabrami3d@mlb.com
123,Dedra Poyzer,0 Fairfield Center,39305,MS,dpoyzer3e@imdb.com
124,Leena Barnsley,7225 Northfield Terrace,94250,CA,lbarnsley3f@yahoo.com
125,Aldis Harrisson,6 Truax Plaza,10079,NY,aharrisson3g@moonfruit.com
126,Iver Craighill,17102 Farragut Street,92619,CA,icraighill3h@yahoo.co.jp
127,Doll Vaskov,9 Donald Crossing,33777,FL,dvaskov3i@columbia.edu
128,Budd McGillivray,83215 Division Drive,20525,DC,bmcgillivray3j@microsoft.com
129,Rhodie Helstrip,3141 Eggendart Crossing,53405,WI,rhelstrip3k@dmoz.org
130,Gunilla Dighton,03 Hanson Hill,78710,TX,gdighton3l@vistaprint.com
131,Phelia McAllester,189 Shoshone Pass,94137,CA,pmcallester3m@japanpost.jp
132,Gnni Leet,8471 Straubel Drive,02208,MA,gleet3n@wiley.com
133,Daniele Rangeley,1277 Tennyson Court,52405,IA,drangeley3o@spiegel.de
134,Hewitt Sommerlin,9313 Morningstar Hill,28299,NC,hsommerlin3p@smugmug.com
135,Truman Leaton,27 4th Junction,33023,FL,tleaton3q@mysql.com
136,Nickie Simond,5 Nobel Trail,50315,IA,nsimond3r@irs.gov
137,Sheba Bees,2634 Prairie Rose Avenue,91406,CA,sbees3s@salon.com
138,Lorrie Metcalfe,31812 Warner Parkway,32854,FL,lmetcalfe3t@webmd.com
139,Theodor Martschik,8 Bowman Point,75049,TX,tmartschik3u@goodreads.com
140,Windham Cicchelli,50 Calypso Center,28405,NC,wcicchelli3v@google.nl
141,Aube Vardey,60 Bay Terrace,02109,MA,avardey3w@baidu.com
142,Millisent Terrett,623 Green Crossing,31704,GA,mterrett3x@merriam-webster.com
143,Bethany Lorentzen,67 Westend Way,72209,AR,blorentzen3y@instagram.com
144,Lalo Standbridge,791 Pawling Park,97206,OR,lstandbridge3z@mapquest.com
145,Alano Jakobsson,516 Cascade Point,33283,FL,ajakobsson40@godaddy.com
146,Kailey Fulker,0 Sugar Alley,60663,IL,kfulker41@illinois.edu
147,Clementina Alsop,052 Thackeray Drive,50936,IA,calsop42@histats.com
148,Angus Sheryn,05 Mallard Point,77346,TX,asheryn43@xinhuanet.com
149,Rivalee Bygraves,0 International Street,06505,CT,rbygraves44@vimeo.com
150,Darlene McSaul,82687 Northwestern Road,92160,CA,dmcsaul45@narod.ru
151,Hazel Racine,0 Hallows Park,32412,FL,hracine46@omniture.com
152,Virginie Jobes,213 Fordem Avenue,77240,TX,vjobes47@last.fm
153,Gregor Pehrsson,95 Gateway Point,55573,MN,gpehrsson48@youtube.com
154,Pauly McClay,8109 Summerview Plaza,79159,TX,pmcclay49@goodreads.com
155,Cynde Crackel,902 Texas Place,94042,CA,ccrackel4a@ow.ly
156,Drusy Kiefer,1 Eliot Junction,12227,NY,dkiefer4b@furl.net
157,Bradney Duprey,345 2nd Drive,16550,PA,bduprey4c@archive.org
158,Zebulen Romaynes,5869 High Crossing Place,55565,MN,zromaynes4d@de.vu
159,Naomi Oxborrow,10 Vernon Crossing,44393,OH,noxborrow4e@tumblr.com
160,Trenton Jillett,1397 Pankratz Center,06912,CT,tjillett4f@phoca.cz
161,Bing Massingberd,0 Melvin Court,70815,LA,bmassingberd4g@google.it
162,Sibyl Robiot,44571 West Avenue,20442,DC,srobiot4h@paginegialle.it
163,Lauren Bewicke,66 Rutledge Trail,36195,AL,lbewicke4i@zdnet.com
164,Ginnifer Dilleway,17105 Di Loreto Road,50315,IA,gdilleway4j@dailymail.co.uk
165,Shelagh Haylor,541 Kedzie Street,40505,KY,shaylor4k@desdev.cn
166,Janeva Caudrey,53532 Hansons Point,78250,TX,jcaudrey4l@mediafire.com
167,Elenore Willbraham,8 Westend Circle,12237,NY,ewillbraham4m@about.com
168,Aleece Duggan,166 Merrick Plaza,35254,AL,aduggan4n@sohu.com
169,Duky Bernardoux,5470 Farwell Way,45233,OH,dbernardoux4o@ted.com
170,Harland Swatten,5 Hovde Terrace,73142,OK,hswatten4p@state.gov
171,Claresta Relton,07 Schlimgen Trail,11205,NY,crelton4q@posterous.com
172,Salomi Girdler,92849 Thackeray Alley,98042,WA,sgirdler4r@cam.ac.uk
173,Duky Harmson,26815 Sachtjen Junction,17105,PA,dharmson4s@craigslist.org
174,Kerrill Hallows,99 Del Sol Street,71914,AR,khallows4t@google.de
175,Chrotoem Redmile,4 Kingsford Alley,85010,AZ,credmile4u@i2i.jp
176,Linc Scandwright,4 Texas Drive,14225,NY,lscandwright4v@sfgate.com
177,Malvin Semorad,73160 Moulton Way,28242,NC,msemorad4w@bravesites.com
178,Karla Cawcutt,958 Harbort Trail,88535,TX,kcawcutt4x@cargocollective.com
179,Bo Ducham,5 Westerfield Drive,72231,AR,bducham4y@hexun.com
180,Tamarra Strain,1702 Blackbird Street,33355,FL,tstrain4z@rambler.ru
181,Teriann Keelin,5407 Riverside Parkway,80299,CO,tkeelin50@psu.edu
182,Carolyn Margaret,74037 Forest Run Crossing,84409,UT,cmargaret51@nbcnews.com
183,Wiatt Trebbett,0 Grim Junction,36628,AL,wtrebbett52@bandcamp.com
184,Beatrice Cockerham,62 Huxley Parkway,84135,UT,bcockerham53@slashdot.org
185,Martino Gillio,16 Crescent Oaks Terrace,10110,NY,mgillio54@shop-pro.jp
186,Dotty Poolton,20 Garrison Drive,33884,FL,dpoolton55@liveinternet.ru
187,Zorina Soldi,6 Mockingbird Street,94147,CA,zsoldi56@wordpress.com
188,Tarah Prendergrast,363 Delaware Junction,85737,AZ,tprendergrast57@pinterest.com
189,Vere Gollard,53386 Hauk Place,11431,NY,vgollard58@mediafire.com
190,Dannye Ranscomb,83278 Ruskin Plaza,39236,MS,dranscomb59@nature.com
191,Parrnell Scaice,9 Browning Pass,48550,MI,pscaice5a@reuters.com
192,Broderic Bearsmore,601 Myrtle Street,92165,CA,bbearsmore5b@cnn.com
193,Godwin Waddie,555 Mitchell Center,50936,IA,gwaddie5c@tripod.com
194,Arny Wane,28 Warbler Drive,28805,NC,awane5d@ucla.edu
195,Lesya Zuanazzi,578 Cody Center,75216,TX,lzuanazzi5e@t.co
196,Kristel De Blasiis,4 Amoth Trail,62776,IL,kde5f@gov.uk
197,Desmund Rainer,2163 Corscot Court,77276,TX,drainer5g@joomla.org
198,Jimmy Ratcliffe,4919 Vahlen Pass,27635,NC,jratcliffe5h@artisteer.com
199,Alyce Norrington,9 Summit Place,30323,GA,anorrington5i@columbia.edu
200,Alvan Pyper,681 Pond Way,40546,KY,apyper5j@moonfruit.com
201,Tod Nuscha,426 Autumn Leaf Parkway,79945,TX,tnuscha5k@quantcast.com
202,Rebeca Driscoll,0 Surrey Trail,89087,NV,rdriscoll5l@harvard.edu
203,Pincas Brisseau,586 Briar Crest Way,20566,DC,pbrisseau5m@geocities.jp
204,Enoch Cambell,9575 Hazelcrest Terrace,44720,OH,ecambell5n@angelfire.com
205,Andromache Camelli,7 Banding Terrace,62711,IL,acamelli5o@mit.edu
206,Katerina Froud,98 Waywood Alley,70165,LA,kfroud5p@google.nl
207,Nikos Coleshill,09550 Hansons Pass,22119,VA,ncoleshill5q@examiner.com
208,Yard Goly,32298 Ilene Crossing,60614,IL,ygoly5r@1688.com
209,Clovis Fairest,5004 Talisman Point,94121,CA,cfairest5s@tamu.edu
210,Bessie Steger,6 Continental Alley,89193,NV,bsteger5t@taobao.com
211,Fidelio Bohills,7 Katie Drive,30358,GA,fbohills5u@people.com.cn
212,Elle Pashbee,04966 Sundown Road,23225,VA,epashbee5v@newsvine.com
213,Randal Kinnerk,30 Maywood Alley,75799,TX,rkinnerk5w@omniture.com
214,Nester Barenski,98076 Eggendart Circle,22313,VA,nbarenski5x@etsy.com
215,Maryellen Syde,7 Everett Point,19109,PA,msyde5y@eventbrite.com
216,Maire Sermin,9 Arkansas Way,11241,NY,msermin5z@pinterest.com
217,Devi Merriman,690 Sycamore Hill,01105,MA,dmerriman60@last.fm
218,Isadore Raisher,80651 Towne Circle,31210,GA,iraisher61@cpanel.net
219,Duncan Barton,54108 Everett Point,20520,DC,dbarton62@geocities.com
220,Thor Mingey,912 Sommers Trail,39282,MS,tmingey63@taobao.com
221,Bent Dundredge,112 Schurz Way,60697,IL,bdundredge64@amazonaws.com
222,Anabelle Mountstephen,79 Springview Point,48217,MI,amountstephen65@earthlink.net
223,Pen Stoker,83 Tony Street,20520,DC,pstoker66@bizjournals.com
224,Joyan Reiner,12 Lake View Way,06145,CT,jreiner67@cpanel.net
225,Stuart Brittles,53877 Esker Place,89087,NV,sbrittles68@google.ru
226,Bren Legging,02616 Mayfield Court,76192,TX,blegging69@photobucket.com
227,Celene Bingle,60 Burning Wood Lane,63143,MO,cbingle6a@tinypic.com
228,Valenka Lodewick,7 Springs Circle,49444,MI,vlodewick6b@is.gd
229,Marinna Ghent,2 Luster Terrace,32830,FL,mghent6c@mozilla.org
230,Marley Ashbolt,4 Old Gate Drive,94705,CA,mashbolt6d@sohu.com
231,Florida Stebbings,7 Gina Avenue,45440,OH,fstebbings6e@g.co
232,Valene Kornes,622 Morrow Crossing,99220,WA,vkornes6f@technorati.com
233,Alleen MacShirrie,4 Sauthoff Center,88530,TX,amacshirrie6g@over-blog.com
234,Euphemia Howsan,1675 Bartelt Trail,30343,GA,ehowsan6h@businessinsider.com
235,Hazel Wedmore,6532 Jenifer Drive,71105,LA,hwedmore6i@chronoengine.com
236,Alfy Kelland,2858 Mendota Point,31210,GA,akelland6j@cornell.edu
237,Normand Petrolli,37219 Rieder Plaza,72222,AR,npetrolli6k@liveinternet.ru
238,Kevan McAllister,990 Cordelia Park,58505,ND,kmcallister6l@123-reg.co.uk
239,Brianne Halegarth,30295 Helena Point,25326,WV,bhalegarth6m@hugedomains.com
240,Sisile Ryal,60853 Dennis Lane,89155,NV,sryal6n@nymag.com
241,Omero Maliphant,25704 Moland Junction,95113,CA,omaliphant6o@discuz.net
242,Jonis Collyer,6 Mitchell Court,22093,VA,jcollyer6p@usda.gov
243,Katie Chantillon,84559 Florence Pass,30919,GA,kchantillon6q@eepurl.com
244,Aubrette Staveley,6944 Anderson Drive,85732,AZ,astaveley6r@biblegateway.com
245,Clementina Brando,65834 Ridgeview Alley,88519,TX,cbrando6s@msu.edu
246,Artemus Robison,29874 Corscot Center,45249,OH,arobison6t@mail.ru
247,Shellysheldon Roze,1 Shasta Alley,11499,NY,sroze6u@amazonaws.com
248,Clarita Triplow,66 Bartillon Alley,85067,AZ,ctriplow6v@nps.gov
249,Benson Teresa,39 Reindahl Court,70894,LA,bteresa6w@skype.com
250,Jonell Curlis,8275 Haas Avenue,76178,TX,jcurlis6x@drupal.org
251,Meriel Saffin,865 Packers Road,84120,UT,msaffin6y@goodreads.com
252,Devin Sansam,9 Mifflin Avenue,76598,TX,dsansam6z@ucoz.ru
253,Arabela Dwerryhouse,5058 Clyde Gallagher Point,23663,VA,adwerryhouse70@mysql.com
254,Angus Hasted,46633 Dennis Park,10079,NY,ahasted71@infoseek.co.jp
255,Arlana Goude,25354 American Parkway,45490,OH,agoude72@blog.com
256,Miguelita O' Gara,2 Morningstar Circle,22313,VA,mo73@dailymotion.com
257,Marilee Beardon,21320 Summer Ridge Hill,44321,OH,mbeardon74@tripadvisor.com
258,Hillary Korneichik,6 Glendale Crossing,24014,VA,hkorneichik75@taobao.com
259,Olivette Meenan,9 Mcbride Way,06705,CT,omeenan76@behance.net
260,Electra Giraudoux,6065 International Drive,32220,FL,egiraudoux77@epa.gov
261,Marga Gyde,70 Hoard Circle,20566,DC,mgyde78@indiatimes.com
262,Hasheem Guerro,7526 La Follette Drive,89595,NV,hguerro79@ifeng.com
263,Brittni McNiff,286 Marcy Avenue,85210,AZ,bmcniff7a@tamu.edu
264,Jonah Avis,1884 Lyons Trail,30316,GA,javis7b@pcworld.com
265,Katinka Husby,19753 Caliangt Drive,33467,FL,khusby7c@ustream.tv
266,Bernardo Grindlay,032 Hayes Drive,78245,TX,bgrindlay7d@de.vu
267,Mickie Jahnel,91960 Magdeline Court,21705,MD,mjahnel7e@etsy.com
268,Austina Gillitt,01 Swallow Lane,70149,LA,agillitt7f@dmoz.org
269,Marc Edgerly,4 Cottonwood Avenue,58122,ND,medgerly7g@jalbum.net
270,Barty Vaszoly,87 Eagle Crest Pass,48076,MI,bvaszoly7h@craigslist.org
271,Alysia Duncklee,81586 Meadow Valley Hill,55441,MN,aduncklee7i@irs.gov
272,Rafaellle Goodale,36 Caliangt Crossing,60636,IL,rgoodale7j@elpais.com
273,Buiron Grindley,7156 Tomscot Junction,66105,KS,bgrindley7k@ibm.com
274,Antonina Eveling,8 Chive Junction,46216,IN,aeveling7l@cpanel.net
275,Kathryn Carsberg,77259 Mitchell Park,46805,IN,kcarsberg7m@harvard.edu
276,Hillery Cecil,20595 Mccormick Trail,33355,FL,hcecil7n@mapquest.com
277,Martita Gowlett,1440 Stoughton Plaza,90305,CA,mgowlett7o@dot.gov
278,Gail Forsbey,71871 Lakewood Gardens Park,49018,MI,gforsbey7p@imdb.com
279,Mathian Myers,1 Merrick Hill,83405,ID,mmyers7q@tuttocitta.it
280,Thaxter Bidewell,95989 Fair Oaks Road,79968,TX,tbidewell7r@spiegel.de
281,Ketti De Bischop,092 Bobwhite Place,44511,OH,kde7s@youtube.com
282,Paulette Bernardez,92177 Fairview Street,08104,NJ,pbernardez7t@google.pl
283,Ulysses Myrick,63167 Kim Trail,60609,IL,umyrick7u@chronoengine.com
284,Granny Nitti,160 Springs Point,95219,CA,gnitti7v@dot.gov
285,Lucilia Escalante,1219 Fairfield Court,07305,NJ,lescalante7w@fastcompany.com
286,Anderea Peers,0665 Debs Lane,95205,CA,apeers7x@answers.com
287,Lishe Swinn,50 Tennyson Road,33647,FL,lswinn7y@webmd.com
288,Aron Ferraresi,204 4th Center,02114,MA,aferraresi7z@godaddy.com
289,Natka Wandless,7 Boyd Lane,18763,PA,nwandless80@woothemes.com
290,Bebe Zumbusch,87716 Porter Hill,20167,VA,bzumbusch81@nymag.com
291,Allis Murch,6561 Emmet Park,12247,NY,amurch82@imageshack.us
292,Patton Islip,24 Dawn Junction,70142,LA,pislip83@tuttocitta.it
293,Hillery Dominicacci,65 Daystar Trail,84403,UT,hdominicacci84@wisc.edu
294,Vite Walbrook,663 Darwin Lane,44130,OH,vwalbrook85@feedburner.com
295,Harwell Fraczek,980 Dunning Circle,22036,VA,hfraczek86@feedburner.com
296,Lynnea Ladbury,02958 Trailsway Terrace,90310,CA,lladbury87@bravesites.com
297,Sephira Crannage,30070 Mcguire Street,43666,OH,scrannage88@redcross.org
298,Ephrayim Father,44125 Manley Way,60567,IL,efather89@weibo.com
299,Adara Evequot,29 Crowley Park,55573,MN,aevequot8a@ihg.com
300,Megan Haydock,708 Gerald Circle,23509,VA,mhaydock8b@qq.com
301,Gino Burhouse,73484 Thackeray Crossing,77276,TX,gburhouse8c@de.vu
302,Hernando Gouldthorp,299 Tennyson Way,93762,CA,hgouldthorp8d@ibm.com
303,Randolph Catley,907 Spaight Alley,19805,DE,rcatley8e@usa.gov
304,Emlen Neilan,79 Lukken Avenue,57193,SD,eneilan8f@acquirethisname.com
305,Gusti Westhoff,2 Surrey Park,55146,MN,gwesthoff8g@europa.eu
306,Irvin Keast,475 Veith Park,34615,FL,ikeast8h@tumblr.com
307,Emmeline Wace,5 Amoth Point,19141,PA,ewace8i@wufoo.com
308,Janela Tissell,511 Schiller Pass,30245,GA,jtissell8j@squarespace.com
309,Filberte Cussen,1 Bunting Pass,97206,OR,fcussen8k@4shared.com
310,Skippy Muckle,28 Mcguire Avenue,23289,VA,smuckle8l@craigslist.org
311,Lidia Ungaretti,3 Vidon Street,83716,ID,lungaretti8m@eepurl.com
312,Rodger Lorkin,4738 Almo Crossing,33763,FL,rlorkin8n@yale.edu
313,Buiron Dudman,9 Shoshone Pass,23228,VA,bdudman8o@phpbb.com
314,Saree Guiet,0 Iowa Junction,71161,LA,sguiet8p@live.com
315,Shena Moorman,15 Hoffman Drive,93750,CA,smoorman8q@google.co.uk
316,Pete Delatour,58599 Paget Drive,55188,MN,pdelatour8r@ucsd.edu
317,Olenolin Benazet,0177 Columbus Court,80015,CO,obenazet8s@vistaprint.com
318,Janet Guthrum,37529 Anniversary Street,70179,LA,jguthrum8t@miitbeian.gov.cn
319,Rani Werndly,1205 Dovetail Point,77260,TX,rwerndly8u@nbcnews.com
320,Cynthy Charley,3126 Memorial Avenue,88563,TX,ccharley8v@google.fr
321,Isak Dockwray,03675 Mayfield Center,77010,TX,idockwray8w@bloomberg.com
322,Orel Hamshere,804 Montana Trail,89145,NV,ohamshere8x@ebay.com
323,Blair Lingner,34863 Gateway Parkway,76192,TX,blingner8y@baidu.com
324,Evania Edowes,97287 Fairview Road,52405,IA,eedowes8z@wordpress.org
325,Shaylyn Kinnerk,48 Porter Terrace,88574,TX,skinnerk90@zimbio.com
326,Gillian Abrahams,7152 Drewry Street,92186,CA,gabrahams91@sogou.com
327,Benson Yewen,11 Jackson Park,78726,TX,byewen92@instagram.com
328,Washington Haug,94 Superior Circle,02119,MA,whaug93@unblog.fr
329,Zed Nystrom,715 Sutteridge Circle,60646,IL,znystrom94@mlb.com
330,Henrieta Armiger,10 Kim Lane,92132,CA,harmiger95@illinois.edu
331,Barby Cawkill,67 Superior Hill,22111,VA,bcawkill96@bbc.co.uk
332,Mercedes MacAllaster,959 Montana Trail,23436,VA,mmacallaster97@dyndns.org
333,Thekla Welfair,1 Crescent Oaks Hill,12237,NY,twelfair98@amazon.com
334,Walsh Walburn,79206 Tomscot Street,01905,MA,wwalburn99@wsj.com
335,Melissa Pandie,6982 Elka Street,78726,TX,mpandie9a@nyu.edu
336,Xylina Allchorne,58930 Burrows Plaza,24004,VA,xallchorne9b@tripadvisor.com
337,Parnell Howle,06 Corben Center,54305,WI,phowle9c@salon.com
338,Agnese Hankinson,757 Arrowood Avenue,90810,CA,ahankinson9d@techcrunch.com
339,Tremain Thomason,5 Crownhardt Court,20397,DC,tthomason9e@bravesites.com
340,Maurine Tabourin,91472 Hagan Place,75287,TX,mtabourin9f@un.org
341,Lanna Friese,901 Aberg Place,27615,NC,lfriese9g@ustream.tv
342,Cary Brazear,4549 Di Loreto Street,45408,OH,cbrazear9h@amazon.co.jp
343,Fayina Clemas,93887 Dahle Crossing,47732,IN,fclemas9i@state.tx.us
344,Tana Fairrie,65235 Oak Valley Park,77240,TX,tfairrie9j@360.cn
345,Shanda Lathee,04378 Lakewood Gardens Point,20540,DC,slathee9k@bbb.org
346,Maurita Iacomi,05855 Springs Way,20057,DC,miacomi9l@cdbaby.com
347,Fedora Jurgen,0527 Crowley Lane,80291,CO,fjurgen9m@cmu.edu
348,Maxim Delamaine,73375 Meadow Valley Terrace,95173,CA,mdelamaine9n@tuttocitta.it
349,Curry Cristol,5 Hoepker Center,80161,CO,ccristol9o@businesswire.com
350,Sinclare Drust,2324 Talisman Lane,88569,TX,sdrust9p@hhs.gov
351,Wilbert Twiname,922 Barnett Junction,57188,SD,wtwiname9q@stumbleupon.com
352,Isaak Guiden,42 Stuart Court,75358,TX,iguiden9r@cdc.gov
353,Welsh Camerati,9 Laurel Court,61614,IL,wcamerati9s@symantec.com
354,Essa Farlow,6 Veith Lane,29225,SC,efarlow9t@youku.com
355,Laural Regorz,71 Roxbury Plaza,43610,OH,lregorz9u@webeden.co.uk
356,Cirstoforo Pimbley,653 Sheridan Point,55565,MN,cpimbley9v@go.com
357,Ugo Taverner,60 Graedel Park,45213,OH,utaverner9w@google.com.br
358,Sarajane Helm,29 Clyde Gallagher Road,12222,NY,shelm9x@msu.edu
359,Archie Wigglesworth,700 Linden Alley,99512,AK,awigglesworth9y@ustream.tv
360,Antonin Leiden,72 Sundown Court,33661,FL,aleiden9z@cnn.com
361,Vassili Pirelli,6 Elmside Trail,76110,TX,vpirellia0@zimbio.com
362,Lauren Cleminson,326 Thompson Hill,07305,NJ,lcleminsona1@go.com
363,Bartram Fenech,01156 Jana Avenue,63126,MO,bfenecha2@hostgator.com
364,Keelby Haliday,14 Lake View Road,68124,NE,khalidaya3@livejournal.com
365,Kacy Mendes,5 Cody Court,88553,TX,kmendesa4@tripadvisor.com
366,Laurene Pitkin,29932 Lakewood Point,15205,PA,lpitkina5@oaic.gov.au
367,Solly Claiton,7896 Eastlawn Park,30061,GA,sclaitona6@constantcontact.com
368,Ives Stranks,2 Columbus Avenue,85077,AZ,istranksa7@e-recht24.de
369,Hesther Sivill,58 Prairie Rose Junction,75074,TX,hsivilla8@storify.com
370,Dominick Redparth,6978 Packers Park,93005,CA,dredpartha9@google.es
371,Hughie Dall,1 Sycamore Point,92013,CA,hdallaa@histats.com
372,Arni Suthworth,267 Oak Valley Circle,32575,FL,asuthworthab@wired.com
373,Hilary O'Nions,84 Victoria Hill,78475,TX,honionsac@feedburner.com
374,Nicolette Cranmor,3684 Clemons Point,44315,OH,ncranmorad@last.fm
375,Richard Gladbach,3 Everett Alley,84110,UT,rgladbachae@goo.gl
376,Benoit Gives,50893 David Crossing,78285,TX,bgivesaf@apple.com
377,Kalila Curnnok,252 Hoffman Pass,06726,CT,kcurnnokag@nsw.gov.au
378,Corrie Snaddin,12 Jenna Lane,70165,LA,csnaddinah@spotify.com
379,Kipp Cosker,74 Kingsford Circle,21239,MD,kcoskerai@posterous.com
380,Birgit Philip,68148 Haas Drive,32575,FL,bphilipaj@nydailynews.com
381,Valerye Collick,724 Derek Pass,99210,WA,vcollickak@upenn.edu
382,Genni Adriaens,62 Claremont Avenue,15250,PA,gadriaensal@sbwire.com
383,Gale Rodge,96810 Kropf Court,98417,WA,grodgeam@jalbum.net
384,Myles Christophersen,76 Weeping Birch Alley,55115,MN,mchristophersenan@technorati.com
385,Curry McGlue,327 Maywood Point,67230,KS,cmcglueao@soundcloud.com
386,Abba Fowells,56 Dawn Street,85072,AZ,afowellsap@geocities.jp
387,Darbee Shawyer,436 Susan Trail,77095,TX,dshawyeraq@flavors.me
388,Elnore McCallister,33 Spohn Crossing,98424,WA,emccallisterar@g.co
389,Conroy Brownsey,3 Northview Drive,34665,FL,cbrownseyas@furl.net
390,Josy Chatan,2 Graedel Court,77228,TX,jchatanat@sohu.com
391,Michele Moretto,149 Blackbird Alley,33405,FL,mmorettoau@g.co
392,Grier Fawson,03 Meadow Valley Avenue,48126,MI,gfawsonav@google.com
393,Reinhard Telega,173 Elmside Crossing,44505,OH,rtelegaaw@economist.com
394,Huntlee Rioch,15 Bowman Avenue,33982,FL,hriochax@state.tx.us
395,Tobiah Collington,08989 Scott Junction,50305,IA,tcollingtonay@ucoz.ru
396,Amalita Aldin,7275 Merrick Alley,48555,MI,aaldinaz@hexun.com
397,Alvan Trenholm,4 Golf View Park,20210,DC,atrenholmb0@mapquest.com
398,Dulcea Westphal,8 Moland Park,92640,CA,dwestphalb1@webnode.com
399,Rory Serrell,4 Barnett Alley,10024,NY,rserrellb2@blogs.com
400,Baxie Andreichik,43 Glendale Lane,52804,IA,bandreichikb3@pen.io
401,Tate Ledley,0 Marcy Lane,24020,VA,tledleyb4@moonfruit.com
402,Currie Beazley,6 Hoepker Way,75260,TX,cbeazleyb5@youtube.com
403,Artur Cockaday,0 Charing Cross Court,48550,MI,acockadayb6@dropbox.com
404,Findlay Hucklesby,424 Waywood Road,73157,OK,fhucklesbyb7@weibo.com
405,Sasha Djekic,391 Thackeray Pass,23509,VA,sdjekicb8@prlog.org
406,Corri Bruhn,9 Cascade Park,29240,SC,cbruhnb9@craigslist.org
407,Rickie Chrispin,90106 Clarendon Place,27404,NC,rchrispinba@ebay.com
408,Baird Gehringer,690 Nelson Alley,66112,KS,bgehringerbb@google.es
409,Neilla Sogg,5555 Huxley Hill,45271,OH,nsoggbc@infoseek.co.jp
410,Glenda Mitchelmore,1045 Sugar Plaza,92115,CA,gmitchelmorebd@lulu.com
411,Sibbie Morena,29 Swallow Street,18706,PA,smorenabe@sourceforge.net
412,Calley Pettwood,8 Lawn Hill,84120,UT,cpettwoodbf@photobucket.com
413,Tate Alu,2699 Sommers Alley,73157,OK,talubg@sina.com.cn
414,Welbie Ryall,7 Fuller Alley,80279,CO,wryallbh@nhs.uk
415,Milty Ingman,1615 Kennedy Point,28235,NC,mingmanbi@microsoft.com
416,Alvera Yalden,9350 Crescent Oaks Crossing,07188,NJ,ayaldenbj@huffingtonpost.com
417,Dniren Yeell,62 Mayfield Pass,77005,TX,dyeellbk@google.pl
418,Thaxter Arent,0 Dorton Street,23220,VA,tarentbl@uiuc.edu
419,Mersey Edgeller,391 Old Gate Way,48930,MI,medgellerbm@posterous.com
420,Traver Postin,05615 Ohio Road,06183,CT,tpostinbn@miibeian.gov.cn
421,Essa Gather,734 Lighthouse Bay Pass,35279,AL,egatherbo@naver.com
422,Karoline Heenan,51910 Farmco Plaza,85215,AZ,kheenanbp@pagesperso-orange.fr
423,Terencio Graal,212 Forest Run Circle,77346,TX,tgraalbq@myspace.com
424,Denys Joinson,1905 Sutherland Trail,62718,IL,djoinsonbr@businessinsider.com
425,Frederic Foster-Smith,38 Grayhawk Center,87180,NM,ffostersmithbs@naver.com
426,Yorker Woolaghan,52 Namekagon Drive,85748,AZ,ywoolaghanbt@woothemes.com
427,Earl Jeffry,8 Bartillon Lane,92121,CA,ejeffrybu@networksolutions.com
428,Luke Talloe,58448 Thierer Street,17105,PA,ltalloebv@moonfruit.com
429,Heindrick Hartin,248 Old Gate Pass,30045,GA,hhartinbw@usgs.gov
430,Ronna Girsch,65289 Westerfield Street,85705,AZ,rgirschbx@bloomberg.com
431,Elroy Arnao,843 East Court,31405,GA,earnaoby@biglobe.ne.jp
432,Nancey Alekhov,2 Lighthouse Bay Alley,20099,DC,nalekhovbz@dyndns.org
433,Virgina Josh,3919 Mccormick Park,48098,MI,vjoshc0@drupal.org
434,Liliane Sheivels,63 Buell Park,33330,FL,lsheivelsc1@elpais.com
435,Dermot Silverton,56963 Commercial Avenue,35295,AL,dsilvertonc2@google.de
436,Ninon Lothean,406 Sachs Trail,34615,FL,nlotheanc3@theglobeandmail.com
437,Gabbie Carbonell,656 Briar Crest Hill,10115,NY,gcarbonellc4@baidu.com
438,Antonia Breton,48 Kennedy Junction,37205,TN,abretonc5@princeton.edu
439,Ingaberg Dawtre,9 Oriole Trail,31132,GA,idawtrec6@barnesandnoble.com
440,Gilberte Lamburne,71 Crowley Pass,06912,CT,glamburnec7@salon.com
441,Mora Powder,03853 Union Way,33416,FL,mpowderc8@japanpost.jp
442,Adora Liptrot,19561 Pepper Wood Terrace,34479,FL,aliptrotc9@squarespace.com
443,Dermot Suff,1 Westport Way,99210,WA,dsuffca@cafepress.com
444,Charlean Bortoletti,3178 Kipling Trail,65110,MO,cbortoletticb@unc.edu
445,Anselm Goldis,6 Mayer Road,32627,FL,agoldiscc@chronoengine.com
446,Douglas Antonin,3655 Florence Trail,62705,IL,dantonincd@mashable.com
447,Victor Rowbottom,6 Northwestern Drive,95128,CA,vrowbottomce@fda.gov
448,Milzie Switsur,13550 Norway Maple Parkway,87195,NM,mswitsurcf@spiegel.de
449,Dawna Brookbank,30274 Coolidge Place,19178,PA,dbrookbankcg@zimbio.com
450,Joye Dorcey,60147 Haas Park,92668,CA,jdorceych@microsoft.com
451,Glynis Nottingham,3 Melvin Center,71208,LA,gnottinghamci@stanford.edu
452,Onofredo Cowgill,04 Fisk Terrace,47737,IN,ocowgillcj@cpanel.net
453,Karoly Rain,68423 Manitowish Drive,92867,CA,krainck@studiopress.com
454,Terrijo Harpur,68 Golf Course Hill,65110,MO,tharpurcl@xinhuanet.com
455,Bobinette Sattin,73 Tennyson Avenue,10115,NY,bsattincm@reddit.com
456,Penny Eades,77116 Linden Pass,79699,TX,peadescn@unesco.org
457,Dex Scowcraft,0 Nelson Circle,35242,AL,dscowcraftco@google.com.hk
458,Culley Gligorijevic,007 Main Park,77040,TX,cgligorijeviccp@ask.com
459,Adams Lefwich,39581 Beilfuss Plaza,07208,NJ,alefwichcq@samsung.com
460,Norean Goudman,87573 Roxbury Terrace,10024,NY,ngoudmancr@buzzfeed.com
461,Marketa Kilty,9 Hintze Parkway,12242,NY,mkiltycs@desdev.cn
462,Tracey Eagling,0745 Karstens Alley,29319,SC,teaglingct@wunderground.com
463,Faun Woolsey,5599 Autumn Leaf Alley,15134,PA,fwoolseycu@facebook.com
464,Suki Shergill,369 Talisman Place,78260,TX,sshergillcv@amazonaws.com
465,Nariko Brambell,86862 Orin Center,24040,VA,nbrambellcw@fema.gov
466,Ron Campes,3 Troy Pass,44197,OH,rcampescx@hhs.gov
467,Hedwiga Jorger,43958 Sunnyside Terrace,84189,UT,hjorgercy@domainmarket.com
468,Hunter Birkinshaw,73 1st Center,60681,IL,hbirkinshawcz@aboutads.info
469,Happy Bleakley,31448 Rutledge Pass,23203,VA,hbleakleyd0@gnu.org
470,Jacinthe Aitken,95209 Sachtjen Terrace,35244,AL,jaitkend1@mac.com
471,Lonna Blenkiron,8650 Brown Avenue,88589,TX,lblenkirond2@google.cn
472,Isacco Drage,052 Homewood Lane,75342,TX,idraged3@flavors.me
473,Ekaterina Bullock,87 Delladonna Trail,81015,CO,ebullockd4@bravesites.com
474,Gilberte Meace,4 Prairieview Street,31998,GA,gmeaced5@dedecms.com
475,Allina Herkess,05 Onsgard Court,50347,IA,aherkessd6@craigslist.org
476,Boonie Honig,74057 Dwight Junction,10150,NY,bhonigd7@booking.com
477,Jeanna Marchiso,29 Becker Street,93111,CA,jmarchisod8@mapy.cz
478,Helaina La Rosa,6032 Butterfield Place,10305,NY,hlad9@mit.edu
479,Clarke Jirka,8669 Norway Maple Lane,07505,NJ,cjirkada@eepurl.com
480,Beryl Vanezis,07704 Forest Dale Terrace,60641,IL,bvanezisdb@reuters.com
481,Atlanta Fehner,45437 Bluestem Road,32399,FL,afehnerdc@reddit.com
482,Vachel Seabright,28592 Harper Hill,37450,TN,vseabrightdd@fastcompany.com
483,Horacio Creer,00 Maryland Park,14276,NY,hcreerde@google.pl
484,Rodolphe Pontain,8 Summer Ridge Court,29403,SC,rpontaindf@home.pl
485,Grissel Crauford,3155 Bluejay Terrace,94245,CA,gcrauforddg@weebly.com
486,Sigismund MacAughtrie,56725 Emmet Terrace,10469,NY,smacaughtriedh@mail.ru
487,Odetta Gockelen,54 Burning Wood Court,66622,KS,ogockelendi@surveymonkey.com
488,Tootsie Inchbald,01510 Brickson Park Pass,31190,GA,tinchbalddj@dell.com
489,Rochella Touzey,4523 Everett Avenue,75265,TX,rtouzeydk@desdev.cn
490,Bee Maud,985 Del Sol Parkway,70820,LA,bmauddl@arizona.edu
491,Abe Gadesby,02836 Swallow Terrace,10120,NY,agadesbydm@rakuten.co.jp
492,Clarisse Crowthe,8076 Colorado Alley,43226,OH,ccrowthedn@nymag.com
493,Roseanna Lacase,5803 Coolidge Place,49544,MI,rlacasedo@sourceforge.net
494,Lonna Salvin,99966 1st Place,06145,CT,lsalvindp@java.com
495,Sheridan Feehery,55797 Monument Pass,44905,OH,sfeeherydq@tmall.com
496,Julia Smewings,58 Lawn Junction,11355,NY,jsmewingsdr@google.ru
497,Mildrid Clymer,365 Debs Court,75799,TX,mclymerds@icq.com
498,Brittany Kiffe,7 Nancy Junction,33013,FL,bkiffedt@ocn.ne.jp
499,Jeanelle Dwyr,0303 Vidon Avenue,99507,AK,jdwyrdu@baidu.com
500,Kain Bassingden,0 Banding Terrace,21203,MD,kbassingdendv@bloglovin.com
501,Stacee Edelheit,6 Granby Point,35285,AL,sedelheitdw@homestead.com
502,Pennie Farn,19 Warner Way,98405,WA,pfarndx@jugem.jp
503,Amos Inworth,62 Brentwood Street,79415,TX,ainworthdy@merriam-webster.com
504,Josiah Blunsen,9 Beilfuss Crossing,31904,GA,jblunsendz@craigslist.org
505,Eugine Frain,70283 Sheridan Crossing,84120,UT,efraine0@walmart.com
506,Huntley Yarham,88 Norway Maple Road,01610,MA,hyarhame1@opensource.org
507,Crawford Valerius,2977 High Crossing Hill,90510,CA,cvaleriuse2@stumbleupon.com
508,Karole Kestin,54 Prentice Street,06816,CT,kkestine3@yolasite.com
509,Brigit Thomasen,88649 Pankratz Trail,33330,FL,bthomasene4@mapquest.com
510,Izak Leney,3515 Debs Crossing,02283,MA,ileneye5@unc.edu
511,Gallard Calwell,52 Stang Road,20425,DC,gcalwelle6@usgs.gov
512,Bear Vonderdell,56 Truax Place,39505,MS,bvonderdelle7@hatena.ne.jp
513,Ulrikaumeko O'Sculley,76248 Donald Alley,70183,LA,uosculleye8@amazon.com
514,Marc Beirne,8 American Plaza,70033,LA,mbeirnee9@tiny.cc
515,Ginni Scarisbrick,75817 Dahle Pass,73114,OK,gscarisbrickea@themeforest.net
516,Ingrim Seman,770 Sommers Parkway,55470,MN,isemaneb@topsy.com
517,Cos Malenoir,0 Delaware Road,98008,WA,cmalenoirec@cafepress.com
518,Joanie Josham,53810 Forest Crossing,80945,CO,jjoshamed@dyndns.org
519,Ranique Arunowicz,87 Ruskin Court,72905,AR,rarunowiczee@topsy.com
520,Celle Kettle,7448 Merchant Court,46406,IN,ckettleef@wiley.com
521,Gearard McKinn,850 Morningstar Junction,90831,CA,gmckinneg@newyorker.com
522,Joya Gulliford,28173 Commercial Center,53405,WI,jgullifordeh@gov.uk
523,Gerladina Ghidetti,92 Westerfield Place,16107,PA,gghidettiei@tiny.cc
524,Giffer Merriman,3513 Welch Avenue,30905,GA,gmerrimanej@msn.com
525,Laurie Rumin,8651 Novick Plaza,10165,NY,lruminek@live.com
526,Angelica Eiler,65 Eagan Street,13205,NY,aeilerel@ezinearticles.com
527,Miner Collishaw,7763 Warner Place,78220,TX,mcollishawem@dell.com
528,Jewell Shurmore,178 Northview Parkway,44760,OH,jshurmoreen@cyberchimps.com
529,Chantalle Boorman,780 Oxford Trail,52410,IA,cboormaneo@cyberchimps.com
530,Marty Pee,5 Fremont Way,89140,NV,mpeeep@skyrock.com
531,Rianon Vowell,72910 Duke Road,92127,CA,rvowelleq@friendfeed.com
532,Gisella Mair,6989 Charing Cross Court,80044,CO,gmairer@dmoz.org
533,Kristina Chree,1997 Messerschmidt Lane,90189,CA,kchreees@berkeley.edu
534,Roseanna Corgenvin,72012 Derek Plaza,10125,NY,rcorgenvinet@youtube.com
535,Henry Alben,9037 Morningstar Street,58122,ND,halbeneu@gov.uk
536,Arleyne Dunbar,4 Jackson Circle,06183,CT,adunbarev@hatena.ne.jp
537,Roderigo Fergyson,7 Ridgeview Parkway,22301,VA,rfergysonew@xrea.com
538,Claudine Kinahan,735 Melody Trail,10184,NY,ckinahanex@nydailynews.com
539,Donavon Croote,58010 Huxley Park,45020,OH,dcrooteey@meetup.com
540,Lawrence Harses,156 Little Fleur Court,19805,DE,lharsesez@tuttocitta.it
541,Cos Hebden,3555 Hoffman Center,75387,TX,chebdenf0@issuu.com
542,Eleonora Mughal,56224 Arrowood Avenue,78721,TX,emughalf1@cdbaby.com
543,Tova Grievson,81487 Lunder Circle,23285,VA,tgrievsonf2@godaddy.com
544,Martguerita Bulfoy,352 Graceland Parkway,81015,CO,mbulfoyf3@nbcnews.com
545,Lynea Frounks,8 1st Point,91411,CA,lfrounksf4@hatena.ne.jp
546,Nickie Shynn,2 Steensland Trail,35244,AL,nshynnf5@mashable.com
547,Raychel Tamburo,22 Knutson Plaza,48206,MI,rtamburof6@fc2.com
548,Romeo Shyres,7557 Shopko Alley,46614,IN,rshyresf7@google.de
549,Mina Nardi,0 Rowland Junction,99507,AK,mnardif8@cmu.edu
550,Mort Kiera,37 Nevada Road,70883,LA,mkieraf9@google.es
551,Del Crother,147 Crowley Court,95818,CA,dcrotherfa@huffingtonpost.com
552,Olympie Yates,3 Declaration Center,07310,NJ,oyatesfb@exblog.jp
553,Judy Hirche,577 Texas Parkway,73129,OK,jhirchefc@desdev.cn
554,Mavis Scarffe,96429 Melody Circle,61110,IL,mscarffefd@comsenz.com
555,Elnora Mulryan,9 Prairie Rose Park,66220,KS,emulryanfe@4shared.com
556,Arin Schmidt,202 Moose Parkway,30061,GA,aschmidtff@businesswire.com
557,Oralla Matthaus,1 Surrey Crossing,43231,OH,omatthausfg@google.com.hk
558,Danya Decaze,4 Forest Dale Park,32825,FL,ddecazefh@joomla.org
559,Melesa Gunson,11566 Old Gate Center,20719,MD,mgunsonfi@flickr.com
560,Nev Springle,944 Swallow Crossing,96810,HI,nspringlefj@wikimedia.org
561,Terrill Toe,026 American Road,22225,VA,ttoefk@merriam-webster.com
562,Bertina Brettoner,7 Melrose Plaza,77388,TX,bbrettonerfl@hubpages.com
563,Robinia Snalum,48 Oakridge Hill,27690,NC,rsnalumfm@tamu.edu
564,Timoteo Groarty,9 Eagan Point,80228,CO,tgroartyfn@tinyurl.com
565,Ginni Streader,846 Bashford Court,46226,IN,gstreaderfo@ed.gov
566,Arthur Pyer,549 Fordem Plaza,78737,TX,apyerfp@noaa.gov
567,Simon Gallop,77 Fieldstone Center,51105,IA,sgallopfq@geocities.jp
568,Oswald Debell,7947 Stone Corner Avenue,33661,FL,odebellfr@ebay.co.uk
569,Sarena Scrace,7 Lukken Trail,37416,TN,sscracefs@symantec.com
570,Beatriz Filler,22 Toban Center,10120,NY,bfillerft@va.gov
571,Gunilla Spellworth,75335 Holy Cross Crossing,33777,FL,gspellworthfu@surveymonkey.com
572,Shae Coaker,7178 Fuller Lane,38104,TN,scoakerfv@netscape.com
573,Flemming Skirvin,0 Forest Plaza,02905,RI,fskirvinfw@wikimedia.org
574,Marcel Wisden,065 Bay Avenue,33487,FL,mwisdenfx@delicious.com
575,Alon Hamshar,35 Claremont Junction,68197,NE,ahamsharfy@mayoclinic.com
576,Lynde Hellings,8 Susan Drive,90050,CA,lhellingsfz@twitter.com
577,Alejoa Lohrensen,90141 Sauthoff Circle,70033,LA,alohrenseng0@springer.com
578,Woodman Bachs,93021 Scofield Lane,64187,MO,wbachsg1@nationalgeographic.com
579,Basilius Jankiewicz,50 Cottonwood Crossing,48912,MI,bjankiewiczg2@soundcloud.com
580,Murdock Klimkovich,9589 Pepper Wood Drive,19131,PA,mklimkovichg3@dagondesign.com
581,Sherye Meyer,26 West Place,98175,WA,smeyerg4@1und1.de
582,Crissie Tarrier,4 Nevada Avenue,39236,MS,ctarrierg5@forbes.com
583,Earl Besson,4502 Debra Way,92115,CA,ebessong6@wired.com
584,Micah Fremantle,5047 Ramsey Junction,75231,TX,mfremantleg7@weather.com
585,Rice Paridge,54 Norway Maple Trail,55172,MN,rparidgeg8@liveinternet.ru
586,Chase Taffley,5046 Clyde Gallagher Road,21203,MD,ctaffleyg9@newsvine.com
587,Rhonda Eddow,884 Texas Trail,87105,NM,reddowga@cdbaby.com
588,Janessa Jurries,5 Charing Cross Avenue,77305,TX,jjurriesgb@foxnews.com
589,Richardo Donnan,81 Toban Lane,33034,FL,rdonnangc@etsy.com
590,Britney Franzonello,99 Vernon Center,10270,NY,bfranzonellogd@purevolume.com
591,Naoma Habbijam,40 Lighthouse Bay Drive,33175,FL,nhabbijamge@t-online.de
592,Brandon Butrimovich,80028 Spaight Circle,53726,WI,bbutrimovichgf@spiegel.de
593,Helen-elizabeth Duley,9170 Monica Point,73147,OK,hduleygg@tuttocitta.it
594,Filbert Tomczykiewicz,066 Little Fleur Alley,98447,WA,ftomczykiewiczgh@alibaba.com
595,Tomlin Edgehill,6343 Pearson Center,55108,MN,tedgehillgi@goodreads.com
596,Sarine Idel,745 Drewry Alley,98424,WA,sidelgj@timesonline.co.uk
597,Dee Murdoch,22 Scofield Drive,76711,TX,dmurdochgk@go.com
598,Kare Robroe,127 Muir Drive,32128,FL,krobroegl@amazon.co.jp
599,Jarvis Valerius,1773 Graedel Center,89012,NV,jvaleriusgm@zimbio.com
600,Ruprecht Cawsy,8 Golf Course Parkway,44393,OH,rcawsygn@cbc.ca
601,Joela Parcells,0639 Raven Court,46295,IN,jparcellsgo@github.io
602,Darwin Wynett,0427 Dorton Trail,74193,OK,dwynettgp@guardian.co.uk
603,Dallon Cowdroy,6871 Garrison Drive,22184,VA,dcowdroygq@constantcontact.com
604,Cindra Gurwood,0781 Clarendon Pass,78205,TX,cgurwoodgr@facebook.com
605,Bald Hammer,7910 Manufacturers Pass,11215,NY,bhammergs@domainmarket.com
606,Cassandry Maunsell,593 Lawn Court,28225,NC,cmaunsellgt@ft.com
607,Tommy Bellenger,996 Prairie Rose Drive,31165,GA,tbellengergu@cocolog-nifty.com
608,Hendrick Pawelke,37 Loomis Center,96850,HI,hpawelkegv@addthis.com
609,Davina Sipson,70 Memorial Avenue,44485,OH,dsipsongw@etsy.com
610,Roselle Padwick,15287 Longview Center,85305,AZ,rpadwickgx@prlog.org
611,Kassandra Briat,6034 Eagan Center,47812,IN,kbriatgy@paginegialle.it
612,Nico Culpan,846 Hoffman Trail,19810,DE,nculpangz@multiply.com
613,Perry Gyurko,27 Warner Circle,81505,CO,pgyurkoh0@typepad.com
614,Amberly Chaudret,054 Hauk Drive,33742,FL,achaudreth1@comsenz.com
615,Alika Milligan,065 Prairieview Parkway,85067,AZ,amilliganh2@va.gov
616,Kathleen Bolzen,6 2nd Street,27605,NC,kbolzenh3@ucsd.edu
617,Tasia Pudding,04599 Corben Way,90840,CA,tpuddingh4@ucoz.com
618,Deane Clandillon,5 Buell Way,36622,AL,dclandillonh5@fc2.com
619,Silvana Wainman,966 Dryden Lane,20046,DC,swainmanh6@slate.com
620,Ware Erickson,094 Holy Cross Alley,26505,WV,wericksonh7@diigo.com
621,Brit Layus,4854 Iowa Center,93773,CA,blayush8@google.pl
622,Terrence Gath,9 Spenser Alley,33153,FL,tgathh9@de.vu
623,Gloriana Ouldcott,6 Fairfield Crossing,98687,WA,gouldcottha@altervista.org
624,Gustavus Sandbatch,8165 Meadow Valley Avenue,84189,UT,gsandbatchhb@merriam-webster.com
625,Wait Messham,52 Bayside Avenue,06606,CT,wmesshamhc@state.gov
626,Glennis Henstridge,12760 Tony Court,02905,RI,ghenstridgehd@soundcloud.com
627,Thebault Tupper,9618 Hayes Alley,75265,TX,ttupperhe@joomla.org
628,Flore Sawkin,50206 Harbort Avenue,30033,GA,fsawkinhf@ehow.com
629,Marcel Lghan,73 Shoshone Place,14604,NY,mlghanhg@apple.com
630,Sabra Kiwitz,99 Moulton Street,25305,WV,skiwitzhh@state.tx.us
631,Benedetto Scrigmour,06 Lighthouse Bay Hill,88563,TX,bscrigmourhi@cpanel.net
632,Dietrich Weine,9 Marcy Avenue,92013,CA,dweinehj@ask.com
633,Marilee Roloff,0823 Welch Place,36195,AL,mroloffhk@pinterest.com
634,Lynn Dolligon,74 Blaine Park,47812,IN,ldolligonhl@ibm.com
635,Jeanne Cobleigh,67273 Bluejay Place,63131,MO,jcobleighhm@ted.com
636,Faunie Van den Velden,80 Cody Plaza,33805,FL,fvanhn@instagram.com
637,Pooh Munsey,5 Arrowood Trail,92619,CA,pmunseyho@deviantart.com
638,Marven Pietrzak,19588 Westend Court,47732,IN,mpietrzakhp@dropbox.com
639,Dugald Coleson,24410 Carey Avenue,76210,TX,dcolesonhq@infoseek.co.jp
640,Alonso Foskin,755 Talmadge Crossing,99205,WA,afoskinhr@virginia.edu
641,Jacques Pentecust,12 Di Loreto Center,20016,DC,jpentecusths@miitbeian.gov.cn
642,Trstram Tremaine,043 Pond Plaza,99790,AK,ttremaineht@google.nl
643,Earlie Glanvill,670 Arkansas Crossing,70183,LA,eglanvillhu@umich.edu
644,Shannah Climo,46553 Monica Junction,20010,DC,sclimohv@pinterest.com
645,Gray Abbatini,9 Victoria Park,23285,VA,gabbatinihw@adobe.com
646,Mayne Snoxell,600 Jenifer Pass,12325,NY,msnoxellhx@cisco.com
647,Denver Damrel,355 Westridge Court,36195,AL,ddamrelhy@canalblog.com
648,Celestina Marques,7 Warbler Lane,37228,TN,cmarqueshz@theatlantic.com
649,Alfi Bairstow,8 Texas Plaza,21229,MD,abairstowi0@behance.net
650,Ethel Legier,32394 Maywood Trail,21265,MD,elegieri1@japanpost.jp
651,Alli Eddie,75055 Marcy Plaza,14225,NY,aeddiei2@japanpost.jp
652,Robin Boissier,13 High Crossing Street,33731,FL,rboissieri3@surveymonkey.com
653,Lucho Sparks,334 Badeau Alley,83711,ID,lsparksi4@tamu.edu
654,Avrit Kierans,42 New Castle Park,18763,PA,akieransi5@epa.gov
655,King Roscam,6 Daystar Way,17405,PA,kroscami6@usgs.gov
656,Aksel Phillip,53447 International Terrace,45999,OH,aphillipi7@bloglines.com
657,Bennett Duncombe,8279 Porter Road,14619,NY,bduncombei8@sakura.ne.jp
658,Kalil Breckin,582 Debs Lane,19897,DE,kbreckini9@timesonline.co.uk
659,Calv Bagnal,0760 Sunbrook Road,20409,DC,cbagnalia@youtube.com
660,Esther Sholl,2397 Eastwood Junction,70894,LA,eshollib@merriam-webster.com
661,Giorgia Blazek,766 Claremont Court,19184,PA,gblazekic@fastcompany.com
662,Horace Camoletto,2693 Stuart Way,33715,FL,hcamolettoid@goodreads.com
663,Andris Olivazzi,73 Novick Terrace,89595,NV,aolivazziie@mapquest.com
664,Rafa Ricco,45 Grasskamp Parkway,33913,FL,rriccoif@bloglines.com
665,Else Cassely,58 Superior Place,91841,CA,ecasselyig@myspace.com
666,Olin Ramplee,8 Fairview Place,98148,WA,orampleeih@narod.ru
667,Scotti Medina,4057 Vernon Point,70815,LA,smedinaii@list-manage.com
668,Iona Wallworth,57483 Michigan Circle,74184,OK,iwallworthij@macromedia.com
669,Carley Thorogood,111 Mockingbird Way,84152,UT,cthorogoodik@microsoft.com
670,Emylee Elliff,6 Hazelcrest Junction,20546,DC,eelliffil@seesaa.net
671,Web Sails,425 Thierer Junction,16510,PA,wsailsim@vinaora.com
672,Kaylyn Rider,91 Mesta Point,10125,NY,kriderin@gov.uk
673,Ricardo Claque,795 Nobel Road,52804,IA,rclaqueio@weibo.com
674,Farrand Menauteau,6 Gateway Junction,94089,CA,fmenauteauip@independent.co.uk
675,Spencer Castledine,8262 Pankratz Road,28220,NC,scastledineiq@jalbum.net
676,Haroun Cattermoul,1 Wayridge Place,43210,OH,hcattermoulir@fotki.com
677,Martino Hefforde,08 Warrior Pass,85260,AZ,mheffordeis@shinystat.com
678,Bonnee Vashchenko,993 Towne Court,10260,NY,bvashchenkoit@behance.net
679,Maryann Catterall,30 Washington Terrace,99252,WA,mcatteralliu@aboutads.info
680,Pammy McIlvoray,952 Bartillon Avenue,33758,FL,pmcilvorayiv@wiley.com
681,Bryn Longfellow,6268 Ramsey Crossing,45470,OH,blongfellowiw@marketwatch.com
682,Elroy Luxford,966 Troy Point,27658,NC,eluxfordix@fastcompany.com
683,Brandais Tibbotts,37 Oriole Park,92145,CA,btibbottsiy@forbes.com
684,Janek Fortoun,97328 Cardinal Drive,21275,MD,jfortouniz@bbc.co.uk
685,Myrilla Monck,94 Eastwood Hill,34238,FL,mmonckj0@skype.com
686,Krispin Ollin,52798 2nd Center,02208,MA,kollinj1@globo.com
687,Thomasina Sollom,87703 Darwin Pass,95828,CA,tsollomj2@com.com
688,Faina Hintzer,5 Hauk Street,95128,CA,fhintzerj3@hexun.com
689,Midge Dallow,9 Eggendart Court,79415,TX,mdallowj4@themeforest.net
690,Zorine Petzold,31 Michigan Hill,94257,CA,zpetzoldj5@yolasite.com
691,Xaviera Guterson,53 Karstens Avenue,06105,CT,xgutersonj6@cafepress.com
692,Liuka Meron,6 Basil Plaza,15220,PA,lmeronj7@com.com
693,Fonsie Christy,41 Fuller Plaza,23225,VA,fchristyj8@businessweek.com
694,Morly McIlwraith,5 Tennessee Way,32255,FL,mmcilwraithj9@fastcompany.com
695,Lyndsie Alexandre,731 Lyons Way,62764,IL,lalexandreja@multiply.com
696,Andrey Enrietto,2677 Towne Alley,98121,WA,aenriettojb@patch.com
697,Leontine Nockolds,00 North Junction,35231,AL,lnockoldsjc@omniture.com
698,Ginevra Meekins,83073 Delaware Center,94291,CA,gmeekinsjd@typepad.com
699,Jacquetta Jannequin,5 Arizona Drive,48232,MI,jjannequinje@microsoft.com
700,Aviva Eslie,779 Delaware Road,10120,NY,aesliejf@homestead.com
701,Beckie Liversage,0 Randy Hill,21705,MD,bliversagejg@plala.or.jp
702,Ewart Meyer,66 4th Lane,34114,FL,emeyerjh@japanpost.jp
703,Jacky Rameaux,987 Glacier Hill Road,21203,MD,jrameauxji@ucoz.ru
704,Garvin Leatherborrow,17930 Vahlen Street,32868,FL,gleatherborrowjj@cloudflare.com
705,Laverna Butterwick,55 Muir Junction,08603,NJ,lbutterwickjk@hexun.com
706,George Bezzant,79207 Union Road,91109,CA,gbezzantjl@shop-pro.jp
707,Danila Guisot,88234 Goodland Center,46857,IN,dguisotjm@jiathis.com
708,Cathe Rickis,3 Ohio Way,32909,FL,crickisjn@geocities.jp
709,Shelly Barthelet,73 Nobel Terrace,12325,NY,sbartheletjo@intel.com
710,Fannie Dafter,60019 Brickson Park Way,75372,TX,fdafterjp@ihg.com
711,Koressa Tappin,61 Mayfield Lane,43284,OH,ktappinjq@nifty.com
712,Connor Crockett,82 Mosinee Lane,72916,AR,ccrockettjr@washington.edu
713,Ira Strank,0750 Mallory Pass,10249,NY,istrankjs@businessinsider.com
714,Fidelio Turmel,36599 Trailsway Crossing,85383,AZ,fturmeljt@vk.com
715,Iseabal Brickell,8404 Schiller Street,70183,LA,ibrickellju@etsy.com
716,Jojo Doale,82 Portage Plaza,85025,AZ,jdoalejv@google.co.uk
717,Tobye BoHlingolsen,582 Graceland Pass,47719,IN,tbohlingolsenjw@yahoo.com
718,Shell Garron,2 Tomscot Point,25716,WV,sgarronjx@cyberchimps.com
719,Donall Abden,49618 Morrow Trail,46699,IN,dabdenjy@nyu.edu
720,Rhianon Stapels,48543 Rowland Court,95194,CA,rstapelsjz@edublogs.org
721,Maximo Dreinan,0782 Arrowood Court,78415,TX,mdreinank0@yandex.ru
722,Guido Rizzardini,36984 Orin Court,85305,AZ,grizzardinik1@yahoo.co.jp
723,Sampson Zincke,8610 Kingsford Avenue,28210,NC,szinckek2@wp.com
724,Thaine Waterstone,36 Elgar Plaza,23605,VA,twaterstonek3@ocn.ne.jp
725,Brynna Placido,184 Hudson Drive,38188,TN,bplacidok4@unc.edu
726,Gloriana Cleghorn,72 Kensington Avenue,57193,SD,gcleghornk5@cargocollective.com
727,Noelle Esgate,3055 Mcguire Trail,33069,FL,nesgatek6@quantcast.com
728,Tannie Slowan,4580 Hagan Place,75226,TX,tslowank7@forbes.com
729,Fairleigh Prisk,3636 Mcguire Court,21705,MD,fpriskk8@lycos.com
730,Rafe Saltwell,91020 Toban Pass,63143,MO,rsaltwellk9@wix.com
731,Noami Prendergast,98425 Arizona Court,84105,UT,nprendergastka@google.com.hk
732,Martha Hawker,3464 Pepper Wood Junction,10170,NY,mhawkerkb@sun.com
733,Ericha Hardistry,92 Eagan Plaza,94207,CA,ehardistrykc@tinypic.com
734,Gabriell Kindall,92782 Mallory Plaza,93704,CA,gkindallkd@desdev.cn
735,Maura Jebb,32105 Forest Dale Alley,46825,IN,mjebbke@rediff.com
736,Roosevelt Hewell,6608 Ridgeway Point,92519,CA,rhewellkf@ycombinator.com
737,Bab Bulled,4 Barby Plaza,22205,VA,bbulledkg@si.edu
738,Elwin Fedorski,96 Lakewood Crossing,40581,KY,efedorskikh@berkeley.edu
739,Romonda Edlestone,666 Cambridge Way,80015,CO,redlestoneki@paypal.com
740,Dru Troutbeck,10470 Bowman Terrace,27621,NC,dtroutbeckkj@google.com.br
741,Chrissie Saulter,7081 Kim Crossing,91411,CA,csaulterkk@sakura.ne.jp
742,Kip McClory,11 Mariners Cove Court,77025,TX,kmcclorykl@hexun.com
743,Malory Sonnenschein,1 Northview Crossing,75265,TX,msonnenscheinkm@mozilla.org
744,Briana Hinnerk,9 Dottie Center,95813,CA,bhinnerkkn@digg.com
745,Saree Vigors,53255 Valley Edge Center,95894,CA,svigorsko@reuters.com
746,Keriann Todarello,5806 Ronald Regan Way,20051,DC,ktodarellokp@mapquest.com
747,Katey Lars,65 Northridge Avenue,45223,OH,klarskq@webeden.co.uk
748,Jeramey Leckey,55 Eagan Trail,64130,MO,jleckeykr@1688.com
749,Orton Goodrick,118 Surrey Pass,45807,OH,ogoodrickks@wiley.com
750,Francisca Shepherdson,2451 Pine View Junction,06152,CT,fshepherdsonkt@oaic.gov.au
751,Keeley Kerman,6257 Manufacturers Circle,88514,TX,kkermanku@earthlink.net
752,Ardis Kohnen,54520 Alpine Court,22205,VA,akohnenkv@army.mil
753,Amandie Hryniewicki,323 Lotheville Hill,79159,TX,ahryniewickikw@de.vu
754,Wendel Tiffney,66 Sommers Trail,63116,MO,wtiffneykx@abc.net.au
755,Hally Eidler,2919 Esker Circle,37220,TN,heidlerky@hubpages.com
756,Cordy Chave,2 Oak Valley Hill,31210,GA,cchavekz@nydailynews.com
757,Courtnay Attle,00 Eggendart Junction,80127,CO,cattlel0@oakley.com
758,Gae Olding,308 Stuart Way,20566,DC,goldingl1@themeforest.net
759,Dennie Bestwall,47855 Monica Junction,74126,OK,dbestwalll2@globo.com
760,Maurizio Olczak,03794 Emmet Alley,74103,OK,molczakl3@yale.edu
761,Aurel Van der Brugge,8 Sugar Pass,76178,TX,avanl4@shutterfly.com
762,Teddy O'Hagan,99940 Dahle Junction,37416,TN,tohaganl5@ed.gov
763,Tessie Heminsley,1196 Anhalt Drive,20535,DC,theminsleyl6@paypal.com
764,Josephina Garthshore,31 Declaration Avenue,92196,CA,jgarthshorel7@merriam-webster.com
765,Pauly Antushev,78 Homewood Avenue,77005,TX,pantushevl8@cmu.edu
766,Letitia Morbey,49630 Johnson Park,36205,AL,lmorbeyl9@newyorker.com
767,Michaelina Fosserd,73 Michigan Center,85305,AZ,mfosserdla@cpanel.net
768,Katuscha Brenstuhl,86572 Fallview Center,35905,AL,kbrenstuhllb@joomla.org
769,Ariel Misken,95 Jenifer Alley,64187,MO,amiskenlc@loc.gov
770,Rozamond Kinny,33842 Talmadge Hill,94605,CA,rkinnyld@salon.com
771,Carry Brandom,70 Center Park,72231,AR,cbrandomle@telegraph.co.uk
772,Minne Hows,2 Nelson Junction,32277,FL,mhowslf@hatena.ne.jp
773,Seana Giacopazzi,2 4th Plaza,44321,OH,sgiacopazzilg@privacy.gov.au
774,Finley Dulson,232 Harbort Way,91117,CA,fdulsonlh@mayoclinic.com
775,Dorene Stodd,695 Pierstorff Alley,92153,CA,dstoddli@washingtonpost.com
776,Renaud Wince,8548 Erie Park,20260,DC,rwincelj@cargocollective.com
777,Domenico Mussared,6599 Kennedy Trail,68134,NE,dmussaredlk@pbs.org
778,Adella Speck,29 David Plaza,78245,TX,aspeckll@naver.com
779,Sioux Reinard,678 Mallard Street,29203,SC,sreinardlm@comsenz.com
780,Jacinthe Marlin,2845 Marquette Parkway,02283,MA,jmarlinln@reference.com
781,Ethe Hollerin,95128 Maple Wood Way,80951,CO,ehollerinlo@phpbb.com
782,Cletus Martyntsev,146 Clyde Gallagher Parkway,46295,IN,cmartyntsevlp@freewebs.com
783,Susie Sloss,6 Hermina Street,75074,TX,sslosslq@cbc.ca
784,Claretta Ponten,141 Sherman Point,84140,UT,cpontenlr@a8.net
785,Layton Hocking,87 Golf View Road,79171,TX,lhockingls@walmart.com
786,Emanuel Lightollers,24553 Moulton Way,52809,IA,elightollerslt@slideshare.net
787,Valerye Downham,6268 Thierer Place,64193,MO,vdownhamlu@timesonline.co.uk
788,Aleda Caswall,526 Waubesa Road,67215,KS,acaswalllv@oracle.com
789,Claudia Dalston,584 Village Street,19810,DE,cdalstonlw@google.com
790,Kelvin Theurer,7 Ryan Avenue,78759,TX,ktheurerlx@ed.gov
791,Doro Coveny,467 Shopko Junction,94110,CA,dcovenyly@gizmodo.com
792,Martyn Bamsey,2389 Blackbird Alley,61614,IL,mbamseylz@php.net
793,Amabelle Buesnel,7746 Vernon Lane,60646,IL,abuesnelm0@behance.net
794,Cristabel Eggleston,33 Shopko Street,37919,TN,cegglestonm1@uiuc.edu
795,Matty Citrine,44 Ridgeway Junction,92115,CA,mcitrinem2@hp.com
796,Justis McBayne,7451 Hanson Court,35205,AL,jmcbaynem3@ftc.gov
797,Granny Giamelli,847 Schurz Avenue,33710,FL,ggiamellim4@addtoany.com
798,Dwight Shilling,9 Gerald Terrace,77020,TX,dshillingm5@ocn.ne.jp
799,Wayland Calterone,0720 Tennessee Trail,95173,CA,wcalteronem6@sphinn.com
800,Gardie McChruiter,3011 Ohio Street,55564,MN,gmcchruiterm7@ibm.com
801,Karlan Alfonzo,5491 Becker Hill,53716,WI,kalfonzom8@newsvine.com
802,Ellwood Conneely,55594 Judy Avenue,36134,AL,econneelym9@jugem.jp
803,Allard Mealing,35888 Kipling Way,14652,NY,amealingma@123-reg.co.uk
804,Willi Ficken,4556 Manley Point,33994,FL,wfickenmb@chron.com
805,Adelbert Batchan,80 Eggendart Center,20022,DC,abatchanmc@time.com
806,Megan Petrol,22023 Northland Park,75251,TX,mpetrolmd@paypal.com
807,Marlin Roderigo,4527 Lakewood Pass,87110,NM,mroderigome@behance.net
808,Gaynor Holleworth,69 Summit Junction,34620,FL,gholleworthmf@quantcast.com
809,Janenna Philler,9 Cody Parkway,40591,KY,jphillermg@youku.com
810,Rawley Welton,55 Toban Court,21211,MD,rweltonmh@japanpost.jp
811,Francois Leneve,82466 Express Terrace,40250,KY,flenevemi@npr.org
812,Winna Simpkins,1 Eagle Crest Pass,90405,CA,wsimpkinsmj@w3.org
813,Welch Uc,902 Esker Street,45203,OH,wucmk@unesco.org
814,Ransom Lengthorn,48570 David Crossing,10150,NY,rlengthornml@discovery.com
815,Allyson Affleck,6 Buena Vista Place,88525,TX,aaffleckmm@jigsy.com
816,Roderic Acland,27 Mockingbird Trail,83716,ID,raclandmn@topsy.com
817,Lynsey Hantusch,19553 Anthes Alley,92176,CA,lhantuschmo@cam.ac.uk
818,Clarabelle Beresfore,04 Mallory Drive,40215,KY,cberesforemp@posterous.com
819,Leighton Borges,0509 Pepper Wood Court,75049,TX,lborgesmq@yellowpages.com
820,Warner Trythall,2702 Debra Point,46634,IN,wtrythallmr@berkeley.edu
821,Aline Goucher,44 Moose Lane,98664,WA,agoucherms@ebay.co.uk
822,Olia Tuley,99 Luster Alley,40581,KY,otuleymt@nbcnews.com
823,Millie Folliss,129 Pankratz Crossing,95138,CA,mfollissmu@deviantart.com
824,Bendick Faithfull,7416 Fulton Drive,66225,KS,bfaithfullmv@xing.com
825,Steffane Iggo,7461 Kennedy Circle,79940,TX,siggomw@wisc.edu
826,Georgi Aslum,64336 Acker Parkway,55103,MN,gaslummx@unesco.org
827,Xaviera McGaughie,5335 Meadow Valley Hill,30328,GA,xmcgaughiemy@slashdot.org
828,Aubrie Henderson,47 La Follette Alley,43656,OH,ahendersonmz@narod.ru
829,Mignonne Scawton,62691 Golf View Plaza,23551,VA,mscawtonn0@nsw.gov.au
830,Fletcher Martinets,8869 Annamark Road,27621,NC,fmartinetsn1@skype.com
831,Sax Lorrain,136 Debs Lane,46867,IN,slorrainn2@ustream.tv
832,Norton Moultrie,9458 Harper Drive,68105,NE,nmoultrien3@slashdot.org
833,Ingaborg Middup,96787 Hintze Circle,34474,FL,imiddupn4@behance.net
834,Gifford Cookney,056 Leroy Hill,85030,AZ,gcookneyn5@bloglines.com
835,Peta Kenright,0045 Eastlawn Junction,90605,CA,pkenrightn6@businessinsider.com
836,Gothart Orlton,1 Erie Park,55805,MN,gorltonn7@mozilla.com
837,Lorraine Kaasman,97 Thompson Way,45414,OH,lkaasmann8@businesswire.com
838,Maryanne Hainey`,22 Derek Crossing,28278,NC,mhaineyn9@barnesandnoble.com
839,Valma Immins,58 Lotheville Terrace,61605,IL,vimminsna@theglobeandmail.com
840,Wyatt Faustian,9 Express Street,40505,KY,wfaustiannb@comsenz.com
841,Hercules Daish,03049 Kropf Alley,14652,NY,hdaishnc@census.gov
842,Erminia Semechik,291 Forest Plaza,95405,CA,esemechiknd@list-manage.com
843,Clem Ferrick,0 Maple Road,80920,CO,cferrickne@redcross.org
844,Hewett Knott,9698 Old Shore Avenue,84130,UT,hknottnf@list-manage.com
845,Shurlock Sidon,964 Westport Point,12325,NY,ssidonng@opensource.org
846,Danita Have,028 Kedzie Court,85040,AZ,dhavenh@constantcontact.com
847,Bennie Tidball,2408 Arizona Junction,91841,CA,btidballni@bloomberg.com
848,Sigfrid Rilston,0541 Bluejay Alley,43226,OH,srilstonnj@ebay.com
849,Kass Cheake,27740 Lindbergh Park,29625,SC,kcheakenk@tuttocitta.it
850,Tate Heindrick,627 Macpherson Parkway,48555,MI,theindricknl@biglobe.ne.jp
851,Cordey Emanuele,6995 Rockefeller Alley,20167,VA,cemanuelenm@qq.com
852,Elianore Coulthart,144 Fuller Street,22156,VA,ecoulthartnn@nih.gov
853,Alejandra Menis,05 Crownhardt Center,79118,TX,amenisno@vk.com
854,Callie Gilhespy,75 Farmco Road,94263,CA,cgilhespynp@dyndns.org
855,Moria Redit,10 Hauk Park,23203,VA,mreditnq@com.com
856,Babette Crolly,7 Welch Center,95838,CA,bcrollynr@walmart.com
857,Annora Flintuff,77853 Bashford Junction,45223,OH,aflintuffns@yelp.com
858,Emiline Musto,3 Vera Place,77493,TX,emustont@goo.gl
859,Nicolea Linkleter,103 Fisk Plaza,45296,OH,nlinkleternu@redcross.org
860,Ora Matz,5786 Division Alley,90025,CA,omatznv@so-net.ne.jp
861,Ade MacShirrie,19 Welch Hill,33763,FL,amacshirrienw@csmonitor.com
862,Burch Jantet,7 Onsgard Street,52410,IA,bjantetnx@dyndns.org
863,Chelsea Poskitt,5219 Park Meadow Lane,38150,TN,cposkittny@printfriendly.com
864,Clarita Nottle,490 Bayside Place,89436,NV,cnottlenz@webmd.com
865,Duffy Stuffins,6 Stoughton Plaza,45440,OH,dstuffinso0@ycombinator.com
866,Marline Brettle,7164 Duke Plaza,40515,KY,mbrettleo1@cloudflare.com
867,Rori Topliss,87262 Maryland Park,85271,AZ,rtoplisso2@surveymonkey.com
868,Neda Casperri,033 Manley Place,92825,CA,ncasperrio3@jimdo.com
869,Rafa Fairy,4 Service Place,43666,OH,rfairyo4@washingtonpost.com
870,Malinde Gilhooly,27361 Badeau Crossing,46015,IN,mgilhoolyo5@eepurl.com
871,Hillyer Felton,40858 Miller Junction,73197,OK,hfeltono6@berkeley.edu
872,Jessee Stillman,71337 Trailsway Trail,55114,MN,jstillmano7@delicious.com
873,Gus Cundict,406 Summer Ridge Plaza,30096,GA,gcundicto8@bbb.org
874,Gratia Mallinder,7059 Basil Point,40256,KY,gmallindero9@ucoz.ru
875,Coleman Waldron,624 Lakeland Terrace,08603,NJ,cwaldronoa@zimbio.com
876,Bernette Nawton,705 Mendota Plaza,77075,TX,bnawtonob@usa.gov
877,Kiersten Uzelli,58598 Gulseth Circle,80044,CO,kuzellioc@macromedia.com
878,Dani Berston,15 Twin Pines Street,98166,WA,dberstonod@state.tx.us
879,Lurlene Ridsdell,7658 Harbort Place,85311,AZ,lridsdelloe@indiegogo.com
880,Tootsie Foreman,75 Toban Center,62776,IL,tforemanof@sun.com
881,Chickie Goodnow,869 Coolidge Way,62711,IL,cgoodnowog@arstechnica.com
882,Frannie Ferraro,5 Gerald Hill,37220,TN,fferrarooh@java.com
883,Helaine Mulvihill,2375 Gateway Trail,93584,CA,hmulvihilloi@ow.ly
884,Lulita Martino,61604 Manufacturers Hill,33069,FL,lmartinooj@reference.com
885,Chrystel Titheridge,162 Blackbird Street,60681,IL,ctitheridgeok@prlog.org
886,Rowan Ratie,37293 Pankratz Drive,98516,WA,rratieol@techcrunch.com
887,Amity Brundell,7 Anniversary Road,79923,TX,abrundellom@4shared.com
888,Eba Nuttey,67 Loomis Circle,60078,IL,enutteyon@salon.com
889,Karleen Antrim,81965 Merry Way,44130,OH,kantrimoo@xrea.com
890,Felita Raynes,53199 Elgar Parkway,94147,CA,fraynesop@aol.com
891,Gottfried Elizabeth,20113 Clemons Junction,22111,VA,gelizabethoq@army.mil
892,Mycah Ramlot,708 Crescent Oaks Circle,33913,FL,mramlotor@blinklist.com
893,Seward Merredy,9 Jay Point,79159,TX,smerredyos@shutterfly.com
894,Ferguson Lockett,7720 Sunfield Plaza,84145,UT,flockettot@netscape.com
895,Vladimir Hummerston,4 Emmet Park,78205,TX,vhummerstonou@uol.com.br
896,Franky Shreeve,8 Division Circle,18505,PA,fshreeveov@adobe.com
897,Brandi Dykas,4 Anhalt Way,79165,TX,bdykasow@shutterfly.com
898,Caz Oaten,40826 Meadow Vale Way,14215,NY,coatenox@wix.com
899,Lonna Titmus,631 Veith Way,96850,HI,ltitmusoy@goo.gl
900,Cary Claiton,9 Fallview Road,55585,MN,cclaitonoz@over-blog.com
901,Mallorie Bartol,859 Acker Pass,66225,KS,mbartolp0@tiny.cc
902,Iggie Buffham,24 Forster Hill,11480,NY,ibuffhamp1@51.la
903,Ruthe Osgar,75675 Lien Plaza,76796,TX,rosgarp2@mozilla.org
904,Hoebart McBain,97 Pierstorff Circle,55470,MN,hmcbainp3@ebay.com
905,Nickie Aronoff,0 Hallows Park,77234,TX,naronoffp4@rakuten.co.jp
906,Ronny Burberow,17 3rd Trail,53785,WI,rburberowp5@xinhuanet.com
907,Rriocard Bonnick,8 Londonderry Point,92883,CA,rbonnickp6@rambler.ru
908,Wilbur Blesing,8 Southridge Park,47805,IN,wblesingp7@admin.ch
909,Mavis Goolden,2 Killdeer Plaza,40576,KY,mgooldenp8@gmpg.org
910,Clary Greggor,92139 Iowa Terrace,40505,KY,cgreggorp9@last.fm
911,Erinna Causley,9243 Crescent Oaks Crossing,02405,MA,ecausleypa@paginegialle.it
912,Annalee Neate,658 Dennis Plaza,94302,CA,aneatepb@yelp.com
913,Hayward Harrop,851 Waubesa Junction,77554,TX,hharroppc@vimeo.com
914,Olvan Boosey,0969 Coolidge Alley,02216,MA,obooseypd@wikia.com
915,Petunia Eskell,092 Ryan Avenue,25721,WV,peskellpe@huffingtonpost.com
916,Bren Trevorrow,264 Moland Terrace,02745,MA,btrevorrowpf@tripadvisor.com
917,Napoleon Abrahamoff,2 Hooker Street,23504,VA,nabrahamoffpg@nps.gov
918,Cymbre Ferryn,0998 Mcguire Trail,31205,GA,cferrynph@example.com
919,Norah D'Aulby,7693 Luster Hill,23285,VA,ndaulbypi@gizmodo.com
920,Karola Jindrak,37723 Maple Plaza,11024,NY,kjindrakpj@princeton.edu
921,Juieta Heaysman,91 Dwight Plaza,98133,WA,jheaysmanpk@mashable.com
922,Jody Rebichon,278 Laurel Trail,78044,TX,jrebichonpl@com.com
923,Elmira Renhard,6 Stuart Hill,98185,WA,erenhardpm@globo.com
924,Emmy Marvel,3298 Del Sol Drive,20456,DC,emarvelpn@webeden.co.uk
925,Lelah Shakesby,39 Sauthoff Road,25305,WV,lshakesbypo@columbia.edu
926,Giralda Limpertz,00924 Mallard Place,78215,TX,glimpertzpp@exblog.jp
927,Dianne Meadley,92 Northland Circle,64153,MO,dmeadleypq@mtv.com
928,Iver Finnemore,3560 Ramsey Court,20099,DC,ifinnemorepr@fastcompany.com
929,Sada Rixon,00 Bluestem Park,85067,AZ,srixonps@usgs.gov
930,Dot Henze,13 Pawling Parkway,55417,MN,dhenzept@cafepress.com
931,Annabella Wais,17381 Butternut Place,55123,MN,awaispu@who.int
932,Willetta Gabbitis,4 Forest Run Junction,97232,OR,wgabbitispv@globo.com
933,Denice Ruger,3648 Sutherland Lane,89178,NV,drugerpw@mayoclinic.com
934,Elbertine Fury,116 Jana Lane,98195,WA,efurypx@taobao.com
935,Roshelle Smidmor,8 Heath Center,85045,AZ,rsmidmorpy@example.com
936,Merrill Alesin,3565 Florence Pass,64199,MO,malesinpz@nifty.com
937,Leshia Bearsmore,4672 Monument Hill,10090,NY,lbearsmoreq0@europa.eu
938,Lowe Peaker,9 Utah Junction,91616,CA,lpeakerq1@google.ru
939,Vera Aizkovitch,86006 Vahlen Parkway,33705,FL,vaizkovitchq2@ihg.com
940,Niko Jedrzejewicz,8 Northport Circle,74184,OK,njedrzejewiczq3@unesco.org
941,Conn Deinert,5 Carey Pass,17622,PA,cdeinertq4@artisteer.com
942,Filide Rickards,59 Sachs Court,38136,TN,frickardsq5@wordpress.com
943,Vail Fisbey,90263 New Castle Drive,78044,TX,vfisbeyq6@theglobeandmail.com
944,Patsy Woffenden,390 Buhler Way,75710,TX,pwoffendenq7@yahoo.com
945,Dicky Leebeter,2487 Laurel Plaza,90405,CA,dleebeterq8@examiner.com
946,Henri Lethcoe,4621 Cherokee Parkway,79968,TX,hlethcoeq9@parallels.com
947,Wynn Tape,04084 Moland Circle,85083,AZ,wtapeqa@economist.com
948,Karna Burbridge,606 Dayton Avenue,59771,MT,kburbridgeqb@hubpages.com
949,Piggy Brettel,48859 Little Fleur Alley,22096,VA,pbrettelqc@lycos.com
950,Kendrick Speakman,1838 Prairie Rose Park,24009,VA,kspeakmanqd@jigsy.com
951,Georgena Curle,886 Emmet Road,33111,FL,gcurleqe@tinyurl.com
952,Moyna Tommasetti,0 Bowman Crossing,61614,IL,mtommasettiqf@epa.gov
953,Kennett Wanjek,38727 Dorton Hill,34210,FL,kwanjekqg@fda.gov
954,Lita Barniss,404 Sycamore Court,75062,TX,lbarnissqh@google.fr
955,Cathe Queste,5 Ronald Regan Park,24503,VA,cquesteqi@unc.edu
956,Donnie D'Hooge,1 Corscot Crossing,30092,GA,ddhoogeqj@latimes.com
957,Lorne Vitte,0919 School Trail,06912,CT,lvitteqk@java.com
958,Jasmin Pleace,3454 John Wall Alley,84140,UT,jpleaceql@ning.com
959,Julienne Yurtsev,47636 Maryland Crossing,45228,OH,jyurtsevqm@elpais.com
960,Debee Toleman,03 Bowman Center,85311,AZ,dtolemanqn@slideshare.net
961,Yorgos Newcomen,523 Service Plaza,32590,FL,ynewcomenqo@jimdo.com
962,Jerry Germann,46 Lunder Parkway,64190,MO,jgermannqp@printfriendly.com
963,Alwyn Seelbach,8982 Maryland Crossing,60505,IL,aseelbachqq@ucla.edu
964,Lefty Danit,69492 Melvin Alley,02162,MA,ldanitqr@biglobe.ne.jp
965,Tod Peatt,48375 Macpherson Lane,30375,GA,tpeattqs@ycombinator.com
966,Vassily Burtonshaw,85 Hagan Court,68164,NE,vburtonshawqt@shutterfly.com
967,Humfrid Christian,2 Lighthouse Bay Avenue,39404,MS,hchristianqu@gizmodo.com
968,Joana Liggins,0119 Wayridge Road,90605,CA,jligginsqv@nhs.uk
969,Harrie Heyfield,30032 Melody Drive,60663,IL,hheyfieldqw@mozilla.com
970,Kandy Fourmy,2636 Hoard Way,88006,NM,kfourmyqx@mail.ru
971,Vale Biskupski,661 Lillian Crossing,73119,OK,vbiskupskiqy@wikia.com
972,Norrie Cholomin,894 Anderson Center,32868,FL,ncholominqz@joomla.org
973,Aldric Borg-Bartolo,6128 Dixon Alley,33961,FL,aborgbartolor0@reverbnation.com
974,Stefa Hagland,89033 Kingsford Crossing,53716,WI,shaglandr1@upenn.edu
975,Alix Spridgeon,5 South Plaza,43656,OH,aspridgeonr2@wired.com
976,Jephthah Hamlyn,302 Coleman Court,20883,MD,jhamlynr3@themeforest.net
977,Carita Sinney,96758 Comanche Point,28305,NC,csinneyr4@jimdo.com
978,Law Leftwich,6469 Myrtle Point,27264,NC,lleftwichr5@boston.com
979,Pryce Wigginton,3 Dorton Avenue,90020,CA,pwiggintonr6@blog.com
980,Park Boreland,612 Armistice Avenue,61605,IL,pborelandr7@phpbb.com
981,Thea Mulrenan,61143 Warrior Place,32909,FL,tmulrenanr8@ebay.com
982,Barb Doe,76912 Mayfield Terrace,77305,TX,bdoer9@mapy.cz
983,Moreen Breslauer,8801 Mayer Avenue,47805,IN,mbreslauerra@unesco.org
984,Sid Jemmison,07 Acker Crossing,20005,DC,sjemmisonrb@tumblr.com
985,Essy Sheed,8 Bashford Point,02119,MA,esheedrc@biblegateway.com
986,Brendin Papes,79 Loeprich Road,33013,FL,bpapesrd@senate.gov
987,Shaine Howsego,9079 Mockingbird Hill,85715,AZ,showsegore@dmoz.org
988,Freemon Donnison,42021 Texas Way,33913,FL,fdonnisonrf@amazon.com
989,Tedd McKelvey,835 Fallview Way,60646,IL,tmckelveyrg@mayoclinic.com
990,Addy Enoch,1 Lien Circle,63121,MO,aenochrh@cloudflare.com
991,Danella Westcot,301 Meadow Valley Alley,27105,NC,dwestcotri@boston.com
992,Renato Henze,80916 Browning Point,77305,TX,rhenzerj@addtoany.com
993,Prent Wolters,0 Merrick Crossing,20904,MD,pwoltersrk@sogou.com
994,Tracey Silberschatz,028 Packers Lane,13210,NY,tsilberschatzrl@addthis.com
995,Roobbie Conkay,91791 Brown Parkway,78732,TX,rconkayrm@yale.edu
996,Rosabelle Bellino,16198 Anthes Crossing,80255,CO,rbellinorn@huffingtonpost.com
997,Basilio Glamart,841 Nelson Pass,91797,CA,bglamartro@scribd.com
998,Adriano Gartside,98060 Springview Lane,85246,AZ,agartsiderp@merriam-webster.com
999,Jeanine Molines,68991 Delaware Place,90094,CA,jmolinesrq@nasa.gov
1000,Niko Nancarrow,65642 Kedzie Place,84403,UT,nnancarrowrr@nyu.edu
