id,name,address,zipcode,state,email
1,Ailina Attarge,09112 Chive Alley,55123,MN,aattarge0@buzzfeed.com
2,Yvor Pasticznyk,06 Loeprich Junction,16510,PA,ypasticznyk1@forbes.com
3,Angie Barrus,9496 Nobel Way,92405,CA,abarrus2@weebly.com
4,Clarence Shelf,63 Annamark Parkway,25770,WV,cshelf3@printfriendly.com
5,Matthiew Huggin,56735 Columbus Pass,20456,DC,mhuggin4@xinhuanet.com
6,Solomon Johnston,105 West Place,89074,NV,sjohnston5@gmpg.org
7,Murdock Haddrell,13255 Sheridan Pass,30356,GA,mhaddrell6@virginia.edu
8,Rochell Frudd,3 Monterey Parkway,78778,TX,rfrudd7@nsw.gov.au
9,Northrop Battlestone,758 Esch Street,40287,KY,nbattlestone8@nsw.gov.au
10,Matthias Rohan,36373 Hanover Point,33647,FL,mrohan9@stumbleupon.com
11,Ailey Kubicek,7775 Forest Street,20591,DC,akubiceka@google.com.br
12,Riannon Budibent,411 Sutteridge Terrace,40586,KY,rbudibentb@opera.com
13,Dewitt Claricoats,84981 Mccormick Park,03804,NH,dclaricoatsc@g.co
14,Cthrine Idill,1 Bonner Court,53205,WI,cidilld@timesonline.co.uk
15,Ellswerth Maywood,51 Jana Avenue,75226,TX,emaywoode@over-blog.com
16,Fionnula Tylor,77974 Briar Crest Lane,80235,CO,ftylorf@independent.co.uk
17,Alley Waliszek,7602 Meadow Ridge Lane,85305,AZ,awaliszekg@chron.com
18,Twila Carey,01898 Monument Place,75799,TX,tcareyh@networkadvertising.org
19,Mill Adamovsky,0 Kingsford Center,90025,CA,madamovskyi@narod.ru
20,Wyndham de la Valette Parisot,99 Lindbergh Plaza,20226,DC,wdej@mysql.com
21,Doris Snailham,8 Miller Trail,92648,CA,dsnailhamk@t.co
22,Charisse Gladeche,1 Chive Place,94544,CA,cgladechel@sohu.com
23,Diann Gascoyen,20 Harbort Way,64193,MO,dgascoyenm@ehow.com
24,Marc Baterip,8128 Moulton Center,70116,LA,mbateripn@fema.gov
25,Lynett Tull,806 Scoville Lane,45490,OH,ltullo@sfgate.com
26,Kyrstin Leacy,72 Bunting Road,06922,CT,kleacyp@ezinearticles.com
27,Zara Axworthy,055 Kennedy Place,93094,CA,zaxworthyq@engadget.com
28,Hyacinth Wingrove,202 Randy Circle,96815,HI,hwingrover@comcast.net
29,Tandie Cornbill,307 Morning Point,01654,MA,tcornbills@nationalgeographic.com
30,Doralin de Lloyd,3667 Moose Court,19109,PA,ddet@163.com
31,Norrie Gauson,99 Lyons Park,23260,VA,ngausonu@wp.com
32,Jameson Anthes,9 Larry Pass,38168,TN,janthesv@usgs.gov
33,Amabel Surcombe,43308 Loeprich Park,63110,MO,asurcombew@timesonline.co.uk
34,Effie Dumphy,141 Reinke Street,91913,CA,edumphyx@cam.ac.uk
35,Robby Riseborough,0569 Fairview Crossing,37220,TN,rriseboroughy@nsw.gov.au
36,Lenee Penk,7411 Donald Pass,85035,AZ,lpenkz@t-online.de
37,Saundra Bagnal,3 Stoughton Parkway,55166,MN,sbagnal10@cnn.com
38,Alysia Tweddell,54201 Saint Paul Court,40205,KY,atweddell11@msn.com
39,Reuven Benting,31 Darwin Terrace,98115,WA,rbenting12@ning.com
40,Lucky Tregunnah,805 Chive Alley,61635,IL,ltregunnah13@sciencedirect.com
41,Rayshell McCartney,0058 Barnett Court,85383,AZ,rmccartney14@wordpress.org
42,Giacobo Attenbarrow,3063 Del Sol Plaza,02745,MA,gattenbarrow15@arstechnica.com
43,Estell Walwood,9 Thackeray Plaza,97206,OR,ewalwood16@seattletimes.com
44,Jessamyn Morland,474 Arizona Parkway,68110,NE,jmorland17@bbc.co.uk
45,Ches Gorling,9 Russell Way,88553,TX,cgorling18@sina.com.cn
46,Carolann Gurton,93 Delladonna Street,90094,CA,cgurton19@indiatimes.com
47,Christine Cathie,90 Lakeland Center,85062,AZ,ccathie1a@blogger.com
48,Fonsie Bollin,38 Nobel Park,71130,LA,fbollin1b@addthis.com
49,Berk Pash,600 Barnett Drive,43615,OH,bpash1c@hhs.gov
50,Ardisj Petrovykh,275 Heath Terrace,78255,TX,apetrovykh1d@livejournal.com
51,Elvin Janeway,67075 Stone Corner Way,90398,CA,ejaneway1e@sakura.ne.jp
52,Clemmy Crips,807 Hooker Point,44710,OH,ccrips1f@skyrock.com
53,Indira Levay,842 Basil Plaza,14269,NY,ilevay1g@disqus.com
54,Althea Ryding,35437 Kenwood Crossing,80940,CO,aryding1h@ed.gov
55,Pietra Roxbrough,72 Muir Road,90005,CA,proxbrough1i@usda.gov
56,Erinn Huntall,6535 Dahle Hill,73114,OK,ehuntall1j@zdnet.com
57,Nanette Churching,851 Brentwood Parkway,89125,NV,nchurching1k@bbc.co.uk
58,Cyndy Byham,2 Cody Park,89074,NV,cbyham1l@livejournal.com
59,Susanetta Yakushkin,4829 Forest Center,60652,IL,syakushkin1m@usatoday.com
60,Kenny Carleman,3 Ridge Oak Street,92132,CA,kcarleman1n@sohu.com
61,Philippine Kempson,328 Lawn Avenue,36119,AL,pkempson1o@i2i.jp
62,Godiva Stonhewer,572 Sauthoff Point,60208,IL,gstonhewer1p@about.com
63,Laure Gosalvez,8 Stuart Trail,48258,MI,lgosalvez1q@github.com
64,Renaldo Tripcony,1765 Clarendon Point,06922,CT,rtripcony1r@businesswire.com
65,Lynde Biesterfeld,3 Mesta Terrace,84135,UT,lbiesterfeld1s@nyu.edu
66,Marlon Rupert,32410 Mifflin Pass,66210,KS,mrupert1t@yale.edu
67,Yank Friett,9034 Chive Drive,78205,TX,yfriett1u@cdbaby.com
68,Marco Matschoss,361 Forest Circle,23514,VA,mmatschoss1v@biglobe.ne.jp
69,Lynda Ledgard,62637 Rockefeller Junction,47712,IN,lledgard1w@foxnews.com
70,Eugen Dunley,07230 6th Crossing,37235,TN,edunley1x@cbslocal.com
71,Alejandro Okie,6042 Erie Parkway,22301,VA,aokie1y@yellowpages.com
72,Hallsy Ferrillo,6 Old Shore Terrace,07112,NJ,hferrillo1z@g.co
73,Carr Llewhellin,65 Declaration Road,94137,CA,cllewhellin20@histats.com
74,Roxine Tattershaw,94986 Maywood Hill,79950,TX,rtattershaw21@studiopress.com
75,Cherie Butterley,87 Carey Junction,87505,NM,cbutterley22@ibm.com
76,Bailey Quinnet,350 Tomscot Trail,55103,MN,bquinnet23@simplemachines.org
77,Vonnie Jacklin,16975 Continental Junction,27615,NC,vjacklin24@cnbc.com
78,Anya Balint,15 Lakewood Gardens Alley,78710,TX,abalint25@census.gov
79,Morgan Oulner,17196 Pierstorff Court,67230,KS,moulner26@google.co.uk
80,Iain Tinston,05608 Parkside Hill,79176,TX,itinston27@google.es
81,Josias Solomon,1 Elka Terrace,53405,WI,jsolomon28@jimdo.com
82,Analise Searson,13 Dryden Place,68505,NE,asearson29@earthlink.net
83,Pam Vankeev,26468 Lakeland Alley,77305,TX,pvankeev2a@tripod.com
84,Ariella Temporal,51 Petterle Circle,44125,OH,atemporal2b@nyu.edu
85,Margarete Livezley,53840 Knutson Plaza,79911,TX,mlivezley2c@exblog.jp
86,Alfy McWilliams,344 Fieldstone Junction,88525,TX,amcwilliams2d@ocn.ne.jp
87,Luz Benini,8548 American Ash Hill,95818,CA,lbenini2e@exblog.jp
88,Saudra Cheetam,62 Vahlen Junction,90010,CA,scheetam2f@hao123.com
89,Thedrick Coldham,070 Annamark Hill,33961,FL,tcoldham2g@springer.com
90,Emmery Simmank,88983 Oriole Circle,62794,IL,esimmank2h@arstechnica.com
91,Felipa Lynn,47533 Stephen Terrace,11220,NY,flynn2i@nps.gov
92,Tamma Glaum,3 Eliot Lane,98417,WA,tglaum2j@state.gov
93,Brandea Boston,3716 Dapin Point,03804,NH,bboston2k@guardian.co.uk
94,Trish Spradbery,2 Dryden Trail,12210,NY,tspradbery2l@phpbb.com
95,Ania Peaurt,363 Mosinee Trail,34643,FL,apeaurt2m@barnesandnoble.com
96,Corri Clemmey,80325 Morning Point,46852,IN,cclemmey2n@loc.gov
97,Brit Oakeshott,9606 Bay Court,10464,NY,boakeshott2o@jimdo.com
98,Adela Noad,2047 Esch Parkway,32277,FL,anoad2p@merriam-webster.com
99,Robbi Munehay,95 Briar Crest Way,60158,IL,rmunehay2q@meetup.com
100,Florance Langer,5 Shopko Terrace,14269,NY,flanger2r@geocities.com
101,Sheba Postins,3336 Thackeray Road,89436,NV,spostins2s@ustream.tv
102,Jedediah Benion,610 Grim Circle,85710,AZ,jbenion2t@de.vu
103,Jobye Climpson,2784 Debra Alley,53205,WI,jclimpson2u@ox.ac.uk
104,Budd Swithenby,13 Lunder Road,28284,NC,bswithenby2v@ucsd.edu
105,Rockey Elcom,825 Nancy Court,12325,NY,relcom2w@state.gov
106,Denver Horsley,02 Everett Circle,17110,PA,dhorsley2x@businessinsider.com
107,Toinette Rossbrook,63 Eliot Terrace,46247,IN,trossbrook2y@51.la
108,Ashla Pandey,5 Luster Junction,75342,TX,apandey2z@paypal.com
109,Aubrette Osman,059 Prairie Rose Street,32123,FL,aosman30@deviantart.com
110,Sander Warfield,42 Chinook Point,05609,VT,swarfield31@who.int
111,Rosamund Calam,23 Schmedeman Parkway,93721,CA,rcalam32@ca.gov
112,Link Chazerand,367 Pine View Way,29411,SC,lchazerand33@reuters.com
113,Leigh Duprey,519 Basil Trail,75323,TX,lduprey34@1und1.de
114,Morgan Fackrell,20378 Jana Street,33355,FL,mfackrell35@theglobeandmail.com
115,Haydon Hymor,444 Arkansas Point,43635,OH,hhymor36@slideshare.net
116,Marjy Lowdiane,7 Debra Lane,80310,CO,mlowdiane37@chron.com
117,Farr Delhanty,3965 Delaware Avenue,94250,CA,fdelhanty38@nhs.uk
118,Lesley Flucks,864 Mcbride Pass,27717,NC,lflucks39@noaa.gov
119,Saxe Yggo,43 Sage Circle,33715,FL,syggo3a@samsung.com
120,Blanca Faldoe,586 Warbler Road,25356,WV,bfaldoe3b@google.ru
121,Maryanne Gomar,60 Petterle Court,91505,CA,mgomar3c@boston.com
122,Halsy Tarrant,8 Farwell Way,36616,AL,htarrant3d@about.com
123,Elisabet Murrie,6 Westerfield Circle,93106,CA,emurrie3e@zdnet.com
124,Nathalia Baudesson,425 Carberry Street,27425,NC,nbaudesson3f@merriam-webster.com
125,Norbie Gallichiccio,2 Debs Trail,20260,DC,ngallichiccio3g@sourceforge.net
126,Bobette Jurzyk,516 Sundown Trail,40298,KY,bjurzyk3h@weather.com
127,Emmalee Sleney,05870 Fairview Alley,94975,CA,esleney3i@sina.com.cn
128,Brunhilde Turmel,28 Arkansas Junction,24029,VA,bturmel3j@studiopress.com
129,Lazaro Darcy,75351 Kedzie Park,07188,NJ,ldarcy3k@bizjournals.com
130,Ephrayim Piggford,05 Dayton Circle,90060,CA,epiggford3l@bing.com
131,Cornelius Deguara,9573 Northport Center,11024,NY,cdeguara3m@whitehouse.gov
132,Chrisse Willes,6788 Waxwing Hill,37914,TN,cwilles3n@sciencedirect.com
133,Johnathon Thieme,04 Karstens Crossing,78737,TX,jthieme3o@xing.com
134,Heidi Ronchka,5 Eastwood Pass,44710,OH,hronchka3p@miitbeian.gov.cn
135,Jillane Turbayne,4768 Magdeline Park,40524,KY,jturbayne3q@istockphoto.com
136,Geoffrey Houlton,04722 La Follette Place,76505,TX,ghoulton3r@flavors.me
137,Krishna Dumberell,4498 Katie Street,76305,TX,kdumberell3s@shareasale.com
138,Herminia Paxforde,5 Browning Place,39204,MS,hpaxforde3t@utexas.edu
139,Nadine Polglaze,54 Cherokee Terrace,27626,NC,npolglaze3u@is.gd
140,Christoforo Karpychev,13 Northfield Drive,24034,VA,ckarpychev3v@nytimes.com
141,Consuela Lye,3 Maryland Way,00214,NH,clye3w@ustream.tv
142,Jemmy Antoons,22858 Monterey Place,30323,GA,jantoons3x@unblog.fr
143,Jermaine Jenks,51 Cascade Way,40225,KY,jjenks3y@boston.com
144,Matteo Fleote,1 Hoard Drive,36205,AL,mfleote3z@163.com
145,Dex Workman,86132 Forest Dale Court,89166,NV,dworkman40@army.mil
146,Leland Newick,243 Union Court,79176,TX,lnewick41@infoseek.co.jp
147,Raina Fouch,254 8th Court,25775,WV,rfouch42@buzzfeed.com
148,Beckie Haw,380 Golf View Parkway,55551,MN,bhaw43@salon.com
149,Raffarty Greystock,634 Mayer Alley,46221,IN,rgreystock44@hp.com
150,Lammond Kinney,48167 Cambridge Point,79159,TX,lkinney45@flavors.me
151,Alvie Lyttle,2903 Harbort Center,60614,IL,alyttle46@yellowbook.com
152,Kenyon Ruselin,91 Mallard Lane,88563,TX,kruselin47@alexa.com
153,Corliss Hutchcraft,512 Coolidge Center,12210,NY,chutchcraft48@cafepress.com
154,Jephthah Berick,7261 Blaine Circle,55172,MN,jberick49@ed.gov
155,Tremaine Boocock,8 Ryan Road,76115,TX,tboocock4a@scribd.com
156,Cherilynn Buey,5 Butterfield Court,20029,DC,cbuey4b@last.fm
157,Marna Ellesworthe,31 Bashford Avenue,85020,AZ,mellesworthe4c@google.com.br
158,Alasteir Sparling,1 Dwight Terrace,68164,NE,asparling4d@booking.com
159,Rebecka Liver,6 Garrison Crossing,89166,NV,rliver4e@networkadvertising.org
160,Celinda Monget,893 Cardinal Point,19125,PA,cmonget4f@oaic.gov.au
161,Aube Caldicot,5655 Corry Alley,10557,NY,acaldicot4g@nps.gov
162,Shandeigh Spriggen,65875 Continental Junction,94660,CA,sspriggen4h@walmart.com
163,Zitella Davidovsky,73076 Acker Drive,10260,NY,zdavidovsky4i@ovh.net
164,Dew Brabender,583 Cottonwood Hill,49006,MI,dbrabender4j@people.com.cn
165,Karalynn McLeod,61961 Dorton Circle,19104,PA,kmcleod4k@intel.com
166,Mack Pevie,1 Clove Parkway,34981,FL,mpevie4l@bizjournals.com
167,Idaline Gaitley,2 Harbort Hill,77346,TX,igaitley4m@phpbb.com
168,Alidia Bernat,2 Toban Court,79452,TX,abernat4n@baidu.com
169,Dorothy Larvor,526 Scoville Court,22093,VA,dlarvor4o@flavors.me
170,Jesselyn Gutherson,095 Annamark Terrace,44125,OH,jgutherson4p@adobe.com
171,Cherish Mealing,1266 Southridge Parkway,55470,MN,cmealing4q@amazon.co.jp
172,Cherise Ellesworthe,77 Hanson Crossing,07305,NJ,cellesworthe4r@weather.com
173,Vida Canape,4666 Nobel Center,76598,TX,vcanape4s@mtv.com
174,Dmitri Caveau,824 Fuller Hill,81505,CO,dcaveau4t@nba.com
175,Lombard Iskov,280 Alpine Way,30358,GA,liskov4u@omniture.com
176,Davina Bleackley,93988 Nobel Point,80930,CO,dbleackley4v@slate.com
177,Rowena Ryton,71429 Homewood Center,63150,MO,rryton4w@mapy.cz
178,Suellen Labbet,16699 3rd Alley,40298,KY,slabbet4x@eepurl.com
179,Birch Jayme,9 Southridge Hill,92170,CA,bjayme4y@pinterest.com
180,Bobbette Kurdani,02549 Russell Hill,73119,OK,bkurdani4z@parallels.com
181,Ronni Orrin,7582 Northridge Street,80328,CO,rorrin50@addthis.com
182,Glynn Garwood,9 Aberg Parkway,60351,IL,ggarwood51@goo.ne.jp
183,Kellia Bryant,51979 Maywood Junction,68124,NE,kbryant52@yelp.com
184,Tabb Pheazey,617 Roth Road,85015,AZ,tpheazey53@indiegogo.com
185,Vail Elmar,47 Katie Junction,94237,CA,velmar54@booking.com
186,Bartolomeo Driutti,1 Lighthouse Bay Avenue,79176,TX,bdriutti55@php.net
187,Blair Undrell,077 Westridge Place,06721,CT,bundrell56@usa.gov
188,Griffith Twiddy,8617 Bartillon Park,20005,DC,gtwiddy57@deviantart.com
189,Tamra Devey,8210 Buell Drive,79950,TX,tdevey58@alexa.com
190,Malanie Borzone,2221 Park Meadow Junction,39296,MS,mborzone59@bizjournals.com
191,Zeb Rontsch,12326 Emmet Place,78230,TX,zrontsch5a@people.com.cn
192,Gabbie Moakler,0885 Rigney Parkway,79911,TX,gmoakler5b@biglobe.ne.jp
193,Marne Devoy,7 Sheridan Parkway,29905,SC,mdevoy5c@umich.edu
194,Andeee Meffan,64 Knutson Circle,92196,CA,ameffan5d@mayoclinic.com
195,Vin Kirtlan,6282 Algoma Trail,92405,CA,vkirtlan5e@diigo.com
196,Anallese Arrundale,0046 Badeau Street,37931,TN,aarrundale5f@nhs.uk
197,Hedwiga McCoveney,7 Manitowish Trail,89193,NV,hmccoveney5g@google.com.br
198,Ricky Raggles,3 Monterey Way,30045,GA,rraggles5h@barnesandnoble.com
199,Johnna Behneke,3676 Bowman Point,64130,MO,jbehneke5i@sciencedaily.com
200,Chelsae Stonham,0 Bobwhite Avenue,99512,AK,cstonham5j@sciencedaily.com
201,Kristofer Austin,339 Annamark Circle,77713,TX,kaustin5k@ted.com
202,Quintana Friday,0664 Derek Plaza,83727,ID,qfriday5l@booking.com
203,Hanna Greader,13 Rutledge Pass,89160,NV,hgreader5m@ask.com
204,Elfrieda Kildale,95 Mcguire Way,34981,FL,ekildale5n@sohu.com
205,Janeva Densham,97203 Anderson Drive,84170,UT,jdensham5o@facebook.com
206,Jerrome Fairlamb,92124 Hooker Point,27455,NC,jfairlamb5p@rediff.com
207,Kermy Booeln,09 Troy Pass,53215,WI,kbooeln5q@amazon.de
208,Netty Pavkovic,4 Grasskamp Pass,92619,CA,npavkovic5r@behance.net
209,Kathy Mackness,59 East Terrace,53705,WI,kmackness5s@uol.com.br
210,Aurore Soppit,886 Pearson Plaza,06606,CT,asoppit5t@google.co.jp
211,Olva Ettles,544 Prairie Rose Trail,90805,CA,oettles5u@fotki.com
212,Gauthier Ravel,27446 Starling Pass,54313,WI,gravel5v@list-manage.com
213,Giraldo Morehall,4646 Oriole Hill,66667,KS,gmorehall5w@twitpic.com
214,Mair Relton,110 Novick Junction,45408,OH,mrelton5x@bizjournals.com
215,Lidia Thoumasson,700 Pennsylvania Center,85077,AZ,lthoumasson5y@de.vu
216,Cobby Tunaclift,09750 Esch Hill,33013,FL,ctunaclift5z@prnewswire.com
217,Harriett Greschke,66 Gulseth Hill,94807,CA,hgreschke60@networkadvertising.org
218,Arty Hellcat,36 Ridgeway Court,38114,TN,ahellcat61@mediafire.com
219,Nero Collabine,4 Lakewood Place,75710,TX,ncollabine62@squarespace.com
220,Madella Wylam,20070 Pearson Hill,20904,MD,mwylam63@hc360.com
221,Jeddy Oxtiby,74002 Bartelt Hill,64136,MO,joxtiby64@e-recht24.de
222,Branden Dimeloe,2229 Hoepker Alley,33421,FL,bdimeloe65@angelfire.com
223,Bordy Dyke,9 Bunker Hill Road,88514,TX,bdyke66@tumblr.com
224,Ly Mantione,76 Lindbergh Center,91186,CA,lmantione67@altervista.org
225,Sherline Jones,463 Maple Drive,70894,LA,sjones68@hhs.gov
226,Tucker Yantsurev,62781 Fairview Parkway,17121,PA,tyantsurev69@wikipedia.org
227,Bartie Casetti,94 Cardinal Place,85705,AZ,bcasetti6a@ucla.edu
228,Roz McPartlin,88 Vidon Park,68197,NE,rmcpartlin6b@mapy.cz
229,Roman Essame,5684 Northwestern Way,92176,CA,ressame6c@parallels.com
230,Murielle Larroway,732 Utah Junction,84125,UT,mlarroway6d@utexas.edu
231,Brandy Junkison,09 Carberry Parkway,37665,TN,bjunkison6e@fema.gov
232,Berty Ebrall,03930 Tennessee Hill,10115,NY,bebrall6f@google.ru
233,Timi Hovee,12 Reinke Road,15279,PA,thovee6g@webs.com
234,Basilius Gosnold,4281 Farmco Trail,43656,OH,bgosnold6h@globo.com
235,Felicle Tison,0 Barnett Junction,70593,LA,ftison6i@about.me
236,Valli Maker,42 Glendale Junction,92710,CA,vmaker6j@bluehost.com
237,Adena Branscombe,91648 Shoshone Parkway,95852,CA,abranscombe6k@wired.com
238,Philippa Foot,4883 Arrowood Park,33710,FL,pfoot6l@simplemachines.org
239,Joel McCleverty,9 Graceland Alley,47747,IN,jmccleverty6m@jimdo.com
240,Myrah O' Gara,4096 Declaration Court,96845,HI,mo6n@dot.gov
241,Noelle Belchamp,7765 Buhler Road,77386,TX,nbelchamp6o@constantcontact.com
242,Feliks Hanniger,54821 Meadow Ridge Lane,06160,CT,fhanniger6p@mediafire.com
243,Donnajean Sacchetti,470 Gateway Drive,60078,IL,dsacchetti6q@networkadvertising.org
244,Tiler Tenaunt,23 Kenwood Pass,33185,FL,ttenaunt6r@youtube.com
245,Farris Canacott,31 Moland Road,85010,AZ,fcanacott6s@w3.org
246,Kylynn Fronks,870 Caliangt Crossing,92424,CA,kfronks6t@mail.ru
247,Bron Kelcher,2010 Bowman Street,72905,AR,bkelcher6u@geocities.com
248,Lorrie Lorraway,79935 Clyde Gallagher Point,40225,KY,llorraway6v@soundcloud.com
249,Dulcine Haysman,55545 Tennyson Drive,27605,NC,dhaysman6w@census.gov
250,Almeta Mance,84 2nd Junction,20551,DC,amance6x@oracle.com
251,Livy Peschmann,5 Holy Cross Point,33180,FL,lpeschmann6y@usatoday.com
252,Bruce Guilaem,0 Petterle Parkway,91499,CA,bguilaem6z@washington.edu
253,Rhody Cowins,291 Fairview Way,45238,OH,rcowins70@pagesperso-orange.fr
254,Humbert Blampy,99 Menomonie Parkway,35295,AL,hblampy71@plala.or.jp
255,Mordy Sparkwell,0 Walton Lane,44329,OH,msparkwell72@paypal.com
256,Nat Galvan,675 Lindbergh Road,38109,TN,ngalvan73@storify.com
257,Kirsti Jewiss,25615 Bunting Center,95054,CA,kjewiss74@aboutads.info
258,Emilia Cunliffe,76 5th Trail,20540,DC,ecunliffe75@newsvine.com
259,Sasha Gilmartin,70241 Melvin Place,78470,TX,sgilmartin76@t.co
260,Costa McKinstry,48593 Eliot Court,70187,LA,cmckinstry77@1und1.de
261,Missy Hought,77238 Buhler Junction,58122,ND,mhought78@creativecommons.org
262,Carly Bawle,09 Mallard Circle,33731,FL,cbawle79@google.de
263,Ingrim Berthelmot,1 Lerdahl Terrace,25770,WV,iberthelmot7a@cnn.com
264,Cord Creffeild,87069 Heath Crossing,20557,DC,ccreffeild7b@fc2.com
265,Sophronia Clappson,2 Sunfield Trail,55188,MN,sclappson7c@mlb.com
266,Mathew Chaperling,6770 Milwaukee Parkway,76305,TX,mchaperling7d@ibm.com
267,Fitz McIlriach,535 Rigney Terrace,30358,GA,fmcilriach7e@state.tx.us
268,Barnie O' Kelleher,1 Clyde Gallagher Circle,85260,AZ,bo7f@godaddy.com
269,Hartley Shearwood,6 Anniversary Trail,32412,FL,hshearwood7g@twitpic.com
270,Xylia Creasey,56 Fuller Street,55188,MN,xcreasey7h@flickr.com
271,Morty Wickmann,0365 Rieder Plaza,03105,NH,mwickmann7i@globo.com
272,Darcey Gelderd,1533 Welch Point,30358,GA,dgelderd7j@wiley.com
273,Warner Pindred,95809 Oakridge Parkway,25362,WV,wpindred7k@samsung.com
274,Glenda Ridgewell,17 Garrison Way,33064,FL,gridgewell7l@usgs.gov
275,Rey Marshalleck,59 Harper Road,66105,KS,rmarshalleck7m@github.com
276,Shaw Rosenfrucht,16573 2nd Avenue,78726,TX,srosenfrucht7n@google.co.jp
277,Ware Holah,1716 Blaine Way,76544,TX,wholah7o@mashable.com
278,Annissa Taill,885 Muir Hill,78285,TX,ataill7p@xinhuanet.com
279,Diane Week,0 Redwing Junction,25313,WV,dweek7q@weibo.com
280,Rancell Josovitz,6443 Pleasure Center,30340,GA,rjosovitz7r@usnews.com
281,Olympe Bellelli,703 Crownhardt Parkway,30392,GA,obellelli7s@so-net.ne.jp
282,Eirena Francesco,61 Lotheville Center,77080,TX,efrancesco7t@alibaba.com
283,Harland Boodell,881 Coleman Circle,08608,NJ,hboodell7u@fc2.com
284,Jone Rudgard,405 Summit Alley,33625,FL,jrudgard7v@tripod.com
285,Hatti Collabine,14 Green Hill,31165,GA,hcollabine7w@kickstarter.com
286,Suzette Stansell,82538 Westport Street,25705,WV,sstansell7x@foxnews.com
287,Hilly Kassel,542 Northport Avenue,83405,ID,hkassel7y@desdev.cn
288,Amalee Causnett,996 Old Shore Drive,98140,WA,acausnett7z@arizona.edu
289,Gerardo Jorcke,4 Haas Circle,27717,NC,gjorcke80@nyu.edu
290,Leslie Drohun,6682 Vahlen Place,32813,FL,ldrohun81@infoseek.co.jp
291,Darn Ivetts,112 Loeprich Street,35220,AL,divetts82@ucoz.com
292,Matty Dinneen,9677 Basil Trail,10260,NY,mdinneen83@bloglovin.com
293,Reynolds Gothup,146 Aberg Junction,50330,IA,rgothup84@cnn.com
294,Darnell Benko,59285 Pepper Wood Avenue,85210,AZ,dbenko85@comsenz.com
295,Audrey Lightwing,39642 Mesta Plaza,07305,NJ,alightwing86@state.tx.us
296,Granny Giacaponi,99949 Westridge Lane,19196,PA,ggiacaponi87@prnewswire.com
297,Gilemette Castle,735 John Wall Way,68524,NE,gcastle88@cbslocal.com
298,Jock O'Carran,33823 Marcy Street,19125,PA,jocarran89@ca.gov
299,Katharine Blevin,982 Northwestern Center,94042,CA,kblevin8a@sciencedaily.com
300,Jenilee Dougary,4 Starling Terrace,70149,LA,jdougary8b@php.net
301,Felicia Whannel,9492 Johnson Junction,85077,AZ,fwhannel8c@unicef.org
302,Field Don,9816 Crownhardt Court,98498,WA,fdon8d@shinystat.com
303,Kelila Aleksandrov,2 Algoma Place,80310,CO,kaleksandrov8e@umn.edu
304,Tamma Richel,39979 Texas Junction,38150,TN,trichel8f@google.ca
305,Oswell Crosher,2654 Shoshone Road,33233,FL,ocrosher8g@bizjournals.com
306,Pete Wanjek,9573 Starling Center,34949,FL,pwanjek8h@skype.com
307,Reta Kydd,9 Kropf Pass,79923,TX,rkydd8i@opera.com
308,Kenna Gersam,1190 Parkside Court,94230,CA,kgersam8j@prnewswire.com
309,Sidney Leinthall,225 Lerdahl Street,85030,AZ,sleinthall8k@usa.gov
310,Dorthea Mikalski,6 Claremont Point,70836,LA,dmikalski8l@mediafire.com
311,Florida Oldford,17 Daystar Court,21216,MD,foldford8m@adobe.com
312,Gerard Maskill,6 Quincy Parkway,34238,FL,gmaskill8n@google.nl
313,Ginni Kordovani,3923 Old Shore Terrace,77050,TX,gkordovani8o@freewebs.com
314,Simmonds Corgenvin,2186 Bluejay Circle,85020,AZ,scorgenvin8p@squidoo.com
315,Viviyan Sidebotham,2 Carpenter Alley,02745,MA,vsidebotham8q@google.ca
316,Inglebert Goudy,2622 Rieder Drive,62718,IL,igoudy8r@feedburner.com
317,Jude Baroux,22 Vera Court,20073,DC,jbaroux8s@yellowpages.com
318,Michele Klampk,5232 Pierstorff Court,02142,MA,mklampk8t@kickstarter.com
319,Charmian Chorley,22 Mosinee Terrace,48098,MI,cchorley8u@ucsd.edu
320,Elicia Brunelleschi,0 Huxley Center,67205,KS,ebrunelleschi8v@yelp.com
321,Florida Chesser,709 Brown Park,70005,LA,fchesser8w@mayoclinic.com
322,Bald Valsler,642 Homewood Point,93399,CA,bvalsler8x@about.me
323,Kimball Asmus,751 Tony Way,45238,OH,kasmus8y@timesonline.co.uk
324,Alwyn Lowcock,3 Stang Avenue,75260,TX,alowcock8z@google.co.uk
325,Ricky Lindborg,626 Iowa Park,29403,SC,rlindborg90@nhs.uk
326,Salome Fischer,3990 Eggendart Way,76796,TX,sfischer91@prweb.com
327,Manfred Hanton,3814 Lighthouse Bay Lane,28405,NC,mhanton92@mashable.com
328,Franciskus Aynscombe,7 Maple Wood Point,84115,UT,faynscombe93@t.co
329,Axel McRavey,337 Northridge Circle,67220,KS,amcravey94@ustream.tv
330,Florinda Filtness,5 Vidon Terrace,68179,NE,ffiltness95@reference.com
331,Alistair Hess,5 Kropf Place,78778,TX,ahess96@webeden.co.uk
332,Norman Magrannell,85 Scoville Court,90050,CA,nmagrannell97@jugem.jp
333,Germana Rewbottom,841 Carioca Crossing,33345,FL,grewbottom98@utexas.edu
334,Jerrylee Tarte,259 Dexter Junction,20397,DC,jtarte99@slideshare.net
335,Koren Higgonet,7608 Merrick Center,89145,NV,khiggonet9a@paginegialle.it
336,Sandra Saunder,78 Oakridge Junction,23208,VA,ssaunder9b@tuttocitta.it
337,Beniamino Bowring,850 Stone Corner Way,35805,AL,bbowring9c@vkontakte.ru
338,Gae Bellanger,3 Annamark Center,39204,MS,gbellanger9d@who.int
339,Amelita Kitson,74671 Hanson Junction,75216,TX,akitson9e@zimbio.com
340,Maddy Sarchwell,4 Barby Place,57105,SD,msarchwell9f@xrea.com
341,Clint Linden,98593 Gina Avenue,32215,FL,clinden9g@home.pl
342,Franklyn Haverson,802 Riverside Terrace,89510,NV,fhaverson9h@netvibes.com
343,Ilario Cattlemull,83174 Nobel Street,94230,CA,icattlemull9i@shareasale.com
344,De Gallacher,697 Commercial Hill,73124,OK,dgallacher9j@ifeng.com
345,Mace Davie,11 Rigney Trail,19178,PA,mdavie9k@scientificamerican.com
346,Ginelle Mainson,88597 Emmet Lane,75392,TX,gmainson9l@samsung.com
347,Kala Shakespeare,58 Johnson Drive,70033,LA,kshakespeare9m@europa.eu
348,Hewe Vogeler,6 Sunfield Park,01105,MA,hvogeler9n@phoca.cz
349,Anabella Hallowes,52230 Stoughton Court,73167,OK,ahallowes9o@timesonline.co.uk
350,Arabel Plain,86681 Fairfield Circle,78754,TX,aplain9p@tmall.com
351,Gunther Dovinson,43014 Ridgeway Terrace,23285,VA,gdovinson9q@booking.com
352,Fletcher Dabinett,9 Lake View Street,92191,CA,fdabinett9r@furl.net
353,Alley Gymlett,55568 Rutledge Hill,67215,KS,agymlett9s@va.gov
354,Terrel Fright,0967 Algoma Avenue,14639,NY,tfright9t@dagondesign.com
355,Lorianna Attwill,132 West Point,94297,CA,lattwill9u@utexas.edu
356,Peria Szymon,01 Dixon Alley,77030,TX,pszymon9v@slate.com
357,Lay Giraudou,256 Atwood Center,79977,TX,lgiraudou9w@paginegialle.it
358,Mia Regelous,6 Spenser Point,43231,OH,mregelous9x@yale.edu
359,Karrah Anselm,3866 Schmedeman Point,98115,WA,kanselm9y@mail.ru
360,Ransell Coonihan,3 Pond Court,33158,FL,rcoonihan9z@chron.com
361,Homerus Jean,99 Dwight Junction,70149,LA,hjeana0@privacy.gov.au
362,Cherida Haberjam,84856 Gina Parkway,36195,AL,chaberjama1@hostgator.com
363,Valentin Kassidy,62 Kingsford Circle,49018,MI,vkassidya2@abc.net.au
364,Layton Fishenden,8 Karstens Center,93907,CA,lfishendena3@whitehouse.gov
365,Sybyl Jankin,3 Rutledge Point,70616,LA,sjankina4@addtoany.com
366,Rubie Aveyard,2314 Heath Place,24048,VA,raveyarda5@wikia.com
367,Herbie Berth,92954 Burrows Point,77245,TX,hbertha6@google.com.br
368,Marni Glisenan,3611 Hansons Plaza,32830,FL,mglisenana7@nps.gov
369,Ronni Kall,9 Forest Run Crossing,05609,VT,rkalla8@posterous.com
370,Sela Monketon,09470 Graedel Crossing,77271,TX,smonketona9@ameblo.jp
371,Lucias Sepey,3 Ridge Oak Terrace,22333,VA,lsepeyaa@china.com.cn
372,Louella Applewhaite,4742 Kensington Junction,35295,AL,lapplewhaiteab@soup.io
373,Giffer Powers,47609 Kennedy Center,37220,TN,gpowersac@1688.com
374,Rorie Bennellick,371 Longview Alley,84605,UT,rbennellickad@hhs.gov
375,Udale Dods,87996 Meadow Valley Drive,12242,NY,udodsae@mapy.cz
376,Cris Lister,9 Magdeline Lane,45419,OH,clisteraf@networkadvertising.org
377,Lorilyn Goulden,0767 Fremont Alley,92825,CA,lgouldenag@ezinearticles.com
378,Cyrus Bromage,3 Emmet Terrace,25709,WV,cbromageah@pagesperso-orange.fr
379,Gunar Baigrie,106 Fallview Alley,27150,NC,gbaigrieai@marriott.com
380,Dedra Coldwell,4011 Warner Pass,74170,OK,dcoldwellaj@go.com
381,Katy Aspall,71541 Myrtle Center,24004,VA,kaspallak@mayoclinic.com
382,Kinny Meak,7 Pankratz Alley,48126,MI,kmeakal@facebook.com
383,Renelle Aksell,70 Bobwhite Junction,10029,NY,raksellam@theglobeandmail.com
384,Emmott Cotty,35300 Pawling Avenue,93407,CA,ecottyan@europa.eu
385,Gipsy Cant,5 Grover Road,80126,CO,gcantao@woothemes.com
386,Hedy Otson,51 David Point,77010,TX,hotsonap@nyu.edu
387,Nerita McCrudden,68 Katie Alley,85219,AZ,nmccruddenaq@free.fr
388,Teador Smewings,4 Hoard Circle,32304,FL,tsmewingsar@ifeng.com
389,Vanda Peeters,941 Boyd Pass,45419,OH,vpeetersas@wufoo.com
390,Leonardo Merryweather,069 Stuart Alley,94605,CA,lmerryweatherat@gnu.org
391,Mickie Aaronson,85183 Doe Crossing Junction,85297,AZ,maaronsonau@guardian.co.uk
392,Blithe Siderfin,0492 Schmedeman Way,32128,FL,bsiderfinav@tinyurl.com
393,Bernetta Borkett,8 Summerview Place,20430,DC,bborkettaw@hatena.ne.jp
394,Vicki Weber,83 Lerdahl Trail,77713,TX,vweberax@webnode.com
395,Gisele Macknish,86505 Dapin Place,94611,CA,gmacknishay@answers.com
396,Wileen Brafield,6 Armistice Road,92415,CA,wbrafieldaz@newsvine.com
397,Emilee McUre,03 Mesta Park,20099,DC,emcureb0@jimdo.com
398,Suzie Whitney,2991 Kenwood Lane,92132,CA,swhitneyb1@diigo.com
399,Nalani Prattington,288 Bunker Hill Circle,10184,NY,nprattingtonb2@moonfruit.com
400,Brew Burles,12326 Pawling Circle,94207,CA,bburlesb3@aol.com
401,Maison Rentcome,19 Kenwood Park,60636,IL,mrentcomeb4@nbcnews.com
402,Derby Overell,496 Glacier Hill Place,58122,ND,doverellb5@histats.com
403,Debera Rehm,59 Grover Parkway,55590,MN,drehmb6@google.de
404,Beatriz McNabb,618 Calypso Point,26505,WV,bmcnabbb7@drupal.org
405,Cybill Newens,72 Sage Court,34642,FL,cnewensb8@istockphoto.com
406,Lucinda Holton,18 Florence Trail,85025,AZ,lholtonb9@acquirethisname.com
407,Alicea Mavin,59116 Alpine Plaza,87121,NM,amavinba@jalbum.net
408,Ardelis Dominec,064 Artisan Plaza,60681,IL,adominecbb@chron.com
409,Joann Trice,958 Myrtle Park,32605,FL,jtricebc@unblog.fr
410,Isa Swinfon,123 Drewry Parkway,02216,MA,iswinfonbd@google.com.hk
411,Amity Heggman,2369 Oriole Park,99512,AK,aheggmanbe@example.com
412,Claudie Moreing,38 Stephen Court,68117,NE,cmoreingbf@bloomberg.com
413,Bradley Garcia,70 Mendota Place,20010,DC,bgarciabg@free.fr
414,Hewie MacDonell,37081 Sunfield Street,91125,CA,hmacdonellbh@baidu.com
415,Koral Ewbank,520 Reindahl Park,91797,CA,kewbankbi@amazon.co.uk
416,Lannie Greve,23 Holy Cross Avenue,70116,LA,lgrevebj@cargocollective.com
417,Cully Jewer,83 Rigney Trail,02453,MA,cjewerbk@dell.com
418,Son Deguara,94810 Hoepker Place,62711,IL,sdeguarabl@webmd.com
419,Klement Beeching,7 Eastlawn Plaza,78205,TX,kbeechingbm@g.co
420,Garnet Beardsall,86219 Farmco Point,75397,TX,gbeardsallbn@nih.gov
421,Averyl Kliner,73685 Independence Plaza,66215,KS,aklinerbo@pinterest.com
422,Issy Spinley,28 Montana Junction,78225,TX,ispinleybp@google.cn
423,Kara-lynn Bakewell,328 Troy Place,45426,OH,kbakewellbq@oaic.gov.au
424,Balduin Keaves,7979 Spenser Center,33487,FL,bkeavesbr@accuweather.com
425,Aluino Fennelly,85446 Acker Circle,78703,TX,afennellybs@discuz.net
426,Emmett Malin,984 Springview Road,12242,NY,emalinbt@jiathis.com
427,Niels Bowller,250 Fair Oaks Way,08608,NJ,nbowllerbu@ameblo.jp
428,Veda Mullaly,8 Gateway Hill,61651,IL,vmullalybv@pagesperso-orange.fr
429,Wandis Billinge,32196 4th Plaza,36616,AL,wbillingebw@typepad.com
430,Dulcea Carwithan,990 Vermont Avenue,80204,CO,dcarwithanbx@com.com
431,Aileen Maasze,9 Claremont Point,48092,MI,amaaszeby@google.com
432,Nikkie Ashling,49662 Farmco Circle,78732,TX,nashlingbz@mediafire.com
433,Gilly McMechan,51749 Steensland Hill,40256,KY,gmcmechanc0@pagesperso-orange.fr
434,Had Tebald,4340 Twin Pines Pass,80935,CO,htebaldc1@netvibes.com
435,Essy Rosini,4344 Anderson Junction,92519,CA,erosinic2@elegantthemes.com
436,Rycca Plimmer,30 Rusk Trail,78749,TX,rplimmerc3@posterous.com
437,Delia Ringwood,90053 Mifflin Street,38104,TN,dringwoodc4@sphinn.com
438,Iain Wavell,4 Holy Cross Street,25716,WV,iwavellc5@wunderground.com
439,Finlay Domican,80 Northfield Junction,15220,PA,fdomicanc6@soup.io
440,Allin Harrop,77 Duke Junction,84140,UT,aharropc7@patch.com
441,Bernadette Nottingham,1 Esch Plaza,06606,CT,bnottinghamc8@reference.com
442,Ancell Twiggs,19910 Petterle Pass,70505,LA,atwiggsc9@paginegialle.it
443,Lynelle Alleyne,5 Di Loreto Court,36109,AL,lalleyneca@delicious.com
444,Farah January,13834 Vidon Crossing,31904,GA,fjanuarycb@cloudflare.com
445,Davide Edgcumbe,6 Dapin Junction,75367,TX,dedgcumbecc@europa.eu
446,Mallory Carn,51 Kennedy Trail,70805,LA,mcarncd@washington.edu
447,Ray Wortley,1749 Amoth Lane,24048,VA,rwortleyce@alibaba.com
448,Lira Sammes,8 Buell Parkway,08104,NJ,lsammescf@multiply.com
449,Cordi Lewisham,2 North Park,33075,FL,clewishamcg@fc2.com
450,Shandie Pirrie,40520 Messerschmidt Road,43226,OH,spirriech@naver.com
451,Kaine Schelle,8575 Maple Wood Lane,22903,VA,kschelleci@surveymonkey.com
452,Courtnay Ruf,1 Kinsman Parkway,94273,CA,crufcj@devhub.com
453,Dallas Karlowicz,75 Marquette Drive,91499,CA,dkarlowiczck@google.it
454,Reagan Rennix,99959 Esch Plaza,10464,NY,rrennixcl@photobucket.com
455,Ardyth Miners,9 Riverside Terrace,39505,MS,aminerscm@odnoklassniki.ru
456,Carrie Jeavon,7 Pepper Wood Pass,45238,OH,cjeavoncn@mapquest.com
457,Rolf Carff,690 Claremont Lane,85067,AZ,rcarffco@pagesperso-orange.fr
458,Jamie Mathwin,94 Bowman Lane,55115,MN,jmathwincp@wisc.edu
459,Torey Sherratt,95 Kennedy Center,93715,CA,tsherrattcq@feedburner.com
460,Alford Bradmore,73 Spenser Parkway,87592,NM,abradmorecr@virginia.edu
461,Leah Faye,936 Ronald Regan Circle,98166,WA,lfayecs@timesonline.co.uk
462,Michaela Skynner,7 Roth Trail,20210,DC,mskynnerct@noaa.gov
463,Amelie Deniso,54 Bunting Junction,34665,FL,adenisocu@fc2.com
464,Paten Clissett,4071 Moose Terrace,85005,AZ,pclissettcv@mac.com
465,Keith Zini,58252 Dorton Avenue,53285,WI,kzinicw@webmd.com
466,Larina Eschalotte,4583 Killdeer Pass,33034,FL,leschalottecx@usda.gov
467,Kylen Rudolf,9151 Muir Trail,28055,NC,krudolfcy@nyu.edu
468,Donnamarie Pavia,80709 Sugar Drive,47737,IN,dpaviacz@joomla.org
469,Lorianne Pettigrew,1953 Butternut Terrace,30061,GA,lpettigrewd0@harvard.edu
470,Leelah Zavittieri,19 Ryan Way,73190,OK,lzavittierid1@alexa.com
471,Jefferey Gouge,8677 Summit Way,90398,CA,jgouged2@freewebs.com
472,Hurley Aiston,7 Express Place,32803,FL,haistond3@geocities.jp
473,Wye Yedall,51 Memorial Drive,89087,NV,wyedalld4@issuu.com
474,Anderson Berrygun,30 Commercial Drive,95160,CA,aberrygund5@latimes.com
475,Stanleigh Jeanet,31650 Arrowood Hill,97271,OR,sjeanetd6@japanpost.jp
476,Nickey McMillian,3 Meadow Valley Pass,31904,GA,nmcmilliand7@opera.com
477,Dagny Kitteridge,7 Prairieview Park,72209,AR,dkitteridged8@t-online.de
478,Ianthe Rettie,47267 Mccormick Terrace,24048,VA,irettied9@mayoclinic.com
479,Paquito MacSkeagan,0530 Sachs Center,47737,IN,pmacskeaganda@github.io
480,Urson Scipsey,5 Granby Hill,82007,WY,uscipseydb@biglobe.ne.jp
481,Crichton Frankum,94381 Oxford Avenue,95155,CA,cfrankumdc@4shared.com
482,Gert Nell,13 Twin Pines Park,40596,KY,gnelldd@unesco.org
483,Georgie MacIlhargy,5 Hoepker Court,35895,AL,gmacilhargyde@bbb.org
484,Haskell Senner,33554 Golf View Plaza,73071,OK,hsennerdf@ezinearticles.com
485,Adriana Frankish,7183 Forster Pass,33884,FL,afrankishdg@wired.com
486,Nicolea Le Claire,6 Forest Drive,01105,MA,nledh@hhs.gov
487,Cami O'Clery,5 Novick Trail,98166,WA,coclerydi@hc360.com
488,Ailee Crisall,0 Westport Trail,46226,IN,acrisalldj@dyndns.org
489,Windy Durie,02354 Blackbird Plaza,33153,FL,wduriedk@ox.ac.uk
490,Fransisco Geake,77960 Debs Circle,33615,FL,fgeakedl@ebay.com
491,Krissy Spurnier,81 2nd Terrace,79705,TX,kspurnierdm@mysql.com
492,Enrico Bardell,5 Sachtjen Place,45454,OH,ebardelldn@meetup.com
493,Colline Malone,7670 Pearson Plaza,77040,TX,cmalonedo@who.int
494,Alyson Daniau,0100 Transport Way,94230,CA,adaniaudp@prlog.org
495,Gipsy Madgett,09465 Rusk Junction,93704,CA,gmadgettdq@yellowbook.com
496,Mace Pennyman,3719 Granby Avenue,11024,NY,mpennymandr@eventbrite.com
497,Lucais Wight,16422 Summer Ridge Drive,85715,AZ,lwightds@about.me
498,Thomasina Lipgens,311 Blaine Alley,89087,NV,tlipgensdt@yandex.ru
499,Alyce Peto,71 Cascade Street,22217,VA,apetodu@sogou.com
500,Edithe Batiste,83 Paget Crossing,33405,FL,ebatistedv@twitter.com
501,Nolie Sprionghall,19897 Nova Point,33625,FL,nsprionghalldw@home.pl
502,Ilysa Suddick,952 Dapin Pass,88558,TX,isuddickdx@redcross.org
503,Janot Blackesland,072 Hauk Center,92415,CA,jblackeslanddy@sciencedirect.com
504,Thedric Lowensohn,21862 Montana Junction,80930,CO,tlowensohndz@omniture.com
505,Angelina Lamerton,3 Scoville Crossing,70142,LA,alamertone0@storify.com
506,Doretta Cudiff,06777 Oriole Avenue,12242,NY,dcudiffe1@blinklist.com
507,Adorne Ferne,84277 Bluejay Hill,06145,CT,afernee2@seattletimes.com
508,Lara Le Marquis,6 Summer Ridge Trail,35244,AL,llee3@pbs.org
509,Bella Tenant,1 Ridge Oak Place,98516,WA,btenante4@unblog.fr
510,Renado Kilian,8 Boyd Way,06912,CT,rkiliane5@cyberchimps.com
511,Loreen Upston,34909 Columbus Park,32092,FL,lupstone6@qq.com
512,Currie Ianni,1 Buhler Crossing,20425,DC,ciannie7@ifeng.com
513,Edgard Overell,382 Darwin Circle,76505,TX,eoverelle8@usgs.gov
514,Karole Roylance,1 Golden Leaf Road,33411,FL,kroylancee9@sfgate.com
515,Siouxie Scrammage,97 Waywood Crossing,85297,AZ,sscrammageea@infoseek.co.jp
516,Kimberli Mirams,24 Thompson Circle,11210,NY,kmiramseb@oakley.com
517,Cort Wickman,44 Carberry Terrace,22047,VA,cwickmanec@msu.edu
518,Mirilla Abdee,9198 Atwood Parkway,77015,TX,mabdeeed@toplist.cz
519,Mick Gotthard.sf,75 Sullivan Pass,75358,TX,mgotthardsfee@nps.gov
520,Puff Hollow,0291 Boyd Junction,98506,WA,phollowef@dion.ne.jp
521,Rodolfo Tabourier,60 Hanson Drive,61825,IL,rtabouriereg@gov.uk
522,Delaney Passie,76221 Dawn Circle,80310,CO,dpassieeh@yolasite.com
523,Tim Corder,3 Farwell Park,55572,MN,tcorderei@google.com.au
524,Axel Wittman,546 Ronald Regan Park,30089,GA,awittmanej@bigcartel.com
525,Frank Gouge,09 Tony Court,96815,HI,fgougeek@gravatar.com
526,Sonya Eveque,4 Erie Hill,77255,TX,sevequeel@topsy.com
527,Rebekkah Biggadike,1 Bluejay Pass,33625,FL,rbiggadikeem@facebook.com
528,Ker Almack,755 Lighthouse Bay Court,22184,VA,kalmacken@forbes.com
529,Daisy Emnoney,9 Spenser Alley,98498,WA,demnoneyeo@yolasite.com
530,Dion Magson,4121 Sycamore Court,29605,SC,dmagsonep@squarespace.com
531,Miltie Agus,82821 Glendale Crossing,20337,DC,maguseq@rambler.ru
532,Hobey O' Molan,41 Upham Lane,31410,GA,hoer@cdbaby.com
533,Floyd Brazenor,3 Moland Alley,94110,CA,fbrazenores@bizjournals.com
534,Peirce Lyness,0 Lawn Junction,61110,IL,plynesset@google.com.au
535,Danice Grigore,9027 Anhalt Street,75210,TX,dgrigoreeu@sfgate.com
536,Estevan Lilburne,8582 Sycamore Plaza,61614,IL,elilburneev@wikimedia.org
537,Querida Mallon,7791 Tony Parkway,35279,AL,qmallonew@wix.com
538,Moshe Trinbey,64749 Harper Plaza,33075,FL,mtrinbeyex@ebay.co.uk
539,Freeland Downing,806 4th Avenue,19605,PA,fdowningey@bizjournals.com
540,Adina de Werk,0 Toban Court,53710,WI,adeez@techcrunch.com
541,Lenna Rymmer,28015 Grim Road,20016,DC,lrymmerf0@list-manage.com
542,Abbe Forte,485 Nevada Plaza,90189,CA,afortef1@ihg.com
543,Janis Baxandall,04 Dorton Park,60351,IL,jbaxandallf2@blinklist.com
544,Robyn Corryer,0 Duke Crossing,77240,TX,rcorryerf3@hhs.gov
545,Fidel Mum,091 Kingsford Street,89505,NV,fmumf4@arstechnica.com
546,Rinaldo Simonutti,15100 Kennedy Street,32123,FL,rsimonuttif5@nbcnews.com
547,Maire Quincey,643 School Way,77276,TX,mquinceyf6@g.co
548,Vanny Brattan,369 Oneill Avenue,72905,AR,vbrattanf7@yandex.ru
549,Merola Savory,5708 Dixon Road,80126,CO,msavoryf8@hud.gov
550,Cheri Mintram,4 Bartillon Parkway,61629,IL,cmintramf9@disqus.com
551,Casi Beckmann,83 Nevada Park,78291,TX,cbeckmannfa@si.edu
552,Matty Brise,4 Menomonie Court,34479,FL,mbrisefb@vkontakte.ru
553,Cherrita Pandie,1020 Schiller Point,92825,CA,cpandiefc@fda.gov
554,Aundrea Kinahan,93243 Riverside Alley,28405,NC,akinahanfd@spotify.com
555,Wes Kinzel,050 Macpherson Place,32595,FL,wkinzelfe@time.com
556,Sorcha Seabrocke,838 Sunbrook Avenue,35285,AL,sseabrockeff@wikispaces.com
557,Georgie Copley,7649 Kropf Center,02905,RI,gcopleyfg@t.co
558,Edita Bridgewood,9941 Starling Junction,33811,FL,ebridgewoodfh@hexun.com
559,Dev Meldrum,4 Acker Lane,31119,GA,dmeldrumfi@last.fm
560,Frederick Allaway,2253 Starling Drive,32919,FL,fallawayfj@ucla.edu
561,Gunilla Edgson,26939 Redwing Pass,61635,IL,gedgsonfk@jimdo.com
562,Bud McClaurie,839 Badeau Crossing,43204,OH,bmcclauriefl@ed.gov
563,Hortensia Clement,94 Hanover Way,17622,PA,hclementfm@opensource.org
564,Odie Skellon,89165 Canary Alley,94622,CA,oskellonfn@hostgator.com
565,Marys Plesing,98623 Spenser Junction,30323,GA,mplesingfo@mail.ru
566,Claiborn Maplestone,714 Warbler Hill,32825,FL,cmaplestonefp@alibaba.com
567,Dion Magner,8993 Warner Point,06520,CT,dmagnerfq@ow.ly
568,Shelba Liff,7 Lakewood Gardens Alley,35805,AL,slifffr@taobao.com
569,Prentice Parfett,8 Ramsey Circle,14220,NY,pparfettfs@mozilla.org
570,Terrye Marcham,62193 Eliot Junction,34611,FL,tmarchamft@cloudflare.com
571,Vasily Potkins,8573 Graedel Junction,77201,TX,vpotkinsfu@4shared.com
572,Edithe Orgee,8 Talmadge Center,19136,PA,eorgeefv@gnu.org
573,Valeda Langley,7828 Bultman Drive,37235,TN,vlangleyfw@wired.com
574,Rochell Zorer,260 Browning Circle,95133,CA,rzorerfx@domainmarket.com
575,Carmina Coles,62 Havey Terrace,95405,CA,ccolesfy@nih.gov
576,Will Klaaasen,102 Northland Pass,30092,GA,wklaaasenfz@gmpg.org
577,Alix Allgood,81368 Harbort Drive,31196,GA,aallgoodg0@deliciousdays.com
578,Grete Zimmermeister,01 Bayside Circle,94177,CA,gzimmermeisterg1@rakuten.co.jp
579,Aileen Kayley,7902 Mcbride Lane,27415,NC,akayleyg2@sitemeter.com
580,Julissa Battlestone,86 Acker Point,83722,ID,jbattlestoneg3@netvibes.com
581,Allistir Nancekivell,966 Twin Pines Alley,98158,WA,anancekivellg4@google.pl
582,Pearl Cromack,2601 Jenna Court,77305,TX,pcromackg5@yahoo.com
583,Clemente Kinnoch,74522 Lerdahl Pass,22244,VA,ckinnochg6@boston.com
584,Logan Rhubottom,51 International Alley,33141,FL,lrhubottomg7@xrea.com
585,Cherie Mincini,10 Westerfield Terrace,75241,TX,cmincinig8@about.com
586,Eirena O'Scannill,3 Cascade Hill,22244,VA,eoscannillg9@blinklist.com
587,Leisha Sach,29494 Hollow Ridge Pass,29625,SC,lsachga@whitehouse.gov
588,Rasia Hudghton,8042 Prairieview Parkway,94280,CA,rhudghtongb@epa.gov
589,Tory Trenouth,642 3rd Junction,22156,VA,ttrenouthgc@unesco.org
590,Jacintha Dugue,03637 Norway Maple Parkway,93726,CA,jduguegd@ehow.com
591,Odette Cockroft,13 Tennessee Junction,44321,OH,ocockroftge@cmu.edu
592,Horst Kite,05351 Pearson Junction,06922,CT,hkitegf@gizmodo.com
593,Gilly Carlisso,83021 Main Pass,88553,TX,gcarlissogg@utexas.edu
594,Everett Guyver,296 Stephen Parkway,77288,TX,eguyvergh@senate.gov
595,Ban Hugonet,956 Fisk Court,79945,TX,bhugonetgi@adobe.com
596,Oralie St Quenin,2 Kensington Terrace,94137,CA,ostgj@smugmug.com
597,Wilburt Pinard,64 Florence Place,45213,OH,wpinardgk@seattletimes.com
598,Edin Edrich,86048 Hooker Place,33963,FL,eedrichgl@illinois.edu
599,Amitie Alebrooke,6548 Southridge Street,10024,NY,aalebrookegm@wikimedia.org
600,Sonnnie Goodliffe,2802 Towne Alley,80044,CO,sgoodliffegn@sphinn.com
601,Elizabeth Vittle,542 Atwood Drive,16505,PA,evittlego@ehow.com
602,Annabal McKerlie,5150 Del Mar Trail,39210,MS,amckerliegp@theatlantic.com
603,Brewer Strauss,9000 Springview Street,11431,NY,bstraussgq@bing.com
604,Lanita Downie,70 Beilfuss Hill,11470,NY,ldowniegr@microsoft.com
605,Conny Terrill,77 Sage Street,35263,AL,cterrillgs@gmpg.org
606,Bebe Marquess,8 Fairfield Parkway,29424,SC,bmarquessgt@ameblo.jp
607,Marcille Yoselevitch,98243 Dennis Pass,37210,TN,myoselevitchgu@wikispaces.com
608,Hana Follows,34955 Scott Street,89012,NV,hfollowsgv@t.co
609,Lissie Witheridge,1 Lunder Point,66160,KS,lwitheridgegw@mozilla.com
610,Eugenia Janoch,8 Bartelt Place,94257,CA,ejanochgx@google.co.uk
611,Jamil Hatherley,66810 East Plaza,36125,AL,jhatherleygy@technorati.com
612,Ruddie Goom,98463 Jenifer Pass,37228,TN,rgoomgz@digg.com
613,Chaunce Antrobus,9 Lotheville Way,89160,NV,cantrobush0@usatoday.com
614,Rozanne Grassett,021 Sloan Park,93750,CA,rgrassetth1@diigo.com
615,Xerxes Ludewig,652 Evergreen Trail,14276,NY,xludewigh2@wikipedia.org
616,Candie Scarisbrick,3 Sunfield Circle,89510,NV,cscarisbrickh3@freewebs.com
617,Milli Pescud,8379 Eliot Trail,78749,TX,mpescudh4@upenn.edu
618,Zack Anstey,21155 Derek Trail,25726,WV,zansteyh5@mit.edu
619,Daniella Hoyt,51 Lotheville Court,34114,FL,dhoyth6@reddit.com
620,Patricio Sarfati,0354 Aberg Plaza,98411,WA,psarfatih7@skyrock.com
621,Dacia Schulz,3053 Scott Drive,78260,TX,dschulzh8@cnn.com
622,Gretal Silkstone,5757 Stuart Street,26505,WV,gsilkstoneh9@webeden.co.uk
623,Maurizia McKissack,99 Prairieview Terrace,94116,CA,mmckissackha@economist.com
624,Tracey Mergue,1 Bluestem Hill,02905,RI,tmerguehb@biglobe.ne.jp
625,Maudie Kocher,2398 Lighthouse Bay Trail,76205,TX,mkocherhc@delicious.com
626,Johnath Piotrkowski,40 Fuller Pass,32868,FL,jpiotrkowskihd@illinois.edu
627,Kayne Meadowcraft,1972 Cherokee Avenue,24009,VA,kmeadowcrafthe@feedburner.com
628,June Attlee,8 Toban Parkway,75049,TX,jattleehf@ow.ly
629,Ingamar Schooley,35044 Johnson Court,30605,GA,ischooleyhg@webmd.com
630,Karalee Lobbe,75797 Crowley Hill,92160,CA,klobbehh@dagondesign.com
631,Aylmer Aldrin,12 Kingsford Junction,78470,TX,aaldrinhi@hatena.ne.jp
632,Murial Hakewell,8 Butterfield Trail,49006,MI,mhakewellhj@psu.edu
633,Ali Caverhill,9615 Forster Center,22903,VA,acaverhillhk@independent.co.uk
634,Geoffry Capron,45887 Oneill Plaza,84170,UT,gcapronhl@51.la
635,Malissia Santhouse,971 Golden Leaf Center,40596,KY,msanthousehm@shinystat.com
636,Adella Mollnar,609 Golden Leaf Park,95833,CA,amollnarhn@dailymotion.com
637,Elianore Duggleby,89369 Armistice Junction,48206,MI,edugglebyho@google.nl
638,Daniel Sanford,2 Dawn Street,32885,FL,dsanfordhp@opensource.org
639,Minda Lindbergh,9572 Towne Plaza,94280,CA,mlindberghhq@yolasite.com
640,Barb Bergeau,99 Merrick Avenue,38161,TN,bbergeauhr@feedburner.com
641,Saudra Voas,9 Doe Crossing Terrace,85210,AZ,svoashs@ucsd.edu
642,Melita Dutteridge,664 Division Center,79916,TX,mdutteridgeht@japanpost.jp
643,Lela Lenz,82752 Vidon Place,98008,WA,llenzhu@bloglines.com
644,Ronica Loreit,1537 Spenser Avenue,02458,MA,rloreithv@ibm.com
645,Milo Marc,14993 Little Fleur Center,90605,CA,mmarchw@sciencedaily.com
646,Liz Jirieck,432 Schiller Road,37605,TN,ljirieckhx@livejournal.com
647,Evanne Ravillas,750 Sutteridge Crossing,14233,NY,eravillashy@yale.edu
648,Mordy Foskew,585 Mockingbird Plaza,95298,CA,mfoskewhz@weather.com
649,Edwin Whitmell,4 Ronald Regan Place,79118,TX,ewhitmelli0@free.fr
650,Zahara Eastlake,9506 Summer Ridge Point,95118,CA,zeastlakei1@nps.gov
651,Kassandra Durdle,0 Artisan Way,98907,WA,kdurdlei2@behance.net
652,Greg Runsey,21 Brown Drive,88584,TX,grunseyi3@hatena.ne.jp
653,Mitch Patesel,92265 Service Circle,19610,PA,mpateseli4@trellian.com
654,Sandye Castagna,19652 Duke Center,90076,CA,scastagnai5@google.com.hk
655,Miguelita Abbot,439 Roxbury Court,98195,WA,mabboti6@4shared.com
656,Fransisco Tabram,50934 Rieder Junction,58207,ND,ftabrami7@yandex.ru
657,Abbey Ondracek,3 Vermont Alley,79105,TX,aondraceki8@army.mil
658,Inga Maytom,676 Kennedy Parkway,44105,OH,imaytomi9@typepad.com
659,Barby Cuffin,31188 Logan Center,83732,ID,bcuffinia@wp.com
660,Fielding Muge,53 Hansons Circle,74116,OK,fmugeib@bbb.org
661,Melantha Pavia,70664 Di Loreto Point,64153,MO,mpaviaic@nbcnews.com
662,Deedee Whithorn,61904 Golden Leaf Circle,77705,TX,dwhithornid@yandex.ru
663,Jasmina Goldman,565 Memorial Trail,77223,TX,jgoldmanie@imgur.com
664,Bastien Henrichs,23823 Luster Drive,77201,TX,bhenrichsif@statcounter.com
665,Ruby Johnston,770 Muir Hill,18514,PA,rjohnstonig@cornell.edu
666,Kennan Mowen,21 Forest Park,43666,OH,kmowenih@arizona.edu
667,West Deegin,9 Montana Terrace,80638,CO,wdeeginii@cbsnews.com
668,Lee Worge,7224 1st Plaza,98104,WA,lworgeij@noaa.gov
669,Joell Wykey,2106 Spohn Crossing,90094,CA,jwykeyik@istockphoto.com
670,Valeda Ickeringill,531 Oak Trail,51110,IA,vickeringillil@webmd.com
671,Madelin Drew-Clifton,55 Atwood Alley,55423,MN,mdrewcliftonim@topsy.com
672,Minne Fronzek,9 Maple Plaza,66667,KS,mfronzekin@samsung.com
673,Lucinda Horrigan,9126 Thierer Parkway,50347,IA,lhorriganio@flavors.me
674,Lucienne Raven,65410 Loomis Hill,31296,GA,lravenip@merriam-webster.com
675,Elfreda Pohlak,99 Macpherson Lane,30328,GA,epohlakiq@sciencedaily.com
676,Grayce McCree,732 Westport Center,59105,MT,gmccreeir@google.it
677,Scotty Heisham,59 Melody Junction,31106,GA,sheishamis@arizona.edu
678,Kenon Melsome,4605 Birchwood Parkway,44393,OH,kmelsomeit@rambler.ru
679,Tye Ruttgers,737 Farwell Avenue,77386,TX,truttgersiu@nydailynews.com
680,Hadria Di Napoli,6239 Westerfield Road,18768,PA,hdiiv@msn.com
681,Valentia Hemphrey,50617 Tennessee Pass,23208,VA,vhemphreyiw@gmpg.org
682,Siouxie Petrenko,4 Lunder Junction,79916,TX,spetrenkoix@free.fr
683,Ollie Maggi,05089 Helena Drive,11407,NY,omaggiiy@si.edu
684,Claresta Lydster,74 Mandrake Hill,75705,TX,clydsteriz@paginegialle.it
685,Junie MacGiffin,2 Dryden Alley,76178,TX,jmacgiffinj0@chron.com
686,Pavla Janek,9702 Glendale Place,49560,MI,pjanekj1@cnet.com
687,Beryl Reskelly,31405 Pankratz Terrace,62205,IL,breskellyj2@ihg.com
688,Gustav Fer,1 Declaration Terrace,95064,CA,gferj3@google.ca
689,Eward Bassett,20867 Milwaukee Parkway,73190,OK,ebassettj4@cam.ac.uk
690,Jordana Yakobowitz,941 Pond Street,34282,FL,jyakobowitzj5@chronoengine.com
691,Jewel Matejka,56 Goodland Drive,96154,CA,jmatejkaj6@indiegogo.com
692,Vincent Grimley,6339 Clemons Crossing,36689,AL,vgrimleyj7@tiny.cc
693,Giraldo Madgewick,773 Pine View Road,61709,IL,gmadgewickj8@fda.gov
694,Lotta Pley,00 Fulton Alley,32314,FL,lpleyj9@webs.com
695,Natalee Lain,3 Karstens Lane,36195,AL,nlainja@theatlantic.com
696,Kiersten Sibbert,91109 Bunker Hill Plaza,70820,LA,ksibbertjb@mayoclinic.com
697,Tabbi Simnor,28346 Mendota Point,46202,IN,tsimnorjc@noaa.gov
698,Averyl Dewdney,988 Aberg Terrace,49560,MI,adewdneyjd@nih.gov
699,Glennie Warrilow,226 Russell Avenue,20022,DC,gwarrilowje@tinypic.com
700,Benedicto Berthomieu,85 Service Plaza,32919,FL,bberthomieujf@state.tx.us
701,Derk Gillott,9824 Gateway Circle,35405,AL,dgillottjg@flavors.me
702,Kile Urling,3 Debra Junction,34665,FL,kurlingjh@blogs.com
703,Myca Bulbrook,80030 Ryan Avenue,32854,FL,mbulbrookji@hao123.com
704,Deonne Bahia,87815 Coolidge Pass,29403,SC,dbahiajj@wsj.com
705,Blinny Kienle,0 Thompson Way,94286,CA,bkienlejk@ameblo.jp
706,Jasmine Blasdale,0 Dexter Avenue,33134,FL,jblasdalejl@statcounter.com
707,Rania Knowles,96 High Crossing Terrace,30336,GA,rknowlesjm@scribd.com
708,Kyle Hargreaves,00722 Hayes Circle,05609,VT,khargreavesjn@tripadvisor.com
709,Verne Macbane,54 Novick Junction,96845,HI,vmacbanejo@yelp.com
710,Susannah MacKnockiter,4259 New Castle Way,33129,FL,smacknockiterjp@admin.ch
711,Wolfie Janu,46907 Jenifer Center,85297,AZ,wjanujq@deliciousdays.com
712,Graham Foxwell,08640 Manitowish Alley,93591,CA,gfoxwelljr@discovery.com
713,Cecilla Wray,272 Springs Place,79940,TX,cwrayjs@ed.gov
714,Eydie Hurler,057 Fallview Court,10039,NY,ehurlerjt@dell.com
715,Marietta Brunel,85 Sunbrook Way,33305,FL,mbrunelju@dyndns.org
716,Raymund Ennew,308 Corscot Alley,96815,HI,rennewjv@about.me
717,Cheston Simmons,22155 Claremont Point,66220,KS,csimmonsjw@issuu.com
718,Maura Avarne,324 Susan Street,10105,NY,mavarnejx@drupal.org
719,Thedric Eacott,905 Dennis Pass,39236,MS,teacottjy@google.ru
720,Henrietta Collocott,64012 Rowland Street,91406,CA,hcollocottjz@tamu.edu
721,Cecelia Goodbairn,5454 Loeprich Avenue,35263,AL,cgoodbairnk0@edublogs.org
722,Waylan Ditzel,9723 Crest Line Center,73104,OK,wditzelk1@altervista.org
723,Clea Kennewell,36 Melby Junction,20238,DC,ckennewellk2@nhs.uk
724,Saree Klejna,838 Moose Avenue,70142,LA,sklejnak3@pagesperso-orange.fr
725,Patrice Tyre,93351 Stang Drive,24020,VA,ptyrek4@domainmarket.com
726,Catherina Rudolf,75834 Lakeland Way,20205,DC,crudolfk5@alibaba.com
727,Roch Pooly,27 Ohio Crossing,55590,MN,rpoolyk6@flavors.me
728,Debbie Duffit,97 Washington Lane,93778,CA,dduffitk7@quantcast.com
729,Juana De Luna,624 Schlimgen Center,55103,MN,jdek8@exblog.jp
730,Anestassia Darragh,9887 Gerald Junction,63150,MO,adarraghk9@devhub.com
731,Tanney Burling,83401 Myrtle Park,99215,WA,tburlingka@geocities.com
732,Bondon Stubbe,4 Summer Ridge Terrace,55458,MN,bstubbekb@google.com.br
733,Filmore Johansen,439 Esker Point,20210,DC,fjohansenkc@freewebs.com
734,Cookie Souter,6 Mandrake Junction,02472,MA,csouterkd@yale.edu
735,Ulrika Duester,1019 Susan Junction,94164,CA,uduesterke@patch.com
736,Bartholomew Corter,828 Ramsey Center,74184,OK,bcorterkf@washingtonpost.com
737,Ollie Wadly,25400 Troy Avenue,35290,AL,owadlykg@slate.com
738,Rusty Atwell,38959 Bunker Hill Alley,95865,CA,ratwellkh@japanpost.jp
739,Sunny Noah,33 Summer Ridge Crossing,55551,MN,snoahki@nymag.com
740,Ros Stanmore,8 Badeau Parkway,89110,NV,rstanmorekj@craigslist.org
741,Floris Ogglebie,08526 6th Crossing,14646,NY,fogglebiekk@cargocollective.com
742,Felice Stones,60 Boyd Point,63150,MO,fstoneskl@senate.gov
743,Burl Pyett,557 Upham Lane,33680,FL,bpyettkm@shutterfly.com
744,Holly Gouldie,1213 Debra Pass,25709,WV,hgouldiekn@goo.ne.jp
745,Othilia Seagood,15021 Arrowood Junction,32123,FL,oseagoodko@people.com.cn
746,Zebulon Commins,49 Luster Plaza,72204,AR,zcomminskp@telegraph.co.uk
747,Jacintha Catto,86 Mcbride Court,30340,GA,jcattokq@oakley.com
748,Kermit Drever,3 Continental Street,02905,RI,kdreverkr@mac.com
749,Mirabella Prenty,591 Butterfield Street,02114,MA,mprentyks@boston.com
750,Tremaine Simioni,03 Burning Wood Center,94280,CA,tsimionikt@shinystat.com
751,Malinda Blackborough,0447 Del Mar Avenue,19151,PA,mblackboroughku@ovh.net
752,Austin MacPaike,7 Hermina Pass,27404,NC,amacpaikekv@merriam-webster.com
753,Alphard Shovel,51 Hazelcrest Center,58122,ND,ashovelkw@google.cn
754,Amos Alfonsini,5 Waywood Terrace,93704,CA,aalfonsinikx@yelp.com
755,Melisande Rushe,4 Lotheville Junction,30386,GA,mrusheky@ustream.tv
756,Blakeley Helliwell,44721 Florence Hill,17105,PA,bhelliwellkz@ebay.com
757,Bail Sammars,563 Manley Lane,00214,NH,bsammarsl0@storify.com
758,Lisha Flann,3101 Oneill Center,14604,NY,lflannl1@wufoo.com
759,Hyacinthie Bonson,7227 Village Green Court,36114,AL,hbonsonl2@mayoclinic.com
760,Sibbie Alessandrini,83 Nevada Place,19115,PA,salessandrinil3@tripod.com
761,Moreen Smeal,0 Parkside Center,68124,NE,msmeall4@furl.net
762,Isabel Ockenden,602 Lindbergh Street,99252,WA,iockendenl5@nationalgeographic.com
763,Lonnie Budgett,45 Dennis Place,37410,TN,lbudgettl6@g.co
764,Blinni Braniff,93 Spohn Road,20535,DC,bbraniffl7@nyu.edu
765,Marilee Roder,0452 Westport Street,33315,FL,mroderl8@wired.com
766,Valery Scholz,354 Basil Way,75367,TX,vscholzl9@google.it
767,Jannelle Biles,2 Delaware Street,75705,TX,jbilesla@miibeian.gov.cn
768,Cosette McClure,7816 Sachs Court,78749,TX,cmcclurelb@delicious.com
769,Benny Benthall,160 Monica Way,39505,MS,bbenthalllc@sitemeter.com
770,Baldwin Himpson,50687 Sachs Street,77015,TX,bhimpsonld@prlog.org
771,Amberly Rush,032 Birchwood Plaza,53220,WI,arushle@discuz.net
772,Dame Dulson,5066 Larry Trail,32964,FL,ddulsonlf@deviantart.com
773,Brewer Jewer,98804 Caliangt Center,40225,KY,bjewerlg@wikipedia.org
774,Freedman Scotchmor,519 Butternut Street,24040,VA,fscotchmorlh@wp.com
775,Trudie Tickner,69027 Mesta Crossing,11431,NY,tticknerli@sina.com.cn
776,Dallas Leander,84415 Brentwood Drive,33906,FL,dleanderlj@timesonline.co.uk
777,Earlie Smedmoor,74321 Luster Alley,13217,NY,esmedmoorlk@about.me
778,Mata Flute,0928 Jenna Parkway,10115,NY,mflutell@yelp.com
779,Obie Yetton,1115 Buena Vista Avenue,08619,NJ,oyettonlm@japanpost.jp
780,Stavro d'Escoffier,8419 Shopko Trail,88519,TX,sdescoffierln@tuttocitta.it
781,Wanids Beadel,72 Merry Lane,38131,TN,wbeadello@hatena.ne.jp
782,Dennison Cardenoza,081 Straubel Avenue,80161,CO,dcardenozalp@archive.org
783,Gonzalo Bruniges,8 School Circle,89135,NV,gbrunigeslq@senate.gov
784,Blane Trace,1 Lerdahl Parkway,15255,PA,btracelr@arizona.edu
785,Blancha Roswarn,63 Dawn Drive,74126,OK,broswarnls@soundcloud.com
786,Joby Tydeman,1 Nova Hill,73197,OK,jtydemanlt@paginegialle.it
787,Molly Jina,99180 Randy Trail,90076,CA,mjinalu@geocities.com
788,Lorri Mithun,2193 Orin Crossing,11480,NY,lmithunlv@eventbrite.com
789,Sherwynd Glashby,790 Melby Way,36628,AL,sglashbylw@feedburner.com
790,Lou Kenworthey,3595 Mockingbird Pass,06673,CT,lkenwortheylx@berkeley.edu
791,Berti Strood,5163 Russell Lane,70607,LA,bstroodly@tripadvisor.com
792,Marcos Denholm,6 Annamark Circle,83727,ID,mdenholmlz@printfriendly.com
793,Burch De Giorgio,1 Delaware Plaza,84170,UT,bdem0@examiner.com
794,Gina Breeder,470 Rigney Center,97312,OR,gbreederm1@mozilla.com
795,Karolina Pettett,310 Summerview Plaza,15235,PA,kpettettm2@360.cn
796,Quent Westwick,2 Lakewood Gardens Center,33610,FL,qwestwickm3@scribd.com
797,Emmanuel Hubbins,6 Westerfield Park,04109,ME,ehubbinsm4@sphinn.com
798,Cindi Phelit,6 Laurel Crossing,85255,AZ,cphelitm5@wordpress.org
799,Elnora Kochlin,4 Red Cloud Parkway,99709,AK,ekochlinm6@eventbrite.com
800,Norbie Gowdridge,50 Becker Drive,73135,OK,ngowdridgem7@bing.com
801,Peyter Antonat,77876 Village Terrace,95354,CA,pantonatm8@purevolume.com
802,Elmo Preator,7552 Village Green Street,36689,AL,epreatorm9@hhs.gov
803,Ilysa Kneebone,354 Kedzie Lane,90831,CA,ikneebonema@constantcontact.com
804,Piper Mattam,28 Sunnyside Street,35205,AL,pmattammb@howstuffworks.com
805,Nye Offa,8395 Glacier Hill Center,44705,OH,noffamc@godaddy.com
806,Maryanna Lehrian,4897 Mockingbird Avenue,92883,CA,mlehrianmd@issuu.com
807,Deane Chitson,768 Bayside Alley,88579,TX,dchitsonme@etsy.com
808,Val Morcomb,9 Park Meadow Trail,37240,TN,vmorcombmf@youku.com
809,Charlene Vitler,8 Corry Road,30380,GA,cvitlermg@thetimes.co.uk
810,Moore Menezes,8 Gerald Place,23514,VA,mmenezesmh@reference.com
811,Culver Varga,06850 Burrows Road,53716,WI,cvargami@craigslist.org
812,Albie Knapman,472 Sundown Point,77010,TX,aknapmanmj@usnews.com
813,Misti McGonagle,97051 Stang Court,10155,NY,mmcgonaglemk@webs.com
814,Ludwig Spiring,4 Fair Oaks Road,80910,CO,lspiringml@prlog.org
815,Griffith Waiton,2516 Maple Wood Alley,98185,WA,gwaitonmm@naver.com
816,Maje Lawrence,2661 Lunder Circle,71307,LA,mlawrencemn@npr.org
817,Fred Kindleside,27363 Roth Trail,37919,TN,fkindlesidemo@ifeng.com
818,Griswold Dowse,882 Cascade Plaza,18105,PA,gdowsemp@ask.com
819,Philip Instrell,68633 Montana Court,70154,LA,pinstrellmq@wp.com
820,Hugo Haggidon,3 Forest Terrace,14263,NY,hhaggidonmr@nhs.uk
821,Hilton Ainsworth,58591 Donald Way,27105,NC,hainsworthms@twitter.com
822,Skippie Crossley,9 Eastwood Place,89155,NV,scrossleymt@berkeley.edu
823,Randal Killigrew,27338 Jana Circle,55470,MN,rkilligrewmu@prnewswire.com
824,Wiley Townshend,49 Delladonna Pass,78260,TX,wtownshendmv@mapquest.com
825,Linnea Zavattero,82839 Spenser Alley,92645,CA,lzavatteromw@list-manage.com
826,Aurelia Gold,453 Mosinee Court,50320,IA,agoldmx@sakura.ne.jp
827,Sibel Hedlestone,40 Moulton Street,94712,CA,shedlestonemy@instagram.com
828,Georgianna Lawee,299 Harbort Junction,36119,AL,glaweemz@arstechnica.com
829,Trefor Ringe,09 American Way,39236,MS,tringen0@biblegateway.com
830,Karel Antonsson,20 Algoma Parkway,10474,NY,kantonssonn1@histats.com
831,Fran Cornils,26 Hoepker Junction,17405,PA,fcornilsn2@ifeng.com
832,Arabele Conachy,58 Saint Paul Court,41905,KY,aconachyn3@issuu.com
833,Sanderson Shiel,99 Maple Way,05609,VT,sshieln4@upenn.edu
834,Robby Pragnell,231 Nevada Road,40510,KY,rpragnelln5@google.fr
835,Harlin Garman,921 Northland Terrace,32277,FL,hgarmann6@fotki.com
836,Emmerich Charlson,707 Toban Street,99517,AK,echarlsonn7@rakuten.co.jp
837,Dolf Foucher,24100 Elgar Plaza,77245,TX,dfouchern8@over-blog.com
838,Leonerd Cahani,01741 Fallview Junction,33994,FL,lcahanin9@ucla.edu
839,Sherrie Blasgen,190 Tomscot Street,79405,TX,sblasgenna@behance.net
840,Marchall Manns,8 Iowa Court,85083,AZ,mmannsnb@yolasite.com
841,Murvyn Commander,5 John Wall Road,59112,MT,mcommandernc@taobao.com
842,Gabrila Birdseye,25 Starling Drive,22119,VA,gbirdseyend@china.com.cn
843,Rubin Antonognoli,76022 Holy Cross Alley,20580,DC,rantonognoline@marriott.com
844,Boyce Blackstone,697 Pond Center,79984,TX,bblackstonenf@yellowbook.com
845,Lynnelle Sheepy,9 Pearson Point,27658,NC,lsheepyng@about.me
846,Alister Galpen,8 High Crossing Lane,40586,KY,agalpennh@reference.com
847,Lotta Sicily,40 Russell Plaza,77060,TX,lsicilyni@hp.com
848,Audre Osgar,2980 Nelson Pass,43284,OH,aosgarnj@tuttocitta.it
849,Ora Bleckly,1017 Lakewood Junction,35210,AL,oblecklynk@barnesandnoble.com
850,Stephen Testo,64750 Arizona Terrace,77085,TX,stestonl@ebay.com
851,Ketti Varfalameev,903 Dwight Alley,07208,NJ,kvarfalameevnm@meetup.com
852,Nissie Salway,6148 Memorial Way,92725,CA,nsalwaynn@hatena.ne.jp
853,Darryl Iley,929 Mitchell Avenue,31998,GA,dileyno@washingtonpost.com
854,Taddeo Caherny,2 Caliangt Alley,85754,AZ,tcahernynp@blogtalkradio.com
855,Nettle Scrace,53 Summerview Alley,78749,TX,nscracenq@wikispaces.com
856,Lonee Warder,350 Rockefeller Center,76598,TX,lwardernr@newsvine.com
857,Katy Cresar,18 Havey Parkway,36610,AL,kcresarns@sina.com.cn
858,Cullin Jull,001 Marquette Court,19151,PA,cjullnt@wordpress.com
859,Anet Pavluk,500 Lerdahl Trail,66611,KS,apavluknu@php.net
860,Ram Carradice,66 Carberry Way,71914,AR,rcarradicenv@diigo.com
861,Shea Raise,3829 Superior Trail,79950,TX,sraisenw@java.com
862,Tamas Minchinden,1958 Kedzie Center,75210,TX,tminchindennx@tripadvisor.com
863,Vally Ravilus,9450 Scott Road,94263,CA,vravilusny@wikipedia.org
864,Faunie MacEvilly,52 Crownhardt Parkway,88584,TX,fmacevillynz@marriott.com
865,Vincenty Yuryshev,708 Eagan Pass,77250,TX,vyuryshevo0@chronoengine.com
866,Barty Maghull,101 Meadow Ridge Street,64179,MO,bmaghullo1@oaic.gov.au
867,Charil Cornelissen,518 Scofield Avenue,94616,CA,ccornelisseno2@deliciousdays.com
868,Corny Kunneke,47 Coleman Lane,55123,MN,ckunnekeo3@miibeian.gov.cn
869,Jodie Waycott,912 Utah Pass,15266,PA,jwaycotto4@google.nl
870,Meredith Glader,1029 Monument Street,22184,VA,mgladero5@nhs.uk
871,Klemens Lorenzo,52820 Vidon Center,79182,TX,klorenzoo6@princeton.edu
872,Aindrea Carlick,20 Blaine Drive,20503,DC,acarlicko7@github.com
873,Trisha Burthom,21862 Buell Street,78764,TX,tburthomo8@yolasite.com
874,Antonia Flowerden,7 Warrior Point,55590,MN,aflowerdeno9@disqus.com
875,Orelee Varnals,5380 Fallview Way,48335,MI,ovarnalsoa@adobe.com
876,Benny Flipsen,73 Hoepker Plaza,53705,WI,bflipsenob@amazon.com
877,Nerta Dooler,3 Dottie Center,76505,TX,ndooleroc@vimeo.com
878,Bud Tweedie,870 Graceland Drive,90035,CA,btweedieod@china.com.cn
879,Sax Wiltsher,74046 Rockefeller Street,89130,NV,swiltsheroe@msu.edu
880,Annabela Burchatt,4 Nevada Court,14220,NY,aburchattof@bloglines.com
881,Eloise Frobisher,98895 Veith Street,96820,HI,efrobisherog@mlb.com
882,Wallace Hurll,205 Arrowood Junction,77260,TX,whurlloh@themeforest.net
883,Chadd Ivashinnikov,02026 Harbort Alley,78278,TX,civashinnikovoi@ow.ly
884,Hayden Desquesnes,6 Green Ridge Way,78726,TX,hdesquesnesoj@google.es
885,Rodi Jobe,16980 Beilfuss Lane,20299,DC,rjobeok@microsoft.com
886,Dev Frankel,44618 Glacier Hill Drive,48335,MI,dfrankelol@nature.com
887,Josephine Stithe,8303 Hanson Drive,15286,PA,jstitheom@qq.com
888,Tommie Benley,11457 North Point,35290,AL,tbenleyon@whitehouse.gov
889,Mata Dumpleton,3 Bashford Junction,91109,CA,mdumpletonoo@hp.com
890,Munroe Mapledoore,542 Blackbird Hill,43610,OH,mmapledooreop@zdnet.com
891,Flor Jedrzejkiewicz,3 Caliangt Trail,10045,NY,fjedrzejkiewiczoq@themeforest.net
892,Krystyna Dabs,0910 Armistice Court,79934,TX,kdabsor@wikispaces.com
893,Thornton Theobalds,205 Starling Way,22234,VA,ttheobaldsos@ft.com
894,Rebecka Pietroni,38932 Melby Alley,33013,FL,rpietroniot@hibu.com
895,Bogey Janssens,4 Colorado Way,28272,NC,bjanssensou@psu.edu
896,Rochell Kleinstern,21 Waywood Way,27717,NC,rkleinsternov@accuweather.com
897,Shalom Dutnell,5 Shoshone Hill,31210,GA,sdutnellow@nationalgeographic.com
898,Harrison Dunleavy,06 Helena Street,85040,AZ,hdunleavyox@dot.gov
899,Aurelea Llywarch,5 Sunbrook Crossing,34611,FL,allywarchoy@smh.com.au
900,Amble Waywell,5 Miller Park,90040,CA,awaywelloz@tmall.com
901,Alyson Danick,78 Corry Terrace,22093,VA,adanickp0@stumbleupon.com
902,Durward Cordaroy,62164 Scoville Lane,93778,CA,dcordaroyp1@youtu.be
903,Purcell MacClancey,3 Towne Terrace,34114,FL,pmacclanceyp2@google.fr
904,Stillman Arrington,573 Browning Plaza,20420,DC,sarringtonp3@businessinsider.com
905,Gaby Coyte,71 Loftsgordon Plaza,33325,FL,gcoytep4@cocolog-nifty.com
906,Robby Evenett,5296 Burning Wood Way,70129,LA,revenettp5@spotify.com
907,Kenn Taylder,5 Fremont Alley,06520,CT,ktaylderp6@google.co.uk
908,Vasili Cuttle,3498 Westridge Trail,94280,CA,vcuttlep7@psu.edu
909,Fianna Charteris,075 Pond Center,35263,AL,fcharterisp8@techcrunch.com
910,Paddy Wilcocks,32 Lyons Court,53726,WI,pwilcocksp9@bluehost.com
911,Lindsay Cashley,32588 Goodland Road,91913,CA,lcashleypa@chron.com
912,Brigit Deverson,488 Stoughton Place,17126,PA,bdeversonpb@springer.com
913,Rikki Heggman,4 Becker Terrace,21211,MD,rheggmanpc@gravatar.com
914,Harlen Gomersal,87535 Bluestem Circle,02104,MA,hgomersalpd@nytimes.com
915,Candis Andre,861 Karstens Pass,85030,AZ,candrepe@smh.com.au
916,Stefa Lannen,65 Service Pass,17622,PA,slannenpf@mediafire.com
917,Urbain Langdale,5760 Mendota Parkway,40233,KY,ulangdalepg@businessweek.com
918,Josephina Girdlestone,87 Cascade Hill,53710,WI,jgirdlestoneph@google.de
919,Samaria Zanolli,72 Waxwing Court,64160,MO,szanollipi@friendfeed.com
920,Hoyt Tillett,08702 2nd Place,28220,NC,htillettpj@state.tx.us
921,Wilburt Guilliatt,62528 Debs Hill,28220,NC,wguilliattpk@nsw.gov.au
922,Pyotr Pavlov,563 Prentice Trail,36605,AL,ppavlovpl@yolasite.com
923,Bennie Mowsley,709 Prairie Rose Trail,75387,TX,bmowsleypm@bandcamp.com
924,Julianne Mourge,33 Holy Cross Trail,90398,CA,jmourgepn@google.es
925,Cecelia Dreghorn,8 Raven Avenue,93386,CA,cdreghornpo@dropbox.com
926,Thomasina Ingold,5231 Warner Terrace,96835,HI,tingoldpp@delicious.com
927,Krystal Rodda,3074 Barnett Park,06922,CT,kroddapq@virginia.edu
928,Conroy Ziehm,2 Orin Lane,64130,MO,cziehmpr@google.co.uk
929,Trenna McGlashan,112 Del Mar Junction,32314,FL,tmcglashanps@imageshack.us
930,Jannel Jakubovicz,309 Muir Circle,11044,NY,jjakuboviczpt@seattletimes.com
931,Margot Coomer,96 Cambridge Place,94280,CA,mcoomerpu@ft.com
932,Rosemaria Aldham,163 Crest Line Avenue,27690,NC,raldhampv@about.me
933,Donnie Tassaker,8 Fieldstone Parkway,38119,TN,dtassakerpw@technorati.com
934,Rickie Foresight,83 Thierer Circle,30130,GA,rforesightpx@illinois.edu
935,Chaddy Turbayne,87 Moulton Road,28256,NC,cturbaynepy@ifeng.com
936,Tommie Vescovo,3792 Larry Lane,78749,TX,tvescovopz@businessweek.com
937,Reese Withrop,08 Mendota Hill,85737,AZ,rwithropq0@gov.uk
938,Adriane Rait,00001 Kingsford Drive,38150,TN,araitq1@nationalgeographic.com
939,Sebastien Dies,7 Mitchell Circle,11236,NY,sdiesq2@shinystat.com
940,Demetre Spondley,7 Chive Avenue,80044,CO,dspondleyq3@salon.com
941,Frasco Roussell,6878 Chive Terrace,39204,MS,froussellq4@slashdot.org
942,Marjory MacKenny,1 Riverside Road,33647,FL,mmackennyq5@google.de
943,Domeniga Veryard,05 Hayes Avenue,81005,CO,dveryardq6@amazonaws.com
944,Veronica Defau,0 Dexter Pass,35805,AL,vdefauq7@google.cn
945,Vina Matiewe,73406 Main Park,15266,PA,vmatieweq8@nhs.uk
946,Melba Stephens,0 Packers Way,70033,LA,mstephensq9@time.com
947,Jonathon Muller,448 Kinsman Way,79911,TX,jmullerqa@last.fm
948,Tirrell Domokos,4426 Hermina Center,38181,TN,tdomokosqb@earthlink.net
949,Salli Cosby,4242 Havey Avenue,98506,WA,scosbyqc@va.gov
950,Zeb Welburn,731 Commercial Plaza,73142,OK,zwelburnqd@homestead.com
951,Buddy Perot,51 Fordem Avenue,64190,MO,bperotqe@jimdo.com
952,Blake Brogi,9856 Burrows Place,32244,FL,bbrogiqf@bloglines.com
953,Nancee Fleote,6013 School Point,92640,CA,nfleoteqg@github.io
954,Diena Buxton,827 5th Drive,14609,NY,dbuxtonqh@about.me
955,Rosabelle Swaffer,45 Hanson Way,08638,NJ,rswafferqi@hc360.com
956,Levin Lightfoot,907 Sutherland Drive,49510,MI,llightfootqj@google.com.au
957,Angele Torald,11740 Meadow Valley Hill,38161,TN,atoraldqk@livejournal.com
958,Jodie McMurtyr,800 Lotheville Trail,20580,DC,jmcmurtyrql@icq.com
959,Steve Collier,400 Eastwood Road,90605,CA,scollierqm@telegraph.co.uk
960,Easter Hawkett,00650 Fisk Alley,33462,FL,ehawkettqn@amazonaws.com
961,Zea Isaaksohn,8145 Walton Avenue,94544,CA,zisaaksohnqo@opera.com
962,Kristoforo MacCorkell,12118 Meadow Ridge Plaza,46202,IN,kmaccorkellqp@imageshack.us
963,Renaldo Denniston,58 Novick Crossing,35895,AL,rdennistonqq@hatena.ne.jp
964,Brit Devereux,0987 Graedel Pass,25336,WV,bdevereuxqr@xinhuanet.com
965,Denys Guyer,696 Northland Court,35905,AL,dguyerqs@friendfeed.com
966,Gustaf Jickells,677 Marcy Lane,02905,RI,gjickellsqt@wisc.edu
967,Carlee Dael,9991 Doe Crossing Way,92705,CA,cdaelqu@multiply.com
968,Kevon Dwerryhouse,26887 Fallview Place,46620,IN,kdwerryhouseqv@seattletimes.com
969,Kym Paolone,792 International Drive,02453,MA,kpaoloneqw@squidoo.com
970,Lari Killock,7409 Pond Avenue,28256,NC,lkillockqx@independent.co.uk
971,Corella Wadforth,145 Manitowish Place,75277,TX,cwadforthqy@twitpic.com
972,Esteban Delves,935 Golf Course Center,27717,NC,edelvesqz@hatena.ne.jp
973,Konstance Tamburo,36465 Jenna Trail,32118,FL,ktamburor0@time.com
974,Adda Remmers,0 Maple Wood Lane,37215,TN,aremmersr1@admin.ch
975,Archibold Gash,6578 Muir Crossing,39216,MS,agashr2@yahoo.com
976,Anny Brabyn,282 Luster Pass,85748,AZ,abrabynr3@squarespace.com
977,Hedi Ellam,77 Barnett Lane,33673,FL,hellamr4@marketwatch.com
978,Nealy Belliss,46 Ruskin Way,63169,MO,nbellissr5@state.gov
979,Joey Farish,5306 Hansons Park,07112,NJ,jfarishr6@princeton.edu
980,Adah Jauncey,41575 Talmadge Street,62764,IL,ajaunceyr7@sina.com.cn
981,Helyn Hayley,09858 Johnson Trail,89436,NV,hhayleyr8@woothemes.com
982,Bekki Kinnock,299 Old Gate Drive,20430,DC,bkinnockr9@cam.ac.uk
983,Mario Espinoy,8 Jenifer Park,06859,CT,mespinoyra@cdbaby.com
984,Hubie Dumphry,6283 Logan Place,22205,VA,hdumphryrb@imdb.com
985,Royce Fulbrook,3247 South Circle,33315,FL,rfulbrookrc@nytimes.com
986,Ashly Yakolev,9 Emmet Pass,30089,GA,ayakolevrd@topsy.com
987,Sascha Woolen,3181 Leroy Alley,49505,MI,swoolenre@bravesites.com
988,Chip Genthner,7 Arrowood Pass,43215,OH,cgenthnerrf@ucoz.com
989,Lurette Conyers,79346 Calypso Crossing,33336,FL,lconyersrg@dropbox.com
990,Perri Hanse,2477 Prairie Rose Court,91210,CA,phanserh@dailymotion.com
991,Randa Adie,4858 Duke Terrace,95828,CA,radieri@elegantthemes.com
992,Ezequiel McPhater,13421 Bashford Place,33994,FL,emcphaterrj@hud.gov
993,Catherine Tisor,06830 Sachtjen Parkway,15274,PA,ctisorrk@princeton.edu
994,Seamus Lorenzetto,54771 Prairieview Junction,10557,NY,slorenzettorl@artisteer.com
995,Jackie Perceval,91564 Quincy Terrace,18514,PA,jpercevalrm@upenn.edu
996,Con Scough,2 Lillian Junction,23705,VA,cscoughrn@guardian.co.uk
997,Aldwin Cicci,7 Maryland Park,60158,IL,acicciro@nhs.uk
998,Nerty O'Dwyer,23 Graceland Street,77025,TX,nodwyerrp@1und1.de
999,Marney Skacel,86757 Gina Pass,88535,TX,mskacelrq@dyndns.org
1000,Stu Todarini,3 Saint Paul Plaza,94137,CA,stodarinirr@washington.edu
