id,name,address,zipcode,state,email
1,Bron Hawkey,6 Manley Hill,25716,WV,bhawkey0@ca.gov
2,Dennie Mallabund,85717 Burrows Lane,76310,TX,dmallabund1@opera.com
3,Brandais Heams,875 Northridge Hill,21211,MD,bheams2@mtv.com
4,Freddi Fateley,006 Crest Line Crossing,28210,NC,ffateley3@technorati.com
5,Stephine O'Fallone,98162 Forest Run Road,47306,IN,sofallone4@uol.com.br
6,Beatrice Tripon,060 Lighthouse Bay Point,20260,DC,btripon5@skyrock.com
7,Lowrance Domotor,2 Straubel Road,98008,WA,ldomotor6@squidoo.com
8,Quintilla Ebbett,91 Scoville Drive,02109,MA,qebbett7@umich.edu
9,Miof mela Brettoner,45 Killdeer Parkway,79984,TX,mmela8@dagondesign.com
10,Mada Egglestone,390 Warbler Point,78703,TX,megglestone9@bigcartel.com
11,Cosetta Chisholme,6 Prairieview Road,47719,IN,cchisholmea@gnu.org
12,Joane Philcox,05 Farmco Point,91913,CA,jphilcoxb@gov.uk
13,Broddy Stut,8 Nelson Junction,64179,MO,bstutc@a8.net
14,Abdul Corragan,2 Texas Way,53405,WI,acorragand@arizona.edu
15,Abram Hassard,37016 Warrior Alley,33448,FL,ahassarde@geocities.com
16,Gregorius Records,7 Transport Avenue,76096,TX,grecordsf@tripod.com
17,Olwen Ascrofte,81 Schmedeman Trail,10459,NY,oascrofteg@nba.com
18,Consalve Curtain,369 Holy Cross Court,33913,FL,ccurtainh@auda.org.au
19,Jerald Bargh,5 Luster Pass,93773,CA,jbarghi@php.net
20,Crista Skinley,3219 Tennyson Place,89036,NV,cskinleyj@taobao.com
21,Isac McLemon,07695 Nevada Park,06505,CT,imclemonk@va.gov
22,Bride Mattingson,1 Summer Ridge Park,16505,PA,bmattingsonl@ucla.edu
23,Donny Haking,107 Little Fleur Avenue,50315,IA,dhakingm@friendfeed.com
24,Clarita Jemison,9622 Carioca Plaza,52809,IA,cjemisonn@bbb.org
25,Stavro Stoneley,53064 Waubesa Point,85297,AZ,sstoneleyo@seattletimes.com
26,Gottfried Clowney,25 Bunting Way,48232,MI,gclowneyp@princeton.edu
27,Bliss Bendix,7478 Glacier Hill Trail,90840,CA,bbendixq@de.vu
28,Wain Ferriby,35 Farmco Avenue,02905,RI,wferribyr@digg.com
29,Rudolf Thorlby,43 Erie Pass,90015,CA,rthorlbys@fema.gov
30,Lotta Alliberton,1 Clyde Gallagher Lane,15274,PA,lallibertont@netvibes.com
31,Ephraim Dorr,542 Elka Trail,22405,VA,edorru@theglobeandmail.com
32,Natassia Harbinson,9594 Brickson Park Point,78415,TX,nharbinsonv@twitter.com
33,Eleni Marusyak,5 Hazelcrest Trail,53205,WI,emarusyakw@ca.gov
34,Arny Driussi,72296 Delaware Court,16565,PA,adriussix@archive.org
35,Beckie Dellow,05 Golden Leaf Terrace,65211,MO,bdellowy@networkadvertising.org
36,Ferd Sive,1 Darwin Pass,63121,MO,fsivez@booking.com
37,Patrizius McMorland,9952 Heffernan Point,78215,TX,pmcmorland10@bloglines.com
38,Sherline Outlaw,3461 Sachs Park,61629,IL,soutlaw11@wikimedia.org
39,Bartlett Reuben,16 Maryland Way,34949,FL,breuben12@gizmodo.com
40,Emelia Garfield,9207 Mesta Pass,21275,MD,egarfield13@indiatimes.com
41,Rollie Pawellek,1 Sullivan Circle,53220,WI,rpawellek14@skype.com
42,Yorgos Havenhand,4 Pepper Wood Court,81010,CO,yhavenhand15@reuters.com
43,Lynda Remirez,3367 Anhalt Place,89105,NV,lremirez16@behance.net
44,Stace Brunicke,942 Summerview Place,28410,NC,sbrunicke17@msn.com
45,Lizabeth Broomer,49041 Roxbury Street,93399,CA,lbroomer18@pbs.org
46,Daffie Hallam,4 Twin Pines Park,40515,KY,dhallam19@java.com
47,Guthrie Gadsby,09096 Crescent Oaks Trail,92165,CA,ggadsby1a@independent.co.uk
48,Derril Commander,8699 Gulseth Parkway,98424,WA,dcommander1b@google.com.au
49,Elga Landell,2 Macpherson Terrace,21281,MD,elandell1c@wix.com
50,Arabele Latchmore,6608 Saint Paul Park,19897,DE,alatchmore1d@shinystat.com
51,Hazlett Haighton,378 Buell Lane,99512,AK,hhaighton1e@themeforest.net
52,Giles MacRedmond,5539 Doe Crossing Junction,28405,NC,gmacredmond1f@whitehouse.gov
53,Liesa Ferris,66401 Rowland Pass,88530,TX,lferris1g@g.co
54,Drew Colkett,15029 Summer Ridge Point,79928,TX,dcolkett1h@yahoo.co.jp
55,Collen Kenn,865 Elmside Place,23514,VA,ckenn1i@engadget.com
56,Adelice Lepard,9115 Pawling Pass,92662,CA,alepard1j@adobe.com
57,Dolorita Wynn,2675 Namekagon Drive,79171,TX,dwynn1k@yelp.com
58,Sib Wyllcock,6 Mosinee Court,20022,DC,swyllcock1l@zdnet.com
59,Linell Calladine,61 Merrick Terrace,27658,NC,lcalladine1m@blogs.com
60,Malina Cammock,40114 Raven Junction,55114,MN,mcammock1n@csmonitor.com
61,Mattias Sygrove,6914 International Center,76310,TX,msygrove1o@uiuc.edu
62,Ashley Aldin,5 Roth Junction,44485,OH,aaldin1p@taobao.com
63,Karlan Gouldthorpe,8159 Stang Point,95833,CA,kgouldthorpe1q@alexa.com
64,Hyacinthia Ovid,0861 Dwight Avenue,94042,CA,hovid1r@bbc.co.uk
65,Flor Chatel,80 Pepper Wood Circle,78296,TX,fchatel1s@howstuffworks.com
66,Julietta Lorie,563 Grasskamp Trail,33777,FL,jlorie1t@issuu.com
67,Boris Tremolieres,45 Holy Cross Point,93386,CA,btremolieres1u@uol.com.br
68,Myrtie Kaley,70 Mandrake Parkway,32118,FL,mkaley1v@mtv.com
69,Jose MacCheyne,55294 Larry Terrace,98008,WA,jmaccheyne1w@google.de
70,Zared Ferreres,8 Hanson Alley,14215,NY,zferreres1x@blogger.com
71,Alleen Meadows,2774 Waubesa Terrace,76505,TX,ameadows1y@rakuten.co.jp
72,Bondie Okker,5 Fair Oaks Hill,85030,AZ,bokker1z@com.com
73,Bobina Kimblin,19550 Florence Road,93111,CA,bkimblin20@t-online.de
74,Tome Payler,6 Basil Drive,10606,NY,tpayler21@hao123.com
75,Corty Harbinson,13 Steensland Plaza,74156,OK,charbinson22@purevolume.com
76,Sauncho Danat,6027 Russell Street,92145,CA,sdanat23@constantcontact.com
77,Durant Cubberley,337 Dunning Lane,65105,MO,dcubberley24@cornell.edu
78,Alexi Currington,347 Karstens Drive,39505,MS,acurrington25@wiley.com
79,Starlene Scothron,4384 Main Hill,18505,PA,sscothron26@vkontakte.ru
80,Janos Allport,2165 Union Junction,79491,TX,jallport27@blinklist.com
81,Mauricio Fessions,56077 Morrow Way,33416,FL,mfessions28@xing.com
82,Berton Laffling,8947 Fieldstone Place,23260,VA,blaffling29@hc360.com
83,Anna Delucia,9078 North Hill,33680,FL,adelucia2a@google.com
84,Staford Anand,5099 Ronald Regan Center,19141,PA,sanand2b@vk.com
85,Lothaire Fawlo,455 Raven Center,47732,IN,lfawlo2c@bing.com
86,Abba Jahnel,88310 Amoth Center,20215,DC,ajahnel2d@miibeian.gov.cn
87,Kippy MacCaffrey,944 Merrick Place,32830,FL,kmaccaffrey2e@baidu.com
88,Maiga Tute,5805 Crescent Oaks Parkway,85715,AZ,mtute2f@samsung.com
89,Rheta Burleigh,8926 Porter Road,50310,IA,rburleigh2g@angelfire.com
90,Paco Sawdy,673 Rusk Plaza,44720,OH,psawdy2h@economist.com
91,Ora Arpe,63986 Stephen Crossing,36641,AL,oarpe2i@blog.com
92,Gipsy Braunes,059 Fallview Parkway,90071,CA,gbraunes2j@parallels.com
93,Fionnula Maro,0 Farragut Alley,87505,NM,fmaro2k@ft.com
94,Thornie Gebhardt,72 Crownhardt Avenue,73129,OK,tgebhardt2l@cargocollective.com
95,Base Readie,3 Morningstar Road,32412,FL,breadie2m@4shared.com
96,Nina Grigor,8078 Green Ridge Junction,19146,PA,ngrigor2n@nps.gov
97,Verna Clunan,46 Hermina Parkway,85255,AZ,vclunan2o@wikimedia.org
98,Cecil Burstow,67678 Lighthouse Bay Alley,79955,TX,cburstow2p@cyberchimps.com
99,Brana Mackison,47936 Dunning Place,44905,OH,bmackison2q@sitemeter.com
100,Flss Tregido,9 Bunker Hill Junction,87140,NM,ftregido2r@nih.gov
101,Megen McDyer,593 Waywood Hill,94116,CA,mmcdyer2s@nationalgeographic.com
102,Sonnnie Wye,7133 Coolidge Alley,37605,TN,swye2t@huffingtonpost.com
103,Ichabod Barrasse,553 Pankratz Avenue,78789,TX,ibarrasse2u@i2i.jp
104,Marcie O'Corhane,51872 Donald Park,70826,LA,mocorhane2v@mashable.com
105,Fern Cometson,39834 Kipling Park,11431,NY,fcometson2w@microsoft.com
106,Lambert Polycote,45 Jay Street,85099,AZ,lpolycote2x@smugmug.com
107,Rustie Thalmann,276 Riverside Trail,87140,NM,rthalmann2y@linkedin.com
108,Jilly Cain,61 Leroy Crossing,48335,MI,jcain2z@cyberchimps.com
109,Nikki Prevost,22983 Meadow Vale Parkway,15210,PA,nprevost30@sbwire.com
110,Millard Yeats,8 Fuller Junction,91505,CA,myeats31@shop-pro.jp
111,Yulma Dorning,71038 Lakewood Gardens Hill,89166,NV,ydorning32@hatena.ne.jp
112,Ermina MacDougall,2 Caliangt Drive,80217,CO,emacdougall33@princeton.edu
113,Lane Dicks,3 North Court,15274,PA,ldicks34@about.com
114,Hinda Rudgard,55 Fieldstone Place,78296,TX,hrudgard35@cnbc.com
115,Johannah Leipoldt,19 Rowland Court,25336,WV,jleipoldt36@weebly.com
116,Lennard McKelvey,4540 Vernon Junction,32092,FL,lmckelvey37@bloglovin.com
117,Adelind Janton,31 Texas Way,94622,CA,ajanton38@ca.gov
118,Violette Biggs,106 Dorton Hill,45440,OH,vbiggs39@gmpg.org
119,Deeyn Lancastle,303 Forster Place,95828,CA,dlancastle3a@sohu.com
120,Crin Scothorn,0 Swallow Point,76711,TX,cscothorn3b@uiuc.edu
121,Kristine Auston,28786 Dexter Terrace,94164,CA,kauston3c@networkadvertising.org
122,Annissa Martin,01695 Kropf Avenue,40266,KY,amartin3d@google.com.br
123,Dorey Butner,04 New Castle Avenue,25389,WV,dbutner3e@drupal.org
124,Loydie Kastel,366 Bunker Hill Street,29805,SC,lkastel3f@livejournal.com
125,Art Kennion,73742 Cherokee Hill,92612,CA,akennion3g@studiopress.com
126,Druci Fraschetti,193 Scofield Place,39505,MS,dfraschetti3h@oracle.com
127,Pearl Grimolbie,640 Dakota Junction,53716,WI,pgrimolbie3i@prlog.org
128,Mark Edgeler,39 Crest Line Park,64190,MO,medgeler3j@upenn.edu
129,Donnamarie Luton,9121 Katie Court,63143,MO,dluton3k@webnode.com
130,Dani Grinsdale,95 Carey Pass,20380,DC,dgrinsdale3l@t.co
131,Dar Bircher,0 Barnett Way,33615,FL,dbircher3m@uol.com.br
132,Dacey Barroux,378 Rusk Street,25770,WV,dbarroux3n@state.gov
133,Betty Gavozzi,907 Thompson Park,66160,KS,bgavozzi3o@github.com
134,Viv Donner,7541 Haas Drive,80930,CO,vdonner3p@engadget.com
135,Marylynne Henlon,21792 Dixon Trail,50369,IA,mhenlon3q@shinystat.com
136,Lars Mallabund,8627 Schlimgen Court,55407,MN,lmallabund3r@baidu.com
137,Winfield Densumbe,8 Esch Circle,77234,TX,wdensumbe3s@cam.ac.uk
138,Kinsley Batrick,277 Red Cloud Terrace,91913,CA,kbatrick3t@mtv.com
139,Demetre Peller,62 Monument Plaza,32885,FL,dpeller3u@multiply.com
140,Myrwyn Jewess,416 Holmberg Drive,85720,AZ,mjewess3v@usatoday.com
141,Shayne Hagstone,26504 Forest Dale Terrace,95155,CA,shagstone3w@cnet.com
142,Edward Searjeant,39457 Randy Street,76004,TX,esearjeant3x@networkadvertising.org
143,Ellyn McKennan,55 Sycamore Hill,40293,KY,emckennan3y@cbslocal.com
144,Margery Jaine,64 Holmberg Pass,43605,OH,mjaine3z@cnbc.com
145,Arlina Gerin,53852 Sundown Park,55146,MN,agerin40@wikia.com
146,Gretna Lawman,13821 Forest Run Way,53277,WI,glawman41@clickbank.net
147,Gal Gabrieli,85 Meadow Vale Park,83705,ID,ggabrieli42@unc.edu
148,Beniamino Connar,93 Reindahl Pass,74141,OK,bconnar43@smh.com.au
149,Rici Beagen,3 Sugar Terrace,19131,PA,rbeagen44@elegantthemes.com
150,Whitney Raffeorty,4577 Morningstar Street,45223,OH,wraffeorty45@bloglines.com
151,Jaime Wilderspoon,4 Sunnyside Avenue,29805,SC,jwilderspoon46@cbc.ca
152,Donna McIllroy,07 Schmedeman Terrace,50315,IA,dmcillroy47@behance.net
153,Philippe Tipton,97 Raven Avenue,78710,TX,ptipton48@qq.com
154,Erik Yea,897 Knutson Crossing,63180,MO,eyea49@reuters.com
155,Gayelord Hinrich,15 Springview Pass,78230,TX,ghinrich4a@hatena.ne.jp
156,Zebadiah Ventham,4 Summit Pass,30343,GA,zventham4b@bbb.org
157,Durward Fero,3208 Merchant Way,47732,IN,dfero4c@technorati.com
158,Harriette Lecky,6 Kinsman Lane,08650,NJ,hlecky4d@spiegel.de
159,Marthena Cayzer,6 Hollow Ridge Point,80235,CO,mcayzer4e@time.com
160,Jillene Siely,378 Longview Street,23203,VA,jsiely4f@cdbaby.com
161,Sibbie MacClay,4952 Truax Way,94291,CA,smacclay4g@reuters.com
162,Casey Hullin,85 Hoffman Road,97296,OR,chullin4h@dyndns.org
163,Pierrette Hoovart,790 Mallard Trail,62723,IL,phoovart4i@weebly.com
164,Christoper Opdenort,227 Crescent Oaks Place,93726,CA,copdenort4j@time.com
165,Mareah Morcombe,33 Nobel Avenue,87121,NM,mmorcombe4k@mlb.com
166,Ahmad Robshaw,7974 Saint Paul Park,46857,IN,arobshaw4l@gnu.org
167,Rosemaria Scally,4607 Esker Hill,97211,OR,rscally4m@earthlink.net
168,Flemming Seekings,837 Warner Place,55127,MN,fseekings4n@jalbum.net
169,Jess Gresser,4 Lerdahl Crossing,20392,DC,jgresser4o@mediafire.com
170,Flossy Mableson,4902 Washington Road,20540,DC,fmableson4p@networksolutions.com
171,Cheri Mapledorum,24 Randy Trail,80255,CO,cmapledorum4q@creativecommons.org
172,Christophe Ahrendsen,400 Cottonwood Crossing,75265,TX,cahrendsen4r@ocn.ne.jp
173,Alard Ordemann,5 Vidon Park,20530,DC,aordemann4s@salon.com
174,Aylmer Feather,13 Morning Trail,25362,WV,afeather4t@newyorker.com
175,Evaleen Starbuck,39976 Bultman Junction,27404,NC,estarbuck4u@usnews.com
176,Emmet Wyrall,1 Talmadge Pass,10270,NY,ewyrall4v@thetimes.co.uk
177,Jeremias Fitzgerald,04145 Cordelia Pass,02283,MA,jfitzgerald4w@ucla.edu
178,Letti Van Son,363 Bayside Park,48107,MI,lvan4x@hp.com
179,Tani Enric,49359 Oxford Lane,11431,NY,tenric4y@1und1.de
180,Minta Tattersall,28 Bultman Road,43231,OH,mtattersall4z@purevolume.com
181,Harrietta Ventura,6403 Florence Parkway,98464,WA,hventura50@baidu.com
182,Garek Noulton,56 Gerald Court,32595,FL,gnoulton51@feedburner.com
183,Barrie Donnellan,0 Westerfield Place,94110,CA,bdonnellan52@ed.gov
184,Mortie Clohessy,275 Sage Trail,19093,PA,mclohessy53@github.com
185,Francoise Reisenberg,43 Homewood Crossing,33134,FL,freisenberg54@indiatimes.com
186,Corrie Rosario,6 Rigney Place,32230,FL,crosario55@ibm.com
187,Vallie Geleman,6 Reindahl Terrace,36641,AL,vgeleman56@upenn.edu
188,Sauveur Durno,06997 Washington Crossing,33763,FL,sdurno57@youtube.com
189,Aundrea Anscott,7 Twin Pines Parkway,20392,DC,aanscott58@va.gov
190,Billy McAlindon,7128 Grim Court,10270,NY,bmcalindon59@gnu.org
191,Spike Klimashevich,37 Gulseth Center,30301,GA,sklimashevich5a@sciencedaily.com
192,Suzanne Bloomfield,10 Porter Lane,68134,NE,sbloomfield5b@rakuten.co.jp
193,Gillan Liepina,6069 South Street,63110,MO,gliepina5c@bravesites.com
194,Hildegaard Schoenleiter,26669 Holmberg Drive,20088,DC,hschoenleiter5d@vkontakte.ru
195,Allianora Duckhouse,08 Waxwing Crossing,90189,CA,aduckhouse5e@washingtonpost.com
196,Freda Jull,4 Schmedeman Trail,31210,GA,fjull5f@alexa.com
197,Blane Muge,43 Carey Avenue,45999,OH,bmuge5g@china.com.cn
198,Mella Boarder,9215 Vahlen Terrace,98907,WA,mboarder5h@4shared.com
199,Wenona Cricket,901 Towne Park,80270,CO,wcricket5i@narod.ru
200,Erminie Dickin,4 Buhler Place,38126,TN,edickin5j@hubpages.com
201,Keven Stooke,14549 Boyd Park,73119,OK,kstooke5k@cnn.com
202,Guglielmo Guerreau,6 Manitowish Crossing,89550,NV,gguerreau5l@nydailynews.com
203,Kevyn Shoulders,0051 Stang Avenue,71208,LA,kshoulders5m@theguardian.com
204,Rudy Birchwood,0770 Blue Bill Park Avenue,57105,SD,rbirchwood5n@bbb.org
205,Saunders Ledwich,9 Mallory Way,76905,TX,sledwich5o@fotki.com
206,Cornall Denizet,10182 Randy Junction,85083,AZ,cdenizet5p@4shared.com
207,Teirtza Geerling,6204 Myrtle Place,11054,NY,tgeerling5q@zimbio.com
208,Lyn Fulkes,3644 Lukken Alley,10014,NY,lfulkes5r@tinypic.com
209,Addy Estevez,93897 Summerview Pass,97296,OR,aestevez5s@pagesperso-orange.fr
210,Angeline Gainsburgh,2 Holmberg Circle,21405,MD,againsburgh5t@mashable.com
211,Jerad Stancliffe,4 Springview Court,79923,TX,jstancliffe5u@rakuten.co.jp
212,Tatum McIlwrick,31107 Nobel Lane,55436,MN,tmcilwrick5v@google.com.hk
213,Nonna Capener,5 Fordem Pass,06859,CT,ncapener5w@techcrunch.com
214,Ben Twiddy,87977 Old Shore Crossing,92513,CA,btwiddy5x@home.pl
215,Olympie Bever,89 Cordelia Pass,85210,AZ,obever5y@creativecommons.org
216,Keriann Fawloe,00538 Lake View Junction,20189,VA,kfawloe5z@nasa.gov
217,Fanya Ovesen,495 Luster Pass,19058,PA,fovesen60@chronoengine.com
218,Abbe Longfellow,689 West Drive,94177,CA,alongfellow61@multiply.com
219,Esma Gauch,097 Eggendart Hill,12210,NY,egauch62@omniture.com
220,Staford Barber,79 Harbort Crossing,38143,TN,sbarber63@angelfire.com
221,Marcille Stutard,5 Troy Avenue,17622,PA,mstutard64@marketwatch.com
222,Papageno Berrey,3 Calypso Alley,10305,NY,pberrey65@arizona.edu
223,Bordie Tuite,04 Sycamore Way,61605,IL,btuite66@purevolume.com
224,Jelene Bettis,26599 Ridgeway Road,55446,MN,jbettis67@4shared.com
225,Boyd Byneth,3120 Park Meadow Avenue,84130,UT,bbyneth68@vkontakte.ru
226,Alisa Hughill,33048 Scoville Circle,33129,FL,ahughill69@typepad.com
227,Fawnia Affron,1362 Melvin Alley,96850,HI,faffron6a@w3.org
228,Elvina Ribbon,63199 Little Fleur Alley,80291,CO,eribbon6b@tinypic.com
229,Ruy De Michetti,7 Scoville Pass,67230,KS,rde6c@hp.com
230,Kai Stanbra,61 Dryden Parkway,90081,CA,kstanbra6d@usgs.gov
231,Augustus Sprigings,77 Bayside Pass,99599,AK,asprigings6e@nbcnews.com
232,Giraud Chalfont,178 Kim Pass,27717,NC,gchalfont6f@uiuc.edu
233,Welch Rigden,2 Holy Cross Terrace,95865,CA,wrigden6g@blogs.com
234,Anthony Lundie,69 Nobel Way,23551,VA,alundie6h@xinhuanet.com
235,Doreen Bauckham,8479 Eggendart Street,92812,CA,dbauckham6i@biglobe.ne.jp
236,Sukey Skyppe,7 Hagan Center,50315,IA,sskyppe6j@npr.org
237,Kiersten Barnson,64 Dovetail Circle,99215,WA,kbarnson6k@home.pl
238,Shanta Lebell,0095 Center Junction,32304,FL,slebell6l@skyrock.com
239,Burnard Fife,75295 Summit Point,34642,FL,bfife6m@phpbb.com
240,Doloritas Antat,7350 Mesta Avenue,98158,WA,dantat6n@si.edu
241,Ahmad Ride,1835 Esch Road,94616,CA,aride6o@stumbleupon.com
242,Gunar Smye,8656 Anderson Point,92555,CA,gsmye6p@github.io
243,Issie Ughi,2 Kim Alley,66205,KS,iughi6q@oaic.gov.au
244,Dory Steinham,892 Paget Hill,64504,MO,dsteinham6r@twitpic.com
245,Rosalind Aizikovich,8438 Dexter Trail,15235,PA,raizikovich6s@stumbleupon.com
246,Gretal MacDowall,64384 Hermina Crossing,98109,WA,gmacdowall6t@bbb.org
247,Kile Rudman,3752 Vera Center,47805,IN,krudman6u@shareasale.com
248,Blinni Barnson,6475 Hanson Plaza,78759,TX,bbarnson6v@sciencedaily.com
249,Roxanna Lampe,1 Fulton Drive,14609,NY,rlampe6w@cisco.com
250,Robby Green,61864 Mendota Hill,33972,FL,rgreen6x@engadget.com
251,Demeter Rowney,4 Sutteridge Court,92105,CA,drowney6y@paypal.com
252,Farlie Coneron,670 Pine View Lane,99812,AK,fconeron6z@photobucket.com
253,Sherry Fuge,3852 Welch Alley,10184,NY,sfuge70@shinystat.com
254,Seward Methuen,7349 Little Fleur Lane,33013,FL,smethuen71@businessinsider.com
255,Christine Brolly,46 1st Alley,54313,WI,cbrolly72@ibm.com
256,Angelika MacGebenay,97 Kingsford Terrace,94132,CA,amacgebenay73@webnode.com
257,Emanuele Lyfield,61878 Graceland Park,33169,FL,elyfield74@opera.com
258,Conrad Troman,6477 West Terrace,10004,NY,ctroman75@1und1.de
259,Ariadne Tregear,5 Mcbride Alley,28205,NC,atregear76@who.int
260,Val Varns,82589 Village Green Way,38109,TN,vvarns77@reverbnation.com
261,Garrard Yurchenko,08830 Farmco Point,37228,TN,gyurchenko78@soup.io
262,Bari Benion,46 Haas Street,25313,WV,bbenion79@independent.co.uk
263,Olenka Bazley,5 Upham Lane,49518,MI,obazley7a@github.io
264,Kim Grisdale,36 Namekagon Trail,11499,NY,kgrisdale7b@nsw.gov.au
265,Livvie Billitteri,92851 Spohn Way,95173,CA,lbillitteri7c@networkadvertising.org
266,Zach Lillo,6521 Springview Point,32520,FL,zlillo7d@privacy.gov.au
267,Shani Ferrer,245 John Wall Drive,48295,MI,sferrer7e@spiegel.de
268,Rosalinde Harmeston,306 Schurz Way,77201,TX,rharmeston7f@zdnet.com
269,Jules Keelinge,9 Coolidge Point,20167,VA,jkeelinge7g@wufoo.com
270,Regan Aubri,664 North Trail,95138,CA,raubri7h@github.com
271,Wainwright Espine,680 Lawn Drive,33742,FL,wespine7i@ameblo.jp
272,Vale Saile,77 Dovetail Point,75287,TX,vsaile7j@usgs.gov
273,Moses Satford,7 Continental Alley,77050,TX,msatford7k@hubpages.com
274,Ferrell Cordell,70 Memorial Court,70179,LA,fcordell7l@unc.edu
275,Aguistin Chisholm,80 Mosinee Terrace,43210,OH,achisholm7m@ibm.com
276,Tris Vasilyevski,11559 Cascade Park,50315,IA,tvasilyevski7n@webeden.co.uk
277,Kiley Danihel,480 7th Crossing,61605,IL,kdanihel7o@sitemeter.com
278,Phil Simester,73894 2nd Place,25356,WV,psimester7p@diigo.com
279,Nannette Lightman,43159 Debs Crossing,08695,NJ,nlightman7q@google.ru
280,Honoria Dowbekin,56 Hintze Lane,50347,IA,hdowbekin7r@fotki.com
281,Hillier Axcell,31604 Continental Crossing,97201,OR,haxcell7s@ihg.com
282,Cami Di Carlo,040 West Parkway,44105,OH,cdi7t@amazon.com
283,Ellette Hannant,2 Glendale Circle,53220,WI,ehannant7u@theatlantic.com
284,Annecorinne Keable,9093 Crescent Oaks Parkway,48076,MI,akeable7v@sciencedaily.com
285,Bondy Breeze,310 Alpine Lane,19805,DE,bbreeze7w@wiley.com
286,Stephannie Lakenden,5 Becker Court,06183,CT,slakenden7x@youku.com
287,Giuseppe Salmond,71 West Drive,87110,NM,gsalmond7y@washington.edu
288,Pepi Munkley,65721 Kropf Road,20244,DC,pmunkley7z@tiny.cc
289,Bianka Hardwicke,31145 Spohn Crossing,47725,IN,bhardwicke80@eepurl.com
290,Gregoire Murthwaite,57047 Darwin Junction,76134,TX,gmurthwaite81@amazon.co.uk
291,Beret Nickerson,5003 Lillian Road,20420,DC,bnickerson82@dion.ne.jp
292,Rod Myerscough,70238 Novick Parkway,33134,FL,rmyerscough83@businessinsider.com
293,Frazier Monro,796 6th Park,30356,GA,fmonro84@slideshare.net
294,Mohandis Frayling,84819 Brentwood Drive,79916,TX,mfrayling85@ning.com
295,Orsola Soggee,00 Bay Trail,92812,CA,osoggee86@google.com.br
296,Fraser Squeers,677 Sheridan Hill,75210,TX,fsqueers87@un.org
297,Morey Kimmings,194 Prairieview Drive,40515,KY,mkimmings88@cargocollective.com
298,Gretal Smithe,5 Dennis Street,79410,TX,gsmithe89@creativecommons.org
299,Cahra Houndson,75222 Forest Run Junction,45020,OH,choundson8a@last.fm
300,Jeffy Unwin,7650 Melby Junction,49560,MI,junwin8b@zimbio.com
301,Sampson Cristol,37163 Ridge Oak Drive,98442,WA,scristol8c@miitbeian.gov.cn
302,Lucine Strudwick,72 Dottie Pass,21705,MD,lstrudwick8d@npr.org
303,Mikol Korn,17 Southridge Hill,96835,HI,mkorn8e@google.co.jp
304,Herculie Vink,63996 Thierer Parkway,85215,AZ,hvink8f@stumbleupon.com
305,Milo Storres,4096 Duke Crossing,07544,NJ,mstorres8g@cpanel.net
306,Erich Mayho,32186 Carberry Lane,78278,TX,emayho8h@i2i.jp
307,Dacie Delcastel,995 Heath Street,84130,UT,ddelcastel8i@mac.com
308,Kip Bertouloume,7188 Washington Court,90071,CA,kbertouloume8j@dropbox.com
309,Clea Glidder,02992 Bluestem Park,62776,IL,cglidder8k@fema.gov
310,Meggy Stegel,6075 Warner Hill,49505,MI,mstegel8l@godaddy.com
311,Ariela Swindle,1954 Monica Center,90005,CA,aswindle8m@mayoclinic.com
312,Claudelle Staite,1232 Mallory Center,61605,IL,cstaite8n@fda.gov
313,Sibylle Chaffey,729 Maywood Road,29225,SC,schaffey8o@gizmodo.com
314,Hubert Grabiec,61437 Gulseth Court,33680,FL,hgrabiec8p@ycombinator.com
315,Luke Kitter,11 Steensland Point,20319,DC,lkitter8q@bloglovin.com
316,Barnaby Sales,67 Coleman Park,64193,MO,bsales8r@nymag.com
317,Pattie Bice,197 Parkside Way,78278,TX,pbice8s@mediafire.com
318,Laney Gross,788 Warrior Place,30045,GA,lgross8t@epa.gov
319,Saw Ashlee,09 Mayer Alley,11220,NY,sashlee8u@vimeo.com
320,Brittne Sabates,30618 Anzinger Avenue,71213,LA,bsabates8v@nhs.uk
321,Cherida Petigrew,36 Goodland Street,36134,AL,cpetigrew8w@imgur.com
322,Brittne le Keux,0013 Derek Avenue,55557,MN,ble8x@sohu.com
323,Corbett Shere,89 Green Alley,30033,GA,cshere8y@nasa.gov
324,Tobit Meconi,3 Haas Circle,95354,CA,tmeconi8z@google.cn
325,Agnesse Viney,98 Westport Place,23293,VA,aviney90@ning.com
326,Carlotta Gotling,438 Norway Maple Avenue,45254,OH,cgotling91@linkedin.com
327,Harmony O' Brian,94 Washington Drive,85748,AZ,ho92@phpbb.com
328,Urban Slade,78 Bellgrove Hill,20088,DC,uslade93@vimeo.com
329,Renaud Donaghy,906 Sheridan Alley,55805,MN,rdonaghy94@vistaprint.com
330,Madalyn Groombridge,7118 Oak Valley Lane,95973,CA,mgroombridge95@parallels.com
331,Shae Dashkovich,12426 Transport Center,60681,IL,sdashkovich96@weibo.com
332,Easter Zanini,90 Donald Lane,43268,OH,ezanini97@dropbox.com
333,Patrizius Pitcock,65 Mallard Pass,33620,FL,ppitcock98@pen.io
334,Charo Alcalde,92441 Katie Court,68144,NE,calcalde99@nydailynews.com
335,Cyndie Caig,8 Green Junction,78220,TX,ccaig9a@macromedia.com
336,Etty Thursby,32 Starling Point,68164,NE,ethursby9b@bandcamp.com
337,Ilse Temperley,1 Maywood Place,22405,VA,itemperley9c@reuters.com
338,Ruthi Mitchelson,845 American Ash Parkway,78285,TX,rmitchelson9d@addtoany.com
339,Elke Garrioch,755 Service Center,29225,SC,egarrioch9e@google.ru
340,Maisie Cawthry,452 Atwood Way,93407,CA,mcawthry9f@foxnews.com
341,Karen McConachie,569 Twin Pines Center,80299,CO,kmcconachie9g@drupal.org
342,Carleen Dengate,00338 Riverside Alley,27264,NC,cdengate9h@amazon.co.uk
343,Forester Kelberer,2 Macpherson Crossing,55470,MN,fkelberer9i@baidu.com
344,Teodor Hansemann,658 Grayhawk Alley,94712,CA,thansemann9j@163.com
345,Lorri Cownden,9388 Prairieview Trail,20409,DC,lcownden9k@salon.com
346,Marcos Grushin,2122 Loftsgordon Terrace,97221,OR,mgrushin9l@telegraph.co.uk
347,Thornton Gong,7 Brickson Park Park,47134,IN,tgong9m@businessweek.com
348,Franny Crus,088 Colorado Court,66286,KS,fcrus9n@odnoklassniki.ru
349,Rivy Ravilus,33080 Karstens Park,16565,PA,rravilus9o@archive.org
350,Tracy Gruczka,59268 Hoard Parkway,33680,FL,tgruczka9p@howstuffworks.com
351,Rani Pinnington,88470 Granby Street,99210,WA,rpinnington9q@utexas.edu
352,Tasia Flaherty,72480 Moose Hill,35285,AL,tflaherty9r@google.ca
353,Zita McKilroe,6 1st Terrace,76105,TX,zmckilroe9s@macromedia.com
354,Alysa Ferneley,4 Ruskin Place,65110,MO,aferneley9t@jugem.jp
355,Alaine McLeary,47336 Helena Alley,80243,CO,amcleary9u@printfriendly.com
356,Antonius Stefanovic,1984 Ludington Court,85025,AZ,astefanovic9v@cloudflare.com
357,Marchall Shalliker,4735 Corscot Terrace,93762,CA,mshalliker9w@cnbc.com
358,Hagen Maddin,411 Sutteridge Trail,21239,MD,hmaddin9x@last.fm
359,Konstance Berridge,24020 Packers Center,08608,NJ,kberridge9y@biglobe.ne.jp
360,Ellynn Baskerfield,0 Carberry Way,24034,VA,ebaskerfield9z@seattletimes.com
361,Amerigo Jencey,94 Columbus Trail,29403,SC,ajenceya0@discovery.com
362,Walden Haberfield,14 Lakeland Park,87592,NM,whaberfielda1@jiathis.com
363,Jackie Etheredge,39322 Briar Crest Trail,90055,CA,jetheredgea2@wix.com
364,Melvyn Toplin,461 Fordem Street,95150,CA,mtoplina3@odnoklassniki.ru
365,Meryl Avent,298 Texas Drive,25770,WV,maventa4@google.cn
366,Carena Connett,08553 Judy Hill,70183,LA,cconnetta5@ebay.co.uk
367,Dallas Beament,8 Surrey Point,33915,FL,dbeamenta6@last.fm
368,Waite Janaud,28552 Vahlen Drive,37235,TN,wjanauda7@lycos.com
369,Hayyim Savil,4 Hoffman Hill,32885,FL,hsavila8@a8.net
370,Rouvin Ferandez,42264 3rd Avenue,75044,TX,rferandeza9@networkadvertising.org
371,Alisander Sells,8508 Northview Alley,70129,LA,asellsaa@stumbleupon.com
372,Missie Banks,919 Thompson Point,95823,CA,mbanksab@washington.edu
373,Peder Catlin,0 Northridge Hill,89166,NV,pcatlinac@bloomberg.com
374,Rafferty Pashba,8 4th Trail,11024,NY,rpashbaad@wikispaces.com
375,Angus Costelow,166 Weeping Birch Place,77050,TX,acostelowae@csmonitor.com
376,Judon Pontefract,57 Rockefeller Center,78220,TX,jpontefractaf@parallels.com
377,Ursola Woolley,00614 Blaine Crossing,20215,DC,uwoolleyag@seesaa.net
378,Brooks MacKeller,5340 Hanson Center,77040,TX,bmackellerah@pen.io
379,Durant Reichelt,49018 Birchwood Circle,94544,CA,dreicheltai@wsj.com
380,Arlyne Sellers,767 Hanson Parkway,85083,AZ,asellersaj@nytimes.com
381,Edgardo Fasham,307 Pepper Wood Junction,75246,TX,efashamak@newyorker.com
382,Danie McGeffen,83 Miller Avenue,01610,MA,dmcgeffenal@people.com.cn
383,Jenda Udy,42 Ronald Regan Place,29905,SC,judyam@jimdo.com
384,Haily Camp,23 Independence Pass,80940,CO,hcampan@list-manage.com
385,Amalee Rayworth,21 Sherman Street,43605,OH,arayworthao@arstechnica.com
386,Drucill Brellin,4187 Arkansas Street,60078,IL,dbrellinap@guardian.co.uk
387,Nananne Dinjes,94 5th Circle,15210,PA,ndinjesaq@europa.eu
388,Cy Kidder,12025 Ridgeway Terrace,32259,FL,ckidderar@java.com
389,Fredi Barnsley,2 Walton Street,44905,OH,fbarnsleyas@jigsy.com
390,Chandra Dell Casa,65 Butterfield Trail,30061,GA,cdellat@flavors.me
391,Corbie O'Fergus,4675 Stuart Point,20041,DC,cofergusau@rediff.com
392,Bernardina Tomisch,30258 Bartillon Circle,14220,NY,btomischav@sakura.ne.jp
393,Franchot Iacovone,614 Barby Point,75037,TX,fiacovoneaw@bing.com
394,Jacquelin Bernardotte,12974 Barnett Terrace,48217,MI,jbernardotteax@hud.gov
395,Sinclair Potte,68835 Oakridge Road,34210,FL,spotteay@goodreads.com
396,Binni Cooke,57 Buena Vista Point,21705,MD,bcookeaz@vimeo.com
397,Flss Heavy,74 Valley Edge Road,35242,AL,fheavyb0@un.org
398,Honor Wantling,3 Superior Avenue,20073,DC,hwantlingb1@arstechnica.com
399,Bev Nacey,31 Myrtle Place,22205,VA,bnaceyb2@people.com.cn
400,Dominique Crottagh,805 Utah Crossing,31914,GA,dcrottaghb3@dedecms.com
401,Corri Werrett,01717 Clove Way,76147,TX,cwerrettb4@ucoz.com
402,Wendie Alesi,9 Pawling Circle,43666,OH,walesib5@soup.io
403,Libbie McGarry,0478 Porter Hill,57110,SD,lmcgarryb6@w3.org
404,Jephthah Wegenen,32 Novick Trail,19131,PA,jwegenenb7@cpanel.net
405,Hurlee Gavini,8514 Merry Crossing,27110,NC,hgavinib8@seesaa.net
406,Orlando Itscowics,32 Transport Point,71208,LA,oitscowicsb9@bing.com
407,Glendon Shemming,37706 Sullivan Place,76147,TX,gshemmingba@wordpress.com
408,Mata Aronow,920 Burning Wood Crossing,80262,CO,maronowbb@devhub.com
409,Morissa Bettlestone,30439 Dennis Hill,20470,DC,mbettlestonebc@networkadvertising.org
410,Harmony Cervantes,5542 Macpherson Trail,92145,CA,hcervantesbd@1688.com
411,Oates Crab,531 Bay Trail,30343,GA,ocrabbe@webmd.com
412,Catlin Hawkeswood,0285 Oneill Way,12305,NY,chawkeswoodbf@weebly.com
413,Zilvia Poinsett,69776 Summer Ridge Trail,33705,FL,zpoinsettbg@delicious.com
414,Ardene Putten,83097 Tennyson Pass,45432,OH,aputtenbh@simplemachines.org
415,Felicity Rawls,364 Goodland Point,14269,NY,frawlsbi@bizjournals.com
416,Rollo Wilcox,3658 Hoepker Avenue,20566,DC,rwilcoxbj@usa.gov
417,Candi Ellard,87293 West Point,92410,CA,cellardbk@cdc.gov
418,Charin Keele,6 Milwaukee Lane,75236,TX,ckeelebl@opensource.org
419,Kurt Caslane,0457 Tennyson Trail,70142,LA,kcaslanebm@about.com
420,Wiatt Vasilyev,832 Dwight Circle,20215,DC,wvasilyevbn@bravesites.com
421,Minta Lebel,8 Elgar Place,33185,FL,mlebelbo@who.int
422,Fidelio Bockings,53155 Petterle Hill,33345,FL,fbockingsbp@va.gov
423,Creighton Bubbear,90 Butterfield Center,74149,OK,cbubbearbq@tinypic.com
424,Raffarty Nuzzi,6427 Burrows Park,10110,NY,rnuzzibr@tinyurl.com
425,Jackquelin Popland,67812 Muir Terrace,35487,AL,jpoplandbs@hibu.com
426,Tobiah Abrahamsson,636 Canary Point,79188,TX,tabrahamssonbt@so-net.ne.jp
427,Dicky Gregolotti,17098 Maple Junction,77085,TX,dgregolottibu@alexa.com
428,Zerk Brammar,739 Independence Crossing,38150,TN,zbrammarbv@exblog.jp
429,Linn Gozzard,69526 Hoepker Trail,37450,TN,lgozzardbw@utexas.edu
430,Friedrick Cossell,84343 Mayer Park,32868,FL,fcossellbx@yandex.ru
431,Ericha Covotto,388 Rutledge Parkway,95205,CA,ecovottoby@ed.gov
432,Irma Wickie,9 Hudson Avenue,36125,AL,iwickiebz@newsvine.com
433,Crissy Kilmurray,0603 Anzinger Point,75287,TX,ckilmurrayc0@lulu.com
434,Wren Fairhurst,1 Ilene Way,70005,LA,wfairhurstc1@spiegel.de
435,Brnaby Jacke,264 Armistice Point,85732,AZ,bjackec2@prnewswire.com
436,Chariot Lumb,85 Doe Crossing Terrace,34642,FL,clumbc3@unicef.org
437,Christian Thorogood,77 Lindbergh Junction,11499,NY,cthorogoodc4@alibaba.com
438,Marianna Wooler,0295 Fair Oaks Court,15266,PA,mwoolerc5@xrea.com
439,Saunder Letcher,2408 Loomis Park,33185,FL,sletcherc6@sciencedirect.com
440,Fairleigh Dunkinson,224 Monica Crossing,46202,IN,fdunkinsonc7@google.com
441,Daniele Petzold,8 5th Court,20409,DC,dpetzoldc8@fc2.com
442,Fredrick Veldstra,370 Karstens Hill,77035,TX,fveldstrac9@t.co
443,Marcia Lowes,04095 La Follette Center,89550,NV,mlowesca@cdbaby.com
444,Chrisy Hartigan,0651 Prairieview Avenue,71307,LA,chartigancb@shutterfly.com
445,Selig Chillistone,0977 Prairie Rose Pass,32627,FL,schillistonecc@shop-pro.jp
446,Berry Twinterman,10602 Kings Junction,32803,FL,btwintermancd@alexa.com
447,Mignonne Pittel,803 Meadow Ridge Plaza,62705,IL,mpittelce@hao123.com
448,Miranda Orpwood,88083 Glendale Parkway,76905,TX,morpwoodcf@reference.com
449,Deni Offell,79667 Carey Alley,54305,WI,doffellcg@wired.com
450,Kial Dericut,8 Anderson Drive,85072,AZ,kdericutch@icq.com
451,Rriocard Brekonridge,23763 Petterle Junction,61656,IL,rbrekonridgeci@economist.com
452,Karoly Gillbee,5 2nd Court,78710,TX,kgillbeecj@tuttocitta.it
453,Cristie Acreman,840 Ilene Road,90025,CA,cacremanck@wordpress.com
454,Amby Paddick,370 Buhler Place,47737,IN,apaddickcl@yellowpages.com
455,Thatcher Griffiths,74384 Gerald Road,80935,CO,tgriffithscm@hexun.com
456,Branden Holborn,39 Becker Pass,14215,NY,bholborncn@ca.gov
457,Ella Klimashevich,48 Fisk Point,98506,WA,eklimashevichco@ted.com
458,Elsi Studdal,5119 Blue Bill Park Way,22119,VA,estuddalcp@npr.org
459,Keenan Columbine,055 Thompson Court,32220,FL,kcolumbinecq@guardian.co.uk
460,Sib Thring,581 Esker Point,61605,IL,sthringcr@skyrock.com
461,Aleksandr Pavkovic,669 Toban Plaza,12242,NY,apavkoviccs@nba.com
462,Abby Picheford,15809 Kedzie Way,58106,ND,apichefordct@biblegateway.com
463,Putnem Shiliton,35193 Bunting Trail,94089,CA,pshilitoncu@nationalgeographic.com
464,Dav Raselles,01591 Manley Court,46216,IN,drasellescv@mozilla.com
465,Haskel Dachey,4 Butterfield Plaza,20392,DC,hdacheycw@sciencedaily.com
466,Faina Haffard,90 Kensington Hill,30375,GA,fhaffardcx@amazonaws.com
467,Ileana Hubbold,29 Macpherson Pass,94116,CA,ihubboldcy@php.net
468,Gypsy Livoir,3 Welch Avenue,95133,CA,glivoircz@com.com
469,Heath Tuft,9 Alpine Pass,85705,AZ,htuftd0@elegantthemes.com
470,Levon Faulkner,5 Waxwing Road,30919,GA,lfaulknerd1@hostgator.com
471,Herculie Sivil,29350 Montana Lane,44310,OH,hsivild2@craigslist.org
472,Delphine Golightly,857 Westerfield Road,75287,TX,dgolightlyd3@diigo.com
473,Karoly Gorick,343 Kim Junction,92137,CA,kgorickd4@tiny.cc
474,Quintilla Galbreath,63846 Sullivan Drive,94121,CA,qgalbreathd5@ucoz.ru
475,Niall Stickells,58 Blackbird Crossing,74149,OK,nstickellsd6@joomla.org
476,Keane Gurling,755 Ridge Oak Terrace,55108,MN,kgurlingd7@sogou.com
477,Lenard Odell,4 Sommers Hill,79945,TX,lodelld8@google.ru
478,Ernst Mattea,1 Lotheville Drive,78721,TX,emattead9@geocities.jp
479,Phillis Ceresa,353 Waxwing Lane,64160,MO,pceresada@slideshare.net
480,Kitty Sendley,5336 Vahlen Park,20540,DC,ksendleydb@shinystat.com
481,Reta Fullbrook,55543 International Terrace,85025,AZ,rfullbrookdc@biblegateway.com
482,Ebonee Mortell,9377 Division Trail,99205,WA,emortelldd@guardian.co.uk
483,Jocelin Siggers,39 Ridgeway Way,33028,FL,jsiggersde@phoca.cz
484,Benny Doble,4 Meadow Vale Plaza,39282,MS,bdobledf@mozilla.org
485,Caryn Reany,13 Gulseth Point,92165,CA,creanydg@bizjournals.com
486,Stephan De Zamudio,5 Bayside Circle,88546,TX,sdedh@etsy.com
487,Gale Gilffillan,1 Susan Parkway,55428,MN,ggilffillandi@zdnet.com
488,Jackie Paulazzi,703 Anthes Park,64136,MO,jpaulazzidj@wix.com
489,Ailina Absalom,8672 Dennis Crossing,16550,PA,aabsalomdk@e-recht24.de
490,Sigismond Dockwra,55621 John Wall Drive,20041,DC,sdockwradl@disqus.com
491,Alexis Pabel,3965 Hoffman Junction,23459,VA,apabeldm@purevolume.com
492,Abdul Muttitt,10 Porter Plaza,85210,AZ,amuttittdn@barnesandnoble.com
493,Pete Tatam,65850 Sommers Place,65810,MO,ptatamdo@msn.com
494,Lissa Remnant,28 Moulton Place,63143,MO,lremnantdp@hibu.com
495,Tim Robak,22 Barby Plaza,02162,MA,trobakdq@irs.gov
496,Clark Wernher,1 Dottie Lane,75387,TX,cwernherdr@de.vu
497,Goraud Kobpal,94 Dunning Way,88579,TX,gkobpalds@clickbank.net
498,Kelsey Imm,39 2nd Court,35263,AL,kimmdt@flavors.me
499,Saunders Toomey,8698 Mccormick Point,37605,TN,stoomeydu@rediff.com
500,Saundra Wegener,37313 Londonderry Crossing,92110,CA,swegenerdv@omniture.com
501,Adelind Colebrook,406 Dryden Terrace,49048,MI,acolebrookdw@issuu.com
502,Alexandrina Lakeman,2 Laurel Hill,08608,NJ,alakemandx@live.com
503,Liesa Maher,28227 Ridge Oak Point,29215,SC,lmaherdy@indiatimes.com
504,Elicia Quilleash,62 Toban Center,55480,MN,equilleashdz@google.es
505,Meaghan Lydall,42409 Marcy Alley,99252,WA,mlydalle0@loc.gov
506,Kylynn Butler-Bowdon,01216 Service Place,19109,PA,kbutlerbowdone1@mlb.com
507,Bealle Burton,627 Spohn Junction,94297,CA,bburtone2@myspace.com
508,Cati Guihen,00 Kings Circle,32244,FL,cguihene3@constantcontact.com
509,Caleb Domek,8 Bluestem Parkway,88514,TX,cdomeke4@mediafire.com
510,Burt Leas,1072 Vahlen Way,92145,CA,blease5@ebay.co.uk
511,Haywood Surmeyer,56976 John Wall Crossing,08603,NJ,hsurmeyere6@nasa.gov
512,Parrnell Rabat,5122 Laurel Drive,10131,NY,prabate7@timesonline.co.uk
513,Ring Rapier,899 Clove Street,28205,NC,rrapiere8@webeden.co.uk
514,Ira Longland,40 Harper Park,89714,NV,ilonglande9@trellian.com
515,Ossie Jedrzejkiewicz,360 Elka Point,92132,CA,ojedrzejkiewiczea@hostgator.com
516,Birk Birkenhead,8479 Calypso Drive,89036,NV,bbirkenheadeb@mac.com
517,Halie Rasp,4 Meadow Valley Parkway,11854,NY,hraspec@accuweather.com
518,Livia Samwaye,17 Marquette Terrace,38188,TN,lsamwayeed@nydailynews.com
519,De Karsh,429 Delaware Park,90847,CA,dkarshee@simplemachines.org
520,Konrad Shreenan,9 Alpine Park,57188,SD,kshreenanef@aol.com
521,Merola Jantel,06 Mccormick Terrace,14604,NY,mjanteleg@phpbb.com
522,Abe Klagge,810 Hermina Center,22096,VA,aklaggeeh@answers.com
523,Catha Gobert,52 Meadow Valley Lane,75265,TX,cgobertei@salon.com
524,Angela Blumsom,530 Colorado Point,33075,FL,ablumsomej@seattletimes.com
525,Fielding Petican,53698 Myrtle Lane,41905,KY,fpeticanek@soundcloud.com
526,Wilden Letessier,4 Sundown Terrace,19172,PA,wletessierel@phpbb.com
527,Hortense Wollrauch,8 Roth Center,55108,MN,hwollrauchem@ycombinator.com
528,Umeko Muat,7997 Dryden Junction,46278,IN,umuaten@icio.us
529,Marney Godney,4728 Hermina Place,34135,FL,mgodneyeo@soundcloud.com
530,Friederike Fenton,01 Scott Court,85072,AZ,ffentonep@infoseek.co.jp
531,Justen Stanlike,79811 Bowman Way,10310,NY,jstanlikeeq@abc.net.au
532,Gery Branscombe,2450 Derek Center,61629,IL,gbranscombeer@naver.com
533,Charissa Chimes,23 Eastwood Alley,18514,PA,cchimeses@123-reg.co.uk
534,Jan Abrahamoff,76 Lakeland Drive,36670,AL,jabrahamoffet@npr.org
535,Orelie Vertigan,9876 Reinke Pass,75323,TX,overtiganeu@state.gov
536,Field Pycock,83 Independence Point,73197,OK,fpycockev@java.com
537,Hamilton McGeraghty,5256 Fordem Alley,20310,DC,hmcgeraghtyew@ucla.edu
538,Aubrey Brechin,99 Arapahoe Terrace,34629,FL,abrechinex@hatena.ne.jp
539,Trisha Zambonini,405 Melvin Parkway,24029,VA,tzamboniniey@eepurl.com
540,Michell Laidlaw,7991 Brentwood Point,95298,CA,mlaidlawez@quantcast.com
541,Tybi Aloway,0 Dixon Road,37924,TN,talowayf0@spiegel.de
542,Griffy Brennans,640 North Crossing,78410,TX,gbrennansf1@tinyurl.com
543,Alison Parfrey,878 Karstens Avenue,24040,VA,aparfreyf2@tripod.com
544,Deloria Kofax,2 Westerfield Avenue,33811,FL,dkofaxf3@salon.com
545,Michelina Lowdwell,7 Russell Point,76011,TX,mlowdwellf4@nhs.uk
546,Ravi Guard,4 Dayton Center,44485,OH,rguardf5@dagondesign.com
547,Almeda Judkin,7 Northridge Way,73190,OK,ajudkinf6@usda.gov
548,Moria Eaklee,404 Hollow Ridge Crossing,95113,CA,meakleef7@wired.com
549,Cher Winward,5 Hanover Point,20540,DC,cwinwardf8@cnbc.com
550,Tarrah Neicho,807 Waxwing Way,32808,FL,tneichof9@wikimedia.org
551,Marylin Skeete,75796 International Road,97405,OR,mskeetefa@constantcontact.com
552,Salomone Lemmer,3283 4th Drive,77343,TX,slemmerfb@patch.com
553,Stacy Hiscoke,0 Ramsey Trail,53215,WI,shiscokefc@mashable.com
554,Otes Sudworth,74948 Cherokee Trail,33141,FL,osudworthfd@bloomberg.com
555,Shea Vick,1891 Bultman Place,21239,MD,svickfe@e-recht24.de
556,Adina Tapping,6 Lunder Parkway,39282,MS,atappingff@examiner.com
557,Reine McPhelimey,4821 Golf Trail,33763,FL,rmcphelimeyfg@epa.gov
558,Ann-marie Newnham,3 Summer Ridge Park,89155,NV,anewnhamfh@newsvine.com
559,Garry Kippen,1 Hooker Junction,32575,FL,gkippenfi@microsoft.com
560,Dorelia Hiom,918 Pennsylvania Center,20210,DC,dhiomfj@umn.edu
561,Dorie Bhar,65957 Service Parkway,55805,MN,dbharfk@globo.com
562,Cacilie Dungee,64 Garrison Lane,36610,AL,cdungeefl@free.fr
563,Daune Bloxholm,90527 Bashford Hill,33610,FL,dbloxholmfm@ifeng.com
564,Fonz Adacot,16966 Rockefeller Court,37131,TN,fadacotfn@google.es
565,Mar Heister,56 Jenna Drive,35215,AL,mheisterfo@feedburner.com
566,Ethelbert Ibotson,4 Maryland Circle,98140,WA,eibotsonfp@ed.gov
567,Arnaldo McJury,7 Manufacturers Drive,80995,CO,amcjuryfq@ycombinator.com
568,Orelee Rowatt,87 Merry Hill,33315,FL,orowattfr@acquirethisname.com
569,Garth Smewing,32310 Warner Plaza,12237,NY,gsmewingfs@unc.edu
570,Cecilia Walstow,1 Independence Drive,76147,TX,cwalstowft@alexa.com
571,Deirdre Hart,39829 Twin Pines Circle,78235,TX,dhartfu@ucsd.edu
572,Rosene Freke,168 Duke Street,90055,CA,rfrekefv@foxnews.com
573,Philly Benoix,3554 Heffernan Point,74141,OK,pbenoixfw@angelfire.com
574,Gustav Rodwell,12052 Green Ridge Point,77223,TX,grodwellfx@a8.net
575,Ashli Ert,896 Moland Trail,32627,FL,aertfy@rambler.ru
576,Giraldo Gettings,90428 Fieldstone Parkway,88519,TX,ggettingsfz@dmoz.org
577,Krystle Manjot,37 Carey Hill,55551,MN,kmanjotg0@who.int
578,Morgana Klasen,7 Morrow Crossing,10459,NY,mklaseng1@guardian.co.uk
579,Napoleon Pregel,2792 Spenser Alley,94975,CA,npregelg2@cnbc.com
580,Zonnya Muckeen,5370 Menomonie Avenue,32825,FL,zmuckeeng3@sohu.com
581,Sharron Stallebrass,3 Canary Road,76305,TX,sstallebrassg4@behance.net
582,Darline Bangiard,8234 Rockefeller Trail,76115,TX,dbangiardg5@google.com
583,Lilian Provost,339 Village Green Park,28314,NC,lprovostg6@ehow.com
584,Cobb Bloss,126 Nancy Trail,85754,AZ,cblossg7@google.ru
585,Aleksandr Kubes,9583 Troy Way,39305,MS,akubesg8@w3.org
586,Teodor Brabant,7 International Plaza,80228,CO,tbrabantg9@dagondesign.com
587,Sibylle Riddett,820 Fairfield Parkway,86305,AZ,sriddettga@wufoo.com
588,Cyrill Dubery,0 Fieldstone Drive,21282,MD,cduberygb@cargocollective.com
589,Bernardine Dust,26434 Kim Pass,15220,PA,bdustgc@illinois.edu
590,Hatty Broadberry,78 Westridge Court,10090,NY,hbroadberrygd@ihg.com
591,Chiquita Devitt,57 Clemons Avenue,84110,UT,cdevittge@over-blog.com
592,Karel Miner,55009 Maryland Trail,33345,FL,kminergf@hexun.com
593,Arlette De Meis,7 Merry Point,70154,LA,adegg@ustream.tv
594,Almeda MacCahee,5 Fisk Lane,38143,TN,amaccaheegh@barnesandnoble.com
595,Ulrikaumeko Glazebrook,9482 Bunting Terrace,85305,AZ,uglazebrookgi@mtv.com
596,Joel Goldman,93 Cardinal Parkway,46634,IN,jgoldmangj@hugedomains.com
597,Cacilia Woodland,8823 Kim Park,21282,MD,cwoodlandgk@unc.edu
598,Lorinda McNulty,59 Bayside Pass,33448,FL,lmcnultygl@mail.ru
599,Christel Loads,357 Butterfield Junction,10131,NY,cloadsgm@last.fm
600,Ivar Glennard,6 Shoshone Road,93005,CA,iglennardgn@qq.com
601,Dolli Rosenqvist,79 Toban Way,56944,DC,drosenqvistgo@aboutads.info
602,Peder Matzeitis,75 Dixon Terrace,88519,TX,pmatzeitisgp@toplist.cz
603,Stanleigh Lindley,0791 Thompson Court,78235,TX,slindleygq@unc.edu
604,Noell Bentz,216 Elgar Terrace,88558,TX,nbentzgr@ox.ac.uk
605,Guido Pistol,86387 Derek Court,29579,SC,gpistolgs@cdbaby.com
606,Hammad Kwiek,184 Little Fleur Court,94089,CA,hkwiekgt@eepurl.com
607,Ediva Ipsgrave,7126 Lotheville Park,92105,CA,eipsgravegu@opensource.org
608,Orion Rapo,4 Ruskin Terrace,75044,TX,orapogv@cloudflare.com
609,Jemimah Bownd,95631 Bellgrove Alley,20530,DC,jbowndgw@harvard.edu
610,Clara Bustin,9 Starling Street,20226,DC,cbustingx@upenn.edu
611,Faye Calafate,8179 1st Street,16534,PA,fcalafategy@columbia.edu
612,Shawn Brecon,32089 Ridge Oak Center,91131,CA,sbrecongz@fastcompany.com
613,Tanitansy Hunston,8 Goodland Point,76711,TX,thunstonh0@statcounter.com
614,Robinette Bourget,353 Brentwood Drive,89706,NV,rbourgeth1@usatoday.com
615,Kirstyn Branni,97 Center Court,01105,MA,kbrannih2@is.gd
616,Amery Frango,03042 Oak Court,64130,MO,afrangoh3@indiegogo.com
617,Edd Scafe,0540 Welch Terrace,33913,FL,escafeh4@goodreads.com
618,Sauveur Joesbury,5 Kedzie Lane,77713,TX,sjoesburyh5@devhub.com
619,Aloisia Waudby,99 Clarendon Avenue,12262,NY,awaudbyh6@diigo.com
620,Cilka Elks,388 Stang Circle,02472,MA,celksh7@ftc.gov
621,Gerty Ammer,72 Homewood Crossing,20195,VA,gammerh8@pen.io
622,Cazzie Vassar,8 Holy Cross Drive,84125,UT,cvassarh9@theguardian.com
623,Rosella Johnson,99 Center Avenue,12325,NY,rjohnsonha@theatlantic.com
624,Scarface Alessandrucci,944 Eastlawn Trail,90398,CA,salessandruccihb@phpbb.com
625,Drusy Currin,8794 Havey Way,77505,TX,dcurrinhc@unblog.fr
626,Bebe Basili,49331 Johnson Trail,32259,FL,bbasilihd@topsy.com
627,Valentino Aysh,74365 Northridge Drive,23289,VA,vayshhe@google.ca
628,Cullie Grishinov,3 Warrior Trail,96820,HI,cgrishinovhf@fema.gov
629,Abdul Kliesl,59172 Orin Place,39216,MS,aklieslhg@discuz.net
630,Elton Maidment,7941 Oakridge Center,45490,OH,emaidmenthh@xrea.com
631,Galven Walduck,66510 Bayside Trail,39534,MS,gwalduckhi@about.me
632,Wylie Redgrove,850 Claremont Alley,92844,CA,wredgrovehj@com.com
633,Luce Hanscome,6011 Vermont Center,83732,ID,lhanscomehk@imgur.com
634,Amity Dyte,5 Towne Avenue,74133,OK,adytehl@techcrunch.com
635,Angy Ciccone,8219 American Plaza,10606,NY,acicconehm@npr.org
636,Gallard Jirasek,674 Dovetail Trail,02405,MA,gjirasekhn@omniture.com
637,Jon McGiff,8 Acker Terrace,62718,IL,jmcgiffho@webmd.com
638,Ganny Karp,5313 Luster Pass,22234,VA,gkarphp@over-blog.com
639,Gilbertine Dory,7814 Sugar Trail,85271,AZ,gdoryhq@scribd.com
640,Lane Radborne,9 Cardinal Court,94237,CA,lradbornehr@nationalgeographic.com
641,Jordan Besset,3 Orin Plaza,54305,WI,jbesseths@discovery.com
642,Gale Tinsley,3003 Magdeline Junction,40280,KY,gtinsleyht@addtoany.com
643,Sayers Mogey,4 Golden Leaf Place,27264,NC,smogeyhu@mapquest.com
644,Mahmoud Staite,87 Randy Point,90398,CA,mstaitehv@reference.com
645,Deena Dobbinson,685 Muir Trail,87121,NM,ddobbinsonhw@boston.com
646,Codi Lambarton,45412 Glendale Trail,61105,IL,clambartonhx@google.es
647,Barris Mickan,003 Lighthouse Bay Parkway,83722,ID,bmickanhy@eventbrite.com
648,Paul Jasper,9007 Lukken Hill,84115,UT,pjasperhz@ucoz.ru
649,Corby Riatt,9 Forest Run Center,84409,UT,criatti0@harvard.edu
650,Kelcie Antoniak,7822 Sycamore Terrace,93291,CA,kantoniaki1@sphinn.com
651,Danila Clows,6 Dunning Hill,21211,MD,dclowsi2@techcrunch.com
652,Brandtr Ruggieri,2 Vahlen Junction,21405,MD,bruggierii3@mit.edu
653,Ingra Mole,8 Veith Plaza,30061,GA,imolei4@trellian.com
654,Jae Coom,5233 Lyons Junction,08638,NJ,jcoomi5@hatena.ne.jp
655,Rheba Russon,12 Swallow Way,63104,MO,rrussoni6@meetup.com
656,Rourke Kenealy,3266 Holmberg Street,92648,CA,rkenealyi7@e-recht24.de
657,Lauraine O'Cullen,8724 Veith Plaza,25331,WV,loculleni8@cloudflare.com
658,Gabriellia Ding,7 Petterle Street,93094,CA,gdingi9@netlog.com
659,Tadio Lyst,93 East Hill,33737,FL,tlystia@sohu.com
660,Oberon Tythacott,077 Hauk Terrace,02912,RI,otythacottib@etsy.com
661,Mirna Ianizzi,67451 Toban Lane,06825,CT,mianizziic@diigo.com
662,L;urette Blasiak,97 Towne Lane,55146,MN,lblasiakid@mozilla.org
663,Mella Staff,04776 Reinke Terrace,38150,TN,mstaffie@php.net
664,Jenelle Aspin,665 Sloan Alley,48295,MI,jaspinif@e-recht24.de
665,Garvin Fuxman,685 Lukken Terrace,27499,NC,gfuxmanig@comsenz.com
666,Gray Impson,6 Aberg Court,33673,FL,gimpsonih@hubpages.com
667,Ailis Drinkale,436 Jay Circle,11236,NY,adrinkaleii@seattletimes.com
668,Berkly Djekic,539 Bay Center,20016,DC,bdjekicij@w3.org
669,Marillin Rings,38400 Melby Street,57193,SD,mringsik@ox.ac.uk
670,Nisse Segebrecht,783 Prentice Hill,14205,NY,nsegebrechtil@dell.com
671,Jules Maroney,0 Eastlawn Crossing,47805,IN,jmaroneyim@sfgate.com
672,Del Balthasar,45 Donald Lane,78220,TX,dbalthasarin@sohu.com
673,Nikolaus Fawthrop,0 Charing Cross Pass,57188,SD,nfawthropio@furl.net
674,Ahmed Fylan,9527 Armistice Court,92513,CA,afylanip@webmd.com
675,Nelle Winspeare,834 Orin Center,15250,PA,nwinspeareiq@goodreads.com
676,Jessica Maryan,2 Dwight Drive,85035,AZ,jmaryanir@joomla.org
677,Francoise Asif,8 Trailsway Court,66286,KS,fasifis@msu.edu
678,Consuela McLafferty,9361 Heath Park,55572,MN,cmclaffertyit@yale.edu
679,Werner Marrill,13 Talisman Plaza,80161,CO,wmarrilliu@patch.com
680,Aleta Flohard,9 Kennedy Circle,78710,TX,aflohardiv@mlb.com
681,Alejandrina Hilliam,933 Ruskin Place,95108,CA,ahilliamiw@answers.com
682,Melony Obern,980 Tomscot Court,68124,NE,mobernix@ox.ac.uk
683,Merilyn Arnett,1894 Maywood Hill,13505,NY,marnettiy@squidoo.com
684,Tracee Walworche,0644 Green Parkway,46634,IN,twalworcheiz@yahoo.com
685,Mohandis Adel,9 Tomscot Way,55446,MN,madelj0@over-blog.com
686,Sophey Kerfut,8320 Hooker Lane,88584,TX,skerfutj1@nytimes.com
687,Jo-ann Faircley,43 Walton Pass,65810,MO,jfaircleyj2@weebly.com
688,Natty Jeyness,4953 Bartillon Parkway,53405,WI,njeynessj3@canalblog.com
689,Nobie Mathivat,78 Hauk Drive,28314,NC,nmathivatj4@tuttocitta.it
690,Darrick Houndesome,98 Dapin Parkway,76198,TX,dhoundesomej5@rakuten.co.jp
691,Louie Skully,72 Meadow Vale Plaza,19120,PA,lskullyj6@statcounter.com
692,Michelle Granham,1114 Debs Way,27409,NC,mgranhamj7@spotify.com
693,Nomi Osboldstone,59299 Dayton Parkway,70805,LA,nosboldstonej8@so-net.ne.jp
694,Tilda Tows,87 Eastlawn Road,77293,TX,ttowsj9@tamu.edu
695,Noel Ram,5765 Sage Alley,33625,FL,nramja@example.com
696,Griffith Sherwell,3 Brickson Park Pass,83722,ID,gsherwelljb@businessinsider.com
697,Hercules Le land,81 Anzinger Trail,90405,CA,hlejc@unicef.org
698,Gerhardt Roubeix,40991 Forest Plaza,45432,OH,groubeixjd@spiegel.de
699,Roseanne Yaldren,2726 Dovetail Terrace,74103,OK,ryaldrenje@cdc.gov
700,Raimundo Found,21906 Meadow Vale Park,95838,CA,rfoundjf@ebay.com
701,Georgeta Pettet,49 Nelson Crossing,15261,PA,gpettetjg@furl.net
702,Kimmi Shimmin,4 Alpine Park,45440,OH,kshimminjh@ehow.com
703,Halsy Dibson,6412 Northport Street,92725,CA,hdibsonji@va.gov
704,Lory Hunsworth,8760 Stuart Road,98127,WA,lhunsworthjj@ibm.com
705,Ellswerth MacCosto,9398 Prairie Rose Parkway,76192,TX,emaccostojk@prlog.org
706,Marchelle Swanwick,1 Shopko Pass,85210,AZ,mswanwickjl@forbes.com
707,Valaree Leat,12 Summerview Street,40256,KY,vleatjm@skype.com
708,Ogdan Pressland,44589 Stang Trail,33972,FL,opresslandjn@issuu.com
709,Concordia Medeway,2746 Kenwood Terrace,06183,CT,cmedewayjo@privacy.gov.au
710,Candie Duddy,4819 Cordelia Point,33147,FL,cduddyjp@purevolume.com
711,Norbie Petrelli,325 Bay Alley,92165,CA,npetrellijq@t-online.de
712,Cynthie Mettrick,04 Ryan Way,25305,WV,cmettrickjr@google.nl
713,Victoria Theyer,35297 Mayer Way,33421,FL,vtheyerjs@shutterfly.com
714,Corina Colicot,0 Forest Dale Terrace,48258,MI,ccolicotjt@who.int
715,Katha Phuprate,3868 Clyde Gallagher Crossing,88514,TX,kphuprateju@guardian.co.uk
716,Loretta Jasik,6074 Forest Circle,33028,FL,ljasikjv@ihg.com
717,Ignazio Lindelof,3 Pepper Wood Park,87180,NM,ilindelofjw@opera.com
718,Hynda Brunskill,40 Carpenter Court,75353,TX,hbrunskilljx@gnu.org
719,Brandie Corbie,7795 Warner Center,64149,MO,bcorbiejy@wikispaces.com
720,Adiana Yoell,61254 Stoughton Terrace,38168,TN,ayoelljz@nps.gov
721,Kim Tennick,7898 Bluestem Court,74116,OK,ktennickk0@google.co.jp
722,Hillary Dominique,7892 Fordem Parkway,64149,MO,hdominiquek1@youku.com
723,Bell Rippen,928 Carioca Alley,70616,LA,brippenk2@webmd.com
724,Damiano Barnsley,87896 Mitchell Court,92844,CA,dbarnsleyk3@paypal.com
725,Beauregard Hillan,37121 Lighthouse Bay Street,20231,DC,bhillank4@tripod.com
726,Ikey Gear,9 Loftsgordon Pass,89012,NV,igeark5@meetup.com
727,Shea Willoughey,79575 Walton Way,45223,OH,swillougheyk6@indiegogo.com
728,Derek Robbins,595 Prairie Rose Pass,33742,FL,drobbinsk7@dot.gov
729,Grover Rudge,43469 Westport Drive,55598,MN,grudgek8@flickr.com
730,Joellyn Lethbridge,8 Graceland Center,93786,CA,jlethbridgek9@ask.com
731,Alyce Welden,5 Farmco Avenue,64114,MO,aweldenka@geocities.jp
732,Debby Greenhaugh,746 Golf View Plaza,33715,FL,dgreenhaughkb@columbia.edu
733,Godfrey Harroway,40058 Moland Trail,14683,NY,gharrowaykc@prlog.org
734,Aviva Spurden,6429 Lawn Avenue,27157,NC,aspurdenkd@a8.net
735,Jenni Dutton,22747 Glacier Hill Way,29625,SC,jduttonke@networksolutions.com
736,Tadio Pindar,0 Evergreen Parkway,46406,IN,tpindarkf@webs.com
737,Chicky Gorham,3885 Bowman Road,79989,TX,cgorhamkg@tinypic.com
738,Errol Melledy,0013 Nobel Lane,08650,NJ,emelledykh@gov.uk
739,Jon Boarleyson,03018 Northridge Way,85030,AZ,jboarleysonki@live.com
740,Lebbie Hedditch,0 Sachtjen Drive,45419,OH,lhedditchkj@economist.com
741,Brennen Aps,671 Division Street,48275,MI,bapskk@a8.net
742,Menard Balazin,0762 Glendale Way,55127,MN,mbalazinkl@seesaa.net
743,Goldy Gaishson,547 Melody Junction,89115,NV,ggaishsonkm@google.de
744,Joseph Guidoni,62 Calypso Pass,91117,CA,jguidonikn@hexun.com
745,Anallise Skunes,459 Darwin Drive,72118,AR,askunesko@liveinternet.ru
746,Fernando Tedahl,0 Coleman Street,55565,MN,ftedahlkp@redcross.org
747,Lemmy Dumblton,79419 Graedel Hill,79159,TX,ldumbltonkq@theatlantic.com
748,Shirleen Kenyam,287 Comanche Way,65110,MO,skenyamkr@quantcast.com
749,Jefferey Badam,581 Larry Avenue,30343,GA,jbadamks@cdc.gov
750,Andras Baybutt,69433 Commercial Way,19125,PA,abaybuttkt@google.fr
751,Gracia Althorpe,91046 Pierstorff Court,76705,TX,galthorpeku@time.com
752,Daloris Bloomer,9 Browning Circle,28272,NC,dbloomerkv@squarespace.com
753,Scotti Zipsell,2318 Daystar Road,97296,OR,szipsellkw@hao123.com
754,Ameline Knowling,66107 Grasskamp Lane,31196,GA,aknowlingkx@miibeian.gov.cn
755,Hallsy Thyer,137 Westridge Drive,40591,KY,hthyerky@fc2.com
756,Karlee Tetley,224 Pennsylvania Plaza,39505,MS,ktetleykz@discuz.net
757,Evangelina Kastel,158 Saint Paul Trail,24024,VA,ekastell0@friendfeed.com
758,Ker Stallibrass,15804 Novick Court,33158,FL,kstallibrassl1@t.co
759,Torrin Morcomb,57538 Magdeline Street,10024,NY,tmorcombl2@meetup.com
760,Charmaine Kitney,76 Thompson Crossing,22309,VA,ckitneyl3@amazon.co.jp
761,Perle Carvil,534 Elka Terrace,44329,OH,pcarvill4@163.com
762,Anton Huelin,144 Luster Park,33777,FL,ahuelinl5@youtu.be
763,Ethelda Glader,88143 Meadow Vale Circle,91109,CA,egladerl6@wisc.edu
764,Jenn Gravell,7870 Stoughton Place,50936,IA,jgravelll7@intel.com
765,Margarete Groundwator,81 Vera Avenue,37220,TN,mgroundwatorl8@earthlink.net
766,Silvia Veitch,3693 Welch Park,78278,TX,sveitchl9@cpanel.net
767,Finley Langton,8 Jenifer Trail,39204,MS,flangtonla@wikia.com
768,Roxanne O'Crowley,436 Lotheville Alley,01813,MA,rocrowleylb@drupal.org
769,Karlene Dinnis,91 Grasskamp Crossing,75277,TX,kdinnislc@wikispaces.com
770,Aimee Pidduck,39 Brickson Park Plaza,92191,CA,apidduckld@delicious.com
771,Cherrita Maeer,46 Ridge Oak Crossing,24048,VA,cmaeerle@comcast.net
772,Yul Hilliam,65 Charing Cross Place,55598,MN,yhilliamlf@wikimedia.org
773,Isobel Humbee,70483 Redwing Hill,23612,VA,ihumbeelg@slashdot.org
774,Barbabas Durker,2882 Dottie Hill,94975,CA,bdurkerlh@comsenz.com
775,Kerianne Agutter,092 Norway Maple Road,77713,TX,kagutterli@ft.com
776,Octavia Duffield,9593 Sullivan Drive,37245,TN,oduffieldlj@webnode.com
777,Evangelia Rowe,42487 Browning Road,77090,TX,erowelk@technorati.com
778,Twyla Moncreiff,699 Dottie Pass,23551,VA,tmoncreiffll@ocn.ne.jp
779,Merrill Ganny,18 La Follette Road,67260,KS,mgannylm@typepad.com
780,Alysia Reignolds,935 Debs Way,85255,AZ,areignoldsln@latimes.com
781,Matthew Houseley,873 Bellgrove Street,19058,PA,mhouseleylo@bing.com
782,Henri Pepye,96673 Orin Street,48206,MI,hpepyelp@disqus.com
783,Dania Oughtright,47171 Coleman Alley,36689,AL,doughtrightlq@posterous.com
784,Tyrone Morican,1 Petterle Trail,47725,IN,tmoricanlr@apple.com
785,Jacklin Demsey,595 6th Crossing,85705,AZ,jdemseyls@npr.org
786,Malory Hazlewood,23 Grasskamp Lane,30506,GA,mhazlewoodlt@newsvine.com
787,Catrina Passe,60526 Gulseth Point,21705,MD,cpasselu@eventbrite.com
788,Marshal Tuckwood,959 Prairieview Road,33620,FL,mtuckwoodlv@pen.io
789,Marji Woolfall,87 Bunker Hill Plaza,94286,CA,mwoolfalllw@wikia.com
790,Joannes Bednell,3635 Grover Trail,60674,IL,jbednelllx@ca.gov
791,Dalston Androli,4349 Michigan Court,60351,IL,dandrolily@e-recht24.de
792,Sibby Jerram,4 Glacier Hill Street,15286,PA,sjerramlz@altervista.org
793,Tracee Tibols,4 Utah Terrace,88579,TX,ttibolsm0@google.fr
794,Gabie Salerg,86 Ryan Road,96815,HI,gsalergm1@netscape.com
795,Robin Blamires,41 Northview Terrace,45218,OH,rblamiresm2@oakley.com
796,Phoebe O'Scollain,18 Daystar Street,50936,IA,poscollainm3@indiegogo.com
797,Cornell Buller,47637 Maywood Place,70124,LA,cbullerm4@bandcamp.com
798,Cassey De Metz,41 Delaware Point,31405,GA,cdem5@cloudflare.com
799,Nanny Britland,541 Waubesa Center,32244,FL,nbritlandm6@ftc.gov
800,Andy Kubanek,7892 Waywood Drive,85720,AZ,akubanekm7@unc.edu
801,Virgie Cameli,56 Bartelt Pass,32964,FL,vcamelim8@miibeian.gov.cn
802,Isidoro Bockler,35 Tennessee Lane,34981,FL,ibocklerm9@deviantart.com
803,Jayson Mobius,013 Eagan Street,33763,FL,jmobiusma@pcworld.com
804,Urban Wegenen,160 Karstens Junction,35242,AL,uwegenenmb@wufoo.com
805,Saxe Jotcham,1455 Dennis Way,79105,TX,sjotchammc@spiegel.de
806,Gayla Keasley,463 Armistice Terrace,02114,MA,gkeasleymd@tinypic.com
807,Carmelita Whorton,6 Welch Plaza,92191,CA,cwhortonme@foxnews.com
808,Derron Wilby,04106 Tennessee Junction,77255,TX,dwilbymf@chron.com
809,Georgia Stollhofer,257 Monica Parkway,94297,CA,gstollhofermg@home.pl
810,Ogden Jaime,3 Service Crossing,53790,WI,ojaimemh@twitpic.com
811,Lance Chadwen,58 Jay Park,10557,NY,lchadwenmi@goo.gl
812,Donavon Brunnstein,4981 Shoshone Terrace,87592,NM,dbrunnsteinmj@last.fm
813,Melisenda Shankle,57597 Swallow Court,18706,PA,mshanklemk@opensource.org
814,Danit Whight,65225 North Plaza,77010,TX,dwhightml@wufoo.com
815,Freddy Moden,69 Ryan Trail,25331,WV,fmodenmm@wp.com
816,Josee Mullaly,495 Talisman Court,55103,MN,jmullalymn@4shared.com
817,Vladimir Gavrielly,33 Ludington Terrace,02162,MA,vgavriellymo@newsvine.com
818,Waylin Heaton,0 Banding Pass,62705,IL,wheatonmp@vinaora.com
819,Dallas Barosch,2895 Gina Center,55114,MN,dbaroschmq@state.gov
820,Isidore Kitchenman,44641 Schmedeman Hill,20036,DC,ikitchenmanmr@examiner.com
821,Reese Buckoke,1370 Northfield Circle,33448,FL,rbuckokems@rakuten.co.jp
822,Rockwell Flowers,5 Ridge Oak Place,93005,CA,rflowersmt@purevolume.com
823,Falito Fargher,6397 Marcy Court,40210,KY,ffarghermu@ucsd.edu
824,Levon Tussaine,4 Buell Crossing,60208,IL,ltussainemv@bbc.co.uk
825,Faun Lewsie,617 Hallows Point,93591,CA,flewsiemw@statcounter.com
826,Talia Lines,952 Union Plaza,20231,DC,tlinesmx@blogger.com
827,Marney Allmann,67225 Red Cloud Center,76121,TX,mallmannmy@ustream.tv
828,Austin Hanmer,946 Sherman Trail,35242,AL,ahanmermz@cafepress.com
829,Bennie Morratt,11 Dovetail Street,65898,MO,bmorrattn0@army.mil
830,Fredrick Rennicks,5 Barby Hill,63104,MO,frennicksn1@cafepress.com
831,Melissa Shacklady,7 Milwaukee Terrace,92105,CA,mshackladyn2@elpais.com
832,Daron Henricsson,8 Carey Way,68197,NE,dhenricssonn3@baidu.com
833,Devon Kirkby,91 Lakewood Drive,48107,MI,dkirkbyn4@twitter.com
834,Noell Faunt,767 Maryland Plaza,20904,MD,nfauntn5@angelfire.com
835,Anabella Tattershaw,98 Kensington Pass,55441,MN,atattershawn6@tuttocitta.it
836,Cob Trunks,9 Sutherland Point,78754,TX,ctrunksn7@businessinsider.com
837,Mac Townby,68 Burrows Crossing,92170,CA,mtownbyn8@chronoengine.com
838,Cassey Orry,23384 Fieldstone Alley,31210,GA,corryn9@phpbb.com
839,Deanna Taks,0984 Butternut Drive,61651,IL,dtaksna@cnet.com
840,West Coppens,927 Mayer Street,73034,OK,wcoppensnb@ucsd.edu
841,Durant Tomek,08 Independence Alley,06538,CT,dtomeknc@amazon.co.jp
842,Zed Bendtsen,03 Farragut Terrace,40215,KY,zbendtsennd@jugem.jp
843,Libbie Lewing,86 La Follette Point,34290,FL,llewingne@auda.org.au
844,Mavis Kleen,0 Northview Court,92555,CA,mkleennf@tripadvisor.com
845,Suzanna Beaufoy,0 Katie Avenue,10203,NY,sbeaufoyng@edublogs.org
846,Wain Walthall,7070 7th Court,55123,MN,wwalthallnh@foxnews.com
847,Tobey Beglin,3 Armistice Place,43240,OH,tbeglinni@example.com
848,Gisele Dickman,20319 Crescent Oaks Circle,44505,OH,gdickmannj@ocn.ne.jp
849,Zorina Kembrey,013 Buhler Place,77090,TX,zkembreynk@discovery.com
850,Teressa Cowton,2 Myrtle Way,91520,CA,tcowtonnl@usnews.com
851,Daniele Kelinge,85 Arkansas Road,40280,KY,dkelingenm@mapquest.com
852,Tremayne Treuge,37 Forster Way,55146,MN,ttreugenn@livejournal.com
853,Fredric Hesse,53004 Springview Crossing,20167,VA,fhesseno@1und1.de
854,Frank Keenlayside,64 Declaration Avenue,64136,MO,fkeenlaysidenp@printfriendly.com
855,Costa Sannes,08951 Heffernan Lane,28284,NC,csannesnq@is.gd
856,Janna Barensky,0 Forster Hill,93305,CA,jbarenskynr@tumblr.com
857,Gay Lethabridge,9 Rusk Terrace,40510,KY,glethabridgens@flavors.me
858,Karna Grinin,897 Oak Pass,93584,CA,kgrininnt@rambler.ru
859,Cathy Battin,45 Katie Place,19805,DE,cbattinnu@reverbnation.com
860,Stanislaus McAlees,44 Ilene Parkway,37235,TN,smcaleesnv@ucsd.edu
861,Finn Craske,7861 Badeau Road,14683,NY,fcraskenw@soup.io
862,Lefty Castillo,79003 Bunting Lane,92867,CA,lcastillonx@loc.gov
863,Harriet Jagson,1009 Dottie Pass,20167,VA,hjagsonny@nhs.uk
864,Phillip Connachan,6 Shasta Trail,90050,CA,pconnachannz@nsw.gov.au
865,Eziechiele Salmoni,6 Veith Road,33436,FL,esalmonio0@walmart.com
866,Neila Sich,409 Manitowish Junction,94237,CA,nsicho1@sfgate.com
867,Temple Jindacek,4 Quincy Plaza,55470,MN,tjindaceko2@miitbeian.gov.cn
868,Anastasia Kempton,2015 Eagan Plaza,20088,DC,akemptono3@devhub.com
869,Clarance Burdett,77367 Sachs Drive,23293,VA,cburdetto4@cisco.com
870,Theodor Olenov,128 Fieldstone Pass,92121,CA,tolenovo5@wix.com
871,Miguelita Miranda,84 Columbus Point,33023,FL,mmirandao6@posterous.com
872,Sayre Murford,59170 Karstens Park,95155,CA,smurfordo7@livejournal.com
873,Lyn Kadar,05 Dwight Place,45408,OH,lkadaro8@upenn.edu
874,Savina Gleadhall,748 Express Pass,79415,TX,sgleadhallo9@cyberchimps.com
875,Rodie Hymus,53 Spaight Junction,70129,LA,rhymusoa@zdnet.com
876,Almira O' Timony,016 Marcy Avenue,78682,TX,aoob@gnu.org
877,Kelbee Harrinson,590 Raven Circle,20337,DC,kharrinsonoc@ebay.com
878,Theadora Grindrod,63121 Burrows Trail,32590,FL,tgrindrodod@about.me
879,Nicolas Hutchins,41 Bay Point,70187,LA,nhutchinsoe@nbcnews.com
880,Amandi Boddam,5 Morrow Court,91411,CA,aboddamof@cargocollective.com
881,Robinetta Olivo,83 Rowland Park,93773,CA,rolivoog@census.gov
882,Lindsy Blaza,45 Melrose Parkway,43605,OH,lblazaoh@pinterest.com
883,Catrina Sissland,341 Hermina Road,20883,MD,csisslandoi@pcworld.com
884,Rhona Scading,9439 Quincy Lane,06721,CT,rscadingoj@networksolutions.com
885,Nicko Birth,63 Walton Street,27499,NC,nbirthok@slashdot.org
886,Eba Reidshaw,072 Eliot Trail,61709,IL,ereidshawol@oaic.gov.au
887,Aprilette Fist,69 Washington Park,94257,CA,afistom@altervista.org
888,Tami Staples,9 Pond Circle,45228,OH,tstapleson@imdb.com
889,Eddi Hardwick,7 Tennyson Court,30356,GA,ehardwickoo@ca.gov
890,Buffy Solan,8864 Canary Pass,80249,CO,bsolanop@europa.eu
891,Corrinne Seadon,853 Weeping Birch Parkway,23277,VA,cseadonoq@deviantart.com
892,Roscoe Dubois,294 Canary Way,33028,FL,rduboisor@php.net
893,Caprice Davsley,1 Sutherland Point,83711,ID,cdavsleyos@cdc.gov
894,Chevalier Riding,8279 Susan Parkway,84409,UT,cridingot@google.ru
895,Mari Guillford,57442 Schiller Crossing,15255,PA,mguillfordou@arstechnica.com
896,Kaitlyn Brannigan,16 Stone Corner Way,28055,NC,kbranniganov@webnode.com
897,Robbie Haighton,0 Goodland Lane,10090,NY,rhaightonow@vkontakte.ru
898,Darice Sawney,3 Anderson Point,34981,FL,dsawneyox@exblog.jp
899,Anni Jeves,62 Pepper Wood Plaza,93704,CA,ajevesoy@yandex.ru
900,Jeane Rountree,38 Graceland Park,94291,CA,jrountreeoz@usda.gov
901,Berton Parriss,9 Arizona Pass,63150,MO,bparrissp0@mozilla.org
902,Fayre Ayre,51 Monument Terrace,79945,TX,fayrep1@gizmodo.com
903,Peri Strathman,3 Harbort Way,40250,KY,pstrathmanp2@geocities.com
904,Bendite Prall,52908 Texas Place,53716,WI,bprallp3@ning.com
905,Wilek Wadwell,2592 Red Cloud Circle,79989,TX,wwadwellp4@merriam-webster.com
906,Arabela Bridle,032 Carioca Terrace,85383,AZ,abridlep5@deliciousdays.com
907,Hervey Beels,96892 Hansons Parkway,78291,TX,hbeelsp6@sina.com.cn
908,Roseline Shipley,63 Division Road,19160,PA,rshipleyp7@ocn.ne.jp
909,Elspeth Kehir,4164 Grim Point,95405,CA,ekehirp8@dell.com
910,Zia Sabine,922 Springs Drive,75210,TX,zsabinep9@clickbank.net
911,Brunhilda Beavon,60680 Bunker Hill Hill,95813,CA,bbeavonpa@yahoo.co.jp
912,Dukey Constanza,4 David Trail,20784,MD,dconstanzapb@accuweather.com
913,Cassie Stones,8678 Sunnyside Terrace,32854,FL,cstonespc@taobao.com
914,Lynsey Paynes,89 Petterle Circle,95828,CA,lpaynespd@dropbox.com
915,Laetitia Rutland,17579 Fallview Center,90840,CA,lrutlandpe@state.gov
916,Micky Burras,0 Merrick Alley,92835,CA,mburraspf@senate.gov
917,Livia Darragh,62476 Mcguire Place,37250,TN,ldarraghpg@newyorker.com
918,Lyell Perks,7344 Brickson Park Road,48275,MI,lperksph@arstechnica.com
919,Rodd Naughton,05378 Maryland Court,75044,TX,rnaughtonpi@lulu.com
920,Carmel Menauteau,3 Fordem Pass,44305,OH,cmenauteaupj@salon.com
921,Binky McAlpin,3 Mendota Alley,55590,MN,bmcalpinpk@jugem.jp
922,Merrilee Iacovacci,97775 Moulton Circle,23208,VA,miacovaccipl@answers.com
923,Cobb Choppin,933 Florence Terrace,60567,IL,cchoppinpm@cbslocal.com
924,Welbie Bottomer,17 Knutson Drive,06533,CT,wbottomerpn@imgur.com
925,Ruperto Lambourne,3 Hermina Center,66210,KS,rlambournepo@ucsd.edu
926,Gustavo MacRirie,38845 Pennsylvania Alley,13224,NY,gmacririepp@list-manage.com
927,Dedie Cleiment,291 Petterle Trail,10270,NY,dcleimentpq@mapy.cz
928,Ferrel Leppingwell,76083 Sunfield Alley,74156,OK,fleppingwellpr@fc2.com
929,Ray Middlemiss,79048 Oakridge Street,78475,TX,rmiddlemissps@yale.edu
930,Walther Klagge,763 Jackson Street,20299,DC,wklaggept@amazon.co.jp
931,Ailyn Dufer,433 Hooker Parkway,24009,VA,aduferpu@businessinsider.com
932,Cindra Tabert,7576 Waxwing Drive,89193,NV,ctabertpv@wunderground.com
933,Almira Cockaday,30 Hoffman Crossing,93740,CA,acockadaypw@lycos.com
934,Evvie Ennever,1 Mosinee Junction,30375,GA,eenneverpx@ca.gov
935,Seline Kernocke,78173 Southridge Way,35215,AL,skernockepy@soundcloud.com
936,Fidole Diehn,5541 Merchant Hill,87115,NM,fdiehnpz@163.com
937,Ivar Phear,2563 6th Terrace,89115,NV,iphearq0@jimdo.com
938,Isidor Jouanet,967 Monterey Road,64504,MO,ijouanetq1@miitbeian.gov.cn
939,Vincents Bothwell,58 Macpherson Avenue,28305,NC,vbothwellq2@amazon.co.uk
940,Nicholas O'Leagham,27 Rieder Pass,44329,OH,noleaghamq3@yellowpages.com
941,Dalston Marshland,2577 Northport Alley,28805,NC,dmarshlandq4@ucla.edu
942,Curtis McAuliffe,0 Dottie Parkway,62776,IL,cmcauliffeq5@1und1.de
943,Mozes Sircomb,776 Nancy Crossing,70810,LA,msircombq6@rediff.com
944,Darice Breton,96279 Lakeland Terrace,93386,CA,dbretonq7@istockphoto.com
945,Wittie Edwards,039 Lien Plaza,17121,PA,wedwardsq8@wunderground.com
946,Trixy Andreassen,06 Dixon Terrace,44197,OH,tandreassenq9@sfgate.com
947,Alwin Alwell,3 Crescent Oaks Drive,77260,TX,aalwellqa@tinyurl.com
948,Crichton Eakins,1422 Mcguire Center,94280,CA,ceakinsqb@goo.gl
949,Kelcey McLardie,01947 Shoshone Hill,94237,CA,kmclardieqc@wikia.com
950,Jsandye Aubert,77883 Hallows Way,54313,WI,jaubertqd@sohu.com
951,Gwenore Mahy,52263 Eliot Place,84403,UT,gmahyqe@ebay.co.uk
952,Fredia Mellem,7 Carioca Plaza,92030,CA,fmellemqf@princeton.edu
953,Nancey Moorcroft,8364 Warrior Road,89105,NV,nmoorcroftqg@canalblog.com
954,Dido Raincin,609 6th Park,34615,FL,draincinqh@goodreads.com
955,Kimbell O'Flaherty,66 American Alley,94089,CA,koflahertyqi@t-online.de
956,Forster Sleith,68375 Waywood Point,05609,VT,fsleithqj@g.co
957,Avram Tindle,163 4th Circle,33963,FL,atindleqk@xinhuanet.com
958,Keslie Heaps,3488 Packers Hill,75353,TX,kheapsql@etsy.com
959,Melloney Deviney,0078 Chinook Avenue,33169,FL,mdevineyqm@wordpress.com
960,Andrew Sissot,464 Fair Oaks Hill,46254,IN,asissotqn@smh.com.au
961,Erena Morratt,66 Goodland Way,20530,DC,emorrattqo@cnet.com
962,Beverlee Pudner,69009 Kropf Point,80161,CO,bpudnerqp@cdc.gov
963,Parnell Redwood,2502 Northwestern Street,32590,FL,predwoodqq@narod.ru
964,Deloria Klimczak,5583 Evergreen Place,89145,NV,dklimczakqr@sciencedirect.com
965,Tracy Verbeke,949 Fisk Junction,23471,VA,tverbekeqs@blogger.com
966,Vivi Adrianello,49 Talmadge Point,20910,MD,vadrianelloqt@dailymotion.com
967,Derk Weller,3356 5th Avenue,12247,NY,dwellerqu@princeton.edu
968,Sheryl Joslyn,64 Caliangt Street,34233,FL,sjoslynqv@amazonaws.com
969,Kile Dadge,8 Ruskin Street,95210,CA,kdadgeqw@bizjournals.com
970,Rosco Seatter,4 Bluejay Trail,33075,FL,rseatterqx@nationalgeographic.com
971,Bryce De'Ath,2527 Basil Road,20540,DC,bdeathqy@uol.com.br
972,Carmina Tuxwell,003 Jana Way,18505,PA,ctuxwellqz@yolasite.com
973,Natalee Goolding,24039 Esker Hill,45454,OH,ngooldingr0@ifeng.com
974,Katerine Rakes,25 Raven Lane,60630,IL,krakesr1@ow.ly
975,Grantley Doppler,0309 Basil Court,80905,CO,gdopplerr2@cnbc.com
976,Cece Byfield,626 Eliot Junction,37228,TN,cbyfieldr3@behance.net
977,Ruthe Gaiter,146 Corben Road,94147,CA,rgaiterr4@illinois.edu
978,Jamima Ledingham,2056 Anhalt Avenue,16565,PA,jledinghamr5@lulu.com
979,Stormy Danelut,99349 Little Fleur Terrace,17126,PA,sdanelutr6@istockphoto.com
980,Glenine Cowlam,07 Coolidge Avenue,29215,SC,gcowlamr7@hostgator.com
981,Nerita Botha,63 Fairview Junction,17126,PA,nbothar8@delicious.com
982,Mischa Harlett,897 Center Pass,94137,CA,mharlettr9@bigcartel.com
983,Bonnie Blunderfield,6 Corben Junction,45440,OH,bblunderfieldra@loc.gov
984,Christiane Willox,6 Rutledge Trail,27626,NC,cwilloxrb@cdc.gov
985,Darryl Cutmare,6299 Transport Park,32092,FL,dcutmarerc@drupal.org
986,Adina Chipping,428 Kedzie Trail,94273,CA,achippingrd@netscape.com
987,Linnea Sobey,3 Pleasure Place,92160,CA,lsobeyre@newyorker.com
988,Simone Clipston,113 Hudson Court,23285,VA,sclipstonrf@wikipedia.org
989,Erl Leads,147 Victoria Road,46867,IN,eleadsrg@arizona.edu
990,Tad Pencott,5 Cascade Court,53225,WI,tpencottrh@example.com
991,Virginie Gofton,63 Tennyson Avenue,80995,CO,vgoftonri@i2i.jp
992,Erina Lambrick,198 Shopko Trail,01813,MA,elambrickrj@sciencedirect.com
993,Archaimbaud McNeil,813 David Hill,33018,FL,amcneilrk@webnode.com
994,Orelia Lynes,21 Mendota Lane,30306,GA,olynesrl@cnbc.com
995,Maurizio McGurk,3 Loomis Center,19125,PA,mmcgurkrm@census.gov
996,Ulrika Gatehouse,269 Norway Maple Terrace,63169,MO,ugatehousern@statcounter.com
997,Rancell Nairy,50 Shasta Crossing,55115,MN,rnairyro@arizona.edu
998,Kassia Dale,014 Melvin Drive,13217,NY,kdalerp@virginia.edu
999,Yorker Thrush,86407 Scofield Point,33069,FL,ythrushrq@bing.com
1000,Christyna Dumphreys,57 Pennsylvania Alley,08638,NJ,cdumphreysrr@sphinn.com
