id,name,address,zipcode,state,email
1,Kerrill Philipsen,46 Starling Alley,94913,CA,kphilipsen0@kickstarter.com
2,Wat Beert,574 Anthes Point,78296,TX,wbeert1@mit.edu
3,Nessi Mounfield,9 Shasta Avenue,53705,WI,nmounfield2@hc360.com
4,Stesha Davern,15 Elmside Place,95118,CA,sdavern3@wired.com
5,Marielle Kulis,4 Kinsman Lane,20260,DC,mkulis4@blogtalkradio.com
6,Burlie Lebang,4 Killdeer Point,40581,KY,blebang5@amazonaws.com
7,Gil Garrod,73027 Muir Avenue,27499,NC,ggarrod6@weibo.com
8,Giorgi Lias,8 New Castle Crossing,25305,WV,glias7@addthis.com
9,Florry Marval,8 Dawn Point,80299,CO,fmarval8@yale.edu
10,Eilis Craney,1317 Claremont Court,98411,WA,ecraney9@wikipedia.org
11,Wren Luscott,26321 Dakota Alley,44505,OH,wluscotta@time.com
12,Gertrud Alesio,4 Burning Wood Avenue,92127,CA,galesiob@altervista.org
13,Ruttger Elderkin,666 Crest Line Point,15205,PA,relderkinc@digg.com
14,Bendix Kos,36 Hudson Street,70154,LA,bkosd@imageshack.us
15,Hi Blampy,01 Muir Road,97211,OR,hblampye@digg.com
16,Annalee Stonman,68661 North Pass,74141,OK,astonmanf@opensource.org
17,Nels Brosch,81697 Mccormick Place,37924,TN,nbroschg@theguardian.com
18,Wade O'Lagene,139 Maywood Junction,31165,GA,wolageneh@smh.com.au
19,Allsun Burghill,71671 Fallview Crossing,10079,NY,aburghilli@fda.gov
20,Tilly Swaile,10987 Caliangt Hill,50330,IA,tswailej@homestead.com
21,Albert Lehrmann,42477 Delaware Trail,08619,NJ,alehrmannk@behance.net
22,Jory Kinton,7163 Fisk Way,24029,VA,jkintonl@spotify.com
23,Cash Boldra,5119 Maple Wood Crossing,71166,LA,cboldram@slideshare.net
24,Gard O'Henehan,5014 Hanson Circle,22313,VA,gohenehann@comcast.net
25,Collin Harmston,24 Kipling Plaza,89505,NV,charmstono@miibeian.gov.cn
26,Pauletta Juza,115 Lakewood Road,53790,WI,pjuzap@pinterest.com
27,Alejandrina Ianni,34011 Westridge Terrace,29305,SC,aianniq@telegraph.co.uk
28,Sinclair Murison,7800 Superior Alley,00214,NH,smurisonr@apple.com
29,Stace Shearmer,8785 Anzinger Street,96825,HI,sshearmers@google.fr
30,Nanni McKew,714 Dennis Street,60663,IL,nmckewt@plala.or.jp
31,Dickie Mellon,785 Brentwood Terrace,33023,FL,dmellonu@canalblog.com
32,Bron Hardman,98 Green Circle,95818,CA,bhardmanv@amazon.com
33,Packston Brosio,1 Westridge Terrace,15210,PA,pbrosiow@altervista.org
34,Marilyn Ferreira,33345 Florence Way,37245,TN,mferreirax@cam.ac.uk
35,Roxine La Croce,80836 Warner Junction,20436,DC,rlay@typepad.com
36,Millisent McElwee,70 Laurel Way,45228,OH,mmcelweez@jimdo.com
37,Elyse Ervine,739 Susan Place,96810,HI,eervine10@imdb.com
38,Dyan Hoyer,26065 Lien Junction,10019,NY,dhoyer11@homestead.com
39,Norrie Lednor,0085 Lillian Street,98498,WA,nlednor12@sogou.com
40,Carmencita Leonarde,05403 Lien Park,76121,TX,cleonarde13@census.gov
41,Syd Caslin,0061 Toban Point,78405,TX,scaslin14@flavors.me
42,Bevon Andrys,07 Cherokee Way,14233,NY,bandrys15@google.nl
43,Charlotte Connop,91 Sloan Street,62718,IL,cconnop16@cafepress.com
44,Darn Vermer,359 Charing Cross Crossing,60351,IL,dvermer17@globo.com
45,Evangelina Tellenbroker,07311 Amoth Point,73147,OK,etellenbroker18@opera.com
46,Olag Major,18 Bellgrove Court,53405,WI,omajor19@unc.edu
47,Armando Flaverty,20688 Sachtjen Junction,46867,IN,aflaverty1a@devhub.com
48,Halley O'Collopy,52578 Arkansas Plaza,74170,OK,hocollopy1b@google.com.hk
49,Herc Charlesworth,62 Starling Alley,52809,IA,hcharlesworth1c@msn.com
50,Thom Durtnel,28 Haas Street,89120,NV,tdurtnel1d@latimes.com
51,Sunny MacLucais,43 Eggendart Center,32259,FL,smaclucais1e@scientificamerican.com
52,Seymour Bartozzi,80833 Straubel Hill,75353,TX,sbartozzi1f@gizmodo.com
53,Fraze Pollok,4996 Warrior Center,28230,NC,fpollok1g@about.com
54,Jennifer Sancias,8060 Mockingbird Avenue,21275,MD,jsancias1h@arizona.edu
55,Harriette Enrich,1 Oak Center,12210,NY,henrich1i@example.com
56,Dannel Schriren,13723 Charing Cross Circle,55123,MN,dschriren1j@yellowbook.com
57,Jobi Klasing,437 Maryland Avenue,95118,CA,jklasing1k@nba.com
58,Hermie Stroyan,1305 Thackeray Lane,11355,NY,hstroyan1l@php.net
59,Rupert Cawood,46 Center Point,11205,NY,rcawood1m@tinypic.com
60,Regen Wessel,20 Hanover Parkway,01105,MA,rwessel1n@yelp.com
61,Brynn Priestnall,1 Summit Terrace,97229,OR,bpriestnall1o@domainmarket.com
62,Camilla Bearfoot,9319 Shelley Street,10454,NY,cbearfoot1p@123-reg.co.uk
63,Sal Bachs,222 Talmadge Park,06705,CT,sbachs1q@nhs.uk
64,Ange Walczak,95850 Division Trail,98121,WA,awalczak1r@woothemes.com
65,Bess Tills,020 Oneill Junction,14215,NY,btills1s@amazon.com
66,Angil Yurchishin,9 Saint Paul Way,45254,OH,ayurchishin1t@seesaa.net
67,Mechelle Askaw,461 Dryden Lane,02142,MA,maskaw1u@phoca.cz
68,Holly Secret,015 Florence Terrace,94522,CA,hsecret1v@nbcnews.com
69,Ray Yukhnin,3 Washington Center,48224,MI,ryukhnin1w@google.fr
70,Nonnah Fakeley,5 Forest Run Parkway,10019,NY,nfakeley1x@wired.com
71,Mehetabel Bartaloni,2077 Mockingbird Terrace,10160,NY,mbartaloni1y@myspace.com
72,Helaina Garnam,39 Talmadge Avenue,90410,CA,hgarnam1z@gravatar.com
73,Caleb Quarlis,854 Manitowish Way,76310,TX,cquarlis20@umich.edu
74,Norri Cavie,5553 Wayridge Hill,45490,OH,ncavie21@bing.com
75,Lana Hakking,8298 Kings Street,38119,TN,lhakking22@lycos.com
76,Kenton Prater,34522 Reinke Avenue,88546,TX,kprater23@diigo.com
77,Isidro Peppard,295 Hermina Terrace,57188,SD,ipeppard24@eventbrite.com
78,Boothe Kennan,452 Carpenter Terrace,77212,TX,bkennan25@qq.com
79,Odille Usherwood,61 Ohio Center,33448,FL,ousherwood26@ft.com
80,Arney Algy,0 Duke Terrace,06140,CT,aalgy27@scribd.com
81,Jordain Tattershaw,04755 Heath Court,84403,UT,jtattershaw28@ox.ac.uk
82,Dora Tumulty,789 Morning Trail,90087,CA,dtumulty29@springer.com
83,Elsa Fossitt,8 Blaine Crossing,25709,WV,efossitt2a@elpais.com
84,Waylon Croasdale,30 Messerschmidt Plaza,47405,IN,wcroasdale2b@nytimes.com
85,Lloyd Hakewell,44294 Pepper Wood Park,33169,FL,lhakewell2c@msn.com
86,Issi Tapscott,9497 Manley Road,32215,FL,itapscott2d@ox.ac.uk
87,Marje Mervyn,3584 Packers Road,75397,TX,mmervyn2e@miibeian.gov.cn
88,Natala Cluer,99141 Buell Road,89505,NV,ncluer2f@exblog.jp
89,Samson Jullian,01381 Darwin Pass,10260,NY,sjullian2g@newyorker.com
90,Ulrica Doulton,49349 Monica Alley,11407,NY,udoulton2h@nbcnews.com
91,Lorry Swetland,97 Ridge Oak Road,95150,CA,lswetland2i@github.io
92,Gusella Merrington,10617 Myrtle Plaza,40510,KY,gmerrington2j@cbslocal.com
93,Hillery Proudler,33799 School Trail,95397,CA,hproudler2k@imageshack.us
94,Eugen Phillipson,46 Prentice Circle,17605,PA,ephillipson2l@phpbb.com
95,Minny Werrit,0 Maple Lane,38114,TN,mwerrit2m@cafepress.com
96,Vikki Quiddinton,4974 Portage Point,98464,WA,vquiddinton2n@home.pl
97,Ardeen Tolcharde,6265 Mccormick Road,06912,CT,atolcharde2o@columbia.edu
98,Jasmina Gumary,43 Marquette Trail,92110,CA,jgumary2p@e-recht24.de
99,Freda Kinton,87015 Riverside Alley,07505,NJ,fkinton2q@wikipedia.org
100,Lamond Delmonti,927 Sommers Circle,49444,MI,ldelmonti2r@europa.eu
101,Kelcie Matyushonok,55 Golf Parkway,78783,TX,kmatyushonok2s@simplemachines.org
102,Jonah Hully,1 Jana Drive,91411,CA,jhully2t@ucsd.edu
103,Jacqueline Gilderoy,26321 Westerfield Trail,53710,WI,jgilderoy2u@squarespace.com
104,Mable Meehan,2 Moland Place,36195,AL,mmeehan2v@ifeng.com
105,Issy Featherston,497 Anzinger Road,36616,AL,ifeatherston2w@mashable.com
106,Ernestine Bourdel,54172 Ilene Junction,02298,MA,ebourdel2x@behance.net
107,Datha Boote,91 Dovetail Alley,30245,GA,dboote2y@ihg.com
108,Justin Benedikt,427 Loeprich Plaza,01610,MA,jbenedikt2z@booking.com
109,Clo Santino,96 Porter Park,75323,TX,csantino30@vinaora.com
110,Kalinda Buret,4 Karstens Road,74149,OK,kburet31@bbb.org
111,Jane Montfort,68183 Carberry Junction,90831,CA,jmontfort32@domainmarket.com
112,Drucie Vautier,9116 Calypso Street,33147,FL,dvautier33@skyrock.com
113,Ernest Triswell,1762 Aberg Hill,32941,FL,etriswell34@fastcompany.com
114,Carlye Robertacci,57106 Stuart Avenue,47134,IN,crobertacci35@list-manage.com
115,Avivah Drake,4 Columbus Center,44197,OH,adrake36@reddit.com
116,Selma Chevolleau,3331 Sycamore Hill,40210,KY,schevolleau37@mail.ru
117,Nevin Dmitriev,3 Manley Way,73071,OK,ndmitriev38@slideshare.net
118,Ebony Udden,55 Michigan Circle,53705,WI,eudden39@google.co.jp
119,Roobbie Dickerson,2823 Dottie Circle,62711,IL,rdickerson3a@mlb.com
120,Robbie Hawthorn,8650 Washington Point,55115,MN,rhawthorn3b@creativecommons.org
121,Shaine Semmens,94468 Drewry Crossing,97075,OR,ssemmens3c@blinklist.com
122,Ann Gillivrie,0260 Hayes Junction,95219,CA,agillivrie3d@t.co
123,Diana Grigolli,43918 Warner Street,58207,ND,dgrigolli3e@telegraph.co.uk
124,Ingunna Jeanequin,72 Stoughton Avenue,84199,UT,ijeanequin3f@nifty.com
125,Hazel Sparkwill,324 Waxwing Pass,45470,OH,hsparkwill3g@naver.com
126,Brenna Ribou,86 Walton Park,30358,GA,bribou3h@nasa.gov
127,Devora Brantzen,3203 Clarendon Place,33620,FL,dbrantzen3i@home.pl
128,Onida Estable,0700 Michigan Circle,33141,FL,oestable3j@geocities.com
129,Alicia Kepp,15791 Killdeer Parkway,10099,NY,akepp3k@g.co
130,Nadiya Ballaam,1502 Hagan Drive,78682,TX,nballaam3l@guardian.co.uk
131,Bari Ironside,35146 Waxwing Circle,90805,CA,bironside3m@howstuffworks.com
132,Jermain Brownlow,296 Drewry Trail,99812,AK,jbrownlow3n@bbb.org
133,Inga Flannigan,11 Valley Edge Pass,55423,MN,iflannigan3o@w3.org
134,Chrystal Taill,31 Tomscot Circle,66210,KS,ctaill3p@mayoclinic.com
135,Sumner McCerery,25 Barnett Crossing,79977,TX,smccerery3q@gnu.org
136,Bellanca Cribbott,94088 Lakeland Avenue,90060,CA,bcribbott3r@amazon.co.uk
137,Nomi Brecknall,3369 Walton Parkway,72209,AR,nbrecknall3s@edublogs.org
138,Phylis Gatherell,4 Granby Parkway,25313,WV,pgatherell3t@sfgate.com
139,Gwenneth McMurty,83 Evergreen Park,48267,MI,gmcmurty3u@ameblo.jp
140,Corissa Dalgety,031 Jackson Hill,94137,CA,cdalgety3v@merriam-webster.com
141,Ethelbert Whitcomb,1 Meadow Vale Way,72231,AR,ewhitcomb3w@mediafire.com
142,Fiann Domenge,53013 Rowland Center,93750,CA,fdomenge3x@miitbeian.gov.cn
143,Shel Esposi,0713 Summit Pass,30919,GA,sesposi3y@ow.ly
144,Jeniece Audiss,8 Kingsford Junction,27404,NC,jaudiss3z@examiner.com
145,Maryrose Cattrell,0697 Menomonie Street,32830,FL,mcattrell40@ycombinator.com
146,Perle Allender,44216 Cardinal Way,19725,DE,pallender41@nationalgeographic.com
147,Maurits Parrin,7128 Anhalt Junction,31132,GA,mparrin42@alexa.com
148,Obie Wandrey,9 Mesta Avenue,04109,ME,owandrey43@wisc.edu
149,Jayme Krop,4 Mariners Cove Crossing,87105,NM,jkrop44@europa.eu
150,Noelani O'Bradden,3 Burning Wood Point,46614,IN,nobradden45@marriott.com
151,Kelsey Lage,56 Sommers Road,15286,PA,klage46@tiny.cc
152,Leontyne Voaden,55 Jay Drive,34615,FL,lvoaden47@who.int
153,Stafani Blomefield,9946 Valley Edge Way,17405,PA,sblomefield48@usnews.com
154,Brannon Batchelar,5657 Miller Place,98185,WA,bbatchelar49@state.tx.us
155,Hetty Phillins,96 Grayhawk Terrace,89505,NV,hphillins4a@nbcnews.com
156,Hendrick Monday,5 Express Crossing,20851,MD,hmonday4b@icio.us
157,Malvina Loddy,3880 Blaine Crossing,30306,GA,mloddy4c@google.com.br
158,Kristos Treagus,00 Forest Run Crossing,23504,VA,ktreagus4d@youtu.be
159,Rusty Hasslocher,7351 East Trail,32830,FL,rhasslocher4e@tripod.com
160,Vinny Koche,993 Red Cloud Pass,72209,AR,vkoche4f@purevolume.com
161,Peterus Alvar,6034 Mandrake Lane,32526,FL,palvar4g@reverbnation.com
162,Cammie Dealey,8580 Almo Circle,44485,OH,cdealey4h@blogtalkradio.com
163,Kacey Goodman,6981 Karstens Plaza,85737,AZ,kgoodman4i@bandcamp.com
164,Harley Howard,45306 Talisman Parkway,93386,CA,hhoward4j@oracle.com
165,Constanta Jakeman,33534 Maywood Avenue,73147,OK,cjakeman4k@mozilla.com
166,Stillman Indruch,74 Dayton Lane,33129,FL,sindruch4l@prweb.com
167,Ezmeralda Stiant,6 Lakewood Way,85083,AZ,estiant4m@aol.com
168,Lilly Mulcock,134 Kings Trail,38181,TN,lmulcock4n@discovery.com
169,Kelli Castiglioni,5 Shoshone Park,48912,MI,kcastiglioni4o@hp.com
170,Cynthie Kewish,8378 Roxbury Terrace,01610,MA,ckewish4p@usnews.com
171,Grantham MacAllen,0 Oakridge Parkway,95210,CA,gmacallen4q@buzzfeed.com
172,Hollyanne Bonney,3 Di Loreto Street,64190,MO,hbonney4r@dot.gov
173,Waly Otterwell,0787 Hagan Street,25305,WV,wotterwell4s@google.ca
174,Marietta De Biasi,25 Continental Park,68531,NE,mde4t@storify.com
175,Finn Rosingdall,4107 Hauk Point,84140,UT,frosingdall4u@gizmodo.com
176,Gerianne Rosencwaig,464 Springs Hill,95173,CA,grosencwaig4v@pbs.org
177,Kathi Maffioletti,2482 Saint Paul Point,20167,VA,kmaffioletti4w@yelp.com
178,Masha Fagence,5561 Hollow Ridge Drive,60681,IL,mfagence4x@jiathis.com
179,Meredithe Darth,474 Reinke Drive,77070,TX,mdarth4y@miibeian.gov.cn
180,Pansie Paolazzi,37581 Dovetail Lane,79905,TX,ppaolazzi4z@google.com
181,Dionysus Ragge,8 Trailsway Alley,95354,CA,dragge50@answers.com
182,Malynda Dulany,64 Manitowish Trail,79116,TX,mdulany51@miitbeian.gov.cn
183,Jacintha Trewhella,095 Old Gate Center,85720,AZ,jtrewhella52@sourceforge.net
184,Maynard Saiens,7 Lighthouse Bay Pass,55572,MN,msaiens53@phoca.cz
185,Leslie Hallt,2 Prairieview Hill,57188,SD,lhallt54@un.org
186,Zea Speir,8917 Eagan Road,64153,MO,zspeir55@imdb.com
187,Laureen Pinilla,36887 Mallard Avenue,57198,SD,lpinilla56@goodreads.com
188,Valentino Doust,29575 Starling Lane,95865,CA,vdoust57@mapquest.com
189,Justinian Vernazza,6 Continental Park,45243,OH,jvernazza58@scientificamerican.com
190,Gabriella Dunstall,1 Gulseth Drive,63143,MO,gdunstall59@rakuten.co.jp
191,Emilie Dutton,911 Harbort Court,91797,CA,edutton5a@aol.com
192,Derek McClymont,3419 Tony Plaza,06120,CT,dmcclymont5b@dot.gov
193,Catrina Harman,06029 Jay Crossing,36616,AL,charman5c@sun.com
194,Charis De Mattei,34056 Corben Circle,10203,NY,cde5d@xinhuanet.com
195,Goober Gotcliff,3987 Tony Court,81010,CO,ggotcliff5e@stumbleupon.com
196,Shaw Domegan,56 Arrowood Plaza,30506,GA,sdomegan5f@wikispaces.com
197,Gus Abson,588 Ludington Court,66210,KS,gabson5g@mlb.com
198,Muriel Rawling,31181 Warrior Center,17110,PA,mrawling5h@japanpost.jp
199,Ravid Flowerdew,23780 Sheridan Avenue,89706,NV,rflowerdew5i@artisteer.com
200,Archibaldo Bilbrooke,2670 Aberg Circle,14276,NY,abilbrooke5j@ask.com
201,Gaylor Massey,48446 Bashford Crossing,01129,MA,gmassey5k@xrea.com
202,Cirstoforo Kellough,9 Knutson Junction,37410,TN,ckellough5l@tuttocitta.it
203,Saloma Medcraft,65136 Shoshone Lane,64136,MO,smedcraft5m@creativecommons.org
204,Heindrick Shillitoe,8658 Toban Crossing,16534,PA,hshillitoe5n@ow.ly
205,Henriette Coultish,40194 Valley Edge Drive,11236,NY,hcoultish5o@about.me
206,Marje Geraudy,4020 Twin Pines Drive,80150,CO,mgeraudy5p@odnoklassniki.ru
207,Phineas Van Der Straaten,1925 Carioca Terrace,08603,NJ,pvan5q@oaic.gov.au
208,Ardyce Budcock,80 Fair Oaks Trail,35236,AL,abudcock5r@example.com
209,Gipsy Biddiss,4 Nelson Avenue,07112,NJ,gbiddiss5s@blogtalkradio.com
210,Enrika Tomet,5 Havey Alley,80305,CO,etomet5t@moonfruit.com
211,Laughton Kingsbury,23 Fallview Trail,32244,FL,lkingsbury5u@marriott.com
212,Shem Deabill,246 Farwell Junction,40215,KY,sdeabill5v@printfriendly.com
213,Bordie MacCome,3861 Esch Circle,11447,NY,bmaccome5w@wikia.com
214,Richardo Waddam,2 Oak Junction,77386,TX,rwaddam5x@sakura.ne.jp
215,Kinnie Llorente,19904 Milwaukee Terrace,20566,DC,kllorente5y@desdev.cn
216,Leigh Rydings,2 Coleman Way,39236,MS,lrydings5z@deliciousdays.com
217,Robenia Haddy,35 Oak Terrace,10120,NY,rhaddy60@eventbrite.com
218,Beverlie Corbally,370 Summit Road,30336,GA,bcorbally61@fc2.com
219,Karena Sneezum,691 Waubesa Terrace,24014,VA,ksneezum62@samsung.com
220,Dame Staples,43 Calypso Street,80270,CO,dstaples63@cnn.com
221,Leticia O'Lennachain,15 Green Circle,85215,AZ,lolennachain64@macromedia.com
222,Lucretia Chillingsworth,31 Center Alley,23242,VA,lchillingsworth65@washington.edu
223,Lisle Jiranek,05437 Forest Crossing,73114,OK,ljiranek66@github.com
224,Gerrard Fipp,3352 Hallows Street,48919,MI,gfipp67@washington.edu
225,Tabbie McConigal,65663 Sutteridge Circle,77025,TX,tmcconigal68@nature.com
226,Laryssa Torrejon,4 Alpine Point,46634,IN,ltorrejon69@boston.com
227,Ker Sandeman,6 Schlimgen Road,91406,CA,ksandeman6a@sogou.com
228,Travers MacFarlane,5 Spohn Terrace,77234,TX,tmacfarlane6b@bing.com
229,Caz Cranna,9 Pawling Alley,79405,TX,ccranna6c@soup.io
230,Johnette McLeese,09 Logan Court,68524,NE,jmcleese6d@a8.net
231,Dorette Lilley,0210 Corscot Street,55423,MN,dlilley6e@sogou.com
232,Fidela Gossan,468 Waywood Court,32803,FL,fgossan6f@123-reg.co.uk
233,Farlie Durbridge,94722 Warbler Parkway,78278,TX,fdurbridge6g@paypal.com
234,Reg Gledstane,5196 Golf Lane,79945,TX,rgledstane6h@geocities.jp
235,Marie-ann Chate,271 Loeprich Place,96845,HI,mchate6i@arstechnica.com
236,Alec Jonczyk,2890 Prairieview Court,91406,CA,ajonczyk6j@wikipedia.org
237,Netta Vernall,8 Knutson Lane,34102,FL,nvernall6k@devhub.com
238,Omar Mithun,14 Esker Road,82007,WY,omithun6l@slideshare.net
239,Domenico Tupp,193 Forest Dale Hill,77343,TX,dtupp6m@goo.gl
240,Gerladina Dawltrey,2 Annamark Drive,06825,CT,gdawltrey6n@so-net.ne.jp
241,Ninnetta Tulk,0739 Novick Park,10557,NY,ntulk6o@yahoo.co.jp
242,Jacobo Lewendon,1 Kropf Court,80940,CO,jlewendon6p@indiegogo.com
243,Gaelan Turn,74 Jay Lane,23277,VA,gturn6q@pinterest.com
244,Roda Walework,97265 Dixon Pass,48224,MI,rwalework6r@un.org
245,Lind Bareham,1 Sugar Drive,98417,WA,lbareham6s@amazon.co.jp
246,Henri Robertsen,6075 Barnett Alley,64130,MO,hrobertsen6t@over-blog.com
247,Teddie Carn,25969 West Hill,11436,NY,tcarn6u@mapy.cz
248,Nobie Klesel,75 Forest Dale Pass,41905,KY,nklesel6v@apple.com
249,Dag MacGill,91 Manley Way,64101,MO,dmacgill6w@opera.com
250,Eddi Glasspool,5870 Burrows Plaza,77035,TX,eglasspool6x@feedburner.com
251,Fayth Gorler,99030 Valley Edge Junction,28256,NC,fgorler6y@aol.com
252,Gabriel McSharry,4028 Beilfuss Avenue,35254,AL,gmcsharry6z@cnn.com
253,Maire Goldhill,06 Bayside Hill,34114,FL,mgoldhill70@example.com
254,Andreana Ancliffe,213 Paget Way,33620,FL,aancliffe71@fda.gov
255,Ware Tewelson,5 Forest Run Plaza,88546,TX,wtewelson72@goo.ne.jp
256,Filmer Anning,07 Jackson Place,33715,FL,fanning73@123-reg.co.uk
257,Thacher Surr,59757 Jenifer Pass,32941,FL,tsurr74@squarespace.com
258,Basile Helmke,01548 Marcy Park,29225,SC,bhelmke75@mysql.com
259,Kathi Voelker,6 Schurz Way,80930,CO,kvoelker76@unblog.fr
260,Earl McKain,4 Rowland Place,06533,CT,emckain77@spotify.com
261,Tobit Morad,0646 Twin Pines Court,43635,OH,tmorad78@thetimes.co.uk
262,Fairlie Dohr,523 Prairieview Terrace,07195,NJ,fdohr79@google.pl
263,Cherri Andersen,32 Chinook Trail,91841,CA,candersen7a@tripod.com
264,Germain Eringey,235 Maywood Circle,23520,VA,geringey7b@blogs.com
265,Quintus Tuttiett,4910 Hansons Way,22119,VA,qtuttiett7c@twitpic.com
266,Darcey Vasishchev,67 Cascade Point,80910,CO,dvasishchev7d@moonfruit.com
267,Konstance Isles,5136 Sullivan Place,60624,IL,kisles7e@tripod.com
268,Guido Vyvyan,36 Delladonna Way,93381,CA,gvyvyan7f@purevolume.com
269,Blisse Petracchi,01 Harper Plaza,60641,IL,bpetracchi7g@tiny.cc
270,Lyndell Baldocci,4017 Oak Road,93311,CA,lbaldocci7h@e-recht24.de
271,Donielle MacMarcuis,28 Village Point,15215,PA,dmacmarcuis7i@posterous.com
272,Lona Credland,60 4th Junction,20404,DC,lcredland7j@wisc.edu
273,Bucky Lortzing,59 Longview Lane,29305,SC,blortzing7k@dmoz.org
274,Linzy Byars,89357 Veith Crossing,40581,KY,lbyars7l@edublogs.org
275,Daveta Beames,5 Muir Way,77035,TX,dbeames7m@technorati.com
276,Carlin Meininking,8 Heath Alley,46247,IN,cmeininking7n@umn.edu
277,Theodora Aslin,0492 Crowley Place,65805,MO,taslin7o@friendfeed.com
278,Jane Whetland,1504 Homewood Street,80150,CO,jwhetland7p@disqus.com
279,Winnie Gumly,4285 Lakewood Point,34665,FL,wgumly7q@narod.ru
280,Xaviera Laxe,34127 Old Gate Center,85077,AZ,xlaxe7r@forbes.com
281,Rustin Mollen,50 Birchwood Hill,11254,NY,rmollen7s@list-manage.com
282,Rita Petch,5169 Goodland Terrace,45440,OH,rpetch7t@unesco.org
283,Glori Clute,4629 Schmedeman Way,55905,MN,gclute7u@census.gov
284,Merilyn Kingsland,1217 Holy Cross Place,61825,IL,mkingsland7v@irs.gov
285,Craggy Davidove,98 Sutherland Center,11215,NY,cdavidove7w@businessweek.com
286,Delila Tyers,74013 Myrtle Point,73197,OK,dtyers7x@xinhuanet.com
287,Keelby Carthy,79580 Lindbergh Hill,98506,WA,kcarthy7y@ning.com
288,Nealson Gofford,70 Northland Drive,98140,WA,ngofford7z@mail.ru
289,Sindee Stork,5949 Rusk Junction,47725,IN,sstork80@cpanel.net
290,Lilly Moxham,9603 Emmet Terrace,48224,MI,lmoxham81@jimdo.com
291,Nari Grob,143 Manitowish Alley,76905,TX,ngrob82@comsenz.com
292,Wain Docwra,82128 Oak Valley Trail,78737,TX,wdocwra83@twitpic.com
293,Wells Smalls,87 Crowley Center,35254,AL,wsmalls84@edublogs.org
294,Stevena Schruyer,87 Washington Lane,31410,GA,sschruyer85@harvard.edu
295,Vinni Fairfoul,7390 Petterle Park,76011,TX,vfairfoul86@wordpress.com
296,Spenser Mewitt,7 Lunder Terrace,70149,LA,smewitt87@typepad.com
297,Lynsey McGray,11042 Spohn Junction,46699,IN,lmcgray88@123-reg.co.uk
298,Kandy Gurery,0823 Meadow Valley Avenue,40745,KY,kgurery89@google.ru
299,Kristo O'Noulane,7334 Gerald Court,20503,DC,konoulane8a@usa.gov
300,Rhea Lenaghen,58 Calypso Way,43240,OH,rlenaghen8b@shinystat.com
301,Earlie Weavers,1 Victoria Terrace,80935,CO,eweavers8c@sina.com.cn
302,Jackie Lillo,9 Starling Terrace,20591,DC,jlillo8d@gnu.org
303,Patsy Custy,02520 Fuller Pass,64054,MO,pcusty8e@google.pl
304,Pernell Szymaniak,7 Anderson Crossing,33158,FL,pszymaniak8f@list-manage.com
305,Ulrika Beautyman,3 Carioca Crossing,30386,GA,ubeautyman8g@google.nl
306,Freeman Flores,61736 Menomonie Point,33330,FL,fflores8h@unc.edu
307,Valentino Watling,0891 Waywood Junction,00214,NH,vwatling8i@amazon.co.uk
308,Alexei Riccard,948 Mitchell Road,32919,FL,ariccard8j@marketwatch.com
309,Cordey Scarffe,615 Waywood Avenue,21705,MD,cscarffe8k@alexa.com
310,Amble McIlharga,104 Lien Trail,01105,MA,amcilharga8l@nba.com
311,Sabina Safell,40 Utah Avenue,94291,CA,ssafell8m@dmoz.org
312,Berty Granleese,5592 Superior Road,75236,TX,bgranleese8n@si.edu
313,Cissiee Povah,67681 Elmside Way,93907,CA,cpovah8o@aboutads.info
314,Karen Drew-Clifton,29748 Lukken Street,06120,CT,kdrewclifton8p@smh.com.au
315,Sisile Capps,827 Hazelcrest Parkway,40250,KY,scapps8q@nymag.com
316,Berni Baudesson,174 Caliangt Court,95113,CA,bbaudesson8r@myspace.com
317,Ninetta Nortunen,6384 Melrose Point,23285,VA,nnortunen8s@mozilla.org
318,Zara Trimmill,9166 Paget Way,99517,AK,ztrimmill8t@imageshack.us
319,Drona Ringham,11126 Fulton Junction,46207,IN,dringham8u@bravesites.com
320,Debora Singyard,58101 Sundown Trail,89105,NV,dsingyard8v@webeden.co.uk
321,Quinta Haylett,99 Ilene Circle,88006,NM,qhaylett8w@elegantthemes.com
322,Toni Charrington,844 Logan Avenue,99709,AK,tcharrington8x@tiny.cc
323,Stephie Noah,0587 David Lane,20918,MD,snoah8y@w3.org
324,Hazel Laurenson,99 Kensington Way,57105,SD,hlaurenson8z@princeton.edu
325,Brook Fassbindler,0 Prentice Junction,06160,CT,bfassbindler90@gov.uk
326,Hayden Lennon,91 Blaine Street,72215,AR,hlennon91@hc360.com
327,Kathleen Folkerts,76193 Old Gate Place,92825,CA,kfolkerts92@hexun.com
328,Meggi Carl,229 New Castle Park,35215,AL,mcarl93@businessinsider.com
329,Thia Tethcote,6 Dawn Way,75049,TX,ttethcote94@123-reg.co.uk
330,Jacky Cayley,196 Morningstar Drive,48295,MI,jcayley95@webeden.co.uk
331,Raf Pirolini,498 Vermont Pass,66606,KS,rpirolini96@addtoany.com
332,Elizabeth Goady,01 Fairview Alley,77705,TX,egoady97@studiopress.com
333,Felicdad Coldbath,14338 Northwestern Lane,93704,CA,fcoldbath98@alexa.com
334,Wilow Rubenczyk,39698 Forest Junction,87121,NM,wrubenczyk99@dropbox.com
335,Garfield Pascho,64 Express Parkway,35805,AL,gpascho9a@dot.gov
336,Chadwick O'Donnell,5 Hallows Court,79710,TX,codonnell9b@washington.edu
337,Ode Riseborough,08901 Schmedeman Terrace,98516,WA,oriseborough9c@foxnews.com
338,Marina Drewery,4 1st Place,48901,MI,mdrewery9d@theglobeandmail.com
339,Gertruda Huniwall,4 Pepper Wood Center,29319,SC,ghuniwall9e@163.com
340,Burk Roj,3 Chinook Pass,78296,TX,broj9f@twitpic.com
341,Cammi Hansod,2 Porter Avenue,25313,WV,chansod9g@chicagotribune.com
342,Moore Hassent,786 Farwell Park,93907,CA,mhassent9h@is.gd
343,Zechariah Maunder,141 Sherman Trail,46015,IN,zmaunder9i@seesaa.net
344,Leif Moncarr,1907 Fallview Crossing,20005,DC,lmoncarr9j@geocities.jp
345,Ginelle Canete,35 Moland Road,13217,NY,gcanete9k@intel.com
346,Ethelbert Rapsey,04886 Glendale Lane,93778,CA,erapsey9l@plala.or.jp
347,Roxie Seleway,2474 Bartillon Place,96810,HI,rseleway9m@sfgate.com
348,Hortense McGennis,6 Golf View Street,48232,MI,hmcgennis9n@csmonitor.com
349,Prudy Cortin,51 Swallow Court,34949,FL,pcortin9o@ovh.net
350,Jozef Lovel,9172 Buhler Parkway,31296,GA,jlovel9p@hud.gov
351,Martguerita Barkes,622 Holy Cross Avenue,38150,TN,mbarkes9q@barnesandnoble.com
352,Laureen Biggans,648 Bluejay Place,33673,FL,lbiggans9r@ow.ly
353,Federico Kershaw,16 Pine View Court,08619,NJ,fkershaw9s@huffingtonpost.com
354,Mandi Poulsom,7820 Crownhardt Circle,14614,NY,mpoulsom9t@bandcamp.com
355,Rafaelia Alexandersson,46020 Lakewood Court,98158,WA,ralexandersson9u@usatoday.com
356,Gil Paschke,962 Eastwood Junction,77010,TX,gpaschke9v@economist.com
357,Yevette Dickenson,35 Roth Center,88535,TX,ydickenson9w@hhs.gov
358,Carmen Catonne,1684 Continental Center,44710,OH,ccatonne9x@nps.gov
359,Sancho Ullyott,40796 Haas Circle,33245,FL,sullyott9y@whitehouse.gov
360,Quinn Churchouse,179 Burning Wood Terrace,93762,CA,qchurchouse9z@miitbeian.gov.cn
361,Roz Padginton,9913 Coleman Drive,78410,TX,rpadgintona0@google.it
362,Aridatha Keggins,1164 Hoard Hill,59806,MT,akegginsa1@qq.com
363,Brodie Claughton,8 Hermina Junction,73034,OK,bclaughtona2@ustream.tv
364,Idalia Heintze,126 Sutherland Court,11436,NY,iheintzea3@blogtalkradio.com
365,Tadd Hulk,1415 Vidon Avenue,55103,MN,thulka4@cdc.gov
366,Foss Fendlow,9 South Court,61640,IL,ffendlowa5@oaic.gov.au
367,Rossie Pickthall,79990 Ryan Avenue,47719,IN,rpickthalla6@reverbnation.com
368,Shina Dunlap,31397 Menomonie Road,32813,FL,sdunlapa7@ox.ac.uk
369,Aleta Winscum,34 Cordelia Pass,66286,KS,awinscuma8@dedecms.com
370,Helyn Burrill,18685 Dunning Place,73129,OK,hburrilla9@rediff.com
371,Wendel Whoolehan,90817 Meadow Vale Terrace,64187,MO,wwhoolehanaa@si.edu
372,Fonzie Pawelczyk,4708 Moose Alley,99220,WA,fpawelczykab@amazonaws.com
373,Rivi Joscelyn,17 Paget Terrace,93773,CA,rjoscelynac@comsenz.com
374,Carie Llewelly,96 Glacier Hill Drive,20530,DC,cllewellyad@google.com.hk
375,Antonetta Braizier,1 Scofield Way,38126,TN,abraizierae@123-reg.co.uk
376,Maitilde Bowich,8 Eastlawn Crossing,20436,DC,mbowichaf@businesswire.com
377,Maxie Fellini,60 Fulton Trail,28299,NC,mfelliniag@newsvine.com
378,Desiri Restill,2 Quincy Way,44185,OH,drestillah@altervista.org
379,Townie Eagling,7660 Warner Center,78721,TX,teaglingai@mapy.cz
380,Blaine Dimnage,6615 Valley Edge Terrace,66286,KS,bdimnageaj@state.tx.us
381,Darill Dannehl,9965 Hazelcrest Alley,92513,CA,ddannehlak@naver.com
382,Abrahan Brockley,2 Hansons Parkway,13251,NY,abrockleyal@drupal.org
383,Tommie Marrion,94 Clarendon Court,79916,TX,tmarrionam@networkadvertising.org
384,Jordan Barbey,92488 North Avenue,88541,TX,jbarbeyan@chicagotribune.com
385,Vin Brankley,974 Kennedy Lane,40576,KY,vbrankleyao@themeforest.net
386,Oswald Zealey,3297 Glendale Terrace,10045,NY,ozealeyap@4shared.com
387,Shalom Rosoni,90 Sullivan Avenue,28410,NC,srosoniaq@auda.org.au
388,Dominic Christian,446 Magdeline Plaza,32964,FL,dchristianar@furl.net
389,Candide Jolley,863 Roth Pass,06160,CT,cjolleyas@ycombinator.com
390,Britteny Hassan,60 Hoard Terrace,48912,MI,bhassanat@freewebs.com
391,Jamison Strauss,5 Stang Trail,92555,CA,jstraussau@nature.com
392,Whitney Chatel,549 Randy Road,70116,LA,wchatelav@chronoengine.com
393,Kissiah Oldale,9 Montana Crossing,32220,FL,koldaleaw@soup.io
394,Corabella Hanaford,744 Bowman Junction,30245,GA,chanafordax@blogger.com
395,Alasteir Bruckshaw,77 Northwestern Crossing,02162,MA,abruckshaway@goodreads.com
396,Augusta Beynke,510 Homewood Point,20520,DC,abeynkeaz@squidoo.com
397,Peadar Taggert,52326 Londonderry Plaza,91103,CA,ptaggertb0@upenn.edu
398,Quincey Rutt,20111 Johnson Avenue,47805,IN,qruttb1@fc2.com
399,Missy Hatherall,27 Russell Junction,85025,AZ,mhatherallb2@kickstarter.com
400,Monroe Apark,25 Weeping Birch Alley,90045,CA,maparkb3@360.cn
401,Abbie Mitchley,7 Morning Park,11044,NY,amitchleyb4@sogou.com
402,Cornelia Fulleylove,178 Kipling Parkway,49560,MI,cfulleyloveb5@nymag.com
403,Bobbi Stenning,59207 Hallows Trail,55417,MN,bstenningb6@clickbank.net
404,Bobbie Hunt,6 Mesta Pass,94522,CA,bhuntb7@state.tx.us
405,Karyl Mc Pake,9185 Onsgard Way,97201,OR,kmcb8@alexa.com
406,Carmita Tomczykiewicz,91128 Ilene Street,94064,CA,ctomczykiewiczb9@ocn.ne.jp
407,Jarrad Bearne,01883 Burning Wood Hill,33436,FL,jbearneba@nationalgeographic.com
408,Elsa Thurman,4113 Bartelt Pass,89115,NV,ethurmanbb@nature.com
409,Beverley Matten,1 Surrey Drive,27404,NC,bmattenbc@biblegateway.com
410,Sindee Kingswood,57770 Jackson Avenue,90094,CA,skingswoodbd@barnesandnoble.com
411,Cassie Pitcaithley,64211 Mariners Cove Center,62794,IL,cpitcaithleybe@exblog.jp
412,Jojo Pendle,64502 Ronald Regan Crossing,87105,NM,jpendlebf@hao123.com
413,Con Giffkins,5891 Ramsey Drive,45203,OH,cgiffkinsbg@google.fr
414,Margarita McGoldrick,82896 Scofield Avenue,11225,NY,mmcgoldrickbh@nbcnews.com
415,Christye Paprotny,69059 Katie Lane,33185,FL,cpaprotnybi@hubpages.com
416,Jordana Orgill,6523 Ronald Regan Way,75221,TX,jorgillbj@edublogs.org
417,Vanna Dibling,4060 Anderson Terrace,95813,CA,vdiblingbk@goo.ne.jp
418,Tabina Thurbon,7 Derek Place,74141,OK,tthurbonbl@uol.com.br
419,Cori Hillan,15 Oak Alley,02163,MA,chillanbm@dell.com
420,Davide Janus,10 Dakota Place,20599,DC,djanusbn@newyorker.com
421,Enriqueta Littlejohns,75 Forest Run Crossing,32605,FL,elittlejohnsbo@mayoclinic.com
422,Cord Cadagan,808 David Crossing,43204,OH,ccadaganbp@google.co.uk
423,Alex Stollsteiner,48080 Maple Wood Hill,48912,MI,astollsteinerbq@msu.edu
424,Andras Vero,309 Pawling Drive,44185,OH,averobr@istockphoto.com
425,Cristobal Lambotin,0 Namekagon Road,94126,CA,clambotinbs@shinystat.com
426,Halley Lakeman,01 Toban Drive,94089,CA,hlakemanbt@dedecms.com
427,Carny Viggers,4 Kenwood Crossing,30336,GA,cviggersbu@wufoo.com
428,Aliza Ortes,2855 Beilfuss Alley,28055,NC,aortesbv@bandcamp.com
429,Fernande Antonin,975 Coleman Plaza,44305,OH,fantoninbw@bloglovin.com
430,Wynn Lethabridge,7409 Moose Point,96850,HI,wlethabridgebx@statcounter.com
431,Emelia Benezeit,66150 Pine View Circle,92822,CA,ebenezeitby@wp.com
432,Maximilian Arlett,9 Village Center,76198,TX,marlettbz@sbwire.com
433,Sansone Cadding,014 Center Junction,30089,GA,scaddingc0@dmoz.org
434,Reed Wingeat,798 Blue Bill Park Pass,48107,MI,rwingeatc1@fda.gov
435,Tait Harston,77 Eagle Crest Trail,32885,FL,tharstonc2@moonfruit.com
436,Olia Saile,2701 Goodland Crossing,77080,TX,osailec3@canalblog.com
437,Bebe Pilmer,120 Raven Lane,33982,FL,bpilmerc4@cafepress.com
438,Yvette Howley,7431 Eagan Avenue,77240,TX,yhowleyc5@hp.com
439,Natasha Chaloner,6343 Nelson Road,93291,CA,nchalonerc6@mysql.com
440,Nealy Swan,17316 Manley Center,78759,TX,nswanc7@skyrock.com
441,Norean Cridlan,94 Melvin Hill,70005,LA,ncridlanc8@amazon.co.uk
442,Kare Trengrove,76858 Glendale Terrace,22908,VA,ktrengrovec9@house.gov
443,Monah Knott,65 Fuller Junction,96805,HI,mknottca@youtube.com
444,Bev Hunday,9642 Portage Parkway,10009,NY,bhundaycb@ft.com
445,Mercie Bellelli,5829 Talisman Junction,28263,NC,mbellellicc@reference.com
446,Talbert Colgan,1882 Fieldstone Court,75231,TX,tcolgancd@themeforest.net
447,Maurie Parley,0 Drewry Hill,85077,AZ,mparleyce@reddit.com
448,Nelie Blacklock,1874 Carioca Pass,08619,NJ,nblacklockcf@mail.ru
449,Anabella Brotherwood,6484 Jackson Terrace,80015,CO,abrotherwoodcg@domainmarket.com
450,Verena Hartnup,30879 East Hill,14263,NY,vhartnupch@tripadvisor.com
451,Elvira Dearth,2644 Bluejay Street,22111,VA,edearthci@woothemes.com
452,Karly Aubrun,01136 Rockefeller Parkway,75246,TX,kaubruncj@elegantthemes.com
453,Garner Delia,69543 7th Terrace,33647,FL,gdeliack@yellowpages.com
454,Nicola Slaight,024 Melvin Road,06721,CT,nslaightcl@geocities.jp
455,Gery Launder,0856 Division Way,60669,IL,glaundercm@uol.com.br
456,Ermanno FitzAlan,93880 Acker Avenue,85025,AZ,efitzalancn@hexun.com
457,Sibeal Hatrick,87029 Morning Plaza,77288,TX,shatrickco@fema.gov
458,Aeriela Alekseicik,9 Dapin Terrace,34620,FL,aalekseicikcp@yolasite.com
459,Jennine Cosins,28 Dottie Place,08695,NJ,jcosinscq@virginia.edu
460,Thurston Creamen,0665 Gina Center,87505,NM,tcreamencr@oracle.com
461,Kary Ort,647 Pond Court,38143,TN,kortcs@cbslocal.com
462,Tracy Karchowski,962 Swallow Junction,48901,MI,tkarchowskict@go.com
463,Zack Aldred,3 Roxbury Way,66210,KS,zaldredcu@bloglines.com
464,Hillyer Nardi,084 Jackson Circle,40618,KY,hnardicv@cafepress.com
465,Rosette Glasson,261 Sachtjen Way,32830,FL,rglassoncw@skype.com
466,Malchy Friend,5728 Fairview Point,89193,NV,mfriendcx@youtube.com
467,Dahlia Jankiewicz,9110 Holy Cross Center,14609,NY,djankiewiczcy@tuttocitta.it
468,Craggie Coslitt,42318 Menomonie Circle,10170,NY,ccoslittcz@godaddy.com
469,Ricca Dupoy,6 Stang Way,85020,AZ,rdupoyd0@usnews.com
470,Rosemary Aloigi,5170 Helena Terrace,35905,AL,raloigid1@cam.ac.uk
471,Dorree Blitz,55 Fairfield Trail,22212,VA,dblitzd2@constantcontact.com
472,Roby O' Dornan,2847 Clove Parkway,93715,CA,rod3@netlog.com
473,Conrad Kilpatrick,7611 Swallow Street,88574,TX,ckilpatrickd4@nymag.com
474,Rosabelle Cusiter,17974 Gulseth Way,78759,TX,rcusiterd5@chronoengine.com
475,Cindee Daughtrey,66 Hooker Street,88535,TX,cdaughtreyd6@apple.com
476,Biddie Lempenny,8 Drewry Road,85210,AZ,blempennyd7@yellowbook.com
477,Sibella Buy,57515 Helena Road,33448,FL,sbuyd8@people.com.cn
478,Moll Dell 'Orto,69242 Rutledge Terrace,27626,NC,mdelld9@theguardian.com
479,Moira Adey,8073 Vernon Street,10131,NY,madeyda@google.ru
480,Barnebas Pflieger,41208 Village Green Street,94913,CA,bpfliegerdb@goo.ne.jp
481,Lorianne Swinglehurst,86 Buell Parkway,47937,IN,lswinglehurstdc@com.com
482,Kissee Weatherburn,314 Briar Crest Crossing,35810,AL,kweatherburndd@yahoo.com
483,Cosetta Heijne,81617 Hansons Avenue,66112,KS,cheijnede@java.com
484,Ade Jans,071 Nobel Way,01610,MA,ajansdf@baidu.com
485,Morganne Gomersall,97868 Carberry Parkway,90398,CA,mgomersalldg@ed.gov
486,Sallyanne Wingate,8 Pearson Alley,14639,NY,swingatedh@imdb.com
487,Charlot Seago,8 Eagle Crest Road,10270,NY,cseagodi@sphinn.com
488,Cherry Bamforth,0 Melody Parkway,94132,CA,cbamforthdj@vimeo.com
489,Ring Cubbit,44704 Gina Road,84189,UT,rcubbitdk@eventbrite.com
490,Tess Langshaw,119 Sunnyside Crossing,11355,NY,tlangshawdl@de.vu
491,Mable Wretham,319 Northridge Alley,01654,MA,mwrethamdm@time.com
492,Debor O'Criane,5798 Evergreen Parkway,20010,DC,docrianedn@lycos.com
493,Consalve Dummett,903 Tony Park,50305,IA,cdummettdo@lulu.com
494,Bordy Clawson,816 Menomonie Plaza,94705,CA,bclawsondp@issuu.com
495,Jedidiah Raisher,8060 Gulseth Center,40220,KY,jraisherdq@meetup.com
496,Zea Norris,585 Gulseth Plaza,13217,NY,znorrisdr@yellowpages.com
497,Olympe Szach,37149 Upham Road,33961,FL,oszachds@bandcamp.com
498,Lauren Balke,53 Meadow Valley Crossing,27710,NC,lbalkedt@accuweather.com
499,Carmita Melbury,313 Sheridan Street,30343,GA,cmelburydu@multiply.com
500,Meir Bougen,935 Mayfield Plaza,20244,DC,mbougendv@hc360.com
501,Julina Carlson,1118 Westend Trail,01905,MA,jcarlsondw@squarespace.com
502,Pennie Jurca,470 Mifflin Park,84130,UT,pjurcadx@wunderground.com
503,Brigida Schulze,3923 Holmberg Point,27705,NC,bschulzedy@imgur.com
504,Amble Gaughan,86884 Bobwhite Court,91499,CA,agaughandz@ftc.gov
505,Fran MacAiline,86 Drewry Place,79705,TX,fmacailinee0@yandex.ru
506,Hildagard Gambell,5522 Judy Park,27409,NC,hgambelle1@163.com
507,Wilie Girault,234 Messerschmidt Crossing,30306,GA,wgiraulte2@rambler.ru
508,Jack Borrowman,63 Drewry Trail,60609,IL,jborrowmane3@irs.gov
509,Hinze Nugent,5 Heffernan Court,57188,SD,hnugente4@deliciousdays.com
510,Rosemarie Kleinert,6984 Autumn Leaf Place,33336,FL,rkleinerte5@boston.com
511,Shannan Martini,9222 Michigan Place,91499,CA,smartinie6@google.fr
512,Barbey McCrow,3 Kings Lane,37250,TN,bmccrowe7@list-manage.com
513,Sheffie Mickleburgh,91 Victoria Street,19714,DE,smickleburghe8@goo.ne.jp
514,Maudie Tordoff,3 Huxley Parkway,78682,TX,mtordoffe9@multiply.com
515,Calla Birch,7805 Maple Wood Parkway,91411,CA,cbirchea@cloudflare.com
516,Sheryl Greggs,01 Hazelcrest Street,80930,CO,sgreggseb@bizjournals.com
517,Cirstoforo Brezlaw,6106 Village Trail,76110,TX,cbrezlawec@wufoo.com
518,Minnnie Kissack,14726 Fisk Hill,63131,MO,mkissacked@addthis.com
519,Erinn Leahy,22 Hovde Pass,10115,NY,eleahyee@myspace.com
520,Shawn Eadmeads,743 Sunfield Trail,90015,CA,seadmeadsef@blinklist.com
521,Jamesy Daish,3 Quincy Plaza,45020,OH,jdaisheg@fotki.com
522,Teresita Schoffler,9133 Village Green Parkway,48550,MI,tschofflereh@canalblog.com
523,Leoine Revington,74983 Garrison Lane,68524,NE,lrevingtonei@diigo.com
524,Shane Surgison,76686 Meadow Valley Drive,75710,TX,ssurgisonej@guardian.co.uk
525,Mitchell Goldsworthy,5780 Loftsgordon Trail,23514,VA,mgoldsworthyek@goo.gl
526,Benito Whicher,90 Mayfield Junction,63143,MO,bwhicherel@typepad.com
527,Terry Butt,6565 Novick Alley,29424,SC,tbuttem@networksolutions.com
528,Kim MacQuarrie,7 Briar Crest Park,78783,TX,kmacquarrieen@godaddy.com
529,Gillie Zylbermann,023 Miller Pass,27499,NC,gzylbermanneo@cafepress.com
530,Cassaundra Swett,03 Village Green Point,84199,UT,cswettep@imdb.com
531,Marleen Matthewson,25804 Everett Park,55579,MN,mmatthewsoneq@jalbum.net
532,Karoly Domone,10 Loftsgordon Junction,75185,TX,kdomoneer@accuweather.com
533,Stanly Rothwell,83912 Judy Court,92878,CA,srothwelles@uol.com.br
534,Mavis Winfrey,09 Fallview Hill,94142,CA,mwinfreyet@stanford.edu
535,Ilyssa Gruby,3 Menomonie Pass,74193,OK,igrubyeu@apple.com
536,Rosalinda Mahaddie,094 Porter Court,53779,WI,rmahaddieev@dagondesign.com
537,Nils Heis,57820 Westerfield Parkway,78789,TX,nheisew@tuttocitta.it
538,Pavla Armstrong,62158 Gulseth Court,74141,OK,parmstrongex@sciencedaily.com
539,Anson Darke,58 Sullivan Center,70165,LA,adarkeey@gizmodo.com
540,Courtnay Gillam,0375 Rockefeller Crossing,20508,DC,cgillamez@buzzfeed.com
541,Ben Sedge,6 Commercial Alley,76147,TX,bsedgef0@sun.com
542,Olimpia Dumigan,81915 Fisk Pass,34643,FL,odumiganf1@gmpg.org
543,Clair Aldhouse,94219 Truax Place,76210,TX,caldhousef2@google.com
544,Rudd Gebhardt,9 Kinsman Drive,95828,CA,rgebhardtf3@oakley.com
545,Vite Merrison,3693 Corben Avenue,12237,NY,vmerrisonf4@admin.ch
546,Olia Neville,217 Shopko Circle,35815,AL,onevillef5@ebay.co.uk
547,Selene Sammars,8 Mifflin Point,06145,CT,ssammarsf6@hatena.ne.jp
548,Eberhard O'Nowlan,6901 Burning Wood Point,76198,TX,eonowlanf7@newsvine.com
549,Kippar Rothon,44138 Mayer Drive,85099,AZ,krothonf8@va.gov
550,Sada Pagnin,17 Marquette Place,94147,CA,spagninf9@howstuffworks.com
551,Vassili Perrygo,60 Gateway Way,19120,PA,vperrygofa@topsy.com
552,Kermit Cutress,70118 Eggendart Hill,90094,CA,kcutressfb@printfriendly.com
553,Birgit Handrick,12401 Kensington Center,74149,OK,bhandrickfc@about.com
554,Rachel Topp,94764 Tony Avenue,10125,NY,rtoppfd@gov.uk
555,Branden Redler,848 Buhler Center,77713,TX,bredlerfe@360.cn
556,Wilden Duffree,8 8th Circle,30392,GA,wduffreeff@pinterest.com
557,Pattie Inworth,94224 Swallow Lane,33625,FL,pinworthfg@pbs.org
558,Gordy Haquin,9923 Sunnyside Park,96835,HI,ghaquinfh@com.com
559,Randa Hoyles,79 Green Ridge Alley,77260,TX,rhoylesfi@fda.gov
560,Annalee Merdew,072 Sloan Parkway,32868,FL,amerdewfj@who.int
561,Sandy Ruttgers,403 Ridgeway Place,75277,TX,sruttgersfk@npr.org
562,Vicky Whitney,11316 Golf Course Pass,73142,OK,vwhitneyfl@dion.ne.jp
563,Pammie Mitcham,1830 Gateway Parkway,11247,NY,pmitchamfm@networksolutions.com
564,Manya Dungey,93908 Sunfield Place,45419,OH,mdungeyfn@ed.gov
565,Melinda Wonter,58 Mockingbird Hill,92105,CA,mwonterfo@liveinternet.ru
566,Lucky Gulley,00 Montana Street,97286,OR,lgulleyfp@godaddy.com
567,Stanford Gambles,272 Wayridge Pass,78759,TX,sgamblesfq@amazon.co.uk
568,Haywood Forrest,4 Southridge Plaza,98166,WA,hforrestfr@domainmarket.com
569,Julio Chezier,48234 Beilfuss Alley,32825,FL,jchezierfs@kickstarter.com
570,Dallon Harcase,82 East Drive,92862,CA,dharcaseft@amazon.co.jp
571,Jacynth Durston,4674 Monterey Lane,62205,IL,jdurstonfu@ifeng.com
572,Hanna Rousel,6 Quincy Park,92127,CA,hrouselfv@earthlink.net
573,Tanny Parades,92 Fordem Park,55458,MN,tparadesfw@google.fr
574,Horacio Jerrom,176 Lukken Place,92883,CA,hjerromfx@ovh.net
575,Micki Flipek,13 Leroy Road,92862,CA,mflipekfy@trellian.com
576,Lisa McKeefry,079 Dawn Road,68510,NE,lmckeefryfz@ed.gov
577,Derron Ashford,19257 Sloan Drive,43231,OH,dashfordg0@pagesperso-orange.fr
578,Christian Beauly,37005 Annamark Trail,60646,IL,cbeaulyg1@time.com
579,June Moisey,9695 Cottonwood Court,20036,DC,jmoiseyg2@zdnet.com
580,Antoinette Botger,14 Burning Wood Drive,89595,NV,abotgerg3@sphinn.com
581,Cookie Kuhlen,7329 Marcy Avenue,75074,TX,ckuhleng4@exblog.jp
582,Reinhard Martensen,77533 Stone Corner Court,85072,AZ,rmartenseng5@cornell.edu
583,Nikola Brougham,5 Redwing Circle,98464,WA,nbroughamg6@deviantart.com
584,Cherry Hollibone,97 Fordem Trail,88530,TX,cholliboneg7@google.es
585,Loella Siney,79 Express Way,73109,OK,lsineyg8@printfriendly.com
586,Merl Salmoni,603 Mockingbird Center,57198,SD,msalmonig9@wisc.edu
587,Nancee Robb,2294 North Parkway,11480,NY,nrobbga@issuu.com
588,Pier Kroger,9563 Morrow Road,77090,TX,pkrogergb@tmall.com
589,Torrey Churchman,6565 Colorado Road,38114,TN,tchurchmangc@dmoz.org
590,Kiersten Cotta,9 Eliot Court,96154,CA,kcottagd@symantec.com
591,Alonso Forrestor,2627 Emmet Avenue,28230,NC,aforrestorge@ow.ly
592,Guglielma Spurr,298 Monterey Crossing,33742,FL,gspurrgf@godaddy.com
593,Steffi Vinecombe,518 Dexter Lane,33013,FL,svinecombegg@guardian.co.uk
594,Kennan Whetton,219 Bonner Street,34276,FL,kwhettongh@hao123.com
595,Berny Tander,169 Kensington Way,94042,CA,btandergi@wix.com
596,Wendell Meeny,2367 Gerald Lane,90081,CA,wmeenygj@baidu.com
597,Burl Depke,0 Golden Leaf Drive,19146,PA,bdepkegk@github.com
598,Lyda Tatam,88885 Dovetail Road,13217,NY,ltatamgl@mapy.cz
599,Fulton Ohrt,7 Corscot Junction,55123,MN,fohrtgm@uiuc.edu
600,Shepherd Guidotti,20 7th Point,88584,TX,sguidottign@blogtalkradio.com
601,Dougy Lude,8849 Crownhardt Parkway,38188,TN,dludego@xrea.com
602,Taryn Drowsfield,40660 Vera Way,30911,GA,tdrowsfieldgp@geocities.jp
603,Perry Widdowes,65748 Mitchell Alley,92710,CA,pwiddowesgq@people.com.cn
604,Friedrich Lampaert,96 Sauthoff Lane,33963,FL,flampaertgr@redcross.org
605,Margalit Evreux,0325 Scott Trail,45238,OH,mevreuxgs@acquirethisname.com
606,Bernie Firpo,94 David Street,24029,VA,bfirpogt@google.co.uk
607,Benji Putley,1 Muir Way,77388,TX,bputleygu@illinois.edu
608,Osgood Brilon,5 Everett Plaza,95298,CA,obrilongv@loc.gov
609,Jehu Stoves,41881 Comanche Way,32405,FL,jstovesgw@google.com.br
610,Tuckie Sketch,981 Buena Vista Hill,19109,PA,tsketchgx@cisco.com
611,Hedvig Donnelly,1014 Nova Point,98148,WA,hdonnellygy@blinklist.com
612,Othella Lippatt,282 Jenna Court,28314,NC,olippattgz@purevolume.com
613,Doralynne Pottery,766 Marquette Circle,90071,CA,dpotteryh0@jimdo.com
614,Averell Slowly,98603 Jenifer Street,24009,VA,aslowlyh1@joomla.org
615,Tabbie Meneely,1436 Victoria Hill,77705,TX,tmeneelyh2@studiopress.com
616,Shelli Koubu,8 Sunbrook Trail,85067,AZ,skoubuh3@marriott.com
617,Julie Deroche,42 Hanson Point,95133,CA,jderocheh4@amazon.co.uk
618,Addy Hugonet,3458 Pepper Wood Alley,80241,CO,ahugoneth5@stanford.edu
619,Charita Strangeways,76 Killdeer Center,77245,TX,cstrangewaysh6@freewebs.com
620,Kenneth Broadfoot,365 Welch Lane,52245,IA,kbroadfooth7@uol.com.br
621,Melli Sanchez,575 Larry Court,27621,NC,msanchezh8@paypal.com
622,Virgil Creaven,1386 Gale Lane,32277,FL,vcreavenh9@eventbrite.com
623,Kasper Bartolomeu,93 Rockefeller Plaza,48076,MI,kbartolomeuha@mac.com
624,Elwood Rottery,8 Waxwing Pass,11436,NY,erotteryhb@domainmarket.com
625,Yehudi Crockley,05 Mifflin Crossing,85255,AZ,ycrockleyhc@about.me
626,Elli Casillas,78315 Northridge Plaza,30245,GA,ecasillashd@yahoo.co.jp
627,Meaghan Brame,1380 6th Street,33134,FL,mbramehe@sourceforge.net
628,Neille Housegoe,73 Springs Way,67230,KS,nhousegoehf@ebay.com
629,Lamont Barnsdale,73226 Oak Valley Circle,02472,MA,lbarnsdalehg@godaddy.com
630,Wash Hughman,2093 David Crossing,55407,MN,whughmanhh@parallels.com
631,Michaella Lloyd,44425 Carioca Crossing,10705,NY,mlloydhi@sogou.com
632,Verine Ferrone,9 Rutledge Center,67220,KS,vferronehj@imdb.com
633,Waneta Phythien,76385 Daystar Hill,89550,NV,wphythienhk@theatlantic.com
634,Valera Maultby,0 Talisman Pass,38188,TN,vmaultbyhl@google.it
635,Keely Gibbe,3314 Donald Drive,78783,TX,kgibbehm@mediafire.com
636,Meier Dumbellow,5911 Hazelcrest Way,46614,IN,mdumbellowhn@google.ca
637,Ulises Middiff,224 Ohio Trail,38168,TN,umiddiffho@topsy.com
638,Tomi Passingham,7838 Maywood Hill,81005,CO,tpassinghamhp@fema.gov
639,Robbert Crust,95 Miller Hill,06127,CT,rcrusthq@marketwatch.com
640,Siusan Peskin,328 Cottonwood Court,68124,NE,speskinhr@ucoz.com
641,Jaclin Mordaunt,38872 Porter Point,50320,IA,jmordaunths@addthis.com
642,Clay Bolesworth,467 Bunker Hill Alley,47905,IN,cbolesworthht@mediafire.com
643,Abbie Jonuzi,654 Anthes Point,33310,FL,ajonuzihu@soundcloud.com
644,Bonnibelle Janicki,71324 Morningstar Hill,71130,LA,bjanickihv@123-reg.co.uk
645,Carmine Kloster,46 Miller Point,14646,NY,cklosterhw@cbslocal.com
646,Rosanna Ciric,1 Claremont Place,98481,WA,rcirichx@hhs.gov
647,Barthel Benian,315 Bunker Hill Junction,36177,AL,bbenianhy@npr.org
648,Jemmy Kynforth,13 Cardinal Alley,31132,GA,jkynforthhz@mac.com
649,Catarina Nutley,2 Commercial Court,75241,TX,cnutleyi0@ftc.gov
650,Ermina Hartles,4 Little Fleur Point,33710,FL,ehartlesi1@reverbnation.com
651,Nikolaus Pantin,34 Butterfield Parkway,61709,IL,npantini2@4shared.com
652,Elvira Brain,8 Dayton Street,77806,TX,ebraini3@bbb.org
653,Ondrea Snellman,155 Knutson Crossing,21239,MD,osnellmani4@storify.com
654,Cherry Town,36023 Hallows Pass,90840,CA,ctowni5@prlog.org
655,Vinson Wyman,91 Main Trail,53710,WI,vwymani6@amazon.co.uk
656,Ruthy Hoggan,63 Miller Lane,97211,OR,rhoggani7@comsenz.com
657,Alidia Faire,3 Gale Lane,56944,DC,afairei8@arizona.edu
658,Winnah Ruffy,91829 Monica Alley,78410,TX,wruffyi9@blogspot.com
659,Michel Sparling,55350 Basil Drive,78235,TX,msparlingia@abc.net.au
660,Keri Fouracre,4 West Court,31914,GA,kfouracreib@ning.com
661,Titos Blonden,7 South Road,06912,CT,tblondenic@theguardian.com
662,Heindrick Helliar,3 Ilene Pass,20036,DC,hhelliarid@umn.edu
663,Tanhya Brearley,31 Manitowish Trail,66622,KS,tbrearleyie@blogtalkradio.com
664,Shane Skillett,2335 Annamark Circle,77386,TX,sskillettif@theglobeandmail.com
665,Germain Orhtmann,7400 Westerfield Park,21281,MD,gorhtmannig@imdb.com
666,Catlee Tomeo,464 Erie Trail,98405,WA,ctomeoih@linkedin.com
667,Ashely Pilsbury,220 Ramsey Point,55448,MN,apilsburyii@jugem.jp
668,Erl Isham,7845 New Castle Parkway,45213,OH,eishamij@1688.com
669,Terri Fakeley,188 Blaine Drive,19178,PA,tfakeleyik@mtv.com
670,Quinlan Watkins,12919 Welch Road,10160,NY,qwatkinsil@bloomberg.com
671,Ilse Bascomb,94 Summerview Plaza,25336,WV,ibascombim@cam.ac.uk
672,Ash Madre,263 Tony Court,94132,CA,amadrein@discovery.com
673,Pen Pickton,7226 Kipling Pass,94257,CA,ppicktonio@gravatar.com
674,Sholom Note,2519 Mayfield Alley,11236,NY,snoteip@narod.ru
675,Jillayne Durtnal,69 Colorado Street,10125,NY,jdurtnaliq@washingtonpost.com
676,Nickola Aspy,3 Merchant Avenue,19191,PA,naspyir@ustream.tv
677,Konstantine Coulthart,36 Gina Pass,92170,CA,kcoulthartis@ucsd.edu
678,Kean Osmund,16033 Columbus Plaza,83727,ID,kosmundit@domainmarket.com
679,Corbett Sunnex,91699 Truax Hill,15220,PA,csunnexiu@over-blog.com
680,Norry Hallwood,7 Green Crossing,91520,CA,nhallwoodiv@cam.ac.uk
681,Celestina Shortt,7 Buhler Court,62794,IL,cshorttiw@freewebs.com
682,Nicola Gianulli,25689 Haas Trail,30343,GA,ngianulliix@odnoklassniki.ru
683,Pietra Maidstone,8 Alpine Place,80015,CO,pmaidstoneiy@webs.com
684,Lorie Messent,0518 Sycamore Way,78475,TX,lmessentiz@squidoo.com
685,Carmela Houdhury,48805 Oak Avenue,94257,CA,choudhuryj0@utexas.edu
686,Cathryn Cruess,792 Sommers Alley,94544,CA,ccruessj1@multiply.com
687,Haleigh Ollivier,608 Dennis Junction,22903,VA,hollivierj2@freewebs.com
688,Zach Soal,1246 International Trail,93726,CA,zsoalj3@typepad.com
689,Fionna Giller,4 Scott Parkway,72222,AR,fgillerj4@upenn.edu
690,Josefa Itzkovici,5835 Lakewood Lane,30061,GA,jitzkovicij5@parallels.com
691,Krista Micheau,74238 Darwin Point,30089,GA,kmicheauj6@ox.ac.uk
692,Risa Withull,312 Bunting Hill,37220,TN,rwithullj7@cdbaby.com
693,Sammy Libbe,6163 Tennyson Point,90040,CA,slibbej8@google.com.au
694,Joan Newcomb,0 Beilfuss Terrace,89074,NV,jnewcombj9@google.com.br
695,Arabela Waterworth,34 Saint Paul Pass,64125,MO,awaterworthja@hhs.gov
696,Alma Sheara,374 Vahlen Pass,36134,AL,ashearajb@myspace.com
697,Constantin Brikner,66525 Lien Avenue,94975,CA,cbriknerjc@shop-pro.jp
698,Clyde Livezey,766 Grasskamp Alley,27409,NC,clivezeyjd@simplemachines.org
699,Betty Bann,269 Glendale Crossing,79405,TX,bbannje@wufoo.com
700,Eba Gierck,4 Oxford Lane,11355,NY,egierckjf@businessinsider.com
701,Urbanus Gregorin,3 Heath Road,77240,TX,ugregorinjg@weebly.com
702,Crystie Obee,07 Eggendart Court,11024,NY,cobeejh@meetup.com
703,Orin Birbeck,9 Ridgeway Avenue,31704,GA,obirbeckji@google.com.br
704,Patience Beat,833 Prairie Rose Point,36134,AL,pbeatjj@buzzfeed.com
705,Jonis Empson,68 Oneill Road,40591,KY,jempsonjk@xinhuanet.com
706,Melantha Stotherfield,499 Banding Point,92835,CA,mstotherfieldjl@yahoo.co.jp
707,Stanly Dresche,17176 Autumn Leaf Junction,23705,VA,sdreschejm@e-recht24.de
708,Chelsie Adlard,918 Melrose Court,75265,TX,cadlardjn@arizona.edu
709,Kimberley Shawell,49740 Larry Hill,20051,DC,kshawelljo@businessweek.com
710,Theodor MacGovern,160 Cascade Lane,80945,CO,tmacgovernjp@freewebs.com
711,Wendall Caspell,22718 Jenifer Drive,55436,MN,wcaspelljq@pbs.org
712,Bartholomeus Redgrave,22 Helena Road,92705,CA,bredgravejr@omniture.com
713,Olivette Bartolijn,0170 Vermont Drive,98121,WA,obartolijnjs@phoca.cz
714,Abagael Buzzing,9 Washington Center,15230,PA,abuzzingjt@phpbb.com
715,Jaine Turrell,8 Brentwood Street,93704,CA,jturrellju@geocities.jp
716,Leonidas Mawne,49852 Browning Street,62525,IL,lmawnejv@xing.com
717,Jewel St Quenin,3711 Pierstorff Crossing,33261,FL,jstjw@nih.gov
718,Grethel Goold,91 Manitowish Crossing,71161,LA,ggooldjx@github.io
719,Renate Cicutto,52887 Paget Court,59112,MT,rcicuttojy@youku.com
720,Calida Extal,62175 Washington Way,49006,MI,cextaljz@reuters.com
721,Rickie McOnie,598 Autumn Leaf Street,19146,PA,rmconiek0@yellowbook.com
722,Querida Berrisford,8 Almo Plaza,26505,WV,qberrisfordk1@sourceforge.net
723,Murielle Arnowitz,9329 Crownhardt Court,85311,AZ,marnowitzk2@about.com
724,Felicia Ventris,99 Eliot Center,77212,TX,fventrisk3@microsoft.com
725,Earle Beveridge,6540 Dixon Terrace,13224,NY,ebeveridgek4@storify.com
726,Dre Longthorn,7616 Manitowish Way,23520,VA,dlongthornk5@de.vu
727,Mina Sekulla,76 Mendota Lane,43204,OH,msekullak6@china.com.cn
728,Hephzibah Gatteridge,494 Pawling Crossing,02405,MA,hgatteridgek7@webeden.co.uk
729,Marcellina Monkhouse,213 Sunnyside Avenue,14614,NY,mmonkhousek8@wikispaces.com
730,Shellie Pydcock,681 Sycamore Drive,68505,NE,spydcockk9@youku.com
731,Michal Karadzas,71 Nova Court,30066,GA,mkaradzaska@mac.com
732,Ara Robeson,34866 Brentwood Parkway,84125,UT,arobesonkb@infoseek.co.jp
733,Merilee Hynd,00951 Anthes Trail,35242,AL,mhyndkc@gravatar.com
734,Norby Grumley,2 Northfield Pass,30340,GA,ngrumleykd@cisco.com
735,Pammi Ovill,1 Swallow Drive,45432,OH,povillke@noaa.gov
736,Marj Gillespey,605 Division Park,20784,MD,mgillespeykf@dion.ne.jp
737,Andrea Castaner,2111 Walton Street,78475,TX,acastanerkg@wp.com
738,Jecho Hothersall,112 Westridge Park,10099,NY,jhothersallkh@state.gov
739,Abra Cheves,82680 Portage Point,47134,IN,acheveski@bigcartel.com
740,Cordi Girone,1075 Walton Crossing,37939,TN,cgironekj@irs.gov
741,Renata Rengger,2569 Fallview Drive,75037,TX,rrenggerkk@hubpages.com
742,Nickola Collett,1 Shasta Lane,63104,MO,ncollettkl@engadget.com
743,Cynthea Catterell,5 Old Shore Park,35205,AL,ccatterellkm@opera.com
744,Gwyn Eshmade,226 Carberry Street,27150,NC,geshmadekn@go.com
745,Luce Erridge,8826 Troy Drive,94121,CA,lerridgeko@shareasale.com
746,Bertine Hodge,0 Vernon Center,33034,FL,bhodgekp@washingtonpost.com
747,Latrena McCarrison,6 7th Trail,92805,CA,lmccarrisonkq@blog.com
748,Robbie Anelay,53 Sommers Parkway,15266,PA,ranelaykr@discuz.net
749,Riley Brunke,79 Waywood Pass,23225,VA,rbrunkeks@soup.io
750,Eugene Trumble,03188 Schlimgen Crossing,79984,TX,etrumblekt@creativecommons.org
751,Egan Nana,48 Parkside Pass,37240,TN,enanaku@barnesandnoble.com
752,Keenan Ledgard,130 Oak Parkway,47705,IN,kledgardkv@liveinternet.ru
753,Ebonee Dell Casa,2639 Dixon Lane,44710,OH,edellkw@wsj.com
754,Sibby Hamblen,360 Namekagon Center,34611,FL,shamblenkx@edublogs.org
755,Trev Rhodus,605 Scofield Terrace,52809,IA,trhodusky@list-manage.com
756,Norman Kohnert,166 Bluestem Crossing,45213,OH,nkohnertkz@gizmodo.com
757,Anet Seamons,869 Springs Road,12325,NY,aseamonsl0@bloomberg.com
758,Trey Kollasch,019 Bluestem Road,20591,DC,tkollaschl1@gov.uk
759,Raphaela Hauxley,6 Westend Pass,70894,LA,rhauxleyl2@dyndns.org
760,Carlynne Brownsill,7 Commercial Terrace,12305,NY,cbrownsilll3@soundcloud.com
761,Everard Casterot,00 Starling Pass,91205,CA,ecasterotl4@cbslocal.com
762,Chrissy Brandts,00562 Holy Cross Plaza,68505,NE,cbrandtsl5@apache.org
763,Reggie Glencrash,13201 Atwood Junction,53726,WI,rglencrashl6@163.com
764,Ynez Laviste,7732 Spohn Place,94169,CA,ylavistel7@amazon.co.uk
765,Blakeley Spaunton,571 Northwestern Pass,89595,NV,bspauntonl8@state.tx.us
766,Gabriella Sissens,0 Sycamore Junction,10260,NY,gsissensl9@virginia.edu
767,Giff Wank,1489 Springview Park,78296,TX,gwankla@google.fr
768,Colet Burnsall,5503 Clarendon Pass,21216,MD,cburnsalllb@berkeley.edu
769,Enriqueta Lummasana,7956 Dayton Pass,90410,CA,elummasanalc@berkeley.edu
770,Melisent O' Mulderrig,36 Westport Lane,99599,AK,mold@yellowbook.com
771,Nananne Maffetti,2 Pearson Terrace,85705,AZ,nmaffettile@fastcompany.com
772,Tommie Niblo,05 Fremont Avenue,46231,IN,tniblolf@google.com.br
773,Culver Murtimer,149 Kropf Park,10464,NY,cmurtimerlg@live.com
774,Lezley Heibl,469 Linden Way,93591,CA,lheibllh@hhs.gov
775,Umeko Sturton,2 Marcy Avenue,01152,MA,usturtonli@mac.com
776,Dorrie Harlin,490 David Hill,35279,AL,dharlinlj@bing.com
777,Kellby Le Galle,61 Mitchell Park,43605,OH,klelk@nsw.gov.au
778,Balduin Jeremaes,14140 Killdeer Court,79116,TX,bjeremaesll@ning.com
779,Drucie Gourlay,70876 Milwaukee Pass,10203,NY,dgourlaylm@goo.gl
780,Phelia Twiddy,494 Hanson Street,46207,IN,ptwiddyln@netvibes.com
781,Nathanil Henderson,628 Ridge Oak Pass,92825,CA,nhendersonlo@google.it
782,Goldi Sever,28 Kensington Drive,14276,NY,gseverlp@fc2.com
783,Serge Hourihan,0724 Forster Park,15286,PA,shourihanlq@w3.org
784,Rozamond Graser,420 Veith Drive,07208,NJ,rgraserlr@yolasite.com
785,Elspeth Glitherow,156 Summerview Road,46254,IN,eglitherowls@theatlantic.com
786,Lani Grierson,8 Hazelcrest Road,33134,FL,lgriersonlt@thetimes.co.uk
787,Lockwood Wonfar,094 Washington Street,80328,CO,lwonfarlu@dion.ne.jp
788,Gavra Kubalek,4104 Kingsford Circle,11355,NY,gkubaleklv@cbslocal.com
789,Sherlocke Ferriby,6849 Esch Junction,19104,PA,sferribylw@ucoz.ru
790,Gawain Nicol,08607 Swallow Park,64082,MO,gnicollx@auda.org.au
791,Gunilla McCarroll,03617 Florence Plaza,38131,TN,gmccarrollly@businesswire.com
792,Lorilee Pirkis,981 Twin Pines Avenue,77080,TX,lpirkislz@hao123.com
793,Zonnya Smyley,91 Maple Wood Trail,15205,PA,zsmyleym0@free.fr
794,Saree Corton,08 Bartillon Crossing,95194,CA,scortonm1@myspace.com
795,Lucian Calkin,769 Northwestern Trail,55905,MN,lcalkinm2@mashable.com
796,Cheston Roseman,6 Emmet Lane,20041,DC,crosemanm3@usnews.com
797,Priscilla de Chastelain,6199 Fairfield Plaza,61825,IL,pdem4@netvibes.com
798,Joy Deerness,0 Arrowood Plaza,46015,IN,jdeernessm5@addtoany.com
799,Grier Valentine,702 Buena Vista Hill,63143,MO,gvalentinem6@huffingtonpost.com
800,Romola McCorkindale,1874 Orin Court,36605,AL,rmccorkindalem7@yandex.ru
801,Michaelina Bowdidge,3525 Eastlawn Junction,61110,IL,mbowdidgem8@xinhuanet.com
802,Ronna Ebbett,762 Harbort Alley,20503,DC,rebbettm9@tmall.com
803,Patsy Bendle,65561 Westerfield Court,27404,NC,pbendlema@ca.gov
804,Nil Forson,944 Commercial Center,45490,OH,nforsonmb@admin.ch
805,Munmro Dumbelton,08672 Veith Circle,10165,NY,mdumbeltonmc@auda.org.au
806,Barnabas Sandercroft,231 Division Hill,80270,CO,bsandercroftmd@economist.com
807,Lindy Berthel,8094 Grover Way,92878,CA,lberthelme@merriam-webster.com
808,Jojo Baggally,63197 Lunder Plaza,77080,TX,jbaggallymf@github.io
809,Lotte Pierson,576 Commercial Crossing,40298,KY,lpiersonmg@cnet.com
810,Sioux Sherlaw,04 Anzinger Drive,32220,FL,ssherlawmh@so-net.ne.jp
811,Zaria Laverack,4221 East Lane,14220,NY,zlaverackmi@dion.ne.jp
812,Jud Adelberg,7 Kings Park,32964,FL,jadelbergmj@feedburner.com
813,Madalena Wraighte,3337 Porter Terrace,48604,MI,mwraightemk@feedburner.com
814,Reginald McDuffie,30367 Golf Crossing,47306,IN,rmcduffieml@cyberchimps.com
815,Tymothy Heddan,4 Ramsey Point,12205,NY,theddanmm@ftc.gov
816,Aubree Fist,577 Mayer Way,80925,CO,afistmn@spotify.com
817,Mollee Rzehor,5 Bartelt Terrace,25331,WV,mrzehormo@360.cn
818,Joelie Jimeno,62000 Sugar Alley,78260,TX,jjimenomp@microsoft.com
819,Jerrie Pinch,0 Westport Court,80920,CO,jpinchmq@so-net.ne.jp
820,Devlen Prince,62748 Homewood Plaza,32405,FL,dprincemr@addthis.com
821,Norene Gellier,32290 Kedzie Parkway,85737,AZ,ngellierms@nih.gov
822,Xavier Wiskar,5 Kenwood Pass,76110,TX,xwiskarmt@weather.com
823,Alberik Neeson,5 Sycamore Drive,27499,NC,aneesonmu@meetup.com
824,Karita Simoneton,58079 Prairie Rose Lane,60604,IL,ksimonetonmv@alexa.com
825,Donielle Bennitt,11 Merrick Lane,70174,LA,dbennittmw@cnet.com
826,Simone McGinnell,804 Westend Point,20530,DC,smcginnellmx@blogger.com
827,Kellie Tissier,767 Sachs Junction,35279,AL,ktissiermy@bing.com
828,Robin Laville,41 Waxwing Point,80270,CO,rlavillemz@aboutads.info
829,Petronella Humbey,03984 Bartillon Court,23242,VA,phumbeyn0@princeton.edu
830,Michaeline Venediktov,7105 Lien Road,34108,FL,mvenediktovn1@hao123.com
831,Dav Josefsson,95 Maple Road,37250,TN,djosefssonn2@go.com
832,Gustavus Milnes,15 Northfield Avenue,20709,MD,gmilnesn3@hatena.ne.jp
833,Ephrem Scheffel,45 Springs Crossing,35263,AL,escheffeln4@dailymail.co.uk
834,Harmon MacCafferty,68 Melrose Plaza,95160,CA,hmaccaffertyn5@unicef.org
835,Queenie Arundel,47156 Jana Pass,98109,WA,qarundeln6@sakura.ne.jp
836,Marylinda Paver,76601 Sutteridge Hill,77060,TX,mpavern7@newyorker.com
837,Hedvig Neate,86 Thackeray Drive,79605,TX,hneaten8@alexa.com
838,Halsy Diter,9 Esch Crossing,29403,SC,hditern9@mashable.com
839,Loria Caltera,1551 Mockingbird Way,27404,NC,lcalterana@apache.org
840,Donna Hoodlass,73 Maple Parkway,46015,IN,dhoodlassnb@miitbeian.gov.cn
841,Hortensia Byne,147 Michigan Drive,38109,TN,hbynenc@ibm.com
842,Reilly Junkison,2 Maple Circle,54305,WI,rjunkisonnd@amazonaws.com
843,Engelbert Crawshay,91757 Mosinee Pass,33625,FL,ecrawshayne@ox.ac.uk
844,Reggie Iffe,58 Scott Crossing,23213,VA,riffenf@blinklist.com
845,Lorenza MacCarlich,2 Rusk Place,70894,LA,lmaccarlichng@prweb.com
846,Nil Calterone,3 Crownhardt Avenue,44393,OH,ncalteronenh@quantcast.com
847,Nicko Purle,3 Dottie Terrace,49518,MI,npurleni@hatena.ne.jp
848,Hayward Fishburn,2 Birchwood Way,79905,TX,hfishburnnj@springer.com
849,Rhodie Stanluck,44 Kingsford Circle,43268,OH,rstanlucknk@noaa.gov
850,Theressa Lindeboom,53 Union Road,76121,TX,tlindeboomnl@cnet.com
851,Woodman Simonson,6 Mariners Cove Terrace,40266,KY,wsimonsonnm@berkeley.edu
852,Belita Dawkins,0 Golden Leaf Court,10175,NY,bdawkinsnn@sphinn.com
853,Shellie Gillcrist,0964 Golf View Lane,28314,NC,sgillcristno@npr.org
854,Don Daice,32 Hanson Circle,07310,NJ,ddaicenp@slashdot.org
855,Brandtr Gissing,7760 Lindbergh Hill,76129,TX,bgissingnq@tmall.com
856,Forrester Livingstone,4 Marcy Park,94169,CA,flivingstonenr@paypal.com
857,Danna Godon,47134 Ilene Point,77206,TX,dgodonns@mozilla.com
858,Debor Robic,062 Messerschmidt Park,68531,NE,drobicnt@multiply.com
859,Lissi Burdell,1 Spohn Hill,77343,TX,lburdellnu@blogspot.com
860,Tobiah Scowen,282 Memorial Alley,90831,CA,tscowennv@bizjournals.com
861,Andrei Kerslake,740 Norway Maple Center,75210,TX,akerslakenw@dailymail.co.uk
862,Mendie Lowden,4 Hintze Crossing,87115,NM,mlowdennx@ox.ac.uk
863,Sanderson Cannaway,91 Dakota Road,60609,IL,scannawayny@surveymonkey.com
864,Janene McRuvie,73 Pond Road,77095,TX,jmcruvienz@de.vu
865,Nomi Hammor,80779 Oneill Park,94660,CA,nhammoro0@va.gov
866,Val Taylerson,85679 Gerald Court,34210,FL,vtaylersono1@ftc.gov
867,Dyana Eymor,149 Jana Court,75392,TX,deymoro2@hud.gov
868,Jena Tiffin,225 Golf View Circle,50362,IA,jtiffino3@cpanel.net
869,Rosco Sills,23967 Dennis Road,23242,VA,rsillso4@godaddy.com
870,Ebonee Insall,34892 Golf View Crossing,90050,CA,einsallo5@slashdot.org
871,Karita Skynner,77946 Declaration Center,92619,CA,kskynnero6@telegraph.co.uk
872,Dacey Clorley,790 Lien Road,90071,CA,dclorleyo7@walmart.com
873,Yolande Sicha,22864 High Crossing Point,94263,CA,ysichao8@yahoo.co.jp
874,Gradey Braams,37744 Daystar Junction,62756,IL,gbraamso9@who.int
875,Chlo Linham,42 Vera Center,11470,NY,clinhamoa@123-reg.co.uk
876,Aldo Butland,08 Lien Street,95205,CA,abutlandob@hud.gov
877,Naoma Sanders,61776 Schlimgen Place,85284,AZ,nsandersoc@biglobe.ne.jp
878,Mildrid Lightoller,3 Grasskamp Park,53716,WI,mlightollerod@hubpages.com
879,Corly Durban,7435 Acker Terrace,44185,OH,cdurbanoe@unc.edu
880,Micki Huson,99907 Utah Park,75246,TX,mhusonof@goo.ne.jp
881,Ignazio Tweed,17520 Clemons Pass,46406,IN,itweedog@jimdo.com
882,Edlin Tuxill,96826 Westport Road,39236,MS,etuxilloh@java.com
883,Kayla Davsley,381 Moose Alley,06859,CT,kdavsleyoi@shareasale.com
884,Rycca Cuttin,1363 Sullivan Terrace,40205,KY,rcuttinoj@microsoft.com
885,Kalle Dy,34987 Sutteridge Circle,77305,TX,kdyok@livejournal.com
886,Ashil Grolle,2746 Anderson Center,06127,CT,agrolleol@mediafire.com
887,Fernanda Reck,91 Red Cloud Street,20310,DC,freckom@mail.ru
888,Jenn Yerbury,38 Acker Terrace,24048,VA,jyerburyon@gov.uk
889,Teresa Bowles,5683 Rockefeller Lane,99599,AK,tbowlesoo@bigcartel.com
890,Gayleen Keneleyside,24908 Bellgrove Circle,63180,MO,gkeneleysideop@cbc.ca
891,Alexine Lees,354 Karstens Road,55905,MN,aleesoq@google.cn
892,Wilbert Widdicombe,847 Esker Crossing,72118,AR,wwiddicombeor@twitter.com
893,Chet Chezelle,1 Sunfield Place,80525,CO,cchezelleos@imgur.com
894,Ambrosius Emnoney,1006 Thierer Street,62756,IL,aemnoneyot@mysql.com
895,Dayle Whife,12228 Pierstorff Plaza,98464,WA,dwhifeou@tiny.cc
896,Randi Seedman,54 Graceland Drive,70005,LA,rseedmanov@nsw.gov.au
897,Thedric Andrioni,9867 Anzinger Crossing,22313,VA,tandrioniow@creativecommons.org
898,Tarrah Caskie,305 Arkansas Street,80249,CO,tcaskieox@columbia.edu
899,Egbert Kinde,86 Lillian Hill,40524,KY,ekindeoy@symantec.com
900,Tremaine Kiendl,4212 Talmadge Plaza,70154,LA,tkiendloz@youtu.be
901,Jean Leynham,541 Crowley Way,85010,AZ,jleynhamp0@webeden.co.uk
902,Sharyl Hassen,3 Rockefeller Alley,40596,KY,shassenp1@xinhuanet.com
903,Gayel Spinas,1 Ridgeview Avenue,78235,TX,gspinasp2@theatlantic.com
904,Neda Chanders,49 Grasskamp Crossing,76796,TX,nchandersp3@51.la
905,Hill Fluin,6264 Havey Court,14263,NY,hfluinp4@edublogs.org
906,Court Sleicht,05395 Vermont Place,46857,IN,csleichtp5@ftc.gov
907,Riordan Gentreau,1 Ramsey Crossing,78220,TX,rgentreaup6@blogs.com
908,Benton Berry,15 Hallows Plaza,77288,TX,bberryp7@ed.gov
909,Yorke Hegel,760 Dovetail Alley,79916,TX,yhegelp8@geocities.jp
910,Goldia MacCostigan,11 Pond Drive,16534,PA,gmaccostiganp9@tamu.edu
911,Lesly Golda,8 Hayes Center,25721,WV,lgoldapa@github.com
912,Grissel Hargey,00 Welch Avenue,96845,HI,ghargeypb@senate.gov
913,Sioux Waine,3301 Bultman Place,07544,NJ,swainepc@netscape.com
914,Johnny Allery,74498 Golf View Center,72204,AR,jallerypd@vk.com
915,Tiffanie Ayers,4862 Eggendart Junction,10249,NY,tayerspe@comsenz.com
916,Davis Shall,0 Killdeer Place,79405,TX,dshallpf@reuters.com
917,Piotr Insko,61 Jana Avenue,97216,OR,pinskopg@themeforest.net
918,Baryram Spencelayh,13 Cascade Junction,02283,MA,bspencelayhph@stanford.edu
919,Ezechiel Tolley,71 Warner Parkway,58207,ND,etolleypi@oaic.gov.au
920,Winifred Govern,5 7th Parkway,02208,MA,wgovernpj@quantcast.com
921,Kylila Rydings,422 Troy Center,96820,HI,krydingspk@opera.com
922,Morly Shatliff,73466 Main Alley,70616,LA,mshatliffpl@census.gov
923,Mignonne Forster,3242 Mccormick Point,44197,OH,mforsterpm@squidoo.com
924,Page Lapslie,96 Summerview Street,22309,VA,plapsliepn@yandex.ru
925,Amber McBrearty,39999 Longview Pass,02203,MA,amcbreartypo@alibaba.com
926,Annaliese Mateos,2 Buell Trail,90805,CA,amateospp@cdbaby.com
927,Kerry Roache,811 Jenifer Way,20530,DC,kroachepq@gov.uk
928,Benedikt Pierro,797 Hanson Plaza,30245,GA,bpierropr@google.com.br
929,Kenny Swynley,01 Kennedy Trail,75353,TX,kswynleyps@tinypic.com
930,Bartlet Try,3373 Bellgrove Terrace,19093,PA,btrypt@dailymotion.com
931,Kev Temporal,4258 Lotheville Circle,23324,VA,ktemporalpu@boston.com
932,Jarrett Luter,2590 Pepper Wood Court,39216,MS,jluterpv@mozilla.com
933,Braden Ramelet,6401 Schiller Place,95405,CA,brameletpw@ft.com
934,Phil Van der Baaren,93 Shasta Hill,70616,LA,pvanpx@slate.com
935,Ginni Diggle,145 Kropf Junction,91199,CA,gdigglepy@people.com.cn
936,Calvin Chick,3986 Comanche Road,65105,MO,cchickpz@com.com
937,Danielle Divisek,866 Sheridan Pass,30610,GA,ddivisekq0@tripadvisor.com
938,Yardley Titchener,51 Tennyson Hill,85246,AZ,ytitchenerq1@symantec.com
939,Karlie Hakey,154 Elmside Lane,28289,NC,khakeyq2@ycombinator.com
940,Janela Wellsman,08 Meadow Ridge Point,33018,FL,jwellsmanq3@hatena.ne.jp
941,Frederigo Pickthorne,7074 Sundown Road,55166,MN,fpickthorneq4@addthis.com
942,Nobe Pieroni,6 Prairieview Point,77388,TX,npieroniq5@blogspot.com
943,Camala Attewill,8670 Carpenter Center,33961,FL,cattewillq6@marketwatch.com
944,Quintana Pickerell,62808 6th Terrace,40745,KY,qpickerellq7@mashable.com
945,Nomi Founds,6 Ludington Plaza,25362,WV,nfoundsq8@bloomberg.com
946,Katrine Coal,05 Westerfield Terrace,73135,OK,kcoalq9@independent.co.uk
947,Ruben Pomroy,5376 Longview Court,20436,DC,rpomroyqa@yandex.ru
948,Sly Coalburn,2 Commercial Way,96154,CA,scoalburnqb@squidoo.com
949,Ruthie Maryet,8714 Twin Pines Lane,10115,NY,rmaryetqc@yolasite.com
950,Issiah Ulyat,78 Kings Park,21211,MD,iulyatqd@amazon.de
951,Fredek Betz,80 Victoria Court,80262,CO,fbetzqe@addtoany.com
952,Kizzie Wibrew,747 Spenser Lane,77206,TX,kwibrewqf@foxnews.com
953,Jelene Scally,12 Buhler Court,75358,TX,jscallyqg@zimbio.com
954,Kayne Gilpin,3 Menomonie Point,87505,NM,kgilpinqh@gmpg.org
955,Darci Armour,0 Grayhawk Terrace,33111,FL,darmourqi@slashdot.org
956,Silvan Fee,16 Ilene Court,12247,NY,sfeeqj@shareasale.com
957,Roland Inggall,0 Westend Court,73104,OK,ringgallqk@oaic.gov.au
958,Bruis Fitt,370 Armistice Junction,76905,TX,bfittql@google.ca
959,Rudyard Wilbud,65 Starling Park,55585,MN,rwilbudqm@joomla.org
960,Granger Orred,4477 Dakota Parkway,47712,IN,gorredqn@constantcontact.com
961,Bernardo Lapsley,1099 Lerdahl Point,93399,CA,blapsleyqo@admin.ch
962,Cherin Dirkin,41874 Carioca Parkway,45218,OH,cdirkinqp@g.co
963,Nedda Wickins,85750 Gateway Crossing,94611,CA,nwickinsqq@usgs.gov
964,Caesar Boseley,107 Mendota Alley,20260,DC,cboseleyqr@sbwire.com
965,Winifield Simnell,12606 Dryden Avenue,99517,AK,wsimnellqs@nationalgeographic.com
966,Sayers Jeakins,019 Elmside Circle,53285,WI,sjeakinsqt@de.vu
967,Phaidra Stoop,19025 Linden Alley,10175,NY,pstoopqu@blogger.com
968,Linea Nisby,03487 Oneill Terrace,55487,MN,lnisbyqv@parallels.com
969,Paloma Shird,9446 Delladonna Point,71137,LA,pshirdqw@geocities.jp
970,Charles Grebert,55 Texas Lane,55446,MN,cgrebertqx@economist.com
971,Laughton Itzik,05929 Rowland Trail,80930,CO,litzikqy@webs.com
972,Marylou Logsdale,7 Jay Drive,83711,ID,mlogsdaleqz@ox.ac.uk
973,Mellicent Kirtland,05 Petterle Avenue,75062,TX,mkirtlandr0@unesco.org
974,Conrad Sturdy,2543 Daystar Way,22047,VA,csturdyr1@uol.com.br
975,Leif Lunck,79 Raven Road,27705,NC,llunckr2@cisco.com
976,Kacey Caverhill,6 Loftsgordon Lane,10469,NY,kcaverhillr3@printfriendly.com
977,Lombard Obee,30109 Kensington Court,15210,PA,lobeer4@buzzfeed.com
978,Tybie Debill,5913 Eastlawn Plaza,60636,IL,tdebillr5@rakuten.co.jp
979,Cher McFadin,41 Manitowish Point,94975,CA,cmcfadinr6@digg.com
980,Jorry Riordan,07020 Service Drive,84110,UT,jriordanr7@elegantthemes.com
981,Caro Folshom,63123 Roxbury Avenue,89519,NV,cfolshomr8@dedecms.com
982,Jud Botha,1 Aberg Hill,30375,GA,jbothar9@reddit.com
983,Zack Cufflin,08 Heath Parkway,46295,IN,zcufflinra@cnn.com
984,Ewan Rushbrook,50 Kinsman Court,35210,AL,erushbrookrb@rakuten.co.jp
985,Dacie Signori,8 Village Drive,77060,TX,dsignorirc@exblog.jp
986,Gigi Kloisner,82068 Sage Trail,93591,CA,gkloisnerrd@indiegogo.com
987,Eachelle Sissons,0885 Kenwood Street,20238,DC,esissonsre@mediafire.com
988,Carolann Pauling,1736 Lukken Street,75037,TX,cpaulingrf@fda.gov
989,Tammy Tippler,53 Mayer Lane,61110,IL,ttipplerrg@xrea.com
990,Kimbra Knill,19 Sullivan Court,85710,AZ,kknillrh@unicef.org
991,Joanne Bubear,714 Shoshone Parkway,22405,VA,jbubearri@tmall.com
992,Ronni Fardy,52342 Valley Edge Drive,45470,OH,rfardyrj@wp.com
993,Modestine Buzin,966 Parkside Trail,35263,AL,mbuzinrk@cloudflare.com
994,Morrie Hebblethwaite,51649 Cambridge Park,39534,MS,mhebblethwaiterl@smh.com.au
995,Abba Culpan,72 Burning Wood Park,11431,NY,aculpanrm@delicious.com
996,Kingston Bossel,5694 Havey Alley,91205,CA,kbosselrn@cornell.edu
997,Dylan Sharrier,14 Tomscot Lane,40233,KY,dsharrierro@wikia.com
998,Jeana Duggon,1218 Thompson Lane,30066,GA,jduggonrp@wp.com
999,Ernesta Leyman,03729 Larry Court,20078,DC,eleymanrq@newyorker.com
1000,Gillian Boulger,838 Grim Junction,46699,IN,gboulgerrr@joomla.org
