id,name,address,zipcode,state,email
1,Gracie Reitenbach,3808 Dexter Drive,95833,CA,greitenbach0@tripod.com
2,Lek Zanioletti,86 School Alley,27455,NC,lzanioletti1@t-online.de
3,Doyle Jery,2 Dixon Park,90310,CA,djery2@flavors.me
4,Oralia Basini-Gazzi,21 Beilfuss Pass,36109,AL,obasinigazzi3@moonfruit.com
5,Britni Boggers,5 Eggendart Pass,20016,DC,bboggers4@washington.edu
6,Annelise Cowle,03890 Browning Park,21216,MD,acowle5@infoseek.co.jp
7,Fayina Bunting,82 Sunbrook Park,33416,FL,fbunting6@arizona.edu
8,Tristam Mathely,4739 Namekagon Circle,20016,DC,tmathely7@cdbaby.com
9,Conchita Mingaud,4 Sundown Plaza,20456,DC,cmingaud8@bbc.co.uk
10,Valma Cyseley,7 Warner Parkway,10110,NY,vcyseley9@chicagotribune.com
11,Chryste Verriour,62 Bunker Hill Place,20057,DC,cverrioura@nature.com
12,Clarence Purkess,2 Sunbrook Place,33023,FL,cpurkessb@irs.gov
13,Zondra Frarey,03955 Village Avenue,29215,SC,zfrareyc@senate.gov
14,Connor Gauchier,9078 Lukken Street,79176,TX,cgauchierd@gmpg.org
15,Chaim Norris,09 Redwing Alley,65810,MO,cnorrise@forbes.com
16,Ediva Bewlie,6 Commercial Park,30245,GA,ebewlief@umich.edu
17,Ring Heditch,6261 Dahle Junction,64082,MO,rheditchg@microsoft.com
18,Alexio Wedon,2820 Myrtle Pass,48206,MI,awedonh@yandex.ru
19,Emmalynn Amyes,03704 Kensington Alley,45414,OH,eamyesi@illinois.edu
20,Marney Linton,93770 Holmberg Terrace,94302,CA,mlintonj@amazon.com
21,Rich Haslegrave,91374 Thompson Crossing,34985,FL,rhaslegravek@abc.net.au
22,Corney Nellis,3 Hallows Avenue,96845,HI,cnellisl@addthis.com
23,Myles Simyson,91 Twin Pines Drive,60641,IL,msimysonm@aol.com
24,Cara Maxworthy,88573 Melby Point,56372,MN,cmaxworthyn@squidoo.com
25,Chandal Fender,76355 Vera Way,89140,NV,cfendero@de.vu
26,Leesa Keddy,686 Calypso Terrace,66112,KS,lkeddyp@goo.gl
27,Christalle Eye,92 Maple Alley,92105,CA,ceyeq@seattletimes.com
28,Myrtle Lohan,5318 Dakota Alley,06922,CT,mlohanr@wiley.com
29,Genvieve Maffiotti,28 Grover Pass,33625,FL,gmaffiottis@wiley.com
30,Bessy Cowlishaw,5772 Nobel Hill,79188,TX,bcowlishawt@thetimes.co.uk
31,Marlena Longcaster,85 Stephen Alley,94622,CA,mlongcasteru@wsj.com
32,Danie Worsalls,127 Schlimgen Parkway,25716,WV,dworsallsv@boston.com
33,Aubrette Lindgren,673 Gale Junction,35815,AL,alindgrenw@canalblog.com
34,Donovan Gulk,83545 Fairview Pass,67260,KS,dgulkx@google.com.br
35,Leandra Elsy,764 Lukken Road,60646,IL,lelsyy@uiuc.edu
36,Ofella Chalcroft,26 Talmadge Crossing,79934,TX,ochalcroftz@state.gov
37,Devy Roddy,60575 Spenser Plaza,48206,MI,droddy10@elegantthemes.com
38,Tomas Popplestone,17950 Sugar Plaza,11241,NY,tpopplestone11@state.tx.us
39,Orin Flexman,5894 Warbler Junction,10150,NY,oflexman12@sfgate.com
40,Bennett Levene,73600 Judy Street,03804,NH,blevene13@so-net.ne.jp
41,Grace Vedenyapin,6708 Ramsey Terrace,98158,WA,gvedenyapin14@va.gov
42,Alic Kirkby,3 Sycamore Junction,31217,GA,akirkby15@ox.ac.uk
43,Herold Knowlys,1066 Stoughton Circle,32505,FL,hknowlys16@ibm.com
44,Catie Hallex,24383 Commercial Center,77271,TX,challex17@4shared.com
45,Georgena Daintry,282 Thompson Center,46896,IN,gdaintry18@xing.com
46,Bernhard Petel,0523 Mallory Street,37245,TN,bpetel19@usda.gov
47,Goraud Laroze,199 Homewood Park,47306,IN,glaroze1a@sina.com.cn
48,Jeremy Fury,79023 Talmadge Place,70160,LA,jfury1b@cbsnews.com
49,Maryann Natt,0544 Grayhawk Alley,80249,CO,mnatt1c@cnet.com
50,Carr Dixie,15104 Packers Street,32118,FL,cdixie1d@lulu.com
51,Linette Seeks,8152 Ramsey Court,90310,CA,lseeks1e@biglobe.ne.jp
52,Dallas Wurst,8 Arizona Crossing,33963,FL,dwurst1f@1688.com
53,Hastie Woodburne,208 Nova Lane,85710,AZ,hwoodburne1g@telegraph.co.uk
54,Monte Tanslie,01 Shopko Street,29403,SC,mtanslie1h@example.com
55,Tierney Chomicz,7542 Summit Lane,33620,FL,tchomicz1i@goodreads.com
56,Dana Bice,021 Warner Park,70174,LA,dbice1j@nps.gov
57,Gerhard Wyse,37 Wayridge Street,98442,WA,gwyse1k@hostgator.com
58,Beulah Bradly,105 Melvin Trail,79934,TX,bbradly1l@fema.gov
59,Tony Langrick,38731 Twin Pines Crossing,92640,CA,tlangrick1m@ning.com
60,Farah Downer,84 Amoth Court,49518,MI,fdowner1n@businessweek.com
61,Jedd Wimpenny,242 Oak Trail,23520,VA,jwimpenny1o@nsw.gov.au
62,Christy McCourt,544 Lake View Parkway,10175,NY,cmccourt1p@fotki.com
63,Urbanus Ruseworth,5 Melrose Way,37665,TN,uruseworth1q@elegantthemes.com
64,Eli Glentworth,152 Clemons Hill,36605,AL,eglentworth1r@wufoo.com
65,Geoffrey Shilleto,5399 Cherokee Road,65898,MO,gshilleto1s@nasa.gov
66,Francisca Basnett,5038 Vermont Point,92812,CA,fbasnett1t@intel.com
67,Max Leishman,070 Schiller Lane,22234,VA,mleishman1u@wikipedia.org
68,Brigit Yosevitz,29 Bobwhite Street,59771,MT,byosevitz1v@bravesites.com
69,Drugi Blaze,83 Oneill Road,38168,TN,dblaze1w@hao123.com
70,Aridatha Fridlington,4353 Bunker Hill Place,65110,MO,afridlington1x@cbslocal.com
71,Mollee Shoveller,2838 Shoshone Crossing,71166,LA,mshoveller1y@answers.com
72,Flossi Bernot,9 East Park,06140,CT,fbernot1z@ebay.co.uk
73,Carin Fidilis,6 Banding Street,79945,TX,cfidilis20@etsy.com
74,Zedekiah Lidgard,05906 Hoepker Way,92127,CA,zlidgard21@hatena.ne.jp
75,Letitia Priddle,06 Kedzie Plaza,75507,TX,lpriddle22@wikia.com
76,Natalie Uman,050 Claremont Road,94405,CA,numan23@dropbox.com
77,Lyssa Lothean,420 Amoth Way,77713,TX,llothean24@pinterest.com
78,Cristie Doodney,873 Gina Avenue,90305,CA,cdoodney25@sphinn.com
79,Deborah Leven,13 Cordelia Park,36109,AL,dleven26@wikimedia.org
80,Rici Bresson,5 Lawn Road,87592,NM,rbresson27@mapy.cz
81,Ellette Racine,64763 Nova Way,83705,ID,eracine28@fc2.com
82,Taddeusz Halbert,29723 Corscot Way,20062,DC,thalbert29@ucoz.ru
83,Dewie Fishley,27727 Fairfield Parkway,90050,CA,dfishley2a@umich.edu
84,Lem Pashby,1 Prairieview Junction,50315,IA,lpashby2b@japanpost.jp
85,Cristian Mangin,572 Warrior Park,23705,VA,cmangin2c@fotki.com
86,Moyra Falconbridge,0437 Pearson Court,15261,PA,mfalconbridge2d@naver.com
87,Vina Udden,2259 Bashford Point,67210,KS,vudden2e@columbia.edu
88,Warden Cauderlie,450 Roxbury Avenue,33190,FL,wcauderlie2f@gnu.org
89,Missy Verecker,97539 Schlimgen Pass,92110,CA,mverecker2g@hibu.com
90,Payton Falla,0092 Weeping Birch Plaza,85725,AZ,pfalla2h@chron.com
91,Thalia Bolino,39539 Thackeray Park,22313,VA,tbolino2i@canalblog.com
92,Alair Burtwistle,71 Laurel Avenue,95133,CA,aburtwistle2j@clickbank.net
93,Katinka Eastbrook,69188 4th Alley,33710,FL,keastbrook2k@infoseek.co.jp
94,Cathyleen Malan,9858 Carioca Avenue,32244,FL,cmalan2l@msu.edu
95,Nannie Kacheller,4806 Holy Cross Terrace,78426,TX,nkacheller2m@npr.org
96,Rocky Wiggans,26 Norway Maple Center,27150,NC,rwiggans2n@blogtalkradio.com
97,Booth O'Sharry,100 Annamark Avenue,18018,PA,bosharry2o@loc.gov
98,Owen Gullyes,79 Hoepker Point,92878,CA,ogullyes2p@t.co
99,Raymund Kennelly,77525 Roth Court,20420,DC,rkennelly2q@nature.com
100,Dan Rapley,651 Sachs Center,68117,NE,drapley2r@accuweather.com
101,Eddie Slides,4004 Anhalt Alley,44310,OH,eslides2s@psu.edu
102,Tilly Oxtaby,2955 Golden Leaf Way,95118,CA,toxtaby2t@yelp.com
103,Darlleen Sherwin,5 Emmet Parkway,94280,CA,dsherwin2u@goo.ne.jp
104,Granny Linstead,9 Pearson Plaza,47712,IN,glinstead2v@msn.com
105,Ilysa Handmore,3 Commercial Pass,48107,MI,ihandmore2w@wired.com
106,Lorne Casseldine,56 Clyde Gallagher Place,33075,FL,lcasseldine2x@nyu.edu
107,Grata Diver,149 Welch Center,19605,PA,gdiver2y@sogou.com
108,Devlin Harbin,7 Sauthoff Parkway,99210,WA,dharbin2z@bloglovin.com
109,Torrence Levet,74398 Reindahl Pass,78278,TX,tlevet30@booking.com
110,Matteo Wingatt,23 Southridge Park,94064,CA,mwingatt31@sciencedirect.com
111,Val Darrel,9 Stuart Street,75310,TX,vdarrel32@bloglines.com
112,Symon Oxlade,181 Meadow Ridge Crossing,06510,CT,soxlade33@irs.gov
113,Kiersten Tythe,88 Oneill Way,80235,CO,ktythe34@jalbum.net
114,Loy Ecclestone,4858 Barnett Terrace,14276,NY,lecclestone35@quantcast.com
115,Davida Goundsy,814 Northport Place,50305,IA,dgoundsy36@state.tx.us
116,Maritsa Applewhite,5091 Ludington Crossing,79911,TX,mapplewhite37@goo.ne.jp
117,Flin Goodlip,47310 Coolidge Trail,39216,MS,fgoodlip38@cloudflare.com
118,Leda Ivanaev,0 Marcy Pass,85260,AZ,livanaev39@biglobe.ne.jp
119,Baillie Preto,110 John Wall Plaza,98133,WA,bpreto3a@goo.gl
120,Holli Duetschens,89 Lakewood Gardens Junction,77343,TX,hduetschens3b@bigcartel.com
121,Nevin Witchalls,1 Armistice Plaza,31190,GA,nwitchalls3c@kickstarter.com
122,Wilburt Conlon,758 Westend Terrace,44555,OH,wconlon3d@yahoo.com
123,Adam Lockery,4 Arizona Road,34615,FL,alockery3e@si.edu
124,Wade Bremeyer,15 Dorton Trail,17105,PA,wbremeyer3f@geocities.com
125,Sebastian Cawdron,3452 Dennis Pass,52410,IA,scawdron3g@mlb.com
126,Nicholle Spoure,567 Rockefeller Parkway,43226,OH,nspoure3h@harvard.edu
127,Derrik Brighouse,4414 Del Mar Park,80995,CO,dbrighouse3i@fema.gov
128,Miguel Vauls,4684 Jenifer Center,91606,CA,mvauls3j@blogspot.com
129,Pearla Halladay,76 Pearson Plaza,77050,TX,phalladay3k@cyberchimps.com
130,Dominic Springall,810 Namekagon Lane,15210,PA,dspringall3l@wikia.com
131,Norrie Veivers,312 Mitchell Court,80255,CO,nveivers3m@istockphoto.com
132,Carolus Moreno,9606 Pepper Wood Drive,83711,ID,cmoreno3n@miibeian.gov.cn
133,Bertram Youll,34 Mitchell Center,68105,NE,byoull3o@smugmug.com
134,Dav Henrion,4010 Stoughton Park,75049,TX,dhenrion3p@state.gov
135,Tybalt Ventum,443 Ohio Court,32627,FL,tventum3q@jigsy.com
136,Rodrick Gatecliff,6568 New Castle Parkway,36134,AL,rgatecliff3r@nhs.uk
137,Onfre Fullicks,9 Scofield Road,30380,GA,ofullicks3s@cnet.com
138,Zonda Thexton,1559 Basil Lane,95833,CA,zthexton3t@usnews.com
139,Wenda Crotty,5 Old Gate Park,88530,TX,wcrotty3u@baidu.com
140,Englebert Marcinkowski,34 Artisan Road,55590,MN,emarcinkowski3v@plala.or.jp
141,Ashley Craker,31 Eastlawn Park,32118,FL,acraker3w@myspace.com
142,Cam Cadden,334 Waywood Plaza,17105,PA,ccadden3x@ning.com
143,Holmes Jacquest,19 Oak Valley Pass,20904,MD,hjacquest3y@blog.com
144,Robbin Gowrich,7654 Independence Crossing,43240,OH,rgowrich3z@dailymotion.com
145,Binky McCrow,584 Schmedeman Point,77010,TX,bmccrow40@unc.edu
146,Lewes Flecknell,40 Birchwood Lane,19109,PA,lflecknell41@chicagotribune.com
147,Cynthy Lauder,0045 Lakewood Lane,28284,NC,clauder42@reverbnation.com
148,Aleece Synke,3 Ryan Point,36628,AL,asynke43@slashdot.org
149,Ann-marie Andrat,678 Jackson Crossing,30351,GA,aandrat44@china.com.cn
150,Iggy Baguley,3754 Warrior Court,33147,FL,ibaguley45@elpais.com
151,Bob Wegman,03692 Blue Bill Park Drive,29610,SC,bwegman46@time.com
152,Samson Sreenan,26484 Tomscot Street,70183,LA,ssreenan47@tmall.com
153,Rubina Althrop,506 Montana Drive,93591,CA,ralthrop48@e-recht24.de
154,Sinclair Loughlin,58162 Clarendon Hill,33661,FL,sloughlin49@nps.gov
155,Margarete Jarad,8599 Homewood Trail,77065,TX,mjarad4a@npr.org
156,Pamella Leitch,48 Oak Plaza,36104,AL,pleitch4b@bloglines.com
157,Marlie Sherer,465 Moose Way,10705,NY,msherer4c@washingtonpost.com
158,Agnes Fritchley,10 Michigan Terrace,75387,TX,afritchley4d@naver.com
159,Nana Duggary,418 Merry Hill,48206,MI,nduggary4e@ehow.com
160,Joshua Sheere,00 Village Green Alley,48930,MI,jsheere4f@squidoo.com
161,Shannan Trethewey,7079 Coolidge Place,49006,MI,strethewey4g@boston.com
162,Rorie Sharphurst,78 Esch Circle,19172,PA,rsharphurst4h@booking.com
163,Chico Mariot,66 Summer Ridge Park,10079,NY,cmariot4i@icio.us
164,Beale De Gowe,5 Stuart Hill,36610,AL,bde4j@slashdot.org
165,Ferrell Hinrichsen,923 Hazelcrest Drive,33180,FL,fhinrichsen4k@wikia.com
166,Noelyn Ruspine,287 American Ash Center,63126,MO,nruspine4l@yale.edu
167,Madelene Caveau,35457 Monica Avenue,36605,AL,mcaveau4m@illinois.edu
168,Olenka Elwell,6 Schlimgen Terrace,43268,OH,oelwell4n@cloudflare.com
169,Emylee Tran,73480 Kingsford Point,33610,FL,etran4o@cbsnews.com
170,Amara Duckworth,3 Riverside Junction,12232,NY,aduckworth4p@amazon.com
171,Tarra Feltham,4376 Brickson Park Place,27621,NC,tfeltham4q@altervista.org
172,Julianne Arnely,538 Debs Road,37210,TN,jarnely4r@cbsnews.com
173,Philbert Gallihaulk,14758 Dorton Plaza,68524,NE,pgallihaulk4s@hexun.com
174,Charil Allday,09337 Waubesa Center,89135,NV,callday4t@trellian.com
175,Loella Childs,59191 North Alley,94627,CA,lchilds4u@uiuc.edu
176,Salome Praten,23392 Sauthoff Pass,89193,NV,spraten4v@smugmug.com
177,Bonnie Brushfield,5141 Amoth Plaza,19172,PA,bbrushfield4w@jimdo.com
178,Briny Stuke,558 Old Shore Court,38136,TN,bstuke4x@ustream.tv
179,Ellen Lagadu,388 Little Fleur Avenue,94605,CA,elagadu4y@huffingtonpost.com
180,Lainey Boeck,2 Mockingbird Road,81505,CO,lboeck4z@tinyurl.com
181,Star Lovstrom,07 Hansons Road,33915,FL,slovstrom50@newsvine.com
182,Hamlen Acors,42811 Merry Place,36670,AL,hacors51@mozilla.org
183,Pam Godier,8 Grasskamp Crossing,72215,AR,pgodier52@skyrock.com
184,Trenna Blazejewski,547 Clove Center,74193,OK,tblazejewski53@hud.gov
185,Catha Cargenven,992 Myrtle Center,50310,IA,ccargenven54@infoseek.co.jp
186,Arliene Storck,8482 Toban Street,60674,IL,astorck55@storify.com
187,Glyn Godrich,48489 Memorial Drive,68510,NE,ggodrich56@networkadvertising.org
188,Kathlin Tunna,562 Warrior Way,70179,LA,ktunna57@cyberchimps.com
189,Wally Balstone,264 Nevada Avenue,95205,CA,wbalstone58@ameblo.jp
190,Powell Cretney,13663 Lake View Plaza,99790,AK,pcretney59@aol.com
191,Ricki Zanazzi,49562 Hallows Point,48912,MI,rzanazzi5a@washingtonpost.com
192,Rustie Cocklin,20324 Bluestem Place,78769,TX,rcocklin5b@cpanel.net
193,Babbette Van Arsdalen,84 Browning Parkway,77281,TX,bvan5c@go.com
194,Timmi Gumb,8115 International Alley,20215,DC,tgumb5d@mlb.com
195,Corina Syversen,5 Grayhawk Alley,33421,FL,csyversen5e@skype.com
196,Lockwood McSperrin,2 Porter Crossing,40250,KY,lmcsperrin5f@tumblr.com
197,Meredithe Keetley,531 Superior Crossing,02305,MA,mkeetley5g@nba.com
198,Maurita Lympenie,2459 Nobel Trail,20299,DC,mlympenie5h@wsj.com
199,Pace Dooler,66838 Eggendart Terrace,95205,CA,pdooler5i@goo.gl
200,Sarge Birtles,4 Iowa Street,39236,MS,sbirtles5j@weibo.com
201,Lee Gooms,0091 Spohn Pass,93773,CA,lgooms5k@example.com
202,Staffard Kisbee,9 David Center,75037,TX,skisbee5l@gravatar.com
203,Jed Bunclark,38194 Towne Avenue,14639,NY,jbunclark5m@ebay.co.uk
204,Johanna Blenkharn,93121 Katie Place,77085,TX,jblenkharn5n@slideshare.net
205,Mayne Pinchbeck,27479 Badeau Junction,48242,MI,mpinchbeck5o@businesswire.com
206,Madalena Hartshorn,925 Red Cloud Lane,27150,NC,mhartshorn5p@seesaa.net
207,Nanice Tibbotts,7 Muir Drive,40586,KY,ntibbotts5q@oracle.com
208,Goldie Wanstall,4296 Declaration Street,19897,DE,gwanstall5r@delicious.com
209,Alberto McNelis,000 Darwin Trail,23208,VA,amcnelis5s@google.pl
210,Dur Peltz,92617 Scoville Hill,30195,GA,dpeltz5t@wired.com
211,Elfrida Stubley,61 Sherman Place,19141,PA,estubley5u@webnode.com
212,Daphne Crowter,52588 Spenser Street,78744,TX,dcrowter5v@flavors.me
213,Lee Pessolt,15 Roth Court,40591,KY,lpessolt5w@pbs.org
214,Kathe Huggard,28538 Haas Crossing,77206,TX,khuggard5x@reference.com
215,Lisha Greim,00 Northfield Junction,78737,TX,lgreim5y@foxnews.com
216,Griselda Ommundsen,05693 Crest Line Terrace,61635,IL,gommundsen5z@eventbrite.com
217,Von Folds,92 Johnson Pass,68110,NE,vfolds60@japanpost.jp
218,Kamilah Robers,00567 Ronald Regan Lane,78721,TX,krobers61@go.com
219,Gae Devine,1 Mallory Point,20540,DC,gdevine62@1688.com
220,Evangelina Jelf,894 Marcy Center,39216,MS,ejelf63@umich.edu
221,Katinka Sands-Allan,7148 Corben Center,46406,IN,ksandsallan64@earthlink.net
222,Vilhelmina Maplestone,0349 Surrey Trail,33710,FL,vmaplestone65@moonfruit.com
223,Othilie Premble,69281 Kings Park,07104,NJ,opremble66@reuters.com
224,Judas Gaspar,02 Meadow Vale Lane,46254,IN,jgaspar67@cloudflare.com
225,Bo Rawstorn,0720 Russell Pass,94660,CA,brawstorn68@pbs.org
226,Ignacio Kunc,85 Harbort Road,78240,TX,ikunc69@sitemeter.com
227,Dynah Schruur,54529 Pierstorff Center,40250,KY,dschruur6a@wikimedia.org
228,Hendrika Benton,0643 Vidon Lane,83705,ID,hbenton6b@fema.gov
229,Nonie Stebbings,778 Homewood Crossing,77806,TX,nstebbings6c@mail.ru
230,Smitty Monkman,8 Saint Paul Junction,92176,CA,smonkman6d@huffingtonpost.com
231,Eduard Eddleston,475 Mandrake Street,43231,OH,eeddleston6e@nhs.uk
232,Terrel Vinck,9132 Fallview Parkway,34102,FL,tvinck6f@sakura.ne.jp
233,Worthington Cox,70949 Mosinee Hill,33994,FL,wcox6g@biglobe.ne.jp
234,Talbert Dunniom,87 Florence Drive,59806,MT,tdunniom6h@disqus.com
235,Cornie Pettingall,09221 Coolidge Avenue,78426,TX,cpettingall6i@miibeian.gov.cn
236,Adoree Lowsely,0 Jana Plaza,06538,CT,alowsely6j@gravatar.com
237,Creighton Fishenden,56 Hallows Court,79165,TX,cfishenden6k@ask.com
238,Cherilyn Beiderbeck,100 Victoria Court,79905,TX,cbeiderbeck6l@hibu.com
239,Bryn Khidr,7254 Sauthoff Way,71161,LA,bkhidr6m@reddit.com
240,Barri Wiggin,6067 Miller Point,99220,WA,bwiggin6n@aboutads.info
241,Rufus Mundie,6 Forster Way,32868,FL,rmundie6o@nature.com
242,Aprilette Harborow,12 Di Loreto Avenue,68531,NE,aharborow6p@pinterest.com
243,Bunnie Carney,38 Mcguire Park,77255,TX,bcarney6q@github.com
244,Sasha Huggin,8641 7th Crossing,07195,NJ,shuggin6r@walmart.com
245,Patience Romaynes,75998 Straubel Terrace,76905,TX,promaynes6s@gnu.org
246,Martica Pizzey,9263 Village Court,48550,MI,mpizzey6t@odnoklassniki.ru
247,Evaleen Lowre,16852 Kipling Circle,20067,DC,elowre6u@netscape.com
248,Dorthy De Bruijn,69 Toban Avenue,89120,NV,dde6v@yahoo.co.jp
249,Brande Heppenspall,43645 International Lane,77010,TX,bheppenspall6w@craigslist.org
250,Helenelizabeth Bagshaw,92 Stang Hill,20337,DC,hbagshaw6x@hexun.com
251,Fionna Antonchik,0 Ilene Center,10203,NY,fantonchik6y@a8.net
252,Fowler Stichall,92795 Kensington Court,06145,CT,fstichall6z@google.pl
253,Perry Terne,345 Kinsman Drive,61635,IL,pterne70@163.com
254,Olav Crewdson,202 Moulton Trail,88558,TX,ocrewdson71@technorati.com
255,Cecile Gosson,6943 Dottie Road,25326,WV,cgosson72@time.com
256,Vasily Orman,5 Barby Plaza,85045,AZ,vorman73@timesonline.co.uk
257,Terrie Plevey,942 Welch Hill,89166,NV,tplevey74@fc2.com
258,Clayton McCosh,0840 Sunnyside Crossing,11210,NY,cmccosh75@columbia.edu
259,Christin Norridge,62106 Ryan Court,55905,MN,cnorridge76@discuz.net
260,Mandie Metzing,0 Dahle Way,73071,OK,mmetzing77@youku.com
261,Tyne Honig,6122 Lerdahl Avenue,11355,NY,thonig78@archive.org
262,Cori Bennington,0773 Union Lane,94159,CA,cbennington79@harvard.edu
263,Yehudi Hamlington,4359 Kipling Center,33069,FL,yhamlington7a@4shared.com
264,Nial Olyet,941 Tennessee Court,62718,IL,nolyet7b@netscape.com
265,Diego Lantuffe,814 Rigney Alley,73152,OK,dlantuffe7c@utexas.edu
266,Romy Horley,7533 Northridge Street,85219,AZ,rhorley7d@bloglines.com
267,Haily Dunston,05007 Shopko Road,11225,NY,hdunston7e@mayoclinic.com
268,Jeffie Hindenburg,49438 Duke Hill,48930,MI,jhindenburg7f@toplist.cz
269,Rossie Lithgow,38927 Graedel Point,18768,PA,rlithgow7g@sakura.ne.jp
270,Dottie Gundrey,0163 Cardinal Crossing,92640,CA,dgundrey7h@gravatar.com
271,Raul Bisterfeld,6 Westport Parkway,20508,DC,rbisterfeld7i@myspace.com
272,Bamby Maas,3 Oakridge Center,92640,CA,bmaas7j@unesco.org
273,Gustie Sowerbutts,39 Havey Junction,32405,FL,gsowerbutts7k@over-blog.com
274,Michele Spriggen,5 Village Green Street,33330,FL,mspriggen7l@altervista.org
275,Roth Pickover,54 Veith Way,90310,CA,rpickover7m@reddit.com
276,Rowena Piercey,4 Nevada Point,48505,MI,rpiercey7n@vkontakte.ru
277,Irena Collings,31 Amoth Place,34605,FL,icollings7o@ezinearticles.com
278,Allistir Joddens,330 Hallows Pass,27264,NC,ajoddens7p@sina.com.cn
279,Broderic Buick,14 Spenser Avenue,02305,MA,bbuick7q@msu.edu
280,Gallagher Inseal,70233 American Avenue,95833,CA,ginseal7r@lycos.com
281,Fredia Shipperbottom,19671 Kedzie Lane,98405,WA,fshipperbottom7s@cisco.com
282,Colas Heasley,792 Warner Way,15266,PA,cheasley7t@ucla.edu
283,Madeleine Chrisp,62354 Scofield Hill,17140,PA,mchrisp7u@prlog.org
284,Rosabella Duro,92 Northport Drive,75265,TX,rduro7v@technorati.com
285,Colman Asbury,55925 Mccormick Hill,98158,WA,casbury7w@scientificamerican.com
286,Flss McGlew,435 Maryland Center,20205,DC,fmcglew7x@weather.com
287,Klemens Faich,76 Hauk Court,22217,VA,kfaich7y@google.co.jp
288,Melina Macura,16 Florence Lane,95155,CA,mmacura7z@businessweek.com
289,Ugo Dory,2254 Florence Junction,36670,AL,udory80@homestead.com
290,Georgy Crowdy,2303 Ohio Trail,23551,VA,gcrowdy81@blogtalkradio.com
291,Madeleine Willimott,76237 Colorado Circle,62525,IL,mwillimott82@accuweather.com
292,Roscoe Kinner,8615 Ohio Road,71151,LA,rkinner83@w3.org
293,Raviv Van Oort,0 Meadow Valley Circle,25726,WV,rvan84@i2i.jp
294,Cull House,130 Susan Terrace,88519,TX,chouse85@123-reg.co.uk
295,Dorian Monte,31503 Melby Avenue,84409,UT,dmonte86@blog.com
296,Fabe Mustard,0505 Walton Street,34629,FL,fmustard87@walmart.com
297,Averyl Cliff,4116 Hintze Trail,23612,VA,acliff88@twitter.com
298,Perry Belbin,836 Bluejay Court,43699,OH,pbelbin89@google.de
299,Stefan McKay,55393 Beilfuss Way,06160,CT,smckay8a@telegraph.co.uk
300,Kliment Corton,8606 Granby Hill,91406,CA,kcorton8b@is.gd
301,Lydon Maffey,187 Mallard Road,02208,MA,lmaffey8c@biglobe.ne.jp
302,Karlyn Matskiv,76361 Butterfield Trail,10110,NY,kmatskiv8d@123-reg.co.uk
303,Vito Boyland,33 Trailsway Street,92170,CA,vboyland8e@tinypic.com
304,Di Halse,51 Farmco Drive,55417,MN,dhalse8f@domainmarket.com
305,Wynnie Baudi,7813 Warrior Parkway,77276,TX,wbaudi8g@blinklist.com
306,Bink Brougham,1 Vernon Road,87505,NM,bbrougham8h@pcworld.com
307,Joeann Peat,48 Crowley Circle,10024,NY,jpeat8i@51.la
308,Bessie Piletic,7 Clemons Terrace,20205,DC,bpiletic8j@sohu.com
309,Lewes Hordle,6748 Knutson Place,44111,OH,lhordle8k@bizjournals.com
310,Bertina Behrend,40 Homewood Place,47747,IN,bbehrend8l@jimdo.com
311,Forrest Caldayrou,0 Judy Circle,45432,OH,fcaldayrou8m@microsoft.com
312,Federico Trotman,4 Kennedy Drive,21405,MD,ftrotman8n@ucla.edu
313,Saunderson Killelea,6 Superior Alley,33462,FL,skillelea8o@networkadvertising.org
314,Ada Wellstood,72 Golf View Center,90025,CA,awellstood8p@bing.com
315,Ania Lemerie,060 Arkansas Alley,94522,CA,alemerie8q@cdc.gov
316,Alasteir Tenpenny,19 Walton Drive,78255,TX,atenpenny8r@indiatimes.com
317,Madge Witham,953 Memorial Terrace,74141,OK,mwitham8s@imdb.com
318,Mortie Caron,998 Commercial Drive,63158,MO,mcaron8t@facebook.com
319,Camella Ramsdell,14 Tennessee Parkway,19141,PA,cramsdell8u@google.de
320,Katerine Roloff,5463 Commercial Crossing,10004,NY,kroloff8v@so-net.ne.jp
321,Bartolomeo Balnaves,230 Londonderry Pass,97211,OR,bbalnaves8w@fc2.com
322,Jimmie Deeble,0245 Gerald Way,50320,IA,jdeeble8x@webeden.co.uk
323,Rutter Plank,0936 Meadow Vale Hill,94121,CA,rplank8y@sakura.ne.jp
324,Jaquelin Drummer,79149 Maywood Court,37250,TN,jdrummer8z@elpais.com
325,Corabel Matcham,63933 Killdeer Plaza,34665,FL,cmatcham90@oracle.com
326,Randy Spensly,8 Barnett Court,80249,CO,rspensly91@last.fm
327,Ninnetta Lohan,115 Meadow Vale Hill,92805,CA,nlohan92@mlb.com
328,Matti Jentet,50 Ramsey Terrace,32605,FL,mjentet93@about.com
329,Del Polo,8 Leroy Place,92030,CA,dpolo94@statcounter.com
330,Roseline Guerrero,5 Tomscot Alley,34605,FL,rguerrero95@berkeley.edu
331,Kort Bourke,509 Crescent Oaks Circle,89193,NV,kbourke96@purevolume.com
332,Geri Dennerley,743 Dryden Trail,92132,CA,gdennerley97@tripod.com
333,Gerrard Gardener,2 Clemons Point,12262,NY,ggardener98@blogspot.com
334,Berenice Malcolm,4 Sullivan Drive,10633,NY,bmalcolm99@domainmarket.com
335,Cecelia Snaddon,20 Hanson Pass,45213,OH,csnaddon9a@kickstarter.com
336,Andrei Khadir,33954 Bartelt Pass,35225,AL,akhadir9b@mediafire.com
337,Rowney Sabbin,93043 Granby Circle,63158,MO,rsabbin9c@blogger.com
338,Matias Cancott,2286 Bobwhite Terrace,27710,NC,mcancott9d@unblog.fr
339,Cyndia Sabater,35 Spaight Center,33416,FL,csabater9e@privacy.gov.au
340,Arman Washbrook,7 5th Terrace,47937,IN,awashbrook9f@dmoz.org
341,Lance Forgan,6613 Rutledge Point,23237,VA,lforgan9g@bloglovin.com
342,Angelle Taile,95 Sachs Plaza,33963,FL,ataile9h@paginegialle.it
343,Estella Redler,727 Scofield Avenue,33147,FL,eredler9i@slashdot.org
344,Gianni Piddlesden,47 Bunting Point,57198,SD,gpiddlesden9j@reverbnation.com
345,Lilia Fulun,3 Prentice Place,20404,DC,lfulun9k@forbes.com
346,Janeen Poulsom,486 Cascade Alley,75605,TX,jpoulsom9l@geocities.jp
347,Dedie Marjanski,12956 Fairfield Terrace,93721,CA,dmarjanski9m@earthlink.net
348,Ruperto Chazelas,68 Killdeer Street,31132,GA,rchazelas9n@intel.com
349,Iggie Fairburn,6 Delaware Drive,33147,FL,ifairburn9o@howstuffworks.com
350,Shoshanna Horsey,159 Maywood Parkway,32520,FL,shorsey9p@e-recht24.de
351,Elset Balcock,191 Vidon Alley,28247,NC,ebalcock9q@ocn.ne.jp
352,Shae Vequaud,95829 Becker Crossing,19495,PA,svequaud9r@bbb.org
353,Ricki Van Hault,9877 Reinke Way,44505,OH,rvan9s@amazon.com
354,Pernell Gigg,7 Loftsgordon Crossing,97201,OR,pgigg9t@usa.gov
355,Inna Zute,1 Atwood Pass,33906,FL,izute9u@census.gov
356,Arline Rider,9700 Carberry Avenue,22301,VA,arider9v@blogspot.com
357,Cecilio Dymock,4128 Browning Terrace,66112,KS,cdymock9w@shutterfly.com
358,Hube Brody,907 Monica Street,91797,CA,hbrody9x@baidu.com
359,Barrie Thow,63 Ludington Pass,46805,IN,bthow9y@sakura.ne.jp
360,Trix Dmiterko,7 Rigney Court,77070,TX,tdmiterko9z@ebay.com
361,Dill Avramovsky,982 Kennedy Avenue,70616,LA,davramovskya0@youtube.com
362,Lenka Broxis,6 Manitowish Crossing,73124,OK,lbroxisa1@51.la
363,Skip Thys,97678 Westerfield Way,47905,IN,sthysa2@behance.net
364,Merwin Lipp,7162 Loomis Trail,20719,MD,mlippa3@apache.org
365,Neville Bouchard,605 Macpherson Crossing,35263,AL,nboucharda4@edublogs.org
366,Thea Mabon,9 Springview Park,46620,IN,tmabona5@icio.us
367,Bebe Potell,9 Talisman Trail,84120,UT,bpotella6@joomla.org
368,Doy Tuberfield,322 Buena Vista Court,38126,TN,dtuberfielda7@pagesperso-orange.fr
369,Martie Ainsworth,09 1st Lane,79984,TX,mainswortha8@berkeley.edu
370,Gilemette Beaze,9 Heath Center,76178,TX,gbeazea9@php.net
371,Bobbie Pickersail,4 Hooker Point,33111,FL,bpickersailaa@devhub.com
372,Corette Gratrex,5 Ohio Center,33742,FL,cgratrexab@sourceforge.net
373,Lindi Gloves,4187 School Circle,06533,CT,lglovesac@va.gov
374,Viola Wooller,6 Meadow Ridge Road,19141,PA,vwoollerad@state.tx.us
375,Derwin Blasoni,926 Iowa Point,27404,NC,dblasoniae@amazon.de
376,Dickie Arman,385 Clemons Center,75287,TX,darmanaf@google.pl
377,Leah Bradborne,10708 Buhler Circle,55188,MN,lbradborneag@wufoo.com
378,Arnaldo Hawkett,45675 Loeprich Park,74116,OK,ahawkettah@tmall.com
379,Yoshiko Bromont,5324 Harper Avenue,23285,VA,ybromontai@zimbio.com
380,Valentine Branton,45 Linden Pass,65898,MO,vbrantonaj@guardian.co.uk
381,Marcela Albarez,68127 Welch Street,15274,PA,malbarezak@freewebs.com
382,Simonette Kearford,56389 Haas Circle,10275,NY,skearfordal@smh.com.au
383,Peter Shoveller,9 Erie Road,79994,TX,pshovelleram@123-reg.co.uk
384,Leticia Hinkensen,685 Forest Dale Plaza,90810,CA,lhinkensenan@cisco.com
385,Gram Daud,7 Almo Point,14233,NY,gdaudao@hud.gov
386,Guilbert Whisby,500 Columbus Road,75392,TX,gwhisbyap@reverbnation.com
387,Jase Sinclair,8032 Packers Avenue,15255,PA,jsinclairaq@domainmarket.com
388,Willie Archibold,092 Russell Plaza,08650,NJ,warchiboldar@msn.com
389,Kaycee Gristhwaite,1768 Gina Park,23228,VA,kgristhwaiteas@census.gov
390,Hurley Abramamovh,01 Cambridge Place,95128,CA,habramamovhat@springer.com
391,Twila Murray,73 Ruskin Drive,92519,CA,tmurrayau@shop-pro.jp
392,Colline Stutely,84493 Orin Avenue,34643,FL,cstutelyav@ebay.com
393,Clementine Vaugham,4 Westport Place,24503,VA,cvaughamaw@comcast.net
394,Minetta Sollis,8463 Comanche Drive,95138,CA,msollisax@psu.edu
395,Glen Fortun,465 3rd Park,45208,OH,gfortunay@de.vu
396,Katerina Forth,5639 Oak Avenue,91616,CA,kforthaz@discovery.com
397,Matthus Mainz,3 Roth Avenue,07195,NJ,mmainzb0@home.pl
398,Chrissie Eastwood,8890 Derek Terrace,55487,MN,ceastwoodb1@census.gov
399,Marcia Nobriga,7 Jenna Park,36622,AL,mnobrigab2@marriott.com
400,Ignace Kelf,4 Toban Terrace,68105,NE,ikelfb3@hud.gov
401,Gregoire Haack,0 Crownhardt Road,11205,NY,ghaackb4@wordpress.org
402,Leilah Cloke,204 Mallory Hill,77260,TX,lclokeb5@1688.com
403,Pattie Kose,55744 Golden Leaf Avenue,95219,CA,pkoseb6@auda.org.au
404,Willabella McCague,8098 Spohn Way,62723,IL,wmccagueb7@gmpg.org
405,Ruggiero Graal,12829 Myrtle Avenue,64193,MO,rgraalb8@usgs.gov
406,Tamma Pietri,91021 Alpine Place,02104,MA,tpietrib9@miitbeian.gov.cn
407,Amalee Brachell,8324 Magdeline Circle,24004,VA,abrachellba@networksolutions.com
408,Joachim Lapree,1074 Summer Ridge Plaza,30392,GA,jlapreebb@bing.com
409,Marylou Gisburne,28 Pleasure Place,64114,MO,mgisburnebc@spiegel.de
410,Penelope Piccard,597 Charing Cross Hill,02124,MA,ppiccardbd@ebay.com
411,Karol Francois,07 Oxford Pass,44720,OH,kfrancoisbe@alexa.com
412,Demott Davydoch,750 Dahle Lane,93726,CA,ddavydochbf@chicagotribune.com
413,Lesli Kellogg,1 Melody Court,80015,CO,lkelloggbg@alibaba.com
414,Roch Skillitt,3014 Morningstar Crossing,92056,CA,rskillittbh@fotki.com
415,Rourke Osboldstone,16 Village Avenue,98109,WA,rosboldstonebi@myspace.com
416,Alessandro Pywell,44559 Katie Road,27690,NC,apywellbj@wufoo.com
417,Iain Skaid,79137 Declaration Alley,90025,CA,iskaidbk@upenn.edu
418,Elwood Fromant,8 Nova Street,14205,NY,efromantbl@ihg.com
419,Charis Walcot,8 Portage Crossing,53215,WI,cwalcotbm@surveymonkey.com
420,Berne Gon,39 Badeau Lane,55423,MN,bgonbn@abc.net.au
421,Marley Isaak,0690 Vermont Hill,19058,PA,misaakbo@sciencedirect.com
422,Ardelle Delhay,30511 Merchant Circle,32209,FL,adelhaybp@pen.io
423,Jenica Bramhall,80292 Reinke Terrace,24029,VA,jbramhallbq@wp.com
424,Catriona Portlock,2 Dahle Trail,94237,CA,cportlockbr@state.tx.us
425,Massimo Manueau,6365 Cody Street,28405,NC,mmanueaubs@list-manage.com
426,Vassili Giles,268 Cherokee Drive,35295,AL,vgilesbt@dot.gov
427,Nicholas Rigardeau,52154 Texas Road,23324,VA,nrigardeaubu@nationalgeographic.com
428,Nickolas Banishevitz,05 Sommers Lane,61640,IL,nbanishevitzbv@kickstarter.com
429,Shalna Bricket,62307 Huxley Junction,29225,SC,sbricketbw@irs.gov
430,Burt Keyte,7641 Evergreen Crossing,25336,WV,bkeytebx@oakley.com
431,Rosita Pfeffel,097 Saint Paul Center,35210,AL,rpfeffelby@telegraph.co.uk
432,Lilli Shama,20660 1st Alley,73109,OK,lshamabz@house.gov
433,Ivonne Petrecz,334 Sherman Junction,10474,NY,ipetreczc0@gravatar.com
434,Frankie Ravenhill,7 Armistice Junction,77281,TX,fravenhillc1@istockphoto.com
435,Emyle Wolstencroft,13740 Nancy Trail,30045,GA,ewolstencroftc2@aol.com
436,Frances Rapley,9691 Hudson Place,95405,CA,frapleyc3@google.cn
437,Ted Powdrell,305 Claremont Pass,06140,CT,tpowdrellc4@blog.com
438,Angil Clemenson,0 Lukken Center,64142,MO,aclemensonc5@deviantart.com
439,Cornelle Wittey,4 Charing Cross Drive,64187,MO,cwitteyc6@mapquest.com
440,Braden Melarkey,675 Jackson Plaza,55402,MN,bmelarkeyc7@ow.ly
441,Prudy Siggee,2596 Manitowish Avenue,80235,CO,psiggeec8@usa.gov
442,Belle Pullar,235 Eagle Crest Alley,70116,LA,bpullarc9@jiathis.com
443,Jarred Oganian,3656 Meadow Valley Plaza,12237,NY,joganianca@bandcamp.com
444,Paulie Goldsworthy,8 Park Meadow Lane,90071,CA,pgoldsworthycb@pbs.org
445,Stephannie Gair,75 Melvin Circle,75392,TX,sgaircc@theatlantic.com
446,Ansell Parradice,2 Declaration Road,35405,AL,aparradicecd@spotify.com
447,Vladamir Bown,2 Bellgrove Center,85383,AZ,vbownce@meetup.com
448,Giraldo Gabala,5 Crest Line Circle,16522,PA,ggabalacf@bravesites.com
449,Olag Prime,80 West Way,79945,TX,oprimecg@cargocollective.com
450,Darryl Wildin,06 Del Mar Street,14646,NY,dwildinch@aol.com
451,Mack Wilcockes,37882 Myrtle Circle,85284,AZ,mwilcockesci@auda.org.au
452,Christen Scarbarrow,24 Londonderry Place,38197,TN,cscarbarrowcj@yandex.ru
453,Farley Varley,18343 Porter Trail,20591,DC,fvarleyck@linkedin.com
454,Rosalynd Smeal,557 Sommers Avenue,54305,WI,rsmealcl@topsy.com
455,Ketty McGrale,029 Luster Plaza,31190,GA,kmcgralecm@barnesandnoble.com
456,Ed Tyght,158 Monument Center,14210,NY,etyghtcn@who.int
457,Marinna Parmiter,0228 Loftsgordon Terrace,35285,AL,mparmiterco@columbia.edu
458,Bren Deeming,6 Lunder Place,94280,CA,bdeemingcp@opera.com
459,Vidovik Brettelle,6316 West Terrace,02142,MA,vbrettellecq@cbslocal.com
460,Obadias Whetland,36 Daystar Crossing,55811,MN,owhetlandcr@gizmodo.com
461,Fabian Betho,96 Bonner Crossing,93386,CA,fbethocs@smugmug.com
462,Field Gretham,1806 Butterfield Hill,35210,AL,fgrethamct@wikipedia.org
463,Rona Tomadoni,147 Portage Place,06140,CT,rtomadonicu@unicef.org
464,Annabella Jaquest,70 Truax Point,43699,OH,ajaquestcv@ehow.com
465,Riley Mulrean,2250 Holy Cross Crossing,33034,FL,rmulreancw@samsung.com
466,Chloris Streetley,8 Ilene Hill,33261,FL,cstreetleycx@webnode.com
467,Flss Pohlak,86 Lotheville Alley,33673,FL,fpohlakcy@lulu.com
468,Dorris Laible,97963 Dryden Street,90060,CA,dlaiblecz@squarespace.com
469,Elladine Kollatsch,130 8th Point,90810,CA,ekollatschd0@china.com.cn
470,Meade Pakeman,93253 North Plaza,54915,WI,mpakemand1@tuttocitta.it
471,Rodge Scrinage,56 Sage Pass,70116,LA,rscrinaged2@cocolog-nifty.com
472,Adena Prys,0519 Golf Course Court,76305,TX,aprysd3@whitehouse.gov
473,Ernestus Grenshields,069 Fulton Circle,79605,TX,egrenshieldsd4@twitpic.com
474,Currey Deegin,280 Lyons Lane,45218,OH,cdeegind5@wired.com
475,Jayson Smeeton,49157 Russell Plaza,32909,FL,jsmeetond6@posterous.com
476,Catriona Alvar,1 Blackbird Parkway,78410,TX,calvard7@rakuten.co.jp
477,Nerissa Tarte,7 Dennis Parkway,77554,TX,ntarted8@51.la
478,Gerry Beniesh,75311 Blue Bill Park Road,74108,OK,gbenieshd9@bravesites.com
479,Sonny Trafford,47 Lerdahl Terrace,43666,OH,straffordda@si.edu
480,Giraud Hoyle,709 Dixon Hill,67236,KS,ghoyledb@exblog.jp
481,Sax MacCague,66984 Pond Parkway,49510,MI,smaccaguedc@theguardian.com
482,Hermione Wrigglesworth,86664 Kipling Lane,31296,GA,hwrigglesworthdd@ca.gov
483,Khalil Finley,933 Ronald Regan Avenue,19125,PA,kfinleyde@boston.com
484,Gualterio Brumpton,5841 Memorial Circle,37995,TN,gbrumptondf@wikispaces.com
485,Bridie Bollen,4 Emmet Junction,44125,OH,bbollendg@amazon.co.jp
486,Jeri Buller,52 Duke Hill,06183,CT,jbullerdh@unicef.org
487,Dorice Guidoni,7 Katie Way,14220,NY,dguidonidi@yale.edu
488,Bond Pizzie,21498 Waxwing Junction,73109,OK,bpizziedj@artisteer.com
489,Starr Fleeming,11271 Pond Lane,99252,WA,sfleemingdk@angelfire.com
490,Tito Bullcock,350 Morrow Park,48224,MI,tbullcockdl@cnn.com
491,Hadleigh Robker,883 Bayside Center,80127,CO,hrobkerdm@ovh.net
492,Moore Jillis,0 Bluestem Park,46614,IN,mjillisdn@guardian.co.uk
493,Lou Habbert,39408 Harper Circle,20566,DC,lhabbertdo@nyu.edu
494,Burl Harbinson,2 Charing Cross Way,55402,MN,bharbinsondp@sun.com
495,Worthington Linklet,94 Novick Place,74108,OK,wlinkletdq@about.me
496,Byrom Marfe,1871 Lunder Circle,98206,WA,bmarfedr@columbia.edu
497,Dallas Rizon,7666 Melvin Pass,80935,CO,drizonds@privacy.gov.au
498,Roseann Presswell,16 Macpherson Place,19125,PA,rpresswelldt@g.co
499,Early Iianon,53 Blue Bill Park Street,98424,WA,eiianondu@posterous.com
500,Niki Gisbey,51982 Carey Place,15235,PA,ngisbeydv@cisco.com
501,Arlyn Torres,45 Glendale Center,88569,TX,atorresdw@walmart.com
502,Neddy Narrie,7165 Fairfield Plaza,15225,PA,nnarriedx@auda.org.au
503,Paco Dadge,4 Clarendon Junction,46202,IN,pdadgedy@delicious.com
504,Martina Jeram,6155 Corscot Plaza,53726,WI,mjeramdz@goo.ne.jp
505,Mickie Strowthers,3004 Graedel Street,92867,CA,mstrowtherse0@hubpages.com
506,Tess Hawkswell,49237 Truax Point,78415,TX,thawkswelle1@pbs.org
507,Cory Pagden,92443 Rutledge Junction,80905,CO,cpagdene2@who.int
508,Ellyn Blasing,753 Chinook Crossing,53705,WI,eblasinge3@ezinearticles.com
509,Hayyim Chevalier,561 Spohn Pass,19897,DE,hchevaliere4@harvard.edu
510,Glynn Pentlow,3559 Dovetail Place,70593,LA,gpentlowe5@twitpic.com
511,Gusty Keane,0949 Waubesa Hill,29610,SC,gkeanee6@usa.gov
512,Rora Lepope,472 Kensington Drive,43204,OH,rlepopee7@dedecms.com
513,Joela MacDiarmond,08692 Maryland Crossing,77806,TX,jmacdiarmonde8@home.pl
514,Haleigh Eite,73061 Bowman Park,59105,MT,heitee9@bloomberg.com
515,Caleb Swindells,0 Bunting Place,84403,UT,cswindellsea@biglobe.ne.jp
516,Ulrike Amorine,3598 Crowley Crossing,94137,CA,uamorineeb@ameblo.jp
517,Shaun Lethabridge,17 Eliot Drive,20189,VA,slethabridgeec@facebook.com
518,Gusti Heers,46577 Jackson Park,78405,TX,gheersed@prnewswire.com
519,Hillier McCudden,0129 Fordem Place,45403,OH,hmccuddenee@baidu.com
520,Rora Mushet,306 Merchant Drive,43610,OH,rmushetef@springer.com
521,Shani Bissill,964 Florence Drive,79165,TX,sbissilleg@yelp.com
522,Rayner Behn,3 Monterey Drive,89012,NV,rbehneh@exblog.jp
523,Ignace Uman,25860 Acker Alley,55448,MN,iumanei@google.cn
524,Avigdor Blackaller,73280 Shelley Crossing,68179,NE,ablackallerej@mediafire.com
525,Nils Haycroft,84670 Mosinee Drive,33715,FL,nhaycroftek@usa.gov
526,Jilly Grimstead,4056 Morning Road,15261,PA,jgrimsteadel@51.la
527,Aubrie Coronas,40 Golf View Crossing,28205,NC,acoronasem@ovh.net
528,Darcee Agglione,704 Vidon Plaza,75287,TX,dagglioneen@chronoengine.com
529,Albina Hrynczyk,00312 Dixon Court,97229,OR,ahrynczykeo@i2i.jp
530,Bernice Hudless,22 Kipling Circle,21275,MD,bhudlessep@histats.com
531,Aurelie Ciccotti,9 Lunder Lane,32595,FL,aciccottieq@google.es
532,Seamus Benedit,5240 Ryan Point,90025,CA,sbenediter@quantcast.com
533,Shandy Labrom,0708 Buena Vista Road,78235,TX,slabromes@skype.com
534,Lloyd Kapiloff,8 Donald Way,92415,CA,lkapiloffet@goo.gl
535,Ara Sappy,973 Lunder Junction,60351,IL,asappyeu@cbsnews.com
536,Magdalene Vallantine,81 Kennedy Place,28256,NC,mvallantineev@barnesandnoble.com
537,Alexa Greensmith,31321 Nobel Pass,15286,PA,agreensmithew@forbes.com
538,Lev Gavrieli,2 Michigan Point,62794,IL,lgavrieliex@sciencedirect.com
539,Magda Filler,9496 West Crossing,95852,CA,mfillerey@examiner.com
540,Natasha Deathridge,69 Mayfield Road,68197,NE,ndeathridgeez@issuu.com
541,Humfried Dyton,817 Clove Circle,37220,TN,hdytonf0@icq.com
542,Joe Fuentes,97 Main Parkway,94250,CA,jfuentesf1@google.nl
543,Meredith Lithcow,6 Glendale Drive,66220,KS,mlithcowf2@mtv.com
544,Denyse Althrope,595 Haas Plaza,48901,MI,dalthropef3@google.ca
545,Sybille Ungerecht,5327 Goodland Trail,40287,KY,sungerechtf4@senate.gov
546,Hendrik Wathan,5520 Longview Point,30306,GA,hwathanf5@cocolog-nifty.com
547,Adolphe Clorley,769 Summerview Parkway,77343,TX,aclorleyf6@lycos.com
548,Nanon Radenhurst,06594 Continental Hill,68144,NE,nradenhurstf7@ycombinator.com
549,Clerkclaude Farris,25 Schmedeman Hill,98411,WA,cfarrisf8@geocities.jp
550,Karla Curtin,837 Delladonna Lane,73173,OK,kcurtinf9@rakuten.co.jp
551,Carlen Alexandersson,92 Basil Drive,93591,CA,calexanderssonfa@fema.gov
552,Zorine Markson,1555 Fairview Place,60697,IL,zmarksonfb@reddit.com
553,Trixy Spurett,8 Forster Plaza,17605,PA,tspurettfc@foxnews.com
554,Sherry Heelis,30 David Way,32123,FL,sheelisfd@w3.org
555,Evelyn Bullimore,5556 Rigney Terrace,06152,CT,ebullimorefe@hud.gov
556,Gonzalo Merck,93 Heath Alley,38114,TN,gmerckff@jigsy.com
557,Brena Chadburn,3 Packers Center,20503,DC,bchadburnfg@telegraph.co.uk
558,Edythe Hackin,56873 Boyd Point,19172,PA,ehackinfh@hao123.com
559,Lynne Mendel,61604 International Place,90076,CA,lmendelfi@imageshack.us
560,Arty Dickerline,7 Maple Wood Court,91520,CA,adickerlinefj@prweb.com
561,Kelila Senner,3 Anniversary Way,70815,LA,ksennerfk@github.com
562,Julienne Botterill,8 Birchwood Terrace,45999,OH,jbotterillfl@ftc.gov
563,Hettie Motten,17 Glendale Circle,94064,CA,hmottenfm@w3.org
564,Davine Aronin,8 Rusk Road,46614,IN,daroninfn@fda.gov
565,Vickie Ochiltree,6700 Sycamore Way,75037,TX,vochiltreefo@vimeo.com
566,Tremayne Wallace,05633 Manley Lane,31605,GA,twallacefp@imageshack.us
567,Lusa Bownes,76 Basil Trail,33487,FL,lbownesfq@berkeley.edu
568,Bree Greeve,352 Oneill Street,20851,MD,bgreevefr@yahoo.com
569,Charo Tunesi,07584 Elgar Alley,64193,MO,ctunesifs@unc.edu
570,Arv Riddell,35 Loomis Drive,91841,CA,ariddellft@google.es
571,Philly Obern,95568 Thackeray Court,30301,GA,pobernfu@odnoklassniki.ru
572,Gustavo Whitlock,3732 Iowa Terrace,66105,KS,gwhitlockfv@shareasale.com
573,Krystal Sell,9 Thompson Circle,90398,CA,ksellfw@ihg.com
574,Darin Butchers,51206 Quincy Avenue,37450,TN,dbutchersfx@ca.gov
575,Raphael Nettle,0670 Eliot Junction,53705,WI,rnettlefy@google.com
576,Boycie Rotter,63044 Buena Vista Avenue,30380,GA,brotterfz@si.edu
577,Lombard Gilliard,3 Gerald Parkway,55572,MN,lgilliardg0@twitter.com
578,Rocky Monahan,92 Fieldstone Crossing,30092,GA,rmonahang1@apple.com
579,Abner Wickmann,82826 Stoughton Terrace,01152,MA,awickmanng2@paypal.com
580,Sheppard Gatfield,8 Scofield Terrace,44329,OH,sgatfieldg3@hud.gov
581,Alyce Whiteside,70264 Stuart Drive,78759,TX,awhitesideg4@fema.gov
582,Vincents Dicke,01 Steensland Lane,63131,MO,vdickeg5@about.com
583,Naomi Dolphin,34 Larry Alley,10029,NY,ndolphing6@mayoclinic.com
584,Tally Moses,84 Di Loreto Junction,40225,KY,tmosesg7@msn.com
585,Ellswerth Odney,47288 Tennyson Pass,01152,MA,eodneyg8@disqus.com
586,Hussein Mingame,6 Tennessee Point,32854,FL,hmingameg9@ow.ly
587,Val Farn,77148 Algoma Center,40510,KY,vfarnga@jigsy.com
588,Welby Giriardelli,00 Village Green Avenue,11044,NY,wgiriardelligb@google.co.jp
589,Ronalda Doelle,786 Killdeer Center,34114,FL,rdoellegc@vkontakte.ru
590,Rouvin Lipsett,25 Ilene Parkway,33543,FL,rlipsettgd@youku.com
591,Zahara Goldin,588 Sundown Court,62764,IL,zgoldinge@about.me
592,Jenni Baxandall,1628 Tennessee Crossing,93726,CA,jbaxandallgf@mac.com
593,Karalee Westell,29 Moulton Parkway,73190,OK,kwestellgg@mit.edu
594,Duane Morriarty,32 Autumn Leaf Park,76198,TX,dmorriartygh@bluehost.com
595,Angil O'Cullen,80181 Manufacturers Terrace,60652,IL,aocullengi@canalblog.com
596,Katalin Mulchrone,7 Corben Plaza,38131,TN,kmulchronegj@cisco.com
597,Lion Ambrozik,424 Daystar Alley,78415,TX,lambrozikgk@cisco.com
598,Felicia Hampshaw,419 Stephen Pass,77299,TX,fhampshawgl@privacy.gov.au
599,Galina Bernardt,2250 Merry Alley,93111,CA,gbernardtgm@geocities.com
600,Jessee Duigenan,9148 Division Court,34629,FL,jduigenangn@nature.com
601,Gil Mallon,00625 Browning Way,55188,MN,gmallongo@fema.gov
602,Loreen Meader,12 Di Loreto Pass,67220,KS,lmeadergp@cbc.ca
603,Maggee Pollendine,9 Jenna Alley,80217,CO,mpollendinegq@loc.gov
604,Zelig Demke,32 Ridgeway Drive,32412,FL,zdemkegr@fotki.com
605,Serena McKew,49 Algoma Parkway,94105,CA,smckewgs@hud.gov
606,Heloise Bettles,32419 Lukken Plaza,95813,CA,hbettlesgt@hubpages.com
607,Dicky Bartleman,49278 Donald Center,35290,AL,dbartlemangu@mit.edu
608,Nessie Cavan,74933 Kim Plaza,92170,CA,ncavangv@amazon.de
609,Claire Trafford,73 Manufacturers Center,24515,VA,ctraffordgw@domainmarket.com
610,Brenden Boylund,818 Fisk Court,53220,WI,bboylundgx@dailymotion.com
611,Lauraine Senior,90236 Reinke Place,29805,SC,lseniorgy@java.com
612,Ara Duckerin,3 Sugar Junction,60674,IL,aduckeringz@ycombinator.com
613,Cayla Sigars,77 Shasta Alley,55441,MN,csigarsh0@sogou.com
614,Lewiss Netley,83 Ronald Regan Street,94712,CA,lnetleyh1@weebly.com
615,Georgie Scholard,705 Corben Avenue,21229,MD,gscholardh2@earthlink.net
616,Gris Prendeville,51219 Eagan Parkway,94121,CA,gprendevilleh3@ibm.com
617,Hurley Dorwood,4 Forest Road,60505,IL,hdorwoodh4@alibaba.com
618,Rock Janout,49665 Petterle Circle,20883,MD,rjanouth5@t-online.de
619,Carly Babbidge,618 4th Lane,76016,TX,cbabbidgeh6@mtv.com
620,Jerrome Scay,8 Sage Point,91328,CA,jscayh7@ftc.gov
621,Abagael Long,701 Scott Place,29416,SC,alongh8@cafepress.com
622,Putnem Nuzzti,9 Claremont Circle,91841,CA,pnuzztih9@unesco.org
623,Ansel Chorlton,1 Sommers Place,23324,VA,achorltonha@mlb.com
624,Vivian Sives,04 Straubel Drive,57110,SD,vsiveshb@wufoo.com
625,Deb McIlwreath,94096 Carpenter Place,98133,WA,dmcilwreathhc@ask.com
626,Alfred Rocca,2260 Larry Circle,30306,GA,aroccahd@usatoday.com
627,Erica Bolletti,44657 Corry Court,76705,TX,ebollettihe@netvibes.com
628,Gunar Chater,0 Badeau Street,89105,NV,gchaterhf@cam.ac.uk
629,Broderick Edwins,38 Blackbird Drive,10115,NY,bedwinshg@salon.com
630,Gualterio Lovewell,9987 Dorton Point,94605,CA,glovewellhh@ted.com
631,Lorrie Renihan,51 Daystar Junction,80015,CO,lrenihanhi@delicious.com
632,Ely Hefner,666 Hoepker Alley,30306,GA,ehefnerhj@smugmug.com
633,Cam Isacsson,301 Luster Alley,60619,IL,cisacssonhk@delicious.com
634,Corella Amaya,90 Hanson Lane,88535,TX,camayahl@lulu.com
635,Armand Laytham,0730 New Castle Plaza,10034,NY,alaythamhm@cpanel.net
636,Mikey Lamperti,7 Cascade Way,78044,TX,mlampertihn@pbs.org
637,Tonye Dragonette,3437 Pierstorff Terrace,20397,DC,tdragonetteho@oakley.com
638,Nehemiah Jockle,1 Debra Crossing,00214,NH,njocklehp@hibu.com
639,Grant Jaray,91 Everett Court,48232,MI,gjarayhq@bbb.org
640,Maribel Graeber,344 Riverside Avenue,90831,CA,mgraeberhr@diigo.com
641,Alyss Ancliff,50 Dapin Parkway,13505,NY,aancliffhs@about.me
642,Mellicent Targe,45 Kinsman Park,63104,MO,mtargeht@reuters.com
643,Lin Corish,8 Ramsey Lane,14614,NY,lcorishhu@yolasite.com
644,Morgan Fishpoole,9676 Warrior Parkway,40591,KY,mfishpoolehv@dropbox.com
645,Ulrikaumeko Minet,71112 Stang Plaza,07544,NJ,uminethw@newyorker.com
646,Chery Jakubovsky,65 Hansons Court,85010,AZ,cjakubovskyhx@apple.com
647,Rosita Worvill,45035 Butternut Crossing,15261,PA,rworvillhy@zimbio.com
648,Norman Le Teve,9775 Bluejay Road,33336,FL,nlehz@bravesites.com
649,Alexine Wassung,2 Amoth Court,94705,CA,awassungi0@pbs.org
650,Fayre Keuneke,29 Ramsey Junction,77201,TX,fkeunekei1@gmpg.org
651,Anthea Kedwell,71 Blackbird Circle,97229,OR,akedwelli2@google.fr
652,Jacquenette Masic,8 Pearson Street,31296,GA,jmasici3@tmall.com
653,Stevy Hyett,37307 Shelley Drive,14639,NY,shyetti4@shinystat.com
654,Harbert Kwietek,7165 Manley Point,75062,TX,hkwieteki5@google.it
655,Artur Wildbore,6741 Kedzie Circle,60636,IL,awildborei6@hexun.com
656,Alan Hrinishin,62692 Stone Corner Street,14269,NY,ahrinishini7@comsenz.com
657,Odetta Parmiter,8 Killdeer Point,83711,ID,oparmiteri8@hud.gov
658,Allx Waine,5830 Londonderry Terrace,87105,NM,awainei9@nytimes.com
659,Chloette Easthope,8 Bashford Street,84135,UT,ceasthopeia@yellowpages.com
660,Theodoric Stanyan,8122 Susan Way,52405,IA,tstanyanib@cmu.edu
661,Duff Vondrak,9 Kennedy Drive,24020,VA,dvondrakic@independent.co.uk
662,Bartholemy Kubalek,8 Loomis Alley,60630,IL,bkubalekid@archive.org
663,Jabez Holtom,443 Norway Maple Plaza,45020,OH,jholtomie@storify.com
664,Marion Pockey,3 Mandrake Trail,29225,SC,mpockeyif@topsy.com
665,Aubrey Hennington,35996 Farragut Park,48217,MI,ahenningtonig@abc.net.au
666,Vallie Heugle,9179 Hoard Street,20530,DC,vheugleih@simplemachines.org
667,Corene Stickels,41 Westend Way,40256,KY,cstickelsii@desdev.cn
668,Dex McNirlan,862 Delaware Trail,32819,FL,dmcnirlanij@google.es
669,Mella Botterman,5812 Division Parkway,79940,TX,mbottermanik@creativecommons.org
670,Darell Biesinger,215 Union Lane,55172,MN,dbiesingeril@dell.com
671,Riki Vockins,52 Melby Hill,34665,FL,rvockinsim@usatoday.com
672,Charmion Muzzini,2 Harbort Parkway,37665,TN,cmuzziniin@sphinn.com
673,Fabiano Hassey,50 Packers Alley,66622,KS,fhasseyio@apache.org
674,Felicio Bentall,8085 Shasta Drive,30323,GA,fbentallip@lycos.com
675,Maudie Ivanets,99525 Brown Place,20525,DC,mivanetsiq@behance.net
676,Cleavland Sondon,86787 West Park,73109,OK,csondonir@instagram.com
677,Janifer Parslow,28 Hooker Place,24024,VA,jparslowis@pcworld.com
678,Mela Linnit,434 Schmedeman Pass,96825,HI,mlinnitit@dmoz.org
679,Tresa Dempsey,2278 Ridge Oak Lane,66667,KS,tdempseyiu@upenn.edu
680,Calypso James,45639 Basil Alley,55188,MN,cjamesiv@wikimedia.org
681,Fredi Gascard,9 Onsgard Point,97229,OR,fgascardiw@twitter.com
682,Toiboid Mousdall,999 3rd Plaza,10260,NY,tmousdallix@dion.ne.jp
683,Fabian Mityashin,75823 Fallview Crossing,68517,NE,fmityashiniy@nyu.edu
684,Shaw Atger,2 Brickson Park Trail,96845,HI,satgeriz@mysql.com
685,Sheilah Chastenet,1848 Pond Junction,10175,NY,schastenetj0@washingtonpost.com
686,Desi Marcinkus,81051 Becker Road,68524,NE,dmarcinkusj1@oakley.com
687,Wynnie Alves,953 Elmside Junction,33906,FL,walvesj2@discovery.com
688,Jaymie Savaage,187 Center Crossing,85737,AZ,jsavaagej3@bloomberg.com
689,Liva Tregenna,1 Gateway Court,11231,NY,ltregennaj4@columbia.edu
690,Cindra Wilshire,772 Utah Lane,15255,PA,cwilshirej5@geocities.com
691,Mac Brooke,48986 Hoepker Lane,36641,AL,mbrookej6@techcrunch.com
692,Kiri Mobley,89 Kenwood Crossing,10280,NY,kmobleyj7@addtoany.com
693,Margalit Conan,87 Parkside Crossing,23272,VA,mconanj8@canalblog.com
694,Cherice Kiledal,1784 Wayridge Street,44130,OH,ckiledalj9@devhub.com
695,Lexie MacKeller,7 Forest Run Drive,90087,CA,lmackellerja@flavors.me
696,Misha Wayland,83 Merry Lane,46406,IN,mwaylandjb@tripod.com
697,Erastus Richmond,8 Roth Way,85732,AZ,erichmondjc@ocn.ne.jp
698,Raynell Ethridge,5 Ridge Oak Street,72118,AR,rethridgejd@studiopress.com
699,Alix Prene,9 Grayhawk Hill,53779,WI,apreneje@discuz.net
700,Agace Yashin,258 Gale Way,95838,CA,ayashinjf@dedecms.com
701,Nikos Rubbens,4 Atwood Hill,92822,CA,nrubbensjg@wp.com
702,Kakalina Tolussi,22 Clemons Terrace,64136,MO,ktolussijh@wiley.com
703,Calypso Penhearow,9 Oak Alley,85040,AZ,cpenhearowji@epa.gov
704,Grazia Backler,1669 Maywood Pass,77234,TX,gbacklerjj@hp.com
705,Brandtr Fulop,7854 Heath Crossing,10606,NY,bfulopjk@kickstarter.com
706,Andra Surgood,77392 Northridge Crossing,20910,MD,asurgoodjl@blogs.com
707,Eduard Wealthall,3135 Tomscot Place,80015,CO,ewealthalljm@taobao.com
708,Hy Roles,42 Forest Dale Lane,19725,DE,hrolesjn@boston.com
709,Libbi Groveham,4419 Debs Way,25326,WV,lgrovehamjo@cafepress.com
710,Laverna Leadston,203 Chinook Terrace,77075,TX,lleadstonjp@sakura.ne.jp
711,Ardelia Eakeley,9 Bluejay Center,55188,MN,aeakeleyjq@alexa.com
712,Gleda Jerrans,67 Golf Course Drive,46862,IN,gjerransjr@eepurl.com
713,Abey Muffitt,606 Toban Junction,75705,TX,amuffittjs@shareasale.com
714,Winny Hould,1 Kenwood Road,33169,FL,whouldjt@yelp.com
715,Chen Mullin,164 Farwell Way,93094,CA,cmullinju@ifeng.com
716,Genni Wyss,45601 Portage Street,52809,IA,gwyssjv@example.com
717,Sim Kinnett,5 Bellgrove Drive,33175,FL,skinnettjw@icq.com
718,Darleen Schulke,04944 Portage Park,20220,DC,dschulkejx@biglobe.ne.jp
719,Fergus Chettle,296 Nobel Way,87115,NM,fchettlejy@typepad.com
720,Angelica Zealander,8 Heath Circle,48295,MI,azealanderjz@whitehouse.gov
721,Abner Phillipps,05 Texas Pass,06922,CT,aphillippsk0@weebly.com
722,Claybourne Eberts,991 Doe Crossing Way,32610,FL,cebertsk1@4shared.com
723,Hatti Wombwell,72795 Elgar Place,70154,LA,hwombwellk2@nbcnews.com
724,Louisa Tyson,0 Monterey Parkway,95828,CA,ltysonk3@walmart.com
725,Wendy Curley,60 Warner Court,91186,CA,wcurleyk4@smugmug.com
726,Iggy Machel,8 Amoth Parkway,54313,WI,imachelk5@sbwire.com
727,Brent Finden,533 Mallard Hill,43210,OH,bfindenk6@state.tx.us
728,Darbee Kun,6 Quincy Plaza,37205,TN,dkunk7@furl.net
729,Urban Comfort,815 Del Mar Alley,85297,AZ,ucomfortk8@1688.com
730,Ivy Brumhead,262 Kipling Drive,79955,TX,ibrumheadk9@merriam-webster.com
731,Jeremias McMoyer,2888 Troy Junction,90087,CA,jmcmoyerka@wp.com
732,Gottfried Tatersale,377 Delladonna Point,63180,MO,gtatersalekb@admin.ch
733,Billy Dresser,9071 Tomscot Avenue,30506,GA,bdresserkc@qq.com
734,Lilah Pashan,2678 Crowley Pass,70505,LA,lpashankd@friendfeed.com
735,Mallissa Worshall,1 Maple Junction,90610,CA,mworshallke@exblog.jp
736,Iorgos Coe,475 Sunbrook Place,33994,FL,icoekf@hhs.gov
737,Ichabod Lesek,945 Dovetail Park,37924,TN,ilesekkg@usatoday.com
738,Myriam Billyeald,77355 Armistice Pass,92725,CA,mbillyealdkh@icq.com
739,Nate Hulk,0 Huxley Lane,46266,IN,nhulkki@theglobeandmail.com
740,Joshia Gatecliffe,0612 Thierer Parkway,85255,AZ,jgatecliffekj@gizmodo.com
741,Kameko Tolomio,8 Granby Parkway,33075,FL,ktolomiokk@vimeo.com
742,Dyanna Clemo,4350 Hayes Pass,27264,NC,dclemokl@java.com
743,Berne Newlan,46552 Reindahl Hill,55590,MN,bnewlankm@google.it
744,Drake Dik,20421 Blue Bill Park Plaza,97216,OR,ddikkn@chron.com
745,Wynne Rasor,5 Ridgeway Road,33620,FL,wrasorko@wisc.edu
746,Jammie A'Barrow,9 Lotheville Lane,55480,MN,jabarrowkp@berkeley.edu
747,Tedd Halson,07 Evergreen Center,77276,TX,thalsonkq@youtu.be
748,Barnie Pezey,27 Algoma Drive,10260,NY,bpezeykr@w3.org
749,Kipper Rushbrook,464 Meadow Ridge Crossing,80217,CO,krushbrookks@jigsy.com
750,Franciska Duran,58683 Scofield Trail,55407,MN,fdurankt@phoca.cz
751,Brocky Noice,182 Del Mar Junction,80328,CO,bnoiceku@mac.com
752,Robena Oxenham,349 Mcguire Way,10305,NY,roxenhamkv@clickbank.net
753,Elena Ryan,14 Mifflin Park,62205,IL,eryankw@jugem.jp
754,Jaquelyn Aicken,5 Memorial Junction,14263,NY,jaickenkx@lycos.com
755,Albertina Gosnold,961 Elka Junction,20709,MD,agosnoldky@ifeng.com
756,Brianne Bezants,02 Gina Way,68517,NE,bbezantskz@ftc.gov
757,Jojo Devany,05 Elka Avenue,80305,CO,jdevanyl0@state.tx.us
758,Thorndike Strewthers,08 Harper Junction,32803,FL,tstrewthersl1@icq.com
759,Orlan Girod,383 Atwood Trail,92170,CA,ogirodl2@wikispaces.com
760,Jim Weall,24 Roxbury Center,91109,CA,jwealll3@about.com
761,Yoshiko Saffen,62 Drewry Place,38114,TN,ysaffenl4@domainmarket.com
762,Nissie Luxton,46496 Lindbergh Park,85053,AZ,nluxtonl5@blogspot.com
763,Alva Valerius,021 Surrey Drive,80209,CO,avaleriusl6@i2i.jp
764,Drud Epinoy,3 Victoria Court,76198,TX,depinoyl7@springer.com
765,Pall Dulany,70 American Ash Street,60078,IL,pdulanyl8@google.es
766,Julianne Benito,79 Golden Leaf Circle,40576,KY,jbenitol9@cornell.edu
767,Bevin O'Regan,54 Grover Road,37215,TN,boreganla@oracle.com
768,Alvira Longina,8 Moland Junction,20910,MD,alonginalb@spotify.com
769,Sebastian Kennedy,53 Anhalt Plaza,70810,LA,skennedylc@wordpress.com
770,Moina Lidgard,8541 Loeprich Way,91406,CA,mlidgardld@hexun.com
771,Bobette Durrant,27532 Karstens Center,76011,TX,bdurrantle@ca.gov
772,Alaine Burnham,87 Logan Way,14604,NY,aburnhamlf@yelp.com
773,Odella Frounks,78 Arrowood Parkway,33448,FL,ofrounkslg@sun.com
774,Sascha Philler,35 Dorton Park,12255,NY,sphillerlh@123-reg.co.uk
775,Nanny Balstone,67 Lyons Crossing,76147,TX,nbalstoneli@whitehouse.gov
776,Cherye Kirman,4325 Karstens Trail,34290,FL,ckirmanlj@hud.gov
777,Friedrick Verrall,775 Ridge Oak Way,92137,CA,fverralllk@bizjournals.com
778,Allison Mitchenson,41534 Northridge Circle,97240,OR,amitchensonll@simplemachines.org
779,Bud Whistan,1 Caliangt Court,79764,TX,bwhistanlm@bigcartel.com
780,Mariam Cabell,9694 Hanover Alley,97211,OR,mcabellln@t.co
781,Wendel Gouldstraw,9912 Mallory Hill,23509,VA,wgouldstrawlo@chronoengine.com
782,Mac Rand,64522 Lyons Place,90081,CA,mrandlp@blogs.com
783,Cammie Ricciardiello,678 Goodland Court,47405,IN,cricciardiellolq@ycombinator.com
784,Hanna Ferrers,7677 Gerald Pass,87201,NM,hferrerslr@si.edu
785,Corri McGaughay,130 Mandrake Street,64153,MO,cmcgaughayls@ted.com
786,Connie Marlowe,75368 1st Hill,46614,IN,cmarlowelt@berkeley.edu
787,Ferdie Tighe,2556 Mayfield Way,45426,OH,ftighelu@cmu.edu
788,Emalee Johanning,313 Banding Trail,08695,NJ,ejohanninglv@edublogs.org
789,Elga MacAne,7239 Center Hill,22225,VA,emacanelw@chronoengine.com
790,Ajay McGibbon,6374 Birchwood Avenue,94544,CA,amcgibbonlx@ft.com
791,Patrizia Brabant,8 Sage Trail,68124,NE,pbrabantly@printfriendly.com
792,Virgil Eyam,69 Delladonna Drive,33763,FL,veyamlz@usgs.gov
793,Thorn McCorrie,56 Mendota Pass,50330,IA,tmccorriem0@hostgator.com
794,Laughton Santostefano.,16 Morningstar Avenue,32230,FL,lsantostefanom1@google.co.uk
795,Myrvyn Blythe,08 Mesta Avenue,20244,DC,mblythem2@answers.com
796,Natty Fearne,8 Butterfield Road,61656,IL,nfearnem3@slideshare.net
797,Vilhelmina Tomet,915 Lakeland Crossing,91406,CA,vtometm4@prlog.org
798,Rica Giacomo,84410 Gulseth Hill,97232,OR,rgiacomom5@tiny.cc
799,Ekaterina Smy,2692 Parkside Alley,58106,ND,esmym6@miitbeian.gov.cn
800,Morgun Jocic,2 Dawn Point,67220,KS,mjocicm7@go.com
801,Rickie Dadley,11818 Center Point,89145,NV,rdadleym8@huffingtonpost.com
802,Janis Boyles,5 Mallard Plaza,59806,MT,jboylesm9@blogger.com
803,Tobe Langsdon,818 Oakridge Road,90060,CA,tlangsdonma@angelfire.com
804,Deena Sturdgess,38185 Arizona Park,20016,DC,dsturdgessmb@slideshare.net
805,Felicio Cullagh,98 Gulseth Junction,76598,TX,fcullaghmc@artisteer.com
806,Gratiana Bernuzzi,45 Eliot Circle,12247,NY,gbernuzzimd@mit.edu
807,Gare McRobbie,59 Eggendart Way,20046,DC,gmcrobbieme@phoca.cz
808,Dill Fibbens,79154 Kim Circle,33915,FL,dfibbensmf@ucoz.com
809,Rebecka Bricket,42 Roth Way,14276,NY,rbricketmg@squarespace.com
810,Gun Enevoldsen,01221 Pepper Wood Parkway,10203,NY,genevoldsenmh@cocolog-nifty.com
811,Anny Francesco,648 Hoffman Pass,99220,WA,afrancescomi@privacy.gov.au
812,Willie Grishukov,4 Holmberg Center,33028,FL,wgrishukovmj@i2i.jp
813,Paige Huniwall,53 Walton Crossing,46862,IN,phuniwallmk@businesswire.com
814,Keslie Scole,80884 Vera Court,33283,FL,kscoleml@ask.com
815,Gerry Eastcott,14998 Oak Valley Crossing,77070,TX,geastcottmm@dyndns.org
816,Mareah Lapish,1770 Bay Parkway,31904,GA,mlapishmn@hao123.com
817,Spense Biaggioli,157 Starling Street,46620,IN,sbiaggiolimo@elegantthemes.com
818,Babs Geldert,364 Old Gate Drive,85077,AZ,bgeldertmp@unblog.fr
819,Tanney Winn,8 Boyd Court,30343,GA,twinnmq@sourceforge.net
820,Pat Chataignier,3032 Florence Crossing,78703,TX,pchataigniermr@about.me
821,Lauralee Jouaneton,43027 Katie Circle,64054,MO,ljouanetonms@google.pl
822,Lisette Wolpert,0501 Weeping Birch Circle,37605,TN,lwolpertmt@list-manage.com
823,Irma Macartney,3909 David Point,33355,FL,imacartneymu@sciencedaily.com
824,Pru Mallion,7178 Tony Center,30311,GA,pmallionmv@globo.com
825,Theresa Tweedlie,50 Dunning Place,94807,CA,ttweedliemw@google.pl
826,Elisha Middler,09592 Harbort Alley,94291,CA,emiddlermx@mayoclinic.com
827,Weber Sam,76525 Reinke Hill,70165,LA,wsammy@youtube.com
828,Bertie Degli Antoni,54579 Shelley Circle,60657,IL,bdeglimz@usa.gov
829,Vail Jekyll,77090 Chinook Drive,49505,MI,vjekylln0@zdnet.com
830,Dannel Branston,89 Esker Pass,85077,AZ,dbranstonn1@xinhuanet.com
831,Angus Digman,7 Redwing Street,80044,CO,adigmann2@google.ca
832,Rica Rhodus,42716 Park Meadow Alley,78250,TX,rrhodusn3@sogou.com
833,Charisse Almeida,8 Hanover Trail,11480,NY,calmeidan4@cisco.com
834,Barby Manners,85638 Forest Dale Junction,28289,NC,bmannersn5@patch.com
835,Farrah Pettiward,95882 Oneill Terrace,14619,NY,fpettiwardn6@sina.com.cn
836,Elane Pethick,9 Westridge Crossing,20425,DC,epethickn7@hugedomains.com
837,Davidson McAuslan,170 Carpenter Parkway,75216,TX,dmcauslann8@xing.com
838,Minnie Stear,9 Commercial Trail,88558,TX,mstearn9@weibo.com
839,Quill de Copeman,7 Jenna Terrace,68583,NE,qdena@mapquest.com
840,Marrissa Arnaudi,91413 Ridgeview Circle,10150,NY,marnaudinb@nationalgeographic.com
841,Jillane Jancy,93156 Granby Terrace,15906,PA,jjancync@msu.edu
842,Jorey Koppen,095 Schlimgen Terrace,10170,NY,jkoppennd@xrea.com
843,Tris Drury,7802 Talisman Terrace,12242,NY,tdruryne@shareasale.com
844,Cosmo Harbage,08169 Paget Parkway,70820,LA,charbagenf@mozilla.com
845,Geraldine Lynam,700 Homewood Lane,75037,TX,glynamng@csmonitor.com
846,Cindi Kytley,0 Novick Hill,77346,TX,ckytleynh@mediafire.com
847,Francis Milksop,5444 Sage Park,32868,FL,fmilksopni@topsy.com
848,Darya Gagin,24 Gale Pass,31422,GA,dgaginnj@ow.ly
849,Melva Carpe,1761 Gerald Drive,72199,AR,mcarpenk@virginia.edu
850,Cosette Causier,4112 Evergreen Plaza,90065,CA,ccausiernl@nba.com
851,Margarethe Stott,96264 Basil Street,95818,CA,mstottnm@sciencedirect.com
852,Creighton Westhofer,829 Haas Alley,49510,MI,cwesthofernn@upenn.edu
853,Thorndike Plail,1063 Moulton Trail,36670,AL,tplailno@toplist.cz
854,Norry Barajas,10256 Main Street,10110,NY,nbarajasnp@reddit.com
855,Morie Trout,5118 Sullivan Pass,93715,CA,mtroutnq@spiegel.de
856,Debbi Berggren,42816 Lyons Circle,96845,HI,dberggrennr@de.vu
857,Jess Goldbourn,9 Huxley Street,32255,FL,jgoldbournns@tinyurl.com
858,Karina Boddington,55470 Lien Parkway,37228,TN,kboddingtonnt@prweb.com
859,Vanny Bahlmann,5537 Old Shore Lane,44760,OH,vbahlmannnu@npr.org
860,Romona Treweela,399 Montana Avenue,46406,IN,rtreweelanv@surveymonkey.com
861,Rad Bartels,33 Carey Alley,48098,MI,rbartelsnw@list-manage.com
862,Wynny Edlyn,9 Westend Plaza,29403,SC,wedlynnx@alibaba.com
863,Dimitry Maton,56566 Oneill Park,75205,TX,dmatonny@zimbio.com
864,Lane Brind,197 Ruskin Center,10045,NY,lbrindnz@redcross.org
865,Lilas Stit,596 Coleman Way,46867,IN,lstito0@g.co
866,Sarita Rourke,8446 Sutherland Lane,33605,FL,srourkeo1@microsoft.com
867,Gav Fusedale,79552 Glacier Hill Way,92822,CA,gfusedaleo2@ucoz.ru
868,Susann Aberkirdo,769 Fremont Way,92132,CA,saberkirdoo3@bbc.co.uk
869,Aviva Sherrum,48 Meadow Ridge Plaza,48126,MI,asherrumo4@seattletimes.com
870,Helenka Piecha,4 Spohn Junction,97229,OR,hpiechao5@vinaora.com
871,Cindra Careless,7 Linden Plaza,63116,MO,ccarelesso6@mozilla.org
872,Manon Dible,67899 Ruskin Road,75358,TX,mdibleo7@meetup.com
873,Bobby Merwe,52 Jenna Parkway,34135,FL,bmerweo8@simplemachines.org
874,Dorena Bills,63059 Lake View Road,70505,LA,dbillso9@blog.com
875,Oneida Donizeau,193 Homewood Circle,22093,VA,odonizeauoa@cloudflare.com
876,Rhodia Petrol,68 Eagle Crest Lane,48232,MI,rpetrolob@shinystat.com
877,Monti Adao,7 Haas Road,50335,IA,madaooc@census.gov
878,Stefanie Fawdrey,380 Petterle Circle,87592,NM,sfawdreyod@columbia.edu
879,Berrie McClements,761 5th Crossing,94622,CA,bmcclementsoe@yahoo.com
880,Roscoe Scarce,992 Corry Terrace,85305,AZ,rscarceof@guardian.co.uk
881,Nanine Yakunin,79245 Spohn Trail,27621,NC,nyakuninog@nyu.edu
882,Isa Marion,9 Quincy Pass,23436,VA,imarionoh@youtu.be
883,Sarina Darlasson,61 Fremont Court,19805,DE,sdarlassonoi@cornell.edu
884,Griffie Younie,1 Fair Oaks Terrace,06127,CT,gyounieoj@mac.com
885,Robinette Bertomier,70 Lien Crossing,93721,CA,rbertomierok@army.mil
886,Darleen Blamire,17476 Erie Street,66112,KS,dblamireol@cisco.com
887,Wileen Brandli,63 Crest Line Center,73179,OK,wbrandliom@google.ca
888,Ive Kealey,5729 Walton Trail,70179,LA,ikealeyon@accuweather.com
889,Benjamin Sabine,0866 Dovetail Crossing,79940,TX,bsabineoo@odnoklassniki.ru
890,Vere Mundford,7445 Schurz Trail,29805,SC,vmundfordop@zdnet.com
891,Gaultiero Guillerman,9 Fordem Street,80235,CO,gguillermanoq@theatlantic.com
892,Bren O' Dooley,1 Anniversary Plaza,60691,IL,boor@mail.ru
893,Garner Winborn,13 Mcguire Center,99512,AK,gwinbornos@tinyurl.com
894,Port Allett,52 Gateway Court,87190,NM,pallettot@hatena.ne.jp
895,Penelopa Strelitzki,9 Namekagon Trail,78260,TX,pstrelitzkiou@blogs.com
896,Gearard Szymon,77 Summerview Center,46825,IN,gszymonov@desdev.cn
897,Raye Ferris,43197 Veith Crossing,17110,PA,rferrisow@tiny.cc
898,Nerty Wrintmore,10 Carey Avenue,48076,MI,nwrintmoreox@google.pl
899,Yuri Ailmer,1370 Ilene Terrace,19191,PA,yailmeroy@g.co
900,Killie Harnetty,6510 Independence Junction,93305,CA,kharnettyoz@bbb.org
901,Crosby Eve,7053 Weeping Birch Alley,95354,CA,cevep0@europa.eu
902,Jillian Cracknall,6 Jackson Avenue,10175,NY,jcracknallp1@hibu.com
903,Henrik Edgars,89600 Warbler Pass,93407,CA,hedgarsp2@harvard.edu
904,Hew Danneil,5 Hanson Park,20062,DC,hdanneilp3@cisco.com
905,Lauralee Wasson,222 Grayhawk Park,78210,TX,lwassonp4@rambler.ru
906,Salomon Catt,67 Maryland Terrace,23225,VA,scattp5@surveymonkey.com
907,Rollo Muston,373 Cardinal Drive,70826,LA,rmustonp6@cdc.gov
908,Giraud Kettley,5 Swallow Plaza,68583,NE,gkettleyp7@go.com
909,Edlin Methley,86 3rd Trail,01152,MA,emethleyp8@mac.com
910,Winona Breinlein,66226 Hintze Street,20456,DC,wbreinleinp9@discuz.net
911,Doti Woollends,780 Coolidge Junction,25726,WV,dwoollendspa@ucsd.edu
912,Jard Bloodworth,70084 Clarendon Junction,83711,ID,jbloodworthpb@ox.ac.uk
913,Mathe Lacroux,693 Pond Park,89160,NV,mlacrouxpc@marketwatch.com
914,Antonie McEnery,2869 Moose Drive,63158,MO,amcenerypd@cnn.com
915,Dare Norwich,0 Monterey Drive,47737,IN,dnorwichpe@techcrunch.com
916,Itch Scates,70647 Talisman Place,79491,TX,iscatespf@github.io
917,Llewellyn O'Mara,26 Linden Trail,73142,OK,lomarapg@skyrock.com
918,Keeley Cumberland,11227 Buell Center,20883,MD,kcumberlandph@google.fr
919,Robb Cheney,28975 Claremont Pass,06825,CT,rcheneypi@nbcnews.com
920,Claresta Cleminshaw,981 Forest Dale Lane,33013,FL,ccleminshawpj@feedburner.com
921,Zola Rove,644 Marquette Junction,33190,FL,zrovepk@domainmarket.com
922,Dorise Manifould,606 Lyons Pass,91913,CA,dmanifouldpl@cbc.ca
923,Cairistiona Cadamy,590 Johnson Road,71130,LA,ccadamypm@cnn.com
924,Gene Dannehl,64 Continental Way,31210,GA,gdannehlpn@salon.com
925,Micah Duffill,1860 Cambridge Park,77293,TX,mduffillpo@uiuc.edu
926,Lee Ernshaw,3169 Spohn Court,95828,CA,lernshawpp@elpais.com
927,Karalynn Milsom,2829 Warrior Point,72209,AR,kmilsompq@exblog.jp
928,Dione Storry,1039 Brentwood Point,23471,VA,dstorrypr@usnews.com
929,Nancee Ordish,33 Village Place,33075,FL,nordishps@macromedia.com
930,Kaja Patrone,283 Montana Center,27110,NC,kpatronept@newsvine.com
931,Elaine Leneve,22101 Charing Cross Terrace,60505,IL,elenevepu@t.co
932,Julian Masdon,2171 Badeau Terrace,50335,IA,jmasdonpv@bluehost.com
933,Curry Bolingbroke,43678 Hauk Center,61825,IL,cbolingbrokepw@salon.com
934,Darrick Bidgod,588 Cardinal Junction,11054,NY,dbidgodpx@lulu.com
935,Jeanna Andrewartha,76 Green Ridge Road,73114,OK,jandrewarthapy@harvard.edu
936,Padget Ghiriardelli,1 Gina Road,44555,OH,pghiriardellipz@g.co
937,Urbanus Follin,16 Morrow Pass,85210,AZ,ufollinq0@tinyurl.com
938,Saunderson Landells,321 Prentice Plaza,12325,NY,slandellsq1@nationalgeographic.com
939,Marven Ovett,5 Surrey Drive,64082,MO,movettq2@netvibes.com
940,Xena Habberjam,55273 Ilene Center,33467,FL,xhabberjamq3@diigo.com
941,Bobbi Maplethorpe,160 American Street,45223,OH,bmaplethorpeq4@ftc.gov
942,Ella Evetts,49093 Darwin Pass,34276,FL,eevettsq5@a8.net
943,Kai Ballinger,40 Menomonie Parkway,30506,GA,kballingerq6@java.com
944,Chicky Folker,97036 Oneill Place,96154,CA,cfolkerq7@usda.gov
945,Ruperta Barnwill,9 Eagan Lane,12242,NY,rbarnwillq8@pagesperso-orange.fr
946,Darby Heineken,7 Towne Lane,34290,FL,dheinekenq9@csmonitor.com
947,Marthena Pietrusiak,08074 Oak Trail,77260,TX,mpietrusiakqa@archive.org
948,Bride Egdal,8 Melrose Plaza,20557,DC,begdalqb@google.cn
949,Jarib Springthorpe,57 Farragut Way,33715,FL,jspringthorpeqc@goo.ne.jp
950,Lizzie Jobson,14805 Thackeray Place,62776,IL,ljobsonqd@mediafire.com
951,Kellie Spurritt,5 Dwight Street,27150,NC,kspurrittqe@house.gov
952,Ara Saffill,8 Florence Center,32605,FL,asaffillqf@wired.com
953,Sigismundo Yegorchenkov,11 Columbus Trail,94132,CA,syegorchenkovqg@live.com
954,Pippo Goldsworthy,628 Maple Wood Trail,79984,TX,pgoldsworthyqh@ft.com
955,Blakelee Askew,86 Meadow Ridge Park,53205,WI,baskewqi@furl.net
956,Jasen Code,464 Mayer Parkway,80299,CO,jcodeqj@shop-pro.jp
957,Sandi Cranstone,0506 Lawn Way,98907,WA,scranstoneqk@time.com
958,Malinda Rowly,27792 Surrey Parkway,94142,CA,mrowlyql@ycombinator.com
959,Farleigh Iban,72076 Sage Lane,66276,KS,fibanqm@ebay.com
960,Garvin Gibb,49308 Larry Park,22047,VA,ggibbqn@odnoklassniki.ru
961,Annette Dentith,63776 Summit Pass,92717,CA,adentithqo@theatlantic.com
962,Jacinda Winsley,860 Reindahl Hill,44315,OH,jwinsleyqp@fotki.com
963,Hilary de Clercq,1751 Anzinger Drive,64190,MO,hdeqq@arizona.edu
964,Alexis Rubinek,582 Southridge Pass,94522,CA,arubinekqr@cmu.edu
965,Heidi Gomersal,72 Luster Road,79415,TX,hgomersalqs@webs.com
966,Eryn Glenfield,1154 Boyd Center,43666,OH,eglenfieldqt@dion.ne.jp
967,Anne-marie Massen,422 Muir Alley,99522,AK,amassenqu@wikia.com
968,Barny Firbank,23961 Almo Plaza,32405,FL,bfirbankqv@statcounter.com
969,Alvie Lovie,51 Almo Junction,13205,NY,alovieqw@globo.com
970,Colman Epelett,63 Straubel Park,68164,NE,cepelettqx@hud.gov
971,Melody Spendley,08 Mesta Avenue,77070,TX,mspendleyqy@jugem.jp
972,Silva Ive,87904 Jay Center,17105,PA,siveqz@marketwatch.com
973,Shalom Zorn,0 Armistice Street,33064,FL,szornr0@sbwire.com
974,Kippy Tooker,7820 Kings Circle,28230,NC,ktookerr1@chron.com
975,Kimberley Greschke,668 Bonner Avenue,80243,CO,kgreschker2@go.com
976,Siffre Kaye,5 Cherokee Place,66611,KS,skayer3@blinklist.com
977,Di Howsan,34 Magdeline Way,85271,AZ,dhowsanr4@cocolog-nifty.com
978,Alexandra Jeste,317 Oak Valley Circle,20599,DC,ajester5@europa.eu
979,Fitzgerald Falkner,99 High Crossing Crossing,80638,CO,ffalknerr6@dmoz.org
980,Elisabet Moseby,91806 Bellgrove Court,30089,GA,emosebyr7@imgur.com
981,Noelyn Minnis,403 Melody Place,31119,GA,nminnisr8@ftc.gov
982,Leda Lidgey,17 Burrows Road,33164,FL,llidgeyr9@amazonaws.com
983,Julina Ochiltree,78 Oneill Road,94522,CA,jochiltreera@chronoengine.com
984,Marcela Wandrich,66300 Columbus Drive,20005,DC,mwandrichrb@about.com
985,Evan Biddle,56622 Forest Dale Crossing,59806,MT,ebiddlerc@behance.net
986,Beniamino Haldene,4 Roth Street,66286,KS,bhaldenerd@microsoft.com
987,Poppy Fancett,11724 Transport Plaza,92835,CA,pfancettre@php.net
988,Burnaby Gosnell,63809 Arkansas Center,28272,NC,bgosnellrf@fema.gov
989,De witt Ffrench,80 Esker Park,32964,FL,dwittrg@deliciousdays.com
990,Westbrook Croan,03 Carioca Road,22225,VA,wcroanrh@amazon.de
991,Bertina Laimable,67 Vermont Center,23551,VA,blaimableri@1688.com
992,Patsy Wilshere,0750 Hermina Park,47812,IN,pwilshererj@hexun.com
993,Wendall Louedey,3048 Maple Wood Street,34665,FL,wlouedeyrk@amazonaws.com
994,Mikael Mounter,3684 Mosinee Point,32314,FL,mmounterrl@weebly.com
995,Doug Grahlman,59 Veith Alley,79188,TX,dgrahlmanrm@tmall.com
996,Brynn Raithby,6 School Center,20310,DC,braithbyrn@unblog.fr
997,Sammy McCombe,3177 Mcbride Terrace,97216,OR,smccombero@is.gd
998,Vi Creamer,38 Forest Circle,65218,MO,vcreamerrp@pcworld.com
999,Nathalie Clemmow,2 Memorial Park,33310,FL,nclemmowrq@thetimes.co.uk
1000,Taite Fownes,2 Veith Avenue,32803,FL,tfownesrr@ebay.co.uk
