id,name,address,zipcode,state,email
1,Augustine Hedge,9 Northland Avenue,77223,TX,ahedge0@hatena.ne.jp
2,Alyce Mallabone,5 Dixon Road,91199,CA,amallabone1@va.gov
3,Charlene Willoughby,527 Anhalt Drive,40220,KY,cwilloughby2@networksolutions.com
4,Rebe Burder,4817 Monterey Hill,24503,VA,rburder3@eepurl.com
5,Mirilla Simkovitz,883 Forest Run Pass,98166,WA,msimkovitz4@yahoo.co.jp
6,Benedick Gierhard,9330 Grayhawk Center,19151,PA,bgierhard5@wired.com
7,Hilde Ellingford,3977 Mallory Pass,45403,OH,hellingford6@google.com.hk
8,Patton Paydon,88 Hazelcrest Street,70894,LA,ppaydon7@mozilla.org
9,Margalit Pieche,909 Eliot Parkway,08650,NJ,mpieche8@artisteer.com
10,Lucy Egan,382 Fordem Drive,45228,OH,legan9@1688.com
11,Tull Vaud,3552 Oxford Crossing,88558,TX,tvauda@wufoo.com
12,Vinson Kryska,77647 Sutteridge Hill,34238,FL,vkryskab@dmoz.org
13,Morie Heeks,7364 Derek Place,28815,NC,mheeksc@shop-pro.jp
14,Alphonse Impey,0 Nobel Alley,62705,IL,aimpeyd@drupal.org
15,Talbot Corss,80 Rutledge Road,91841,CA,tcorsse@ameblo.jp
16,Field Flaubert,1 North Parkway,40220,KY,fflaubertf@yandex.ru
17,Kelly Rathke,8 Farmco Crossing,89510,NV,krathkeg@marriott.com
18,Nelia Ticic,47 Arkansas Park,65211,MO,nticich@twitter.com
19,Elsi Tennick,848 South Pass,77212,TX,etennicki@guardian.co.uk
20,Wernher Aspinall,21930 Coolidge Street,30066,GA,waspinallj@ebay.com
21,Phyllys Agar,9 International Place,96820,HI,pagark@ebay.co.uk
22,Mathilde Hyams,018 Westerfield Pass,98195,WA,mhyamsl@yandex.ru
23,Sheilah Peile,6256 Trailsway Crossing,33906,FL,speilem@craigslist.org
24,Bert De Bellis,6606 Loeprich Court,94245,CA,bden@baidu.com
25,Rochester Hankey,7962 Red Cloud Court,21281,MD,rhankeyo@illinois.edu
26,Meryl Stiggers,4085 Holmberg Drive,84189,UT,mstiggersp@washingtonpost.com
27,Carena Lightbody,303 Vernon Parkway,10045,NY,clightbodyq@discuz.net
28,Gradey Grund,70622 Melrose Point,33686,FL,ggrundr@wunderground.com
29,Den Simister,27 Cambridge Parkway,45254,OH,dsimisters@nba.com
30,Dore Piddick,3 Sage Junction,30089,GA,dpiddickt@wsj.com
31,Bron Vaar,236 Veith Point,78415,TX,bvaaru@mtv.com
32,Brander Stanway,65691 Northridge Point,79491,TX,bstanwayv@toplist.cz
33,Gipsy De la Eglise,9562 Fairfield Way,75049,TX,gdew@homestead.com
34,Arri Purvey,479 Hanover Alley,22111,VA,apurveyx@ucoz.ru
35,Herbert Ebbetts,24500 Evergreen Road,85067,AZ,hebbettsy@shop-pro.jp
36,Giordano McGinlay,5506 Mockingbird Park,62756,IL,gmcginlayz@boston.com
37,Tiffy Padbury,7 Killdeer Junction,14683,NY,tpadbury10@webnode.com
38,Bathsheba Halfhead,38 Myrtle Parkway,01654,MA,bhalfhead11@tripadvisor.com
39,Sophia Fittall,77914 Monument Crossing,75216,TX,sfittall12@tuttocitta.it
40,Casi Letchford,41 Messerschmidt Point,47805,IN,cletchford13@businesswire.com
41,Veronika Kulver,89155 Harbort Street,89166,NV,vkulver14@163.com
42,Emelita Klaiser,7 Pepper Wood Place,33124,FL,eklaiser15@homestead.com
43,Marinna Huckleby,63330 Bay Park,94544,CA,mhuckleby16@wordpress.org
44,Dickie Jannex,7 Surrey Court,99812,AK,djannex17@geocities.com
45,Noel Lampitt,4 Gulseth Trail,23436,VA,nlampitt18@vkontakte.ru
46,Cherlyn Osant,9 Jenifer Road,90405,CA,cosant19@aboutads.info
47,Malanie Skerritt,55019 Kennedy Point,30045,GA,mskerritt1a@cargocollective.com
48,Clarette Hews,6 Manley Plaza,72231,AR,chews1b@umn.edu
49,Danila Syversen,9 Loftsgordon Plaza,99517,AK,dsyversen1c@nba.com
50,Ranee Bridewell,81850 Oakridge Street,71161,LA,rbridewell1d@nyu.edu
51,Hailey McDuff,26 Springview Drive,53285,WI,hmcduff1e@issuu.com
52,Jecho Ayer,21 Glacier Hill Circle,68510,NE,jayer1f@woothemes.com
53,Kalina Grass,10 Oriole Alley,11499,NY,kgrass1g@geocities.com
54,Ara O'Doireidh,1680 Hayes Lane,60609,IL,aodoireidh1h@prweb.com
55,Jourdain Parnaby,23118 Helena Circle,77095,TX,jparnaby1i@webeden.co.uk
56,Keelby Gussie,0164 Oxford Alley,76310,TX,kgussie1j@phoca.cz
57,Sadie Grint,3 Springs Terrace,74108,OK,sgrint1k@ftc.gov
58,Lucius Warricker,80 Garrison Court,93311,CA,lwarricker1l@eepurl.com
59,Rahel Galer,690 Aberg Terrace,98682,WA,rgaler1m@artisteer.com
60,Martguerita Fitchell,2 Myrtle Way,85705,AZ,mfitchell1n@histats.com
61,Wilhelmina Abelovitz,485 Melvin Road,77343,TX,wabelovitz1o@cloudflare.com
62,Brinna Corsham,64 Dorton Circle,66220,KS,bcorsham1p@diigo.com
63,Ellswerth Harbidge,216 Upham Junction,79415,TX,eharbidge1q@tripod.com
64,Angelia Eunson,94 Bunting Circle,16565,PA,aeunson1r@wikia.com
65,Johnathan Dyster,31 Sachtjen Way,94660,CA,jdyster1s@cloudflare.com
66,Darbie Hexam,82203 Sachtjen Circle,55436,MN,dhexam1t@about.me
67,Jeremy Wroath,397 Barnett Court,32964,FL,jwroath1u@hexun.com
68,Avrit Cossam,64091 Miller Alley,31914,GA,acossam1v@nps.gov
69,Emilio Forde,33 Dunning Park,76905,TX,eforde1w@networkadvertising.org
70,Hy Bosman,2010 Macpherson Court,20057,DC,hbosman1x@twitpic.com
71,Sioux Haddick,60611 Oneill Junction,29615,SC,shaddick1y@patch.com
72,Drugi Losano,69637 Crescent Oaks Point,77025,TX,dlosano1z@adobe.com
73,Moyra Gammett,8277 Corscot Drive,89519,NV,mgammett20@hao123.com
74,Leoline Astupenas,3 Sauthoff Trail,70187,LA,lastupenas21@shinystat.com
75,Gabriellia McCaughey,7062 Declaration Street,10469,NY,gmccaughey22@amazon.co.jp
76,Elyse Igonet,26286 Portage Court,77806,TX,eigonet23@usa.gov
77,Arte Seller,759 Bartillon Alley,23454,VA,aseller24@vkontakte.ru
78,Monah Scroggs,43 Darwin Road,20525,DC,mscroggs25@foxnews.com
79,Bendick Double,68875 Fisk Plaza,53220,WI,bdouble26@sphinn.com
80,Lurette Cheale,43344 Butternut Way,06726,CT,lcheale27@smugmug.com
81,Verina Elvins,76 Pawling Trail,64082,MO,velvins28@parallels.com
82,Jesse Wainscot,6799 Anniversary Park,23551,VA,jwainscot29@prlog.org
83,Yetta Patridge,94352 Nova Pass,46862,IN,ypatridge2a@bloglovin.com
84,Kingston Skevington,8723 Service Center,31119,GA,kskevington2b@xing.com
85,Waldo Bunn,68315 Hallows Pass,08608,NJ,wbunn2c@redcross.org
86,Shoshanna Deas,10 Eagan Pass,80299,CO,sdeas2d@goodreads.com
87,Harlene Quarterman,6669 Northwestern Alley,76905,TX,hquarterman2e@usatoday.com
88,Alyosha Klug,4874 Huxley Terrace,94627,CA,aklug2f@pbs.org
89,Aimil Cordy,203 Darwin Hill,10004,NY,acordy2g@weather.com
90,Perl Halewood,23156 Ohio Place,44760,OH,phalewood2h@sina.com.cn
91,Cassey Nannizzi,712 2nd Alley,91406,CA,cnannizzi2i@earthlink.net
92,Harman O'Tierney,68 Union Lane,64109,MO,hotierney2j@apache.org
93,Heath Whyffen,2536 Thierer Way,11254,NY,hwhyffen2k@dailymotion.com
94,Rivalee Honisch,5 Debs Plaza,27717,NC,rhonisch2l@twitpic.com
95,Chandal Fanthom,5 Morningstar Crossing,73129,OK,cfanthom2m@usgs.gov
96,Solly Ziemsen,2 Schmedeman Place,28284,NC,sziemsen2n@google.ca
97,Gina De Domenici,511 Independence Terrace,71105,LA,gde2o@shop-pro.jp
98,Maribel Ibberson,48090 Lake View Center,46221,IN,mibberson2p@skyrock.com
99,Demetris Ackers,708 Arapahoe Hill,10079,NY,dackers2q@privacy.gov.au
100,Wilton Tooting,28034 Hallows Drive,17105,PA,wtooting2r@whitehouse.gov
101,Faina Blockwell,59 Moland Plaza,33325,FL,fblockwell2s@free.fr
102,Kriste Falloon,145 Nevada Plaza,06721,CT,kfalloon2t@blogspot.com
103,Lucia Gillespie,6306 Maywood Avenue,53716,WI,lgillespie2u@list-manage.com
104,Codi Thom,066 Anniversary Hill,24014,VA,cthom2v@quantcast.com
105,Burlie Widdowes,2 Carberry Hill,60630,IL,bwiddowes2w@example.com
106,Amelina Biasetti,3255 Miller Lane,16510,PA,abiasetti2x@ocn.ne.jp
107,Myrwyn Durran,14 Mifflin Alley,14210,NY,mdurran2y@bloglines.com
108,Tera Orans,63300 Myrtle Crossing,57198,SD,torans2z@uol.com.br
109,Farrand Sturte,6 Claremont Alley,94159,CA,fsturte30@twitter.com
110,Cleavland Walthew,00 Straubel Pass,68134,NE,cwalthew31@people.com.cn
111,Wade Bendig,9 Gulseth Avenue,78235,TX,wbendig32@goo.ne.jp
112,Adiana Macilhench,8 Fremont Road,60505,IL,amacilhench33@geocities.com
113,Laurice Denkel,62346 Spenser Plaza,88541,TX,ldenkel34@elpais.com
114,Serene Ghirigori,93947 Sugar Parkway,30033,GA,sghirigori35@stanford.edu
115,Archambault Clutram,724 Ruskin Lane,14205,NY,aclutram36@goo.gl
116,Markos Polland,2 Jenifer Avenue,53205,WI,mpolland37@google.com.hk
117,Brit Treadger,02155 Dunning Trail,16107,PA,btreadger38@google.ca
118,Hersh Limming,02 Fairfield Trail,18768,PA,hlimming39@prlog.org
119,Gigi Tredget,921 Village Green Plaza,33330,FL,gtredget3a@list-manage.com
120,Marita Cradey,954 Menomonie Park,06922,CT,mcradey3b@goodreads.com
121,Briggs Crumly,02 Holy Cross Street,19725,DE,bcrumly3c@goo.gl
122,Nadiya Amiranda,2 Tony Lane,29215,SC,namiranda3d@mapy.cz
123,Goldi Tonkin,913 Shoshone Pass,46634,IN,gtonkin3e@wufoo.com
124,Far Blackbourn,7087 Green Trail,20016,DC,fblackbourn3f@hp.com
125,Prentice Local,5 Claremont Terrace,73119,OK,plocal3g@livejournal.com
126,Ario Owers,9053 Jay Drive,34949,FL,aowers3h@bing.com
127,Marlow Fenkel,0 Grayhawk Alley,89510,NV,mfenkel3i@wunderground.com
128,Gusty Gobel,2 Buhler Parkway,89087,NV,ggobel3j@chronoengine.com
129,Hodge Hussy,6 Spaight Point,97232,OR,hhussy3k@fda.gov
130,Nanice Steuhlmeyer,70 Hintze Plaza,20215,DC,nsteuhlmeyer3l@yolasite.com
131,Matty Seymer,5 Vera Avenue,94237,CA,mseymer3m@ebay.co.uk
132,Carlie Sawdy,93 Schmedeman Crossing,06825,CT,csawdy3n@gnu.org
133,Willi Baptie,45 Dexter Pass,92862,CA,wbaptie3o@biblegateway.com
134,Warden MacFarlane,4377 Crownhardt Terrace,19058,PA,wmacfarlane3p@amazonaws.com
135,Velma Finders,32 Stang Alley,77293,TX,vfinders3q@oracle.com
136,Jackson Jamme,41651 Eagan Park,33175,FL,jjamme3r@mtv.com
137,Johnette Surmeir,0638 Clarendon Center,06606,CT,jsurmeir3s@people.com.cn
138,Dareen Airds,645 Messerschmidt Lane,60351,IL,dairds3t@tamu.edu
139,Terra Brosh,6926 Gulseth Parkway,19131,PA,tbrosh3u@cdbaby.com
140,Emelyne Hoyt,8 Eliot Place,64101,MO,ehoyt3v@xinhuanet.com
141,Kelly Breydin,6 Dixon Drive,34615,FL,kbreydin3w@auda.org.au
142,Shanta Rawlings,94 Rusk Street,92844,CA,srawlings3x@blogspot.com
143,Reyna Gierek,98310 Cody Lane,50393,IA,rgierek3y@php.net
144,Huntlee Maass,813 Warner Circle,34108,FL,hmaass3z@msu.edu
145,Kingston Premble,3635 Ridge Oak Parkway,29240,SC,kpremble40@alexa.com
146,Aggi Kerridge,857 Grim Terrace,50335,IA,akerridge41@cafepress.com
147,Wilie Threadgould,273 Sheridan Terrace,20067,DC,wthreadgould42@flickr.com
148,Cristabel Waggett,80 Melvin Hill,70820,LA,cwaggett43@cafepress.com
149,Fionnula Bridgeland,66918 Mcguire Center,77095,TX,fbridgeland44@yelp.com
150,Jacinthe Marl,491 Darwin Drive,33153,FL,jmarl45@netvibes.com
151,Lenard Di Carli,3060 Sachtjen Alley,32209,FL,ldi46@apple.com
152,Carmita Petkovic,4 Declaration Drive,02163,MA,cpetkovic47@reverbnation.com
153,Galen Keaton,34 Blaine Pass,19136,PA,gkeaton48@youku.com
154,Jedd Malloch,1 Banding Court,83757,ID,jmalloch49@census.gov
155,Corbett Armsden,66 Columbus Hill,16522,PA,carmsden4a@nydailynews.com
156,Meredithe Dumbreck,43053 Waxwing Center,95865,CA,mdumbreck4b@smugmug.com
157,Tamma Milberry,9268 Eastwood Plaza,92725,CA,tmilberry4c@earthlink.net
158,Tabbie Lathom,11317 Bowman Hill,61825,IL,tlathom4d@biglobe.ne.jp
159,Clare McAughtrie,2 Gulseth Road,43605,OH,cmcaughtrie4e@ftc.gov
160,Bertie Stanyard,12385 Mockingbird Point,92717,CA,bstanyard4f@columbia.edu
161,Olly La Torre,6493 Forest Run Crossing,48098,MI,ola4g@adobe.com
162,Elly Signoret,7096 Red Cloud Crossing,21684,MD,esignoret4h@cloudflare.com
163,Nathan Canedo,77088 Dottie Plaza,79989,TX,ncanedo4i@ucsd.edu
164,Orbadiah Goss,1 Dryden Park,32314,FL,ogoss4j@mapquest.com
165,Prentice Cooch,134 Elgar Park,19131,PA,pcooch4k@godaddy.com
166,Minni Paskell,9136 Duke Way,79989,TX,mpaskell4l@multiply.com
167,Nertie Dobel,51309 Sheridan Drive,28278,NC,ndobel4m@mac.com
168,Terry Cerro,2 Di Loreto Lane,79999,TX,tcerro4n@independent.co.uk
169,Thea Bareford,4 Little Fleur Point,43610,OH,tbareford4o@sohu.com
170,Neddie Gilding,9646 Sage Way,30336,GA,ngilding4p@icio.us
171,Gretna Brecknall,910 Everett Road,84170,UT,gbrecknall4q@senate.gov
172,Debera Pallesen,22536 Petterle Hill,70124,LA,dpallesen4r@skyrock.com
173,Cull Kubalek,34574 Milwaukee Pass,76110,TX,ckubalek4s@dropbox.com
174,Mac Goulbourne,9125 Northridge Crossing,14269,NY,mgoulbourne4t@histats.com
175,Wainwright Tapp,20336 Golden Leaf Drive,08922,NJ,wtapp4u@baidu.com
176,Tobias Dinneen,2 International Drive,32919,FL,tdinneen4v@unc.edu
177,Bald Davys,55098 Mallory Alley,06127,CT,bdavys4w@123-reg.co.uk
178,Emalee Whitley,04477 Troy Hill,15250,PA,ewhitley4x@intel.com
179,Grange Veryan,43 Crescent Oaks Avenue,30061,GA,gveryan4y@nytimes.com
180,Finn Szachniewicz,8 Riverside Trail,11436,NY,fszachniewicz4z@issuu.com
181,Hewet Mickelwright,331 Memorial Way,33913,FL,hmickelwright50@altervista.org
182,Carlen Gibbings,7126 Hansons Crossing,35236,AL,cgibbings51@yahoo.co.jp
183,Yule ffrench Beytagh,25890 Shopko Point,60681,IL,yffrench52@ft.com
184,Rochell Upsale,87 Lighthouse Bay Road,10203,NY,rupsale53@dedecms.com
185,Marketa Antrim,9 International Avenue,43226,OH,mantrim54@storify.com
186,Anastasia Wilson,173 Reinke Pass,76305,TX,awilson55@pcworld.com
187,Danni Furzer,04 Killdeer Alley,07208,NJ,dfurzer56@freewebs.com
188,Kristen Franz-Schoninger,40894 Iowa Terrace,90010,CA,kfranzschoninger57@shareasale.com
189,Tani Benoit,58997 Nova Alley,20046,DC,tbenoit58@dailymail.co.uk
190,Faythe Batchelar,28 Main Court,98185,WA,fbatchelar59@dagondesign.com
191,Bax Samples,91034 Miller Avenue,80920,CO,bsamples5a@youku.com
192,Rosabelle Flucks,6 Dovetail Crossing,94177,CA,rflucks5b@slate.com
193,Sallyanne Sizland,6196 Farragut Avenue,95210,CA,ssizland5c@1688.com
194,Daveen Frango,05 Eagan Hill,80920,CO,dfrango5d@dedecms.com
195,Geralda Tunsley,911 Esch Way,33906,FL,gtunsley5e@sohu.com
196,Wesley Smallacombe,6 Pond Way,31904,GA,wsmallacombe5f@bbb.org
197,Bobbee Mashal,67 Melrose Drive,38308,TN,bmashal5g@sfgate.com
198,Meyer Richter,10693 Vernon Alley,11499,NY,mrichter5h@bbb.org
199,Isaiah Heinrich,17 Main Street,11044,NY,iheinrich5i@mashable.com
200,Bernie Wintringham,4 Bayside Point,92196,CA,bwintringham5j@mapy.cz
201,Odelle Bee,050 Tennessee Court,25716,WV,obee5k@ask.com
202,Sidnee Snel,09 North Road,44105,OH,ssnel5l@unc.edu
203,Amalie Blinman,471 Eliot Center,27455,NC,ablinman5m@imageshack.us
204,Lilian Medmore,1 Barby Alley,55123,MN,lmedmore5n@technorati.com
205,Caryl Slowey,79057 Evergreen Circle,32236,FL,cslowey5o@ask.com
206,Felix Fricker,96033 Glacier Hill Park,88535,TX,ffricker5p@redcross.org
207,Nert Michelmore,820 Manitowish Junction,33972,FL,nmichelmore5q@google.ru
208,Terrye Ivy,3 Steensland Avenue,54305,WI,tivy5r@bloglovin.com
209,Kenny Leversuch,139 Vahlen Alley,79105,TX,kleversuch5s@alexa.com
210,Rickey Claibourn,6 Artisan Parkway,87105,NM,rclaibourn5t@discovery.com
211,Kalil Decourcy,7602 Waubesa Hill,93704,CA,kdecourcy5u@yandex.ru
212,Sindee Dongles,0059 Florence Lane,66286,KS,sdongles5v@sciencedaily.com
213,Leicester McInnery,8 Westridge Drive,33884,FL,lmcinnery5w@de.vu
214,Blayne Lethardy,55725 Maryland Junction,75185,TX,blethardy5x@businesswire.com
215,Bryan Kaley,5 Mifflin Road,47937,IN,bkaley5y@ca.gov
216,Dinah Sparrow,1178 Almo Hill,91606,CA,dsparrow5z@time.com
217,Annelise Southcott,0 Fairfield Road,20051,DC,asouthcott60@eepurl.com
218,Cayla Davydenko,9126 Knutson Hill,49048,MI,cdavydenko61@ftc.gov
219,Casie Tomisch,2489 Vahlen Trail,47405,IN,ctomisch62@mysql.com
220,Dukie Vidgeon,68593 Shopko Lane,75185,TX,dvidgeon63@sciencedaily.com
221,Etienne Cuxon,8019 Mayfield Junction,77271,TX,ecuxon64@mail.ru
222,Celestine McCard,55298 Pepper Wood Plaza,20319,DC,cmccard65@npr.org
223,Aleksandr Fish,677 Hoffman Lane,78759,TX,afish66@slate.com
224,Zea Pitkins,5189 Shopko Alley,25721,WV,zpitkins67@desdev.cn
225,Emilia MacAvddy,43051 Artisan Point,91499,CA,emacavddy68@umich.edu
226,Ronald Hellin,4 Vernon Lane,78721,TX,rhellin69@hexun.com
227,Beverie Buckney,12953 Golf View Street,76121,TX,bbuckney6a@cloudflare.com
228,Tamarah Dominichetti,793 Rigney Hill,18514,PA,tdominichetti6b@mtv.com
229,Shepard Curtis,30 Maywood Center,83727,ID,scurtis6c@indiatimes.com
230,Duane Mallabone,147 Garrison Center,54313,WI,dmallabone6d@dailymotion.com
231,Eugenia Toombs,7892 Springs Center,32209,FL,etoombs6e@surveymonkey.com
232,Cecilio Mustarde,393 Oneill Avenue,55458,MN,cmustarde6f@nationalgeographic.com
233,Antonin Canniffe,70230 Oak Park,90020,CA,acanniffe6g@photobucket.com
234,Nadia Pevreal,1 Bobwhite Court,18105,PA,npevreal6h@wp.com
235,Louis Magenny,57 Westridge Lane,27150,NC,lmagenny6i@reverbnation.com
236,Opal Goodboddy,18329 Tony Alley,73104,OK,ogoodboddy6j@vkontakte.ru
237,Kincaid Knowling,45 Bunting Pass,84189,UT,kknowling6k@japanpost.jp
238,Skell Offa,3279 Utah Pass,84145,UT,soffa6l@dell.com
239,Reece Fry,1 Orin Plaza,37228,TN,rfry6m@flickr.com
240,Miltie Depport,0 Manufacturers Plaza,93111,CA,mdepport6n@bing.com
241,Tamera Ubsdell,59 David Junction,23289,VA,tubsdell6o@alexa.com
242,Lynnelle Rosas,63163 Portage Circle,29215,SC,lrosas6p@unesco.org
243,Pavlov Swansbury,04 Katie Place,93762,CA,pswansbury6q@tuttocitta.it
244,Celestia Postins,354 Merchant Circle,90840,CA,cpostins6r@usgs.gov
245,Chalmers Dunrige,098 Scoville Crossing,80127,CO,cdunrige6s@vimeo.com
246,Kaspar Banker,4022 8th Park,78715,TX,kbanker6t@cloudflare.com
247,Joceline Bramah,2316 Jana Point,78405,TX,jbramah6u@constantcontact.com
248,Thalia Nelthorp,133 Muir Way,61614,IL,tnelthorp6v@instagram.com
249,Rebbecca Tiler,2680 Northfield Parkway,99205,WA,rtiler6w@ezinearticles.com
250,Erika Summerill,76337 Sauthoff Drive,34642,FL,esummerill6x@usda.gov
251,Gunter Kobke,8 Barby Parkway,10474,NY,gkobke6y@nbcnews.com
252,Hiram Marzelo,619 Harbort Trail,92505,CA,hmarzelo6z@xrea.com
253,Pryce Brilleman,17348 Russell Street,78783,TX,pbrilleman70@oakley.com
254,Cherrita Hastler,57960 Calypso Hill,84199,UT,chastler71@japanpost.jp
255,Jervis Hunter,29668 Comanche Way,03804,NH,jhunter72@hao123.com
256,Jennine Easthope,380 Sycamore Terrace,80270,CO,jeasthope73@shareasale.com
257,Orion Scrannage,34 6th Street,33164,FL,oscrannage74@psu.edu
258,Eberhard Stailey,62293 Tony Street,93750,CA,estailey75@google.com.hk
259,Ira Swoffer,93603 Spenser Trail,30375,GA,iswoffer76@wix.com
260,Dory Rappaport,16 Maple Alley,77346,TX,drappaport77@arstechnica.com
261,Elroy Cavalier,477 Walton Center,10454,NY,ecavalier78@google.es
262,Mordecai Pringle,79732 Starling Terrace,90398,CA,mpringle79@apple.com
263,Norry Ivel,355 Sauthoff Way,61640,IL,nivel7a@sciencedirect.com
264,Odilia Devereu,06896 Rowland Pass,24048,VA,odevereu7b@archive.org
265,Timmie Seabridge,370 Meadow Vale Junction,76705,TX,tseabridge7c@blogspot.com
266,Vonni Trythall,71069 Warner Plaza,10039,NY,vtrythall7d@flavors.me
267,Sigmund Dorracott,90660 Bellgrove Parkway,91505,CA,sdorracott7e@tinypic.com
268,Esmaria Kalkofen,5 Darwin Center,36134,AL,ekalkofen7f@mapquest.com
269,Giuseppe Dunderdale,279 Bultman Lane,43204,OH,gdunderdale7g@bravesites.com
270,Evangeline Bray,67281 Milwaukee Alley,80150,CO,ebray7h@netscape.com
271,Bertina MacConneely,12 Nancy Trail,95133,CA,bmacconneely7i@blogs.com
272,Jami Trevaskiss,5 Fair Oaks Junction,30045,GA,jtrevaskiss7j@dailymotion.com
273,Julieta Minthorpe,81 Bartelt Parkway,47732,IN,jminthorpe7k@google.com.hk
274,Vincents Clarkson,032 Mockingbird Hill,33034,FL,vclarkson7l@who.int
275,Anjela Ostridge,1092 Anthes Avenue,47732,IN,aostridge7m@reference.com
276,Ruddy Skyner,6396 Spaight Junction,94245,CA,rskyner7n@1und1.de
277,Zeke Casotti,59 Walton Avenue,34620,FL,zcasotti7o@tinypic.com
278,Virginia Cayette,424 Sutteridge Parkway,99205,WA,vcayette7p@163.com
279,Corrie Atwill,4792 Bunker Hill Parkway,60609,IL,catwill7q@washington.edu
280,Appolonia Taylorson,1229 Mallory Lane,53405,WI,ataylorson7r@princeton.edu
281,Dietrich Grills,5570 Vermont Hill,79165,TX,dgrills7s@house.gov
282,Andria Corkish,090 Dayton Crossing,55114,MN,acorkish7t@photobucket.com
283,Kelby Wildash,0 Lakeland Place,55811,MN,kwildash7u@liveinternet.ru
284,Gabrielle Custed,0793 Hanover Place,43656,OH,gcusted7v@purevolume.com
285,Hadlee Dewicke,5 Riverside Trail,27605,NC,hdewicke7w@accuweather.com
286,Alena Boldison,578 Sunnyside Place,84170,UT,aboldison7x@oracle.com
287,Binnie Huison,928 Mitchell Court,25775,WV,bhuison7y@unc.edu
288,Thaddeus Spry,5164 Wayridge Junction,38161,TN,tspry7z@npr.org
289,Lorilee Hovard,8 Clemons Center,94405,CA,lhovard80@parallels.com
290,Valina Gumery,88 Blue Bill Park Court,89193,NV,vgumery81@networkadvertising.org
291,Delly Hedde,68 Reinke Center,73129,OK,dhedde82@blog.com
292,Chiquita Crehan,1021 Ridgeview Alley,57198,SD,ccrehan83@fc2.com
293,Anthea Mateo,562 Bluejay Hill,72916,AR,amateo84@fda.gov
294,April Honnan,61 Dennis Pass,77223,TX,ahonnan85@joomla.org
295,Gabriela Feake,677 Basil Crossing,30610,GA,gfeake86@ted.com
296,Karola Darrow,22 Ronald Regan Crossing,70894,LA,kdarrow87@github.com
297,Davide Cockaday,0 Walton Crossing,63131,MO,dcockaday88@scribd.com
298,Skell Kembry,719 Spohn Point,60630,IL,skembry89@go.com
299,Martha Ryding,79 Red Cloud Lane,20167,VA,mryding8a@telegraph.co.uk
300,Elke Mugglestone,8 Surrey Drive,55811,MN,emugglestone8b@163.com
301,Danella Swindlehurst,948 Oak Valley Trail,98411,WA,dswindlehurst8c@fastcompany.com
302,Thaddus Rivenzon,6 Bunting Crossing,63169,MO,trivenzon8d@fastcompany.com
303,Andreana Pee,29979 Butterfield Terrace,45470,OH,apee8e@creativecommons.org
304,Winston Lambden,70 Barby Road,36119,AL,wlambden8f@booking.com
305,Drusie Crumpe,81 Hauk Street,85383,AZ,dcrumpe8g@disqus.com
306,Alfred Kermitt,192 Elgar Avenue,32813,FL,akermitt8h@samsung.com
307,Jeannette Thirkettle,784 Maywood Way,90805,CA,jthirkettle8i@rakuten.co.jp
308,Harmony Gellier,56 Anzinger Drive,23612,VA,hgellier8j@163.com
309,Katine Randalson,64028 Cambridge Plaza,14210,NY,krandalson8k@bloglovin.com
310,Tim Soldner,10427 Myrtle Way,11225,NY,tsoldner8l@usda.gov
311,Eva Canete,9384 Union Place,36125,AL,ecanete8m@google.it
312,Dawna Genever,20295 Stone Corner Place,38181,TN,dgenever8n@auda.org.au
313,Godard Coggles,9 Fair Oaks Drive,11054,NY,gcoggles8o@boston.com
314,Tamara Driscoll,817 Fairfield Point,85077,AZ,tdriscoll8p@nhs.uk
315,Delia Pikhno,624 Kedzie Avenue,63110,MO,dpikhno8q@wufoo.com
316,Oralle Covert,617 Grasskamp Junction,77065,TX,ocovert8r@washington.edu
317,Mitch Wooder,40 Elka Place,53790,WI,mwooder8s@dailymail.co.uk
318,Giorgia Emnoney,9676 Stephen Pass,76105,TX,gemnoney8t@si.edu
319,Vasili Wallsam,0 Portage Trail,55423,MN,vwallsam8u@nasa.gov
320,Ashien Dyment,7960 Bowman Circle,85053,AZ,adyment8v@mediafire.com
321,Mace Pandey,0 Del Sol Parkway,77060,TX,mpandey8w@sun.com
322,Carley Gascar,7616 Hansons Place,44321,OH,cgascar8x@macromedia.com
323,Danyette Rogge,89 Memorial Terrace,77201,TX,drogge8y@simplemachines.org
324,Ondrea Dury,34 Hintze Point,74116,OK,odury8z@multiply.com
325,Babb De Beauchemp,24 Atwood Court,11470,NY,bde90@sitemeter.com
326,Chevalier St. Queintain,53 Monterey Trail,47712,IN,cst91@tiny.cc
327,Huntley Whithorn,83 Dryden Crossing,35487,AL,hwhithorn92@about.me
328,Petronille Muncie,883 Gerald Trail,37665,TN,pmuncie93@weather.com
329,David Suscens,2929 Badeau Junction,60669,IL,dsuscens94@ox.ac.uk
330,Vicky Gronowe,7 Eastwood Crossing,21290,MD,vgronowe95@google.com.au
331,Farleigh Klaaassen,68 Sycamore Place,20551,DC,fklaaassen96@independent.co.uk
332,Idelle Machan,2708 Merchant Drive,79923,TX,imachan97@nba.com
333,Desiree Foyle,96 Lyons Way,44197,OH,dfoyle98@rakuten.co.jp
334,Gustavo Hixley,2 Shopko Street,98121,WA,ghixley99@pcworld.com
335,Annis Peery,9303 Doe Crossing Street,76121,TX,apeery9a@vistaprint.com
336,Boyd Bawme,92478 Calypso Street,45999,OH,bbawme9b@ocn.ne.jp
337,Merilee McAdam,554 Ludington Lane,98127,WA,mmcadam9c@marriott.com
338,Anthe Brumfitt,86 Cody Drive,48670,MI,abrumfitt9d@comcast.net
339,Rafa Biever,649 Mccormick Street,75231,TX,rbiever9e@yale.edu
340,Alyson Priestley,282 Welch Junction,36119,AL,apriestley9f@over-blog.com
341,Viola Chinn,361 American Ash Avenue,90071,CA,vchinn9g@bandcamp.com
342,Leigh Disbrow,0 Old Shore Road,30368,GA,ldisbrow9h@huffingtonpost.com
343,Kissiah Aspland,34 Dayton Circle,45254,OH,kaspland9i@samsung.com
344,Cissy Higgonet,9 Walton Drive,10310,NY,chiggonet9j@homestead.com
345,Ianthe Aguirre,9837 Colorado Place,80310,CO,iaguirre9k@ucoz.com
346,Lindy Archdeacon,12814 Bluestem Trail,98133,WA,larchdeacon9l@shop-pro.jp
347,Tracie McCollum,585 Hanson Drive,95823,CA,tmccollum9m@sogou.com
348,Matthus Aspy,659 Melvin Street,48930,MI,maspy9n@techcrunch.com
349,Thorndike Bonnett,903 Warrior Hill,88589,TX,tbonnett9o@blogtalkradio.com
350,Wilie Iltchev,16747 Anderson Hill,77085,TX,wiltchev9p@bigcartel.com
351,Suzy Breawood,1 Clemons Center,95205,CA,sbreawood9q@exblog.jp
352,Matty Scyner,71 Lawn Plaza,11225,NY,mscyner9r@woothemes.com
353,Brennan Gillhespy,3050 Longview Alley,48919,MI,bgillhespy9s@theatlantic.com
354,Cloris Root,58107 American Road,21229,MD,croot9t@amazon.co.jp
355,Kristofor Reeme,8729 Surrey Alley,78240,TX,kreeme9u@shutterfly.com
356,Benedetta Itzakovitz,663 Havey Crossing,40210,KY,bitzakovitz9v@simplemachines.org
357,Jeri Banck,72 Eastwood Road,89135,NV,jbanck9w@slashdot.org
358,Jareb Speers,52 Arapahoe Alley,02109,MA,jspeers9x@wikimedia.org
359,Vivyanne Ghidotti,3243 Ridge Oak Road,10292,NY,vghidotti9y@etsy.com
360,Jorey Roskruge,89 Steensland Center,53277,WI,jroskruge9z@arstechnica.com
361,Gram Delepine,91 Cordelia Park,83727,ID,gdelepinea0@europa.eu
362,Jocko Rosengarten,83 Autumn Leaf Drive,33330,FL,jrosengartena1@reference.com
363,Vincent Sheahan,6 Mayfield Junction,48098,MI,vsheahana2@dedecms.com
364,Natalina Blazejewski,7745 Bayside Trail,33411,FL,nblazejewskia3@dion.ne.jp
365,Carleton Tapsell,26145 Shopko Avenue,37939,TN,ctapsella4@smugmug.com
366,Marje Baroche,9 Atwood Terrace,45403,OH,mbarochea5@smugmug.com
367,Ernesta Elkins,53 Brown Pass,92505,CA,eelkinsa6@bloglovin.com
368,Eveleen Messer,28386 Lien Center,75241,TX,emessera7@chicagotribune.com
369,Lisle Gagen,2 Dunning Lane,60619,IL,lgagena8@cloudflare.com
370,Kimberlyn Colbourn,94 Tennessee Parkway,46254,IN,kcolbourna9@shutterfly.com
371,Delbert Burdytt,9327 Eastwood Road,23272,VA,dburdyttaa@tripadvisor.com
372,Jorrie Lampens,72 Golden Leaf Park,88579,TX,jlampensab@paypal.com
373,Augustus Ellicombe,646 Continental Circle,11447,NY,aellicombeac@economist.com
374,Anabelle Kalinsky,33 Lyons Court,64136,MO,akalinskyad@chronoengine.com
375,Vinnie Zuann,014 New Castle Place,31405,GA,vzuannae@mlb.com
376,Don Haley,4318 Leroy Hill,23293,VA,dhaleyaf@photobucket.com
377,Vaughn Hoodlass,4 Kenwood Place,77095,TX,vhoodlassag@thetimes.co.uk
378,Shurwood Thundercliffe,64 Weeping Birch Center,71105,LA,sthundercliffeah@upenn.edu
379,Kevon Rucklesse,7601 Bellgrove Drive,32123,FL,krucklesseai@go.com
380,Dawn Doleman,87 Carioca Pass,80930,CO,ddolemanaj@dagondesign.com
381,Kaela Darcy,273 Onsgard Hill,50315,IA,kdarcyak@indiegogo.com
382,Maddie Kalinsky,5 Manufacturers Terrace,05609,VT,mkalinskyal@reuters.com
383,William Reeken,953 Meadow Valley Plaza,14646,NY,wreekenam@latimes.com
384,Pierson Neylon,8998 Pine View Way,27621,NC,pneylonan@creativecommons.org
385,Bell Breukelman,540 Bunker Hill Park,06140,CT,bbreukelmanao@bandcamp.com
386,Kent Blumire,62 Chinook Point,06127,CT,kblumireap@si.edu
387,Octavius Wardall,70 Havey Park,23504,VA,owardallaq@flickr.com
388,Gordon Shorthill,85370 Mitchell Court,33731,FL,gshorthillar@nps.gov
389,Nanete Greves,4 Claremont Drive,45470,OH,ngrevesas@ustream.tv
390,Celine Bartelot,2751 Knutson Drive,32220,FL,cbartelotat@google.it
391,Lowell Lindsay,413 Rutledge Hill,59105,MT,llindsayau@twitpic.com
392,Sasha Hamnett,80700 Caliangt Way,70154,LA,shamnettav@imdb.com
393,Pietrek Voller,4 Forest Dale Place,45807,OH,pvolleraw@studiopress.com
394,Gianni Klassmann,1 Hayes Pass,31605,GA,gklassmannax@g.co
395,Vale Wandrey,49 Stone Corner Avenue,94159,CA,vwandreyay@ocn.ne.jp
396,Lorelei Duesberry,35408 Graceland Road,18763,PA,lduesberryaz@mayoclinic.com
397,Gabriello Payne,3025 Sunnyside Avenue,77010,TX,gpayneb0@gov.uk
398,Whittaker Devennie,44232 Bowman Point,77260,TX,wdevennieb1@ustream.tv
399,Carlina Keatch,92 Melody Way,55905,MN,ckeatchb2@creativecommons.org
400,Georgetta Manilo,49740 Pawling Junction,06825,CT,gmanilob3@myspace.com
401,Trixi Walkden,603 School Lane,66205,KS,twalkdenb4@eepurl.com
402,Lula Taysbil,4 Butternut Drive,34642,FL,ltaysbilb5@angelfire.com
403,Erie Marlon,88984 Nancy Parkway,46620,IN,emarlonb6@statcounter.com
404,Rustin Illingsworth,938 Clarendon Parkway,06859,CT,rillingsworthb7@imgur.com
405,Rebekkah Meriguet,7880 Prairie Rose Junction,21216,MD,rmeriguetb8@java.com
406,Tabbi Yewen,269 Grim Park,32830,FL,tyewenb9@cloudflare.com
407,Emanuele Mathelon,2250 Ruskin Center,20078,DC,emathelonba@miitbeian.gov.cn
408,Simone Pughsley,0436 Anhalt Road,20883,MD,spughsleybb@amazon.com
409,Chet Whapham,4670 Main Point,76011,TX,cwhaphambc@miitbeian.gov.cn
410,Basil Yurenin,862 Westerfield Hill,10459,NY,byureninbd@washingtonpost.com
411,Alanna Peyes,71340 Lillian Crossing,17105,PA,apeyesbe@mit.edu
412,Thomasin Sibbet,33 Melby Center,25305,WV,tsibbetbf@booking.com
413,Bentlee Cortnay,51954 Roxbury Pass,23203,VA,bcortnaybg@usnews.com
414,Filia Asals,611 Stoughton Avenue,83727,ID,fasalsbh@google.ca
415,Eirena Kilmister,35 Moland Junction,70593,LA,ekilmisterbi@mysql.com
416,Nancey Caldaro,021 Ramsey Street,92196,CA,ncaldarobj@wikia.com
417,Vladimir Foynes,9552 Clemons Road,23663,VA,vfoynesbk@army.mil
418,Rock Brouwer,2 Browning Trail,54313,WI,rbrouwerbl@ft.com
419,Rozelle Gladdish,0 Canary Parkway,80925,CO,rgladdishbm@washingtonpost.com
420,Alleyn Drewson,688 Stang Lane,61640,IL,adrewsonbn@spotify.com
421,Maddi Archibald,0952 Crescent Oaks Plaza,96835,HI,marchibaldbo@istockphoto.com
422,Thaxter Kleinplac,455 School Avenue,23663,VA,tkleinplacbp@google.pl
423,Dolf Summerhayes,24 Anthes Parkway,90040,CA,dsummerhayesbq@howstuffworks.com
424,Uriah Bascomb,3 Rigney Plaza,23324,VA,ubascombbr@angelfire.com
425,Katherine Wibberley,130 Milwaukee Court,73167,OK,kwibberleybs@networkadvertising.org
426,Durand Bonnyson,6 Bay Trail,11431,NY,dbonnysonbt@pinterest.com
427,Mirilla Mucillo,27429 Anhalt Hill,77201,TX,mmucillobu@i2i.jp
428,Stephanus Rothman,7 Bunting Junction,15266,PA,srothmanbv@google.ca
429,Margarette McCaskell,096 Golf Course Terrace,95354,CA,mmccaskellbw@g.co
430,Bartolemo Morrant,8770 Granby Hill,32220,FL,bmorrantbx@taobao.com
431,Modesta Hallock,51421 Doe Crossing Center,33448,FL,mhallockby@free.fr
432,Grenville Feaster,491 Weeping Birch Point,90020,CA,gfeasterbz@lycos.com
433,Myriam Smitton,2 American Ash Place,29605,SC,msmittonc0@deviantart.com
434,Orel Kindon,51 Buhler Place,55572,MN,okindonc1@discuz.net
435,Melessa Crosgrove,477 Kensington Trail,80127,CO,mcrosgrovec2@eventbrite.com
436,Lizzie Pickavance,3381 Logan Court,15906,PA,lpickavancec3@networksolutions.com
437,Dalton McTeague,24066 Harper Drive,97206,OR,dmcteaguec4@prnewswire.com
438,Lacy Durham,42890 Sommers Parkway,84199,UT,ldurhamc5@gmpg.org
439,Michaeline Elt,4487 Debra Plaza,48232,MI,meltc6@dion.ne.jp
440,Venita McAne,334 Redwing Terrace,98417,WA,vmcanec7@ehow.com
441,Jedd Cajkler,97 Sutteridge Circle,76011,TX,jcajklerc8@hao123.com
442,Aldon Garza,04084 1st Terrace,97271,OR,agarzac9@ocn.ne.jp
443,Diarmid Monck,6289 Lillian Crossing,28210,NC,dmonckca@live.com
444,Stephan Jeyes,7106 Amoth Alley,96825,HI,sjeyescb@engadget.com
445,Zabrina Sancto,349 Prairieview Road,33405,FL,zsanctocc@scribd.com
446,Gerty Key,651 Harper Center,20566,DC,gkeycd@howstuffworks.com
447,Berti Kynett,561 Grover Way,78726,TX,bkynettce@mlb.com
448,Monty Bushrod,863 Manley Pass,37416,TN,mbushrodcf@w3.org
449,Christiana Beange,14470 Jana Street,44393,OH,cbeangecg@nsw.gov.au
450,Myrna Livock,82 Basil Plaza,34238,FL,mlivockch@yandex.ru
451,Megan Rieme,06231 Arizona Lane,76004,TX,mriemeci@vimeo.com
452,Sansone Mewburn,75712 Spohn Point,77240,TX,smewburncj@netscape.com
453,Gunter Blazdell,6 Hovde Place,62723,IL,gblazdellck@stanford.edu
454,Elmo Perceval,454 Crownhardt Pass,02114,MA,epercevalcl@kickstarter.com
455,Angela Loney,821 Troy Hill,34290,FL,aloneycm@edublogs.org
456,Hendrika Abramowsky,65584 Artisan Alley,79945,TX,habramowskycn@google.de
457,Octavius Peter,1 Arrowood Point,92145,CA,opeterco@tumblr.com
458,Kass Shadfourth,69701 Cambridge Hill,02203,MA,kshadfourthcp@businessinsider.com
459,Fee Mardy,91787 Dayton Place,22184,VA,fmardycq@yandex.ru
460,Haven Stonehouse,53 Swallow Court,14233,NY,hstonehousecr@exblog.jp
461,Clem Bradane,93614 Pennsylvania Center,33758,FL,cbradanecs@theguardian.com
462,Etienne Stormonth,31 Drewry Way,11236,NY,estormonthct@google.nl
463,Alain Newlyn,627 Mariners Cove Center,87505,NM,anewlyncu@mysql.com
464,Aili Laughtisse,86 Hooker Trail,70616,LA,alaughtissecv@toplist.cz
465,Kari Mouser,6 Onsgard Way,10155,NY,kmousercw@globo.com
466,Saidee Trevascus,9855 Pennsylvania Terrace,61110,IL,strevascuscx@newyorker.com
467,Conant Thickpenny,9182 Little Fleur Court,28305,NC,cthickpennycy@paypal.com
468,Renie Fearby,1196 Independence Street,84403,UT,rfearbycz@icq.com
469,Yanaton Ference,9 Hauk Court,31405,GA,yferenced0@ed.gov
470,Regan Shurmore,830 Spohn Drive,79994,TX,rshurmored1@comsenz.com
471,Raviv Wernher,2441 Corry Alley,46862,IN,rwernherd2@dropbox.com
472,Rachel Oultram,41138 Shopko Circle,55114,MN,roultramd3@infoseek.co.jp
473,Barnard Beevers,3220 6th Park,21282,MD,bbeeversd4@sciencedirect.com
474,Frants Eaklee,818 Myrtle Trail,68505,NE,feakleed5@theguardian.com
475,Sacha Perone,38812 Fisk Parkway,53779,WI,speroned6@photobucket.com
476,Willy Jacquemy,0 Rockefeller Place,39236,MS,wjacquemyd7@cloudflare.com
477,Anjanette Borrowman,21 Ludington Trail,70129,LA,aborrowmand8@hugedomains.com
478,Charin Andreazzi,3 Fulton Crossing,27110,NC,candreazzid9@timesonline.co.uk
479,Mercie Breazeall,5613 Buena Vista Hill,72118,AR,mbreazeallda@domainmarket.com
480,Emelen Laville,2 Jackson Place,49018,MI,elavilledb@free.fr
481,Gris Railton,947 Morrow Center,45490,OH,grailtondc@sun.com
482,Nevile Caush,1 Summerview Parkway,22096,VA,ncaushdd@google.de
483,Elwood Jacobbe,05267 Kensington Street,23293,VA,ejacobbede@netvibes.com
484,Alysia Moulton,0 Katie Drive,37416,TN,amoultondf@bloomberg.com
485,Rici Cyseley,38321 Norway Maple Parkway,34114,FL,rcyseleydg@auda.org.au
486,Skipton Pedreschi,389 Hintze Drive,24029,VA,spedreschidh@omniture.com
487,Gerri Foskett,5740 Roxbury Point,45454,OH,gfoskettdi@163.com
488,Willard Oliphard,8 Huxley Point,61629,IL,wolipharddj@webeden.co.uk
489,Frederik Iddon,0430 Sunfield Place,55108,MN,fiddondk@github.com
490,Ree Sindle,90 Moose Point,25326,WV,rsindledl@jugem.jp
491,Geneva Haily,815 Annamark Street,93709,CA,ghailydm@tmall.com
492,Dulci Nassey,486 Farwell Center,92867,CA,dnasseydn@comsenz.com
493,Sibyl Muddle,48 Old Shore Road,06721,CT,smuddledo@woothemes.com
494,Taryn Rubinowitch,3009 Tennessee Trail,85053,AZ,trubinowitchdp@barnesandnoble.com
495,Kellen Lytle,7037 Redwing Road,90810,CA,klytledq@hp.com
496,Judas Lawtie,46085 Di Loreto Crossing,99260,WA,jlawtiedr@edublogs.org
497,Timoteo Pechacek,7903 Scott Parkway,38136,TN,tpechacekds@canalblog.com
498,Bel McLoney,56188 Eggendart Terrace,21684,MD,bmcloneydt@shutterfly.com
499,Reider MacKill,34047 Atwood Terrace,44197,OH,rmackilldu@wired.com
500,Torey Mauger,15462 Almo Park,06606,CT,tmaugerdv@flickr.com
501,Marika Greatbach,72 Loeprich Center,47747,IN,mgreatbachdw@skyrock.com
502,Judi Tough,26 Brentwood Hill,79165,TX,jtoughdx@aboutads.info
503,Isador McGifford,7 Tennessee Lane,20851,MD,imcgifforddy@vkontakte.ru
504,Jamie Brookbank,23 Arapahoe Lane,76711,TX,jbrookbankdz@utexas.edu
505,Tiphany Haxby,1 Anderson Drive,25313,WV,thaxbye0@zimbio.com
506,Monti Grishukov,2 Artisan Drive,14225,NY,mgrishukove1@miitbeian.gov.cn
507,Nial Edens,163 Grasskamp Crossing,62705,IL,nedense2@dailymotion.com
508,Brynne Trenam,29633 Charing Cross Junction,43666,OH,btrename3@lulu.com
509,Amye Atter,92 Texas Place,90101,CA,aattere4@soundcloud.com
510,Blondy Brodley,80175 Annamark Parkway,35205,AL,bbrodleye5@epa.gov
511,Reider Schapero,3694 Tennyson Crossing,20036,DC,rschaperoe6@theatlantic.com
512,Rora Redwood,3 Becker Center,77240,TX,rredwoode7@comcast.net
513,Davidson Batts,9237 Anniversary Pass,50335,IA,dbattse8@aboutads.info
514,Cinderella Emmerson,52483 Sycamore Center,10203,NY,cemmersone9@umn.edu
515,Cathleen M'Quharg,76 Nobel Circle,43605,OH,cmquhargea@fastcompany.com
516,Coralie Spinige,28412 Ridgeview Drive,02104,MA,cspinigeeb@weebly.com
517,Artemis Saunton,036 Utah Terrace,44555,OH,asauntonec@ftc.gov
518,Lee Meaney,64725 Northfield Road,33915,FL,lmeaneyed@abc.net.au
519,Gibbie Gooderidge,033 Coleman Trail,95354,CA,ggooderidgeee@craigslist.org
520,Dilan Duquesnay,50193 Lerdahl Terrace,92405,CA,dduquesnayef@fema.gov
521,Esteban Rieger,3 Carberry Way,30336,GA,eriegereg@exblog.jp
522,Eudora Howsin,65927 Marcy Point,10034,NY,ehowsineh@miibeian.gov.cn
523,Donnie Pic,4 Waxwing Way,33710,FL,dpicei@umich.edu
524,Alvy Cooley,51 Upham Park,92710,CA,acooleyej@reddit.com
525,Brnaby Buttle,062 Lighthouse Bay Crossing,36104,AL,bbuttleek@simplemachines.org
526,Cathyleen Dust,90 Little Fleur Road,90045,CA,cdustel@sakura.ne.jp
527,Winslow Janisson,4691 Rowland Terrace,78240,TX,wjanissonem@storify.com
528,Pansy Soda,8 Jana Avenue,80270,CO,psodaen@foxnews.com
529,Gabrielle Kincey,72781 Glacier Hill Avenue,19886,DE,gkinceyeo@xinhuanet.com
530,Giordano Zelner,516 Arkansas Center,97075,OR,gzelnerep@exblog.jp
531,Fiona Portugal,1143 Iowa Parkway,10034,NY,fportugaleq@statcounter.com
532,Ly Sleightholm,0 Oriole Junction,53205,WI,lsleightholmer@addthis.com
533,Hillie Leighfield,8 Lillian Drive,93291,CA,hleighfieldes@comsenz.com
534,Devon Kenrack,37 Banding Trail,40298,KY,dkenracket@studiopress.com
535,Bernadene Northage,9346 Chinook Junction,76711,TX,bnorthageeu@google.es
536,Ray Coddrington,267 Tennessee Plaza,35215,AL,rcoddringtonev@amazon.com
537,Armin McAlister,15 Merrick Drive,53215,WI,amcalisterew@cbslocal.com
538,Derrick Arundell,073 Spenser Trail,33305,FL,darundellex@techcrunch.com
539,Jacob Le Page,616 Bashford Junction,60505,IL,jleey@epa.gov
540,Carolyne Hourston,8567 Jenna Trail,20370,DC,chourstonez@hhs.gov
541,Meg Kerridge,45 Manufacturers Crossing,23225,VA,mkerridgef0@ocn.ne.jp
542,Cassy Adin,64028 1st Junction,10099,NY,cadinf1@so-net.ne.jp
543,Tiebout Hayball,80 Golden Leaf Junction,76598,TX,thayballf2@earthlink.net
544,Torin Chomiszewski,72 Haas Avenue,43635,OH,tchomiszewskif3@nba.com
545,Daniela Klousner,92298 Merry Point,96820,HI,dklousnerf4@theatlantic.com
546,Laurel Dailly,937 Fair Oaks Crossing,36134,AL,ldaillyf5@bluehost.com
547,Bartie McGirl,96827 Eastwood Hill,02405,MA,bmcgirlf6@pbs.org
548,Tressa Hinstock,88 David Street,80328,CO,thinstockf7@altervista.org
549,Marsiella McAteer,358 Farragut Circle,10633,NY,mmcateerf8@globo.com
550,Barbe Gilloran,28272 Hudson Drive,31914,GA,bgilloranf9@ucsd.edu
551,Marissa Ravenscroftt,03 Holmberg Avenue,08104,NJ,mravenscrofttfa@hostgator.com
552,Sharity Folks,3 Towne Park,95138,CA,sfolksfb@hugedomains.com
553,Jerald Stretton,436 Old Gate Road,90310,CA,jstrettonfc@unicef.org
554,Danni Woodage,667 Green Place,20167,VA,dwoodagefd@unc.edu
555,Tove Gilpin,9509 Upham Court,35244,AL,tgilpinfe@craigslist.org
556,Bel Pavkovic,116 Bashford Terrace,14233,NY,bpavkovicff@dion.ne.jp
557,Antoni Boltwood,41 Morrow Terrace,79999,TX,aboltwoodfg@youtube.com
558,Haleigh Pentland,45 Farwell Circle,38161,TN,hpentlandfh@t-online.de
559,Tod Tallboy,886 Rusk Crossing,92878,CA,ttallboyfi@goo.ne.jp
560,Lexy Greenrodd,3 Wayridge Terrace,18505,PA,lgreenroddfj@redcross.org
561,Violet Brettle,26095 Shelley Plaza,53716,WI,vbrettlefk@nationalgeographic.com
562,Hadleigh Scoble,3 Gulseth Hill,80279,CO,hscoblefl@topsy.com
563,Billie Fallowfield,75784 Hoard Park,59806,MT,bfallowfieldfm@hud.gov
564,Fernando Westbury,09 Pierstorff Hill,65110,MO,fwestburyfn@ihg.com
565,Whitby Rabjohns,05 Kedzie Plaza,46278,IN,wrabjohnsfo@posterous.com
566,Timothee Milberry,6 Blaine Way,99517,AK,tmilberryfp@marketwatch.com
567,Diarmid Collabine,9465 Shoshone Circle,75210,TX,dcollabinefq@harvard.edu
568,Austine Misken,0 Pawling Hill,60669,IL,amiskenfr@prweb.com
569,Benn Howood,27 Claremont Alley,32405,FL,bhowoodfs@marriott.com
570,Shelli Klauer,0 Novick Alley,93773,CA,sklauerft@bluehost.com
571,Elga Fandrich,9322 Eastlawn Place,30343,GA,efandrichfu@barnesandnoble.com
572,Carol-jean Wadly,676 Garrison Drive,76598,TX,cwadlyfv@utexas.edu
573,Theresita Krop,777 Boyd Court,47747,IN,tkropfw@jimdo.com
574,Nap Hallas,02 Harbort Court,85045,AZ,nhallasfx@nhs.uk
575,Dorena Demicoli,07642 Melvin Terrace,02124,MA,ddemicolify@spiegel.de
576,Gaven Gorges,812 Roxbury Plaza,10045,NY,ggorgesfz@dell.com
577,Bethanne Adamczewski,439 Coolidge Lane,94257,CA,badamczewskig0@nationalgeographic.com
578,Carolina Windibank,1938 Lien Plaza,19605,PA,cwindibankg1@usatoday.com
579,Brien Dedden,05 Memorial Terrace,44105,OH,bdeddeng2@slideshare.net
580,Ambrosio Glasby,3553 Golf View Terrace,19172,PA,aglasbyg3@webs.com
581,Oriana McSaul,88 Carey Drive,70836,LA,omcsaulg4@census.gov
582,Lil Gallon,78 Reindahl Parkway,43284,OH,lgallong5@unesco.org
583,Hamilton Sutcliff,80913 Artisan Lane,80525,CO,hsutcliffg6@bloomberg.com
584,Erv Raisbeck,8 Grayhawk Lane,25305,WV,eraisbeckg7@tinypic.com
585,Estel Bradman,33613 Lunder Point,15225,PA,ebradmang8@wufoo.com
586,Keane Pinar,3 Memorial Place,97255,OR,kpinarg9@wix.com
587,Lenora Reedy,0386 Holy Cross Drive,90805,CA,lreedyga@virginia.edu
588,Gilbertine Lehrle,218 Birchwood Crossing,85246,AZ,glehrlegb@china.com.cn
589,Gilemette Kainz,634 Parkside Circle,80291,CO,gkainzgc@hud.gov
590,Danyelle Parrett,3469 Farmco Alley,50315,IA,dparrettgd@tumblr.com
591,Richart Sunderland,395 Hintze Center,60505,IL,rsunderlandge@angelfire.com
592,Kleon Mc Kellen,2 Pierstorff Crossing,76178,TX,kmcgf@ox.ac.uk
593,Nikos MacNab,2 Talmadge Street,00214,NH,nmacnabgg@pen.io
594,Cosette Fife,4 Stephen Way,94237,CA,cfifegh@dion.ne.jp
595,Lorrie Sadd,75 Summer Ridge Court,90310,CA,lsaddgi@narod.ru
596,Amii Money,73 Haas Road,46202,IN,amoneygj@hatena.ne.jp
597,Danica Sexton,9890 Havey Place,84605,UT,dsextongk@zdnet.com
598,Julian Stelfox,07 Park Meadow Parkway,48242,MI,jstelfoxgl@discuz.net
599,Jorie Prinett,65593 Veith Parkway,78769,TX,jprinettgm@blog.com
600,Parsifal Jakubovsky,75 Clyde Gallagher Way,22908,VA,pjakubovskygn@goodreads.com
601,Sande Janicek,40 Waubesa Trail,33694,FL,sjanicekgo@smugmug.com
602,Coleen Hanscombe,4065 Miller Park,29208,SC,chanscombegp@uol.com.br
603,Fanni Morales,0 7th Way,57188,SD,fmoralesgq@adobe.com
604,Laverne Edgeon,20968 Mockingbird Crossing,95133,CA,ledgeongr@chronoengine.com
605,Bernita Flanagan,91 Springview Parkway,85015,AZ,bflanagangs@foxnews.com
606,Ulick Ilyasov,20 Mcbride Center,90810,CA,uilyasovgt@tmall.com
607,Amie Sheerin,89099 Green Court,28210,NC,asheeringu@hud.gov
608,Hoyt Castro,304 Orin Hill,70593,LA,hcastrogv@shinystat.com
609,Perren Rimell,28615 Nancy Avenue,01105,MA,primellgw@prnewswire.com
610,Phedra Exon,646 Macpherson Alley,45999,OH,pexongx@nsw.gov.au
611,Silva Cranstoun,7 Jackson Pass,85743,AZ,scranstoungy@google.it
612,Raina Curm,07 Commercial Plaza,95205,CA,rcurmgz@tripod.com
613,Lorie Weddeburn,57 Maywood Pass,33913,FL,lweddeburnh0@seattletimes.com
614,Montgomery Faloon,9 Hauk Alley,90810,CA,mfaloonh1@de.vu
615,Almira Edelman,25 Bartillon Avenue,27635,NC,aedelmanh2@furl.net
616,Lita McMeekan,88 Anderson Circle,24515,VA,lmcmeekanh3@usnews.com
617,Kennan Everest,9409 Northland Road,94142,CA,keveresth4@vimeo.com
618,Lev Rambadt,66 Acker Crossing,40524,KY,lrambadth5@msn.com
619,Bar Probart,69 Washington Drive,98411,WA,bprobarth6@google.com.hk
620,Scotti Drain,47729 Kingsford Place,18706,PA,sdrainh7@goo.gl
621,Neda MacCracken,421 Hanover Lane,27409,NC,nmaccrackenh8@macromedia.com
622,Leonora Coonan,602 Johnson Trail,19714,DE,lcoonanh9@wikipedia.org
623,Barbaraanne Stanier,771 Village Place,14683,NY,bstanierha@stanford.edu
624,Dionis McRonald,06 High Crossing Circle,07544,NJ,dmcronaldhb@livejournal.com
625,Karlene McVeigh,60 Paget Center,20005,DC,kmcveighhc@prweb.com
626,Jedediah Curling,52 Fremont Plaza,20599,DC,jcurlinghd@gravatar.com
627,Roch Cushelly,87166 Macpherson Way,34290,FL,rcushellyhe@zdnet.com
628,Andrey Maxfield,0105 Division Point,92878,CA,amaxfieldhf@adobe.com
629,Isidor Nazair,21 Carey Road,40546,KY,inazairhg@bbc.co.uk
630,Marcela Couser,35355 Graedel Place,66629,KS,mcouserhh@163.com
631,Quint Peskett,541 Carey Drive,50315,IA,qpesketthi@admin.ch
632,Odette Brettor,5714 Briar Crest Trail,48295,MI,obrettorhj@google.pl
633,Sigvard Offiler,377 Oneill Road,48550,MI,soffilerhk@trellian.com
634,Hermia Dellit,0 Muir Center,70883,LA,hdellithl@joomla.org
635,Alphonso Spencer,88 Caliangt Plaza,30195,GA,aspencerhm@wsj.com
636,Jakob Abbay,40 Twin Pines Junction,32225,FL,jabbayhn@samsung.com
637,Harland Capelow,74123 Lawn Center,55115,MN,hcapelowho@google.de
638,Coreen Pitherick,4179 Mandrake Street,62723,IL,cpitherickhp@people.com.cn
639,Gaile Littlefair,7 Northland Court,17622,PA,glittlefairhq@last.fm
640,Mendy Coomer,71 Memorial Street,79940,TX,mcoomerhr@google.co.uk
641,Sorcha Grayshan,1254 Waywood Plaza,15240,PA,sgrayshanhs@kickstarter.com
642,Kenon Cordingly,4501 Farwell Terrace,28272,NC,kcordinglyht@gizmodo.com
643,Anselma Coonan,4882 Butterfield Pass,14215,NY,acoonanhu@technorati.com
644,Granny Featherstonhaugh,0 Anderson Center,74156,OK,gfeatherstonhaughhv@reddit.com
645,Rora Jane,58 Debra Crossing,85725,AZ,rjanehw@weibo.com
646,Carry Jakubovits,3866 Waxwing Lane,92160,CA,cjakubovitshx@theguardian.com
647,Ashlin Jancy,869 Bartelt Junction,60078,IL,ajancyhy@go.com
648,Nari Slym,2 Upham Hill,95150,CA,nslymhz@acquirethisname.com
649,Cob Goodyer,7 Farmco Center,40596,KY,cgoodyeri0@thetimes.co.uk
650,Aylmer Wardhough,96 Warbler Point,61605,IL,awardhoughi1@lycos.com
651,Myrle Vigne,9 Westerfield Way,44197,OH,mvignei2@omniture.com
652,Towny Pentland,5553 Buhler Circle,67220,KS,tpentlandi3@xing.com
653,Gerhardt Batiste,419 Northland Terrace,93773,CA,gbatistei4@tripod.com
654,Marylee Gilhespy,46210 Donald Point,68164,NE,mgilhespyi5@artisteer.com
655,Tracie McInnerny,67 Division Point,33620,FL,tmcinnernyi6@merriam-webster.com
656,Cleopatra Leckey,755 Monica Avenue,93584,CA,cleckeyi7@pagesperso-orange.fr
657,Anny Hadcroft,3 Packers Pass,92405,CA,ahadcrofti8@ucoz.ru
658,Junie Paxforde,8 Anthes Lane,27404,NC,jpaxfordei9@foxnews.com
659,Phillip Cancutt,3 Bluejay Park,85040,AZ,pcancuttia@ovh.net
660,Immanuel Esilmon,23 Annamark Hill,10469,NY,iesilmonib@paginegialle.it
661,Franciska Teodoro,7 Ruskin Street,01114,MA,fteodoroic@shop-pro.jp
662,Margareta Brealey,17 Moulton Court,80204,CO,mbrealeyid@123-reg.co.uk
663,Murielle Whalebelly,393 Farmco Road,84170,UT,mwhalebellyie@harvard.edu
664,Mariel Clink,130 School Alley,64190,MO,mclinkif@de.vu
665,Rubie Brehat,291 Veith Park,02305,MA,rbrehatig@opera.com
666,Hilarius Calam,46 Blackbird Center,37405,TN,hcalamih@soup.io
667,Magdalen Stanworth,60536 Ryan Circle,21265,MD,mstanworthii@reference.com
668,Brianna Jeandillou,89741 Everett Center,33432,FL,bjeandillouij@barnesandnoble.com
669,Benito Passo,3 5th Parkway,91131,CA,bpassoik@mtv.com
670,Brade Kleinplac,32 Vera Park,28314,NC,bkleinplacil@parallels.com
671,Rock Vedenyapin,82 Morningstar Place,50706,IA,rvedenyapinim@moonfruit.com
672,Leroi D'Alesio,7477 Hooker Circle,55564,MN,ldalesioin@themeforest.net
673,Madonna Tapp,989 Lawn Point,21705,MD,mtappio@japanpost.jp
674,Sherlocke Moreinis,32 Steensland Point,57198,SD,smoreinisip@mediafire.com
675,Felipe Rossey,03050 Union Hill,24034,VA,frosseyiq@hatena.ne.jp
676,Sherwin Kingstne,49634 Doe Crossing Terrace,33543,FL,skingstneir@va.gov
677,Alexander Hawsby,340 Hauk Lane,97255,OR,ahawsbyis@sfgate.com
678,Ethyl Mussettini,6820 Red Cloud Court,11431,NY,emussettiniit@hibu.com
679,Bette-ann Antliff,40 Vera Plaza,79182,TX,bantliffiu@yahoo.com
680,Mabel Ellis,8776 Stoughton Crossing,30092,GA,mellisiv@uol.com.br
681,Cora Dumigan,4295 Blaine Junction,84140,UT,cdumiganiw@auda.org.au
682,Rutherford Gosforth,770 4th Circle,89087,NV,rgosforthix@ox.ac.uk
683,Ofilia Skipp,8030 Ilene Parkway,68197,NE,oskippiy@omniture.com
684,Justin Boston,057 Manitowish Court,78470,TX,jbostoniz@angelfire.com
685,Kerrie Ades,33 Warbler Street,79950,TX,kadesj0@sphinn.com
686,Christalle Banthorpe,82 Sunbrook Plaza,95818,CA,cbanthorpej1@soundcloud.com
687,Alisander Pinkstone,16692 Sunbrook Terrace,97312,OR,apinkstonej2@hao123.com
688,Roxine Bentz,654 Merrick Drive,28299,NC,rbentzj3@wikia.com
689,Jacquelynn Moncur,183 Chive Court,70116,LA,jmoncurj4@state.gov
690,Pippy Cunrado,8 Algoma Drive,63121,MO,pcunradoj5@spiegel.de
691,Ann-marie Billings,1235 Vermont Alley,17140,PA,abillingsj6@tinypic.com
692,Eloise Cutts,4 Fair Oaks Park,30089,GA,ecuttsj7@wired.com
693,Tiler Dewi,9657 Vidon Center,30061,GA,tdewij8@apple.com
694,Tucker Minette,4 Schlimgen Street,11447,NY,tminettej9@tamu.edu
695,Ellette Delf,78863 Trailsway Alley,47719,IN,edelfja@blinklist.com
696,Arnuad Walhedd,129 Randy Crossing,46862,IN,awalheddjb@alexa.com
697,Carina Bridges,1 Onsgard Pass,15235,PA,cbridgesjc@mediafire.com
698,Jodie Storry,387 Doe Crossing Alley,19141,PA,jstorryjd@cargocollective.com
699,Delano Rutherforth,58940 Dunning Drive,94627,CA,drutherforthje@unblog.fr
700,Fairleigh Biggar,7724 International Junction,44710,OH,fbiggarjf@sciencedirect.com
701,Catina O'Sesnane,377 Morning Avenue,75705,TX,cosesnanejg@addtoany.com
702,Laney Stollmeyer,6 Grover Court,78250,TX,lstollmeyerjh@hud.gov
703,Charo Densham,885 Kedzie Pass,78205,TX,cdenshamji@huffingtonpost.com
704,Kristoffer Fortune,10154 Hollow Ridge Point,34620,FL,kfortunejj@technorati.com
705,Kalvin Barczewski,0363 Straubel Drive,58505,ND,kbarczewskijk@usatoday.com
706,Pauly Balcon,193 Susan Circle,94286,CA,pbalconjl@soup.io
707,Birgitta Tetsall,279 Starling Way,33605,FL,btetsalljm@psu.edu
708,Monro Leteurtre,15165 Moulton Plaza,58106,ND,mleteurtrejn@va.gov
709,Ludwig Oldfield-Cherry,14 Merrick Crossing,33158,FL,loldfieldcherryjo@php.net
710,Klement Simkovich,51699 Loftsgordon Point,92812,CA,ksimkovichjp@wsj.com
711,Tiffani Brann,044 Brown Way,08638,NJ,tbrannjq@imgur.com
712,Urban I'anson,4387 Westridge Point,55598,MN,uiansonjr@hud.gov
713,Caty McClure,9707 Swallow Circle,19058,PA,cmcclurejs@lulu.com
714,Libbey Gillinghams,90 Declaration Park,23471,VA,lgillinghamsjt@4shared.com
715,Fania Harrow,3 Granby Parkway,94126,CA,fharrowju@pbs.org
716,Jackie Conniam,21 Red Cloud Trail,22156,VA,jconniamjv@slate.com
717,Vern Mottershead,12 Hollow Ridge Crossing,85030,AZ,vmottersheadjw@go.com
718,Frans Larmet,46 Vermont Park,64125,MO,flarmetjx@unicef.org
719,Lorens Upward,8575 Dawn Street,20220,DC,lupwardjy@nytimes.com
720,Chrisy Allred,4053 Corscot Alley,76705,TX,callredjz@ftc.gov
721,Kailey Semered,5 Oxford Crossing,79923,TX,ksemeredk0@redcross.org
722,Maude Ponde,34 Utah Crossing,90050,CA,mpondek1@spiegel.de
723,Lucina Flawith,92 Texas Pass,61614,IL,lflawithk2@oaic.gov.au
724,Chevalier Karppi,5 Sugar Terrace,30033,GA,ckarppik3@tinyurl.com
725,Margit Horribine,856 Hudson Court,20057,DC,mhorribinek4@sfgate.com
726,Blane Braddock,4 Del Sol Terrace,99517,AK,bbraddockk5@illinois.edu
727,Mair Varley,213 Granby Park,85754,AZ,mvarleyk6@newyorker.com
728,Lora Hammerman,91 Hoard Street,92196,CA,lhammermank7@time.com
729,Yehudi Tinham,61 Harper Place,96850,HI,ytinhamk8@squidoo.com
730,Bell Khosa,1613 Kipling Terrace,60619,IL,bkhosak9@time.com
731,Marthena Stow,04 Park Meadow Court,22333,VA,mstowka@qq.com
732,Wash Twaite,0 Melby Trail,47905,IN,wtwaitekb@pagesperso-orange.fr
733,Caro Born,7 Esker Road,98405,WA,cbornkc@imageshack.us
734,Janey Petrovic,0309 Sundown Street,75310,TX,jpetrovickd@oakley.com
735,Shawna Reiner,0200 Esker Plaza,74116,OK,sreinerke@washingtonpost.com
736,Keary Smyth,75 Shasta Pass,10165,NY,ksmythkf@booking.com
737,Hillel White,602 Grim Court,06120,CT,hwhitekg@storify.com
738,Waiter Knudsen,914 Meadow Ridge Terrace,92519,CA,wknudsenkh@is.gd
739,Caralie Kiddy,2 Weeping Birch Lane,10029,NY,ckiddyki@amazon.com
740,Brennen Hastin,2508 Village Point,45426,OH,bhastinkj@mysql.com
741,Otto Humfrey,29912 Packers Place,19141,PA,ohumfreykk@youtu.be
742,Maisie Matzl,1894 Sunbrook Way,80279,CO,mmatzlkl@youtu.be
743,Brinna Wiggins,9244 Monica Road,17126,PA,bwigginskm@engadget.com
744,Sherry Heskins,37 Butterfield Court,99210,WA,sheskinskn@seattletimes.com
745,Dorice Spall,3700 Village Green Street,80204,CO,dspallko@dropbox.com
746,Harrie Lundy,4211 Burrows Street,27150,NC,hlundykp@ibm.com
747,Jordain Yaxley,8720 Mayer Park,14624,NY,jyaxleykq@opensource.org
748,Adena Raiker,673 Derek Trail,24009,VA,araikerkr@angelfire.com
749,Desmond Brimble,7230 Sutteridge Drive,36605,AL,dbrimbleks@ebay.com
750,Erick Murrey,45 Bluejay Park,92415,CA,emurreykt@alexa.com
751,Oates Verni,78 Pawling Alley,23228,VA,overniku@moonfruit.com
752,Jere Tattersill,5 International Alley,11407,NY,jtattersillkv@etsy.com
753,Fidela Whiteway,2 Blaine Trail,33705,FL,fwhitewaykw@loc.gov
754,Jessamyn Brownsey,1 Bobwhite Hill,95173,CA,jbrownseykx@dell.com
755,Boris Ramsey,15 Saint Paul Lane,44111,OH,bramseyky@sciencedaily.com
756,Denise Birchall,51 Merchant Place,85062,AZ,dbirchallkz@nsw.gov.au
757,Nikola Imlacke,924 Pine View Road,80915,CO,nimlackel0@businesswire.com
758,Moss Rochelle,758 Vera Circle,53205,WI,mrochellel1@hc360.com
759,Mimi Gallie,68 Warner Road,68134,NE,mgalliel2@rediff.com
760,Raine Portman,34021 Daystar Pass,73124,OK,rportmanl3@arstechnica.com
761,Berti Schutte,7 Esker Road,53210,WI,bschuttel4@smugmug.com
762,Frederique Stempe,491 Mallory Parkway,45249,OH,fstempel5@dailymail.co.uk
763,Del Impy,6 Arrowood Trail,33686,FL,dimpyl6@google.com.au
764,Filip Borrie,1 Memorial Place,89155,NV,fborriel7@webeden.co.uk
765,Hashim Wanden,906 Hanover Pass,91499,CA,hwandenl8@skype.com
766,Eda Riggott,720 Graceland Trail,46814,IN,eriggottl9@joomla.org
767,Anallese Haselup,718 Cascade Way,10110,NY,ahaselupla@independent.co.uk
768,Gayelord Gabbett,3857 Quincy Park,20575,DC,ggabbettlb@tamu.edu
769,Gaston Gettens,828 Hallows Drive,91406,CA,ggettenslc@springer.com
770,Adriaens Peat,529 Browning Center,92160,CA,apeatld@archive.org
771,Naomi Cheine,03108 2nd Pass,28215,NC,ncheinele@dagondesign.com
772,Merralee Paulet,9 Reindahl Crossing,30061,GA,mpauletlf@addthis.com
773,Der Phuprate,8856 Buena Vista Parkway,74133,OK,dphupratelg@tuttocitta.it
774,Kaitlyn Coldwell,786 Badeau Parkway,21282,MD,kcoldwelllh@slashdot.org
775,Ambrosio Baldocci,3 Ohio Way,93111,CA,abaldoccili@amazonaws.com
776,Nonah Gurnay,526 Acker Court,66215,KS,ngurnaylj@berkeley.edu
777,Vikky Barnett,874 Mayer Alley,65810,MO,vbarnettlk@wordpress.org
778,Celine Chupin,03844 Susan Parkway,94116,CA,cchupinll@arizona.edu
779,Chloris Halse,63 Hoepker Trail,37131,TN,chalselm@indiatimes.com
780,Anton Hooban,82006 Granby Street,70005,LA,ahoobanln@chron.com
781,Didi Ridge,340 Dunning Junction,91328,CA,dridgelo@yahoo.co.jp
782,Rafaelia Bernadot,2 Barnett Center,20310,DC,rbernadotlp@infoseek.co.jp
783,Trumaine Kubala,36341 Larry Way,19172,PA,tkubalalq@epa.gov
784,Roderich Thorby,284 Ryan Street,11236,NY,rthorbylr@time.com
785,Ray Westcot,93299 Carpenter Circle,89510,NV,rwestcotls@timesonline.co.uk
786,Susanna Deeble,9 Shasta Court,96820,HI,sdeeblelt@last.fm
787,Nicolette Luparti,34409 Anzinger Parkway,43220,OH,nlupartilu@behance.net
788,Walliw Ship,24920 Manitowish Park,46231,IN,wshiplv@a8.net
789,Waring Bartzen,676 Mcbride Hill,15274,PA,wbartzenlw@reverbnation.com
790,Maxi Laver,95467 Continental Lane,55114,MN,mlaverlx@examiner.com
791,Jedd Cohr,1142 5th Park,40215,KY,jcohrly@last.fm
792,Archy Biaggelli,749 Katie Court,14276,NY,abiaggellilz@list-manage.com
793,Dale Broske,355 Canary Plaza,97271,OR,dbroskem0@netvibes.com
794,Standford Shakspeare,5 Mayer Road,21211,MD,sshakspearem1@bizjournals.com
795,Jorey Housiaux,48433 Cherokee Junction,20566,DC,jhousiauxm2@who.int
796,Courtney McPharlain,2 Luster Park,34605,FL,cmcpharlainm3@twitpic.com
797,Reinaldo Willgrass,56261 Sage Plaza,14614,NY,rwillgrassm4@jalbum.net
798,Dene Scanes,034 Buell Parkway,88579,TX,dscanesm5@cnet.com
799,Gretel Manjot,03 Hallows Street,77245,TX,gmanjotm6@deviantart.com
800,Brice Hawkett,874 Talmadge Junction,80150,CO,bhawkettm7@mapquest.com
801,Sully Dan,8 Eggendart Alley,36205,AL,sdanm8@arstechnica.com
802,Korella Danjoie,87781 Meadow Valley Way,94137,CA,kdanjoiem9@yellowbook.com
803,Gerrilee Meredyth,069 Acker Circle,61110,IL,gmeredythma@free.fr
804,Herbie Hulance,49494 Armistice Parkway,33330,FL,hhulancemb@rakuten.co.jp
805,Christian Jaegar,5167 High Crossing Point,32830,FL,cjaegarmc@elegantthemes.com
806,Blinni Sancias,8 Nelson Street,45454,OH,bsanciasmd@google.co.jp
807,Malanie Greathead,7 Southridge Terrace,80161,CO,mgreatheadme@addthis.com
808,Rafaellle Winkworth,237 Mifflin Terrace,46247,IN,rwinkworthmf@tinyurl.com
809,Coretta Staner,35628 Dayton Crossing,06510,CT,cstanermg@virginia.edu
810,Tove Gilbody,71 Jenna Alley,54915,WI,tgilbodymh@businessweek.com
811,Naomi Somerville,87 Prairie Rose Plaza,46239,IN,nsomervillemi@google.co.jp
812,Wilfred Woolcocks,9130 Coolidge Court,22234,VA,wwoolcocksmj@vimeo.com
813,Leroy Stenbridge,313 Russell Park,85732,AZ,lstenbridgemk@microsoft.com
814,Ronni Arlott,9 Fairview Street,10024,NY,rarlottml@netscape.com
815,Raddy Wallbank,1027 Judy Circle,83727,ID,rwallbankmm@wix.com
816,Sal Negro,0738 Green Ridge Drive,52804,IA,snegromn@wikimedia.org
817,Rayner Copperwaite,4335 Springs Place,80150,CO,rcopperwaitemo@studiopress.com
818,Celisse Batrip,74 Dennis Hill,94807,CA,cbatripmp@google.com.au
819,Malissia Baggs,016 Independence Place,79118,TX,mbaggsmq@dailymotion.com
820,Pru Menichillo,745 Ruskin Center,78759,TX,pmenichillomr@chron.com
821,Emmie Davenport,38 Upham Plaza,37405,TN,edavenportms@ucla.edu
822,Marie Dudliston,3381 Oxford Alley,20546,DC,mdudlistonmt@google.cn
823,Almeria Livick,9946 Roxbury Terrace,36205,AL,alivickmu@yellowpages.com
824,Leonerd Withur,810 La Follette Crossing,43610,OH,lwithurmv@nyu.edu
825,Charmain Melloy,553 Farmco Parkway,23293,VA,cmelloymw@reverbnation.com
826,Cam Feldbau,6280 Gerald Circle,08650,NJ,cfeldbaumx@cornell.edu
827,Silvia Markham,3 Hanson Hill,78285,TX,smarkhammy@icio.us
828,Shea Jodlowski,62661 Jackson Road,11388,NY,sjodlowskimz@reverbnation.com
829,Dorisa Goodwin,02 Onsgard Trail,38188,TN,dgoodwinn0@example.com
830,Eustacia Braunston,6707 Moland Road,30130,GA,ebraunstonn1@networksolutions.com
831,Emalee Palfrie,561 Forest Lane,35295,AL,epalfrien2@studiopress.com
832,Coop O'Cahsedy,9 Evergreen Court,80525,CO,cocahsedyn3@shinystat.com
833,Winny Saich,9 Northview Circle,19146,PA,wsaichn4@domainmarket.com
834,Osbert Fritche,5 Fair Oaks Way,94622,CA,ofritchen5@instagram.com
835,Stevana Foddy,549 Barby Park,33245,FL,sfoddyn6@dailymotion.com
836,Alvera Kelby,207 Muir Center,45208,OH,akelbyn7@wikia.com
837,Clevey Weall,08 Jenifer Center,90025,CA,cwealln8@w3.org
838,Erena Bingle,4 Golf Course Parkway,33245,FL,ebinglen9@slashdot.org
839,Miquela Labern,94558 Dennis Center,30096,GA,mlabernna@acquirethisname.com
840,Garey Okeshott,2462 Montana Circle,32859,FL,gokeshottnb@berkeley.edu
841,Jessalyn Neljes,5916 Gina Court,92121,CA,jneljesnc@opensource.org
842,Matt Kopps,514 Bartelt Pass,85062,AZ,mkoppsnd@multiply.com
843,Kattie Hagston,50 Independence Drive,97286,OR,khagstonne@vkontakte.ru
844,Dickie Langworthy,5 Vahlen Drive,98158,WA,dlangworthynf@seesaa.net
845,Glynis Wofenden,2 Granby Lane,10009,NY,gwofendenng@usnews.com
846,Vally Buckmaster,87197 Stephen Circle,91616,CA,vbuckmasternh@google.it
847,Ranna Petters,889 Homewood Crossing,68517,NE,rpettersni@eepurl.com
848,Hilde Quoit,69119 Little Fleur Drive,90310,CA,hquoitnj@forbes.com
849,Moishe Fawks,3 Thackeray Place,40205,KY,mfawksnk@taobao.com
850,Wylie de Zamora,60170 Chinook Junction,29625,SC,wdenl@etsy.com
851,Mab Heinicke,01281 Fairview Junction,48211,MI,mheinickenm@forbes.com
852,Trefor Growden,55 Kennedy Center,95128,CA,tgrowdennn@so-net.ne.jp
853,Baldwin Parcell,502 Anhalt Drive,06145,CT,bparcellno@cloudflare.com
854,Bibbie Morten,25 Mariners Cove Street,89105,NV,bmortennp@i2i.jp
855,Mervin McAtamney,4946 Hudson Circle,80126,CO,mmcatamneynq@spiegel.de
856,Ulrich Cheek,289 Springview Plaza,78769,TX,ucheeknr@wix.com
857,Lelia Burner,31 Chinook Circle,55412,MN,lburnerns@loc.gov
858,Shep Poile,19314 Maple Wood Plaza,78220,TX,spoilent@nyu.edu
859,Harli Wyatt,710 Service Park,79176,TX,hwyattnu@com.com
860,Delly Elphee,17354 Maple Drive,65211,MO,delpheenv@creativecommons.org
861,Shanta Shoard,572 Hallows Place,60619,IL,sshoardnw@deviantart.com
862,Frederique Lydall,8 School Terrace,20167,VA,flydallnx@sbwire.com
863,Guy Kleinstub,834 Amoth Center,66617,KS,gkleinstubny@skype.com
864,Towny Anthoine,5 Evergreen Court,50936,IA,tanthoinenz@bandcamp.com
865,Woodman Bernucci,56785 Caliangt Lane,36622,AL,wbernuccio0@cdbaby.com
866,Arnie Vevers,0189 Eastwood Lane,20904,MD,aveverso1@wix.com
867,Lothario Stanton,3269 Kropf Alley,89160,NV,lstantono2@un.org
868,Maximilian McSporrin,23 Hovde Circle,02216,MA,mmcsporrino3@tiny.cc
869,Eli Wreath,1 Orin Junction,11215,NY,ewreatho4@weebly.com
870,Talbot Tansey,522 Muir Plaza,43268,OH,ttanseyo5@webnode.com
871,Vivia Davidove,283 Gina Point,79605,TX,vdavidoveo6@prweb.com
872,Hobard Offener,5029 Sullivan Terrace,19184,PA,hoffenero7@sogou.com
873,Toddy Janata,8 Mccormick Park,75310,TX,tjanatao8@bloglovin.com
874,Eldon Piggot,04185 Spenser Alley,44105,OH,epiggoto9@sbwire.com
875,Phillis Suche,45 Oak Drive,88558,TX,psucheoa@skype.com
876,Gauthier Warrener,97579 Portage Circle,20226,DC,gwarrenerob@bluehost.com
877,Yelena Behan,31396 Dexter Hill,66611,KS,ybehanoc@opera.com
878,Hamel Bawden,5694 Kensington Parkway,20010,DC,hbawdenod@livejournal.com
879,Lucky Cullington,35992 Fulton Court,91841,CA,lcullingtonoe@imdb.com
880,Matilde Tamas,68089 Saint Paul Way,80638,CO,mtamasof@cmu.edu
881,Curtis Dalligan,838 Jenifer Plaza,78703,TX,cdalliganog@mapquest.com
882,Sherilyn Cabbell,073 Calypso Pass,75221,TX,scabbelloh@house.gov
883,Carmel Colaton,71 Bellgrove Street,77705,TX,ccolatonoi@yelp.com
884,Cathleen Vero,41687 Eagan Court,95064,CA,cverooj@paginegialle.it
885,Terri-jo Michallat,2165 Bluestem Circle,72231,AR,tmichallatok@deliciousdays.com
886,Anica Tuxwell,355 Lighthouse Bay Hill,32885,FL,atuxwellol@themeforest.net
887,Killy Ellif,35150 Dennis Parkway,19120,PA,kellifom@bravesites.com
888,Den MacKellar,74427 Tony Lane,31296,GA,dmackellaron@sina.com.cn
889,Charmion Yandle,0208 Surrey Avenue,39204,MS,cyandleoo@bigcartel.com
890,Ellis Wingfield,298 Rowland Center,33023,FL,ewingfieldop@sitemeter.com
891,Katharyn Matej,33 Oak Street,60078,IL,kmatejoq@mapy.cz
892,Mathe Chance,15 Waywood Way,22405,VA,mchanceor@technorati.com
893,Anders Cluse,408 Dorton Terrace,77266,TX,acluseos@soundcloud.com
894,Lenette Carrell,52637 Norway Maple Street,32128,FL,lcarrellot@4shared.com
895,Jo-anne Sehorsch,239 Southridge Park,94622,CA,jsehorschou@arizona.edu
896,Aubrey Maxworthy,89656 Buhler Way,94237,CA,amaxworthyov@youtu.be
897,Ellerey O'Corrin,927 Warrior Point,77386,TX,eocorrinow@mac.com
898,Toddy Woolham,919 Pierstorff Park,53220,WI,twoolhamox@networkadvertising.org
899,Corey Condliffe,7551 Fulton Center,85720,AZ,ccondliffeoy@virginia.edu
900,Mack Vause,0 Sauthoff Way,90398,CA,mvauseoz@deviantart.com
901,Tressa Drayton,66576 Messerschmidt Road,10275,NY,tdraytonp0@businessweek.com
902,Ennis Nowell,663 Summerview Center,58122,ND,enowellp1@cyberchimps.com
903,Freida Keppel,8970 Sage Alley,95823,CA,fkeppelp2@mozilla.com
904,Imogen Siegertsz,5 Carioca Circle,02472,MA,isiegertszp3@51.la
905,Tommie Boutcher,37316 Oakridge Plaza,20005,DC,tboutcherp4@samsung.com
906,Farand Bracknall,88620 Eliot Park,14215,NY,fbracknallp5@sitemeter.com
907,Frances Heggadon,83063 Waxwing Place,33034,FL,fheggadonp6@upenn.edu
908,Karlik Murrigans,880 Muir Circle,70179,LA,kmurrigansp7@cnbc.com
909,Tucky Trundle,043 Monica Court,20073,DC,ttrundlep8@angelfire.com
910,Titus Hynde,02 Bonner Place,40250,KY,thyndep9@google.cn
911,Hansiain Napleton,287 Longview Court,98464,WA,hnapletonpa@arizona.edu
912,Xylia Latter,47277 Jenifer Park,23260,VA,xlatterpb@ustream.tv
913,Vevay Jutson,5168 Melvin Terrace,37131,TN,vjutsonpc@creativecommons.org
914,Morrie Greer,98941 Waywood Road,93715,CA,mgreerpd@sohu.com
915,Rafaellle Russo,9659 Corscot Parkway,10165,NY,rrussope@cisco.com
916,Beatriz Samsin,48505 Golf Course Junction,10292,NY,bsamsinpf@fastcompany.com
917,Otto Trevear,1 Lighthouse Bay Terrace,75185,TX,otrevearpg@newyorker.com
918,Belinda Todarello,215 John Wall Center,93399,CA,btodarelloph@japanpost.jp
919,Vilhelmina Stolze,64070 Mesta Hill,11210,NY,vstolzepi@yahoo.com
920,Aurthur Sedwick,8045 Browning Plaza,45254,OH,asedwickpj@sfgate.com
921,Johnath MacGorley,3 Eagan Trail,99220,WA,jmacgorleypk@creativecommons.org
922,Lind O'Dougherty,43 Sherman Hill,15210,PA,lodoughertypl@oakley.com
923,Giralda Antonomolii,050 Anhalt Lane,64114,MO,gantonomoliipm@biblegateway.com
924,Teodoro von Grollmann,32796 Namekagon Alley,77505,TX,tvonpn@hao123.com
925,Helaina Moden,4847 Arrowood Park,49505,MI,hmodenpo@prlog.org
926,Mannie Duesbury,2 Manley Trail,20205,DC,mduesburypp@hatena.ne.jp
927,Rochette Lohan,07947 Orin Avenue,43615,OH,rlohanpq@cbslocal.com
928,Peterus Caddens,4075 Merrick Center,63169,MO,pcaddenspr@ftc.gov
929,Raimondo Kitcatt,20 Oxford Avenue,56372,MN,rkitcattps@nps.gov
930,Daveen Rydzynski,41 Artisan Junction,63158,MO,drydzynskipt@opera.com
931,Melita O'Lunney,7 Vidon Court,77040,TX,molunneypu@timesonline.co.uk
932,Fayina Petricek,04 Commercial Way,93773,CA,fpetricekpv@phoca.cz
933,Katinka McCloud,9 Portage Park,85045,AZ,kmccloudpw@tuttocitta.it
934,Mikel Kulver,5 Monument Lane,40210,KY,mkulverpx@bandcamp.com
935,Ddene Berry,09 Sutherland Way,13210,NY,dberrypy@cbslocal.com
936,Kaylyn Sopper,7957 Marcy Circle,93591,CA,ksopperpz@wikipedia.org
937,Ofelia Lardge,8190 Kings Pass,12227,NY,olardgeq0@newyorker.com
938,Jasen Cereceres,77 David Plaza,77090,TX,jcereceresq1@topsy.com
939,Helsa Haddick,5 Forest Dale Lane,47719,IN,hhaddickq2@weibo.com
940,Erina Neilly,794 Corben Alley,95108,CA,eneillyq3@harvard.edu
941,Vite Mazzia,505 Anthes Pass,94154,CA,vmazziaq4@free.fr
942,Jeniece Bedinn,509 Everett Drive,28220,NC,jbedinnq5@pbs.org
943,Kaela Mortell,6872 Quincy Lane,39282,MS,kmortellq6@bluehost.com
944,Berget Housecroft,9 Glendale Street,33462,FL,bhousecroftq7@pcworld.com
945,Angie Corsham,26582 1st Park,46221,IN,acorshamq8@latimes.com
946,Adam Randall,8016 Warner Terrace,31704,GA,arandallq9@tinyurl.com
947,Papageno Pinnell,056 Moose Avenue,95833,CA,ppinnellqa@rediff.com
948,Berny Ginsie,72 Lillian Way,92196,CA,bginsieqb@goodreads.com
949,Bartolemo Kellough,92 Menomonie Way,77705,TX,bkelloughqc@businesswire.com
950,Georges Phippard,84 Village Green Junction,32854,FL,gphippardqd@cornell.edu
951,Josepha Pechacek,0501 Hazelcrest Terrace,43635,OH,jpechacekqe@google.de
952,Dacia Headan,906 Petterle Place,55103,MN,dheadanqf@acquirethisname.com
953,Rubia Silbert,3 Michigan Point,30368,GA,rsilbertqg@sun.com
954,Glori Stadding,253 Kropf Center,75372,TX,gstaddingqh@etsy.com
955,Philippa McKelvey,38 Elgar Street,44191,OH,pmckelveyqi@cam.ac.uk
956,Jay Broughton,985 Chinook Lane,06183,CT,jbroughtonqj@youtu.be
957,Ransell Schulter,2 Spaight Park,17121,PA,rschulterqk@berkeley.edu
958,Steven Rekes,9 Garrison Place,73190,OK,srekesql@ca.gov
959,Teena Thistleton,4873 Spenser Court,94177,CA,tthistletonqm@techcrunch.com
960,Nettie Binnion,603 Burning Wood Circle,70187,LA,nbinnionqn@wiley.com
961,Kingsly Harbar,92588 Starling Way,46814,IN,kharbarqo@blinklist.com
962,Omero Pennycook,86283 Texas Street,97271,OR,opennycookqp@nih.gov
963,Miranda Younghusband,1 Lien Junction,60669,IL,myounghusbandqq@pbs.org
964,Maiga Jovanovic,777 Lindbergh Center,33467,FL,mjovanovicqr@bandcamp.com
965,Albertina Paramor,8373 Anzinger Point,85215,AZ,aparamorqs@oracle.com
966,Elissa Hechlin,17828 Elmside Crossing,10120,NY,ehechlinqt@independent.co.uk
967,Mathias Dealey,2 Northview Lane,77293,TX,mdealeyqu@miitbeian.gov.cn
968,Ruby Trippick,8 Fordem Street,30306,GA,rtrippickqv@desdev.cn
969,Claretta Oen,534 Canary Pass,19125,PA,coenqw@thetimes.co.uk
970,Smitty Ladbrooke,7 Carey Avenue,93773,CA,sladbrookeqx@feedburner.com
971,Pier Maleby,64 Maywood Road,80270,CO,pmalebyqy@xinhuanet.com
972,Jobie Pretorius,3 Armistice Road,20380,DC,jpretoriusqz@squidoo.com
973,Nelli Jenkison,239 Carioca Park,87195,NM,njenkisonr0@list-manage.com
974,Harrison Paudin,78 Sunbrook Street,90810,CA,hpaudinr1@nationalgeographic.com
975,Pammi Vondra,90525 Thierer Circle,95838,CA,pvondrar2@constantcontact.com
976,Sheryl Cordrey,203 Vidon Street,07544,NJ,scordreyr3@admin.ch
977,Waite Toolan,4 Messerschmidt Alley,43210,OH,wtoolanr4@businessinsider.com
978,Lauretta Tomkinson,362 Bobwhite Avenue,50706,IA,ltomkinsonr5@networksolutions.com
979,Ronni Aggio,63 Valley Edge Circle,31190,GA,raggior6@sfgate.com
980,Woodrow Hrinishin,13 Dahle Junction,97286,OR,whrinishinr7@acquirethisname.com
981,Leah McAloren,68007 Oakridge Court,31165,GA,lmcalorenr8@shutterfly.com
982,Roanne Furphy,5158 David Point,39204,MS,rfurphyr9@wp.com
983,Jaclyn Kennion,37 Redwing Parkway,23464,VA,jkennionra@techcrunch.com
984,Georges Yuranovev,63731 Heath Circle,22156,VA,gyuranovevrb@nba.com
985,Barnett McGiff,64 Truax Place,63104,MO,bmcgiffrc@blogtalkradio.com
986,Milo Glanders,09 Superior Point,11241,NY,mglandersrd@ucsd.edu
987,Porter McNee,7657 Dryden Avenue,80945,CO,pmcneere@1688.com
988,Brnaby Renon,00451 Towne Lane,80525,CO,brenonrf@shinystat.com
989,Fancy Brissenden,52 Texas Point,32969,FL,fbrissendenrg@fotki.com
990,Elora Featherstone,131 Moland Drive,78703,TX,efeatherstonerh@istockphoto.com
991,Dominica Berdale,71 Anthes Hill,90101,CA,dberdaleri@nba.com
992,Silva Oakman,3432 Loftsgordon Terrace,14210,NY,soakmanrj@cnet.com
993,Cy Lowde,85828 Ruskin Crossing,90035,CA,clowderk@clickbank.net
994,Renaldo Fleckno,60055 Butternut Parkway,95298,CA,rflecknorl@umich.edu
995,Carlie Brolan,53 Oakridge Way,79118,TX,cbrolanrm@pcworld.com
996,Torry Volante,4 Banding Park,93386,CA,tvolantern@illinois.edu
997,Rafaelita Scurrey,1 Elka Trail,77020,TX,rscurreyro@skyrock.com
998,Robbie Goodings,1733 Rowland Circle,27264,NC,rgoodingsrp@illinois.edu
999,Michaelina D'Antoni,452 Forest Road,33615,FL,mdantonirq@opensource.org
1000,Eba Shearmur,18 Veith Park,85754,AZ,eshearmurrr@geocities.jp
