id,name,address,zipcode,state,email
1,Hobart Budding,0 Sunnyside Junction,79984,TX,hbudding0@umich.edu
2,Corene Azemar,177 Bay Lane,75705,TX,cazemar1@miibeian.gov.cn
3,Rosette Melly,4 Hovde Trail,40225,KY,rmelly2@netvibes.com
4,Amara Wolfers,94 Butterfield Junction,94263,CA,awolfers3@blogger.com
5,Dee dee Rassell,7209 Pond Trail,20420,DC,ddee4@google.co.uk
6,Nancie Durrans,4 Hazelcrest Circle,01605,MA,ndurrans5@examiner.com
7,Ker Malyon,506 Thackeray Circle,00214,NH,kmalyon6@github.io
8,Ailee Ablott,4 Chive Parkway,38161,TN,aablott7@topsy.com
9,Eziechiele Beauman,2046 Iowa Junction,44555,OH,ebeauman8@taobao.com
10,Georgette Hiscocks,617 Homewood Plaza,29905,SC,ghiscocks9@miibeian.gov.cn
11,Leon Portwaine,23 Badeau Terrace,46862,IN,lportwainea@bizjournals.com
12,Dorthea Byram,0 Melby Road,33075,FL,dbyramb@reuters.com
13,Alex Mattam,21 Reindahl Parkway,07310,NJ,amattamc@marriott.com
14,Humfrid Pletts,6 Bonner Place,22309,VA,hplettsd@dagondesign.com
15,Berthe Broxap,04 Barnett Plaza,34605,FL,bbroxape@answers.com
16,Evelyn Strut,4 Algoma Junction,11388,NY,estrutf@wikia.com
17,Josie Sommersett,989 Cottonwood Point,71115,LA,jsommersettg@vimeo.com
18,Lavina Frederick,532 Larry Point,02203,MA,lfrederickh@addtoany.com
19,Minnie Jiranek,09 Annamark Court,70810,LA,mjiraneki@washingtonpost.com
20,Anson Kyme,2 Lukken Park,92170,CA,akymej@dagondesign.com
21,Trstram Baynes,8392 Bluestem Center,89115,NV,tbaynesk@imdb.com
22,Mirabel Grubbe,9050 Welch Plaza,45223,OH,mgrubbel@ox.ac.uk
23,Brewster Oliveira,35962 Homewood Court,44305,OH,boliveiram@bloglines.com
24,Goldi Mortlock,5 Canary Alley,55905,MN,gmortlockn@spotify.com
25,Inesita Feeham,37590 Sundown Drive,19184,PA,ifeehamo@google.com.hk
26,Dory Siemons,6680 Amoth Drive,95133,CA,dsiemonsp@princeton.edu
27,Kippie Howe,23220 Knutson Court,77240,TX,khoweq@joomla.org
28,Enid Eland,426 Oak Junction,46862,IN,eelandr@irs.gov
29,Stace Lightbowne,4421 Corry Trail,73179,OK,slightbownes@washington.edu
30,Tabitha Ablott,4434 Luster Point,95118,CA,tablottt@vk.com
31,Mohammed Rao,661 Loftsgordon Street,01105,MA,mraou@businessweek.com
32,Dayle Heaviside,30612 Victoria Drive,96820,HI,dheavisidev@uiuc.edu
33,Alain Demange,660 Pond Center,46805,IN,ademangew@shareasale.com
34,Donielle Lideard,040 Marcy Plaza,75074,TX,dlideardx@unc.edu
35,Emmalee Kmietsch,8763 Lawn Drive,06721,CT,ekmietschy@cdc.gov
36,Tirrell Mewburn,22 Ryan Crossing,85035,AZ,tmewburnz@sphinn.com
37,Orton Jeannenet,2 Pepper Wood Terrace,70607,LA,ojeannenet10@stumbleupon.com
38,Ronica Bertouloume,12060 Mockingbird Court,47737,IN,rbertouloume11@arizona.edu
39,Cesare Ayerst,16 Towne Trail,88535,TX,cayerst12@hhs.gov
40,Davon Leake,7 Golden Leaf Way,66629,KS,dleake13@google.fr
41,Margaux Fitzhenry,7367 Arrowood Terrace,06816,CT,mfitzhenry14@spiegel.de
42,Cornie Pyner,64 Hollow Ridge Trail,77050,TX,cpyner15@un.org
43,Micheil Helsby,15 Gateway Place,48126,MI,mhelsby16@naver.com
44,Kandy Garfoot,32223 Almo Court,46852,IN,kgarfoot17@wunderground.com
45,Lynnett Risbridger,91 Stuart Lane,76711,TX,lrisbridger18@acquirethisname.com
46,Lurette Hansford,207 Muir Terrace,70183,LA,lhansford19@slashdot.org
47,Benni Isgate,192 Bunting Circle,25709,WV,bisgate1a@geocities.jp
48,Carley Heck,8 Northland Circle,76004,TX,check1b@nyu.edu
49,Shep Casier,39002 Stephen Drive,46620,IN,scasier1c@wisc.edu
50,Corissa De Vries,0365 Drewry Park,29225,SC,cde1d@ustream.tv
51,Rozina Adshad,5776 Colorado Terrace,30089,GA,radshad1e@omniture.com
52,Amble Rolls,5 Marquette Place,79928,TX,arolls1f@facebook.com
53,Crista Balazs,1494 Hermina Way,10004,NY,cbalazs1g@merriam-webster.com
54,Cari Jodrellec,63828 Brown Court,60646,IL,cjodrellec1h@deliciousdays.com
55,Pam Mettetal,89 Mosinee Way,94544,CA,pmettetal1i@hubpages.com
56,Heindrick Hulme,47683 Redwing Point,93740,CA,hhulme1j@aboutads.info
57,Minetta Grigaut,437 Roxbury Plaza,11210,NY,mgrigaut1k@nhs.uk
58,Anne-corinne Seydlitz,6 Tomscot Lane,93005,CA,aseydlitz1l@a8.net
59,Daune Tomsa,1 Melrose Point,31416,GA,dtomsa1m@skyrock.com
60,Kittie McCrostie,562 Mandrake Drive,67205,KS,kmccrostie1n@intel.com
61,Nancey Cairns,953 Michigan Parkway,07505,NJ,ncairns1o@reddit.com
62,Vivianne Kniveton,457 Amoth Crossing,20892,MD,vkniveton1p@google.cn
63,Dotti Fussie,454 Crownhardt Alley,79116,TX,dfussie1q@altervista.org
64,Selie Birtwisle,6 Stuart Center,12232,NY,sbirtwisle1r@nyu.edu
65,Suki Weston,4 Northfield Hill,73129,OK,sweston1s@a8.net
66,Bent Graeser,400 Petterle Lane,24004,VA,bgraeser1t@issuu.com
67,Jyoti Whitelaw,0 Ryan Terrace,53205,WI,jwhitelaw1u@vistaprint.com
68,Valaria Hanbury-Brown,98 Merrick Point,73147,OK,vhanburybrown1v@topsy.com
69,Ricky Thorbon,0 Birchwood Alley,49048,MI,rthorbon1w@yahoo.co.jp
70,Vasily Wardell,950 Blaine Hill,11024,NY,vwardell1x@princeton.edu
71,Jordan Murt,494 Kenwood Avenue,23228,VA,jmurt1y@51.la
72,Marnie Lenton,7093 Welch Court,75231,TX,mlenton1z@discuz.net
73,Mable Domico,57 Cardinal Terrace,06816,CT,mdomico20@bloomberg.com
74,Anny Tendahl,5695 Westridge Alley,88569,TX,atendahl21@umn.edu
75,Humfrey Helian,77 Logan Junction,91499,CA,hhelian22@dedecms.com
76,Lenci Puleston,972 Hovde Junction,24004,VA,lpuleston23@amazon.com
77,Wilhelmine Haack,64 Sachtjen Court,28805,NC,whaack24@usatoday.com
78,Marni Travers,5 Gerald Park,60435,IL,mtravers25@dot.gov
79,Sandro Kearney,3650 Macpherson Plaza,90005,CA,skearney26@blogs.com
80,Shane Hugle,84508 Crownhardt Street,10105,NY,shugle27@usnews.com
81,Aloisia Pincked,96428 Corscot Drive,73109,OK,apincked28@ucoz.com
82,Lucy MacRitchie,36356 Hintze Crossing,97232,OR,lmacritchie29@google.co.jp
83,Harlen Rogez,44 Eggendart Pass,48295,MI,hrogez2a@google.co.uk
84,Kaleb Corry,35 Mendota Place,34611,FL,kcorry2b@dion.ne.jp
85,Iggie Dengel,514 Blaine Park,25721,WV,idengel2c@theatlantic.com
86,Shae Swaffield,67 West Point,90405,CA,sswaffield2d@mapquest.com
87,Eadith Marklow,554 Spaight Terrace,33305,FL,emarklow2e@pagesperso-orange.fr
88,Bertrand O'Hearn,2 Goodland Junction,95150,CA,bohearn2f@google.pl
89,Lindon Prahl,7608 Manufacturers Pass,22093,VA,lprahl2g@cbc.ca
90,Mike Dummer,313 Bowman Road,97206,OR,mdummer2h@blinklist.com
91,Valera Lacasa,033 Myrtle Terrace,12210,NY,vlacasa2i@icio.us
92,Benson Strauss,90767 Haas Alley,28289,NC,bstrauss2j@posterous.com
93,Zahara Schiefersten,6 Pennsylvania Lane,62525,IL,zschiefersten2k@google.nl
94,Dannye Rasell,30 American Circle,98195,WA,drasell2l@csmonitor.com
95,Konstance Briars,1197 Graceland Place,60652,IL,kbriars2m@blogger.com
96,Wye Gaule,434 Namekagon Lane,48912,MI,wgaule2n@skyrock.com
97,Tabby Golborn,56902 Jackson Park,29403,SC,tgolborn2o@drupal.org
98,Wilbert Canavan,6326 Independence Way,19810,DE,wcanavan2p@fastcompany.com
99,Gladys Grimmert,778 Oak Valley Plaza,98158,WA,ggrimmert2q@wunderground.com
100,Grenville Timewell,173 Crescent Oaks Drive,78260,TX,gtimewell2r@1und1.de
101,Bevan Sawle,05 Main Plaza,91505,CA,bsawle2s@wunderground.com
102,Corbett Perelli,05471 Rockefeller Point,15286,PA,cperelli2t@exblog.jp
103,Orsa Prickett,7283 Cottonwood Pass,55470,MN,oprickett2u@mlb.com
104,Franny Coit,1006 Rutledge Point,16505,PA,fcoit2v@pbs.org
105,Brandie Quarterman,1152 Village Parkway,37250,TN,bquarterman2w@usnews.com
106,Abbot Baseggio,46 Rusk Trail,14609,NY,abaseggio2x@cnet.com
107,Quinn Maybery,49703 Warner Lane,48956,MI,qmaybery2y@hhs.gov
108,Leeland Andresen,62939 Onsgard Point,92725,CA,landresen2z@github.com
109,Jock Meijer,845 Mayfield Avenue,32204,FL,jmeijer30@instagram.com
110,Elvin Guterson,29 Tomscot Point,29220,SC,eguterson31@zdnet.com
111,Byram Josefowicz,7492 Eggendart Junction,78255,TX,bjosefowicz32@joomla.org
112,Ranna Cescot,86202 Cardinal Plaza,28205,NC,rcescot33@discovery.com
113,Dick Farfolomeev,65 8th Drive,20215,DC,dfarfolomeev34@indiatimes.com
114,Marshall Felmingham,5 Larry Park,79182,TX,mfelmingham35@arizona.edu
115,Tana Steadman,50 Warrior Place,68531,NE,tsteadman36@clickbank.net
116,Jami Baurerich,262 Farwell Avenue,48555,MI,jbaurerich37@va.gov
117,Angil Zaple,93 Holy Cross Road,14905,NY,azaple38@mapy.cz
118,Heloise McKnockiter,8 Ludington Center,11231,NY,hmcknockiter39@bloglovin.com
119,Kala Bromige,21 Moulton Junction,12222,NY,kbromige3a@elegantthemes.com
120,Raine Shapter,16 Elka Parkway,46254,IN,rshapter3b@devhub.com
121,Sunny Scandrett,717 Hoffman Court,02162,MA,sscandrett3c@globo.com
122,Horton Eskrigg,9670 Ludington Alley,90101,CA,heskrigg3d@moonfruit.com
123,Barnaby Trussell,63854 Basil Terrace,70505,LA,btrussell3e@tamu.edu
124,Jason Sandes,37 Dayton Point,43220,OH,jsandes3f@1688.com
125,Roddie Rizzelli,17 Talisman Court,10249,NY,rrizzelli3g@ocn.ne.jp
126,Leonora Dallimare,2 Birchwood Road,66215,KS,ldallimare3h@sourceforge.net
127,Sheridan Boardman,77 Gale Road,93762,CA,sboardman3i@tripadvisor.com
128,Stefan Tourot,6447 Grim Court,78778,TX,stourot3j@e-recht24.de
129,Dillon Ciobotaru,4562 Marcy Point,33615,FL,dciobotaru3k@mapy.cz
130,Cher Grigson,8128 Hazelcrest Pass,55423,MN,cgrigson3l@chronoengine.com
131,Monika Broadbury,303 Lotheville Hill,39534,MS,mbroadbury3m@ustream.tv
132,Lotta Weatherill,39 Carey Trail,75205,TX,lweatherill3n@nytimes.com
133,Marita Klimentyev,1988 Bunting Center,47732,IN,mklimentyev3o@soup.io
134,Gerhard Drinkall,0474 Upham Point,91210,CA,gdrinkall3p@123-reg.co.uk
135,Goober Whytock,7 Dovetail Drive,23514,VA,gwhytock3q@toplist.cz
136,Ragnar Extall,17 Birchwood Street,35210,AL,rextall3r@livejournal.com
137,Adi Whiston,29 Farragut Trail,29424,SC,awhiston3s@globo.com
138,Philipa Thalmann,7653 Old Gate Terrace,52245,IA,pthalmann3t@cam.ac.uk
139,Darius Baunton,4 Beilfuss Circle,20195,VA,dbaunton3u@nhs.uk
140,Hernando Keenlayside,2236 Bellgrove Way,10045,NY,hkeenlayside3v@deviantart.com
141,Dulcy Kepp,36 Clemons Circle,89160,NV,dkepp3w@tiny.cc
142,Sheri Tilson,7 Vernon Crossing,74116,OK,stilson3x@friendfeed.com
143,Camellia Betchley,321 Tony Court,24024,VA,cbetchley3y@wikispaces.com
144,Othelia Kyberd,793 Canary Trail,48609,MI,okyberd3z@uiuc.edu
145,Niel Petcher,07 Glacier Hill Street,76544,TX,npetcher40@oakley.com
146,Goldina Springell,5 Division Street,66276,KS,gspringell41@linkedin.com
147,Asia Iacomelli,9268 Scott Junction,10203,NY,aiacomelli42@ifeng.com
148,Ashlee Heinicke,02 Marquette Parkway,38104,TN,aheinicke43@deviantart.com
149,Berty Twist,53 Darwin Park,34605,FL,btwist44@ox.ac.uk
150,Rory Turley,08617 Morrow Drive,70616,LA,rturley45@wordpress.com
151,Keelia Dowrey,058 Golf Terrace,20709,MD,kdowrey46@ovh.net
152,Patricio Blampied,6576 Meadow Vale Road,78754,TX,pblampied47@seesaa.net
153,Tybie MacKartan,8 Atwood Center,76205,TX,tmackartan48@newyorker.com
154,Bobbette Vannah,3697 Pine View Pass,10310,NY,bvannah49@rediff.com
155,Cristie Stalf,12 Sundown Road,70187,LA,cstalf4a@hc360.com
156,Lana Watling,57 Summit Court,72215,AR,lwatling4b@ucoz.ru
157,Corty Yele,339 Bunker Hill Pass,77388,TX,cyele4c@wiley.com
158,Sammy Lenormand,47181 Dennis Junction,32605,FL,slenormand4d@wikipedia.org
159,Stanford Cornejo,899 Northview Alley,56398,MN,scornejo4e@vinaora.com
160,Shoshana Lecointe,8 Parkside Court,92725,CA,slecointe4f@howstuffworks.com
161,Tommi Elgar,6146 Artisan Plaza,32813,FL,telgar4g@deviantart.com
162,Danny Hanse,38 Mariners Cove Drive,61656,IL,dhanse4h@wsj.com
163,Madelene Chandlar,0 Twin Pines Center,98411,WA,mchandlar4i@tumblr.com
164,Roarke Latour,737 Farwell Terrace,70894,LA,rlatour4j@tmall.com
165,Damien Kaine,87 Elmside Court,33605,FL,dkaine4k@blog.com
166,Sher Mengo,3638 Forest Dale Court,33164,FL,smengo4l@example.com
167,Whitman Champneys,594 Arkansas Center,29240,SC,wchampneys4m@adobe.com
168,Mead Burgott,69 4th Road,12247,NY,mburgott4n@surveymonkey.com
169,Tammy O'Cuddie,2 Rigney Terrace,90405,CA,tocuddie4o@zdnet.com
170,Ernesto Panks,74531 Lillian Trail,90101,CA,epanks4p@jalbum.net
171,Nobe McRamsey,62 Dawn Center,93106,CA,nmcramsey4q@flickr.com
172,Jana Venner,08738 Sunbrook Junction,97211,OR,jvenner4r@businessinsider.com
173,Elke Echlin,5703 Pond Drive,84130,UT,eechlin4s@1und1.de
174,Gaspard Angrock,52580 Maywood Alley,32244,FL,gangrock4t@ebay.co.uk
175,Karel Megany,27 Luster Junction,32909,FL,kmegany4u@themeforest.net
176,Elane Iacomini,31640 International Place,77266,TX,eiacomini4v@bbc.co.uk
177,Alphard Gatenby,75 Columbus Street,90045,CA,agatenby4w@smh.com.au
178,Doria Bloschke,1724 Park Meadow Terrace,48956,MI,dbloschke4x@gizmodo.com
179,Boris Pachta,470 Almo Pass,73173,OK,bpachta4y@vkontakte.ru
180,Franni Longland,4 Lindbergh Alley,92405,CA,flongland4z@cmu.edu
181,Meredith Heers,96986 Macpherson Trail,06922,CT,mheers50@ask.com
182,Ira Syplus,10 Arizona Street,94257,CA,isyplus51@wufoo.com
183,Merridie Fitzsymon,4495 Brickson Park Pass,23705,VA,mfitzsymon52@epa.gov
184,Myra Pratley,492 Waubesa Avenue,79940,TX,mpratley53@ning.com
185,Tessy Plume,76014 Loomis Avenue,25326,WV,tplume54@smugmug.com
186,Gage Wordsworth,69383 Fairview Hill,74156,OK,gwordsworth55@forbes.com
187,Isa Willox,31 Bayside Pass,79940,TX,iwillox56@bigcartel.com
188,Deane Gorusso,01 Delladonna Drive,37665,TN,dgorusso57@wunderground.com
189,Isadora Ponnsett,82917 Warrior Center,50936,IA,iponnsett58@gizmodo.com
190,Juana Muggleton,04873 Hoard Pass,48550,MI,jmuggleton59@tmall.com
191,Avery Ripon,91756 Katie Circle,78744,TX,aripon5a@issuu.com
192,Tessi Latch,17 Spaight Center,23213,VA,tlatch5b@discovery.com
193,Gabie Santello,76013 Springs Parkway,92410,CA,gsantello5c@ebay.com
194,Spike Hegel,04 Roth Parkway,32813,FL,shegel5d@topsy.com
195,Teddie Ching,3336 Northfield Way,67220,KS,tching5e@linkedin.com
196,Jamie Blodgetts,0 Sunfield Circle,32259,FL,jblodgetts5f@mapquest.com
197,Carlina Cappleman,2 Spaight Point,98127,WA,ccappleman5g@examiner.com
198,Lorain Fulleylove,0 Lillian Court,72215,AR,lfulleylove5h@photobucket.com
199,Babs Dredge,6 Butterfield Lane,74170,OK,bdredge5i@apple.com
200,Arte Downage,08 Colorado Parkway,65211,MO,adownage5j@flickr.com
201,Tracie MacIlwrick,93 High Crossing Pass,14220,NY,tmacilwrick5k@sciencedaily.com
202,Monika Base,69442 Saint Paul Circle,79934,TX,mbase5l@timesonline.co.uk
203,Addy McLeese,90 Towne Point,55115,MN,amcleese5m@4shared.com
204,Lelia Bengtson,50459 Bunting Junction,06922,CT,lbengtson5n@vistaprint.com
205,Prudy Roberds,68210 Waxwing Drive,87505,NM,proberds5o@nasa.gov
206,Carolus Listone,01054 Rieder Street,55448,MN,clistone5p@elpais.com
207,Cosme Maddock,004 Little Fleur Terrace,47306,IN,cmaddock5q@moonfruit.com
208,Jeanine Chatell,2256 Sachs Crossing,75216,TX,jchatell5r@ox.ac.uk
209,Lilllie Doe,8028 Clarendon Hill,97229,OR,ldoe5s@globo.com
210,Duke Duckinfield,275 Sauthoff Park,29625,SC,dduckinfield5t@si.edu
211,Kellia Sandhill,1 Dunning Hill,92410,CA,ksandhill5u@cargocollective.com
212,Corbett McArthur,42 Stoughton Parkway,84125,UT,cmcarthur5v@networkadvertising.org
213,Gretal Zorzenoni,102 Veith Lane,55428,MN,gzorzenoni5w@woothemes.com
214,Heath Coffey,78914 Monica Trail,10275,NY,hcoffey5x@jimdo.com
215,Guss Long,09663 Northport Center,80915,CO,glong5y@vinaora.com
216,Annemarie Fountian,2949 Lillian Place,89595,NV,afountian5z@ustream.tv
217,Lawrence Brighty,098 Granby Parkway,11499,NY,lbrighty60@scribd.com
218,Adelice Grigoroni,18 Lakewood Plaza,35295,AL,agrigoroni61@networkadvertising.org
219,Jase Worms,43 Melrose Junction,31410,GA,jworms62@unesco.org
220,Helyn Miko,21721 Stuart Drive,48550,MI,hmiko63@zimbio.com
221,Carmelita Antal,5 Warner Drive,85260,AZ,cantal64@wikispaces.com
222,Obadiah Beange,802 South Point,95194,CA,obeange65@posterous.com
223,Hyacinthie Calway,0 Comanche Point,80044,CO,hcalway66@sun.com
224,Quintana Belloch,305 Hansons Hill,44720,OH,qbelloch67@163.com
225,Cordy Lis,31 Stephen Street,18514,PA,clis68@hhs.gov
226,Ame Paulson,4 Cardinal Road,34114,FL,apaulson69@wisc.edu
227,Vernon Harrington,373 Hoard Court,36628,AL,vharrington6a@bizjournals.com
228,Chrissie Cauldfield,548 Express Park,37245,TN,ccauldfield6b@de.vu
229,Blancha Savage,0 Brickson Park Point,84152,UT,bsavage6c@deviantart.com
230,Grissel Ram,623 Holmberg Avenue,40266,KY,gram6d@mozilla.org
231,Sigrid Franchi,50 Lyons Street,95865,CA,sfranchi6e@godaddy.com
232,Sande Grunder,9767 Blackbird Point,78240,TX,sgrunder6f@nifty.com
233,Raynard Dankersley,44727 Goodland Crossing,39216,MS,rdankersley6g@t-online.de
234,Joeann Eyre,32 Upham Way,20503,DC,jeyre6h@huffingtonpost.com
235,Garland Chastand,9 Monterey Circle,83722,ID,gchastand6i@bing.com
236,Rosetta Ellit,22031 Pleasure Trail,74184,OK,rellit6j@noaa.gov
237,Aaron Goundry,6 Hudson Hill,10310,NY,agoundry6k@sakura.ne.jp
238,Ella Lombard,086 Bayside Road,19610,PA,elombard6l@networkadvertising.org
239,Patrica Gerrard,461 Arkansas Junction,22234,VA,pgerrard6m@gravatar.com
240,Jason Chimenti,08915 Redwing Drive,23213,VA,jchimenti6n@moonfruit.com
241,Reinold Normanville,3 Debra Parkway,35405,AL,rnormanville6o@accuweather.com
242,Ellsworth Birtwhistle,0298 Butterfield Plaza,31165,GA,ebirtwhistle6p@latimes.com
243,Robin Ciccottio,80844 2nd Junction,85705,AZ,rciccottio6q@vistaprint.com
244,Craig Durbann,81 Myrtle Junction,72905,AR,cdurbann6r@ameblo.jp
245,Barbey Janjusevic,03 Hansons Place,21281,MD,bjanjusevic6s@yolasite.com
246,Garey Kildale,5 Cambridge Parkway,61605,IL,gkildale6t@wiley.com
247,Artie Oxborough,35057 Valley Edge Pass,14205,NY,aoxborough6u@soundcloud.com
248,Byron De Brett,4 Rockefeller Circle,11241,NY,bde6v@meetup.com
249,Zondra Ferreras,28 Linden Street,33487,FL,zferreras6w@shop-pro.jp
250,Seline Moorfield,8816 Loftsgordon Circle,23213,VA,smoorfield6x@posterous.com
251,Ella Twinbrow,109 Stone Corner Crossing,14269,NY,etwinbrow6y@upenn.edu
252,Yuma Zouch,6224 Lerdahl Junction,35254,AL,yzouch6z@networkadvertising.org
253,Bancroft Dranfield,65 Columbus Avenue,20425,DC,bdranfield70@skype.com
254,Pierre Gravie,15760 Calypso Place,92121,CA,pgravie71@wufoo.com
255,Randee MacAllester,83 Milwaukee Drive,20709,MD,rmacallester72@youtu.be
256,Dreddy Gair,7516 Summit Circle,19146,PA,dgair73@newsvine.com
257,Sander Sprowles,08391 Paget Street,43699,OH,ssprowles74@123-reg.co.uk
258,Timmy Evill,413 John Wall Junction,40256,KY,tevill75@so-net.ne.jp
259,Bogey Mesias,902 Bunker Hill Hill,33432,FL,bmesias76@ox.ac.uk
260,Alexandr De Vaan,379 Hintze Drive,87180,NM,ade77@ustream.tv
261,Agretha Hampe,2625 Northland Circle,75205,TX,ahampe78@etsy.com
262,Tierney Feare,42 Dakota Circle,75367,TX,tfeare79@bandcamp.com
263,Rudy Morphey,48670 Blaine Drive,88558,TX,rmorphey7a@ustream.tv
264,Hendrika Baskwell,8 Mendota Place,47737,IN,hbaskwell7b@etsy.com
265,Basilius Udie,4092 Pond Junction,40618,KY,budie7c@ed.gov
266,Terri Van de Vlies,8 Susan Drive,30351,GA,tvan7d@newyorker.com
267,Dukie Teanby,8 Rowland Drive,70607,LA,dteanby7e@blinklist.com
268,Korey Rowes,48 Valley Edge Avenue,38119,TN,krowes7f@huffingtonpost.com
269,Aubrey Gatty,844 Doe Crossing Court,79176,TX,agatty7g@java.com
270,Shaine Moodie,52 Kipling Drive,39705,MS,smoodie7h@stanford.edu
271,Yancey Rusbridge,79 Acker Park,72215,AR,yrusbridge7i@livejournal.com
272,Cherlyn O'Sherin,6851 Melody Road,07195,NJ,cosherin7j@blinklist.com
273,Barry Cesconi,609 Kings Street,98506,WA,bcesconi7k@artisteer.com
274,Martie Blaylock,18 Judy Circle,46814,IN,mblaylock7l@jiathis.com
275,Liane Ginger,1207 Donald Point,37914,TN,lginger7m@t-online.de
276,Vicky Maypes,121 Old Gate Terrace,77705,TX,vmaypes7n@seattletimes.com
277,Antonetta Hubert,41 Calypso Avenue,65211,MO,ahubert7o@constantcontact.com
278,Nicol Reuss,4290 Saint Paul Center,79769,TX,nreuss7p@cdbaby.com
279,Margi Divill,3 Katie Trail,90076,CA,mdivill7q@tripod.com
280,Amelia Reeveley,8 Hansons Point,98185,WA,areeveley7r@gov.uk
281,Queenie Andrzejowski,9583 Hermina Court,80920,CO,qandrzejowski7s@apple.com
282,Fayina Wadham,43028 Granby Court,83206,ID,fwadham7t@nsw.gov.au
283,Ezra McBeath,310 Gina Trail,06145,CT,emcbeath7u@dedecms.com
284,Aurelie McGlue,8 Darwin Drive,73114,OK,amcglue7v@tinypic.com
285,Shadow Beeke,35776 Golf Course Avenue,98115,WA,sbeeke7w@unesco.org
286,Jeramey Riggoll,04 Westend Circle,90065,CA,jriggoll7x@e-recht24.de
287,Freeland Schinetti,453 Spohn Point,75231,TX,fschinetti7y@umich.edu
288,Deva Beavan,6 Hazelcrest Alley,16505,PA,dbeavan7z@cloudflare.com
289,Allsun Fitzmaurice,4540 Dakota Avenue,71105,LA,afitzmaurice80@yellowbook.com
290,Belicia Bevens,271 Butterfield Point,89012,NV,bbevens81@hatena.ne.jp
291,Alasdair Galloway,0362 Manley Park,53277,WI,agalloway82@java.com
292,Jacquelynn Brede,8495 Blackbird Plaza,98411,WA,jbrede83@springer.com
293,Jo ann Mingame,555 Sunnyside Plaza,73190,OK,jann84@dmoz.org
294,Jamima O'Toole,284 Glendale Lane,47134,IN,jotoole85@quantcast.com
295,Drucie Derrell,08650 Montana Circle,95205,CA,dderrell86@networkadvertising.org
296,Blondie Dendon,0 Nevada Terrace,33153,FL,bdendon87@nyu.edu
297,Victoir Bayly,228 Carey Crossing,53405,WI,vbayly88@squidoo.com
298,Garv Whitelaw,4 Jenna Park,28205,NC,gwhitelaw89@cbc.ca
299,Amil Jehu,76 Kinsman Center,30022,GA,ajehu8a@infoseek.co.jp
300,Etty Tonner,02 Ramsey Trail,77025,TX,etonner8b@nyu.edu
301,Zachery Banthorpe,30 Eagan Road,53405,WI,zbanthorpe8c@pinterest.com
302,Gretna Huguet,024 Hallows Plaza,93740,CA,ghuguet8d@toplist.cz
303,Regina Hegge,83222 Arapahoe Crossing,78235,TX,rhegge8e@va.gov
304,Randie Nockolds,02 Surrey Plaza,91505,CA,rnockolds8f@shareasale.com
305,Hamilton Kinane,0011 Clyde Gallagher Crossing,31106,GA,hkinane8g@hud.gov
306,Margarette Goldsmith,593 Maryland Pass,55470,MN,mgoldsmith8h@shinystat.com
307,Kati Ramsdale,0269 Canary Park,79188,TX,kramsdale8i@nationalgeographic.com
308,Leanora Matyugin,148 Ilene Point,40293,KY,lmatyugin8j@forbes.com
309,Leonidas Vagges,310 Iowa Point,94164,CA,lvagges8k@imdb.com
310,Denise Amsden,2134 Thompson Pass,77055,TX,damsden8l@surveymonkey.com
311,Augusta Boschmann,63503 Redwing Pass,66286,KS,aboschmann8m@mail.ru
312,Darsey McVitie,43334 Eastwood Court,33411,FL,dmcvitie8n@bravesites.com
313,Winifred Lowery,7 Oneill Lane,48275,MI,wlowery8o@illinois.edu
314,Berton Ivons,8 Cascade Street,79182,TX,bivons8p@1688.com
315,Ferguson Hussell,0 Rigney Terrace,33954,FL,fhussell8q@symantec.com
316,Kelsey Waghorn,3448 Pawling Crossing,40280,KY,kwaghorn8r@blogspot.com
317,Kile Bloodworthe,84 Merrick Point,32610,FL,kbloodworthe8s@amazon.com
318,Bern Carey,94113 Main Place,45020,OH,bcarey8t@a8.net
319,Priscilla Mandy,79 Chive Pass,77212,TX,pmandy8u@fotki.com
320,Pippa Chidley,9107 Hansons Court,77271,TX,pchidley8v@google.nl
321,Ernst Antonelli,0 Farmco Way,45470,OH,eantonelli8w@answers.com
322,Tod Gillford,46 Messerschmidt Terrace,33185,FL,tgillford8x@mail.ru
323,Miner Anglish,5422 Vermont Point,28314,NC,manglish8y@shop-pro.jp
324,Antin Arzu,78310 Northview Street,06825,CT,aarzu8z@hibu.com
325,Markus Ruusa,50228 Melody Court,76192,TX,mruusa90@alexa.com
326,Ari Wareing,51 Mockingbird Alley,99260,WA,awareing91@vistaprint.com
327,Tedmund Chaikovski,81468 Vahlen Hill,45223,OH,tchaikovski92@geocities.jp
328,Xenos Bennett,78346 Brentwood Way,90005,CA,xbennett93@mac.com
329,Hamlen Pyffe,86476 Manufacturers Street,99507,AK,hpyffe94@bigcartel.com
330,Orrin Wagerfield,4 Morningstar Lane,30089,GA,owagerfield95@cnet.com
331,Randolf Pembry,03783 Macpherson Street,33633,FL,rpembry96@trellian.com
332,Griffy Ianson,1594 Westerfield Avenue,95219,CA,gianson97@ameblo.jp
333,Geraldine Gayforth,04883 Grover Crossing,33963,FL,ggayforth98@springer.com
334,Cleon McCuis,1 Morningstar Park,56372,MN,cmccuis99@ox.ac.uk
335,Vicky Pozer,3182 3rd Parkway,61629,IL,vpozer9a@whitehouse.gov
336,Beatrix Chalfain,60 Sachs Junction,88553,TX,bchalfain9b@whitehouse.gov
337,Giulietta Dawdry,5 Laurel Place,60681,IL,gdawdry9c@msn.com
338,Eimile Stobo,0575 Goodland Place,17126,PA,estobo9d@is.gd
339,Linda Crisford,4 Boyd Street,34210,FL,lcrisford9e@apple.com
340,Jaquenetta Dibling,80 Corscot Center,48550,MI,jdibling9f@prlog.org
341,Desiree Vaune,631 Schlimgen Trail,06120,CT,dvaune9g@jimdo.com
342,Yule Aggott,07 Northwestern Way,93591,CA,yaggott9h@google.de
343,Ossie Snap,360 Mosinee Alley,28230,NC,osnap9i@webnode.com
344,Germana Jorgesen,58 Old Gate Parkway,33018,FL,gjorgesen9j@sciencedirect.com
345,Roda Voas,34 Tomscot Pass,63150,MO,rvoas9k@hubpages.com
346,Gregoor Cadalleder,92 Reinke Place,33462,FL,gcadalleder9l@taobao.com
347,Rosy Petruk,66394 Bonner Junction,18763,PA,rpetruk9m@exblog.jp
348,Jory Bonome,038 Nelson Lane,53790,WI,jbonome9n@sohu.com
349,Kendre Farmloe,66069 Crest Line Junction,60691,IL,kfarmloe9o@meetup.com
350,Guillermo Fanning,46 Schlimgen Lane,90610,CA,gfanning9p@livejournal.com
351,Didi Stell,7 Mosinee Circle,46266,IN,dstell9q@amazon.com
352,Pen Giorgio,77114 Bashford Street,67220,KS,pgiorgio9r@china.com.cn
353,Veronica Shacklady,8 Continental Place,85311,AZ,vshacklady9s@acquirethisname.com
354,Gerianna Rookledge,14816 Eastwood Place,78225,TX,grookledge9t@mediafire.com
355,Algernon Eliasson,750 Monica Terrace,29305,SC,aeliasson9u@nbcnews.com
356,Lynne Erangey,469 Bashford Parkway,61656,IL,lerangey9v@indiegogo.com
357,Charissa Peake,56438 Sugar Hill,30605,GA,cpeake9w@home.pl
358,Laurella Melson,63 Algoma Circle,98907,WA,lmelson9x@blog.com
359,Darbee Meaddowcroft,86878 Namekagon Crossing,64179,MO,dmeaddowcroft9y@cocolog-nifty.com
360,Phaidra Linklater,778 Riverside Crossing,89505,NV,plinklater9z@myspace.com
361,Kelley Balke,4 Melody Court,34233,FL,kbalkea0@hc360.com
362,Andra Westgarth,4213 Huxley Drive,95128,CA,awestgartha1@techcrunch.com
363,Ronny Tilmouth,37 Grover Terrace,14646,NY,rtilmoutha2@elegantthemes.com
364,Rhoda Gobel,092 Coolidge Avenue,60208,IL,rgobela3@sun.com
365,Trudy Craigmile,855 Schurz Park,02203,MA,tcraigmilea4@mapy.cz
366,Skipton Schuelcke,92815 Twin Pines Pass,78764,TX,sschuelckea5@last.fm
367,Davita Aguirrezabala,74891 Eastwood Hill,23464,VA,daguirrezabalaa6@imdb.com
368,Maximilianus Aggott,33402 Lotheville Parkway,34233,FL,maggotta7@is.gd
369,Corrina Kingswell,99 Northridge Avenue,17121,PA,ckingswella8@go.com
370,Carena Richardes,98 Kenwood Lane,66286,KS,crichardesa9@gnu.org
371,Myrwyn Whitlow,9 Shelley Place,28210,NC,mwhitlowaa@dell.com
372,Florentia Southcoat,00389 Sauthoff Circle,60669,IL,fsouthcoatab@thetimes.co.uk
373,Daria Dyott,4 Myrtle Alley,46226,IN,ddyottac@loc.gov
374,Alethea Penk,4 Vera Crossing,43268,OH,apenkad@jugem.jp
375,Nappy Riepel,01137 Maple Wood Road,90025,CA,nriepelae@cdbaby.com
376,Kaitlin Heakey,8008 Oxford Park,38197,TN,kheakeyaf@upenn.edu
377,Rozalin Beszant,34 La Follette Point,12232,NY,rbeszantag@dyndns.org
378,Sybille Anscott,56 Maple Wood Crossing,75044,TX,sanscottah@nasa.gov
379,Ondrea Madrell,15 Morning Parkway,01605,MA,omadrellai@blog.com
380,Pincas Bucky,6011 Fair Oaks Pass,33164,FL,pbuckyaj@seesaa.net
381,Manuel Salter,946 Hallows Circle,60691,IL,msalterak@census.gov
382,Malinda Linebarger,4 Blackbird Way,80217,CO,mlinebargeral@apache.org
383,Hermann Boniface,17 Fairview Way,10090,NY,hbonifaceam@liveinternet.ru
384,Anthe Punton,84 Bultman Plaza,83732,ID,apuntonan@blogspot.com
385,Arin Gladman,3772 Fisk Terrace,33633,FL,agladmanao@forbes.com
386,Kathlin Mansfield,1 School Court,75277,TX,kmansfieldap@arizona.edu
387,Grant Galbraeth,8 Kings Terrace,06673,CT,ggalbraethaq@ucla.edu
388,Sibley Goodwill,14312 Washington Drive,20051,DC,sgoodwillar@zimbio.com
389,Cozmo Strute,7138 Mockingbird Lane,22225,VA,cstruteas@usnews.com
390,Vasily Jancso,00 Lawn Court,85219,AZ,vjancsoat@mtv.com
391,Allyn Blagden,10723 Continental Drive,80255,CO,ablagdenau@skype.com
392,Claudianus Grigoli,31167 Hovde Circle,98158,WA,cgrigoliav@fc2.com
393,Ekaterina Jimeno,6772 Garrison Point,11236,NY,ejimenoaw@digg.com
394,Royce Dreinan,0 Service Way,19714,DE,rdreinanax@wordpress.org
395,Tibold Micheli,6236 Pierstorff Hill,68197,NE,tmicheliay@ihg.com
396,Bernadine Savory,63 Express Plaza,90840,CA,bsavoryaz@paginegialle.it
397,Sebastien Portman,84 Vernon Pass,43204,OH,sportmanb0@reuters.com
398,Brana Dawdary,10 West Circle,87505,NM,bdawdaryb1@joomla.org
399,Josephina Berceros,9 Texas Drive,67205,KS,jbercerosb2@omniture.com
400,Gates Catchpole,07 Mcbride Hill,44310,OH,gcatchpoleb3@blogs.com
401,Harli Happel,284 Hayes Trail,15240,PA,hhappelb4@xinhuanet.com
402,Mathilda Basten,6142 Artisan Avenue,49510,MI,mbastenb5@webmd.com
403,Tore Totton,61 Packers Circle,33742,FL,ttottonb6@feedburner.com
404,Kelley Trathen,50009 East Center,37228,TN,ktrathenb7@woothemes.com
405,Terence Markus,7 Kim Center,49560,MI,tmarkusb8@woothemes.com
406,Boonie Kyles,62 Oak Alley,94169,CA,bkylesb9@japanpost.jp
407,Windham Akers,8 Pennsylvania Plaza,92013,CA,wakersba@apache.org
408,Annie Danielkiewicz,01700 Bluejay Terrace,01114,MA,adanielkiewiczbb@jiathis.com
409,Concordia Dartnall,982 Prairieview Circle,77065,TX,cdartnallbc@cisco.com
410,Marv Norheny,4 Ronald Regan Place,92160,CA,mnorhenybd@yandex.ru
411,Tobi Arguile,98 Harper Terrace,96835,HI,targuilebe@google.fr
412,Kenneth Tosh,8 Maple Pass,37131,TN,ktoshbf@scientificamerican.com
413,Lynsey Labin,393 Manufacturers Pass,73142,OK,llabinbg@timesonline.co.uk
414,Cori Soans,00 Bonner Terrace,77206,TX,csoansbh@woothemes.com
415,Sunny Pigeram,04067 Knutson Drive,76544,TX,spigerambi@opensource.org
416,Viviene Cotsford,73125 Dapin Hill,92505,CA,vcotsfordbj@constantcontact.com
417,Cherri Scamerdine,4283 Melody Road,66611,KS,cscamerdinebk@apple.com
418,Arlinda Dallewater,5 Meadow Valley Park,35205,AL,adallewaterbl@who.int
419,Balduin Aykroyd,4 Westerfield Avenue,35805,AL,baykroydbm@phoca.cz
420,Cammie Molden,31009 Reindahl Junction,45020,OH,cmoldenbn@forbes.com
421,Cassie Hardingham,182 Kropf Park,77281,TX,chardinghambo@edublogs.org
422,Alix Reuther,28838 Bunker Hill Pass,20029,DC,areutherbp@artisteer.com
423,Nathalie Haslock,8233 Browning Alley,98405,WA,nhaslockbq@engadget.com
424,Reggie Syversen,82 Leroy Trail,27404,NC,rsyversenbr@tripod.com
425,Mercie L'argent,00 Reindahl Hill,27499,NC,mlargentbs@ehow.com
426,Tybi Murdie,14108 Merrick Street,78754,TX,tmurdiebt@squidoo.com
427,Burch Severn,7 Claremont Pass,72916,AR,bsevernbu@posterous.com
428,Milissent Keigher,7 2nd Pass,60158,IL,mkeigherbv@illinois.edu
429,Martie Batisse,857 Homewood Alley,16505,PA,mbatissebw@google.de
430,Cele Guinery,54 Main Circle,44315,OH,cguinerybx@furl.net
431,Shaughn Filchakov,85142 Ryan Plaza,51105,IA,sfilchakovby@hostgator.com
432,Amii Yoselevitch,966 Sachs Street,94302,CA,ayoselevitchbz@yelp.com
433,Lucienne Snaddin,94426 Lunder Trail,94302,CA,lsnaddinc0@ed.gov
434,Hetty Cardenas,5 Sycamore Terrace,90847,CA,hcardenasc1@t-online.de
435,Lisle Alaway,16367 Carioca Parkway,08608,NJ,lalawayc2@opensource.org
436,Lani Libbe,4 Westport Lane,84140,UT,llibbec3@uiuc.edu
437,Elladine Cyples,1879 Lakeland Street,63131,MO,ecyplesc4@wired.com
438,Erinn Galvan,4 Crowley Circle,55448,MN,egalvanc5@msn.com
439,Lorrie Oxx,4588 Memorial Circle,06183,CT,loxxc6@cargocollective.com
440,Georgina Chritchlow,45644 Elka Hill,92013,CA,gchritchlowc7@issuu.com
441,Tobin Donneely,1158 Loomis Junction,55551,MN,tdonneelyc8@scientificamerican.com
442,Lethia Durdle,318 Anhalt Center,76205,TX,ldurdlec9@ted.com
443,Ignatius Hounsome,65 Rusk Parkway,55103,MN,ihounsomeca@ebay.co.uk
444,Isac Kermott,17303 Dorton Parkway,89120,NV,ikermottcb@sogou.com
445,Carey Iacoboni,749 Scott Trail,78710,TX,ciacobonicc@networkadvertising.org
446,Maynord Tuckerman,099 Packers Parkway,94627,CA,mtuckermancd@flickr.com
447,Erskine Brounsell,9037 Acker Circle,94913,CA,ebrounsellce@github.com
448,Michaelina Beranek,96611 Maryland Drive,16565,PA,mberanekcf@alibaba.com
449,Kearney Yanov,89 Glacier Hill Center,64193,MO,kyanovcg@mozilla.com
450,Lanie Duffree,9 Manufacturers Plaza,44191,OH,lduffreech@theglobeandmail.com
451,Olympie Rayman,7 Trailsway Drive,12247,NY,oraymanci@nyu.edu
452,Curran Pegden,92631 South Terrace,10203,NY,cpegdencj@tripadvisor.com
453,Tilly Iacovino,8667 Banding Road,75310,TX,tiacovinock@webnode.com
454,Ramonda McDuall,237 Pearson Lane,45020,OH,rmcduallcl@taobao.com
455,Anabal Boncoeur,8288 Starling Trail,20016,DC,aboncoeurcm@toplist.cz
456,Alfi Eberst,0459 Claremont Road,90087,CA,aeberstcn@china.com.cn
457,Marcelia Prestige,83229 Ludington Trail,10034,NY,mprestigeco@instagram.com
458,Rickard Fearnill,2 Glendale Hill,92405,CA,rfearnillcp@eventbrite.com
459,Zorana Tweede,0 Delaware Drive,40287,KY,ztweedecq@google.com.au
460,Dorothy Alben,563 Northridge Terrace,94291,CA,dalbencr@adobe.com
461,Jed Jiles,3 Eliot Circle,46226,IN,jjilescs@spiegel.de
462,Rena Gulk,20 Kenwood Crossing,37215,TN,rgulkct@yelp.com
463,Daloris Cregin,92093 West Street,45470,OH,dcregincu@wix.com
464,Jaquenetta Reedyhough,1 Sherman Point,21265,MD,jreedyhoughcv@seattletimes.com
465,Ferdinand Rodd,4548 Stone Corner Road,32123,FL,froddcw@vkontakte.ru
466,Eliza Bentick,6189 Darwin Street,30351,GA,ebentickcx@google.de
467,Anabelle Bispo,64437 Stoughton Avenue,35285,AL,abispocy@hatena.ne.jp
468,Garth Imlock,1935 Banding Avenue,30506,GA,gimlockcz@4shared.com
469,Vikky Cyples,50 Butterfield Way,93407,CA,vcyplesd0@fotki.com
470,Raffaello Doyley,32970 Roth Park,77288,TX,rdoyleyd1@geocities.com
471,Martie Bagnell,1233 Eliot Point,66225,KS,mbagnelld2@shop-pro.jp
472,Connie Bispham,7 Meadow Vale Terrace,95838,CA,cbisphamd3@barnesandnoble.com
473,Lynna McClean,71 Buena Vista Court,20883,MD,lmccleand4@de.vu
474,Edie Blethin,58 Westerfield Court,77343,TX,eblethind5@list-manage.com
475,Sydelle Mell,21236 Caliangt Street,63167,MO,smelld6@senate.gov
476,Norry Keets,95021 Dayton Avenue,63169,MO,nkeetsd7@shutterfly.com
477,Eartha Zealander,72760 Rutledge Road,92555,CA,ezealanderd8@wisc.edu
478,Byram Chilver,54672 Jana Pass,98127,WA,bchilverd9@instagram.com
479,Kelsey Imm,8 Oak Valley Hill,37995,TN,kimmda@foxnews.com
480,Ode Hazzard,74 Moland Drive,80270,CO,ohazzarddb@java.com
481,Franni Grishinov,10698 Columbus Center,33013,FL,fgrishinovdc@dell.com
482,Madeline Venney,547 Porter Junction,91616,CA,mvenneydd@fema.gov
483,Nolly Skerm,05 Russell Junction,77075,TX,nskermde@hao123.com
484,Valentia Bohling,2387 Gerald Crossing,59806,MT,vbohlingdf@opera.com
485,Hedwig Chetwin,9265 Spaight Drive,38109,TN,hchetwindg@networksolutions.com
486,Gordy Bottomore,32 Melrose Pass,94245,CA,gbottomoredh@usda.gov
487,Bryanty Kirtland,75723 Namekagon Road,33963,FL,bkirtlanddi@ucoz.com
488,Colan Gledhill,303 Artisan Street,77040,TX,cgledhilldj@upenn.edu
489,Karlie Championnet,14 Dwight Park,10474,NY,kchampionnetdk@buzzfeed.com
490,Carleen Muggeridge,97214 Hayes Junction,78754,TX,cmuggeridgedl@hao123.com
491,Hayyim Carabine,505 Crownhardt Avenue,75605,TX,hcarabinedm@ustream.tv
492,Mariele Byrd,982 Saint Paul Court,64190,MO,mbyrddn@umich.edu
493,Meir Carlo,89196 Westend Terrace,40591,KY,mcarlodo@sciencedirect.com
494,Lillis Creane,44644 Hazelcrest Point,07104,NJ,lcreanedp@microsoft.com
495,Ertha Ebi,1042 Towne Avenue,65218,MO,eebidq@oracle.com
496,Page Skough,1 Forest Point,63136,MO,pskoughdr@blogs.com
497,Pascal Behne,5 Green Place,57110,SD,pbehneds@loc.gov
498,Noell Severwright,00605 Helena Road,50310,IA,nseverwrightdt@google.nl
499,Jeri Argo,31318 Anhalt Lane,60609,IL,jargodu@tmall.com
500,Clarabelle Jenicke,835 Kropf Place,44485,OH,cjenickedv@xrea.com
501,Blair Cavanaugh,6 Judy Pass,10150,NY,bcavanaughdw@1688.com
502,Rosie Hydes,5539 Huxley Park,34135,FL,rhydesdx@g.co
503,Cristian Frewer,3242 Mockingbird Trail,28278,NC,cfrewerdy@telegraph.co.uk
504,Doroteya Knatt,9075 Nova Hill,78205,TX,dknattdz@topsy.com
505,Izabel Toffaloni,14590 Menomonie Point,97255,OR,itoffalonie0@google.es
506,Malvina Loges,7641 Arapahoe Parkway,36104,AL,mlogese1@linkedin.com
507,Colan Lancetter,53096 Bayside Circle,35279,AL,clancettere2@tinypic.com
508,Dorthea Mathers,8619 Ramsey Pass,78475,TX,dmatherse3@rambler.ru
509,Merci Dyke,37 Hoepker Trail,31422,GA,mdykee4@barnesandnoble.com
510,Freda Whitely,05776 Summerview Drive,45505,OH,fwhitelye5@wunderground.com
511,Solly Riggott,2 Sutteridge Parkway,14269,NY,sriggotte6@vinaora.com
512,Gawain Szymoni,94348 Dahle Parkway,01654,MA,gszymonie7@taobao.com
513,Benedetta Norwich,41 Vera Crossing,95298,CA,bnorwiche8@google.ca
514,Lockwood Duffy,43338 Dovetail Circle,22217,VA,lduffye9@alibaba.com
515,Julita Sacher,1277 Marquette Parkway,29424,SC,jsacherea@adobe.com
516,Conrad Corps,99386 Springs Avenue,31914,GA,ccorpseb@infoseek.co.jp
517,Shane Gammet,969 Ilene Road,98115,WA,sgammetec@ox.ac.uk
518,Hyman Snaith,1 Meadow Ridge Point,40210,KY,hsnaithed@ft.com
519,Sunshine Hatrick,8866 Westridge Pass,37416,TN,shatrickee@github.com
520,Kathlin Conradsen,3 Swallow Junction,91616,CA,kconradsenef@cyberchimps.com
521,Chaddy Berns,44218 Carey Way,94250,CA,cbernseg@paginegialle.it
522,Simon Sudron,9 Fulton Plaza,98175,WA,ssudroneh@state.tx.us
523,August Crock,151 Knutson Parkway,89074,NV,acrockei@google.co.jp
524,Faydra Duffan,5 Swallow Point,92110,CA,fduffanej@discovery.com
525,Melinda Iacivelli,20037 Karstens Drive,84110,UT,miacivelliek@cisco.com
526,Hall Eatherton,9 Gateway Park,80270,CO,heathertonel@bluehost.com
527,Yuri Megarrell,3715 Ohio Park,85748,AZ,ymegarrellem@eepurl.com
528,Jaye Fontel,63950 Fieldstone Crossing,85035,AZ,jfontelen@vimeo.com
529,Wells Stubbington,4228 Sachtjen Drive,75231,TX,wstubbingtoneo@wunderground.com
530,Debbie Laverick,24 Golf Course Trail,25313,WV,dlaverickep@timesonline.co.uk
531,Winnifred Illsley,37 Pleasure Point,92410,CA,willsleyeq@cnbc.com
532,Sergio Hindhaugh,58 Delladonna Hill,87140,NM,shindhaugher@reuters.com
533,Gan Enderlein,1 Jenifer Crossing,80223,CO,genderleines@amazonaws.com
534,Elfrieda Anfonsi,509 Superior Parkway,78721,TX,eanfonsiet@github.io
535,Addy Brimblecomb,3638 Hovde Park,60646,IL,abrimblecombeu@arizona.edu
536,Inger Kampshell,6106 Northland Terrace,94164,CA,ikampshellev@timesonline.co.uk
537,Pamella Jennins,42842 Lakeland Crossing,98195,WA,pjenninsew@zimbio.com
538,Sylvia Stapley,3231 Amoth Junction,85020,AZ,sstapleyex@delicious.com
539,Ingrid Jehu,46338 Orin Trail,43220,OH,ijehuey@desdev.cn
540,Kingsley Hackett,09 Lyons Street,44710,OH,khackettez@meetup.com
541,Kit Bernardino,3 Tennyson Avenue,07104,NJ,kbernardinof0@chicagotribune.com
542,Drud Tyhurst,0696 Nevada Point,33075,FL,dtyhurstf1@admin.ch
543,Dillie Feary,3126 Calypso Avenue,99522,AK,dfearyf2@tumblr.com
544,Beulah Vaudin,0 Macpherson Parkway,77030,TX,bvaudinf3@xing.com
545,Franky Biesty,417 School Junction,64114,MO,fbiestyf4@a8.net
546,Packston Milley,60291 Parkside Center,30323,GA,pmilleyf5@4shared.com
547,Stanwood Beves,9 Gale Point,40505,KY,sbevesf6@chicagotribune.com
548,Harrison Casterot,10554 Dapin Hill,23237,VA,hcasterotf7@plala.or.jp
549,Renate Ivankovic,835 Bluejay Avenue,78789,TX,rivankovicf8@cbsnews.com
550,Irvin Plumley,6 Sutherland Crossing,85260,AZ,iplumleyf9@myspace.com
551,Raoul Teggin,09410 Warner Alley,62756,IL,rtegginfa@senate.gov
552,Tedi Halliburton,4 Crownhardt Lane,33462,FL,thalliburtonfb@taobao.com
553,Alick Heugh,1 Macpherson Terrace,17110,PA,aheughfc@hatena.ne.jp
554,Sidoney Ghioni,720 Cardinal Parkway,11054,NY,sghionifd@delicious.com
555,Thalia Tatteshall,8024 Ruskin Point,20310,DC,ttatteshallfe@issuu.com
556,Waldo Lyddy,04 Mitchell Pass,55905,MN,wlyddyff@wikia.com
557,Jamill Pudner,593 Dorton Point,92415,CA,jpudnerfg@wikipedia.org
558,Sashenka Costall,9192 Buhler Way,63131,MO,scostallfh@g.co
559,Demetri Ogilby,952 Merchant Park,11355,NY,dogilbyfi@jalbum.net
560,Concordia Ohrt,70809 Stoughton Alley,85072,AZ,cohrtfj@de.vu
561,Sherman Rouby,3501 Kedzie Crossing,71166,LA,sroubyfk@springer.com
562,Luisa Otteridge,0 Manufacturers Junction,92110,CA,lotteridgefl@google.co.jp
563,Emmalynne Puffett,132 Everett Street,85284,AZ,epuffettfm@i2i.jp
564,Renault Wisher,29 Dapin Hill,20226,DC,rwisherfn@oracle.com
565,Corbett Coda,07 Loeprich Road,44305,OH,ccodafo@yolasite.com
566,Kirsti Crombleholme,2754 Spenser Center,65105,MO,kcrombleholmefp@hao123.com
567,Kris Heinrich,73 Oneill Drive,05609,VT,kheinrichfq@uiuc.edu
568,Georgena Kleinholz,8519 Karstens Terrace,93584,CA,gkleinholzfr@parallels.com
569,Barbara-anne Guilloux,59 Reindahl Drive,83757,ID,bguillouxfs@cisco.com
570,Elka Perford,8008 Colorado Plaza,75277,TX,eperfordft@cisco.com
571,Eduard Garritley,5181 Warrior Park,32813,FL,egarritleyfu@indiegogo.com
572,Berkie Yegorovnin,0294 Cottonwood Court,33884,FL,byegorovninfv@joomla.org
573,Taddeo Bradnick,4 Goodland Lane,38197,TN,tbradnickfw@wix.com
574,Helena Domelow,5 Northview Terrace,94154,CA,hdomelowfx@homestead.com
575,Clementine MacKeague,749 Hagan Street,10125,NY,cmackeaguefy@tmall.com
576,Charmion Astle,33295 Mallard Center,23225,VA,castlefz@usgs.gov
577,Jania Arling,907 Garrison Trail,19058,PA,jarlingg0@dell.com
578,Debra Gorry,3543 Hauk Center,94164,CA,dgorryg1@lycos.com
579,Rice Tewkesberry,35 Bashford Terrace,87180,NM,rtewkesberryg2@un.org
580,Bron Elverston,1153 Texas Road,33432,FL,belverstong3@state.gov
581,Arturo Jakucewicz,8 Corry Drive,32909,FL,ajakucewiczg4@hp.com
582,Adrianna Vasiljevic,0694 7th Street,40256,KY,avasiljevicg5@opera.com
583,Merline Hallyburton,3 Shasta Circle,02298,MA,mhallyburtong6@dropbox.com
584,Goldi Alder,586 Waxwing Pass,28314,NC,galderg7@com.com
585,Christina Fehners,8572 Havey Hill,77040,TX,cfehnersg8@xrea.com
586,Lauri Kilshall,3572 Lillian Place,55123,MN,lkilshallg9@baidu.com
587,Cristin Barkworth,52272 Pine View Court,33499,FL,cbarkworthga@reverbnation.com
588,Jonas Pywell,0932 Corben Alley,33175,FL,jpywellgb@fastcompany.com
589,Norean Feldbaum,14 Ridgeway Park,78732,TX,nfeldbaumgc@biglobe.ne.jp
590,Cinda Muxworthy,79 Heffernan Avenue,61825,IL,cmuxworthygd@webeden.co.uk
591,Maddy Medlen,5 6th Road,46406,IN,mmedlenge@edublogs.org
592,Brandtr Elderfield,3802 Sunbrook Lane,44321,OH,belderfieldgf@flickr.com
593,Rodolfo Haspineall,61 Monica Crossing,79994,TX,rhaspineallgg@tamu.edu
594,Lynna Portlock,41371 Vernon Pass,84140,UT,lportlockgh@netlog.com
595,Armand Aleksandrev,84 Village Place,18706,PA,aaleksandrevgi@friendfeed.com
596,Julius Mettrick,88075 Independence Place,10474,NY,jmettrickgj@rakuten.co.jp
597,Benjamin Washbrook,2035 Laurel Park,80951,CO,bwashbrookgk@sphinn.com
598,Perice Guiton,0527 Oneill Hill,22313,VA,pguitongl@indiatimes.com
599,Camella Luxmoore,8296 North Crossing,33185,FL,cluxmooregm@creativecommons.org
600,Abe Graeme,90 Saint Paul Parkway,55423,MN,agraemegn@ow.ly
601,Wilma Gabe,873 Artisan Parkway,87190,NM,wgabego@desdev.cn
602,Binky Tick,22 Dapin Junction,30130,GA,btickgp@timesonline.co.uk
603,Phil Redon,1 Sunfield Park,20719,MD,predongq@google.co.jp
604,Mallory Humpatch,21 Northridge Road,63167,MO,mhumpatchgr@bandcamp.com
605,Delinda Mills,2 Thompson Drive,30096,GA,dmillsgs@hud.gov
606,Shalna Thorogood,100 Monument Road,48275,MI,sthorogoodgt@oaic.gov.au
607,Wilek Worts,6216 Garrison Street,33673,FL,wwortsgu@unesco.org
608,Aldwin Marthen,4 Pleasure Trail,44760,OH,amarthengv@hp.com
609,Sarajane Sollime,186 Fuller Park,10305,NY,ssollimegw@wsj.com
610,Nataniel Streatley,61539 Heffernan Point,77293,TX,nstreatleygx@zdnet.com
611,Norton Tritton,60055 Bowman Alley,75260,TX,ntrittongy@auda.org.au
612,Ryon Steynor,545 Warbler Crossing,92176,CA,rsteynorgz@people.com.cn
613,Eolande Beebee,79764 Nova Road,78737,TX,ebeebeeh0@oaic.gov.au
614,Amery Iceton,813 Pawling Circle,10045,NY,aicetonh1@sciencedirect.com
615,Rosanne Banbrigge,23 Barby Crossing,11355,NY,rbanbriggeh2@dailymotion.com
616,Corabelle Giacaponi,9409 Morrow Junction,06673,CT,cgiacaponih3@dyndns.org
617,Maxie Tonn,39079 Cherokee Circle,23520,VA,mtonnh4@skype.com
618,Sara-ann Leahey,1 Oneill Court,89110,NV,sleaheyh5@biglobe.ne.jp
619,Edie Fridaye,8563 Summit Junction,55146,MN,efridayeh6@cloudflare.com
620,Kizzie MacGarrity,8 Paget Lane,11254,NY,kmacgarrityh7@icq.com
621,Sybila Falconbridge,8286 Warbler Way,92705,CA,sfalconbridgeh8@opensource.org
622,Sawyer Stockton,060 Laurel Plaza,73109,OK,sstocktonh9@sbwire.com
623,Bianka Lotte,139 Aberg Plaza,80920,CO,blotteha@google.com
624,Hendrick Wragg,1244 Sunfield Center,28289,NC,hwragghb@zimbio.com
625,Morgun Petruska,1644 Fieldstone Street,11205,NY,mpetruskahc@aol.com
626,Urbanus Flockhart,573 Eastlawn Circle,64504,MO,uflockharthd@wix.com
627,Lisette Dunkinson,0714 Mallory Avenue,22217,VA,ldunkinsonhe@g.co
628,Dorine Geraldini,6281 Almo Junction,91131,CA,dgeraldinihf@google.co.jp
629,Harris Liles,0 Chive Terrace,28299,NC,hlileshg@printfriendly.com
630,Cecil Million,5884 Sundown Junction,90010,CA,cmillionhh@nba.com
631,Harriette Rehor,4 Red Cloud Alley,76134,TX,hrehorhi@live.com
632,Deane Loudiane,4 Brown Plaza,73167,OK,dloudianehj@xinhuanet.com
633,Geri Dicky,3616 Hollow Ridge Terrace,79911,TX,gdickyhk@clickbank.net
634,Marcy Dallander,2 Southridge Street,94280,CA,mdallanderhl@bbc.co.uk
635,Curtis Merrywether,9828 Myrtle Point,97286,OR,cmerrywetherhm@dot.gov
636,Tristan McNaught,634 Kropf Point,27710,NC,tmcnaughthn@miibeian.gov.cn
637,Johnath Lawful,65591 Saint Paul Road,94089,CA,jlawfulho@si.edu
638,Zitella Stratten,00172 Vermont Trail,43215,OH,zstrattenhp@addtoany.com
639,Vance Thurley,73 Nova Trail,64144,MO,vthurleyhq@webeden.co.uk
640,Uta Sears,3 Havey Crossing,74149,OK,usearshr@spotify.com
641,Gabi Blemen,2649 Mendota Street,88569,TX,gblemenhs@merriam-webster.com
642,Agathe Arbon,78 Golden Leaf Alley,72215,AR,aarbonht@ocn.ne.jp
643,Debera Leeburne,493 Warner Circle,35231,AL,dleeburnehu@amazon.com
644,Silvana Calcut,39 Blaine Street,78715,TX,scalcuthv@1688.com
645,Mallissa St Quenin,082 Stuart Terrace,10019,NY,msthw@sitemeter.com
646,Erastus Renvoise,5 Sunnyside Park,46015,IN,erenvoisehx@irs.gov
647,Adolph Mullinger,22 Butterfield Junction,10705,NY,amullingerhy@quantcast.com
648,Tressa Iremonger,33 Arkansas Place,93773,CA,tiremongerhz@cocolog-nifty.com
649,Tracy Gobell,458 Grasskamp Junction,19058,PA,tgobelli0@xing.com
650,Luci Kezourec,6936 Mallory Court,78285,TX,lkezoureci1@issuu.com
651,Rosemary Stenet,0 Sutteridge Parkway,33906,FL,rsteneti2@google.com
652,Ole Thurnham,191 Bunting Place,20442,DC,othurnhami3@ibm.com
653,Felice Maso,2 Gulseth Lane,16510,PA,fmasoi4@chronoengine.com
654,Glynn Wimpenny,7888 Dawn Parkway,33180,FL,gwimpennyi5@aol.com
655,Yoko Kennet,45649 South Way,20470,DC,ykenneti6@usatoday.com
656,Torre Reame,40 Vernon Pass,80291,CO,treamei7@seesaa.net
657,Virgil Bonnefin,8 Elgar Court,10079,NY,vbonnefini8@ocn.ne.jp
658,Chrystal Fazan,0805 Mcbride Park,77240,TX,cfazani9@1und1.de
659,Shannan Ramsbotham,1 Declaration Park,37995,TN,sramsbothamia@sogou.com
660,Boigie Mulryan,846 Riverside Crossing,70187,LA,bmulryanib@booking.com
661,Rayshell Thombleson,70 Gulseth Lane,30343,GA,rthomblesonic@paginegialle.it
662,Lolita Darrach,21219 Redwing Street,30905,GA,ldarrachid@narod.ru
663,Sid Frankom,192 Northport Circle,93721,CA,sfrankomie@unicef.org
664,Rodge McCathy,180 Kipling Center,74193,OK,rmccathyif@meetup.com
665,Drud Mountfort,0111 Butternut Circle,90045,CA,dmountfortig@studiopress.com
666,Ingunna Hamber,3 Hauk Circle,90065,CA,ihamberih@mayoclinic.com
667,Oates De Matteis,3117 Beilfuss Center,48206,MI,odeii@fda.gov
668,Fonzie Faulds,2 Cottonwood Plaza,16510,PA,ffauldsij@umich.edu
669,Elvera Ingall,6841 Northview Point,37131,TN,eingallik@hexun.com
670,Allard Tomblett,919 Gateway Trail,33731,FL,atomblettil@mediafire.com
671,Agnola Furlong,75687 Columbus Plaza,19178,PA,afurlongim@state.tx.us
672,Leola Brough,5 Forest Parkway,07310,NJ,lbroughin@google.cn
673,Orland Binnie,8907 Nevada Pass,15274,PA,obinnieio@weather.com
674,Shandeigh Glaysher,443 Esch Circle,61709,IL,sglaysherip@ucla.edu
675,Hedy Golby,1 Florence Way,80905,CO,hgolbyiq@springer.com
676,Domini Leah,78 2nd Avenue,39236,MS,dleahir@pinterest.com
677,Nonah Langford,175 Aberg Park,63110,MO,nlangfordis@diigo.com
678,Tootsie Uphill,826 Lindbergh Park,12242,NY,tuphillit@rambler.ru
679,Tonya Lodwig,86 Stone Corner Pass,53785,WI,tlodwigiu@nydailynews.com
680,Ardelis Giffin,30 Pepper Wood Center,80235,CO,agiffiniv@wufoo.com
681,Retha Hasslocher,22527 Dawn Place,95219,CA,rhasslocheriw@theguardian.com
682,Nadya MacPaden,84 West Terrace,60567,IL,nmacpadenix@themeforest.net
683,Finn O' Quirk,106 Charing Cross Lane,80204,CO,foiy@prlog.org
684,Shaughn Heathcote,22404 Surrey Alley,02298,MA,sheathcoteiz@princeton.edu
685,Hermie Riepl,796 Bay Park,60646,IL,hrieplj0@jugem.jp
686,Loralie Sleany,77 Forest Run Place,19178,PA,lsleanyj1@discuz.net
687,Avie Elder,50741 Goodland Hill,34474,FL,aelderj2@ovh.net
688,Sybila Husher,29617 Monterey Junction,32605,FL,shusherj3@quantcast.com
689,Jodi Northley,81 Derek Avenue,80940,CO,jnorthleyj4@godaddy.com
690,Lewes Gives,718 Hanson Terrace,20010,DC,lgivesj5@desdev.cn
691,Merline Janecek,5 Northwestern Trail,90398,CA,mjanecekj6@desdev.cn
692,Jarrod Cristou,3 Monica Terrace,79940,TX,jcristouj7@livejournal.com
693,Arnoldo Antoni,2 Sauthoff Drive,38114,TN,aantonij8@cornell.edu
694,Duncan Baynam,573 Shopko Terrace,68117,NE,dbaynamj9@ocn.ne.jp
695,Elmer Ounsworth,25 Forest Dale Avenue,80930,CO,eounsworthja@mozilla.com
696,Arleyne Cockayne,803 Derek Lane,22111,VA,acockaynejb@indiegogo.com
697,Krissie Bellsham,1122 Clarendon Parkway,23220,VA,kbellshamjc@cdc.gov
698,Haywood Edgeon,74031 Fordem Court,55805,MN,hedgeonjd@usnews.com
699,Ardine Jacobi,48653 Independence Alley,10120,NY,ajacobije@statcounter.com
700,Kakalina Baybutt,2002 Gulseth Pass,43240,OH,kbaybuttjf@huffingtonpost.com
701,Frazer McKeller,19 Drewry Point,35815,AL,fmckellerjg@chronoengine.com
702,Martainn McEvoy,439 Kedzie Court,61656,IL,mmcevoyjh@pen.io
703,Darin Tench,2467 Springs Court,79705,TX,dtenchji@homestead.com
704,Warde Codron,2 Shasta Place,70174,LA,wcodronjj@huffingtonpost.com
705,Maurita Anders,81020 Texas Terrace,64179,MO,mandersjk@clickbank.net
706,Carlita Strauss,85858 Goodland Junction,77085,TX,cstraussjl@com.com
707,Clem Wagge,1458 Westend Avenue,90410,CA,cwaggejm@virginia.edu
708,Niko Grumell,937 Sommers Pass,49006,MI,ngrumelljn@google.ca
709,Mose Depport,856 Eagan Avenue,37665,TN,mdepportjo@plala.or.jp
710,Samson Matessian,8458 Oneill Point,33355,FL,smatessianjp@tumblr.com
711,Felic Tuckerman,78016 8th Park,55188,MN,ftuckermanjq@senate.gov
712,Billie Berrecloth,018 Monterey Hill,20057,DC,bberreclothjr@istockphoto.com
713,Boris Ethridge,93 Dapin Terrace,33124,FL,bethridgejs@timesonline.co.uk
714,Rikki Follitt,94 Garrison Place,30311,GA,rfollittjt@usa.gov
715,Dorolisa Skains,64 Brickson Park Place,10131,NY,dskainsju@prlog.org
716,Karlotta Brandle,927 Farmco Drive,19495,PA,kbrandlejv@npr.org
717,Merle Slaughter,189 Hallows Crossing,71307,LA,mslaughterjw@desdev.cn
718,Jada Donovin,2 Arkansas Road,46266,IN,jdonovinjx@imageshack.us
719,Derk Kohen,21096 Ohio Way,48919,MI,dkohenjy@bbb.org
720,Pansie Pichan,0 Lindbergh Crossing,94121,CA,ppichanjz@drupal.org
721,Tades Penhale,29804 Cottonwood Drive,77045,TX,tpenhalek0@ezinearticles.com
722,Millicent Enser,4 Tennyson Alley,55805,MN,menserk1@naver.com
723,Corene Nears,9408 Meadow Valley Road,92405,CA,cnearsk2@businesswire.com
724,Tarra Barradell,13671 Vermont Road,92013,CA,tbarradellk3@ihg.com
725,Haley Huikerby,83882 Redwing Way,98175,WA,hhuikerbyk4@amazon.co.uk
726,Johannes Matuskiewicz,2 Bellgrove Avenue,36622,AL,jmatuskiewiczk5@mozilla.org
727,Marshal Pharoah,66 Declaration Trail,74133,OK,mpharoahk6@home.pl
728,Chandler Duiged,5867 Clarendon Alley,27710,NC,cduigedk7@marriott.com
729,Erick Nelthropp,80881 Monterey Crossing,84135,UT,enelthroppk8@opensource.org
730,Cassandry Fisby,5 Homewood Road,44329,OH,cfisbyk9@vkontakte.ru
731,Boone Shrimptone,19648 Dorton Lane,92619,CA,bshrimptoneka@va.gov
732,Alberto Pietersen,6412 Trailsway Crossing,32505,FL,apietersenkb@rakuten.co.jp
733,Codi Colin,9 Mallard Drive,33305,FL,ccolinkc@google.ca
734,Marietta Dibbe,614 Almo Circle,60691,IL,mdibbekd@dedecms.com
735,Lexine L'Archer,1266 Lunder Plaza,99260,WA,llarcherke@comcast.net
736,Emmet Davey,8 Mallard Place,20551,DC,edaveykf@sohu.com
737,Elmira Petrozzi,234 Gale Avenue,20036,DC,epetrozzikg@google.nl
738,Juan Walworth,94236 Ramsey Place,31422,GA,jwalworthkh@4shared.com
739,Holly-anne Wildin,59303 Forest Dale Drive,90010,CA,hwildinki@ezinearticles.com
740,Lorena Dank,7962 Dunning Place,36641,AL,ldankkj@skyrock.com
741,Darcee Reightley,1 Bayside Terrace,55166,MN,dreightleykk@smugmug.com
742,Robinet Gilfoy,7545 Mallory Center,92710,CA,rgilfoykl@opera.com
743,Thorvald Melsom,27 Hoepker Pass,75358,TX,tmelsomkm@ucsd.edu
744,Case Caudray,010 New Castle Crossing,77505,TX,ccaudraykn@goo.ne.jp
745,Millisent Devonside,74 Rieder Court,44505,OH,mdevonsideko@arizona.edu
746,Putnem Gerrey,61611 Ohio Trail,21211,MD,pgerreykp@example.com
747,Tamar Faustin,361 Mockingbird Way,46231,IN,tfaustinkq@wsj.com
748,Ally Slemmonds,1695 Crownhardt Alley,35254,AL,aslemmondskr@mlb.com
749,Neile Maddrell,39247 Oak Valley Hill,40215,KY,nmaddrellks@jalbum.net
750,Evin Burbank,462 4th Center,11044,NY,eburbankkt@issuu.com
751,Andie Stonebanks,29 Farmco Park,19104,PA,astonebanksku@xing.com
752,Brockie Bresson,219 Delladonna Lane,57198,SD,bbressonkv@guardian.co.uk
753,Delores Sollitt,37268 Brickson Park Street,45264,OH,dsollittkw@ted.com
754,Adolph Kliemann,1 Lukken Hill,47805,IN,akliemannkx@scientificamerican.com
755,Stefanie Botte,349 Mallory Pass,45432,OH,sbotteky@stumbleupon.com
756,Giles Palia,629 Grover Center,77240,TX,gpaliakz@rakuten.co.jp
757,Twila Hollow,9556 Carpenter Lane,32309,FL,thollowl0@imageshack.us
758,Conni Kern,8542 Caliangt Trail,01654,MA,ckernl1@china.com.cn
759,Bibi Laverick,2 Talisman Court,85383,AZ,blaverickl2@fc2.com
760,Dory Daborne,9 Daystar Court,74126,OK,ddabornel3@wisc.edu
761,Codi Springate,8 Mifflin Circle,98481,WA,cspringatel4@arstechnica.com
762,Marj Haggerty,88 Basil Alley,20062,DC,mhaggertyl5@rakuten.co.jp
763,Antin Vassie,03756 Redwing Way,38119,TN,avassiel6@google.pl
764,Nerty O'Callaghan,5 Fisk Alley,99252,WA,nocallaghanl7@tripod.com
765,Murial Roebottom,5666 Sugar Crossing,34985,FL,mroebottoml8@vk.com
766,Calida Grimmert,9 Boyd Place,36641,AL,cgrimmertl9@rambler.ru
767,Ernst Eard,17608 Starling Street,36114,AL,eeardla@ebay.co.uk
768,Minnie Dufer,743 Buell Trail,64125,MO,mduferlb@vk.com
769,Deane Gronav,94789 Warbler Crossing,76305,TX,dgronavlc@163.com
770,Lydia McRinn,6888 Jackson Street,79171,TX,lmcrinnld@ucsd.edu
771,Norina Bolmann,47 Vermont Crossing,37405,TN,nbolmannle@netlog.com
772,Damaris Rodenhurst,2 Garrison Road,52245,IA,drodenhurstlf@dion.ne.jp
773,Sharleen Dewey,7918 Prentice Crossing,25362,WV,sdeweylg@list-manage.com
774,Norton Maskell,4407 Hallows Junction,29610,SC,nmaskelllh@weibo.com
775,Danit Franckton,7 Dahle Alley,61825,IL,dfrancktonli@un.org
776,Darcie Maclaine,712 Debra Center,20892,MD,dmaclainelj@va.gov
777,Imogene Whelpdale,40 Troy Street,11236,NY,iwhelpdalelk@globo.com
778,Glenn Plett,5 Summit Junction,48275,MI,gplettll@mayoclinic.com
779,Teodor Lidgate,0 Texas Court,30351,GA,tlidgatelm@time.com
780,Clark Ragsdall,89 Muir Street,11431,NY,cragsdallln@com.com
781,Lorenza Bodell,721 Schurz Drive,92056,CA,lbodelllo@youku.com
782,Allie Snarie,34701 Del Mar Lane,89706,NV,asnarielp@pbs.org
783,Delly Kliemchen,7 Thompson Road,85284,AZ,dkliemchenlq@123-reg.co.uk
784,Robby Gonzalvo,402 Sheridan Plaza,29505,SC,rgonzalvolr@bbc.co.uk
785,Judye Jewiss,8 Lyons Trail,38168,TN,jjewissls@creativecommons.org
786,Dru Newing,0032 Buhler Center,50393,IA,dnewinglt@hubpages.com
787,Agnesse Pecht,78 Kingsford Alley,91186,CA,apechtlu@hugedomains.com
788,Kacey Strawbridge,05 Veith Plaza,70810,LA,kstrawbridgelv@ameblo.jp
789,Iain Markussen,45 Troy Parkway,64142,MO,imarkussenlw@wikia.com
790,Mycah Torrans,50783 Valley Edge Center,63121,MO,mtorranslx@nature.com
791,Carmelle Gomery,9171 Charing Cross Trail,79945,TX,cgomeryly@thetimes.co.uk
792,Rosabelle Wakelin,481 Buhler Place,76011,TX,rwakelinlz@howstuffworks.com
793,Cobbie Aartsen,60970 Pond Drive,76016,TX,caartsenm0@a8.net
794,Stevena Heersema,53540 Anhalt Lane,35405,AL,sheersemam1@woothemes.com
795,Nevin Severwright,229 Dorton Circle,32835,FL,nseverwrightm2@amazonaws.com
796,Hill Oliveti,20 Service Pass,73129,OK,holivetim3@dagondesign.com
797,Bil Coull,28122 Hermina Park,73129,OK,bcoullm4@unc.edu
798,Fin Almak,6474 Lighthouse Bay Avenue,49510,MI,falmakm5@sbwire.com
799,Netti Channer,381 Schlimgen Center,70820,LA,nchannerm6@biglobe.ne.jp
800,Brenna Ciardo,3409 Dovetail Road,32204,FL,bciardom7@desdev.cn
801,Bernardo Airton,031 David Junction,33913,FL,bairtonm8@smugmug.com
802,Selle Room,234 Butterfield Pass,33963,FL,sroomm9@jigsy.com
803,Valry Stormont,84 Farmco Hill,34238,FL,vstormontma@pen.io
804,Delainey Schwier,56 Leroy Street,75397,TX,dschwiermb@bluehost.com
805,Jenine Derye-Barrett,964 Graedel Way,85284,AZ,jderyebarrettmc@alibaba.com
806,Maddi Franchi,5601 Tennessee Way,98405,WA,mfranchimd@arstechnica.com
807,Munmro Thickin,0170 International Circle,73197,OK,mthickinme@nps.gov
808,Kilian Feore,483 Kedzie Terrace,22111,VA,kfeoremf@loc.gov
809,Johannah Rispen,57614 Schurz Place,10079,NY,jrispenmg@salon.com
810,Damita Kezor,17290 Becker Park,68110,NE,dkezormh@artisteer.com
811,Melisa Moffat,1 Hooker Crossing,82007,WY,mmoffatmi@baidu.com
812,Mandel MacGilrewy,43 Sauthoff Junction,97201,OR,mmacgilrewymj@ycombinator.com
813,Lisetta Hyman,427 Florence Center,94132,CA,lhymanmk@godaddy.com
814,Sayre Mathers,6458 Reindahl Street,85743,AZ,smathersml@51.la
815,Margalit Patillo,6 Russell Place,76598,TX,mpatillomm@craigslist.org
816,Ulrika Jestico,0471 Emmet Point,35210,AL,ujesticomn@youtube.com
817,Agretha Fleetham,16 Elka Point,80940,CO,afleethammo@weibo.com
818,Orran Tong,86594 Stone Corner Trail,34605,FL,otongmp@youku.com
819,Bartlet Dresser,924 Kingsford Circle,33111,FL,bdressermq@posterous.com
820,Candie MacCartair,6 Lindbergh Circle,73071,OK,cmaccartairmr@csmonitor.com
821,Billy Curzon,4 Northview Lane,27690,NC,bcurzonms@phoca.cz
822,Mario Stoite,69 Carey Crossing,23471,VA,mstoitemt@tumblr.com
823,Krystal D'Ambrosi,9 Bultman Trail,75605,TX,kdambrosimu@amazon.de
824,Preston Dockreay,0223 Canary Parkway,32859,FL,pdockreaymv@epa.gov
825,Luciana Minchi,72 Union Trail,63126,MO,lminchimw@uol.com.br
826,Meridel Keers,5813 Erie Way,89125,NV,mkeersmx@vk.com
827,Brigitta Incogna,30261 Eastlawn Terrace,35215,AL,bincognamy@shinystat.com
828,Ashla Harmston,63 Nelson Avenue,73190,OK,aharmstonmz@blogger.com
829,Carolin Sharrard,339 Esker Center,71105,LA,csharrardn0@rediff.com
830,Bran Muldoon,42301 Atwood Trail,73147,OK,bmuldoonn1@bravesites.com
831,Alverta Slayny,43640 Graedel Junction,55436,MN,aslaynyn2@ebay.co.uk
832,Heywood Championnet,24806 Sloan Drive,18768,PA,hchampionnetn3@netlog.com
833,Betteann Potter,50268 Hudson Alley,94611,CA,bpottern4@constantcontact.com
834,Danita Spering,80 Dottie Drive,14215,NY,dsperingn5@live.com
835,Efrem Lauder,513 Sloan Street,10004,NY,elaudern6@timesonline.co.uk
836,Royal Smales,55252 Buena Vista Hill,92410,CA,rsmalesn7@wordpress.org
837,Larisa Zieme,630 Kennedy Road,24515,VA,lziemen8@cornell.edu
838,Francisco Murname,84664 Little Fleur Trail,62764,IL,fmurnamen9@marriott.com
839,Arlene Cosgrave,88 Dapin Court,10557,NY,acosgravena@free.fr
840,Antonio Kigelman,00 Lerdahl Street,62764,IL,akigelmannb@chron.com
841,Stanislaus Cropton,9 Carioca Center,67220,KS,scroptonnc@biglobe.ne.jp
842,Kerby Climance,69 Reinke Center,92121,CA,kclimancend@hc360.com
843,Logan Mackerel,30421 Bartillon Trail,40596,KY,lmackerelne@geocities.com
844,Grace Howton,68507 Eagan Point,95173,CA,ghowtonnf@netscape.com
845,Therese Gipson,50483 Nova Park,85045,AZ,tgipsonng@list-manage.com
846,Dmitri Ruffell,773 Delaware Avenue,28289,NC,druffellnh@latimes.com
847,Marcos Corke,331 Carberry Trail,50706,IA,mcorkeni@lulu.com
848,Rozelle Kelway,49 Scott Crossing,45264,OH,rkelwaynj@senate.gov
849,Opaline Peirazzi,607 David Center,74108,OK,opeirazzink@huffingtonpost.com
850,Eal Aymerich,49635 Utah Crossing,75353,TX,eaymerichnl@tinyurl.com
851,Simon Fiddler,608 Morning Park,19892,DE,sfiddlernm@examiner.com
852,Rina Pim,30873 Lake View Place,87105,NM,rpimnn@hao123.com
853,Elene Pell,07 Northport Drive,98464,WA,epellno@psu.edu
854,Powell Lamacraft,80 Sloan Center,35290,AL,plamacraftnp@51.la
855,Budd Kinloch,91 Granby Junction,75387,TX,bkinlochnq@opera.com
856,Ronnica Jankowski,8490 Magdeline Junction,80291,CO,rjankowskinr@studiopress.com
857,Kristina Fearenside,4 Crest Line Crossing,77288,TX,kfearensidens@simplemachines.org
858,Giraldo Gruszecki,6 Rockefeller Place,40586,KY,ggruszeckint@ezinearticles.com
859,Hollie Vasenkov,1 Nelson Avenue,33310,FL,hvasenkovnu@squarespace.com
860,Jarad Bumpas,7930 Erie Lane,31296,GA,jbumpasnv@wp.com
861,Lexis Kenwood,8158 Portage Street,80228,CO,lkenwoodnw@utexas.edu
862,Agosto Muddimer,6 Hagan Hill,20520,DC,amuddimernx@storify.com
863,Morganne Flello,74148 Hollow Ridge Park,30066,GA,mflellony@army.mil
864,Cherish Featonby,2620 Macpherson Avenue,90805,CA,cfeatonbynz@sfgate.com
865,Yorgos Gawkes,4 Eliot Crossing,28205,NC,ygawkeso0@angelfire.com
866,Lorilyn Pelosi,389 Upham Road,22036,VA,lpelosio1@de.vu
867,Ilse Beinke,7 Gina Place,46634,IN,ibeinkeo2@typepad.com
868,Cleavland Cummings,36 Eliot Alley,70810,LA,ccummingso3@infoseek.co.jp
869,Andi Redmond,24084 Oakridge Place,78778,TX,aredmondo4@rediff.com
870,Cayla MacKay,1 Iowa Junction,37215,TN,cmackayo5@tmall.com
871,Sallyann Ashbrook,5 Di Loreto Crossing,92648,CA,sashbrooko6@constantcontact.com
872,Niki McLane,0178 Coolidge Street,32868,FL,nmclaneo7@hp.com
873,Dex Kamien,80 Farragut Place,17110,PA,dkamieno8@census.gov
874,Brendon Huggan,43 Twin Pines Drive,95894,CA,bhuggano9@japanpost.jp
875,Claretta Duigan,4316 Columbus Parkway,53215,WI,cduiganoa@sitemeter.com
876,Bernardo Kidston,2304 Barby Court,32919,FL,bkidstonob@aboutads.info
877,Valentia Clemencon,1 Columbus Hill,77085,TX,vclemenconoc@google.co.uk
878,Aurie Behninck,94 Cardinal Alley,73179,OK,abehninckod@dagondesign.com
879,Moises Klassmann,83 Roth Trail,38197,TN,mklassmannoe@dion.ne.jp
880,Cordie Synnot,35714 Fordem Alley,99790,AK,csynnotof@studiopress.com
881,Joseito Fincham,3687 Bobwhite Hill,45243,OH,jfinchamog@army.mil
882,Boot Adolfsen,354 Grover Plaza,89193,NV,badolfsenoh@dailymail.co.uk
883,Kennie Eliot,6 Springview Center,15286,PA,keliotoi@pen.io
884,Myriam Dainty,13527 4th Hill,40298,KY,mdaintyoj@amazon.com
885,Donni Leftwich,137 7th Crossing,88574,TX,dleftwichok@amazon.de
886,Ivonne Holah,00286 Boyd Park,78703,TX,iholahol@ask.com
887,Pamela Standidge,705 Chinook Point,85725,AZ,pstandidgeom@dailymotion.com
888,Jerad Pfertner,14 Maryland Parkway,95219,CA,jpfertneron@ask.com
889,Jarid Cadman,095 Lighthouse Bay Pass,77844,TX,jcadmanoo@ow.ly
890,Jenine Pascow,685 Granby Center,66205,KS,jpascowop@google.pl
891,Esma Schubbert,69824 Randy Street,44125,OH,eschubbertoq@mit.edu
892,Karissa Bumphries,26504 Quincy Circle,60681,IL,kbumphriesor@java.com
893,Selle Critchley,76701 Everett Street,15266,PA,scritchleyos@youku.com
894,Eran Myrtle,290 Northfield Park,30380,GA,emyrtleot@examiner.com
895,Jolee Leworthy,0643 American Road,25313,WV,jleworthyou@unicef.org
896,Camellia Werlock,5797 Jana Point,25726,WV,cwerlockov@weebly.com
897,Worden Staining,40 Weeping Birch Street,32405,FL,wstainingow@bluehost.com
898,Daryl Allden,05 Old Shore Crossing,23454,VA,dalldenox@jimdo.com
899,Arliene Gieves,2 Kingsford Center,45213,OH,agievesoy@tuttocitta.it
900,Auberon Toffalo,1664 Killdeer Lane,75392,TX,atoffalooz@ucoz.ru
901,Kendre Mulcaster,47146 Lake View Crossing,07305,NJ,kmulcasterp0@so-net.ne.jp
902,Jefferson Matveyev,5 Twin Pines Court,73179,OK,jmatveyevp1@cornell.edu
903,Jarrett Wolpert,8 Northview Street,63136,MO,jwolpertp2@vimeo.com
904,Merissa Burdett,59 Brickson Park Point,91103,CA,mburdettp3@gmpg.org
905,Edin Sachno,3644 Lukken Center,33134,FL,esachnop4@state.gov
906,Hettie MacDonagh,81 Marcy Parkway,79968,TX,hmacdonaghp5@merriam-webster.com
907,Belinda Cornu,805 Melby Road,97312,OR,bcornup6@yandex.ru
908,Austen Perutto,09557 Ronald Regan Street,11388,NY,aperuttop7@nytimes.com
909,Allard Wanka,8653 Buena Vista Point,20520,DC,awankap8@e-recht24.de
910,Claiborne McCray,7320 Almo Crossing,17622,PA,cmccrayp9@bloomberg.com
911,Wilmer Gallier,20069 Green Ridge Circle,91841,CA,wgallierpa@wp.com
912,Natala Robley,41667 Holy Cross Pass,04109,ME,nrobleypb@vimeo.com
913,Pattie Twinbourne,094 Scoville Way,61651,IL,ptwinbournepc@microsoft.com
914,Joceline Clegg,0717 4th Park,36689,AL,jcleggpd@adobe.com
915,Pryce Balharry,6 Morning Plaza,70187,LA,pbalharrype@ucla.edu
916,Desi Scotting,6 Briar Crest Alley,78710,TX,dscottingpf@pbs.org
917,Ardisj Giddins,4896 2nd Terrace,61605,IL,agiddinspg@deliciousdays.com
918,Norine Weine,84 Eagle Crest Avenue,32627,FL,nweineph@booking.com
919,Sloan Larimer,976 Loftsgordon Point,22309,VA,slarimerpi@about.com
920,Ignacio Mangin,89386 Westerfield Point,44118,OH,imanginpj@over-blog.com
921,Claybourne Doppler,1 Mcbride Avenue,88541,TX,cdopplerpk@globo.com
922,Lurleen Senyard,2 Stuart Avenue,55905,MN,lsenyardpl@bbc.co.uk
923,Letitia Borman,93914 Gulseth Place,12210,NY,lbormanpm@live.com
924,Alison Thirlwell,32 Forest Run Avenue,27658,NC,athirlwellpn@chron.com
925,Alvira Latore,34 Bluejay Plaza,77015,TX,alatorepo@w3.org
926,Gertruda Shillum,9 Derek Avenue,47725,IN,gshillumpp@bloglines.com
927,Lanae Baudic,4 Wayridge Pass,90189,CA,lbaudicpq@eepurl.com
928,Cecilio Slaght,39215 Brown Hill,13217,NY,cslaghtpr@constantcontact.com
929,Glenda Wisdish,144 Kennedy Park,93726,CA,gwisdishps@amazon.co.uk
930,Christopher Bouzek,547 Everett Center,55407,MN,cbouzekpt@miibeian.gov.cn
931,Alissa Beckinsale,22 Melrose Court,50315,IA,abeckinsalepu@bloomberg.com
932,Zelma Austen,7 Bayside Alley,85053,AZ,zaustenpv@example.com
933,Adi Jennison,13 Hansons Hill,34135,FL,ajennisonpw@prweb.com
934,Krystle Gile,22355 Bartelt Trail,90847,CA,kgilepx@mediafire.com
935,Pansie Pheasant,727 Schurz Trail,98687,WA,ppheasantpy@mayoclinic.com
936,Donny Crosswaite,4 Shoshone Alley,94627,CA,dcrosswaitepz@usgs.gov
937,Tammara Pranger,6635 Armistice Street,48295,MI,tprangerq0@businessinsider.com
938,Wood Lathy,69949 Stoughton Center,35225,AL,wlathyq1@google.com.hk
939,Linnell Claiton,0 Mockingbird Trail,47732,IN,lclaitonq2@archive.org
940,Paulo Broomhall,656 Sunnyside Court,03105,NH,pbroomhallq3@nature.com
941,Tyne Feldhorn,1 Sullivan Road,15906,PA,tfeldhornq4@washington.edu
942,Sallee Mounfield,5910 Vera Parkway,31410,GA,smounfieldq5@shop-pro.jp
943,Ozzy La Croce,177 Weeping Birch Plaza,38197,TN,olaq6@webmd.com
944,Hayes Dast,3 Melrose Lane,34474,FL,hdastq7@skype.com
945,Shantee Glasscoe,89 Petterle Street,53285,WI,sglasscoeq8@salon.com
946,Ronald Fonquernie,93 Stoughton Way,78230,TX,rfonquernieq9@g.co
947,Aluino Franz-Schoninger,33798 Maywood Alley,93005,CA,afranzschoningerqa@simplemachines.org
948,Thea Sargeant,2225 Linden Circle,45254,OH,tsargeantqb@ucoz.com
949,Rayshell Aldred,2862 Morrow Place,73034,OK,raldredqc@dot.gov
950,Merry Greenaway,5124 Oakridge Street,35805,AL,mgreenawayqd@amazonaws.com
951,Angeli Blaisdale,29612 Lindbergh Drive,20319,DC,ablaisdaleqe@patch.com
952,Maddie Lancley,78 Mallory Crossing,76115,TX,mlancleyqf@zdnet.com
953,Ezri Dallosso,68 Eagan Junction,23225,VA,edallossoqg@gravatar.com
954,Jori Alti,702 Loftsgordon Way,45505,OH,jaltiqh@usnews.com
955,Shannen Scraggs,325 Duke Place,76905,TX,sscraggsqi@plala.or.jp
956,Almire Cordes,796 Drewry Pass,10305,NY,acordesqj@google.co.uk
957,Cozmo Davy,8860 Union Center,93786,CA,cdavyqk@domainmarket.com
958,Angelica Hoopper,38 Stoughton Park,60641,IL,ahoopperql@dagondesign.com
959,Vivian Dominichelli,1 Center Alley,39534,MS,vdominichelliqm@biglobe.ne.jp
960,Lizzy Maclean,52 Scofield Place,94089,CA,lmacleanqn@google.com
961,Elvira Scafe,84 Welch Circle,15266,PA,escafeqo@microsoft.com
962,Fenelia Keeney,80866 Dayton Parkway,20005,DC,fkeeneyqp@netlog.com
963,Avis Fricke,959 Dawn Lane,64193,MO,africkeqq@ebay.com
964,Othella Brilleman,4 Myrtle Pass,16550,PA,obrillemanqr@naver.com
965,Walther Whaites,60 Division Alley,16505,PA,wwhaitesqs@ask.com
966,Conrad Newling,9 Commercial Terrace,11044,NY,cnewlingqt@wisc.edu
967,Courtnay Broggini,2466 Sutherland Avenue,30610,GA,cbrogginiqu@unc.edu
968,Sharai Gannaway,6 Luster Parkway,70165,LA,sgannawayqv@census.gov
969,Anthe Lyon,6 Eastwood Point,84130,UT,alyonqw@shareasale.com
970,Kristi Glancey,4 Arkansas Pass,80045,CO,kglanceyqx@sciencedaily.com
971,Maurene McKendry,07 Northridge Place,90035,CA,mmckendryqy@omniture.com
972,Ebba Harbinson,00 Meadow Valley Circle,92619,CA,eharbinsonqz@acquirethisname.com
973,Mia Galilee,1286 Lake View Pass,94116,CA,mgalileer0@businesswire.com
974,Tamarah Papa,74 Clove Hill,33543,FL,tpapar1@ibm.com
975,Minette Ferrarello,5191 Merrick Road,15205,PA,mferrarellor2@blogger.com
976,Sonnie Willoughley,2977 Corry Plaza,10292,NY,swilloughleyr3@chron.com
977,Deborah Seif,069 Stephen Pass,10060,NY,dseifr4@amazonaws.com
978,Livy Hame,5015 Bartillon Alley,99812,AK,lhamer5@cam.ac.uk
979,Humbert Francomb,07091 Shopko Lane,33345,FL,hfrancombr6@wunderground.com
980,Mandie Fontell,9262 Bunting Way,45203,OH,mfontellr7@aol.com
981,Boony D'Almeida,43813 Morning Parkway,23509,VA,bdalmeidar8@spiegel.de
982,Kelci Sired,2 Memorial Point,06510,CT,ksiredr9@springer.com
983,Miller Constance,86 Grover Alley,75358,TX,mconstancera@biglobe.ne.jp
984,Merla Higgonet,3 Katie Hill,76178,TX,mhiggonetrb@artisteer.com
985,Sloan Laven,6679 Pennsylvania Terrace,27610,NC,slavenrc@wordpress.com
986,Camella Frodsham,6595 Marcy Trail,32128,FL,cfrodshamrd@spiegel.de
987,Roderick Speddin,53 La Follette Parkway,29905,SC,rspeddinre@si.edu
988,Paloma Wellbank,27942 Forest Trail,36689,AL,pwellbankrf@arstechnica.com
989,Rodolph Babbidge,000 Cottonwood Hill,92160,CA,rbabbidgerg@newsvine.com
990,Hadlee McGenis,9 Luster Road,46221,IN,hmcgenisrh@ocn.ne.jp
991,Catlaina Reeson,0 Hudson Terrace,36610,AL,creesonri@mlb.com
992,Andre Cadamy,17 Starling Plaza,85040,AZ,acadamyrj@domainmarket.com
993,Bertie Matula,594 Kensington Center,49505,MI,bmatulark@cbsnews.com
994,Norma Reddings,19 Raven Way,45238,OH,nreddingsrl@ft.com
995,Danette Karlolczak,4 Bayside Place,73197,OK,dkarlolczakrm@1und1.de
996,Kerry Purviss,53 Moulton Lane,10474,NY,kpurvissrn@wix.com
997,Giff Taunton,58241 Oxford Alley,10203,NY,gtauntonro@mediafire.com
998,Tomlin Middler,09096 Burning Wood Plaza,30311,GA,tmiddlerrp@fotki.com
999,Aggie Webben,41382 Hagan Place,25336,WV,awebbenrq@blinklist.com
1000,Ronnie Tumbridge,32 Westerfield Parkway,06505,CT,rtumbridgerr@china.com.cn
