id,name,address,zipcode,state,email
1,Sylas Gradley,578 Spenser Pass,36177,AL,sgradley0@123-reg.co.uk
2,Wells Domico,190 Spohn Avenue,33147,FL,wdomico1@si.edu
3,Dayna Harnes,33 Gina Lane,15250,PA,dharnes2@tmall.com
4,Caren Noyce,904 Vidon Crossing,98442,WA,cnoyce3@domainmarket.com
5,Mick Fall,8349 Division Crossing,22184,VA,mfall4@com.com
6,Onfroi Trigg,9 Nova Drive,22234,VA,otrigg5@utexas.edu
7,Timmie Byrch,7 Sauthoff Point,48956,MI,tbyrch6@mysql.com
8,Katherine Stryde,2 Ohio Court,89595,NV,kstryde7@issuu.com
9,Sloan Drage,98 Acker Junction,20041,DC,sdrage8@mail.ru
10,Ulysses MacDermand,7697 Duke Point,60641,IL,umacdermand9@seattletimes.com
11,Cindi Farquar,11469 Muir Plaza,70129,LA,cfarquara@java.com
12,Risa Nunnery,633 Crescent Oaks Park,83405,ID,rnunneryb@theatlantic.com
13,Dollie Volant,995 Superior Lane,06922,CT,dvolantc@alibaba.com
14,Roderich Megahey,0 Killdeer Point,20238,DC,rmegaheyd@miibeian.gov.cn
15,Baillie Oxborrow,5 Red Cloud Pass,46202,IN,boxborrowe@cocolog-nifty.com
16,Chiarra Eefting,7085 Hagan Lane,28272,NC,ceeftingf@marketwatch.com
17,Alvinia Tewkesberrie,2146 Drewry Trail,94105,CA,atewkesberrieg@freewebs.com
18,Anton Heijne,2015 Menomonie Street,75185,TX,aheijneh@uiuc.edu
19,Edi Tallon,47525 Summit Junction,10131,NY,etalloni@narod.ru
20,Morgen Ellwand,9 Towne Circle,78291,TX,mellwandj@godaddy.com
21,Zuzana MacQueen,392 Leroy Pass,31416,GA,zmacqueenk@jiathis.com
22,Dody Klemke,17328 Bonner Hill,72118,AR,dklemkel@bizjournals.com
23,Sallee Scain,9169 Jana Road,14683,NY,sscainm@yellowpages.com
24,Hallsy Brownhall,32 5th Junction,35810,AL,hbrownhalln@spotify.com
25,Carrissa Clamp,4 Fuller Plaza,75353,TX,cclampo@paypal.com
26,Silvester Toop,19442 1st Junction,98185,WA,stoopp@bbb.org
27,Kat Alman,8794 Sunnyside Point,20904,MD,kalmanq@discuz.net
28,Tod Bellows,958 Loftsgordon Terrace,43268,OH,tbellowsr@mayoclinic.com
29,Tallie Spellacy,0010 Elka Avenue,22405,VA,tspellacys@hibu.com
30,Hubey Carlyle,49 Prairieview Plaza,33134,FL,hcarlylet@sbwire.com
31,Travers Bloggett,5017 Muir Pass,19897,DE,tbloggettu@columbia.edu
32,Toby Noad,110 Pierstorff Parkway,33543,FL,tnoadv@yellowbook.com
33,Basilius Bownas,97160 Southridge Center,94605,CA,bbownasw@vkontakte.ru
34,Libby Nani,565 Texas Road,43656,OH,lnanix@walmart.com
35,Fredrika Diprose,2 Moland Court,12232,NY,fdiprosey@npr.org
36,Alano Michiel,9 Corscot Avenue,33124,FL,amichielz@elpais.com
37,Carla Botright,7377 Ridgeview Place,55565,MN,cbotright10@arstechnica.com
38,Alexandro Gredden,37606 Haas Drive,75323,TX,agredden11@businessweek.com
39,Dorie Gravey,0 Ronald Regan Pass,55480,MN,dgravey12@bandcamp.com
40,Dmitri Fearnall,536 Burning Wood Court,94405,CA,dfearnall13@etsy.com
41,Valentijn Tremonte,802 Arizona Hill,80127,CO,vtremonte14@cbc.ca
42,Sammy Ivain,9 Stephen Parkway,66112,KS,sivain15@yellowbook.com
43,Anna-maria Gunther,85323 6th Avenue,33069,FL,agunther16@japanpost.jp
44,Noah Cathee,57 Muir Pass,28305,NC,ncathee17@google.fr
45,Katusha Probetts,7 Kipling Center,75216,TX,kprobetts18@qq.com
46,Maegan Traher,73994 Onsgard Trail,33686,FL,mtraher19@dell.com
47,Jackquelin M'cowis,3845 Macpherson Avenue,20892,MD,jmcowis1a@behance.net
48,Ibrahim Francey,162 Weeping Birch Hill,33758,FL,ifrancey1b@dedecms.com
49,Broderic Pinckney,32 Ryan Drive,01152,MA,bpinckney1c@livejournal.com
50,Glennie Erratt,6376 Jay Center,71130,LA,gerratt1d@freewebs.com
51,Wadsworth Stutard,83 Nevada Circle,93386,CA,wstutard1e@themeforest.net
52,Jayne Malkin,3 Kropf Point,34611,FL,jmalkin1f@usatoday.com
53,Cesar Kristufek,68660 Pleasure Parkway,79605,TX,ckristufek1g@harvard.edu
54,Hilly Wrenn,7 Butterfield Place,80223,CO,hwrenn1h@reverbnation.com
55,Kelila Daysh,23642 Carberry Hill,47725,IN,kdaysh1i@fda.gov
56,Bevan Janowicz,814 Grayhawk Junction,55423,MN,bjanowicz1j@google.it
57,Amabelle Mattia,2836 Debs Trail,07208,NJ,amattia1k@unesco.org
58,Hilliard MacIlwrick,89 Transport Crossing,80127,CO,hmacilwrick1l@google.pl
59,Frederik Tubbs,6 Atwood Lane,37416,TN,ftubbs1m@ebay.co.uk
60,Caron Hosby,53571 Huxley Street,15210,PA,chosby1n@theatlantic.com
61,Gizela Florence,4284 Steensland Court,33737,FL,gflorence1o@shareasale.com
62,Jamaal Goncaves,65 Kedzie Pass,30340,GA,jgoncaves1p@tmall.com
63,Adelheid Le Gassick,937 Brown Trail,19058,PA,ale1q@ifeng.com
64,Karisa Brandenberg,183 Porter Circle,53726,WI,kbrandenberg1r@shareasale.com
65,Ilise Greening,1 Lotheville Lane,33436,FL,igreening1s@independent.co.uk
66,Pat Hartop,44 Vahlen Terrace,20409,DC,phartop1t@naver.com
67,Giralda Dickson,95048 Little Fleur Junction,34102,FL,gdickson1u@jugem.jp
68,Jeanine Bortoluzzi,49126 Johnson Parkway,23225,VA,jbortoluzzi1v@chicagotribune.com
69,Gerome Pasque,931 Warbler Court,80299,CO,gpasque1w@g.co
70,Walt Haywood,281 Stone Corner Alley,77293,TX,whaywood1x@npr.org
71,Pauli Tappin,1406 Summerview Parkway,90060,CA,ptappin1y@paypal.com
72,Cathrine Pentycross,59 Independence Junction,78278,TX,cpentycross1z@google.com.br
73,Allina Stillmann,796 Thompson Lane,92191,CA,astillmann20@time.com
74,Grady Faithfull,45015 Rutledge Alley,44105,OH,gfaithfull21@storify.com
75,Weidar Aleevy,1525 Onsgard Center,87110,NM,waleevy22@jalbum.net
76,Sergeant Faltskog,4 Granby Crossing,55407,MN,sfaltskog23@toplist.cz
77,Annice Grebert,5 Sugar Road,90305,CA,agrebert24@bandcamp.com
78,Louisa Chieze,412 6th Trail,72204,AR,lchieze25@a8.net
79,Berne Carroll,11 Canary Trail,77035,TX,bcarroll26@apple.com
80,Lonna Stansfield,275 Redwing Junction,39236,MS,lstansfield27@sfgate.com
81,Aguie Hollyar,0 Schurz Parkway,91109,CA,ahollyar28@behance.net
82,Kyle Ossenna,54596 Scoville Pass,47705,IN,kossenna29@shop-pro.jp
83,Niko Pleasance,93890 Northwestern Avenue,02104,MA,npleasance2a@uiuc.edu
84,Gabriell Goodricke,42 Ilene Trail,92725,CA,ggoodricke2b@craigslist.org
85,Vere Garrish,967 Del Sol Pass,53220,WI,vgarrish2c@senate.gov
86,Ado Richen,4 Petterle Drive,72215,AR,arichen2d@wunderground.com
87,Marysa Kobu,2423 Tomscot Circle,17121,PA,mkobu2e@miibeian.gov.cn
88,Bernardine Geldeford,0134 Milwaukee Center,76210,TX,bgeldeford2f@addtoany.com
89,Matthias Navaro,551 American Ash Way,17126,PA,mnavaro2g@globo.com
90,Merrick Pine,9748 Ilene Circle,85020,AZ,mpine2h@people.com.cn
91,Jillene Petrazzi,57 Nova Park,32220,FL,jpetrazzi2i@kickstarter.com
92,Cosmo Chanson,3112 Dorton Street,32859,FL,cchanson2j@prlog.org
93,Kalindi Beamand,9 1st Center,64109,MO,kbeamand2k@google.com.au
94,Peggi Doudny,1385 Toban Drive,40510,KY,pdoudny2l@pagesperso-orange.fr
95,Grady Boissier,7948 Gerald Park,81010,CO,gboissier2m@sitemeter.com
96,Norby Morin,0250 Scofield Street,43220,OH,nmorin2n@edublogs.org
97,Chevalier Dewsnap,918 Debra Plaza,29416,SC,cdewsnap2o@sitemeter.com
98,Irina Morphet,1 Macpherson Way,20910,MD,imorphet2p@businessweek.com
99,Hardy Brilon,1896 Merry Avenue,22205,VA,hbrilon2q@cornell.edu
100,Ethelda Stoner,8 Mariners Cove Point,85271,AZ,estoner2r@examiner.com
101,Katine Seggie,99257 Luster Hill,80243,CO,kseggie2s@rakuten.co.jp
102,Adriena Domleo,9081 Sachtjen Road,28055,NC,adomleo2t@mayoclinic.com
103,Brod Dudny,688 Moose Alley,77505,TX,bdudny2u@eepurl.com
104,Bobbi Matysik,854 Barnett Parkway,30323,GA,bmatysik2v@bbc.co.uk
105,Devina Neagle,4 Leroy Street,78245,TX,dneagle2w@purevolume.com
106,Molly Arnholdt,638 Eagle Crest Lane,89595,NV,marnholdt2x@csmonitor.com
107,Tiffy Wyson,36 Dwight Junction,66105,KS,twyson2y@wisc.edu
108,Addia Briton,18422 Rockefeller Avenue,98104,WA,abriton2z@cafepress.com
109,Consalve Enrico,744 Village Terrace,48609,MI,cenrico30@theguardian.com
110,Hartley Toby,94 Victoria Pass,31196,GA,htoby31@gmpg.org
111,Maure Nayshe,84 Steensland Street,77065,TX,mnayshe32@sbwire.com
112,Enid Alvar,241 Bowman Crossing,33305,FL,ealvar33@wufoo.com
113,Dennis Potapczuk,51 Gerald Drive,40505,KY,dpotapczuk34@loc.gov
114,Shoshanna Lennon,38223 Fulton Crossing,29215,SC,slennon35@booking.com
115,Gregory Le Houx,625 Fisk Parkway,99517,AK,gle36@gmpg.org
116,Cooper Tisor,553 Spohn Place,22217,VA,ctisor37@unesco.org
117,Nonnah Penniell,1 Lukken Park,20470,DC,npenniell38@ask.com
118,Cherri Elphick,5 Sachtjen Alley,98664,WA,celphick39@a8.net
119,Liane Binley,22656 Hoepker Crossing,35231,AL,lbinley3a@omniture.com
120,Blondie Dommerque,8 Bay Park,31132,GA,bdommerque3b@dailymotion.com
121,Erie Stenson,7 Northwestern Junction,32259,FL,estenson3c@usnews.com
122,Wandie Fieldstone,78260 Prentice Lane,67205,KS,wfieldstone3d@flickr.com
123,Rebeka Bettenay,76307 Pine View Crossing,43605,OH,rbettenay3e@mapquest.com
124,Fritz Toffolini,26 Eagan Point,32304,FL,ftoffolini3f@woothemes.com
125,Seumas Levermore,1 Montana Road,43605,OH,slevermore3g@arizona.edu
126,Alexandros Kitley,1943 Erie Center,06673,CT,akitley3h@booking.com
127,Corey Bonhan,541 Bunting Parkway,33023,FL,cbonhan3i@blogger.com
128,Quill Fortey,7311 1st Point,40256,KY,qfortey3j@nhs.uk
129,Ally Gentzsch,3229 Kropf Trail,39204,MS,agentzsch3k@booking.com
130,Ainslie Attard,0 Thompson Crossing,15230,PA,aattard3l@cmu.edu
131,Merrielle Firmage,774 Spenser Point,92145,CA,mfirmage3m@engadget.com
132,Vaughan Garcia,2 Jenifer Park,73147,OK,vgarcia3n@homestead.com
133,Dalis Hirsch,30 Ridgeview Hill,20022,DC,dhirsch3o@imdb.com
134,Ethe Osgordby,05410 Jay Lane,12237,NY,eosgordby3p@usnews.com
135,Melesa Melmeth,299 Merry Avenue,68179,NE,mmelmeth3q@who.int
136,Reid Drake,1344 Texas Lane,30066,GA,rdrake3r@about.me
137,Gisele Duthie,888 Towne Road,79159,TX,gduthie3s@senate.gov
138,Lorena Mil,56 Brickson Park Drive,23605,VA,lmil3t@wunderground.com
139,Jeramie Crookshank,6102 Packers Road,18105,PA,jcrookshank3u@oakley.com
140,Grethel Bedboro,7604 Pepper Wood Junction,39216,MS,gbedboro3v@mozilla.org
141,Rance Horsley,4584 Judy Park,33731,FL,rhorsley3w@earthlink.net
142,Jarrod Petrowsky,011 School Terrace,72118,AR,jpetrowsky3x@wikispaces.com
143,Enos Ozintsev,14 Hollow Ridge Street,50369,IA,eozintsev3y@microsoft.com
144,Kiel Rarity,98 Lillian Alley,32813,FL,krarity3z@home.pl
145,Jeromy Daspar,196 Little Fleur Trail,84403,UT,jdaspar40@github.io
146,Nahum Laste,05 Rieder Center,33421,FL,nlaste41@nsw.gov.au
147,Lauretta Grishin,5795 Dunning Center,30368,GA,lgrishin42@amazon.co.uk
148,Toni Krzyzowski,4495 Victoria Avenue,18105,PA,tkrzyzowski43@yandex.ru
149,Melisa Frobisher,4 Crescent Oaks Way,36119,AL,mfrobisher44@yahoo.co.jp
150,Genny Plank,54456 Reinke Point,84093,UT,gplank45@japanpost.jp
151,Krisha Exley,637 Starling Road,33315,FL,kexley46@sciencedirect.com
152,Garwin Shorte,717 Luster Road,64114,MO,gshorte47@princeton.edu
153,Alice McClinton,4954 Victoria Court,87201,NM,amcclinton48@arizona.edu
154,Christian Rozet,946 Elgar Trail,27157,NC,crozet49@toplist.cz
155,Elladine Rawkesby,0 Cambridge Drive,19178,PA,erawkesby4a@meetup.com
156,Rodney Lindblad,1 Helena Point,37220,TN,rlindblad4b@cam.ac.uk
157,Krystal Tadlow,6 Lerdahl Junction,62718,IL,ktadlow4c@instagram.com
158,Amandy Robshaw,9360 Nelson Point,36641,AL,arobshaw4d@statcounter.com
159,Drud Pritchitt,02 6th Parkway,74193,OK,dpritchitt4e@webs.com
160,Grata Camel,74 Buhler Trail,48211,MI,gcamel4f@marriott.com
161,Sheff Kindell,1 Dryden Trail,92619,CA,skindell4g@people.com.cn
162,Colly Lapish,06370 Fairfield Circle,78265,TX,clapish4h@china.com.cn
163,Estella Drewet,42 Service Pass,79968,TX,edrewet4i@skyrock.com
164,Iona Jouandet,7253 Carpenter Junction,33777,FL,ijouandet4j@microsoft.com
165,Gwenneth Soane,4 Fremont Place,78278,TX,gsoane4k@flickr.com
166,Valentino Lay,55 Hudson Alley,38131,TN,vlay4l@utexas.edu
167,Timmie Bramwich,83 Mallard Circle,60604,IL,tbramwich4m@about.me
168,Alethea Archibald,3358 Larry Pass,44705,OH,aarchibald4n@amazon.co.jp
169,Dougy Oakeby,904 Kings Road,90015,CA,doakeby4o@free.fr
170,Nesta Dutch,3568 Mallory Road,95128,CA,ndutch4p@surveymonkey.com
171,Ferdie Hayhoe,44542 Brentwood Point,32885,FL,fhayhoe4q@edublogs.org
172,Geordie Lorenzin,4462 Mesta Circle,92415,CA,glorenzin4r@weebly.com
173,Tuckie Liepins,83 Prairieview Street,53210,WI,tliepins4s@g.co
174,Arden Kohler,5928 Orin Road,44177,OH,akohler4t@blogtalkradio.com
175,Zared Wych,7067 Vermont Lane,55172,MN,zwych4u@cargocollective.com
176,Philis Wishkar,6211 Blackbird Plaza,40586,KY,pwishkar4v@bluehost.com
177,Massimo Trimming,0810 Harbort Point,94064,CA,mtrimming4w@t.co
178,Em Carwithim,1 Farragut Plaza,72209,AR,ecarwithim4x@hao123.com
179,Torrey Bomfield,4127 Bunting Road,48232,MI,tbomfield4y@purevolume.com
180,Georgena Airey,36 Fulton Pass,76134,TX,gairey4z@hatena.ne.jp
181,Joelly Coram,2 Bunker Hill Parkway,77075,TX,jcoram50@dot.gov
182,Rey Igonet,21110 Anthes Crossing,95210,CA,rigonet51@opensource.org
183,Belva Hazlehurst,71 New Castle Lane,22119,VA,bhazlehurst52@abc.net.au
184,Ashby Rolse,2 Onsgard Way,39210,MS,arolse53@devhub.com
185,Udale Ary,3386 Debs Lane,66215,KS,uary54@blogger.com
186,Alastair Lindenboim,03 Wayridge Terrace,35895,AL,alindenboim55@desdev.cn
187,Hastie Brewse,35 Briar Crest Junction,60691,IL,hbrewse56@yelp.com
188,Derril Krollmann,2 Leroy Point,75216,TX,dkrollmann57@mayoclinic.com
189,Lewie Lohmeyer,55614 Logan Terrace,10557,NY,llohmeyer58@google.nl
190,Thorn O'Crotty,00746 Ridgeview Hill,27658,NC,tocrotty59@forbes.com
191,Goldi Crinson,76 Old Shore Point,36109,AL,gcrinson5a@springer.com
192,Franzen Ramiro,40188 Spenser Drive,33129,FL,framiro5b@oakley.com
193,Joe Barclay,8130 Continental Lane,47732,IN,jbarclay5c@theglobeandmail.com
194,Rene Dundendale,574 Oak Valley Circle,80045,CO,rdundendale5d@g.co
195,Edwina Tomek,537 Birchwood Trail,88589,TX,etomek5e@hugedomains.com
196,Tuesday Lamacraft,2889 Rowland Crossing,79159,TX,tlamacraft5f@yale.edu
197,Minta Walesby,6 Barby Avenue,92405,CA,mwalesby5g@nps.gov
198,Sheilakathryn Perrinchief,822 Manufacturers Parkway,78749,TX,sperrinchief5h@ameblo.jp
199,Zebulen Wisdish,4111 Steensland Junction,26505,WV,zwisdish5i@bloomberg.com
200,Ganny Dixcee,9916 Maple Wood Lane,01129,MA,gdixcee5j@deliciousdays.com
201,Latia Casperri,92 Delladonna Lane,35236,AL,lcasperri5k@huffingtonpost.com
202,Lemmie Warwick,5 Roxbury Alley,50330,IA,lwarwick5l@mashable.com
203,Nicolina Roblett,41 Graceland Point,52410,IA,nroblett5m@amazon.de
204,Lemar Mesant,90516 4th Hill,85725,AZ,lmesant5n@salon.com
205,Leese Tune,6 Lakeland Alley,49510,MI,ltune5o@bluehost.com
206,Zenia Zimmermeister,9004 Birchwood Place,33416,FL,zzimmermeister5p@scribd.com
207,Elvis Toombs,2852 Lake View Drive,22309,VA,etoombs5q@blogtalkradio.com
208,Remy Semmence,59 Delaware Park,80270,CO,rsemmence5r@irs.gov
209,Arleen Spittles,555 Little Fleur Trail,44760,OH,aspittles5s@youtube.com
210,Minny Angrove,74178 Burning Wood Drive,38161,TN,mangrove5t@hugedomains.com
211,Schuyler Kenyam,0 Bonner Park,45403,OH,skenyam5u@wufoo.com
212,Obidiah Ilyukhov,5104 Dawn Court,95118,CA,oilyukhov5v@example.com
213,Thatcher Zelake,6878 Sloan Avenue,85030,AZ,tzelake5w@networkadvertising.org
214,Kira Villa,2858 Warbler Hill,10469,NY,kvilla5x@slate.com
215,Baillie Savege,21 7th Court,99215,WA,bsavege5y@imgur.com
216,May Castiglio,273 Columbus Avenue,59771,MT,mcastiglio5z@biglobe.ne.jp
217,Carie Pauler,45419 Swallow Road,83757,ID,cpauler60@geocities.jp
218,Leona MacAndreis,394 Tomscot Road,80279,CO,lmacandreis61@over-blog.com
219,Jaime Quainton,5105 Dahle Road,94154,CA,jquainton62@diigo.com
220,Bartholomeo Koeppe,139 Surrey Road,11407,NY,bkoeppe63@nifty.com
221,Bernelle Musselwhite,02734 Monterey Park,45419,OH,bmusselwhite64@mtv.com
222,Ricky Preon,0488 Colorado Junction,75379,TX,rpreon65@hexun.com
223,Lorrie Lomis,211 Schurz Circle,02162,MA,llomis66@patch.com
224,Auria Schultheiss,9 Pine View Crossing,37215,TN,aschultheiss67@mediafire.com
225,Ahmad Dellenbach,4176 Londonderry Pass,33034,FL,adellenbach68@redcross.org
226,Clo Poschel,70 Novick Point,37450,TN,cposchel69@t.co
227,Dolley Revel,60510 Sunnyside Crossing,19196,PA,drevel6a@com.com
228,Carmella Hallede,7 Sachtjen Center,79118,TX,challede6b@1und1.de
229,Brietta Belderfield,6 Miller Pass,99507,AK,bbelderfield6c@samsung.com
230,Karine Pelman,6718 Hudson Circle,20883,MD,kpelman6d@liveinternet.ru
231,Stevana Jirzik,315 Burrows Court,83732,ID,sjirzik6e@github.io
232,Gabriela Grimsdell,80012 Randy Center,06705,CT,ggrimsdell6f@list-manage.com
233,Tessa Norcock,14 Grayhawk Point,31136,GA,tnorcock6g@uol.com.br
234,Boris Mounfield,686 Bartelt Hill,50393,IA,bmounfield6h@ebay.com
235,Stormie Rugiero,7 Utah Terrace,46247,IN,srugiero6i@usda.gov
236,Chrissie Fontell,46 Monument Junction,87105,NM,cfontell6j@spotify.com
237,Nickie Jeaneau,6 8th Way,32304,FL,njeaneau6k@topsy.com
238,Joycelin Prys,2214 School Drive,73114,OK,jprys6l@statcounter.com
239,Merrile Verlander,1 Transport Avenue,80925,CO,mverlander6m@naver.com
240,Leeanne Varian,412 Macpherson Crossing,33283,FL,lvarian6n@google.com.hk
241,Emerson Finker,9517 Waubesa Pass,64136,MO,efinker6o@free.fr
242,Fidole Bengal,9 Amoth Hill,84199,UT,fbengal6p@craigslist.org
243,Kristin Garthside,22 Anhalt Place,19093,PA,kgarthside6q@admin.ch
244,Jamey Corney,52607 Eastlawn Center,91186,CA,jcorney6r@4shared.com
245,Hedwig Skoof,3 Grasskamp Alley,06854,CT,hskoof6s@lycos.com
246,Marcia Squibb,592 Hudson Parkway,53234,WI,msquibb6t@wikimedia.org
247,Jessika Edler,3441 4th Hill,48505,MI,jedler6u@edublogs.org
248,Abey Whetnell,1 Talmadge Junction,78754,TX,awhetnell6v@qq.com
249,Allistir Whiston,4342 Quincy Pass,08922,NJ,awhiston6w@netvibes.com
250,Candide Safell,98 Eastwood Road,71105,LA,csafell6x@zimbio.com
251,Hailey Tarquini,646 Rowland Circle,67205,KS,htarquini6y@biglobe.ne.jp
252,Siward Domnin,30130 Hermina Junction,10275,NY,sdomnin6z@digg.com
253,Lay Ratcliff,5161 Meadow Valley Avenue,98148,WA,lratcliff70@privacy.gov.au
254,Karim Ketcher,98058 Coleman Street,92710,CA,kketcher71@sitemeter.com
255,Cassandra Haughin,4 Elka Terrace,06673,CT,chaughin72@ustream.tv
256,Tyrus Esmead,38 Hoepker Parkway,14624,NY,tesmead73@globo.com
257,Karil Rubartelli,8 Luster Crossing,70174,LA,krubartelli74@hugedomains.com
258,Amelina Mulhall,05 Knutson Parkway,94137,CA,amulhall75@scribd.com
259,Caritta McMenamy,8 Bartelt Parkway,91199,CA,cmcmenamy76@goo.ne.jp
260,Nero Brimman,15023 Mayfield Park,85219,AZ,nbrimman77@naver.com
261,Janaya Barclay,25486 Eastwood Parkway,11205,NY,jbarclay78@com.com
262,Erhart Gamet,415 Spenser Street,32808,FL,egamet79@patch.com
263,Nerti Tristram,655 Butternut Alley,14619,NY,ntristram7a@usda.gov
264,Arabela Larret,78 Londonderry Court,90010,CA,alarret7b@cyberchimps.com
265,Ferrel Prandin,0182 Sachs Lane,60681,IL,fprandin7c@webnode.com
266,Ellene Willars,67657 Myrtle Drive,46406,IN,ewillars7d@time.com
267,Thalia Burgane,4066 Nova Center,36109,AL,tburgane7e@china.com.cn
268,Abbi Harriday,1698 Fair Oaks Terrace,79950,TX,aharriday7f@dyndns.org
269,Jeannine Wolfit,962 Hanover Circle,94064,CA,jwolfit7g@sun.com
270,Aurthur Jerrand,7 Ohio Way,11225,NY,ajerrand7h@harvard.edu
271,Cletus Goly,43 Cherokee Place,80291,CO,cgoly7i@tinyurl.com
272,Elliot Mayze,0163 Golden Leaf Trail,19714,DE,emayze7j@godaddy.com
273,Cindie Fearns,40471 Prentice Lane,32575,FL,cfearns7k@deliciousdays.com
274,Dav Stangroom,2464 Hagan Hill,10004,NY,dstangroom7l@craigslist.org
275,Jenny Linden,81794 Sugar Pass,71208,LA,jlinden7m@cbsnews.com
276,Michel Bainbridge,9 Pleasure Terrace,06912,CT,mbainbridge7n@usa.gov
277,Rod Maestrini,9 Weeping Birch Point,89505,NV,rmaestrini7o@facebook.com
278,Romola Ropkins,5513 Tennessee Pass,85748,AZ,rropkins7p@symantec.com
279,Ralina Jeandot,0 Hagan Road,52809,IA,rjeandot7q@surveymonkey.com
280,Mikel Kleehuhler,8092 Ilene Place,64136,MO,mkleehuhler7r@biglobe.ne.jp
281,Basile Lachaize,13633 Sage Way,55407,MN,blachaize7s@xrea.com
282,Annamaria McNysche,9813 Daystar Point,19191,PA,amcnysche7t@ifeng.com
283,Elie Bingall,43536 Kedzie Way,20238,DC,ebingall7u@wikimedia.org
284,Allen Cunah,78839 Moland Drive,66205,KS,acunah7v@w3.org
285,Leonhard Clayworth,290 Mifflin Park,33777,FL,lclayworth7w@w3.org
286,Jenifer Kayne,7490 Dunning Center,72199,AR,jkayne7x@issuu.com
287,Jacinthe Brettelle,75477 Menomonie Court,13224,NY,jbrettelle7y@uol.com.br
288,Adolpho Temple,3 3rd Place,29905,SC,atemple7z@arstechnica.com
289,Sadella Sumner,88 Sundown Point,33647,FL,ssumner80@sphinn.com
290,Bartram Szymanowicz,7 Waxwing Crossing,75358,TX,bszymanowicz81@quantcast.com
291,Norine Upjohn,1448 Dahle Place,32225,FL,nupjohn82@smh.com.au
292,Libbie Hainey,93554 Clove Terrace,47812,IN,lhainey83@archive.org
293,Edith Tull,8 Doe Crossing Junction,77090,TX,etull84@bigcartel.com
294,Selma Craker,77107 Sullivan Road,06859,CT,scraker85@behance.net
295,Randall Cordingly,818 Pleasure Court,20784,MD,rcordingly86@diigo.com
296,Jean Basset,5353 Graceland Way,20719,MD,jbasset87@cornell.edu
297,Verna Rene,4 Hermina Place,66220,KS,vrene88@freewebs.com
298,Anjela Tilt,2027 Cardinal Drive,45254,OH,atilt89@blogspot.com
299,Ashby Megroff,05 Pond Hill,08619,NJ,amegroff8a@msn.com
300,Chrissie Dyball,4118 Blackbird Point,47937,IN,cdyball8b@twitpic.com
301,Alta Probets,88 Kedzie Junction,50335,IA,aprobets8c@so-net.ne.jp
302,Donetta Mcall,0 Briar Crest Junction,95813,CA,dmcall8d@paginegialle.it
303,Cordie Matuskiewicz,7 Chive Road,10090,NY,cmatuskiewicz8e@archive.org
304,Linoel Molian,9 Hauk Lane,56372,MN,lmolian8f@goodreads.com
305,Clayborn Brolly,84321 Mockingbird Court,29905,SC,cbrolly8g@vkontakte.ru
306,Carny Doyley,453 Mallard Plaza,32969,FL,cdoyley8h@ask.com
307,Beale Baxstar,52698 Mccormick Plaza,79105,TX,bbaxstar8i@domainmarket.com
308,Chester Waterfall,29018 Mifflin Crossing,63143,MO,cwaterfall8j@bbb.org
309,Roberta Schankelborg,4896 Morrow Road,93291,CA,rschankelborg8k@dmoz.org
310,Stan Breyt,46 Waxwing Court,28242,NC,sbreyt8l@github.io
311,Tammy Pettus,9 Carpenter Road,91520,CA,tpettus8m@ca.gov
312,Maximo Constanza,19012 Sutteridge Place,22093,VA,mconstanza8n@washington.edu
313,Shelby Jeeves,84 West Court,95973,CA,sjeeves8o@auda.org.au
314,Florence Alvaro,95 Warbler Junction,19805,DE,falvaro8p@mtv.com
315,Freida Dillicate,48 Springview Street,44705,OH,fdillicate8q@google.ca
316,Paddie Griffey,6 Clyde Gallagher Terrace,53277,WI,pgriffey8r@theatlantic.com
317,Kari Tuvey,5786 Crest Line Avenue,44118,OH,ktuvey8s@usnews.com
318,Allyn Iacovolo,4013 Delladonna Junction,68517,NE,aiacovolo8t@mit.edu
319,Kaela Bagehot,42365 Ilene Place,95054,CA,kbagehot8u@chicagotribune.com
320,Ingeberg Oliver,04 Bluestem Terrace,30328,GA,ioliver8v@cargocollective.com
321,Dorrie Swaite,91 Esker Parkway,93094,CA,dswaite8w@unesco.org
322,Reeba Levey,18 Merrick Drive,90398,CA,rlevey8x@qq.com
323,Vite Goby,2 Ruskin Drive,66606,KS,vgoby8y@omniture.com
324,Jamesy Lickorish,78734 Norway Maple Terrace,01605,MA,jlickorish8z@is.gd
325,Cullie Egdal,865 Farragut Parkway,63196,MO,cegdal90@bluehost.com
326,Fifi Bynold,9 Aberg Street,94147,CA,fbynold91@ebay.co.uk
327,Barnabe Cords,09 Hanson Hill,55480,MN,bcords92@soup.io
328,Connor Simkiss,01334 Esch Center,75372,TX,csimkiss93@japanpost.jp
329,Kilian Barzen,719 Westend Junction,45020,OH,kbarzen94@jugem.jp
330,Ellsworth Dameisele,0 Corry Park,57110,SD,edameisele95@homestead.com
331,Raquel Peevor,8178 Everett Lane,74149,OK,rpeevor96@dyndns.org
332,Floris Foulds,574 Carpenter Point,32590,FL,ffoulds97@apple.com
333,Harriette MacDuffie,1560 Roth Drive,66629,KS,hmacduffie98@gnu.org
334,Johnna Dellenty,32693 Aberg Hill,10019,NY,jdellenty99@macromedia.com
335,Ronnica Soldan,30534 Fallview Junction,13205,NY,rsoldan9a@netvibes.com
336,Samson Devanney,5 Ronald Regan Terrace,80262,CO,sdevanney9b@cnn.com
337,Wes Lecount,0932 New Castle Street,85020,AZ,wlecount9c@wp.com
338,Nerte Fittis,45 Dwight Avenue,77065,TX,nfittis9d@google.it
339,Valerye Edelston,507 Jenna Parkway,84093,UT,vedelston9e@jimdo.com
340,Vilhelmina Etherson,4902 Brown Street,19495,PA,vetherson9f@nps.gov
341,Renard Swinnard,60 Nelson Plaza,23705,VA,rswinnard9g@fema.gov
342,Vinita Duckett,5850 Ludington Point,78732,TX,vduckett9h@weibo.com
343,Georgeanna Mewburn,07690 Bartelt Drive,62723,IL,gmewburn9i@howstuffworks.com
344,Kit Anfonsi,6 Springs Place,40298,KY,kanfonsi9j@patch.com
345,Courtenay Cleevely,743 Lillian Park,80204,CO,ccleevely9k@slate.com
346,Dilly Handrek,200 Artisan Drive,99507,AK,dhandrek9l@behance.net
347,Floria Raddin,47 Center Park,88546,TX,fraddin9m@so-net.ne.jp
348,Vinnie Jonke,1943 Luster Avenue,89150,NV,vjonke9n@ebay.co.uk
349,Eddi Bennington,8548 Coolidge Park,14210,NY,ebennington9o@seattletimes.com
350,Charil Tyson,6055 Debs Avenue,06726,CT,ctyson9p@unc.edu
351,Camilla Tie,8 Barnett Point,60619,IL,ctie9q@jimdo.com
352,Tallie Lezemere,21609 Becker Way,97211,OR,tlezemere9r@ucoz.com
353,Lonnie Shilstone,773 Kropf Avenue,30089,GA,lshilstone9s@cbc.ca
354,Roland Trubshaw,307 Goodland Circle,21282,MD,rtrubshaw9t@networksolutions.com
355,Donnell Coddrington,53644 Manitowish Trail,35220,AL,dcoddrington9u@networksolutions.com
356,Tabor Lewin,568 Old Gate Trail,73119,OK,tlewin9v@ezinearticles.com
357,Myrilla Beachamp,578 Kinsman Place,90410,CA,mbeachamp9w@buzzfeed.com
358,Vanda Stoakley,5 Eastwood Avenue,78744,TX,vstoakley9x@usda.gov
359,Dyane Waldrum,0 Summit Alley,85083,AZ,dwaldrum9y@mlb.com
360,Herminia Jaulmes,84 Talisman Lane,93750,CA,hjaulmes9z@state.gov
361,Josee Cantopher,84 Thackeray Lane,78265,TX,jcantophera0@theglobeandmail.com
362,Eldredge Bishop,1593 Larry Hill,95852,CA,ebishopa1@boston.com
363,Georgi Talks,108 Straubel Park,36104,AL,gtalksa2@umich.edu
364,Maynord Deakin,052 Fordem Street,84170,UT,mdeakina3@amazon.de
365,Berkie Fayerbrother,347 Main Drive,92844,CA,bfayerbrothera4@ox.ac.uk
366,Ashlan Tarbet,56 Express Center,30375,GA,atarbeta5@opera.com
367,Sonnie Ridsdole,0 Kipling Road,23454,VA,sridsdolea6@phpbb.com
368,Sandy Edkins,224 Meadow Ridge Pass,49018,MI,sedkinsa7@deliciousdays.com
369,Kirsteni Levay,61543 Crescent Oaks Pass,84403,UT,klevaya8@timesonline.co.uk
370,Theadora Raselles,5 Waywood Junction,32399,FL,trasellesa9@squarespace.com
371,Cecilia Jurn,55347 Melvin Court,78230,TX,cjurnaa@istockphoto.com
372,Thedric Snoday,87 Algoma Lane,34629,FL,tsnodayab@hp.com
373,Rudyard Hardwell,9 Florence Trail,10459,NY,rhardwellac@nature.com
374,Ynes Deport,4558 Helena Court,87201,NM,ydeportad@dmoz.org
375,Rodrick Yitzhak,2587 Talmadge Crossing,38143,TN,ryitzhakae@csmonitor.com
376,Amalita Losel,48889 Brickson Park Center,59112,MT,aloselaf@upenn.edu
377,Avram Cargo,6230 1st Hill,60505,IL,acargoag@alexa.com
378,Ban Harrowing,4 Shoshone Pass,83727,ID,bharrowingah@scribd.com
379,Yuri Ianno,09144 Rieder Pass,80015,CO,yiannoai@facebook.com
380,Skell Tinto,4200 Gina Court,02298,MA,stintoaj@i2i.jp
381,Nicolina August,4 Moose Alley,76004,TX,naugustak@usnews.com
382,Mayor Lynnett,547 Moulton Road,35210,AL,mlynnettal@wufoo.com
383,Wyatt Rennick,6 Riverside Center,55436,MN,wrennickam@blogs.com
384,Orelia Joutapavicius,314 Gale Center,25716,WV,ojoutapaviciusan@themeforest.net
385,Blondell Wyndham,5347 Buena Vista Crossing,70820,LA,bwyndhamao@bigcartel.com
386,Natalie Leving,97675 Forster Circle,78265,TX,nlevingap@phoca.cz
387,Sofie Seaking,44223 Summit Point,98664,WA,sseakingaq@nsw.gov.au
388,Gawen Letixier,03269 Rowland Alley,33543,FL,gletixierar@youtu.be
389,Vincent Cahillane,297 Sunbrook Lane,87180,NM,vcahillaneas@i2i.jp
390,Christoph Henighan,1075 Old Shore Road,10029,NY,chenighanat@latimes.com
391,Anny Florey,14704 Old Gate Avenue,33982,FL,afloreyau@twitpic.com
392,Dedra Scudders,74333 Ludington Road,60567,IL,dscuddersav@jugem.jp
393,Ianthe Stallon,4973 Daystar Way,46216,IN,istallonaw@wordpress.org
394,Vinnie Ewers,6588 Crowley Junction,55590,MN,vewersax@geocities.jp
395,Yvonne Ysson,6033 Bartelt Alley,73167,OK,yyssonay@arizona.edu
396,Angel Pollack,8957 Hauk Way,30358,GA,apollackaz@weibo.com
397,Humfrid Pantry,02 8th Point,94164,CA,hpantryb0@ft.com
398,Babbette Aylen,9040 Veith Road,89110,NV,baylenb1@oaic.gov.au
399,Alvis Sellen,71 Namekagon Pass,96845,HI,asellenb2@facebook.com
400,Evey Gaiford,8 Karstens Road,60691,IL,egaifordb3@twitter.com
401,Stacee Forten,6778 John Wall Drive,93794,CA,sfortenb4@mapy.cz
402,Carolina Van der Brugge,24 Comanche Court,84189,UT,cvanb5@hatena.ne.jp
403,Dave Keslake,39651 Anthes Hill,30045,GA,dkeslakeb6@yellowbook.com
404,Cyrill Hugill,56 Sage Trail,07305,NJ,chugillb7@europa.eu
405,Brook Kislingbury,3129 Hanover Avenue,90076,CA,bkislingburyb8@example.com
406,Sanson Bonnesen,3 Doe Crossing Alley,94142,CA,sbonnesenb9@statcounter.com
407,Sheridan Inchboard,765 Summerview Plaza,14225,NY,sinchboardba@pinterest.com
408,Norina Piscopello,537 Tomscot Point,76016,TX,npiscopellobb@addtoany.com
409,Olag Grocock,3271 Maple Place,24029,VA,ogrocockbc@opensource.org
410,Boycie Micah,787 Mesta Park,43231,OH,bmicahbd@drupal.org
411,Shannon Shoute,02722 Dorton Way,36125,AL,sshoutebe@homestead.com
412,Linoel Armatage,2 Mcguire Court,45213,OH,larmatagebf@who.int
413,Stormy Shewan,2349 Riverside Junction,79934,TX,sshewanbg@army.mil
414,Seward MacNulty,93019 Union Junction,89115,NV,smacnultybh@blogtalkradio.com
415,Aluino Lawlings,5 Monument Junction,19093,PA,alawlingsbi@people.com.cn
416,Gordie Aloshechkin,826 Forest Drive,88589,TX,galoshechkinbj@zdnet.com
417,Georgie Yule,4388 David Court,38131,TN,gyulebk@google.co.uk
418,Bonita Montes,73176 Golf Pass,55146,MN,bmontesbl@surveymonkey.com
419,Kerstin Chelnam,436 Del Mar Way,64179,MO,kchelnambm@homestead.com
420,Shawn Blowers,7537 Bluestem Terrace,70174,LA,sblowersbn@rakuten.co.jp
421,Lizzie Kaspar,45 Warner Street,76905,TX,lkasparbo@jalbum.net
422,Darrick Billsberry,27575 Sommers Center,46805,IN,dbillsberrybp@oaic.gov.au
423,Kellia Dive,41 Westerfield Hill,25331,WV,kdivebq@discovery.com
424,Chance Liccardo,180 Vera Street,10014,NY,cliccardobr@over-blog.com
425,Gabie Ayliff,30378 David Drive,58122,ND,gayliffbs@pen.io
426,Lynnett Kyston,69 Marcy Junction,75323,TX,lkystonbt@harvard.edu
427,Janice Liddy,676 Fieldstone Circle,15215,PA,jliddybu@netvibes.com
428,Phaidra Gwynne,4603 Gulseth Drive,27658,NC,pgwynnebv@privacy.gov.au
429,Jaclyn Hurne,44 Warner Crossing,10165,NY,jhurnebw@cnn.com
430,Moyna Keitch,71318 Knutson Parkway,93311,CA,mkeitchbx@mysql.com
431,Pepi Hassall,411 Raven Drive,75049,TX,phassallby@instagram.com
432,Helenka Worsfold,25 Arizona Court,41905,KY,hworsfoldbz@utexas.edu
433,Jerrilyn Knowlys,1 Annamark Parkway,37131,TN,jknowlysc0@sun.com
434,Bart Nolin,82147 Iowa Alley,28314,NC,bnolinc1@marketwatch.com
435,Sibbie Tomowicz,937 Mosinee Center,02124,MA,stomowiczc2@ucla.edu
436,Phillis Gaynor,1848 Summer Ridge Center,32118,FL,pgaynorc3@squarespace.com
437,Read Rotlauf,5 Clyde Gallagher Point,20599,DC,rrotlaufc4@about.com
438,Ula Middlebrook,8 Larry Circle,99599,AK,umiddlebrookc5@google.nl
439,Abbie Muckersie,073 Moose Plaza,37205,TN,amuckersiec6@exblog.jp
440,Abran Leupold,3370 Derek Court,53263,WI,aleupoldc7@psu.edu
441,Dirk Moresby,91035 Glacier Hill Trail,33315,FL,dmoresbyc8@ebay.co.uk
442,Lyman Rey,2240 Pierstorff Center,88514,TX,lreyc9@live.com
443,Tatum Begwell,014 Oneill Parkway,89706,NV,tbegwellca@cloudflare.com
444,Jessica Gosnay,44 Fordem Point,79928,TX,jgosnaycb@guardian.co.uk
445,Arny Von Oertzen,941 Fulton Court,36628,AL,avoncc@noaa.gov
446,Marietta Byforth,1 Kinsman Avenue,56398,MN,mbyforthcd@hugedomains.com
447,Rhiamon Cerith,49 John Wall Park,49006,MI,rcerithce@google.com.br
448,Celinda Barth,40 Bunker Hill Parkway,23605,VA,cbarthcf@a8.net
449,Roberto Zannuto,075 Ohio Park,10474,NY,rzannutocg@jalbum.net
450,Em Newing,1957 Carey Park,55480,MN,enewingch@wikipedia.org
451,Afton Iacomo,3999 Vidon Lane,53716,WI,aiacomoci@aboutads.info
452,Stacy Ganter,7822 Sutteridge Crossing,55480,MN,sgantercj@cnet.com
453,Clint Adshed,1383 Mallory Alley,72204,AR,cadshedck@friendfeed.com
454,Cart Statefield,75 Basil Street,58207,ND,cstatefieldcl@biblegateway.com
455,Abner Dymidowski,671 Marcy Road,85305,AZ,adymidowskicm@spiegel.de
456,Carleen Cicchelli,3 Dayton Junction,14619,NY,ccicchellicn@fema.gov
457,Sheba Prier,88 Mitchell Court,91797,CA,sprierco@dropbox.com
458,Olia Trench,0330 Prairie Rose Pass,11215,NY,otrenchcp@posterous.com
459,Hill Jozwiak,941 Monica Alley,96850,HI,hjozwiakcq@sphinn.com
460,Corey Ettery,77655 Nelson Crossing,88535,TX,cetterycr@sun.com
461,Jaime Kohnemann,62 Park Meadow Crossing,48242,MI,jkohnemanncs@army.mil
462,Victoir Cubbin,0 Pearson Drive,20508,DC,vcubbinct@free.fr
463,Harland Battersby,68956 Dorton Avenue,19131,PA,hbattersbycu@pbs.org
464,Olive Noye,16560 3rd Crossing,33610,FL,onoyecv@taobao.com
465,Sisile O'Farris,9 Blaine Alley,79994,TX,sofarriscw@yahoo.co.jp
466,Richmound Nobriga,64 Tennyson Hill,03804,NH,rnobrigacx@ask.com
467,Jessi Vasichev,4 Burning Wood Hill,46231,IN,jvasichevcy@loc.gov
468,Mala Stapylton,187 Rutledge Hill,38161,TN,mstapyltoncz@desdev.cn
469,Bell Doles,653 Oxford Crossing,80228,CO,bdolesd0@behance.net
470,Beltran Drinkhill,92 Rigney Hill,63158,MO,bdrinkhilld1@google.nl
471,Boonie Lorrimer,68519 Lakeland Park,84403,UT,blorrimerd2@1688.com
472,Henrik Geraud,494 Novick Lane,29505,SC,hgeraudd3@myspace.com
473,Asher Maginot,389 Kingsford Avenue,31136,GA,amaginotd4@businessinsider.com
474,Jillene Whiskin,6 Amoth Parkway,90189,CA,jwhiskind5@google.fr
475,Madeline Hundall,410 Fallview Alley,93311,CA,mhundalld6@pcworld.com
476,Hanni Doyley,0684 Holy Cross Court,19136,PA,hdoyleyd7@goo.ne.jp
477,Nadiya Field,1128 Washington Crossing,25716,WV,nfieldd8@tuttocitta.it
478,Tobias Fulkes,295 Drewry Point,45470,OH,tfulkesd9@ehow.com
479,Carlynne Adamiec,4 Nevada Center,33169,FL,cadamiecda@list-manage.com
480,Amelie Gheeraert,78 Buhler Drive,31998,GA,agheeraertdb@fda.gov
481,Noami Haselhurst,8935 Superior Lane,06705,CT,nhaselhurstdc@google.ca
482,Corbin Le Quesne,471 Becker Trail,32969,FL,cledd@twitter.com
483,Bonni Fine,4701 Cardinal Lane,78426,TX,bfinede@salon.com
484,Finlay Trevaskus,1 Dryden Court,06183,CT,ftrevaskusdf@google.ru
485,Flem Gherardesci,90 Lakewood Gardens Trail,36616,AL,fgherardescidg@twitter.com
486,Adolphus Ickeringill,531 Badeau Trail,20520,DC,aickeringilldh@redcross.org
487,Denny Abbotts,17 Hansons Park,27455,NC,dabbottsdi@friendfeed.com
488,Heywood Haddow,3829 Victoria Place,55115,MN,hhaddowdj@zdnet.com
489,Chet Gounin,44080 Pawling Junction,71130,LA,cgounindk@friendfeed.com
490,Kenneth Donativo,312 Westend Trail,63167,MO,kdonativodl@google.com
491,Valdemar Cowdery,44 Summerview Trail,33499,FL,vcowderydm@cnn.com
492,Jasmina Kedslie,58 Buell Crossing,79945,TX,jkedsliedn@unblog.fr
493,Mason Baselio,8847 Russell Center,78285,TX,mbaseliodo@latimes.com
494,Tammy Gradon,94018 Duke Drive,77223,TX,tgradondp@prlog.org
495,Catlee Clemmen,80 Sheridan Trail,77505,TX,cclemmendq@acquirethisname.com
496,Lamar Flann,19 Service Trail,17405,PA,lflanndr@examiner.com
497,Tod Tomovic,69370 Sommers Road,33405,FL,ttomovicds@yellowbook.com
498,Smith Kaesmakers,70775 Coolidge Junction,78296,TX,skaesmakersdt@guardian.co.uk
499,Lucilia Goodspeed,3182 Northwestern Lane,94622,CA,lgoodspeeddu@hostgator.com
500,Iorgos Tortoishell,76 Harbort Alley,22234,VA,itortoishelldv@paginegialle.it
501,Niko Barlthrop,3 Warbler Park,64149,MO,nbarlthropdw@de.vu
502,Twila Cairns,90808 Rowland Trail,40581,KY,tcairnsdx@desdev.cn
503,Myrah Cholwell,17 Farwell Court,21216,MD,mcholwelldy@nhs.uk
504,Vicky Klyn,09 Division Junction,20430,DC,vklyndz@economist.com
505,Corey Kesey,54114 Trailsway Terrace,80279,CO,ckeseye0@ebay.co.uk
506,Darcey McLachlan,6137 Sutherland Place,29805,SC,dmclachlane1@360.cn
507,Tammie Levey,6 Steensland Point,67210,KS,tleveye2@w3.org
508,Daniel Peasegood,78 Old Shore Drive,68144,NE,dpeasegoode3@odnoklassniki.ru
509,Emma Goldsworthy,65414 Kropf Circle,90310,CA,egoldsworthye4@acquirethisname.com
510,Damien Glew,82 Talisman Place,98417,WA,dglewe5@e-recht24.de
511,Had Comerford,4 Paget Place,39210,MS,hcomerforde6@symantec.com
512,Celeste Kesper,6104 Sloan Center,78225,TX,ckespere7@thetimes.co.uk
513,Margaretha Ackwood,22 Dennis Trail,60193,IL,mackwoode8@acquirethisname.com
514,Caresa Pilsbury,0669 Glendale Pass,27404,NC,cpilsburye9@skyrock.com
515,Isac Slainey,2457 Karstens Street,33811,FL,islaineyea@accuweather.com
516,Rustin Muccino,82 Moose Plaza,22119,VA,rmuccinoeb@fda.gov
517,Kristos Jeske,77 Cottonwood Place,48912,MI,kjeskeec@boston.com
518,Tiffani Pittel,3 Spohn Terrace,21211,MD,tpitteled@zdnet.com
519,Mac Baytrop,6329 School Road,97229,OR,mbaytropee@surveymonkey.com
520,Bamby Luby,7064 Farmco Trail,10105,NY,blubyef@seattletimes.com
521,Linn Slyne,39001 Service Junction,96820,HI,lslyneeg@imdb.com
522,Archibold Gilby,3 Summer Ridge Hill,31914,GA,agilbyeh@delicious.com
523,Daniel Sciusscietto,3 Canary Crossing,46852,IN,dsciussciettoei@ezinearticles.com
524,Robinet Heffer,3565 Forest Run Plaza,29305,SC,rhefferej@shop-pro.jp
525,Giralda Krug,1212 Hagan Way,87180,NM,gkrugek@printfriendly.com
526,Cassandre Cosham,72 Vera Way,88535,TX,ccoshamel@dagondesign.com
527,Eric Ethington,82830 Lawn Avenue,93778,CA,eethingtonem@livejournal.com
528,Larisa Cleatherow,8 Schiller Alley,10170,NY,lcleatherowen@symantec.com
529,Chelsae Addie,4 Trailsway Parkway,23237,VA,caddieeo@google.ru
530,Ryon Copeman,26 Surrey Circle,13251,NY,rcopemanep@accuweather.com
531,Perry Radloff,8180 South Hill,78703,TX,pradloffeq@nyu.edu
532,Filberto Corder,0 Veith Terrace,78405,TX,fcorderer@tripod.com
533,Haywood Cherrison,35503 Johnson Crossing,33737,FL,hcherrisones@businessweek.com
534,Joellen Ducker,56 Calypso Point,21216,MD,jduckeret@buzzfeed.com
535,Sibeal Hembery,30 Clove Drive,73034,OK,shemberyeu@people.com.cn
536,Vernor Giannotti,49640 Canary Drive,48232,MI,vgiannottiev@1688.com
537,Carlene Borgars,856 Columbus Lane,23237,VA,cborgarsew@php.net
538,Duky Meletti,6535 Redwing Alley,36125,AL,dmelettiex@facebook.com
539,Bryce Ferenczi,3 Hintze Avenue,06520,CT,bferencziey@pagesperso-orange.fr
540,Giuditta Usher,4 Maple Place,65898,MO,gusherez@dedecms.com
541,Deeanne Charlin,8756 Fremont Drive,08104,NJ,dcharlinf0@goodreads.com
542,Ben Khristoforov,43 Graceland Place,95354,CA,bkhristoforovf1@ibm.com
543,Mendy Allbrook,76 Forest Dale Hill,92176,CA,mallbrookf2@opensource.org
544,Martha Ortiger,05 Center Crossing,33233,FL,mortigerf3@quantcast.com
545,Prudence Gloyens,26 Killdeer Road,76096,TX,pgloyensf4@phpbb.com
546,Shirlene William,04 Farragut Drive,22234,VA,swilliamf5@creativecommons.org
547,Reggis MacCafferty,03 Carioca Center,48126,MI,rmaccaffertyf6@latimes.com
548,Raye Vause,50850 Fremont Court,46202,IN,rvausef7@admin.ch
549,Mirna Gallagher,2973 4th Drive,75236,TX,mgallagherf8@ox.ac.uk
550,Lottie Reaveley,9 Myrtle Pass,97271,OR,lreaveleyf9@jugem.jp
551,Nicol Rasper,3057 Weeping Birch Court,14619,NY,nrasperfa@loc.gov
552,Carmine Origan,56488 Dapin Hill,77255,TX,coriganfb@networkadvertising.org
553,Ewen Epsly,56 Aberg Parkway,77245,TX,eepslyfc@tinypic.com
554,Pail Snyder,72 Meadow Ridge Avenue,33499,FL,psnyderfd@cornell.edu
555,Paquito Heath,183 Hazelcrest Street,08650,NJ,pheathfe@list-manage.com
556,Clo Gantlett,01253 School Crossing,73142,OK,cgantlettff@disqus.com
557,Lanny Jennions,2 Pine View Avenue,06120,CT,ljennionsfg@wired.com
558,Claudelle Savidge,87893 Barnett Plaza,27264,NC,csavidgefh@ox.ac.uk
559,Maurise Curston,8142 Melby Avenue,20546,DC,mcurstonfi@ehow.com
560,Helyn Yushin,0 Oakridge Pass,76121,TX,hyushinfj@gov.uk
561,Rem Abbitt,578 Russell Court,10270,NY,rabbittfk@cloudflare.com
562,Juliane Giacomello,031 Darwin Plaza,75062,TX,jgiacomellofl@livejournal.com
563,Barron Maylott,58 Rutledge Street,30323,GA,bmaylottfm@mozilla.com
564,Madalena Lonnon,02329 Trailsway Avenue,24040,VA,mlonnonfn@webmd.com
565,Trumann O'Giany,61405 Linden Lane,45403,OH,togianyfo@google.com.au
566,Edith Weavill,36 Caliangt Parkway,20010,DC,eweavillfp@ucoz.ru
567,Laureen Major,909 Maywood Pass,14210,NY,lmajorfq@latimes.com
568,Kirstin Holmyard,1 Claremont Point,30045,GA,kholmyardfr@example.com
569,Abbe Chase,444 Blackbird Junction,43284,OH,achasefs@newyorker.com
570,Slade Pieper,9389 Esch Avenue,30340,GA,spieperft@vk.com
571,Eolanda Boule,33497 Mesta Street,20580,DC,eboulefu@msn.com
572,Morganne Garton,36 Towne Way,35236,AL,mgartonfv@networkadvertising.org
573,Helaina Ferne,832 Ruskin Parkway,46015,IN,hfernefw@dropbox.com
574,Cassaundra Binks,87 Aberg Drive,20205,DC,cbinksfx@google.es
575,Bernita Dickons,0045 Golf View Pass,33963,FL,bdickonsfy@youku.com
576,Julius Bausmann,21917 Lillian Center,75210,TX,jbausmannfz@sogou.com
577,Chrotoem Hayne,3 Michigan Court,31217,GA,chayneg0@upenn.edu
578,Leonelle Bartolomieu,7 Elka Lane,85219,AZ,lbartolomieug1@nature.com
579,Matthias Tainton,6 Blue Bill Park Circle,53726,WI,mtaintong2@cnbc.com
580,Wilie Marfield,8 Steensland Crossing,20508,DC,wmarfieldg3@jigsy.com
581,Jolie Garcia,92 Bayside Road,06520,CT,jgarciag4@devhub.com
582,Waverly Bradmore,8328 Stuart Trail,20580,DC,wbradmoreg5@macromedia.com
583,Celie Sinnocke,03 Springview Pass,28284,NC,csinnockeg6@gnu.org
584,Elsy Bastin,65189 Troy Center,12305,NY,ebasting7@reference.com
585,Boote Scantlebury,570 Oak Place,85710,AZ,bscantleburyg8@hatena.ne.jp
586,Gilberta Paulmann,12 Hudson Circle,95194,CA,gpaulmanng9@fotki.com
587,Jessamyn Norridge,63 Burrows Lane,90081,CA,jnorridgega@phpbb.com
588,Jobye Jowett,19 Rutledge Trail,23504,VA,jjowettgb@shutterfly.com
589,Kalle Gorton,7 Anthes Center,15220,PA,kgortongc@sbwire.com
590,Susannah Krysiak,39 Sullivan Terrace,80291,CO,skrysiakgd@yandex.ru
591,Guenna Mityakov,7796 Graceland Trail,06505,CT,gmityakovge@loc.gov
592,Merrill Josefson,6136 Stone Corner Alley,15215,PA,mjosefsongf@geocities.jp
593,Bella Lealle,42 Raven Point,79165,TX,bleallegg@wunderground.com
594,Wilfred Janczewski,32535 Lillian Junction,97312,OR,wjanczewskigh@forbes.com
595,Karlene Tamburi,798 Center Park,55446,MN,ktamburigi@cyberchimps.com
596,Gene Ruller,318 Mosinee Street,10469,NY,grullergj@amazon.com
597,Lanny Moorton,0 1st Alley,97240,OR,lmoortongk@netvibes.com
598,Teena Yurukhin,1 Sunnyside Street,48550,MI,tyurukhingl@lycos.com
599,Martynne Bealing,6 Carey Terrace,30343,GA,mbealinggm@de.vu
600,Pammy Ferrieroi,45439 Columbus Avenue,84110,UT,pferrieroign@dedecms.com
601,Eugenio Scates,370 Merrick Pass,65211,MO,escatesgo@admin.ch
602,Ferdinande Skahill,74849 Columbus Point,98424,WA,fskahillgp@arstechnica.com
603,Ava McNeely,044 Brown Way,20425,DC,amcneelygq@youku.com
604,Jenny Fenemore,34861 Hintze Court,46015,IN,jfenemoregr@ihg.com
605,Paola Rambadt,00524 Declaration Trail,27626,NC,prambadtgs@upenn.edu
606,Candra Snelling,5 Oak Way,90010,CA,csnellinggt@bluehost.com
607,Zora Fowlestone,2479 Vernon Parkway,15266,PA,zfowlestonegu@artisteer.com
608,Clemens Mowsley,8 Loomis Street,89145,NV,cmowsleygv@sakura.ne.jp
609,Krystal Meddick,8563 Pankratz Point,78426,TX,kmeddickgw@surveymonkey.com
610,Zonda Fantonetti,6867 Memorial Trail,73147,OK,zfantonettigx@time.com
611,Fania Van den Broek,034 Farragut Alley,28235,NC,fvangy@lycos.com
612,Quintus Litzmann,13857 East Hill,94126,CA,qlitzmanngz@bbc.co.uk
613,Vickie Campagne,3443 Colorado Trail,57188,SD,vcampagneh0@ft.com
614,Gretta Wellwood,40436 Steensland Trail,60681,IL,gwellwoodh1@va.gov
615,Brockie Volet,372 Forest Dale Avenue,15225,PA,bvoleth2@weibo.com
616,Ly Signe,9 Brickson Park Road,45228,OH,lsigneh3@mozilla.org
617,Kelcey Wondraschek,02 Hallows Court,55103,MN,kwondraschekh4@example.com
618,Linoel Dubarry,9 Fremont Plaza,54313,WI,ldubarryh5@51.la
619,Jamie Vasyunkin,17 Eastlawn Park,85732,AZ,jvasyunkinh6@netscape.com
620,Briant Rasch,7 Vidon Road,24020,VA,braschh7@mysql.com
621,Massimo Vampouille,1701 Spenser Hill,91131,CA,mvampouilleh8@thetimes.co.uk
622,Noni Buffin,60502 Nelson Crossing,64187,MO,nbuffinh9@phpbb.com
623,Bonny Westlake,695 Lindbergh Drive,28289,NC,bwestlakeha@over-blog.com
624,Pierce Kinane,2827 Garrison Alley,45228,OH,pkinanehb@state.tx.us
625,Antonietta Coxon,91013 Nancy Pass,27110,NC,acoxonhc@amazonaws.com
626,Dixie MacCauley,4250 Bluejay Pass,20392,DC,dmaccauleyhd@so-net.ne.jp
627,Wyatt Covert,3253 Kipling Lane,96805,HI,wcoverthe@japanpost.jp
628,Gipsy Montilla,6082 Blackbird Point,25362,WV,gmontillahf@rambler.ru
629,Bjorn Shottin,5191 John Wall Point,06854,CT,bshottinhg@bloglines.com
630,Elladine Edgars,4675 Lindbergh Crossing,24029,VA,eedgarshh@4shared.com
631,Renato Cleeves,36 Sycamore Crossing,39505,MS,rcleeveshi@nature.com
632,Eustace Coo,8 Lakeland Alley,80127,CO,ecoohj@intel.com
633,Keelby Knowling,1763 Bultman Parkway,20226,DC,kknowlinghk@phpbb.com
634,Linet Standering,6 Becker Avenue,22244,VA,lstanderinghl@bbb.org
635,Jervis Darth,14 Weeping Birch Lane,23471,VA,jdarthhm@wiley.com
636,Carree Simmen,66212 Oneill Junction,83727,ID,csimmenhn@cam.ac.uk
637,Tori Henriques,07 Mandrake Plaza,76134,TX,thenriquesho@jiathis.com
638,Aretha Anster,52 Chinook Drive,92145,CA,aansterhp@wsj.com
639,Cristine Mandry,7 Hayes Alley,31416,GA,cmandryhq@newyorker.com
640,Antonina Kuzemka,77646 Melby Avenue,27658,NC,akuzemkahr@reddit.com
641,Noni Mulligan,543 Lien Point,19136,PA,nmulliganhs@t.co
642,Helena Grain,212 Morning Parkway,80150,CO,hgrainht@census.gov
643,Krishna Cleyburn,38320 Caliangt Alley,33884,FL,kcleyburnhu@hc360.com
644,Rowland Tollmache,7343 Algoma Drive,24503,VA,rtollmachehv@wsj.com
645,Prentice Chetham,1989 Walton Place,33283,FL,pchethamhw@odnoklassniki.ru
646,Ralina Guillart,452 Gateway Circle,62756,IL,rguillarthx@psu.edu
647,Sutton Mundwell,9770 Myrtle Park,08104,NJ,smundwellhy@behance.net
648,Marlo Jorcke,8 Westport Park,73147,OK,mjorckehz@exblog.jp
649,Marget Dottrell,4 Little Fleur Trail,97405,OR,mdottrelli0@skyrock.com
650,Arthur Winspire,662 Bartillon Alley,32575,FL,awinspirei1@theatlantic.com
651,Reynolds Langtry,7 Burrows Road,18105,PA,rlangtryi2@yandex.ru
652,Beverley Ledrane,6 Twin Pines Point,32520,FL,bledranei3@prweb.com
653,Gradey Vowell,0788 Algoma Alley,30506,GA,gvowelli4@about.me
654,Langston Monketon,32 Monument Plaza,57105,SD,lmonketoni5@nyu.edu
655,Derk Stallybrass,7 Tennyson Parkway,20016,DC,dstallybrassi6@fotki.com
656,Berkley Flieger,848 Northwestern Street,46814,IN,bfliegeri7@home.pl
657,Adam Diffley,5 Kropf Trail,10024,NY,adiffleyi8@businessweek.com
658,Fredericka Hugnet,65 Stang Drive,37605,TN,fhugneti9@howstuffworks.com
659,Larissa Castellini,96 Transport Avenue,92867,CA,lcastelliniia@harvard.edu
660,Pierre Ghion,79097 Banding Avenue,35405,AL,pghionib@state.gov
661,Colby Coale,23 Sycamore Crossing,94257,CA,ccoaleic@nydailynews.com
662,Blinni Valentin,48848 Luster Parkway,92121,CA,bvalentinid@ca.gov
663,Courtnay Dulling,65923 Dovetail Crossing,30066,GA,cdullingie@businessweek.com
664,Gleda Fader,663 Cottonwood Court,19109,PA,gfaderif@seattletimes.com
665,Euphemia Chaffyn,64 Norway Maple Trail,30328,GA,echaffynig@google.com.au
666,Shannan Freathy,3 Bobwhite Trail,95405,CA,sfreathyih@bizjournals.com
667,Priscilla Robker,93015 Straubel Crossing,92513,CA,probkerii@mlb.com
668,Tommi Bondy,42033 Goodland Circle,98042,WA,tbondyij@guardian.co.uk
669,Yale Laidlaw,4 Knutson Avenue,77212,TX,ylaidlawik@drupal.org
670,Jessie Speedy,9043 Village Circle,61629,IL,jspeedyil@chronoengine.com
671,Lorette Lippett,515 Jay Park,76505,TX,llippettim@spiegel.de
672,Cairistiona Bretherton,16520 New Castle Circle,62525,IL,cbrethertonin@etsy.com
673,Theressa Rathbourne,3059 Duke Terrace,77030,TX,trathbourneio@google.com.hk
674,Nicol Gutridge,09 Sunfield Hill,68524,NE,ngutridgeip@about.com
675,Franky Roseburgh,676 Badeau Way,63180,MO,froseburghiq@delicious.com
676,Skylar Henrichs,56489 Elmside Court,33169,FL,shenrichsir@patch.com
677,Grace Cutajar,3922 Prentice Lane,06922,CT,gcutajaris@yahoo.co.jp
678,Brocky Selley,3 Goodland Terrace,65810,MO,bselleyit@posterous.com
679,Darleen Croome,8 Westend Alley,98104,WA,dcroomeiu@reverbnation.com
680,Colleen Penrose,8 Waxwing Alley,90505,CA,cpenroseiv@oracle.com
681,Dasie Abbott,56579 Drewry Point,84403,UT,dabbottiw@arizona.edu
682,Leontyne Beake,8 Del Mar Hill,44125,OH,lbeakeix@youtu.be
683,Rebecca Tucknott,66768 Menomonie Avenue,59112,MT,rtucknottiy@narod.ru
684,Bliss Whilder,023 Bobwhite Circle,70616,LA,bwhilderiz@google.com.au
685,Weider Shelper,76752 Warner Hill,10606,NY,wshelperj0@simplemachines.org
686,Stanfield Jobes,7849 Westend Court,30316,GA,sjobesj1@delicious.com
687,Gregorius Rugg,6 Ilene Way,80920,CO,gruggj2@nyu.edu
688,Dody Govini,3 Onsgard Lane,44705,OH,dgovinij3@tripod.com
689,Myrilla Payfoot,954 Moland Park,92153,CA,mpayfootj4@mayoclinic.com
690,Catarina Garrood,60 Dahle Parkway,40591,KY,cgarroodj5@zimbio.com
691,Andonis Ferrettini,41529 Artisan Place,73104,OK,aferrettinij6@google.co.jp
692,Henrik Chown,1833 Messerschmidt Terrace,98907,WA,hchownj7@cbslocal.com
693,Orbadiah Pratty,488 Buhler Junction,78210,TX,oprattyj8@ow.ly
694,Zeke Beynon,2 Maywood Plaza,91328,CA,zbeynonj9@cdc.gov
695,Bondy Sainsberry,0393 Walton Center,71151,LA,bsainsberryja@unblog.fr
696,Sherm Deverale,8760 Elgar Terrace,48275,MI,sdeveralejb@friendfeed.com
697,Thor McLewd,56339 Service Court,31904,GA,tmclewdjc@scientificamerican.com
698,Madelene Eakens,8 Chive Alley,08104,NJ,meakensjd@yellowpages.com
699,Jillane De Lorenzo,1 Trailsway Park,31119,GA,jdeje@networksolutions.com
700,Mildred Eberts,6 Eagle Crest Place,23509,VA,mebertsjf@si.edu
701,Shay Brende,248 Division Plaza,30328,GA,sbrendejg@bloomberg.com
702,Vinni Meikle,5 Bartelt Junction,10606,NY,vmeiklejh@si.edu
703,Channa Ivery,59885 Lighthouse Bay Parkway,78225,TX,civeryji@arstechnica.com
704,Lem Napton,9 Esch Center,78465,TX,lnaptonjj@cargocollective.com
705,Kalil Melvin,68560 Eagan Alley,33758,FL,kmelvinjk@fastcompany.com
706,Lazar Boadby,2 Ilene Road,87505,NM,lboadbyjl@techcrunch.com
707,Odessa Hiscoe,26 Doe Crossing Road,40505,KY,ohiscoejm@stumbleupon.com
708,Farleigh Crowch,93 Holmberg Way,02405,MA,fcrowchjn@ucoz.com
709,Jacklin Benediktovich,116 High Crossing Hill,77386,TX,jbenediktovichjo@ebay.co.uk
710,Audi Exelby,02 Homewood Lane,93381,CA,aexelbyjp@paginegialle.it
711,Talbert Rothera,0 Summit Terrace,99260,WA,trotherajq@seesaa.net
712,Flinn Cornish,675 Truax Lane,20046,DC,fcornishjr@typepad.com
713,Urbano Crichton,46 Lunder Hill,90030,CA,ucrichtonjs@opera.com
714,Sammy Littledyke,0290 Anderson Circle,37665,TN,slittledykejt@hexun.com
715,Darbee Monteath,7 Doe Crossing Alley,08603,NJ,dmonteathju@macromedia.com
716,Ariella Woolsey,40523 Thackeray Road,20546,DC,awoolseyjv@yahoo.com
717,Chancey Brenstuhl,85 Eastwood Alley,99507,AK,cbrenstuhljw@elegantthemes.com
718,Aggy Georgescu,59830 Victoria Point,90831,CA,ageorgescujx@washingtonpost.com
719,Meggi Callcott,58845 Sundown Parkway,90605,CA,mcallcottjy@storify.com
720,Rafe Heilds,42773 Morning Avenue,78215,TX,rheildsjz@illinois.edu
721,Diahann Slowley,93 Lake View Alley,68524,NE,dslowleyk0@unblog.fr
722,Derby Instone,347 Armistice Circle,36605,AL,dinstonek1@homestead.com
723,Wally Masterson,09909 Kensington Way,85099,AZ,wmastersonk2@mayoclinic.com
724,Tobye McDirmid,285 Hooker Park,71105,LA,tmcdirmidk3@rediff.com
725,Padraig Baldinotti,23968 Fremont Way,90101,CA,pbaldinottik4@goo.gl
726,Noel Danbye,50757 Armistice Circle,37235,TN,ndanbyek5@adobe.com
727,Tabby Ouchterlony,321 Logan Park,31410,GA,touchterlonyk6@squarespace.com
728,Kessiah Cotgrave,370 Declaration Junction,70179,LA,kcotgravek7@github.io
729,Elsinore Dashkovich,82630 Dunning Terrace,34282,FL,edashkovichk8@sitemeter.com
730,Carleton Scouse,851 American Pass,22096,VA,cscousek9@4shared.com
731,Olympe Courtman,2 Forest Dale Parkway,30356,GA,ocourtmanka@nifty.com
732,Brennan Aubrey,53798 Texas Pass,36125,AL,baubreykb@shop-pro.jp
733,Amalia Quincey,5624 Monument Road,94042,CA,aquinceykc@vistaprint.com
734,Perl Purkins,1 Clove Plaza,78682,TX,ppurkinskd@opensource.org
735,Reggie Murison,110 Nancy Junction,78205,TX,rmurisonke@amazon.co.jp
736,Eddi Rillett,51940 Tennessee Hill,66699,KS,erillettkf@dagondesign.com
737,Bert Kingswoode,1 Coleman Crossing,70149,LA,bkingswoodekg@cnet.com
738,Halsy Lorentzen,7 Bobwhite Court,01610,MA,hlorentzenkh@washington.edu
739,Sayre Livzey,5 Lillian Place,55166,MN,slivzeyki@theglobeandmail.com
740,Bebe Fauning,0 Weeping Birch Trail,19160,PA,bfauningkj@t.co
741,Ardith Massingham,24713 Pennsylvania Crossing,75353,TX,amassinghamkk@amazon.co.uk
742,Selia Sandbach,267 Transport Crossing,31210,GA,ssandbachkl@thetimes.co.uk
743,Gill Cardew,00073 Melrose Avenue,33647,FL,gcardewkm@nba.com
744,Babb Piele,13197 Mcbride Way,35231,AL,bpielekn@scientificamerican.com
745,Daisy Luckings,6949 Sommers Drive,70505,LA,dluckingsko@hostgator.com
746,Paxon Ault,77772 Carberry Hill,88579,TX,paultkp@rakuten.co.jp
747,Flin Diable,0 Elka Avenue,90847,CA,fdiablekq@github.io
748,Perrine Bagley,8141 Crescent Oaks Plaza,35225,AL,pbagleykr@google.com
749,Carly Jurgenson,0 Porter Crossing,73119,OK,cjurgensonks@cornell.edu
750,Dinah Marwood,58483 Lien Park,33462,FL,dmarwoodkt@boston.com
751,Ivette Dominici,124 Thackeray Street,78783,TX,idominiciku@dropbox.com
752,Salomon Balshen,702 Mayfield Road,21211,MD,sbalshenkv@amazon.co.jp
753,Liza Derks,83806 Anniversary Plaza,90605,CA,lderkskw@macromedia.com
754,Dorotea Prince,054 Utah Way,95219,CA,dprincekx@sbwire.com
755,Jonathan Cartmel,83994 Arizona Trail,73114,OK,jcartmelky@cnet.com
756,Kary Constant,005 Doe Crossing Circle,62205,IL,kconstantkz@google.co.jp
757,Claretta Evert,2 Ridge Oak Terrace,21239,MD,cevertl0@taobao.com
758,Jeffrey Ramard,5 High Crossing Court,96805,HI,jramardl1@t.co
759,Marijn Walkey,2051 High Crossing Hill,29319,SC,mwalkeyl2@unc.edu
760,May Thorbon,58 Maple Wood Trail,23242,VA,mthorbonl3@e-recht24.de
761,Chauncey Brownsall,36 Artisan Circle,44905,OH,cbrownsalll4@upenn.edu
762,Hope Dellenbroker,09 Stephen Drive,85015,AZ,hdellenbrokerl5@paginegialle.it
763,Anita Shepperd,01 Lakeland Court,39204,MS,ashepperdl6@webs.com
764,Harwilll Danielkiewicz,90 Carpenter Street,30911,GA,hdanielkiewiczl7@intel.com
765,Lettie Donett,48261 Shasta Terrace,89436,NV,ldonettl8@yale.edu
766,Rosabella Curnnok,1 Towne Junction,35290,AL,rcurnnokl9@webnode.com
767,Vern Plaunch,3 Thierer Hill,27605,NC,vplaunchla@ning.com
768,Flora Stollberg,53 Kenwood Circle,66112,KS,fstollberglb@amazon.co.jp
769,Curran Rusted,08 Loftsgordon Alley,94263,CA,crustedlc@apache.org
770,Rodger Olenchikov,650 Ohio Lane,53225,WI,rolenchikovld@shutterfly.com
771,Shurwood Rosenwasser,7552 Michigan Avenue,20566,DC,srosenwasserle@netvibes.com
772,Chariot Devenny,74471 Westerfield Court,81010,CO,cdevennylf@cyberchimps.com
773,Mordecai Brawn,54340 Bunker Hill Lane,80305,CO,mbrawnlg@webnode.com
774,Tan Blenkinsop,65374 Vermont Alley,48224,MI,tblenkinsoplh@mapy.cz
775,Mozelle Molloy,7 Dixon Pass,92056,CA,mmolloyli@irs.gov
776,Marina Regan,37456 Talmadge Terrace,79923,TX,mreganlj@opera.com
777,Wiatt Necolds,72442 Portage Plaza,60686,IL,wnecoldslk@google.it
778,Chery Gozard,8452 South Trail,12305,NY,cgozardll@nymag.com
779,Mattie Clyma,75 Kennedy Drive,02203,MA,mclymalm@spiegel.de
780,Corny Biddell,36 Veith Avenue,07208,NJ,cbiddellln@msu.edu
781,Muffin Oldred,6 Ryan Terrace,44315,OH,moldredlo@about.me
782,Hazel Krysztofowicz,39 Vernon Court,49518,MI,hkrysztofowiczlp@engadget.com
783,Alexa Worral,291 Hanover Circle,12205,NY,aworrallq@php.net
784,Carline Fursey,07387 Messerschmidt Pass,60686,IL,cfurseylr@irs.gov
785,Dorita Mosdell,7 Kingsford Street,94405,CA,dmosdellls@army.mil
786,Frasco Wylie,518 Briar Crest Alley,28289,NC,fwylielt@t-online.de
787,Eimile Gallichiccio,233 Coleman Parkway,78732,TX,egallichicciolu@java.com
788,Lonnie Saddler,10 Gina Center,32215,FL,lsaddlerlv@histats.com
789,Alejandrina Million,949 Washington Parkway,95054,CA,amillionlw@plala.or.jp
790,Nollie Rushworth,21 Michigan Drive,14905,NY,nrushworthlx@microsoft.com
791,Cyrill Jerg,9028 American Ash Plaza,90020,CA,cjergly@e-recht24.de
792,Sonya Goodsell,3399 New Castle Center,45454,OH,sgoodselllz@newsvine.com
793,Briggs Gabbetis,75 Ronald Regan Way,98158,WA,bgabbetism0@eventbrite.com
794,Aymer Virr,22 Buhler Road,10459,NY,avirrm1@e-recht24.de
795,Lida Marcus,615 Loeprich Pass,23663,VA,lmarcusm2@archive.org
796,Shelba Gunbie,65391 Sherman Way,07104,NJ,sgunbiem3@guardian.co.uk
797,Averil Jeram,0 Coolidge Pass,29319,SC,ajeramm4@xrea.com
798,Sergent Tedridge,46 Columbus Lane,78205,TX,stedridgem5@newyorker.com
799,Megan Sacchetti,39461 Service Lane,76110,TX,msacchettim6@fastcompany.com
800,Guss Stebbing,50 Morning Point,20719,MD,gstebbingm7@over-blog.com
801,Sallee Wistance,1202 Del Sol Terrace,80243,CO,swistancem8@bloglovin.com
802,Abigail Truelock,56110 Grover Trail,68134,NE,atruelockm9@paypal.com
803,Reginald Caldwall,2091 Karstens Way,34615,FL,rcaldwallma@purevolume.com
804,Reta Ezzy,24 Monument Pass,92160,CA,rezzymb@bloglovin.com
805,Lilith Perse,16 Village Green Drive,77045,TX,lpersemc@google.com.hk
806,Hanny Flea,1353 Spaight Plaza,37205,TN,hfleamd@washington.edu
807,Karel Maffione,7 Atwood Way,44905,OH,kmaffioneme@livejournal.com
808,Nathanael Hovard,2 Kennedy Way,19725,DE,nhovardmf@samsung.com
809,Barney Youings,20608 Mcguire Court,13505,NY,byouingsmg@dmoz.org
810,Carilyn Tompkins,5271 Butterfield Lane,73152,OK,ctompkinsmh@hc360.com
811,Christoper Banghe,219 Oneill Street,45426,OH,cbanghemi@nsw.gov.au
812,Shirline Gregori,2 Eastlawn Point,15134,PA,sgregorimj@opensource.org
813,Petronella Morritt,61107 Debra Hill,23663,VA,pmorrittmk@businesswire.com
814,Georgetta Breens,41 Arizona Pass,30022,GA,gbreensml@topsy.com
815,Shanda Bullon,0542 Pine View Drive,55103,MN,sbullonmm@auda.org.au
816,Eddi Oury,067 Stephen Hill,78715,TX,eourymn@godaddy.com
817,Noland Clipsham,3 Mendota Way,62776,IL,nclipshammo@cargocollective.com
818,Ferdy Bindin,05 Lighthouse Bay Place,78426,TX,fbindinmp@sun.com
819,Tobit Darnody,088 Shopko Lane,34474,FL,tdarnodymq@bigcartel.com
820,Fabian De Mitri,198 Morningstar Terrace,06912,CT,fdemr@go.com
821,Merle Learie,739 Meadow Ridge Plaza,60604,IL,mleariems@csmonitor.com
822,Gypsy Craisford,4579 Park Meadow Street,55436,MN,gcraisfordmt@sourceforge.net
823,Vernor Pherps,132 Manufacturers Crossing,78759,TX,vpherpsmu@admin.ch
824,Sergeant Tarzey,98372 Jenna Alley,33411,FL,starzeymv@blogger.com
825,Erastus D'Onise,41 Pawling Junction,08650,NJ,edonisemw@dmoz.org
826,Flossi McDonand,87516 Veith Crossing,25770,WV,fmcdonandmx@techcrunch.com
827,Grady Couchman,56 Brown Crossing,48505,MI,gcouchmanmy@google.co.uk
828,Veda Licas,5970 Armistice Parkway,64125,MO,vlicasmz@jiathis.com
829,Berenice Lauchlan,2197 Westend Trail,10090,NY,blauchlann0@hhs.gov
830,Rodd Valett,44964 Grayhawk Hill,91797,CA,rvalettn1@census.gov
831,Walker Greenrde,7287 Kedzie Avenue,21265,MD,wgreenrden2@facebook.com
832,Lynda Whitewood,5 Linden Terrace,77240,TX,lwhitewoodn3@yahoo.com
833,Katerine Marc,7 Little Fleur Road,01114,MA,kmarcn4@so-net.ne.jp
834,Wally Glossup,19 Redwing Center,12205,NY,wglossupn5@hao123.com
835,Cornelia Eastmond,9 Blue Bill Park Court,55428,MN,ceastmondn6@google.es
836,Dunc Yakebovitch,120 Nobel Trail,84409,UT,dyakebovitchn7@bandcamp.com
837,Nils Priel,348 Mitchell Terrace,91125,CA,nprieln8@skyrock.com
838,Kikelia Crees,393 Randy Terrace,30358,GA,kcreesn9@discovery.com
839,Corina Ellerker,46316 Ilene Place,33982,FL,cellerkerna@blogs.com
840,Zedekiah Gomersall,3 Farmco Street,13251,NY,zgomersallnb@nytimes.com
841,Aimil Scotchmor,28759 Mayfield Alley,93111,CA,ascotchmornc@xinhuanet.com
842,Kermie McArdell,951 Dottie Road,10280,NY,kmcardellnd@slashdot.org
843,Allegra Bransden,2 Haas Trail,45208,OH,abransdenne@census.gov
844,Cross Sallowaye,79266 1st Trail,49018,MI,csallowayenf@spotify.com
845,Clayborne Mecchi,5 Oak Park,78245,TX,cmecching@spotify.com
846,Loni Ollcott,48570 Cambridge Circle,36689,AL,lollcottnh@hubpages.com
847,Cyb Ruffles,97726 Holy Cross Circle,38143,TN,crufflesni@ow.ly
848,Aubrie Tabourier,93195 Anzinger Court,99260,WA,atabouriernj@skype.com
849,Olly Girling,209 Swallow Circle,89178,NV,ogirlingnk@hp.com
850,Tiphany Hempel,810 Rockefeller Way,80930,CO,thempelnl@amazon.de
851,Katinka Sedcole,93 Mallory Hill,39236,MS,ksedcolenm@trellian.com
852,Brocky Pele,11 Stone Corner Circle,33196,FL,bpelenn@skype.com
853,Curr Stegel,1718 Commercial Court,46247,IN,cstegelno@angelfire.com
854,Iolanthe Carlyle,3 Northwestern Hill,63169,MO,icarlylenp@cafepress.com
855,Rainer Puig,119 Basil Plaza,34205,FL,rpuignq@goo.gl
856,Dominique Manchester,8 Almo Plaza,02745,MA,dmanchesternr@yellowpages.com
857,Quintus Andrei,2 Colorado Circle,73157,OK,qandreins@washingtonpost.com
858,Denni Mattke,048 Waxwing Lane,14276,NY,dmattkent@yellowbook.com
859,Ingemar Nicholls,473 Sauthoff Court,24020,VA,inichollsnu@webs.com
860,Hamilton Ainsby,29821 Westend Point,44118,OH,hainsbynv@zimbio.com
861,Glyn Verheijden,063 Darwin Avenue,78210,TX,gverheijdennw@g.co
862,Burg Kimbrough,53608 Milwaukee Trail,85205,AZ,bkimbroughnx@etsy.com
863,Dwayne Grigori,1200 Del Mar Way,28272,NC,dgrigoriny@eepurl.com
864,Kain Stothard,30 Artisan Hill,50347,IA,kstothardnz@msn.com
865,Manda Tonepohl,764 Garrison Road,23551,VA,mtonepohlo0@mysql.com
866,Mala Rosenhaus,568 Mcbride Alley,11205,NY,mrosenhauso1@chicagotribune.com
867,Alla Doxsey,496 Marquette Way,77346,TX,adoxseyo2@exblog.jp
868,Avigdor Tebboth,94 Dayton Drive,33448,FL,atebbotho3@npr.org
869,Bartram Kynston,9 Iowa Trail,81015,CO,bkynstono4@vk.com
870,Kitti Tebbut,2 Lyons Trail,33245,FL,ktebbuto5@utexas.edu
871,Bili Ziemen,344 Mallard Hill,76121,TX,bziemeno6@uiuc.edu
872,Annalee Kornas,3 4th Junction,70160,LA,akornaso7@irs.gov
873,Duane Missen,74818 Namekagon Terrace,80255,CO,dmisseno8@goo.ne.jp
874,Abran Sands,92 Northland Point,93386,CA,asandso9@sohu.com
875,Dukey Fumagalli,5657 Westend Point,43231,OH,dfumagallioa@patch.com
876,Grant McRuvie,9 Eliot Trail,10165,NY,gmcruvieob@addtoany.com
877,Waneta Giff,61 Shopko Road,60674,IL,wgiffoc@berkeley.edu
878,Nichols Scheffel,803 Artisan Court,47705,IN,nscheffelod@zdnet.com
879,Corie Dyball,322 Judy Trail,02298,MA,cdyballoe@chicagotribune.com
880,Felix Stockoe,4 Scoville Plaza,55811,MN,fstockoeof@mapquest.com
881,Dallas Toplis,942 La Follette Terrace,79116,TX,dtoplisog@tripadvisor.com
882,Alikee Berthon,120 Riverside Court,45213,OH,aberthonoh@indiegogo.com
883,Thatch Stickney,75841 Monica Center,37210,TN,tstickneyoi@adobe.com
884,Peter Ubsdall,2 Esch Alley,29416,SC,pubsdalloj@alibaba.com
885,Tamas Truce,27055 Londonderry Crossing,33710,FL,ttruceok@bbc.co.uk
886,Kirstin Mincher,5792 Golf View Park,97206,OR,kmincherol@loc.gov
887,Beck Snoxall,049 Algoma Trail,99512,AK,bsnoxallom@infoseek.co.jp
888,Agnesse Drepp,80 Pepper Wood Terrace,68134,NE,adreppon@wikispaces.com
889,Tawnya Akerman,5 Summer Ridge Place,78220,TX,takermanoo@tripadvisor.com
890,Callida Rembrandt,8670 Elgar Hill,70805,LA,crembrandtop@pagesperso-orange.fr
891,Randi Henrique,9 Anniversary Court,94913,CA,rhenriqueoq@dell.com
892,Bernard Lake,4 Meadow Valley Trail,92115,CA,blakeor@amazon.co.uk
893,Ilyse Hicks,01 Lyons Junction,54915,WI,ihicksos@studiopress.com
894,Stanfield Wenham,4 Haas Lane,22405,VA,swenhamot@rambler.ru
895,Celestine Melledy,40 Parkside Lane,89120,NV,cmelledyou@icio.us
896,Temple Renault,6135 Blackbird Alley,91131,CA,trenaultov@github.com
897,Audre McDougle,64915 Shopko Place,34474,FL,amcdougleow@wikipedia.org
898,Rosemonde Kytley,7145 Stoughton Circle,28210,NC,rkytleyox@house.gov
899,Cirilo Perelli,78212 Duke Trail,10039,NY,cperellioy@bluehost.com
900,Kipper Hurles,4319 Rockefeller Circle,79977,TX,khurlesoz@edublogs.org
901,Ettie Lobbe,753 Sutherland Alley,29610,SC,elobbep0@i2i.jp
902,Emanuel Alliband,067 Di Loreto Hill,78260,TX,eallibandp1@merriam-webster.com
903,Marley Dishmon,9 Messerschmidt Pass,85748,AZ,mdishmonp2@tiny.cc
904,Nobie Paffitt,3 Anderson Street,93773,CA,npaffittp3@chicagotribune.com
905,Krystalle Weaving,6 Derek Court,77055,TX,kweavingp4@netvibes.com
906,Darcie Wace,9157 Hauk Terrace,91199,CA,dwacep5@deliciousdays.com
907,Gerik Shiels,87975 Forest Run Alley,88569,TX,gshielsp6@mozilla.com
908,Leonelle Marshal,253 Atwood Pass,93786,CA,lmarshalp7@cnn.com
909,Vikki Mullaney,3 Debra Way,02104,MA,vmullaneyp8@spiegel.de
910,Briana Wicklen,4 Bluejay Road,90847,CA,bwicklenp9@msu.edu
911,Charlot Nowlan,4997 Delaware Place,32225,FL,cnowlanpa@fc2.com
912,Evelyn Pettis,5524 Melvin Center,92115,CA,epettispb@usda.gov
913,Dorisa Yakov,4 Donald Plaza,28278,NC,dyakovpc@artisteer.com
914,Marco Starbeck,1 Dunning Alley,23220,VA,mstarbeckpd@nyu.edu
915,Rana Colbert,3698 Merchant Terrace,78759,TX,rcolbertpe@homestead.com
916,Lane Blindmann,1 Scoville Circle,17405,PA,lblindmannpf@yandex.ru
917,Jill McMurray,6884 Morningstar Parkway,32575,FL,jmcmurraypg@illinois.edu
918,Essa Gheeorghie,74 Fordem Junction,33134,FL,egheeorghieph@blogs.com
919,Zebadiah Gaggen,69931 Forest Dale Junction,28263,NC,zgaggenpi@dropbox.com
920,Grete Evins,664 Heffernan Park,13205,NY,gevinspj@goo.ne.jp
921,Roma Pryell,34486 Porter Circle,40250,KY,rpryellpk@chron.com
922,Ellyn Berthouloume,49802 Northview Hill,17110,PA,eberthouloumepl@loc.gov
923,Minette Banasevich,7 Kingsford Crossing,75205,TX,mbanasevichpm@ox.ac.uk
924,Pooh Marks,80437 Browning Circle,99507,AK,pmarkspn@addtoany.com
925,Mufi Roser,805 Comanche Center,95064,CA,mroserpo@cisco.com
926,Carl Batthew,9 Stone Corner Drive,06854,CT,cbatthewpp@merriam-webster.com
927,Lalo Hatherley,345 New Castle Trail,68110,NE,lhatherleypq@usa.gov
928,Sybyl Baggelley,88235 Lighthouse Bay Center,33245,FL,sbaggelleypr@oaic.gov.au
929,Jolie Bryer,1 Vidon Point,10165,NY,jbryerps@cbsnews.com
930,Purcell Miner,8 Moulton Hill,97206,OR,pminerpt@state.tx.us
931,Evelin Shakle,7 Bonner Avenue,10034,NY,eshaklepu@cdbaby.com
932,Edith Folger,599 Brentwood Place,44321,OH,efolgerpv@multiply.com
933,Olympe Hallede,3 Arizona Circle,33763,FL,ohalledepw@a8.net
934,Minni Plaskett,40 Kinsman Alley,33169,FL,mplaskettpx@businesswire.com
935,Yovonnda Cornelius,1614 Del Mar Terrace,48609,MI,ycorneliuspy@apache.org
936,Pandora Rangeley,3613 Schiller Crossing,31410,GA,prangeleypz@feedburner.com
937,Hester Mathie,69 Wayridge Court,19109,PA,hmathieq0@usgs.gov
938,Bengt Botterman,1477 Charing Cross Parkway,90010,CA,bbottermanq1@bravesites.com
939,Napoleon Holwell,79 Schmedeman Terrace,99220,WA,nholwellq2@ask.com
940,Caesar Auger,7 Redwing Parkway,48609,MI,caugerq3@elpais.com
941,Deanna Smalman,96 Glendale Alley,20535,DC,dsmalmanq4@vistaprint.com
942,Latisha Shute,1 Garrison Court,58122,ND,lshuteq5@pcworld.com
943,Magdaia Ping,87 Mandrake Parkway,55436,MN,mpingq6@hugedomains.com
944,Isaac Meus,07 Declaration Place,95150,CA,imeusq7@walmart.com
945,Catha Sherar,410 Old Gate Plaza,36119,AL,csherarq8@army.mil
946,Aurlie Groucock,369 Norway Maple Court,88584,TX,agroucockq9@ning.com
947,Tammy Le Count,63 Bowman Lane,32204,FL,tleqa@ycombinator.com
948,Norine Fulep,63410 Forest Run Plaza,33320,FL,nfulepqb@reverbnation.com
949,Byran Dandie,3 Fulton Hill,32118,FL,bdandieqc@delicious.com
950,Zechariah Scholfield,67056 Pearson Center,11355,NY,zscholfieldqd@samsung.com
951,Brittne Allsop,48 Burrows Drive,10099,NY,ballsopqe@bloomberg.com
952,Thorn Blancowe,59 Vahlen Court,94121,CA,tblancoweqf@alibaba.com
953,Gabriella Lewsie,47752 Erie Lane,48912,MI,glewsieqg@ed.gov
954,Sheffy Aitchinson,659 Meadow Valley Avenue,97216,OR,saitchinsonqh@hc360.com
955,Cara Yankishin,38864 Southridge Road,85040,AZ,cyankishinqi@arizona.edu
956,Claudine Melmeth,213 Norway Maple Drive,02162,MA,cmelmethqj@rambler.ru
957,Oswald Simeoli,35 Kedzie Crossing,60686,IL,osimeoliqk@upenn.edu
958,Derk Feltham,25013 Carpenter Center,40576,KY,dfelthamql@dell.com
959,Lauraine Duddridge,307 Hoepker Drive,23436,VA,lduddridgeqm@bizjournals.com
960,Cindi Chimenti,28461 Mcbride Crossing,29240,SC,cchimentiqn@nhs.uk
961,Marleen Lafont,87753 Northland Terrace,36109,AL,mlafontqo@webeden.co.uk
962,Jenni Taffe,215 Oxford Terrace,94712,CA,jtaffeqp@freewebs.com
963,Sapphira Spinas,654 Oak Valley Crossing,80127,CO,sspinasqq@multiply.com
964,Moishe Flemming,1 Dennis Pass,64179,MO,mflemmingqr@theatlantic.com
965,Bartlet Blase,8486 Johnson Avenue,63150,MO,bblaseqs@elegantthemes.com
966,Alister Stollenwerck,068 Huxley Crossing,70810,LA,astollenwerckqt@uiuc.edu
967,Randene Tomkys,77 Atwood Trail,49505,MI,rtomkysqu@zdnet.com
968,Brander Jimson,373 Rusk Hill,16510,PA,bjimsonqv@senate.gov
969,Kanya Stacy,63 Loomis Drive,40220,KY,kstacyqw@e-recht24.de
970,Dasie Deely,6 Messerschmidt Junction,94273,CA,ddeelyqx@ameblo.jp
971,Bobbie McElory,0 Wayridge Hill,30336,GA,bmceloryqy@slate.com
972,Denna Axtonne,229 Bonner Park,92056,CA,daxtonneqz@digg.com
973,Juanita Bemand,774 Talisman Avenue,33325,FL,jbemandr0@tumblr.com
974,Catharine Hoyle,65003 Shelley Crossing,71307,LA,choyler1@globo.com
975,Lorelle Memmory,50 Manitowish Way,22301,VA,lmemmoryr2@paginegialle.it
976,Kerri Winterson,506 Saint Paul Crossing,11436,NY,kwintersonr3@xinhuanet.com
977,Giuditta Dumberrill,81 Mendota Trail,98682,WA,gdumberrillr4@tuttocitta.it
978,Viviyan Abriani,32008 Luster Center,77240,TX,vabrianir5@4shared.com
979,Herschel Bramham,188 Logan Center,25313,WV,hbramhamr6@hc360.com
980,Oralia Minter,74112 Oak Point,26505,WV,ominterr7@acquirethisname.com
981,Suki Pittway,728 Saint Paul Place,79415,TX,spittwayr8@hugedomains.com
982,Sayre MacGinlay,72 Mariners Cove Way,66667,KS,smacginlayr9@cargocollective.com
983,Vance Le Marquand,81747 Springview Pass,55402,MN,vlera@usatoday.com
984,Mariska Adamowitz,102 Badeau Junction,31410,GA,madamowitzrb@dyndns.org
985,Brian Naton,54 Shelley Trail,31210,GA,bnatonrc@ycombinator.com
986,Dniren Clowney,1807 Alpine Trail,55905,MN,dclowneyrd@mayoclinic.com
987,Chic Babbs,08463 American Ash Street,48242,MI,cbabbsre@google.com.br
988,Sondra Quaife,7999 Forest Junction,07195,NJ,squaiferf@altervista.org
989,Jorgan Eberdt,9024 Bashford Avenue,15235,PA,jeberdtrg@dailymotion.com
990,Saul Tolliday,840 Heath Circle,85020,AZ,stollidayrh@wikimedia.org
991,Ferrel Sieve,455 Bunker Hill Pass,65211,MO,fsieveri@de.vu
992,Brose Linster,9486 Parkside Circle,20005,DC,blinsterrj@icq.com
993,Jacquelynn Swainson,328 Prentice Alley,92030,CA,jswainsonrk@patch.com
994,Taddeo McMurtyr,06 Logan Court,78215,TX,tmcmurtyrrl@netscape.com
995,Elysia Yerill,1 Helena Junction,73124,OK,eyerillrm@so-net.ne.jp
996,Ari Cluett,64348 Westend Drive,67260,KS,acluettrn@netvibes.com
997,Abel Newbury,8007 1st Avenue,89166,NV,anewburyro@alexa.com
998,Netty Dwerryhouse,4 Acker Court,95160,CA,ndwerryhouserp@archive.org
999,Patrizio Lindegard,76 Stephen Plaza,94913,CA,plindegardrq@auda.org.au
1000,Devlen Gaynsford,5500 Pleasure Crossing,27425,NC,dgaynsfordrr@archive.org
