id,name,address,zipcode,state,email
1,Kenton Erat,76 Everett Lane,98166,WA,kerat0@goo.gl
2,Yorker Owthwaite,72582 1st Terrace,77035,TX,yowthwaite1@mac.com
3,Gustave Crux,22135 North Street,14646,NY,gcrux2@woothemes.com
4,Bobbye Rosendale,4 Straubel Avenue,08619,NJ,brosendale3@examiner.com
5,Loraine Richmont,3819 Pond Circle,29225,SC,lrichmont4@myspace.com
6,Nicol Clitherow,9 Raven Trail,10184,NY,nclitherow5@ezinearticles.com
7,Euell Woollends,2 Anniversary Hill,31132,GA,ewoollends6@aol.com
8,Theo Ryal,34 Granby Crossing,43226,OH,tryal7@businesswire.com
9,Tomi Wofenden,30 Westerfield Road,46896,IN,twofenden8@chron.com
10,Barbara-anne De Launde,9385 Milwaukee Pass,80015,CO,bde9@vk.com
11,Korie Gregori,656 Fairfield Point,75236,TX,kgregoria@amazonaws.com
12,Fifi Dammarell,7 Spohn Drive,70607,LA,fdammarellb@msn.com
13,Reinaldos Walch,40 Del Sol Way,13251,NY,rwalchc@economist.com
14,Albrecht Forre,776 Iowa Court,94616,CA,aforred@php.net
15,Eleni Dotson,60 Kingsford Point,27157,NC,edotsone@java.com
16,Lalo Whoolehan,21 Harbort Alley,94273,CA,lwhoolehanf@flavors.me
17,Dominique Ivashintsov,47 Hanson Pass,22301,VA,divashintsovg@samsung.com
18,Claudetta Suggett,61111 Paget Parkway,22205,VA,csuggetth@mail.ru
19,Margaret Dunckley,671 Sheridan Plaza,25775,WV,mdunckleyi@github.com
20,Adriena Imlen,71 Memorial Trail,74103,OK,aimlenj@gnu.org
21,Paul Symson,29128 Superior Road,55551,MN,psymsonk@naver.com
22,Devin Tejada,987 Southridge Way,20530,DC,dtejadal@webnode.com
23,Bram Wimpress,55392 Ronald Regan Parkway,60604,IL,bwimpressm@jigsy.com
24,Valdemar Pawlowicz,53 Kensington Street,55590,MN,vpawlowiczn@goo.gl
25,Desirae Izatson,8857 Warrior Street,91109,CA,dizatsono@chron.com
26,Nita Bitterton,3 Dayton Court,20337,DC,nbittertonp@skype.com
27,Lockwood Luisetti,0192 Debra Point,58505,ND,lluisettiq@engadget.com
28,Raynor Matys,384 School Court,97255,OR,rmatysr@tripod.com
29,Aundrea Rayment,1388 Maple Wood Place,55905,MN,arayments@drupal.org
30,Phip Coombs,23194 North Hill,94132,CA,pcoombst@nyu.edu
31,Evin Kops,3 Pine View Terrace,37605,TN,ekopsu@chron.com
32,Kerwinn Raithby,36 Darwin Drive,84199,UT,kraithbyv@nhs.uk
33,Tomi Sizey,806 Hansons Pass,78278,TX,tsizeyw@whitehouse.gov
34,Hersch Bernardini,40836 Annamark Circle,97240,OR,hbernardinix@shutterfly.com
35,Gardener Jolley,0 Monument Place,19146,PA,gjolleyy@sphinn.com
36,Edouard Sudran,86 Vernon Place,06505,CT,esudranz@bbc.co.uk
37,Diana Marousek,4 Fuller Court,22119,VA,dmarousek10@acquirethisname.com
38,Tarrah Gaskall,90 Crownhardt Pass,94257,CA,tgaskall11@opensource.org
39,Corbett Faulkner,2998 Valley Edge Center,55590,MN,cfaulkner12@salon.com
40,Woodie Carlucci,6523 Shasta Plaza,33018,FL,wcarlucci13@macromedia.com
41,Caressa Haymes,12056 Warrior Way,33605,FL,chaymes14@msu.edu
42,Sisely Aleshkov,3 Independence Trail,47747,IN,saleshkov15@webmd.com
43,Tris von Nassau,4 Upham Road,25305,WV,tvon16@live.com
44,Trefor Danell,804 Towne Road,75205,TX,tdanell17@ibm.com
45,Beck Croydon,83 Bluejay Circle,64054,MO,bcroydon18@europa.eu
46,Fredia Franzewitch,16 Grayhawk Terrace,30368,GA,ffranzewitch19@webmd.com
47,Christy Harrigan,3 Hoffman Crossing,90005,CA,charrigan1a@techcrunch.com
48,Chloris Bettinson,962 Swallow Road,60657,IL,cbettinson1b@washingtonpost.com
49,Mariann Jahan,2 Golf Park,84130,UT,mjahan1c@omniture.com
50,Shel O'Kuddyhy,6 Pleasure Place,63158,MO,sokuddyhy1d@icq.com
51,Mathe Wink,5714 Grim Crossing,44705,OH,mwink1e@rakuten.co.jp
52,Ray Ellerbeck,12839 Ridgeview Drive,34135,FL,rellerbeck1f@tripod.com
53,Mab Timpany,47 Fisk Trail,48956,MI,mtimpany1g@biblegateway.com
54,Madelene Catterill,50712 Rutledge Crossing,44118,OH,mcatterill1h@ameblo.jp
55,Mickie Garlic,791 Becker Terrace,58207,ND,mgarlic1i@unc.edu
56,Maurits Melson,414 Jenifer Alley,47306,IN,mmelson1j@com.com
57,Billye Mathon,96408 Forest Way,20470,DC,bmathon1k@gnu.org
58,Rosabel Puleque,49 Lillian Plaza,64054,MO,rpuleque1l@telegraph.co.uk
59,Maxy Burthom,958 Spohn Point,34114,FL,mburthom1m@linkedin.com
60,Vallie Hirtz,23 Memorial Trail,78778,TX,vhirtz1n@plala.or.jp
61,Johanna Ockenden,38 Division Center,11480,NY,jockenden1o@china.com.cn
62,Lock Jorissen,6072 Bobwhite Terrace,75310,TX,ljorissen1p@hp.com
63,Fairfax Clemanceau,115 Fieldstone Hill,35225,AL,fclemanceau1q@sakura.ne.jp
64,Kale Easterbrook,69 Cherokee Avenue,10633,NY,keasterbrook1r@woothemes.com
65,Dolorita Gouldstone,627 Killdeer Lane,20268,DC,dgouldstone1s@wisc.edu
66,Elena Tyas,9069 High Crossing Parkway,92705,CA,etyas1t@slashdot.org
67,Florella Flobert,007 Glacier Hill Junction,77223,TX,fflobert1u@gnu.org
68,Nichole Yearnsley,1 Macpherson Court,11407,NY,nyearnsley1v@virginia.edu
69,Katya Watsam,4209 Westport Plaza,83705,ID,kwatsam1w@discovery.com
70,Mahmud Darnbrough,31 Iowa Court,64109,MO,mdarnbrough1x@meetup.com
71,Kristo Durran,6166 Del Mar Court,33610,FL,kdurran1y@yandex.ru
72,Renee Ucchino,19 Oxford Street,32885,FL,rucchino1z@globo.com
73,Giana Sogg,778 Shoshone Alley,10060,NY,gsogg20@paginegialle.it
74,Corabelle Linder,8 Orin Terrace,07522,NJ,clinder21@issuu.com
75,Bianca Scamal,16 Heath Park,77020,TX,bscamal22@ihg.com
76,Skippy Eleshenar,3 Russell Street,72199,AR,seleshenar23@va.gov
77,Jazmin Biskupiak,675 Comanche Court,33615,FL,jbiskupiak24@walmart.com
78,Ailee Trace,0 Vernon Hill,77293,TX,atrace25@skype.com
79,Torrin McDool,57 Hazelcrest Court,40298,KY,tmcdool26@sogou.com
80,Freeman Caldero,187 Thompson Center,22309,VA,fcaldero27@jigsy.com
81,Phaidra Fedoronko,4 Prentice Lane,95354,CA,pfedoronko28@usnews.com
82,Wanids Okker,9373 Cottonwood Hill,34629,FL,wokker29@live.com
83,Stormi Cathrae,0263 Welch Avenue,31119,GA,scathrae2a@huffingtonpost.com
84,Lorita Osgarby,649 Prairie Rose Road,45999,OH,losgarby2b@dion.ne.jp
85,Kelsey Cawsey,7 Oriole Terrace,98042,WA,kcawsey2c@google.it
86,Mozelle Grossier,32417 Little Fleur Junction,53405,WI,mgrossier2d@last.fm
87,Thomasine Raylton,189 Red Cloud Center,68179,NE,traylton2e@rakuten.co.jp
88,Harmony Wessell,2 Debra Plaza,55480,MN,hwessell2f@army.mil
89,Elisabeth Linzey,6 Arizona Road,22301,VA,elinzey2g@mac.com
90,Herold Shadrach,5 Morrow Park,02405,MA,hshadrach2h@virginia.edu
91,Kaitlin Avo,57 Mosinee Parkway,22156,VA,kavo2i@wunderground.com
92,Delano Kingdom,81015 Old Shore Pass,64187,MO,dkingdom2j@miibeian.gov.cn
93,Yorke Airdrie,8524 Lindbergh Park,88514,TX,yairdrie2k@topsy.com
94,Kesley Aires,41904 Alpine Crossing,11225,NY,kaires2l@example.com
95,Mitzi Barke,81 Waubesa Avenue,40287,KY,mbarke2m@cargocollective.com
96,Alasteir Ploughwright,33 Hintze Hill,90847,CA,aploughwright2n@tuttocitta.it
97,Hewe Bourton,11 Merry Point,32595,FL,hbourton2o@nps.gov
98,Candida Leak,41036 Merchant Place,22908,VA,cleak2p@pen.io
99,Demott McQuilkin,47 6th Way,18514,PA,dmcquilkin2q@fema.gov
100,Bren Cowup,9 Manitowish Junction,85040,AZ,bcowup2r@google.es
101,Arne Logesdale,307 Heath Drive,33647,FL,alogesdale2s@scientificamerican.com
102,Sheila McKew,79 Bartelt Pass,60567,IL,smckew2t@360.cn
103,Holly Broader,8 Summit Court,90050,CA,hbroader2u@java.com
104,Trixie Vaudin,73687 Vahlen Circle,20067,DC,tvaudin2v@google.com.au
105,Daron Towner,30 Cascade Park,13217,NY,dtowner2w@constantcontact.com
106,Nerissa O'Dee,4 Upham Way,95973,CA,nodee2x@wp.com
107,Wilhelmina Thieme,843 Columbus Terrace,17121,PA,wthieme2y@exblog.jp
108,Daphne Swarbrigg,0554 Kipling Place,83705,ID,dswarbrigg2z@smh.com.au
109,Leah Allchorne,029 Harper Parkway,25336,WV,lallchorne30@sakura.ne.jp
110,Rollo Shah,067 Bashford Crossing,25336,WV,rshah31@vistaprint.com
111,Wyatt Usmar,6 Oxford Plaza,33141,FL,wusmar32@hibu.com
112,Moria Tomowicz,4824 Schlimgen Parkway,84135,UT,mtomowicz33@blogtalkradio.com
113,Creigh Spain-Gower,6916 Shasta Street,97211,OR,cspaingower34@marriott.com
114,Tymon Rowet,035 Canary Place,85260,AZ,trowet35@prweb.com
115,Vernen Whittam,17 6th Plaza,78215,TX,vwhittam36@tinyurl.com
116,Maxy Outerbridge,409 Crescent Oaks Avenue,10280,NY,mouterbridge37@google.cn
117,Felicia Sneezem,8184 Rowland Park,73179,OK,fsneezem38@com.com
118,Minny Berardt,00737 East Hill,91103,CA,mberardt39@ftc.gov
119,Delphine Masselin,7 Hudson Center,15230,PA,dmasselin3a@biglobe.ne.jp
120,Celia Diddams,2 Manley Center,10459,NY,cdiddams3b@nps.gov
121,Pepillo Brayley,6 Cordelia Point,38150,TN,pbrayley3c@so-net.ne.jp
122,Julius Hamor,13 Harper Pass,89012,NV,jhamor3d@about.me
123,Ernestus Minghi,0 Dennis Point,22333,VA,eminghi3e@ameblo.jp
124,Kristos Skivington,33435 Bowman Parkway,90505,CA,kskivington3f@cloudflare.com
125,Blancha Claworth,5 Graedel Parkway,34605,FL,bclaworth3g@ocn.ne.jp
126,Jamil Lamperd,7720 School Lane,33124,FL,jlamperd3h@gnu.org
127,Davy Caston,99 Warner Avenue,10270,NY,dcaston3i@histats.com
128,Annabel Dei,955 Delaware Hill,62723,IL,adei3j@nasa.gov
129,Lisha McEntagart,4 Truax Hill,35242,AL,lmcentagart3k@soup.io
130,Sheryl Kilroy,1053 Trailsway Court,95813,CA,skilroy3l@netvibes.com
131,Mac Classen,1106 Thompson Drive,85025,AZ,mclassen3m@independent.co.uk
132,Hagen Fairburne,891 Wayridge Street,60686,IL,hfairburne3n@weebly.com
133,Reilly Selley,60104 Nancy Way,11220,NY,rselley3o@ucoz.com
134,Emilie Dunge,90 Dixon Alley,33906,FL,edunge3p@github.com
135,Caritta Candy,3404 Beilfuss Circle,84110,UT,ccandy3q@phpbb.com
136,Janella Toopin,8 Quincy Pass,06505,CT,jtoopin3r@seesaa.net
137,Kevan Bottoms,3 Dakota Road,11247,NY,kbottoms3s@examiner.com
138,Townsend Elliott,4479 Bluejay Road,23228,VA,telliott3t@seattletimes.com
139,Merrily MacKniely,10863 Northport Plaza,16565,PA,mmackniely3u@accuweather.com
140,Cy Flynn,937 Larry Point,66112,KS,cflynn3v@engadget.com
141,Cleve Fines,2346 Heath Parkway,20442,DC,cfines3w@google.de
142,Cirstoforo Shears,5098 Doe Crossing Pass,90810,CA,cshears3x@liveinternet.ru
143,Shelbi Tregensoe,5 Pine View Alley,06505,CT,stregensoe3y@github.io
144,Barnebas Blayd,132 Londonderry Point,76016,TX,bblayd3z@squidoo.com
145,Maisie Dunridge,75799 Hudson Pass,94164,CA,mdunridge40@infoseek.co.jp
146,Joyan Chattey,7 Debs Trail,94705,CA,jchattey41@yahoo.com
147,Fawnia Praundl,6 Comanche Alley,30386,GA,fpraundl42@constantcontact.com
148,Margarita Hubbert,4 Chinook Avenue,88514,TX,mhubbert43@dmoz.org
149,Honoria Peyntue,0 Dayton Junction,11024,NY,hpeyntue44@washingtonpost.com
150,Elvyn Braine,3578 Oakridge Plaza,55428,MN,ebraine45@eventbrite.com
151,Anatole Stilldale,2477 Bay Avenue,47737,IN,astilldale46@latimes.com
152,Christy Iiannoni,5 Butternut Terrace,20319,DC,ciiannoni47@vk.com
153,Jay Mussettini,4021 Sycamore Road,35405,AL,jmussettini48@digg.com
154,Ree Edgeson,7 Westerfield Hill,77288,TX,redgeson49@nytimes.com
155,Lovell De la Eglise,6226 Kensington Trail,84105,UT,lde4a@dion.ne.jp
156,Cathi Rowlson,60 Eastwood Road,11225,NY,crowlson4b@bizjournals.com
157,Brok Magson,29858 School Drive,54305,WI,bmagson4c@thetimes.co.uk
158,Klemens Durbann,2002 Hayes Trail,02298,MA,kdurbann4d@businesswire.com
159,Sergio Camings,0925 Oriole Trail,94627,CA,scamings4e@weather.com
160,Georgeta Pietruszka,793 Lakewood Gardens Trail,37220,TN,gpietruszka4f@typepad.com
161,Cthrine Iwanicki,890 Dwight Pass,20430,DC,ciwanicki4g@deviantart.com
162,Taryn Dashkovich,69484 Garrison Center,88589,TX,tdashkovich4h@cloudflare.com
163,Deana Vallis,2 Forest Dale Pass,61605,IL,dvallis4i@creativecommons.org
164,Ivy Panner,5 Mifflin Road,21216,MD,ipanner4j@mozilla.org
165,Ula Larcombe,029 Delladonna Court,88579,TX,ularcombe4k@symantec.com
166,Lidia Shankster,7 Meadow Ridge Hill,23504,VA,lshankster4l@pbs.org
167,Anatola Porkiss,615 Hagan Circle,77234,TX,aporkiss4m@stumbleupon.com
168,Enos Hulburt,9549 Cambridge Avenue,29610,SC,ehulburt4n@homestead.com
169,Chrissy Dougliss,52 Pearson Pass,80525,CO,cdougliss4o@tumblr.com
170,Kenon Faill,441 Brown Trail,06152,CT,kfaill4p@i2i.jp
171,Inglis Yellowlea,03404 Forster Circle,02142,MA,iyellowlea4q@reuters.com
172,Fairleigh Clearley,95 Kings Park,78778,TX,fclearley4r@microsoft.com
173,Joellyn Duinbleton,3 Mandrake Drive,85737,AZ,jduinbleton4s@buzzfeed.com
174,Anabelle Danko,33 Messerschmidt Parkway,13210,NY,adanko4t@washingtonpost.com
175,Ara Elis,71 Brentwood Hill,34985,FL,aelis4u@twitpic.com
176,Richmound Andrzejowski,69 Tony Center,80015,CO,randrzejowski4v@newsvine.com
177,Valentina Warrick,7 Fisk Way,10305,NY,vwarrick4w@narod.ru
178,Asher Chastelain,9 Dixon Plaza,38181,TN,achastelain4x@reverbnation.com
179,Mickie Withers,0 Park Meadow Crossing,62764,IL,mwithers4y@photobucket.com
180,Nowell Zimmerman,5941 New Castle Crossing,17622,PA,nzimmerman4z@trellian.com
181,Evangelina Bichener,61678 Browning Way,34276,FL,ebichener50@mtv.com
182,Bertina Urry,03277 Declaration Trail,06922,CT,burry51@deliciousdays.com
183,Gage Durrett,2573 Hayes Alley,32128,FL,gdurrett52@wired.com
184,Antonietta Hardey,4 Kingsford Plaza,08638,NJ,ahardey53@free.fr
185,Doreen Maps,5 Mallory Avenue,79452,TX,dmaps54@alibaba.com
186,Winne Degg,54796 Dottie Plaza,21705,MD,wdegg55@independent.co.uk
187,Dale Paquet,95094 Elmside Court,27455,NC,dpaquet56@ihg.com
188,Corry Darwood,0 Kipling Center,73071,OK,cdarwood57@imageshack.us
189,Gwendolyn Parham,658 Dixon Place,63110,MO,gparham58@arizona.edu
190,Jocko Ivell,29280 Vernon Drive,90310,CA,jivell59@columbia.edu
191,Merrel Finby,30 Nelson Crossing,78789,TX,mfinby5a@wsj.com
192,Cheryl Sayton,7 Warrior Parkway,46247,IN,csayton5b@domainmarket.com
193,Lorry Bisset,9588 Jana Street,46896,IN,lbisset5c@dailymotion.com
194,Elita Bunyard,7 Sauthoff Plaza,80015,CO,ebunyard5d@earthlink.net
195,Doloritas Stathers,94 Di Loreto Court,33633,FL,dstathers5e@furl.net
196,Farand Colvill,540 Sunbrook Parkway,39534,MS,fcolvill5f@kickstarter.com
197,Francesca Arnholtz,369 Derek Street,31410,GA,farnholtz5g@cnet.com
198,Nadeen Bruntje,3 Fairview Court,93094,CA,nbruntje5h@joomla.org
199,Brittaney Iashvili,739 Mendota Circle,19146,PA,biashvili5i@forbes.com
200,Briggs Bouller,0075 Myrtle Parkway,20088,DC,bbouller5j@buzzfeed.com
201,Sandro Boatswain,9 Gina Parkway,46620,IN,sboatswain5k@nbcnews.com
202,Lemar Easter,1780 Thackeray Park,60669,IL,leaster5l@blogger.com
203,Neale Presdee,9677 Garrison Terrace,29403,SC,npresdee5m@odnoklassniki.ru
204,Brittni Yankishin,189 Iowa Point,63150,MO,byankishin5n@topsy.com
205,Lionel Bambra,6 Monica Court,38188,TN,lbambra5o@alexa.com
206,Jeannie Yatman,90 Grayhawk Point,22119,VA,jyatman5p@statcounter.com
207,Jeane MacCrosson,6629 Grover Park,78240,TX,jmaccrosson5q@google.es
208,Ingelbert Feldmann,9 Northland Drive,89519,NV,ifeldmann5r@newyorker.com
209,Eugenie Manclark,192 Oriole Drive,13224,NY,emanclark5s@businessinsider.com
210,Wilbert Hawtin,99110 Ilene Street,90398,CA,whawtin5t@wiley.com
211,Georgeanne Pischel,7530 Oriole Way,37605,TN,gpischel5u@msn.com
212,Brandi Kobisch,370 Carpenter Terrace,33283,FL,bkobisch5v@surveymonkey.com
213,Efren Leeson,22688 Donald Alley,63136,MO,eleeson5w@webnode.com
214,Tabby Newlove,4007 Cardinal Circle,65218,MO,tnewlove5x@seesaa.net
215,Esmeralda Zorzini,3 Helena Crossing,57105,SD,ezorzini5y@unicef.org
216,Benson Mityashin,2 Sauthoff Pass,87195,NM,bmityashin5z@narod.ru
217,Maryann Edlyne,0257 Katie Circle,38168,TN,medlyne60@nbcnews.com
218,Susan Fagence,09 Shelley Avenue,95852,CA,sfagence61@a8.net
219,Keely Armour,888 Vera Pass,20088,DC,karmour62@amazon.com
220,Allard Eakly,39654 Lighthouse Bay Center,11499,NY,aeakly63@etsy.com
221,Kaile Thaxter,95 Eastwood Point,98464,WA,kthaxter64@hud.gov
222,Natasha Birtwell,6838 Briar Crest Alley,98195,WA,nbirtwell65@trellian.com
223,Son Episcopio,95982 Eliot Junction,78789,TX,sepiscopio66@gravatar.com
224,Nettle Gorriessen,2174 Kenwood Trail,81015,CO,ngorriessen67@amazonaws.com
225,Brannon Darleston,044 Bashford Point,18105,PA,bdarleston68@whitehouse.gov
226,Harald Buglar,963 Porter Alley,12205,NY,hbuglar69@irs.gov
227,Gasparo Rimmer,21097 Summerview Point,02453,MA,grimmer6a@google.co.uk
228,Alexandros Moorton,9 Annamark Point,76096,TX,amoorton6b@mashable.com
229,Peyter Dutt,409 North Street,72916,AR,pdutt6c@ebay.com
230,Hasty Ginni,26 Norway Maple Pass,67230,KS,hginni6d@latimes.com
231,Tally McPeake,985 Maple Drive,30045,GA,tmcpeake6e@princeton.edu
232,Hollyanne Le Moucheux,4177 Menomonie Center,33543,FL,hle6f@army.mil
233,Laurice Peile,492 Spaight Drive,53790,WI,lpeile6g@studiopress.com
234,Ivan Scopyn,720 Mosinee Terrace,40546,KY,iscopyn6h@globo.com
235,Aleda Ordelt,6636 Basil Center,21229,MD,aordelt6i@nbcnews.com
236,Arie Compston,6 Forest Dale Way,54915,WI,acompston6j@unesco.org
237,Randall Thame,81830 Dahle Drive,44125,OH,rthame6k@tripod.com
238,Neils Howels,21 Heath Parkway,77260,TX,nhowels6l@1688.com
239,Yevette Arkell,298 Lunder Circle,23285,VA,yarkell6m@soup.io
240,Idelle Slowcock,5 Kenwood Center,71307,LA,islowcock6n@clickbank.net
241,Daniele Goathrop,9231 Sullivan Lane,92612,CA,dgoathrop6o@cmu.edu
242,Calla Cripps,37 Forest Run Parkway,80910,CO,ccripps6p@amazonaws.com
243,Rosmunda Furbank,6 Ohio Street,70505,LA,rfurbank6q@hibu.com
244,Conney Staples,24 Spaight Court,72199,AR,cstaples6r@nyu.edu
245,Pier Alfwy,8 Prairieview Court,60193,IL,palfwy6s@photobucket.com
246,Desmund Micco,5 Hintze Alley,36109,AL,dmicco6t@cam.ac.uk
247,Nora Crepel,666 Prairie Rose Place,02114,MA,ncrepel6u@studiopress.com
248,Matthias Eye,953 Declaration Avenue,34233,FL,meye6v@bandcamp.com
249,Portie McKernon,226 Schmedeman Road,94522,CA,pmckernon6w@t-online.de
250,Levy Gehrts,5214 Golf Plaza,02203,MA,lgehrts6x@jalbum.net
251,Ravi Brisco,4013 Victoria Street,58505,ND,rbrisco6y@squidoo.com
252,Ninnette Chalfain,800 Roth Terrace,77055,TX,nchalfain6z@linkedin.com
253,Cristabel Baynon,74075 Morning Trail,03105,NH,cbaynon70@cloudflare.com
254,Pattin Albert,983 Riverside Way,92705,CA,palbert71@i2i.jp
255,Isabella Margrett,36 Bonner Park,20470,DC,imargrett72@census.gov
256,Lem Burgh,1 Talisman Hill,11024,NY,lburgh73@bizjournals.com
257,Adele Bandt,811 Meadow Ridge Park,11436,NY,abandt74@csmonitor.com
258,Auguste Dunkinson,80 Riverside Point,14905,NY,adunkinson75@blogger.com
259,Crissy Meaker,983 Bay Crossing,96815,HI,cmeaker76@google.co.jp
260,Beatriz Slimmon,603 Service Hill,34745,FL,bslimmon77@scientificamerican.com
261,Rebekkah Veall,850 Mariners Cove Trail,77090,TX,rveall78@wordpress.com
262,Cordula Culbert,07 Nobel Junction,79118,TX,cculbert79@europa.eu
263,Rock Penman,81450 Chinook Way,33190,FL,rpenman7a@bigcartel.com
264,Brietta Kobpac,7 Bowman Pass,89595,NV,bkobpac7b@unblog.fr
265,Merilee Orred,61351 Lakewood Circle,77234,TX,morred7c@tmall.com
266,Templeton Corpe,2005 Clove Place,79452,TX,tcorpe7d@go.com
267,Aloin Pipet,540 Mifflin Lane,77299,TX,apipet7e@themeforest.net
268,Ilyse Depper,559 Morrow Way,19093,PA,idepper7f@sohu.com
269,Agnesse McCaskell,6129 Hudson Park,30340,GA,amccaskell7g@aboutads.info
270,Amandy Ragborne,5528 Cody Avenue,30306,GA,aragborne7h@ustream.tv
271,Humbert MacFaul,861 Gina Center,23471,VA,hmacfaul7i@networksolutions.com
272,Quentin Flear,9267 Sherman Pass,33915,FL,qflear7j@engadget.com
273,Salvador Benting,8648 Parkside Drive,27626,NC,sbenting7k@amazonaws.com
274,Bailie Apted,33081 Hooker Hill,10060,NY,bapted7l@printfriendly.com
275,Annaliese Kobel,11 Ridgeway Parkway,14609,NY,akobel7m@mediafire.com
276,Bobine Maypole,9778 Del Sol Alley,31914,GA,bmaypole7n@networkadvertising.org
277,Rochester Digan,20 Jenna Center,80204,CO,rdigan7o@ox.ac.uk
278,Tiphany Shermore,68 Pierstorff Park,10090,NY,tshermore7p@quantcast.com
279,Hussein Genders,05466 Debs Hill,94712,CA,hgenders7q@issuu.com
280,Charleen Bowler,5716 Magdeline Hill,77035,TX,cbowler7r@ebay.com
281,Mallorie McKeney,991 Thompson Hill,12247,NY,mmckeney7s@is.gd
282,Salome Bromwich,4 Lien Hill,33625,FL,sbromwich7t@liveinternet.ru
283,Codie Bigham,002 Talmadge Parkway,80940,CO,cbigham7u@utexas.edu
284,Olin Fursey,157 Redwing Point,61110,IL,ofursey7v@eepurl.com
285,Atlanta Sirman,8904 Towne Road,50330,IA,asirman7w@freewebs.com
286,Say Laffan,622 Waubesa Plaza,35487,AL,slaffan7x@nbcnews.com
287,Jerrold Ambrosini,61 Schiller Center,27705,NC,jambrosini7y@blogspot.com
288,Perice Weald,8 Center Junction,79928,TX,pweald7z@dell.com
289,Siusan Klebes,1700 Petterle Place,85383,AZ,sklebes80@blogtalkradio.com
290,Dorris Dudin,1 Melody Parkway,96154,CA,ddudin81@si.edu
291,William Barthelme,6 Annamark Lane,98008,WA,wbarthelme82@edublogs.org
292,Clair Slatter,9313 Mesta Center,20404,DC,cslatter83@google.de
293,Lyndsie Kid,469 Havey Pass,10464,NY,lkid84@photobucket.com
294,Onida Greveson,6 Del Sol Pass,35242,AL,ogreveson85@cocolog-nifty.com
295,Wendye Andresen,5525 Almo Place,12305,NY,wandresen86@buzzfeed.com
296,Joni Pirrey,79 Ridge Oak Way,13224,NY,jpirrey87@ft.com
297,Ethelyn Quarles,2 Quincy Parkway,94245,CA,equarles88@gravatar.com
298,Chicky Barfoot,784 Warrior Terrace,79934,TX,cbarfoot89@mapquest.com
299,Candi Yakov,02 Carey Street,76147,TX,cyakov8a@unblog.fr
300,Oswald Wenderoth,4679 Prairie Rose Point,33305,FL,owenderoth8b@ft.com
301,Sosanna Borham,43296 La Follette Point,59105,MT,sborham8c@cornell.edu
302,Clayborn Abbets,0 Randy Court,47306,IN,cabbets8d@cbsnews.com
303,Brandon Rosas,6457 Birchwood Parkway,00214,NH,brosas8e@w3.org
304,Harland Drejer,037 5th Terrace,28305,NC,hdrejer8f@google.cn
305,Michel Spoole,2 Service Point,35279,AL,mspoole8g@ebay.com
306,Johnath Pedel,80 Crowley Junction,50362,IA,jpedel8h@domainmarket.com
307,Kira Anwyl,36 Sunbrook Avenue,43699,OH,kanwyl8i@barnesandnoble.com
308,Pru Harty,14861 Sauthoff Drive,46254,IN,pharty8j@census.gov
309,Codi Blannin,01 Talmadge Avenue,64109,MO,cblannin8k@baidu.com
310,Kalil Marsden,165 Corben Crossing,50310,IA,kmarsden8l@booking.com
311,Layney Dimitru,6505 Macpherson Circle,51110,IA,ldimitru8m@businessinsider.com
312,Dorie Dalgety,710 Oriole Drive,10469,NY,ddalgety8n@ehow.com
313,Gardy Dieton,13318 Westend Hill,39236,MS,gdieton8o@opensource.org
314,Karoly Bisacre,776 Oak Hill,62205,IL,kbisacre8p@diigo.com
315,Adlai Cadagan,9 Ramsey Place,61651,IL,acadagan8q@free.fr
316,Frasquito McNern,8371 Huxley Point,67210,KS,fmcnern8r@time.com
317,Loydie Pantridge,395 Erie Street,19104,PA,lpantridge8s@scribd.com
318,Sheila McWhorter,1788 Cardinal Pass,10275,NY,smcwhorter8t@google.com.au
319,Guenevere Hughman,4 Swallow Place,06127,CT,ghughman8u@ibm.com
320,Randall Bartholomew,027 Hoepker Place,89505,NV,rbartholomew8v@ameblo.jp
321,Marylin Shieber,50911 Spohn Pass,32259,FL,mshieber8w@globo.com
322,Nikola Westmorland,89 Commercial Hill,12227,NY,nwestmorland8x@jugem.jp
323,Shaw Lebond,8279 Golden Leaf Hill,92648,CA,slebond8y@auda.org.au
324,Nikki Perigeaux,07082 Morrow Drive,13251,NY,nperigeaux8z@indiatimes.com
325,Moyra Davydochkin,84604 Meadow Valley Hill,30343,GA,mdavydochkin90@pcworld.com
326,Merry Giorgioni,6220 Eagan Hill,92812,CA,mgiorgioni91@smugmug.com
327,Alena Yarnall,4 Ludington Park,63143,MO,ayarnall92@mtv.com
328,Lori Rhys,859 Spenser Plaza,37245,TN,lrhys93@latimes.com
329,Kizzie Slaney,58 Fremont Way,76096,TX,kslaney94@independent.co.uk
330,Vallie Lawdham,6806 Bay Center,55458,MN,vlawdham95@youtu.be
331,Laurie Bilbery,2 Loomis Crossing,12242,NY,lbilbery96@soundcloud.com
332,Costanza Saward,45 Oak Drive,71213,LA,csaward97@pen.io
333,Culver Laxston,70167 Bowman Park,68110,NE,claxston98@businesswire.com
334,Gilli Snyder,9254 Merchant Parkway,79171,TX,gsnyder99@usnews.com
335,Brien Poncet,686 Jenifer Crossing,35210,AL,bponcet9a@gov.uk
336,Sterling Santore,7665 Meadow Ridge Avenue,30506,GA,ssantore9b@comcast.net
337,Marysa Bultitude,40 Debra Junction,95173,CA,mbultitude9c@reddit.com
338,Lionello Gambell,8 Vidon Park,25356,WV,lgambell9d@list-manage.com
339,Nico Annell,02 Hintze Trail,33141,FL,nannell9e@accuweather.com
340,Chandal Jonathon,53490 Clemons Plaza,90605,CA,cjonathon9f@paypal.com
341,Bryana Rowesby,66 Granby Alley,85083,AZ,browesby9g@nyu.edu
342,Arney Dagg,26836 Lukken Crossing,98447,WA,adagg9h@surveymonkey.com
343,Viviene Harrap,6018 Birchwood Crossing,85015,AZ,vharrap9i@elpais.com
344,Stacey Loraine,69342 Lotheville Lane,77844,TX,sloraine9j@smh.com.au
345,Quinn Quarlis,21 Gerald Circle,89155,NV,qquarlis9k@dailymail.co.uk
346,Jacinda Ewbanche,10817 Gateway Crossing,06922,CT,jewbanche9l@ucoz.com
347,Lorry Vaud,4 Marcy Point,33633,FL,lvaud9m@hp.com
348,Burgess Hudleston,3242 Fallview Park,89178,NV,bhudleston9n@prnewswire.com
349,Jennilee O'Reilly,4943 Bluestem Trail,15235,PA,joreilly9o@nbcnews.com
350,Ann Peasnone,1 Westerfield Crossing,36605,AL,apeasnone9p@unicef.org
351,Padgett Spreull,20 Lakewood Pass,90040,CA,pspreull9q@toplist.cz
352,Wilow Prudham,21 Corben Alley,07188,NJ,wprudham9r@sakura.ne.jp
353,Teriann Hourahan,308 Jenifer Circle,34643,FL,thourahan9s@ning.com
354,Tobias Peaden,98928 Monterey Lane,33325,FL,tpeaden9t@parallels.com
355,Madelon Geraudel,627 Forest Run Lane,79916,TX,mgeraudel9u@shutterfly.com
356,Carlos Court,671 Reindahl Center,10557,NY,ccourt9v@weibo.com
357,Mahalia Souness,79 Redwing Trail,10004,NY,msouness9w@reddit.com
358,Deonne Belchamber,03 Summerview Crossing,45403,OH,dbelchamber9x@europa.eu
359,Rupert Stillert,4 Macpherson Park,11499,NY,rstillert9y@nationalgeographic.com
360,Melisent Gerold,20 Monterey Way,53790,WI,mgerold9z@nps.gov
361,Atlante Erley,89853 Texas Place,94522,CA,aerleya0@adobe.com
362,Yves Le Blond,515 Hovde Circle,85205,AZ,ylea1@netlog.com
363,Hort Curnokk,2845 Iowa Crossing,77388,TX,hcurnokka2@mapy.cz
364,Boothe Beniesh,81546 American Ash Road,94302,CA,bbeniesha3@dion.ne.jp
365,Lawrence Pietersen,48610 Monterey Avenue,20425,DC,lpietersena4@chron.com
366,Vida Amiable,186 Walton Crossing,33673,FL,vamiablea5@vk.com
367,Marlena Risson,502 Village Green Avenue,85020,AZ,mrissona6@economist.com
368,Con Large,557 Vernon Lane,32835,FL,clargea7@pbs.org
369,Carlin Hyde,4 Erie Way,32575,FL,chydea8@barnesandnoble.com
370,Goldina Cruz,6047 Golden Leaf Court,28284,NC,gcruza9@youtu.be
371,Elianore Grindrod,7505 Northview Terrace,90060,CA,egrindrodaa@buzzfeed.com
372,Chrystel Ilyuchyov,25238 Gale Point,92555,CA,cilyuchyovab@uiuc.edu
373,Hadrian Izhak,32203 Cascade Circle,31416,GA,hizhakac@spotify.com
374,Tallie Roma,982 Schiller Park,85030,AZ,tromaad@ustream.tv
375,Christiano Blackmore,80 Loomis Lane,10557,NY,cblackmoreae@tamu.edu
376,Alison Delepine,649 Mccormick Crossing,29240,SC,adelepineaf@oracle.com
377,Duffie Whytock,443 High Crossing Center,88589,TX,dwhytockag@phpbb.com
378,Bruis Deamer,29 North Circle,02163,MA,bdeamerah@cyberchimps.com
379,Alvina Poultney,576 Main Court,02208,MA,apoultneyai@addtoany.com
380,Blake Jenkison,5825 Hooker Trail,80291,CO,bjenkisonaj@ft.com
381,Shanan Hars,0746 Kropf Lane,83405,ID,sharsak@imdb.com
382,Marve Heersma,737 Sage Drive,20566,DC,mheersmaal@sphinn.com
383,Seana Chilver,5 Bay Pass,90510,CA,schilveram@macromedia.com
384,Gretta Weyland,37224 Pierstorff Place,79491,TX,gweylandan@etsy.com
385,Alyson Waleworke,15702 Cody Pass,90045,CA,awaleworkeao@ucsd.edu
386,Helene Abramcik,6 North Terrace,38181,TN,habramcikap@state.tx.us
387,Leigha Ricks,07588 Summer Ridge Center,33345,FL,lricksaq@pbs.org
388,Juliet Snodden,39823 Mockingbird Terrace,35215,AL,jsnoddenar@weebly.com
389,Randolf Longwood,04192 John Wall Center,62723,IL,rlongwoodas@google.com.au
390,Somerset Ramel,7 Monica Street,33758,FL,sramelat@discuz.net
391,Matilde Ewan,54733 Macpherson Plaza,31136,GA,mewanau@blogs.com
392,Kelbee Mac Giany,01715 Carioca Avenue,59105,MT,kmacav@php.net
393,Heywood Thow,25 Russell Crossing,20883,MD,hthowaw@house.gov
394,Haze Stoite,5616 Merrick Pass,18514,PA,hstoiteax@abc.net.au
395,Bellina Biggin,67 Cascade Place,33315,FL,bbigginay@desdev.cn
396,Jock Pudsey,25307 Forest Run Point,33448,FL,jpudseyaz@who.int
397,Hogan Kopelman,59 Pine View Park,23509,VA,hkopelmanb0@apache.org
398,Valentina Hickeringill,86109 Bobwhite Way,32520,FL,vhickeringillb1@seattletimes.com
399,Clarisse Durran,543 Debs Center,89135,NV,cdurranb2@gmpg.org
400,Giacomo Coslitt,15867 Bunting Point,37665,TN,gcoslittb3@howstuffworks.com
401,Liesa Spaxman,962 Arapahoe Avenue,11054,NY,lspaxmanb4@php.net
402,Hamel Walasik,08178 Dwight Center,19178,PA,hwalasikb5@dropbox.com
403,Clarissa MacDonell,1 Scoville Lane,85732,AZ,cmacdonellb6@yahoo.co.jp
404,Jerrilyn Gelland,78 Veith Place,10014,NY,jgellandb7@webmd.com
405,Jazmin Decent,30518 Holmberg Parkway,88535,TX,jdecentb8@prlog.org
406,Moll Williamson,11625 Lindbergh Court,24515,VA,mwilliamsonb9@archive.org
407,Christalle Colliard,657 Truax Trail,78764,TX,ccolliardba@comsenz.com
408,Michel Scullin,82 Briar Crest Street,77223,TX,mscullinbb@sohu.com
409,Margie Pittford,93012 Green Ridge Court,49560,MI,mpittfordbc@buzzfeed.com
410,Peter Whitefoot,37432 Stephen Parkway,37205,TN,pwhitefootbd@wisc.edu
411,Tabor Blowin,3469 Trailsway Terrace,10105,NY,tblowinbe@dmoz.org
412,Ginevra Wichard,026 Springs Circle,53785,WI,gwichardbf@newyorker.com
413,Shandra Annis,93 Northport Trail,46852,IN,sannisbg@behance.net
414,Judi Bowdidge,8015 Scofield Plaza,46862,IN,jbowdidgebh@elpais.com
415,Sonnie Upcott,763 Spenser Trail,30089,GA,supcottbi@biglobe.ne.jp
416,Diarmid Tytcomb,38476 Bobwhite Parkway,95108,CA,dtytcombbj@nationalgeographic.com
417,Rosmunda Chidlow,0 Corben Way,78759,TX,rchidlowbk@abc.net.au
418,Madalyn Boick,9 Upham Street,32808,FL,mboickbl@blog.com
419,Hermy Trussler,49725 Randy Point,36205,AL,htrusslerbm@hibu.com
420,Sloan Walsh,4101 Ridge Oak Drive,80005,CO,swalshbn@myspace.com
421,Yoko Pummell,81 Packers Court,62776,IL,ypummellbo@youtube.com
422,Salim Gerretsen,95 Novick Point,80291,CO,sgerretsenbp@newsvine.com
423,Abramo Dingsdale,3 Upham Terrace,95210,CA,adingsdalebq@unesco.org
424,Mei Fraczkiewicz,09 Northwestern Plaza,12325,NY,mfraczkiewiczbr@virginia.edu
425,Galina Faichnie,174 Vermont Alley,40586,KY,gfaichniebs@odnoklassniki.ru
426,Nilson Dreinan,31011 Trailsway Hill,27610,NC,ndreinanbt@tiny.cc
427,Vanda Von Hindenburg,99443 West Point,81010,CO,vvonbu@weather.com
428,Larry Dudeney,0 Arkansas Parkway,20036,DC,ldudeneybv@guardian.co.uk
429,Cass Luchetti,75 Leroy Avenue,44393,OH,cluchettibw@baidu.com
430,Felix Eayres,35 Menomonie Road,78225,TX,feayresbx@gov.uk
431,Alida Kipping,45508 Cordelia Street,28263,NC,akippingby@bravesites.com
432,Rosene Mulvey,38 Fairview Crossing,76305,TX,rmulveybz@yellowpages.com
433,Rustin Ussher,1 Katie Road,20029,DC,russherc0@dion.ne.jp
434,Wilton Blazey,5 Blaine Street,39534,MS,wblazeyc1@answers.com
435,Terence Wolters,8344 Green Avenue,92505,CA,twoltersc2@google.co.uk
436,Irv Matityahu,42 Kinsman Parkway,79950,TX,imatityahuc3@cdbaby.com
437,Felisha Foucar,0268 Stang Avenue,20404,DC,ffoucarc4@netscape.com
438,Theresa Defond,7089 Graedel Road,77055,TX,tdefondc5@google.es
439,Burty Bayldon,9062 Express Junction,68124,NE,bbayldonc6@archive.org
440,Korney Dodgshon,6 Mockingbird Road,80299,CO,kdodgshonc7@nasa.gov
441,Skyler O' Timony,92 Bartillon Circle,06726,CT,soc8@myspace.com
442,Harriot Emery,8 Clyde Gallagher Park,21203,MD,hemeryc9@bing.com
443,Kelsi McGarrity,837 Sherman Crossing,23289,VA,kmcgarrityca@gravatar.com
444,Neile Mayor,08551 Dayton Pass,20409,DC,nmayorcb@nih.gov
445,Allie Willard,76730 Schurz Junction,92127,CA,awillardcc@independent.co.uk
446,Ode Spickett,80 Grayhawk Lane,13210,NY,ospickettcd@163.com
447,Revkah Robardet,295 Crownhardt Road,78732,TX,rrobardetce@chicagotribune.com
448,Merrill Reuble,1724 Graceland Terrace,06145,CT,mreublecf@pbs.org
449,Thorsten Roma,3929 North Lane,66611,KS,tromacg@businessweek.com
450,Keeley Martinovic,33 Grayhawk Place,58505,ND,kmartinovicch@whitehouse.gov
451,Karly MacNamara,62 Darwin Plaza,20575,DC,kmacnamaraci@japanpost.jp
452,Maureen Syne,0483 Bayside Alley,77223,TX,msynecj@dailymotion.com
453,Maegan Meir,7131 Barnett Court,89505,NV,mmeirck@umich.edu
454,Alonso Salt,6071 Upham Circle,28247,NC,asaltcl@hc360.com
455,Ashton Adolthine,8 Stoughton Parkway,30323,GA,aadolthinecm@woothemes.com
456,Albertina Custard,91 Green Ridge Road,36195,AL,acustardcn@google.it
457,Hamel Leisk,31152 Orin Street,24503,VA,hleiskco@dailymail.co.uk
458,Nan Turbern,11268 Summer Ridge Avenue,23203,VA,nturberncp@blogtalkradio.com
459,Cesar Higbin,93651 Hallows Terrace,15266,PA,chigbincq@t-online.de
460,Valaree Conahy,55 Goodland Center,25721,WV,vconahycr@mozilla.org
461,Claudine Pinsent,08 Troy Circle,40515,KY,cpinsentcs@cnbc.com
462,Armin Diem,88 Ridgeview Trail,33134,FL,adiemct@nydailynews.com
463,Stephen Faudrie,4955 Bluestem Trail,30386,GA,sfaudriecu@ucla.edu
464,Demetre Tompkiss,97055 Monterey Way,64149,MO,dtompkisscv@ebay.co.uk
465,Dahlia McGahy,1 Oak Park,77201,TX,dmcgahycw@surveymonkey.com
466,Francisca Embery,10 Melvin Center,60505,IL,femberycx@sitemeter.com
467,Enrique Mangan,39 American Ash Terrace,20392,DC,emangancy@cloudflare.com
468,Dannie Cases,992 Mayer Circle,87140,NM,dcasescz@adobe.com
469,Hobey Kirlin,74308 Spenser Street,49544,MI,hkirlind0@trellian.com
470,Lemar Haggidon,0 Vera Park,37235,TN,lhaggidond1@facebook.com
471,Randall Jeavons,239 Loeprich Parkway,17110,PA,rjeavonsd2@cnet.com
472,Quintina Farans,87396 Gulseth Alley,20520,DC,qfaransd3@wiley.com
473,Blanch Adair,48856 Tomscot Point,95160,CA,badaird4@jimdo.com
474,Thadeus Laguerre,050 Prentice Plaza,91131,CA,tlaguerred5@bizjournals.com
475,Ardeen Hearnes,5059 Dennis Lane,78215,TX,ahearnesd6@merriam-webster.com
476,Bekki Curbishley,6 5th Pass,49560,MI,bcurbishleyd7@intel.com
477,Bethena Gilliver,987 Moland Lane,77045,TX,bgilliverd8@npr.org
478,Boot Ascraft,6542 Oxford Alley,33715,FL,bascraftd9@posterous.com
479,Basia Fuzzard,0743 Dahle Point,14233,NY,bfuzzardda@prweb.com
480,Erinn Cadalleder,115 Merry Park,28210,NC,ecadallederdb@cbc.ca
481,Titos Waddicor,4824 Bluestem Terrace,35279,AL,twaddicordc@meetup.com
482,Enrique Clery,8523 Warrior Pass,53205,WI,eclerydd@umn.edu
483,Henrik Tennewell,8379 Dunning Center,64109,MO,htennewellde@xinhuanet.com
484,Marji Stollberger,4 Truax Way,98506,WA,mstollbergerdf@mlb.com
485,Bobine Lutzmann,66 Shelley Street,97221,OR,blutzmanndg@icq.com
486,Marissa Salthouse,9 Monica Lane,87105,NM,msalthousedh@meetup.com
487,Modesty Brignall,67 Fuller Parkway,72215,AR,mbrignalldi@cbc.ca
488,Ogdan Hockey,8 Messerschmidt Hill,73147,OK,ohockeydj@cnbc.com
489,Page Hooban,25428 Banding Street,99522,AK,phoobandk@ebay.com
490,Zabrina Gaucher,24 Stuart Hill,94116,CA,zgaucherdl@wordpress.com
491,Jacquelynn Brimmell,68 Helena Hill,77005,TX,jbrimmelldm@delicious.com
492,Granthem Adds,1 Corry Terrace,13217,NY,gaddsdn@skyrock.com
493,Kalie Ridding,59 Sloan Center,92825,CA,kriddingdo@europa.eu
494,Huntington Kulas,2 Di Loreto Park,78465,TX,hkulasdp@exblog.jp
495,Selby Feldberg,116 Pawling Drive,72231,AR,sfeldbergdq@scribd.com
496,Letta Lumsdall,83074 Anthes Alley,46805,IN,llumsdalldr@earthlink.net
497,Gun Loins,6 Oakridge Point,83757,ID,gloinsds@artisteer.com
498,Margalit McAreavey,47645 Melvin Court,43610,OH,mmcareaveydt@intel.com
499,Marieann Oleszkiewicz,09254 Old Shore Way,06505,CT,moleszkiewiczdu@amazon.com
500,Karee Begin,1 Tony Road,85020,AZ,kbegindv@squidoo.com
501,Delinda Kittman,67 Wayridge Drive,85040,AZ,dkittmandw@networksolutions.com
502,Mackenzie Gallahar,37 Londonderry Alley,99812,AK,mgallahardx@tripadvisor.com
503,Malachi Nazareth,14524 Toban Point,40581,KY,mnazarethdy@shop-pro.jp
504,Gerry Brome,7 Armistice Trail,65211,MO,gbromedz@homestead.com
505,Mureil Kayes,1184 Bluestem Hill,98447,WA,mkayese0@microsoft.com
506,Tamarra Arger,33 Harper Avenue,53779,WI,targere1@adobe.com
507,Audra Braikenridge,361 Brickson Park Pass,84145,UT,abraikenridgee2@jimdo.com
508,Seymour MacGiany,47 Sloan Drive,22333,VA,smacgianye3@instagram.com
509,Cinnamon Gaish,1 Old Shore Parkway,19131,PA,cgaishe4@nps.gov
510,Carlota Steers,5 Monterey Street,37131,TN,csteerse5@si.edu
511,Lora Rhucroft,39 Scott Parkway,73197,OK,lrhucrofte6@linkedin.com
512,Hagan Oldrey,7 Delaware Terrace,63116,MO,holdreye7@networksolutions.com
513,Whitman Bricknall,88652 Badeau Road,49444,MI,wbricknalle8@bizjournals.com
514,Lucky Reah,6 Mcguire Trail,40586,KY,lreahe9@squarespace.com
515,Leontyne Loftus,366 Myrtle Place,08650,NJ,lloftusea@diigo.com
516,Sylvester Morlon,3 Gale Park,76004,TX,smorloneb@zimbio.com
517,Ray Braksper,1 Roxbury Parkway,96850,HI,rbraksperec@google.co.jp
518,Gian Langdridge,544 Kings Trail,48098,MI,glangdridgeed@yahoo.co.jp
519,Livvyy Guidone,998 Marcy Point,91505,CA,lguidoneee@cargocollective.com
520,Carlota Pavlovsky,3054 Mallory Center,50335,IA,cpavlovskyef@istockphoto.com
521,Gilbertina Blesdill,0 Birchwood Place,14905,NY,gblesdilleg@digg.com
522,Normie Blaber,5 Bayside Crossing,79405,TX,nblabereh@edublogs.org
523,Nat Furnell,25 Claremont Way,36641,AL,nfurnellei@blogtalkradio.com
524,Louie Ramsdell,6 Pawling Lane,20041,DC,lramsdellej@answers.com
525,Maris Paolazzi,287 Sundown Terrace,55565,MN,mpaolazziek@uiuc.edu
526,Inga Rawstorne,78016 Mandrake Drive,23324,VA,irawstorneel@nydailynews.com
527,Ferdinanda Mastrantone,098 Harbort Crossing,33715,FL,fmastrantoneem@economist.com
528,Denna Gallienne,89535 Moose Park,40618,KY,dgallienneen@theglobeandmail.com
529,Cathee Fricker,83724 Morrow Parkway,98175,WA,cfrickereo@histats.com
530,Falkner Halbard,4855 Fisk Road,70593,LA,fhalbardep@ask.com
531,Aile Olsen,46883 Sauthoff Lane,17605,PA,aolseneq@tamu.edu
532,Julianne Garrat,389 Meadow Ridge Center,45999,OH,jgarrater@prweb.com
533,Lenard Hopkynson,02096 School Terrace,13210,NY,lhopkynsones@trellian.com
534,Emlen Gilyatt,2 Gerald Junction,89595,NV,egilyattet@seattletimes.com
535,Octavius Swigg,889 Northwestern Street,85062,AZ,oswiggeu@digg.com
536,Link Godfrey,6732 Moose Way,33915,FL,lgodfreyev@google.com.br
537,Bunnie Olligan,510 Parkside Point,46231,IN,bolliganew@prnewswire.com
538,Riley Spragge,5 1st Street,52809,IA,rspraggeex@gnu.org
539,Max Spadeck,517 Johnson Circle,37919,TN,mspadeckey@godaddy.com
540,Hollyanne Chellam,20 Becker Way,33034,FL,hchellamez@cbsnews.com
541,Bobbie Bosden,59613 Lighthouse Bay Parkway,37416,TN,bbosdenf0@ehow.com
542,Calv Frost,57415 Vera Terrace,78737,TX,cfrostf1@ibm.com
543,Rickard Jaycocks,418 Novick Pass,43210,OH,rjaycocksf2@baidu.com
544,Rodrick Wehnerr,918 Melvin Parkway,74170,OK,rwehnerrf3@va.gov
545,Blondelle McLeary,4816 Butterfield Place,90020,CA,bmclearyf4@boston.com
546,Francisco Lysons,86720 Dexter Alley,20215,DC,flysonsf5@vkontakte.ru
547,Adriano Cantos,799 Anderson Parkway,19191,PA,acantosf6@ameblo.jp
548,Bel Cloute,7 Nova Place,45203,OH,bcloutef7@netlog.com
549,Toby Newburn,89 Warrior Circle,33884,FL,tnewburnf8@dot.gov
550,Tanhya Gallego,68 Porter Hill,53726,WI,tgallegof9@rambler.ru
551,Darcee Manhood,0182 Birchwood Point,93773,CA,dmanhoodfa@goo.gl
552,Magdalene Chesher,24050 Graceland Center,97221,OR,mchesherfb@constantcontact.com
553,Herve Perrott,1648 Darwin Center,75397,TX,hperrottfc@sfgate.com
554,Andriette Jedrzejczak,9 Marquette Pass,79928,TX,ajedrzejczakfd@wunderground.com
555,Erica Cannavan,804 Walton Pass,28805,NC,ecannavanfe@list-manage.com
556,Bel MacAlroy,2 Pierstorff Way,04109,ME,bmacalroyff@biblegateway.com
557,Paule MacCartair,97 Ramsey Place,96815,HI,pmaccartairfg@cmu.edu
558,Sigismundo Middlewick,07472 Lighthouse Bay Street,23237,VA,smiddlewickfh@google.cn
559,Shandie Ace,19 Onsgard Court,93407,CA,sacefi@goo.gl
560,Durward Stennet,530 Muir Lane,22096,VA,dstennetfj@rediff.com
561,Lilly Willgoose,73 Green Ridge Parkway,45296,OH,lwillgoosefk@biblegateway.com
562,Pippo Dixey,38705 Old Shore Hill,20525,DC,pdixeyfl@icio.us
563,Adelind St Leger,2978 Granby Point,87195,NM,astfm@multiply.com
564,Romona Skoof,59597 Macpherson Way,53263,WI,rskooffn@theglobeandmail.com
565,Gwenore Delahunty,86 Dennis Center,45213,OH,gdelahuntyfo@sciencedaily.com
566,Steffi McMeekin,55934 Commercial Street,11241,NY,smcmeekinfp@mozilla.com
567,Robbyn Nannizzi,717 Kim Street,65898,MO,rnannizzifq@samsung.com
568,Noel Whitebrook,7 Birchwood Court,71166,LA,nwhitebrookfr@pcworld.com
569,Ariel Coole,787 Springview Way,98148,WA,acoolefs@google.pl
570,Cleavland Dibnah,99 Armistice Hill,92127,CA,cdibnahft@sfgate.com
571,Juline Seeks,8896 East Junction,62756,IL,jseeksfu@psu.edu
572,Cherin McKerley,55607 Ridge Oak Alley,30911,GA,cmckerleyfv@canalblog.com
573,Jessamine Slot,416 Anderson Place,32605,FL,jslotfw@biglobe.ne.jp
574,Norrie Crisford,436 Debra Terrace,39204,MS,ncrisfordfx@gmpg.org
575,Carter Nani,9854 Ronald Regan Court,48550,MI,cnanify@webeden.co.uk
576,Kirk Booij,8226 Huxley Pass,89550,NV,kbooijfz@issuu.com
577,Linnie Workes,161 Kings Alley,33336,FL,lworkesg0@xing.com
578,Sara Foster-Smith,81714 Everett Circle,75216,TX,sfostersmithg1@engadget.com
579,Eddie Iacovuzzi,54849 Utah Crossing,85260,AZ,eiacovuzzig2@yellowbook.com
580,Renard Sinkins,5 Golf Course Lane,01605,MA,rsinkinsg3@phoca.cz
581,Dido Haldene,5 West Court,06140,CT,dhaldeneg4@narod.ru
582,Mora Sides,014 Cambridge Lane,37919,TN,msidesg5@omniture.com
583,Leslie Lowthian,6288 Village Green Hill,14269,NY,llowthiang6@symantec.com
584,Ana Cullip,676 Vera Center,24020,VA,acullipg7@seattletimes.com
585,Jarrett Moggan,3 Ridgeview Center,53210,WI,jmoggang8@netlog.com
586,Danni Baudacci,97 Dennis Way,30905,GA,dbaudaccig9@edublogs.org
587,Phyllys Beincken,7 Clemons Center,06721,CT,pbeinckenga@ask.com
588,Efren Bellison,9136 Huxley Avenue,83206,ID,ebellisongb@wufoo.com
589,Gwyneth Cusworth,944 3rd Drive,63136,MO,gcusworthgc@themeforest.net
590,Warren Bayford,07896 Schmedeman Circle,32803,FL,wbayfordgd@indiegogo.com
591,Kirby Incogna,6741 Farmco Pass,77255,TX,kincognage@cnbc.com
592,Ricoriki Fishbourn,85032 Moland Junction,33647,FL,rfishbourngf@apache.org
593,Mace Attride,4 Hermina Pass,89166,NV,mattridegg@comsenz.com
594,Jody Camsey,8371 Pepper Wood Court,87505,NM,jcamseygh@opensource.org
595,Annaliese Falcus,90349 Bowman Crossing,20189,VA,afalcusgi@altervista.org
596,Karita Purcer,50500 Monterey Alley,80935,CO,kpurcergj@tripod.com
597,Prissie Skiggs,85865 Anhalt Trail,61605,IL,pskiggsgk@reverbnation.com
598,Elita Gianolo,0 Pawling Road,36195,AL,egianologl@mit.edu
599,Ezmeralda Simonaitis,21 Esker Pass,35279,AL,esimonaitisgm@zimbio.com
600,Rosalinda Delmonti,621 Chive Point,64114,MO,rdelmontign@accuweather.com
601,Nico Andrewartha,6 Park Meadow Circle,40256,KY,nandrewarthago@behance.net
602,Bernelle Duns,9 Oak Crossing,46254,IN,bdunsgp@cbc.ca
603,Heddie Dumphy,4 John Wall Center,23272,VA,hdumphygq@dedecms.com
604,Colette Neissen,8 Pearson Hill,37919,TN,cneissengr@unc.edu
605,Lise Botte,59 Ohio Way,27635,NC,lbottegs@businessweek.com
606,Phineas Douris,27 Dottie Park,45454,OH,pdourisgt@mlb.com
607,Anders Hennemann,00741 Mayfield Way,88579,TX,ahennemanngu@ovh.net
608,Melany Ayshford,64 Daystar Way,27415,NC,mayshfordgv@opensource.org
609,Antonin Durno,654 Beilfuss Parkway,33185,FL,adurnogw@cbc.ca
610,Alice Pinsent,42 Lindbergh Place,15286,PA,apinsentgx@hexun.com
611,Claudette Battlestone,72694 Sundown Center,20051,DC,cbattlestonegy@earthlink.net
612,Letisha Puller,20 Larry Parkway,21229,MD,lpullergz@lycos.com
613,Ignazio Master,32332 Pond Court,71166,LA,imasterh0@slideshare.net
614,Janek Hurndall,45703 Maple Wood Alley,74184,OK,jhurndallh1@sciencedaily.com
615,Abigail Eglaise,9433 Cambridge Avenue,33164,FL,aeglaiseh2@examiner.com
616,Jacquelynn Matijevic,51631 Arrowood Crossing,47725,IN,jmatijevich3@istockphoto.com
617,Flss Kop,44345 Mandrake Road,77223,TX,fkoph4@t-online.de
618,Barnie Rawstorne,974 Victoria Hill,75358,TX,brawstorneh5@state.tx.us
619,Cathee Bugdall,94702 Cardinal Road,45403,OH,cbugdallh6@buzzfeed.com
620,Eyde Kits,2060 Claremont Court,33610,FL,ekitsh7@gmpg.org
621,Genia Melonby,06 Fairview Pass,02109,MA,gmelonbyh8@thetimes.co.uk
622,Jeannine Sciacovelli,448 Mayer Alley,98506,WA,jsciacovellih9@soundcloud.com
623,Kiley Dorro,73 Laurel Road,77090,TX,kdorroha@e-recht24.de
624,Mervin Gai,2 Bay Center,20508,DC,mgaihb@oracle.com
625,Emanuele Ionesco,0 Ronald Regan Circle,07104,NJ,eionescohc@pbs.org
626,Hugibert Dumpleton,4 Nova Pass,75367,TX,hdumpletonhd@nyu.edu
627,Bili Allaway,25337 Paget Junction,27425,NC,ballawayhe@cbc.ca
628,Dur Buckett,89431 Eagle Crest Park,64136,MO,dbucketthf@cdbaby.com
629,Chev Pareman,31228 Mendota Hill,20215,DC,cparemanhg@i2i.jp
630,Wenda Lowle,88 Express Terrace,07195,NJ,wlowlehh@yandex.ru
631,Aldin Yendall,506 Maple Wood Crossing,75605,TX,ayendallhi@linkedin.com
632,Nannette Barnewall,3223 Pond Parkway,98140,WA,nbarnewallhj@vk.com
633,Cacilie Prosek,16893 Melvin Circle,20414,DC,cprosekhk@comcast.net
634,Crista Bane,4316 Crownhardt Park,02305,MA,cbanehl@yahoo.com
635,Benton Sabbins,5 Holmberg Junction,92105,CA,bsabbinshm@ucoz.ru
636,Riannon Thurnham,3479 Old Shore Point,14210,NY,rthurnhamhn@cbslocal.com
637,Vi Reekie,216 Meadow Vale Hill,80045,CO,vreekieho@ted.com
638,Wain Twining,68 Butternut Parkway,24040,VA,wtwininghp@msn.com
639,Emlynne Gilford,70168 Onsgard Center,93584,CA,egilfordhq@wp.com
640,Yorke MacLardie,8 Mariners Cove Road,70810,LA,ymaclardiehr@nymag.com
641,Meaghan Cutsforth,3 Coolidge Crossing,57198,SD,mcutsforthhs@amazon.co.jp
642,Joey Franzonetti,7347 Maple Wood Avenue,90605,CA,jfranzonettiht@google.fr
643,Jess Peirpoint,064 Roth Hill,88546,TX,jpeirpointhu@nymag.com
644,Gillan Esch,1 Express Lane,39404,MS,geschhv@liveinternet.ru
645,Joan Keinrat,15960 Lunder Hill,91520,CA,jkeinrathw@reverbnation.com
646,Nicol Outibridge,30 Dahle Plaza,34643,FL,noutibridgehx@google.it
647,Sari Jehan,8212 Cascade Place,20310,DC,sjehanhy@mediafire.com
648,Richmond D'Hooghe,02 Duke Junction,78754,TX,rdhooghehz@fema.gov
649,Dorthy Claringbold,21667 Michigan Center,79916,TX,dclaringboldi0@t-online.de
650,Whittaker Sherrard,7805 Swallow Terrace,60624,IL,wsherrardi1@google.de
651,Cherlyn Pountney,7 Amoth Alley,47737,IN,cpountneyi2@ibm.com
652,Andeee Jacobsohn,8 Dayton Court,27116,NC,ajacobsohni3@marketwatch.com
653,Kizzie Spraggon,8658 New Castle Park,92415,CA,kspraggoni4@dion.ne.jp
654,Marybelle Niccols,7 Summit Crossing,55448,MN,mniccolsi5@blog.com
655,Anabelle Brandham,658 Hallows Center,98506,WA,abrandhami6@microsoft.com
656,Myca Goathrop,2484 Becker Plaza,28220,NC,mgoathropi7@toplist.cz
657,Hannis Wattins,0 Nelson Parkway,29203,SC,hwattinsi8@dion.ne.jp
658,Melicent Campione,3356 International Hill,21282,MD,mcampionei9@yale.edu
659,Pacorro Nodin,8 Eagle Crest Lane,34135,FL,pnodinia@feedburner.com
660,Essa Whitmarsh,93 Kinsman Center,36616,AL,ewhitmarshib@home.pl
661,Bendite Gilding,1635 Surrey Park,37919,TN,bgildingic@bbb.org
662,Peri Skill,23006 Manufacturers Street,92612,CA,pskillid@fotki.com
663,Odie Redhouse,18884 Summit Parkway,35236,AL,oredhouseie@qq.com
664,Kelcy Zorzoni,645 Grim Hill,92137,CA,kzorzoniif@clickbank.net
665,Bess Duffit,804 Prentice Crossing,45264,OH,bduffitig@canalblog.com
666,Terza Caberas,4 Reinke Drive,13217,NY,tcaberasih@kickstarter.com
667,Shandy Haggerstone,8083 Hazelcrest Drive,91797,CA,shaggerstoneii@nba.com
668,Orran Daspar,7 1st Center,35290,AL,odasparij@spotify.com
669,Novelia Chartman,00 Dixon Terrace,94616,CA,nchartmanik@pen.io
670,Danielle Saffill,543 High Crossing Trail,46266,IN,dsaffillil@exblog.jp
671,Auria Genney,2547 Bonner Trail,85260,AZ,agenneyim@sfgate.com
672,Gretta McKibben,5193 Russell Street,33915,FL,gmckibbenin@twitter.com
673,Christine Moyle,16720 Marcy Way,48126,MI,cmoyleio@ebay.com
674,Dexter Quirke,09 Crescent Oaks Pass,75353,TX,dquirkeip@myspace.com
675,Norrie Labin,1 Blaine Street,94616,CA,nlabiniq@stanford.edu
676,Leigha Thorwarth,38527 Goodland Road,20430,DC,lthorwarthir@sourceforge.net
677,Loretta Simonnin,04 Hintze Street,34479,FL,lsimonninis@twitpic.com
678,Fionnula Cescotti,1988 Leroy Circle,88006,NM,fcescottiit@mediafire.com
679,Adrianna Zeal,44 Ilene Center,08619,NJ,azealiu@cdc.gov
680,Katharine Habbin,467 Pierstorff Alley,93726,CA,khabbiniv@marriott.com
681,Eleanora Carlisle,5 Johnson Circle,91131,CA,ecarlisleiw@creativecommons.org
682,Maxy Calvert,6 Eagan Lane,95894,CA,mcalvertix@arstechnica.com
683,Jill Truluck,55220 Steensland Park,92812,CA,jtruluckiy@indiegogo.com
684,Marianne Dendon,6270 Upham Court,53210,WI,mdendoniz@shareasale.com
685,Nelle Curnock,403 Miller Crossing,78703,TX,ncurnockj0@ovh.net
686,Tedman Tousey,622 Sundown Road,10099,NY,ttouseyj1@fotki.com
687,Dominga Leed,572 Waubesa Point,33164,FL,dleedj2@yellowpages.com
688,Klarrisa Scud,8317 Forest Run Court,06120,CT,kscudj3@freewebs.com
689,Penny McMeeking,2 Golden Leaf Street,76115,TX,pmcmeekingj4@blinklist.com
690,Gavrielle Tremoille,8 Columbus Center,19196,PA,gtremoillej5@who.int
691,Ulrike Cardozo,258 Bartillon Place,80127,CO,ucardozoj6@123-reg.co.uk
692,Quintina Eadon,48170 Sommers Crossing,77050,TX,qeadonj7@fotki.com
693,Katy Whilder,200 Anderson Drive,76198,TX,kwhilderj8@miibeian.gov.cn
694,Kalie Kobiela,462 Gale Point,23612,VA,kkobielaj9@blogs.com
695,Wood Peascod,270 Stephen Alley,20557,DC,wpeascodja@mysql.com
696,Bastien Greenhalgh,66 Kedzie Terrace,06105,CT,bgreenhalghjb@oracle.com
697,Engracia Adamini,8751 Mallory Court,19104,PA,eadaminijc@disqus.com
698,Jackquelin Minards,02646 Roth Court,23436,VA,jminardsjd@vistaprint.com
699,Efrem Hazelhurst,01703 Meadow Valley Plaza,74149,OK,ehazelhurstje@smugmug.com
700,Artur Matyushonok,57 International Parkway,47805,IN,amatyushonokjf@devhub.com
701,Darice Iorillo,5 Moulton Junction,60663,IL,diorillojg@biblegateway.com
702,Claresta Fenney,6 Westend Drive,19178,PA,cfenneyjh@google.com.hk
703,Agatha Grenkov,4 Hansons Pass,99252,WA,agrenkovji@cornell.edu
704,Upton Murdy,910 Crescent Oaks Alley,44555,OH,umurdyjj@noaa.gov
705,Cecilia Chadwen,8 Ridgeway Park,98424,WA,cchadwenjk@admin.ch
706,Ignacius Dignam,73733 Ramsey Place,78215,TX,idignamjl@umich.edu
707,Evyn Tydeman,73960 Pond Plaza,28299,NC,etydemanjm@mlb.com
708,Derrick Heyward,48914 Onsgard Junction,23260,VA,dheywardjn@quantcast.com
709,Rois Dawbury,44 Gulseth Way,61105,IL,rdawburyjo@howstuffworks.com
710,Elsy Powis,119 Green Ridge Street,78260,TX,epowisjp@biblegateway.com
711,Ginelle Marqyes,08 Grayhawk Avenue,30905,GA,gmarqyesjq@ox.ac.uk
712,Leigh Castro,1 Ruskin Road,24029,VA,lcastrojr@discovery.com
713,Sophronia Skirling,1240 Sauthoff Place,94273,CA,sskirlingjs@homestead.com
714,Jacinta Bratley,59678 Jay Trail,48211,MI,jbratleyjt@state.tx.us
715,Thacher Ribeiro,10415 Eagle Crest Way,36177,AL,tribeiroju@icq.com
716,Alleyn Rotge,20 Carey Junction,62764,IL,arotgejv@mashable.com
717,Cristine Crier,41 Emmet Plaza,15230,PA,ccrierjw@godaddy.com
718,Bobbe Salaman,63620 Knutson Plaza,23242,VA,bsalamanjx@hp.com
719,Fanechka Van Hove,34 La Follette Junction,31410,GA,fvanjy@edublogs.org
720,Kimball Pandie,5827 Claremont Point,98447,WA,kpandiejz@last.fm
721,Raimondo Mackleden,329 Bay Street,81010,CO,rmackledenk0@gov.uk
722,Harmonia Hammond,091 Prairieview Junction,02472,MA,hhammondk1@usda.gov
723,Denver Sherburn,5322 Aberg Avenue,50362,IA,dsherburnk2@bandcamp.com
724,Annabela Shearmur,46 Nova Drive,79491,TX,ashearmurk3@multiply.com
725,Jaynell Caron,836 Garrison Trail,14233,NY,jcaronk4@1und1.de
726,Van Ruusa,838 Derek Street,57110,SD,vruusak5@goo.gl
727,Selma Annis,71331 Dixon Circle,76205,TX,sannisk6@yellowpages.com
728,Mei Edards,69 American Ash Court,80126,CO,medardsk7@geocities.jp
729,Bronson Eagleton,5 Springs Parkway,93750,CA,beagletonk8@parallels.com
730,Rooney Ramet,7 Fairfield Plaza,60604,IL,rrametk9@tinyurl.com
731,Valdemar Wasmer,6258 Roxbury Plaza,79999,TX,vwasmerka@theatlantic.com
732,Tildi Prantl,021 Daystar Avenue,88514,TX,tprantlkb@cnbc.com
733,Bary Bourne,2 Dakota Drive,22309,VA,bbournekc@elpais.com
734,Tammy Lemmers,118 Knutson Way,64101,MO,tlemmerskd@infoseek.co.jp
735,Lammond Sauvage,596 Dakota Place,55585,MN,lsauvageke@yale.edu
736,Maureene De Gregario,37568 Del Sol Point,79940,TX,mdekf@ovh.net
737,Cazzie Oxenham,60 Hovde Drive,01105,MA,coxenhamkg@huffingtonpost.com
738,Ky Feifer,35648 Holy Cross Plaza,44197,OH,kfeiferkh@parallels.com
739,Janos Akroyd,3126 Badeau Way,30245,GA,jakroydki@msn.com
740,Wylma Munnion,70662 Blue Bill Park Place,98121,WA,wmunnionkj@sohu.com
741,Morgen Baldi,12866 Summit Court,77025,TX,mbaldikk@mayoclinic.com
742,Christan Lufkin,42439 Vera Place,91505,CA,clufkinkl@tripod.com
743,Elise Tansill,13781 Southridge Way,40205,KY,etansillkm@reference.com
744,Ardelle Lacey,7 Kenwood Court,36119,AL,alaceykn@marriott.com
745,Nara Lutsch,8218 Hazelcrest Crossing,30386,GA,nlutschko@sina.com.cn
746,Etti Illsley,060 Sundown Road,28314,NC,eillsleykp@baidu.com
747,Ferrell Rouch,9142 Stang Crossing,47405,IN,frouchkq@blogger.com
748,Billy Sproule,96344 Fairview Junction,11388,NY,bsproulekr@sohu.com
749,Matthew Giotto,88107 Toban Drive,08695,NJ,mgiottoks@g.co
750,Barbey Hallum,55 Red Cloud Pass,22047,VA,bhallumkt@trellian.com
751,Zulema McDougle,2407 Commercial Center,45999,OH,zmcdougleku@whitehouse.gov
752,Sonia Simoni,76 Ridgeway Avenue,13217,NY,ssimonikv@sina.com.cn
753,Dev Greasty,863 Meadow Valley Lane,92619,CA,dgreastykw@vk.com
754,Leonanie Tchir,724 Union Avenue,90050,CA,ltchirkx@hugedomains.com
755,Locke Bowers,38558 Morrow Park,59623,MT,lbowersky@hhs.gov
756,Stearn Jeaves,89 Shelley Hill,44393,OH,sjeaveskz@eventbrite.com
757,Sinclair Romaine,7687 Bashford Terrace,15235,PA,sromainel0@yahoo.com
758,Heidi Stone Fewings,1 Weeping Birch Parkway,01605,MA,hstonel1@4shared.com
759,Alikee Degue,66 Pierstorff Trail,89145,NV,adeguel2@buzzfeed.com
760,Keenan Cosin,53 5th Circle,30911,GA,kcosinl3@cmu.edu
761,Annie McNess,780 Oriole Trail,73147,OK,amcnessl4@seattletimes.com
762,Rosalind Elbourne,0717 Almo Lane,13205,NY,relbournel5@chronoengine.com
763,Norine Haxbie,4986 Barby Pass,94975,CA,nhaxbiel6@europa.eu
764,Joelynn Lapthorn,72243 Vernon Junction,93005,CA,jlapthornl7@indiatimes.com
765,Mord Birkett,44405 Roxbury Street,06854,CT,mbirkettl8@diigo.com
766,Dawn Koch,65007 Pennsylvania Crossing,34629,FL,dkochl9@forbes.com
767,Carita Baszniak,02076 Hintze Trail,78732,TX,cbaszniakla@thetimes.co.uk
768,Jeralee Walker,249 Lotheville Center,92668,CA,jwalkerlb@google.co.uk
769,Haskel Masurel,3 Eliot Lane,92056,CA,hmasurellc@so-net.ne.jp
770,Frederico Espadater,27 Laurel Street,79923,TX,fespadaterld@nature.com
771,Arch Louedey,782 Surrey Terrace,75287,TX,alouedeyle@bandcamp.com
772,Kaile Hanster,773 Lerdahl Lane,66629,KS,khansterlf@soundcloud.com
773,Emylee Ayton,415 Welch Circle,80243,CO,eaytonlg@behance.net
774,Regan Gallihaulk,809 Kim Plaza,14624,NY,rgallihaulklh@hexun.com
775,Guillema Hatwell,687 Petterle Trail,28805,NC,ghatwellli@jalbum.net
776,Ladonna Pattingson,12 Transport Trail,10009,NY,lpattingsonlj@mysql.com
777,Rick Tibbits,3365 Golden Leaf Parkway,76105,TX,rtibbitslk@kickstarter.com
778,Emalia Laurentin,47452 Mallory Plaza,35254,AL,elaurentinll@gmpg.org
779,Rossy Kierans,792 8th Center,70883,LA,rkieranslm@slideshare.net
780,Julietta Stollberg,265 Kenwood Center,80228,CO,jstollbergln@slate.com
781,Wolfy Kerkham,6954 Paget Avenue,23285,VA,wkerkhamlo@topsy.com
782,Agnola Paffett,86 Glendale Avenue,55417,MN,apaffettlp@google.de
783,Otes Chivers,45 Jenna Street,71105,LA,ochiverslq@hugedomains.com
784,Missy Lavall,50 Arizona Circle,58122,ND,mlavalllr@netvibes.com
785,Bronson Kyd,50 Mesta Junction,76105,TX,bkydls@acquirethisname.com
786,Artemis Sanchiz,929 Talisman Drive,16505,PA,asanchizlt@nationalgeographic.com
787,Danica Braithwaite,824 Towne Hill,28410,NC,dbraithwaitelu@example.com
788,Tamas Piddington,2843 Northland Trail,78255,TX,tpiddingtonlv@unblog.fr
789,Oralle McFeat,99088 Stoughton Place,60614,IL,omcfeatlw@cnn.com
790,Claudius Frill,7096 La Follette Alley,67220,KS,cfrilllx@histats.com
791,Lindy Gasticke,34 Alpine Road,01654,MA,lgastickely@google.com.hk
792,Cortney Witherspoon,359 Hudson Plaza,92844,CA,cwitherspoonlz@blogger.com
793,Melinda Skillicorn,47 Center Street,27455,NC,mskillicornm0@ezinearticles.com
794,Forrest Leach,876 Loomis Parkway,32885,FL,fleachm1@youku.com
795,Abrahan Livett,59 Ludington Crossing,95894,CA,alivettm2@dropbox.com
796,Kristofer Matchitt,23 Arapahoe Center,66215,KS,kmatchittm3@mac.com
797,Antoni Nornasell,351 Superior Crossing,52410,IA,anornasellm4@kickstarter.com
798,Roseline Lilleman,779 Stoughton Way,38104,TN,rlillemanm5@mozilla.org
799,Nolly Sabban,52 Onsgard Place,80299,CO,nsabbanm6@canalblog.com
800,Almire Fellgatt,29 Kedzie Drive,71213,LA,afellgattm7@amazon.com
801,Daisi Giacobillo,69 Pine View Court,95123,CA,dgiacobillom8@infoseek.co.jp
802,Eveline Boulger,50 Eliot Plaza,30096,GA,eboulgerm9@rambler.ru
803,Nissie Thomazet,5 Meadow Vale Court,38168,TN,nthomazetma@businessweek.com
804,Ad Strowan,0 Messerschmidt Point,93381,CA,astrowanmb@netlog.com
805,Winslow Elstub,60829 Westridge Place,32909,FL,welstubmc@epa.gov
806,Melania Cosley,7 Sutteridge Way,29805,SC,mcosleymd@netscape.com
807,Clemmie Setter,0628 Surrey Street,32595,FL,csetterme@salon.com
808,Vale Gillicuddy,5 Spaight Park,55428,MN,vgillicuddymf@php.net
809,Adela Beed,79491 Stuart Lane,02283,MA,abeedmg@over-blog.com
810,Kacy Wilce,0 Lukken Drive,20420,DC,kwilcemh@adobe.com
811,Saunder Mylan,22 Kensington Trail,20260,DC,smylanmi@vinaora.com
812,Pauly Osborne,544 New Castle Plaza,31210,GA,posbornemj@washingtonpost.com
813,Antonina Comelini,702 Towne Place,10184,NY,acomelinimk@epa.gov
814,Imojean Kershaw,89 Derek Court,36616,AL,ikershawml@who.int
815,Georgi Offell,3 Porter Drive,22244,VA,goffellmm@indiegogo.com
816,Leodora Laing,8 Hermina Court,85737,AZ,llaingmn@issuu.com
817,Ase Belamy,477 Stephen Park,23464,VA,abelamymo@people.com.cn
818,Reuben Cleever,1 Atwood Terrace,62718,IL,rcleevermp@google.fr
819,Mirabel Tainton,73 Utah Circle,53285,WI,mtaintonmq@google.com.hk
820,Erv Schlagh,92104 Holy Cross Plaza,72118,AR,eschlaghmr@scribd.com
821,Lambert Klehyn,03213 Prairieview Pass,28220,NC,lklehynms@shop-pro.jp
822,Hubie Cerman,2 Hermina Trail,35242,AL,hcermanmt@github.io
823,Alvin Van Der Straaten,383 Shelley Parkway,64199,MO,avanmu@mtv.com
824,Iris Brant,470 Bultman Parkway,55103,MN,ibrantmv@mit.edu
825,Franciska Puzey,182 Hovde Lane,40591,KY,fpuzeymw@deviantart.com
826,Cathe Brennan,84130 Elmside Park,01654,MA,cbrennanmx@foxnews.com
827,Barbaraanne Iianon,395 Toban Avenue,93106,CA,biianonmy@hhs.gov
828,See Beedon,20923 Bashford Avenue,11054,NY,sbeedonmz@scientificamerican.com
829,Erl Pawley,000 Sommers Point,49006,MI,epawleyn0@opera.com
830,Lorilyn Cadman,33071 Arapahoe Junction,77065,TX,lcadmann1@washington.edu
831,Jeniece Darrington,94 Paget Pass,55585,MN,jdarringtonn2@smh.com.au
832,Franky Possa,3 Village Green Street,45296,OH,fpossan3@spotify.com
833,Marj Greenshields,0 Saint Paul Street,32835,FL,mgreenshieldsn4@odnoklassniki.ru
834,Natty Cosgreave,323 Mitchell Road,30061,GA,ncosgreaven5@typepad.com
835,Kevin Tann,26970 Lake View Court,10275,NY,ktannn6@t-online.de
836,Analise Ruse,4985 Utah Park,79159,TX,arusen7@tinyurl.com
837,Sarine Sadry,4 Sundown Crossing,06859,CT,ssadryn8@trellian.com
838,Martha Tee,99 Spaight Park,19196,PA,mteen9@senate.gov
839,Saxe Eliaz,3678 Hayes Pass,64193,MO,seliazna@springer.com
840,Bernete Coughtrey,27923 Crest Line Pass,20910,MD,bcoughtreynb@reverbnation.com
841,Neila Bugg,0235 Forest Way,30375,GA,nbuggnc@github.io
842,Bar McWhannel,16 Carey Junction,70593,LA,bmcwhannelnd@twitpic.com
843,Pieter Swancock,98903 Sage Hill,72231,AR,pswancockne@scientificamerican.com
844,Rawley Bruhnicke,05535 Helena Parkway,65105,MO,rbruhnickenf@washington.edu
845,Arlana Heald,8509 Talisman Parkway,77493,TX,ahealdng@wiley.com
846,Huey Brislawn,94 Porter Drive,75287,TX,hbrislawnnh@elpais.com
847,Augustin Langcastle,60837 Eastlawn Parkway,02298,MA,alangcastleni@feedburner.com
848,Artemis Cosham,74672 Novick Court,45414,OH,acoshamnj@barnesandnoble.com
849,Elysha Johnston,1 Rieder Hill,45403,OH,ejohnstonnk@studiopress.com
850,Perry Fedoronko,6515 Rigney Drive,80925,CO,pfedoronkonl@uiuc.edu
851,Darrelle Parrington,04333 Maple Wood Point,76210,TX,dparringtonnm@ning.com
852,Hersch Lehr,33434 Brentwood Center,14205,NY,hlehrnn@ocn.ne.jp
853,Jolee MacTerrelly,23454 Badeau Court,75216,TX,jmacterrellyno@msu.edu
854,Nate Assur,69 International Court,13251,NY,nassurnp@ovh.net
855,Cecil Stiffell,2 Corben Trail,94245,CA,cstiffellnq@blogspot.com
856,Hyacinthie Dradey,238 Forest Run Lane,71307,LA,hdradeynr@google.co.uk
857,L;urette Chess,1683 Esch Pass,93407,CA,lchessns@weebly.com
858,Hy Kiddy,4 Banding Circle,33982,FL,hkiddynt@instagram.com
859,Emmalee Mackney,9738 Grim Hill,75710,TX,emackneynu@boston.com
860,Vina Palmar,489 Crest Line Road,45249,OH,vpalmarnv@canalblog.com
861,Shana Cunnow,3 Golf Course Pass,45238,OH,scunnownw@uol.com.br
862,Pearce MacDermott,1 Burrows Alley,20575,DC,pmacdermottnx@java.com
863,Julianna Liff,83189 Del Sol Hill,35244,AL,jliffny@cdc.gov
864,Netti Radwell,76017 Hintze Parkway,34949,FL,nradwellnz@slashdot.org
865,Adelaida Long,80379 Ilene Trail,80945,CO,alongo0@goo.gl
866,Ermentrude Bassilashvili,48280 Emmet Court,33625,FL,ebassilashvilio1@seesaa.net
867,Agnese Hawkeswood,8 Hoard Circle,80915,CO,ahawkeswoodo2@ft.com
868,Ariana Perfect,0024 Orin Place,53263,WI,aperfecto3@marketwatch.com
869,Olivie Tattersall,9 Clemons Parkway,20215,DC,otattersallo4@cmu.edu
870,Iain Elsegood,55557 High Crossing Pass,94807,CA,ielsegoodo5@thetimes.co.uk
871,Isahella Dorow,3 Del Sol Pass,92640,CA,idorowo6@google.co.uk
872,Dorey Tremollet,8787 Dawn Alley,93715,CA,dtremolleto7@linkedin.com
873,Edithe Elloy,390 Lindbergh Center,73152,OK,eelloyo8@cnbc.com
874,Marion Riccard,481 Macpherson Hill,28272,NC,mriccardo9@reddit.com
875,Wald Barneville,3 Prairie Rose Road,92405,CA,wbarnevilleoa@dmoz.org
876,Nerty Sanpher,236 Stone Corner Center,90805,CA,nsanpherob@barnesandnoble.com
877,Lucius Spellicy,3257 Nobel Center,29805,SC,lspellicyoc@wix.com
878,Lisle Toppes,84 Moland Park,73179,OK,ltoppesod@reverbnation.com
879,Lyndsie Sancho,645 Crescent Oaks Street,19605,PA,lsanchooe@ifeng.com
880,Rene Zuann,43 Merry Plaza,70174,LA,rzuannof@macromedia.com
881,Kristan Scarratt,7 Oak Center,92186,CA,kscarrattog@delicious.com
882,Ava Casillis,19 Karstens Terrace,45807,OH,acasillisoh@liveinternet.ru
883,Kevon Delamar,775 Saint Paul Way,40745,KY,kdelamaroi@upenn.edu
884,Troy Cotillard,1 Charing Cross Court,33605,FL,tcotillardoj@symantec.com
885,Skye Cornick,36408 North Parkway,85077,AZ,scornickok@netscape.com
886,Saul Kaye,11766 Mockingbird Crossing,33147,FL,skayeol@phoca.cz
887,Martyn Lowfill,415 Loeprich Lane,66622,KS,mlowfillom@dmoz.org
888,Elva Burkitt,9161 Reinke Junction,33142,FL,eburkitton@oaic.gov.au
889,Dolf Godsafe,5 Red Cloud Street,75074,TX,dgodsafeoo@statcounter.com
890,Gerhardt Stolberger,68 La Follette Way,10120,NY,gstolbergerop@ox.ac.uk
891,Ina Kubiak,8 Dottie Park,18768,PA,ikubiakoq@theatlantic.com
892,Ivette Langsbury,0 Mariners Cove Road,64160,MO,ilangsburyor@woothemes.com
893,Thorpe Armfirld,24 Kipling Center,90060,CA,tarmfirldos@cnn.com
894,Rufus Brislawn,67714 Gerald Alley,89087,NV,rbrislawnot@mediafire.com
895,Vonny Brewitt,555 Merry Crossing,60567,IL,vbrewittou@cdbaby.com
896,Geri Halton,9 Meadow Vale Junction,95397,CA,ghaltonov@apache.org
897,Melany Buckingham,79 Colorado Circle,45228,OH,mbuckinghamow@google.nl
898,Shaina Shrigley,459 Steensland Park,29805,SC,sshrigleyox@facebook.com
899,Godfrey Maltman,2316 Sycamore Place,93399,CA,gmaltmanoy@goo.gl
900,Adelbert Divine,82371 Union Point,50706,IA,adivineoz@ftc.gov
901,Claudie Tuttiett,10 Ohio Junction,20535,DC,ctuttiettp0@usgs.gov
902,Allyson Porritt,0 Reindahl Drive,85030,AZ,aporrittp1@dailymotion.com
903,Raffaello August,222 Fairview Park,46221,IN,raugustp2@vinaora.com
904,Bennie Ryrie,87349 Vidon Circle,20046,DC,bryriep3@globo.com
905,Scott Goggin,9899 Stuart Drive,77240,TX,sgogginp4@google.ca
906,Ludvig Grigorushkin,61069 Graceland Lane,59806,MT,lgrigorushkinp5@telegraph.co.uk
907,Happy MacKomb,97154 West Trail,70174,LA,hmackombp6@creativecommons.org
908,Daryn Thorsen,5878 Ryan Drive,46247,IN,dthorsenp7@google.cn
909,Deeanne Skate,211 Hooker Crossing,75379,TX,dskatep8@technorati.com
910,Chip Pllu,55641 Carberry Lane,89166,NV,cpllup9@privacy.gov.au
911,Shari Taw,007 Michigan Road,39505,MS,stawpa@theatlantic.com
912,Kellen Bordman,0635 Grayhawk Junction,79705,TX,kbordmanpb@examiner.com
913,Isa Scamel,9534 Dayton Court,73071,OK,iscamelpc@fc2.com
914,Rorke Foye,190 Mockingbird Way,93704,CA,rfoyepd@noaa.gov
915,Adrea Corsan,33 Anniversary Junction,27610,NC,acorsanpe@google.co.uk
916,Patton Dundridge,6572 Mallory Drive,98195,WA,pdundridgepf@clickbank.net
917,Teodorico Goodred,6617 Doe Crossing Junction,36114,AL,tgoodredpg@youtu.be
918,Erinna Worsall,85 Marcy Center,60686,IL,eworsallph@marriott.com
919,Evelina Stinton,1569 Parkside Trail,79968,TX,estintonpi@webnode.com
920,Maggee Haacker,7542 Fieldstone Terrace,20010,DC,mhaackerpj@google.co.jp
921,Kingston Mease,9 Clove Hill,39305,MS,kmeasepk@i2i.jp
922,Eryn Cocklie,77849 Aberg Place,36605,AL,ecockliepl@woothemes.com
923,Rosalinde Gentle,00 Loomis Circle,94164,CA,rgentlepm@go.com
924,Drusy Grigoryov,8476 Arapahoe Parkway,76105,TX,dgrigoryovpn@com.com
925,Hanson Piggot,8 Scoville Parkway,76705,TX,hpiggotpo@telegraph.co.uk
926,Marcel Goodlet,6360 Village Point,30195,GA,mgoodletpp@discuz.net
927,Chiquia Kleint,9185 Roth Center,20268,DC,ckleintpq@miibeian.gov.cn
928,Kaleb Coundley,711 Roth Alley,77305,TX,kcoundleypr@blog.com
929,Ranna MacTrustrie,232 Sommers Way,40205,KY,rmactrustrieps@bandcamp.com
930,Denna Garrison,23 Veith Hill,24020,VA,dgarrisonpt@i2i.jp
931,Felice Koppes,8 Charing Cross Circle,39216,MS,fkoppespu@rambler.ru
932,Vivia Castellini,335 Gerald Plaza,53225,WI,vcastellinipv@columbia.edu
933,Theobald Moan,7 6th Lane,80015,CO,tmoanpw@tripadvisor.com
934,Matilde Leyban,2 Katie Road,70149,LA,mleybanpx@tamu.edu
935,Lacee Chaters,7521 Crownhardt Park,02305,MA,lchaterspy@cbc.ca
936,Cirillo Pfeifer,4 Havey Center,05609,VT,cpfeiferpz@google.de
937,Bertha Allsupp,47 Meadow Ridge Terrace,38136,TN,ballsuppq0@so-net.ne.jp
938,Peta Banishevitz,08 Sherman Place,60435,IL,pbanishevitzq1@yolasite.com
939,Cybil Ibbett,2711 Transport Alley,99205,WA,cibbettq2@list-manage.com
940,Di Ricker,291 Doe Crossing Place,33320,FL,drickerq3@hp.com
941,Marshall Durgan,396 Center Road,77255,TX,mdurganq4@liveinternet.ru
942,Wilhelmina Keiley,0 Jackson Place,36104,AL,wkeileyq5@histats.com
943,Valery Sumsion,766 Hazelcrest Court,61640,IL,vsumsionq6@omniture.com
944,Christoforo Kleeborn,79958 Sutherland Plaza,78240,TX,ckleebornq7@google.com.au
945,Lexine Tommei,2 Clyde Gallagher Junction,20057,DC,ltommeiq8@rakuten.co.jp
946,Valdemar Siman,8365 Delaware Center,30356,GA,vsimanq9@washingtonpost.com
947,Amata McGorley,6318 High Crossing Point,16550,PA,amcgorleyqa@hhs.gov
948,Jacenta Carruthers,567 Beilfuss Lane,14215,NY,jcarruthersqb@java.com
949,Massimo Collop,6682 Chive Hill,78703,TX,mcollopqc@freewebs.com
950,Janelle Buckett,05737 Green Ridge Plaza,55407,MN,jbuckettqd@dion.ne.jp
951,Calvin Hattoe,1 Northland Hill,84093,UT,chattoeqe@hud.gov
952,Inesita Winslow,95 Little Fleur Point,08603,NJ,iwinslowqf@wunderground.com
953,Jody Klyn,8 Eggendart Avenue,85062,AZ,jklynqg@cyberchimps.com
954,Vita Paskell,3235 Caliangt Lane,28205,NC,vpaskellqh@omniture.com
955,Putnem Cossey,7156 Melody Plaza,45233,OH,pcosseyqi@theglobeandmail.com
956,Gearalt Crosland,1268 West Court,20883,MD,gcroslandqj@nydailynews.com
957,Mireielle Voak,7 Ridgeview Hill,40280,KY,mvoakqk@howstuffworks.com
958,Talya Trimby,566 Bunting Trail,64144,MO,ttrimbyql@wix.com
959,Carie Izkoveski,23 Luster Court,20540,DC,cizkoveskiqm@census.gov
960,Craig McVee,6 Oak Valley Terrace,43231,OH,cmcveeqn@163.com
961,Daile Krinks,07321 Meadow Vale Center,33432,FL,dkrinksqo@kickstarter.com
962,Carilyn Matusov,569 Talmadge Place,36104,AL,cmatusovqp@163.com
963,Tomasine Wyldish,0772 Jenna Road,40581,KY,twyldishqq@zdnet.com
964,Tobias Risbridger,2926 Fairfield Street,84152,UT,trisbridgerqr@senate.gov
965,Wilbert Laverock,3 Warbler Crossing,80127,CO,wlaverockqs@webeden.co.uk
966,Sebastien Tatchell,4949 Steensland Trail,53726,WI,statchellqt@geocities.jp
967,Hurley Forber,6 Dakota Crossing,90025,CA,hforberqu@google.it
968,Rufe Wimp,57 Coleman Lane,60630,IL,rwimpqv@cloudflare.com
969,Norina Ramsden,2 1st Park,11407,NY,nramsdenqw@topsy.com
970,Sylvan Parradice,69214 Gulseth Way,31132,GA,sparradiceqx@psu.edu
971,Halie Fagge,9 Pennsylvania Alley,49505,MI,hfaggeqy@ucla.edu
972,Flem Bothams,5 Glendale Place,20503,DC,fbothamsqz@slate.com
973,Lurette Bette,38947 Thackeray Terrace,28272,NC,lbetter0@ehow.com
974,Shaun Jiracek,115 Mifflin Hill,55579,MN,sjiracekr1@fc2.com
975,Shandy Land,140 Portage Lane,40298,KY,slandr2@europa.eu
976,Kary Evensden,6 Clove Trail,33954,FL,kevensdenr3@google.co.uk
977,Saunderson McDougald,05356 Dwight Street,32405,FL,smcdougaldr4@hhs.gov
978,Clea Lissaman,7078 Manitowish Crossing,02109,MA,clissamanr5@vkontakte.ru
979,Adela Bediss,62319 Manley Lane,38181,TN,abedissr6@narod.ru
980,Niel Latch,2317 Meadow Ridge Road,87110,NM,nlatchr7@homestead.com
981,Antonin McClancy,9 Colorado Junction,55407,MN,amcclancyr8@mit.edu
982,Gaile Fawcitt,8724 Northport Alley,79171,TX,gfawcittr9@discuz.net
983,Serene Crosscombe,4255 Farwell Avenue,77040,TX,scrosscombera@exblog.jp
984,Konstanze Sawney,4 Manufacturers Trail,60208,IL,ksawneyrb@apache.org
985,Dell Giorgio,2 Shopko Pass,75397,TX,dgiorgiorc@blogspot.com
986,Verile Dobbie,7 Truax Avenue,75310,TX,vdobbierd@hibu.com
987,Veradis Mazdon,68664 Debra Court,22036,VA,vmazdonre@amazon.co.uk
988,Garrott Bidewel,547 Montana Hill,21265,MD,gbidewelrf@yahoo.co.jp
989,Jarrid Glisenan,5719 Crowley Way,90005,CA,jglisenanrg@w3.org
990,Rafaelita Vaz,7577 Florence Trail,70116,LA,rvazrh@umn.edu
991,Wally Goodred,8476 Pierstorff Place,75367,TX,wgoodredri@npr.org
992,Margy Clowsley,788 Stang Parkway,75265,TX,mclowsleyrj@eventbrite.com
993,Jamill Dalley,2693 Sloan Plaza,19714,DE,jdalleyrk@i2i.jp
994,Denny Sharer,26385 Dapin Plaza,98104,WA,dsharerrl@wsj.com
995,Clo Scemp,0487 Mayer Drive,31165,GA,cscemprm@vistaprint.com
996,Allan Moylan,9 Donald Pass,24503,VA,amoylanrn@youtube.com
997,Rees Hendrix,04 Debra Terrace,15134,PA,rhendrixro@blogspot.com
998,Ewart Uman,199 Mallard Place,66160,KS,eumanrp@businessweek.com
999,Lancelot Geraud,689 Brentwood Point,95123,CA,lgeraudrq@shareasale.com
1000,Matthieu Myrtle,57 Thompson Way,70616,LA,mmyrtlerr@hugedomains.com
