id,name,address,zipcode,state,email
1,Ceil Gamell,2 Mendota Road,73114,OK,cgamell0@ebay.co.uk
2,Daveta Martijn,51097 Park Meadow Circle,44720,OH,dmartijn1@123-reg.co.uk
3,Addie Rodnight,76 Mcbride Way,15210,PA,arodnight2@booking.com
4,Lynda Willshear,28881 Monterey Point,49018,MI,lwillshear3@canalblog.com
5,Cati Easton,10906 Schmedeman Terrace,21747,MD,ceaston4@sitemeter.com
6,Ardeen Aslie,67 Service Crossing,36177,AL,aaslie5@reuters.com
7,Sallyann Buxton,34 Declaration Plaza,07104,NJ,sbuxton6@shop-pro.jp
8,Coletta Goney,01 Norway Maple Avenue,55114,MN,cgoney7@intel.com
9,Dorisa Landes,59 Stone Corner Point,50330,IA,dlandes8@purevolume.com
10,Linn Malinson,049 Hanson Hill,36689,AL,lmalinson9@alibaba.com
11,Louie Rasper,158 Farragut Hill,92170,CA,lraspera@google.es
12,Farlie Blaxter,3 Bartillon Parkway,29215,SC,fblaxterb@shinystat.com
13,Sheri Eighteen,4189 4th Lane,43210,OH,seighteenc@studiopress.com
14,Eleonore Yglesia,0588 Bobwhite Avenue,20551,DC,eyglesiad@dot.gov
15,Dyann Wickmann,37362 Graceland Junction,97211,OR,dwickmanne@chicagotribune.com
16,Tad Brompton,3 Park Meadow Avenue,45271,OH,tbromptonf@discovery.com
17,Brianna Nelhams,3424 Fairview Avenue,94807,CA,bnelhamsg@icio.us
18,Emlynne Novkovic,64066 Westend Plaza,13210,NY,enovkovich@edublogs.org
19,Lottie Dennett,5 Brown Street,33129,FL,ldennetti@shareasale.com
20,Sonnie Roland,42 Fisk Court,14604,NY,srolandj@aol.com
21,Christa Colthurst,8013 Union Plaza,34210,FL,ccolthurstk@cocolog-nifty.com
22,Lusa Gludor,3289 Rusk Junction,77015,TX,lgludorl@goodreads.com
23,Nealon Skelington,7545 Spenser Lane,28405,NC,nskelingtonm@cbsnews.com
24,Daffi Toghill,1 Crescent Oaks Court,20299,DC,dtoghilln@delicious.com
25,Stanleigh Bolger,5 Randy Court,95118,CA,sbolgero@intel.com
26,Denis Bradley,0833 Aberg Avenue,19191,PA,dbradleyp@taobao.com
27,Kenyon Dugald,16 Katie Place,25356,WV,kdugaldq@berkeley.edu
28,Niles Dorant,70 High Crossing Street,35210,AL,ndorantr@ocn.ne.jp
29,Juliet Murford,7718 Scott Trail,94273,CA,jmurfords@w3.org
30,Kissie Sweetlove,28812 Cordelia Pass,35810,AL,ksweetlovet@timesonline.co.uk
31,Lira Kennady,3824 Cherokee Lane,20430,DC,lkennadyu@blinklist.com
32,Beryl Samson,4 Glacier Hill Center,98175,WA,bsamsonv@chicagotribune.com
33,Pippo Suller,94 Columbus Center,93094,CA,psullerw@wix.com
34,Vannie Bools,6 Kim Road,33432,FL,vboolsx@usatoday.com
35,Alexei Chellam,2 3rd Place,14220,NY,achellamy@cam.ac.uk
36,Nappie Titmarsh,0689 Badeau Alley,47306,IN,ntitmarshz@so-net.ne.jp
37,Geoff Noone,10386 3rd Road,97229,OR,gnoone10@discovery.com
38,Barnard Ockendon,3 Magdeline Terrace,68531,NE,bockendon11@plala.or.jp
39,Carolin Billborough,802 Pierstorff Junction,98109,WA,cbillborough12@paypal.com
40,Jill Chasles,22014 Mcguire Drive,36689,AL,jchasles13@salon.com
41,Freida Probate,8605 Canary Junction,45403,OH,fprobate14@unc.edu
42,Lexy Leehane,9 Harper Center,02305,MA,lleehane15@narod.ru
43,Les Cordle,9 Blaine Parkway,14905,NY,lcordle16@tripadvisor.com
44,Allyn Sibbe,6 Holy Cross Junction,77025,TX,asibbe17@tamu.edu
45,Elston Beagles,425 Cordelia Point,44321,OH,ebeagles18@unc.edu
46,Morley Chappelle,948 Westend Drive,61825,IL,mchappelle19@mapy.cz
47,Terry Cantrill,314 Eagan Terrace,56372,MN,tcantrill1a@webs.com
48,Kristine Orvis,44 Briar Crest Terrace,48258,MI,korvis1b@google.es
49,Lindsy Dumberrill,639 Eastwood Plaza,92186,CA,ldumberrill1c@posterous.com
50,Reagen Castellino,767 Maryland Alley,38109,TN,rcastellino1d@last.fm
51,Bili Jordeson,2 Garrison Crossing,68524,NE,bjordeson1e@accuweather.com
52,Thomasin Marshman,293 Arkansas Park,84093,UT,tmarshman1f@craigslist.org
53,Cleon Cool,90251 Evergreen Place,92668,CA,ccool1g@marriott.com
54,Mozelle Bottrill,7958 Walton Lane,20784,MD,mbottrill1h@hc360.com
55,Winna Kidgell,3114 Anhalt Avenue,02905,RI,wkidgell1i@businessinsider.com
56,Keene Stede,79 Eagan Way,21281,MD,kstede1j@mozilla.com
57,Marinna Youel,0204 Troy Parkway,15230,PA,myouel1k@lycos.com
58,Netty Perri,52000 Artisan Circle,14646,NY,nperri1l@businessinsider.com
59,Veronika Guilloud,07 Steensland Street,77020,TX,vguilloud1m@webs.com
60,Cinda Runcieman,37 Kingsford Court,06673,CT,cruncieman1n@ovh.net
61,Laurens Kline,0187 Iowa Circle,77713,TX,lkline1o@wix.com
62,Britta Clipsham,02 Arapahoe Plaza,94159,CA,bclipsham1p@msn.com
63,Ives Willimott,45 Doe Crossing Center,11470,NY,iwillimott1q@phoca.cz
64,Malory Clegg,8069 Marcy Plaza,95118,CA,mclegg1r@globo.com
65,Jewel De Freyne,1370 Mcbride Street,84135,UT,jde1s@businessweek.com
66,Lorie Haszard,6 Dwight Place,92424,CA,lhaszard1t@macromedia.com
67,Maris Alans,359 East Road,66699,KS,malans1u@homestead.com
68,Adriaens Duke,3139 Buell Plaza,71115,LA,aduke1v@theguardian.com
69,Robinet Rosevear,892 Golf View Park,79405,TX,rrosevear1w@reuters.com
70,Dru Adcock,7 Graedel Circle,95133,CA,dadcock1x@imgur.com
71,Alla Smorthwaite,9 Bay Drive,93407,CA,asmorthwaite1y@mapquest.com
72,Honey Garatty,65 Northview Point,68105,NE,hgaratty1z@prnewswire.com
73,Jacquenette De Michetti,2 Glacier Hill Parkway,96840,HI,jde20@networkadvertising.org
74,Ashli Chaplyn,6836 Hoard Circle,70174,LA,achaplyn21@jimdo.com
75,Dacy Baldocci,928 Crowley Terrace,53263,WI,dbaldocci22@hostgator.com
76,Sibley Trobey,7026 Anderson Park,89595,NV,strobey23@g.co
77,Kris Huband,1869 Claremont Point,32813,FL,khuband24@stanford.edu
78,Ole Sprague,3569 Mitchell Parkway,10155,NY,osprague25@infoseek.co.jp
79,Tallou Breakey,1 Jana Alley,79182,TX,tbreakey26@blogs.com
80,Lucias Radborne,95826 Miller Junction,38104,TN,lradborne27@time.com
81,Gwynne Haslewood,395 West Drive,43666,OH,ghaslewood28@hugedomains.com
82,Nappy Creffeild,43090 Stone Corner Circle,85737,AZ,ncreffeild29@mozilla.org
83,Marchall Bowcock,4 Northwestern Circle,34615,FL,mbowcock2a@ask.com
84,Husein Heiss,6 La Follette Junction,40524,KY,hheiss2b@techcrunch.com
85,Marena MacKeever,83 Arkansas Parkway,76110,TX,mmackeever2c@rakuten.co.jp
86,Jarrett Leehane,9 Hanson Avenue,34611,FL,jleehane2d@sakura.ne.jp
87,Gianni Lidell,677 Cardinal Junction,55805,MN,glidell2e@walmart.com
88,Goldy Eudall,23804 Lakewood Lane,20470,DC,geudall2f@blog.com
89,Paddie Bunson,4 Leroy Plaza,50393,IA,pbunson2g@state.tx.us
90,Alie Bulman,39 Sachtjen Circle,27404,NC,abulman2h@archive.org
91,Freddie Westrip,42 Nevada Alley,33190,FL,fwestrip2i@csmonitor.com
92,Danette Fuzzens,9 2nd Trail,75231,TX,dfuzzens2j@jugem.jp
93,Blondy Chstney,21584 Monument Road,78721,TX,bchstney2k@discuz.net
94,Irwinn Eixenberger,936 Hovde Avenue,34114,FL,ieixenberger2l@intel.com
95,Konstantine Brellin,190 Londonderry Trail,34114,FL,kbrellin2m@princeton.edu
96,Hiram Pallatina,3 Shelley Court,45505,OH,hpallatina2n@abc.net.au
97,Marketa Balthasar,3 Northridge Road,48107,MI,mbalthasar2o@prnewswire.com
98,Junina Dellit,740 Spohn Trail,23289,VA,jdellit2p@cnbc.com
99,Elliott Grinaway,2047 Jana Alley,04109,ME,egrinaway2q@cocolog-nifty.com
100,Rudiger Newband,3669 Jana Drive,70883,LA,rnewband2r@soundcloud.com
101,Ollie Limpenny,8872 Nova Drive,36605,AL,olimpenny2s@diigo.com
102,Josephine Burnsides,1722 Eagle Crest Park,31132,GA,jburnsides2t@globo.com
103,Mimi Wase,1 Nancy Place,28272,NC,mwase2u@foxnews.com
104,Thedrick Thurborn,950 Rowland Way,48609,MI,tthurborn2v@hp.com
105,Hesther Hamlett,8 Roxbury Plaza,31904,GA,hhamlett2w@smugmug.com
106,Kris Grishankov,4630 David Alley,77240,TX,kgrishankov2x@cafepress.com
107,Lucien Bere,10 Delaware Street,92145,CA,lbere2y@desdev.cn
108,Gregoor Wyett,1966 Kingsford Court,55172,MN,gwyett2z@oakley.com
109,Tony Beretta,3377 Hayes Park,20195,VA,tberetta30@4shared.com
110,Petrina Anstey,7 Meadow Vale Road,73167,OK,panstey31@netvibes.com
111,Jammie Mainson,97909 Sunbrook Parkway,85035,AZ,jmainson32@furl.net
112,Karim Heggie,77 Roth Way,21239,MD,kheggie33@simplemachines.org
113,Merilee Dashper,3 Arapahoe Pass,33763,FL,mdashper34@umn.edu
114,Hazel Moores,2363 Magdeline Hill,32236,FL,hmoores35@narod.ru
115,Archambault Carme,40277 Anhalt Parkway,85743,AZ,acarme36@nbcnews.com
116,Magdalena Wehner,2 Petterle Parkway,15250,PA,mwehner37@shareasale.com
117,Matelda Pattlel,71561 Green Ridge Road,48901,MI,mpattlel38@youtu.be
118,Jamie Jeffes,83976 Talisman Alley,70033,LA,jjeffes39@princeton.edu
119,Rudyard Budgeon,9 Di Loreto Street,95150,CA,rbudgeon3a@delicious.com
120,Evelin Sircomb,7 Sundown Plaza,10459,NY,esircomb3b@reference.com
121,Alexio Davis,366 Bellgrove Terrace,79410,TX,adavis3c@w3.org
122,Ingar Mannering,046 Fallview Drive,46634,IN,imannering3d@facebook.com
123,Walther Blundin,29329 Esker Alley,27499,NC,wblundin3e@flavors.me
124,Jojo McDermid,59832 Redwing Junction,91210,CA,jmcdermid3f@reference.com
125,Cornall Anderbrugge,3 Bluestem Hill,25709,WV,canderbrugge3g@biblegateway.com
126,Trueman Puller,78 Kinsman Alley,53705,WI,tpuller3h@nydailynews.com
127,Everard Brunn,002 Mesta Lane,20530,DC,ebrunn3i@usda.gov
128,Oriana Iglesia,196 Fremont Center,66617,KS,oiglesia3j@patch.com
129,Benny Stanway,07460 Reinke Plaza,80223,CO,bstanway3k@addtoany.com
130,Layney Fairebrother,676 Fair Oaks Road,48076,MI,lfairebrother3l@hao123.com
131,Milissent Domico,87 Dwight Point,33543,FL,mdomico3m@java.com
132,Shae MacKenny,844 Chinook Drive,31914,GA,smackenny3n@cyberchimps.com
133,Tori Tutill,09 Debs Road,93740,CA,ttutill3o@twitter.com
134,Coralie Ivanonko,01 Bellgrove Junction,78721,TX,civanonko3p@surveymonkey.com
135,Charmain Keneforde,1 Algoma Plaza,85732,AZ,ckeneforde3q@privacy.gov.au
136,Portia Ziemecki,1 Talisman Court,92056,CA,pziemecki3r@psu.edu
137,Ailsun Hugin,943 Wayridge Hill,75342,TX,ahugin3s@ebay.co.uk
138,Elsbeth Kwietek,9897 Scott Alley,93291,CA,ekwietek3t@businesswire.com
139,Salaidh Burhouse,0677 Dexter Alley,60646,IL,sburhouse3u@comsenz.com
140,Stacy Abramino,44 Golden Leaf Junction,27116,NC,sabramino3v@simplemachines.org
141,Berkley Alans,23 Thackeray Place,71307,LA,balans3w@senate.gov
142,Velma Croasdale,261 La Follette Street,94132,CA,vcroasdale3x@nsw.gov.au
143,Corbet Reed,0572 Schurz Lane,79699,TX,creed3y@independent.co.uk
144,Dolf Daniels,6489 Emmet Way,91841,CA,ddaniels3z@merriam-webster.com
145,Jerrome Andren,95 Loftsgordon Alley,63180,MO,jandren40@tripadvisor.com
146,Neal MacPeake,468 Marquette Pass,19178,PA,nmacpeake41@gnu.org
147,Benoite Rieflin,38 Chive Trail,20041,DC,brieflin42@seattletimes.com
148,Caron Lukovic,4 Amoth Hill,25362,WV,clukovic43@cdc.gov
149,Gregoire Sondland,296 Gerald Court,90040,CA,gsondland44@thetimes.co.uk
150,Claudine Stephenson,911 Di Loreto Junction,70124,LA,cstephenson45@stumbleupon.com
151,Willie Cocke,08 Cherokee Park,33758,FL,wcocke46@sun.com
152,Gabbey Willers,5925 Vidon Lane,83711,ID,gwillers47@naver.com
153,Rochette Rennenbach,00 Drewry Way,33610,FL,rrennenbach48@icq.com
154,Millicent Kramer,2315 Waywood Terrace,32825,FL,mkramer49@cocolog-nifty.com
155,Kristofer Figgess,2 Autumn Leaf Junction,85025,AZ,kfiggess4a@bing.com
156,Dunn Murr,4990 Everett Way,36605,AL,dmurr4b@blinklist.com
157,Bevon Rust,2 Memorial Circle,08638,NJ,brust4c@ehow.com
158,Avictor Kleszinski,6723 Hermina Junction,84403,UT,akleszinski4d@elegantthemes.com
159,Carlynn Vasyunin,9 Lake View Plaza,33432,FL,cvasyunin4e@google.com.br
160,Charmane Radloff,80 Nobel Hill,66225,KS,cradloff4f@wikia.com
161,Theressa Olphert,588 Saint Paul Crossing,78405,TX,tolphert4g@dedecms.com
162,Kelvin Klimczak,28 Del Sol Park,77030,TX,kklimczak4h@typepad.com
163,Kurtis Fitzroy,29 Fieldstone Park,28815,NC,kfitzroy4i@webs.com
164,Jorey Elnough,337 Arkansas Road,34276,FL,jelnough4j@unblog.fr
165,Issy Handrahan,20 Utah Center,45223,OH,ihandrahan4k@dailymotion.com
166,Deana O'Brogan,8477 Vernon Hill,79950,TX,dobrogan4l@economist.com
167,Jilleen Buxam,17 Porter Way,71130,LA,jbuxam4m@nytimes.com
168,Richie Keech,26 6th Terrace,77040,TX,rkeech4n@opensource.org
169,Meaghan Jordin,918 Milwaukee Terrace,14905,NY,mjordin4o@rambler.ru
170,Kaylee Steptowe,658 Village Street,79940,TX,ksteptowe4p@washington.edu
171,Liane Bateman,1 Old Gate Alley,07208,NJ,lbateman4q@xing.com
172,Nicolle Routham,9282 Bluejay Circle,33963,FL,nroutham4r@parallels.com
173,Dag Vanetti,141 Haas Center,78783,TX,dvanetti4s@flickr.com
174,Kit Trimnell,69549 Hollow Ridge Street,25313,WV,ktrimnell4t@go.com
175,Emilee Gunbie,422 Carberry Point,93034,CA,egunbie4u@symantec.com
176,Brooke MacFadden,48311 Bultman Center,10557,NY,bmacfadden4v@google.it
177,Kati Conrart,1 Comanche Trail,70607,LA,kconrart4w@i2i.jp
178,Danya Karolowski,588 Village Way,91117,CA,dkarolowski4x@diigo.com
179,Dorelle Pretsell,78571 Messerschmidt Alley,33142,FL,dpretsell4y@tiny.cc
180,Terrie Dunham,17209 Burrows Pass,80217,CO,tdunham4z@purevolume.com
181,Dion Dyer,86331 Cascade Lane,70124,LA,ddyer50@storify.com
182,Reese Lidgertwood,45854 Lunder Trail,35225,AL,rlidgertwood51@reference.com
183,Chevy Oleshunin,271 Hermina Circle,93721,CA,coleshunin52@geocities.jp
184,Gherardo Griffithe,93 Loeprich Point,53210,WI,ggriffithe53@tripod.com
185,Mair Flahy,0 Talmadge Street,10305,NY,mflahy54@upenn.edu
186,Malia Habishaw,4228 Lukken Avenue,75241,TX,mhabishaw55@washingtonpost.com
187,Corella Enochsson,6916 Corben Drive,95405,CA,cenochsson56@yandex.ru
188,Krishnah Collelton,29387 Morning Pass,78265,TX,kcollelton57@goodreads.com
189,Nessi Dunkerly,6915 Myrtle Street,85045,AZ,ndunkerly58@ca.gov
190,Alma Simison,4 Macpherson Street,95219,CA,asimison59@barnesandnoble.com
191,Mason Varian,20 Westport Road,89115,NV,mvarian5a@timesonline.co.uk
192,Guillemette Antonsen,069 Melvin Place,98411,WA,gantonsen5b@exblog.jp
193,Vania Aylett,9055 Mitchell Plaza,22096,VA,vaylett5c@ustream.tv
194,Regen Nelsen,13 Russell Center,67236,KS,rnelsen5d@webeden.co.uk
195,Eartha Kelly,1683 Moland Park,55585,MN,ekelly5e@vistaprint.com
196,Beret Morford,837 Lindbergh Road,25770,WV,bmorford5f@google.cn
197,Ahmad Birdfield,12356 High Crossing Pass,06152,CT,abirdfield5g@narod.ru
198,Ferris Stenhouse,9 Westerfield Way,77015,TX,fstenhouse5h@senate.gov
199,Shay Sallis,04 Anzinger Plaza,20005,DC,ssallis5i@ocn.ne.jp
200,Alick Froude,918 Bunker Hill Way,90071,CA,afroude5j@buzzfeed.com
201,Basile Berendsen,5 Steensland Road,66205,KS,bberendsen5k@weebly.com
202,Reynold Cleal,6913 Reinke Crossing,92648,CA,rcleal5l@ebay.co.uk
203,Kristofer Deaves,74769 Stephen Place,10270,NY,kdeaves5m@ucoz.com
204,Sheela Danilov,73196 Spohn Pass,05609,VT,sdanilov5n@microsoft.com
205,Maryjo Litterick,57036 Burrows Trail,43610,OH,mlitterick5o@reuters.com
206,Richard Tremelling,702 Sauthoff Crossing,67210,KS,rtremelling5p@vimeo.com
207,Codi Castiglioni,5 Arizona Avenue,77206,TX,ccastiglioni5q@senate.gov
208,Sondra Mincher,6 Fallview Junction,11205,NY,smincher5r@amazon.com
209,Cheryl Longbone,86689 Surrey Junction,51105,IA,clongbone5s@weebly.com
210,Pierson Eyckelbeck,3894 Melody Crossing,40524,KY,peyckelbeck5t@walmart.com
211,Nicolai Dugmore,7 Delladonna Parkway,74149,OK,ndugmore5u@flavors.me
212,Tallia Jadczak,79226 Bay Parkway,70894,LA,tjadczak5v@simplemachines.org
213,Ketti Piercy,17923 Farragut Junction,32885,FL,kpiercy5w@ucoz.ru
214,Kally Kiraly,83 Clemons Junction,93740,CA,kkiraly5x@a8.net
215,Shay Hupe,0 Shopko Avenue,45238,OH,shupe5y@cbsnews.com
216,Bernete Ashington,09 Russell Crossing,52809,IA,bashington5z@taobao.com
217,Emmalynne Bantick,48 Heath Circle,20260,DC,ebantick60@e-recht24.de
218,Matt Conechie,221 Harbort Lane,63136,MO,mconechie61@shutterfly.com
219,Philipa Muckle,3014 Autumn Leaf Place,31605,GA,pmuckle62@altervista.org
220,Ralina Marmyon,45833 Bunting Point,19172,PA,rmarmyon63@marketwatch.com
221,Kacy O'Sculley,51 Arapahoe Place,33421,FL,kosculley64@blog.com
222,Flossie Heaphy,10 Caliangt Road,85072,AZ,fheaphy65@unicef.org
223,Paulette Moan,5 Sutherland Point,14619,NY,pmoan66@admin.ch
224,Jillana Forshaw,5261 Harbort Road,15205,PA,jforshaw67@smh.com.au
225,Warren Fryer,1 Service Lane,71208,LA,wfryer68@cmu.edu
226,Ernst Sawney,752 Ohio Park,76115,TX,esawney69@oaic.gov.au
227,Editha Linnane,8 Jenna Pass,97255,OR,elinnane6a@pbs.org
228,Galvin Mortlock,4279 Golden Leaf Trail,47812,IN,gmortlock6b@amazon.de
229,Roxana Tollerton,309 Tony Parkway,93399,CA,rtollerton6c@weather.com
230,Beverlee Acres,0 Lindbergh Center,28272,NC,bacres6d@accuweather.com
231,Sibby Eve,69 Shelley Street,55123,MN,seve6e@yahoo.co.jp
232,Willie Botright,22 Eastwood Center,17126,PA,wbotright6f@mapquest.com
233,Kayley Sconce,78248 Dottie Junction,71115,LA,ksconce6g@is.gd
234,Elwood Langrick,00 Ludington Drive,24024,VA,elangrick6h@utexas.edu
235,Jed Gantley,77847 David Parkway,94154,CA,jgantley6i@foxnews.com
236,Giacomo Gell,577 Banding Avenue,66205,KS,ggell6j@delicious.com
237,Mariska Kilgallon,7 Butterfield Terrace,87195,NM,mkilgallon6k@etsy.com
238,Dixie Grice,576 Cardinal Drive,10079,NY,dgrice6l@google.ca
239,Ardyce Normand,8 Comanche Pass,79999,TX,anormand6m@ft.com
240,Pattin Dykins,14174 Caliangt Pass,90050,CA,pdykins6n@etsy.com
241,Etta Bransom,981 Glendale Pass,21275,MD,ebransom6o@thetimes.co.uk
242,Meriel Spare,98 Monica Road,11241,NY,mspare6p@networksolutions.com
243,Roslyn Rosettini,4799 Reinke Lane,21705,MD,rrosettini6q@trellian.com
244,Ernesta Maceur,0372 Mcbride Center,77080,TX,emaceur6r@hud.gov
245,Gillan Mitchell,01891 Graceland Park,27710,NC,gmitchell6s@bigcartel.com
246,Melania Hewins,1 Kropf Circle,45403,OH,mhewins6t@bandcamp.com
247,Guinevere Portal,3274 Bay Plaza,33758,FL,gportal6u@stanford.edu
248,Dru Barriball,9763 Bunker Hill Place,23228,VA,dbarriball6v@chron.com
249,Vite Farnill,453 Roxbury Avenue,45271,OH,vfarnill6w@sbwire.com
250,Alley Beneze,3 Crownhardt Trail,45432,OH,abeneze6x@over-blog.com
251,Godfrey Callaghan,81960 Moulton Center,70160,LA,gcallaghan6y@google.it
252,Filide Motten,92817 Clyde Gallagher Terrace,47725,IN,fmotten6z@alibaba.com
253,Jourdan Dudney,399 Lunder Way,76310,TX,jdudney70@biglobe.ne.jp
254,Madelle Gabbetis,5234 Fuller Center,61656,IL,mgabbetis71@howstuffworks.com
255,Cicely Chatfield,08 Kenwood Junction,20380,DC,cchatfield72@sohu.com
256,Charmian Thew,4 Namekagon Center,16550,PA,cthew73@51.la
257,Analiese Dighton,02 Spohn Alley,84145,UT,adighton74@mail.ru
258,Tirrell Riddlesden,069 Vahlen Point,99522,AK,triddlesden75@prnewswire.com
259,Lazar Carlozzi,88 Fordem Court,35254,AL,lcarlozzi76@reddit.com
260,Cort Dewett,226 Green Ridge Plaza,11231,NY,cdewett77@yahoo.co.jp
261,Merilyn Matteris,65 Arapahoe Avenue,79171,TX,mmatteris78@nyu.edu
262,Kathie Lidgard,4 Eagan Avenue,73129,OK,klidgard79@globo.com
263,Nat Whitehorne,12317 Claremont Alley,33261,FL,nwhitehorne7a@symantec.com
264,Bianca Fermor,71 Sunbrook Crossing,75367,TX,bfermor7b@1und1.de
265,Raina Maskell,95 Mesta Court,34114,FL,rmaskell7c@mysql.com
266,Hugh Nightingale,38454 Pleasure Lane,53790,WI,hnightingale7d@bloglines.com
267,Maryanne Hayne,1 Fieldstone Road,33436,FL,mhayne7e@loc.gov
268,Cissiee Fannin,0570 Maple Wood Avenue,96154,CA,cfannin7f@istockphoto.com
269,Jerrie Worsfold,3618 Stone Corner Plaza,63131,MO,jworsfold7g@auda.org.au
270,Chery Haygreen,32 Old Gate Point,79989,TX,chaygreen7h@archive.org
271,Cassie Fernando,97997 Union Junction,76105,TX,cfernando7i@trellian.com
272,Nata Trowsdale,3306 Veith Junction,33023,FL,ntrowsdale7j@bravesites.com
273,Beltran Meller,2186 Bluejay Terrace,79405,TX,bmeller7k@adobe.com
274,Lock Itzkov,89 Haas Junction,18105,PA,litzkov7l@cnet.com
275,Fiann Skullet,6 Summer Ridge Lane,58505,ND,fskullet7m@go.com
276,Augustus Elsom,62 Ridgeview Center,73167,OK,aelsom7n@bandcamp.com
277,Kala Schulkins,9 Utah Point,89436,NV,kschulkins7o@woothemes.com
278,Berri Garrit,77 Messerschmidt Parkway,33705,FL,bgarrit7p@macromedia.com
279,Talbert Helstrom,90240 Marcy Circle,95173,CA,thelstrom7q@hostgator.com
280,Baily Parnell,8289 Hallows Parkway,88574,TX,bparnell7r@dailymail.co.uk
281,Augustina Timbridge,68 Mesta Way,91125,CA,atimbridge7s@desdev.cn
282,Meggi Ticic,6631 Warbler Plaza,61605,IL,mticic7t@wunderground.com
283,Shepperd Shanklin,1 Vidon Junction,36628,AL,sshanklin7u@privacy.gov.au
284,Rosana Deelay,170 Morningstar Alley,57193,SD,rdeelay7v@census.gov
285,Elsy M'Chirrie,8 Kennedy Drive,32627,FL,emchirrie7w@vimeo.com
286,Benjamen Vasyunkin,49547 Rowland Avenue,98008,WA,bvasyunkin7x@elegantthemes.com
287,Ingamar Berrygun,336 Westridge Center,06520,CT,iberrygun7y@google.com
288,Harv Dantesia,58 Mariners Cove Way,89140,NV,hdantesia7z@weebly.com
289,Constantin Colomb,2166 Cascade Road,20910,MD,ccolomb80@sohu.com
290,Seamus Greenmon,845 Randy Junction,76310,TX,sgreenmon81@si.edu
291,Ewen Isakson,52565 Bunker Hill Drive,28289,NC,eisakson82@youtube.com
292,Ingaborg Boow,2923 Mifflin Terrace,52245,IA,iboow83@hugedomains.com
293,Madelle Dugget,3541 High Crossing Hill,53205,WI,mdugget84@auda.org.au
294,Abner England,716 Susan Road,95813,CA,aengland85@admin.ch
295,Melinde Shutte,48 Messerschmidt Road,37410,TN,mshutte86@last.fm
296,Fanni Dewicke,8 Towne Center,02912,RI,fdewicke87@npr.org
297,Orran O'Carrol,04 Muir Drive,49505,MI,oocarrol88@hostgator.com
298,Ivy Beccero,94 Roxbury Center,32259,FL,ibeccero89@archive.org
299,Chandler Emes,974 Manitowish Park,33661,FL,cemes8a@tumblr.com
300,Mil McCarter,3143 Judy Crossing,75246,TX,mmccarter8b@wiley.com
301,Jamal Maddox,8180 American Ash Road,38150,TN,jmaddox8c@google.nl
302,Clemmy Posselt,2189 Spaight Hill,34108,FL,cposselt8d@reddit.com
303,Gilberto Baskeyfied,726 Larry Court,14639,NY,gbaskeyfied8e@statcounter.com
304,Penny de Marco,9 Kipling Lane,29403,SC,pde8f@sina.com.cn
305,Theodor Ditch,15 Memorial Way,90189,CA,tditch8g@mtv.com
306,Bailey Hakonsen,7963 Lien Crossing,85062,AZ,bhakonsen8h@shop-pro.jp
307,Noble Carlan,789 Sutherland Junction,80995,CO,ncarlan8i@ucoz.com
308,Cyril Vayne,35 Crescent Oaks Road,31196,GA,cvayne8j@merriam-webster.com
309,Crichton Cressingham,666 Hagan Junction,79410,TX,ccressingham8k@cdc.gov
310,Judy Petrelli,347 5th Trail,45414,OH,jpetrelli8l@nytimes.com
311,Myrta Herries,56486 Talmadge Lane,64160,MO,mherries8m@state.tx.us
312,Beth Blunsden,7 Jackson Parkway,20709,MD,bblunsden8n@freewebs.com
313,Charmaine McCurtain,88065 Beilfuss Drive,25321,WV,cmccurtain8o@webeden.co.uk
314,Moe Attard,331 Northridge Way,23272,VA,mattard8p@accuweather.com
315,Edita Tamlett,8912 Chive Plaza,84115,UT,etamlett8q@cbc.ca
316,Pandora Fossick,8 Michigan Point,33305,FL,pfossick8r@samsung.com
317,Prue Golda,39479 Commercial Street,70174,LA,pgolda8s@diigo.com
318,Pincas Pottery,4578 Delaware Lane,28805,NC,ppottery8t@wikimedia.org
319,Cooper Bedbury,6380 Haas Alley,73124,OK,cbedbury8u@deliciousdays.com
320,Leandra Garbott,54500 Ohio Drive,60619,IL,lgarbott8v@dion.ne.jp
321,Anissa Tait,17817 Lillian Park,46857,IN,atait8w@nature.com
322,Willey Lawey,3 Emmet Circle,77266,TX,wlawey8x@istockphoto.com
323,Misha Tocknell,21 Anderson Park,76205,TX,mtocknell8y@tuttocitta.it
324,Leoline Lemanu,13 John Wall Circle,37405,TN,llemanu8z@phpbb.com
325,Amerigo Larmor,314 Farragut Drive,33763,FL,alarmor90@discuz.net
326,Diane Applewhaite,50148 Stuart Trail,70149,LA,dapplewhaite91@dedecms.com
327,Sascha Uttley,44860 Tony Avenue,90305,CA,suttley92@vistaprint.com
328,Judy Bellelli,0 Eagan Way,91505,CA,jbellelli93@zdnet.com
329,Laurie Hinkins,0265 Thierer Lane,93750,CA,lhinkins94@goo.ne.jp
330,Tonia MacIntyre,7 Forest Run Hill,31422,GA,tmacintyre95@cbc.ca
331,Somerset Jehaes,41 Pierstorff Way,78754,TX,sjehaes96@loc.gov
332,Aluino Bygreaves,9929 Clarendon Park,72199,AR,abygreaves97@businessweek.com
333,Jillana Blais,8 Brentwood Park,73173,OK,jblais98@webs.com
334,Tim Treslove,681 Westerfield Way,33411,FL,ttreslove99@usatoday.com
335,Oona Hesbrook,67214 Sugar Lane,60641,IL,ohesbrook9a@omniture.com
336,Ursuline Giacobbo,36 Lotheville Trail,55114,MN,ugiacobbo9b@odnoklassniki.ru
337,Osborne Tiron,828 Di Loreto Alley,63110,MO,otiron9c@tamu.edu
338,Dorolisa Farnill,00 Gulseth Lane,92812,CA,dfarnill9d@merriam-webster.com
339,Maudie Coyne,09 Graedel Court,66667,KS,mcoyne9e@youtu.be
340,Norine Puddin,03 Bobwhite Circle,19892,DE,npuddin9f@ucla.edu
341,Chrisy Yole,2 Lukken Avenue,48206,MI,cyole9g@networksolutions.com
342,Aubert Pinner,379 Sloan Lane,89706,NV,apinner9h@fotki.com
343,Bogart Heaysman,8 Burning Wood Way,33325,FL,bheaysman9i@goo.gl
344,Noelyn Gerwood,9 Brentwood Trail,66606,KS,ngerwood9j@mediafire.com
345,Aindrea Brunner,54363 Florence Parkway,70033,LA,abrunner9k@alibaba.com
346,Allan Torns,00010 Ronald Regan Terrace,91406,CA,atorns9l@utexas.edu
347,Kennie Darkins,08 Miller Point,92170,CA,kdarkins9m@cam.ac.uk
348,Doretta Cabrara,2 International Terrace,40266,KY,dcabrara9n@joomla.org
349,Adrien Horry,7459 Sauthoff Terrace,97229,OR,ahorry9o@bloomberg.com
350,Collin Veldens,2705 Mcguire Junction,92519,CA,cveldens9p@hatena.ne.jp
351,Blinny Fleeman,18 Surrey Alley,83206,ID,bfleeman9q@un.org
352,Clarette Edkins,57716 International Place,85305,AZ,cedkins9r@japanpost.jp
353,Hewet Harler,08 Trailsway Center,33034,FL,hharler9s@harvard.edu
354,Phyllis Goodram,5269 Montana Pass,77554,TX,pgoodram9t@yelp.com
355,Sherlock Kleinbaum,945 Daystar Way,85725,AZ,skleinbaum9u@nymag.com
356,Salli Tuting,13340 Milwaukee Parkway,39216,MS,stuting9v@bizjournals.com
357,Diarmid Klimschak,964 Westend Plaza,84409,UT,dklimschak9w@ameblo.jp
358,Helli McKune,24 Welch Alley,38131,TN,hmckune9x@hhs.gov
359,Brendis Spurgin,85 Arizona Way,59623,MT,bspurgin9y@noaa.gov
360,Jacques Earl,3814 Kingsford Road,77386,TX,jearl9z@trellian.com
361,Lanna MacCurlye,9 Clemons Terrace,46896,IN,lmaccurlyea0@wikia.com
362,Marylou Muglestone,74 Lakewood Gardens Plaza,75323,TX,mmuglestonea1@unc.edu
363,Malena Standfield,958 South Point,89115,NV,mstandfielda2@miitbeian.gov.cn
364,Rouvin Biagi,35 Erie Avenue,53779,WI,rbiagia3@army.mil
365,Garrik Wakerley,48762 Erie Street,35295,AL,gwakerleya4@nba.com
366,Kimberley Eronie,71811 Sullivan Way,85255,AZ,keroniea5@reuters.com
367,Amil Stamp,07062 Express Crossing,38109,TN,astampa6@miibeian.gov.cn
368,Benny Footitt,73403 Fisk Lane,37250,TN,bfootitta7@time.com
369,Ephraim Auguste,4 Marquette Avenue,10024,NY,eaugustea8@reference.com
370,Isadora Sleaford,8968 Johnson Crossing,75265,TX,isleaforda9@is.gd
371,Salomi Manske,5 Reindahl Terrace,20709,MD,smanskeaa@odnoklassniki.ru
372,Chester Goodwill,6 Forster Alley,80940,CO,cgoodwillab@unicef.org
373,Melisent de Juares,936 Transport Pass,43268,OH,mdeac@springer.com
374,Galvin Maddick,6543 Anderson Road,15220,PA,gmaddickad@omniture.com
375,Clari Cinderey,853 Bayside Alley,53225,WI,ccindereyae@people.com.cn
376,Tedie Rameaux,23 Petterle Place,22096,VA,trameauxaf@live.com
377,Codee Minnis,99 Sherman Point,93034,CA,cminnisag@blogs.com
378,Grazia Cunah,69 Sunbrook Plaza,97405,OR,gcunahah@gov.uk
379,Curr Brendeke,32744 Scoville Crossing,67220,KS,cbrendekeai@umn.edu
380,Louise Schoenleiter,70 Moose Parkway,79105,TX,lschoenleiteraj@jalbum.net
381,Liesa Thewles,217 Gateway Alley,70826,LA,lthewlesak@ovh.net
382,Ashlan Braithwait,1819 Farwell Street,28410,NC,abraithwaital@mit.edu
383,Paige Merrgen,32 Carioca Court,37410,TN,pmerrgenam@blog.com
384,Giulietta Cleary,3212 Eagan Hill,33758,FL,gclearyan@constantcontact.com
385,Nicolina Casiero,167 Summit Drive,40210,KY,ncasieroao@harvard.edu
386,Gerick Peet,73 Dapin Plaza,45432,OH,gpeetap@archive.org
387,Ezmeralda Ings,95 Delaware Hill,70142,LA,eingsaq@studiopress.com
388,Rhody Henrie,50 Sunfield Lane,93291,CA,rhenriear@google.co.jp
389,Isis Whiskin,4323 Bellgrove Point,35295,AL,iwhiskinas@e-recht24.de
390,Dori Lydiatt,929 Talmadge Terrace,98682,WA,dlydiattat@miibeian.gov.cn
391,Ivette Dikelin,76 Northridge Place,34985,FL,idikelinau@feedburner.com
392,Arlinda Grayshon,06 Florence Crossing,20430,DC,agrayshonav@webeden.co.uk
393,Bink Roussel,634 Carpenter Pass,48224,MI,brousselaw@e-recht24.de
394,Kelley Regglar,323 Milwaukee Park,10024,NY,kregglarax@cbslocal.com
395,Padraig Hinckes,3 Hollow Ridge Avenue,32092,FL,phinckesay@icio.us
396,Codie Shewon,3184 Monica Junction,64114,MO,cshewonaz@gnu.org
397,Gabriellia Budden,119 Talisman Park,29805,SC,gbuddenb0@imgur.com
398,Emmaline Cleyburn,6 Hoffman Road,79955,TX,ecleyburnb1@github.io
399,Ethel Georgeau,551 Bunker Hill Way,53785,WI,egeorgeaub2@dmoz.org
400,Marrilee Belliard,544 Grover Road,25775,WV,mbelliardb3@ftc.gov
401,Dar Vinton,23900 Summit Avenue,93709,CA,dvintonb4@friendfeed.com
402,Cosimo Hallewell,95 Fairview Terrace,21265,MD,challewellb5@upenn.edu
403,Gaelan Kloisner,55812 Hermina Drive,10557,NY,gkloisnerb6@archive.org
404,Creight Rosenstock,09 Scoville Circle,33164,FL,crosenstockb7@ed.gov
405,Carmelia Lars,13325 Carberry Drive,87195,NM,clarsb8@mozilla.org
406,Jerrie Sanches,13 Northland Way,10454,NY,jsanchesb9@tinyurl.com
407,Elaine Le Marquand,5346 Larry Hill,50320,IA,eleba@microsoft.com
408,Ian Rendell,7955 Debs Terrace,63158,MO,irendellbb@japanpost.jp
409,Sayres Stacy,51153 Old Gate Avenue,84110,UT,sstacybc@nytimes.com
410,Derek Terzi,2 Golf Road,06505,CT,dterzibd@fc2.com
411,Shandeigh Marfell,01 Pine View Crossing,49444,MI,smarfellbe@whitehouse.gov
412,Willow Quirke,375 Hanson Place,22111,VA,wquirkebf@simplemachines.org
413,Jaimie Kitchingman,9826 Blue Bill Park Way,33686,FL,jkitchingmanbg@ameblo.jp
414,Saloma Bloschke,2534 Chinook Avenue,66667,KS,sbloschkebh@list-manage.com
415,Shurlock Becken,67 Harper Pass,21290,MD,sbeckenbi@yolasite.com
416,Bunni Hubane,134 Fordem Terrace,78715,TX,bhubanebj@irs.gov
417,Aviva Tether,0 Fisk Center,67220,KS,atetherbk@topsy.com
418,Griselda Poff,78 Hayes Road,97312,OR,gpoffbl@g.co
419,Noell Fraczak,898 Derek Drive,27157,NC,nfraczakbm@oakley.com
420,Quinlan Haycock,6137 Mesta Court,24009,VA,qhaycockbn@flickr.com
421,Ollie Ivantsov,19932 Anthes Way,55805,MN,oivantsovbo@whitehouse.gov
422,Emmott Jann,4997 Columbus Place,53785,WI,ejannbp@histats.com
423,Anderea Anneslie,7 Vidon Circle,53225,WI,aannesliebq@unesco.org
424,Phil Bellows,56323 Laurel Way,29905,SC,pbellowsbr@fema.gov
425,Alicia Chrippes,615 Toban Avenue,91328,CA,achrippesbs@cdc.gov
426,Ferdie Le Teve,824 Messerschmidt Lane,20260,DC,flebt@census.gov
427,Abeu Kirsopp,3863 Debs Alley,20041,DC,akirsoppbu@infoseek.co.jp
428,Cathie Venditti,968 Amoth Alley,95194,CA,cvendittibv@csmonitor.com
429,Benedicta Hakewell,75703 Main Road,28225,NC,bhakewellbw@hao123.com
430,Brynn Backhurst,104 Holmberg Place,46867,IN,bbackhurstbx@patch.com
431,Smitty Crimes,1 Browning Parkway,33811,FL,scrimesby@kickstarter.com
432,Loutitia O' Sullivan,83201 Elgar Way,27705,NC,lobz@ftc.gov
433,Tabb Ogan,28 Cascade Road,79710,TX,toganc0@dailymotion.com
434,Alla Gouth,20915 Karstens Pass,20370,DC,agouthc1@omniture.com
435,Deb McShane,2 Annamark Drive,50347,IA,dmcshanec2@google.fr
436,Karyn Farens,3 Miller Way,30245,GA,kfarensc3@time.com
437,Fraze Garcia,08 Scott Avenue,06160,CT,fgarciac4@state.gov
438,Calida Miko,54915 Village Circle,45264,OH,cmikoc5@lycos.com
439,Dorine Brotherton,36865 Forest Dale Hill,49006,MI,dbrothertonc6@xrea.com
440,Ruttger Bowness,09665 Thierer Drive,32969,FL,rbownessc7@google.com.hk
441,Ernaline Slade,1 Melby Park,10014,NY,esladec8@marketwatch.com
442,Gayel Ferrino,878 Meadow Valley Terrace,37210,TN,gferrinoc9@independent.co.uk
443,Cele Anespie,51 Talmadge Center,47747,IN,canespieca@amazon.de
444,Stefania Sorey,96465 Bay Hill,20205,DC,ssoreycb@weibo.com
445,Ab Hofton,052 Eliot Court,79116,TX,ahoftoncc@whitehouse.gov
446,Elora Emor,1 Barby Crossing,61105,IL,eemorcd@acquirethisname.com
447,Nance Ritzman,365 Dorton Street,80910,CO,nritzmance@unc.edu
448,Ida Blaydes,99221 Norway Maple Lane,35295,AL,iblaydescf@springer.com
449,Lorraine Dods,849 Warner Center,55579,MN,ldodscg@multiply.com
450,Sigmund Heake,235 Ramsey Park,25305,WV,sheakech@mozilla.com
451,Garald Scoyne,8651 Jana Alley,01105,MA,gscoyneci@illinois.edu
452,Maurita Parnall,4619 Park Meadow Court,67260,KS,mparnallcj@ameblo.jp
453,Rosalia Downs,75078 Reinke Pass,77234,TX,rdownsck@hexun.com
454,Den Van Arsdale,1997 Clarendon Terrace,28289,NC,dvancl@51.la
455,Wandie Jennaroy,48 Waubesa Park,19605,PA,wjennaroycm@chronoengine.com
456,Kimbra Orleton,6638 Hazelcrest Avenue,87115,NM,korletoncn@mediafire.com
457,Zacherie Antos,50 Corscot Court,25775,WV,zantosco@microsoft.com
458,Raquel Boddam,90 Vidon Court,91505,CA,rboddamcp@tamu.edu
459,Harvey Flohard,1585 Buell Plaza,77228,TX,hflohardcq@psu.edu
460,Vale Keat,66366 Tennessee Terrace,23260,VA,vkeatcr@artisteer.com
461,Van Rippingall,07880 Kensington Point,48335,MI,vrippingallcs@wsj.com
462,Debi Ceney,211 Lake View Plaza,98148,WA,dceneyct@ning.com
463,Beverley Jerram,382 Holy Cross Center,89087,NV,bjerramcu@wix.com
464,Simon Normabell,29533 Blue Bill Park Point,89074,NV,snormabellcv@sphinn.com
465,Siobhan Cattellion,00398 Elgar Drive,20784,MD,scattellioncw@archive.org
466,Brietta Josselson,73209 Cascade Center,15250,PA,bjosselsoncx@salon.com
467,Holly O'Doran,90123 Longview Parkway,60208,IL,hodorancy@slashdot.org
468,Corty Duinbleton,25117 Milwaukee Circle,93094,CA,cduinbletoncz@cnbc.com
469,Nisse Woolfoot,21470 Rockefeller Terrace,76096,TX,nwoolfootd0@answers.com
470,Tally Shimwall,676 Hoard Junction,79999,TX,tshimwalld1@fc2.com
471,Pacorro Arnaldi,54 Linden Alley,35244,AL,parnaldid2@cbc.ca
472,Toby Ugolotti,928 Warbler Street,20851,MD,tugolottid3@ask.com
473,Corine Greenhalgh,80870 Arkansas Junction,20530,DC,cgreenhalghd4@people.com.cn
474,Sherri Bearham,61888 Orin Plaza,66105,KS,sbearhamd5@businessweek.com
475,Daveta Elsip,4 Nobel Center,84115,UT,delsipd6@hubpages.com
476,Danica Newark,89212 Bowman Trail,21211,MD,dnewarkd7@hao123.com
477,Stanislaus Ashford,1 Corscot Crossing,28405,NC,sashfordd8@cafepress.com
478,Gabey Bumphries,412 Ruskin Court,85710,AZ,gbumphriesd9@prweb.com
479,Hermon De Ferrari,69 Clarendon Circle,30066,GA,hdeda@yellowbook.com
480,Augusta Whithorn,1 Drewry Lane,10270,NY,awhithorndb@biglobe.ne.jp
481,Oates Smaile,68850 Hovde Point,15906,PA,osmailedc@jigsy.com
482,Dilan Ricciardello,29 Eagan Alley,37914,TN,dricciardellodd@odnoklassniki.ru
483,Gawain Fetherston,2 Calypso Court,73129,OK,gfetherstonde@simplemachines.org
484,Lavinie Sacker,98193 Schurz Crossing,92725,CA,lsackerdf@wsj.com
485,Melloney Honig,0 1st Hill,44329,OH,mhonigdg@bigcartel.com
486,Kirsten Knuckles,8991 Straubel Avenue,23504,VA,kknucklesdh@npr.org
487,Jennee Shilito,555 Anniversary Parkway,33686,FL,jshilitodi@google.co.jp
488,Shanna Costelow,36 Montana Parkway,33913,FL,scostelowdj@webs.com
489,Raymond Sitwell,5 Menomonie Road,49560,MI,rsitwelldk@deviantart.com
490,Jenifer Errett,45539 Shasta Parkway,20189,VA,jerrettdl@nba.com
491,Maximilien McIlrath,32133 Everett Center,12237,NY,mmcilrathdm@ucoz.com
492,Dylan Bolton,72295 Warner Plaza,95113,CA,dboltondn@timesonline.co.uk
493,Cloe Kier,3 Summer Ridge Road,71161,LA,ckierdo@washingtonpost.com
494,Ilaire Kidstone,712 Ridgeway Trail,32590,FL,ikidstonedp@craigslist.org
495,Vassili Sillito,131 Luster Street,11210,NY,vsillitodq@bluehost.com
496,Gerard Santorini,6 Anniversary Circle,79999,TX,gsantorinidr@census.gov
497,Hyacintha Bonelle,7 Spenser Park,68144,NE,hbonelleds@wordpress.com
498,Mollie Geldert,705 Gale Hill,89436,NV,mgeldertdt@newsvine.com
499,Mathilde Gerran,75 Prentice Junction,66225,KS,mgerrandu@wordpress.org
500,Ogden Saville,39 Continental Point,55572,MN,osavilledv@lulu.com
501,Prentice Bridgnell,79330 Hanover Terrace,92513,CA,pbridgnelldw@uol.com.br
502,Gran Gannan,0 Porter Alley,27116,NC,ggannandx@discuz.net
503,Taddeusz Clipston,6426 Judy Drive,89193,NV,tclipstondy@parallels.com
504,Leslie Calcutt,40 Autumn Leaf Lane,21203,MD,lcalcuttdz@census.gov
505,Borg Hunston,09696 Schmedeman Drive,02905,RI,bhunstone0@europa.eu
506,Alex Spinola,49 Alpine Avenue,11254,NY,aspinolae1@hatena.ne.jp
507,Reena Dyster,17 Washington Park,63136,MO,rdystere2@blogspot.com
508,Thacher Giraldez,6884 American Ash Point,20816,MD,tgiraldeze3@google.co.uk
509,Avictor Ivasyushkin,844 Becker Way,01114,MA,aivasyushkine4@who.int
510,Alano Caffery,94305 Steensland Avenue,80249,CO,acafferye5@trellian.com
511,Idaline Yitshak,358 Sage Drive,29240,SC,iyitshake6@printfriendly.com
512,Iain Reddan,085 Darwin Circle,02163,MA,ireddane7@ow.ly
513,Rockey De Malchar,613 Crest Line Street,90398,CA,rdee8@earthlink.net
514,Smith Thring,3 Darwin Plaza,76105,TX,sthringe9@istockphoto.com
515,Cam McBoyle,03402 Bluestem Parkway,83711,ID,cmcboyleea@fotki.com
516,Izabel Woolf,64 Rusk Plaza,89105,NV,iwoolfeb@ifeng.com
517,Berry Curme,06601 Walton Pass,49505,MI,bcurmeec@moonfruit.com
518,Archy Srutton,1 Arrowood Plaza,40205,KY,asruttoned@soundcloud.com
519,Ivonne Ferreri,895 Golf Course Place,38114,TN,iferreriee@sohu.com
520,Waylan Waddilove,2987 Westerfield Point,31106,GA,wwaddiloveef@discuz.net
521,Raddy Goodale,97 Everett Place,30316,GA,rgoodaleeg@globo.com
522,Norma Helleckas,5276 Bluejay Alley,25356,WV,nhelleckaseh@java.com
523,Eirena Marriage,07832 Maywood Crossing,78703,TX,emarriageei@who.int
524,Keelia Purdom,545 Northridge Trail,47719,IN,kpurdomej@archive.org
525,Emory Denniss,55443 Corscot Lane,31904,GA,edennissek@4shared.com
526,Lynelle De Blasi,05396 Bultman Street,70129,LA,ldeel@state.tx.us
527,Theressa Charity,621 Eastlawn Junction,15240,PA,tcharityem@blogs.com
528,Penny Lissemore,43 Vermont Hill,14652,NY,plissemoreen@yahoo.co.jp
529,Kenton Hazle,2 Old Shore Lane,34479,FL,khazleeo@state.tx.us
530,Gideon Streetley,0696 New Castle Park,80217,CO,gstreetleyep@ihg.com
531,Dimitri Folley,1907 Little Fleur Way,97312,OR,dfolleyeq@earthlink.net
532,Antonetta Cuesta,3 Luster Avenue,94263,CA,acuestaer@rakuten.co.jp
533,Lucais Rubinowitz,4 Dakota Pass,27710,NC,lrubinowitzes@twitter.com
534,Nalani Oxx,1682 Jackson Alley,83705,ID,noxxet@google.co.jp
535,Max Shall,462 Comanche Alley,94089,CA,mshalleu@wiley.com
536,Don Sherlock,774 Barby Lane,06145,CT,dsherlockev@yellowbook.com
537,Henrietta Dummer,6 Mcguire Place,25389,WV,hdummerew@flickr.com
538,Ameline Cerith,6269 Birchwood Alley,74141,OK,acerithex@economist.com
539,Ardenia Thatcham,9516 Maryland Trail,89135,NV,athatchamey@microsoft.com
540,Emilio Kettlestringe,397 Thierer Point,92555,CA,ekettlestringeez@gnu.org
541,Joy Probbin,67494 Warbler Drive,33647,FL,jprobbinf0@tmall.com
542,Korella Malletratt,946 Milwaukee Park,98185,WA,kmalletrattf1@earthlink.net
543,Dari Challen,44 Village Place,38161,TN,dchallenf2@twitpic.com
544,Jennette Abbots,55967 Sachs Junction,22096,VA,jabbotsf3@xrea.com
545,Maddy Lightbowne,081 Almo Center,11210,NY,mlightbownef4@stanford.edu
546,Johna Illingworth,8448 Buena Vista Drive,62723,IL,jillingworthf5@com.com
547,Alick Pecey,80 Maryland Point,84403,UT,apeceyf6@printfriendly.com
548,Ianthe Fantin,703 Rockefeller Alley,10120,NY,ifantinf7@squidoo.com
549,Fleurette Hurdiss,347 Ramsey Court,20005,DC,fhurdissf8@barnesandnoble.com
550,Romona Moorton,991 Lien Junction,91210,CA,rmoortonf9@weibo.com
551,Lacie Mariette,08089 4th Alley,30092,GA,lmariettefa@webeden.co.uk
552,Glennis Dockerty,1460 Hoepker Way,76711,TX,gdockertyfb@alibaba.com
553,Alina Assante,0503 Main Plaza,20057,DC,aassantefc@usgs.gov
554,Bradford Ferriman,28 Milwaukee Crossing,85748,AZ,bferrimanfd@weather.com
555,Tana ducarme,0969 Quincy Park,73179,OK,tducarmefe@nationalgeographic.com
556,Sallie Davidof,42 Gulseth Hill,44105,OH,sdavidofff@wufoo.com
557,Margareta Codner,77945 Kinsman Point,35905,AL,mcodnerfg@businesswire.com
558,Eliot Johnsee,541 Heffernan Hill,46231,IN,ejohnseefh@so-net.ne.jp
559,Dolley Hundell,91 Hallows Place,60351,IL,dhundellfi@usnews.com
560,Munmro Standen,84204 Graedel Junction,02283,MA,mstandenfj@instagram.com
561,Klemens Christley,8 Welch Junction,68510,NE,kchristleyfk@unblog.fr
562,Cleavland Prendergast,90 Pennsylvania Parkway,30605,GA,cprendergastfl@github.com
563,Nananne Garvie,26021 Fallview Street,34102,FL,ngarviefm@blogspot.com
564,Andy Overlow,394 Dennis Lane,95818,CA,aoverlowfn@skype.com
565,Karoly Kolodziej,89707 Drewry Point,44111,OH,kkolodziejfo@blogspot.com
566,Maximilianus Fernez,947 Lien Way,77201,TX,mfernezfp@devhub.com
567,Winnifred Zukerman,5 Oxford Circle,32230,FL,wzukermanfq@goo.gl
568,Barthel Dilliway,277 Thierer Alley,75210,TX,bdilliwayfr@delicious.com
569,Paton Ritchard,93 Atwood Alley,19058,PA,pritchardfs@taobao.com
570,Jaquenetta Rolfini,677 Merrick Parkway,40745,KY,jrolfinift@netvibes.com
571,Kiley Walley,827 Columbus Junction,55114,MN,kwalleyfu@dailymotion.com
572,Leodora Gaddas,17 Carberry Terrace,55402,MN,lgaddasfv@imageshack.us
573,Jack Sorsbie,9 Forest Alley,67215,KS,jsorsbiefw@japanpost.jp
574,Louie Roon,60810 Swallow Way,29305,SC,lroonfx@ted.com
575,Laurene Cordelle,7 Packers Street,87115,NM,lcordellefy@spotify.com
576,Dede Boyer,3780 Chive Trail,92668,CA,dboyerfz@bandcamp.com
577,Hamel Craxford,10425 Ridgeway Crossing,19610,PA,hcraxfordg0@reference.com
578,Euell Canas,1 Buell Street,28205,NC,ecanasg1@illinois.edu
579,Marris Dunstan,9207 Northland Circle,37995,TN,mdunstang2@dropbox.com
580,Cele Kobu,30 Buhler Hill,53215,WI,ckobug3@delicious.com
581,Gayler Ebdin,935 School Drive,92812,CA,gebding4@redcross.org
582,Jasmin Naire,16 Green Pass,25711,WV,jnaireg5@twitpic.com
583,Selma Warrior,89206 Muir Pass,68105,NE,swarriorg6@wikipedia.org
584,Melisande Arrundale,07 Warner Road,10160,NY,marrundaleg7@printfriendly.com
585,Sheelah Zeale,126 Anzinger Lane,20546,DC,szealeg8@dion.ne.jp
586,Amabel Cogzell,04 Dennis Place,33436,FL,acogzellg9@europa.eu
587,Konstanze Whitworth,0 Debs Center,90305,CA,kwhitworthga@cisco.com
588,Ingram Seaton,0 Killdeer Circle,44705,OH,iseatongb@ftc.gov
589,Garold Luttger,4437 Valley Edge Court,98133,WA,gluttgergc@house.gov
590,Darcy Peddowe,2 Homewood Park,91125,CA,dpeddowegd@admin.ch
591,Gregoire Widdup,959 Havey Parkway,94116,CA,gwiddupge@joomla.org
592,Lynna Brittain,4 Tennyson Alley,33742,FL,lbrittaingf@surveymonkey.com
593,Alyse Bangiard,17706 Butterfield Avenue,76796,TX,abangiardgg@va.gov
594,Fleming Lamborne,8226 Helena Avenue,77050,TX,flambornegh@facebook.com
595,Ethel Chiommienti,8 Manitowish Way,48912,MI,echiommientigi@de.vu
596,Sasha Kydd,354 Pepper Wood Road,46266,IN,skyddgj@techcrunch.com
597,Starla Reddecliffe,524 Straubel Terrace,27710,NC,sreddecliffegk@creativecommons.org
598,Suzanna McGow,11 Hanson Center,59112,MT,smcgowgl@moonfruit.com
599,Mariel Mattingson,0 Texas Place,28805,NC,mmattingsongm@wikipedia.org
600,Jacenta Eake,4 Dottie Lane,46852,IN,jeakegn@smugmug.com
601,Cinda Arington,98 Arrowood Terrace,48670,MI,caringtongo@icio.us
602,Nigel Ledgister,8149 Cascade Center,79977,TX,nledgistergp@rakuten.co.jp
603,Michail Michelin,5626 Talisman Road,93715,CA,mmichelingq@usa.gov
604,Cullie Lisciandri,852 Browning Junction,27710,NC,clisciandrigr@archive.org
605,Neale Ballach,8399 Canary Lane,64179,MO,nballachgs@parallels.com
606,Junie Fuster,22363 Dayton Crossing,20226,DC,jfustergt@ocn.ne.jp
607,Ashlen Alenshev,188 Forest Circle,43666,OH,aalenshevgu@mysql.com
608,Ashely Labro,40 International Hill,60609,IL,alabrogv@ycombinator.com
609,Stephannie De Cleen,307 Columbus Pass,97075,OR,sdegw@hhs.gov
610,Nisse Parysowna,11042 Kipling Park,40745,KY,nparysownagx@shutterfly.com
611,Tripp Kunzelmann,060 Sachtjen Parkway,92883,CA,tkunzelmanngy@liveinternet.ru
612,Shirley Jeary,6 Sycamore Lane,94147,CA,sjearygz@cnbc.com
613,Thoma Paoletto,563 Veith Drive,23208,VA,tpaolettoh0@tuttocitta.it
614,Bendite Cutill,579 Sherman Pass,20046,DC,bcutillh1@digg.com
615,Durand Coverly,6 Morrow Alley,01152,MA,dcoverlyh2@vk.com
616,Sarene Coldbathe,1455 East Court,28247,NC,scoldbatheh3@i2i.jp
617,Evelina Aleveque,9 5th Avenue,07305,NJ,ealevequeh4@netvibes.com
618,Mina Moro,6 Mayer Place,80249,CO,mmoroh5@wunderground.com
619,Rex Craghead,70353 Eagle Crest Drive,77281,TX,rcragheadh6@de.vu
620,Wanda Smidmor,31 Shelley Center,02203,MA,wsmidmorh7@slideshare.net
621,Hetti Linkleter,6 Clyde Gallagher Terrace,36114,AL,hlinkleterh8@accuweather.com
622,York Willcott,2 Elka Street,55428,MN,ywillcotth9@youtu.be
623,Boote Klimowski,7249 Ryan Way,45414,OH,bklimowskiha@java.com
624,Leyla Priddy,2695 Vera Street,91606,CA,lpriddyhb@hhs.gov
625,Noby Kenvin,04 Russell Trail,98506,WA,nkenvinhc@wordpress.com
626,Georgi Sea,71958 Spaight Street,02305,MA,gseahd@surveymonkey.com
627,Molli Arnaudon,60332 Kedzie Center,38114,TN,marnaudonhe@marketwatch.com
628,Ruthi Lindwall,9269 Barby Drive,38308,TN,rlindwallhf@forbes.com
629,Seana Thornbarrow,29141 Dawn Plaza,28278,NC,sthornbarrowhg@people.com.cn
630,Boycie Sargint,09242 Eastlawn Place,55470,MN,bsarginthh@ibm.com
631,Biron Buyers,93 Graedel Center,20892,MD,bbuyershi@pcworld.com
632,Erina Mattingley,1 Hagan Plaza,10160,NY,emattingleyhj@ezinearticles.com
633,Poul Berger,7151 Huxley Court,32835,FL,pbergerhk@ted.com
634,Wood Sprowles,32517 Forest Run Pass,55557,MN,wsprowleshl@squarespace.com
635,Alfonse Beecroft,0085 Schurz Parkway,32405,FL,abeecrofthm@icq.com
636,Darryl Wheble,01 Rieder Crossing,77228,TX,dwheblehn@last.fm
637,Aimil Downie,1 Buena Vista Place,33647,FL,adownieho@odnoklassniki.ru
638,Stanford Walthall,056 South Parkway,47805,IN,swalthallhp@people.com.cn
639,Paloma Hemeret,7 Golf Course Way,32304,FL,phemerethq@weather.com
640,Madelle de Clerq,6 Burrows Court,89120,NV,mdehr@domainmarket.com
641,Juliet Gatehouse,22963 Hayes Point,90847,CA,jgatehousehs@webnode.com
642,Fannie Jeays,3920 Monica Center,90605,CA,fjeaysht@shinystat.com
643,Elene Hearne,066 Green Ridge Park,94116,CA,ehearnehu@dailymotion.com
644,Kameko Whybrow,12410 Upham Place,94159,CA,kwhybrowhv@scientificamerican.com
645,Elvira Haymes,29 Lake View Center,32505,FL,ehaymeshw@t.co
646,Amery Battany,9532 Banding Hill,71115,LA,abattanyhx@google.nl
647,Fedora Lippett,6 Petterle Circle,13251,NY,flippetthy@theglobeandmail.com
648,Karrie Sketch,72483 Blue Bill Park Road,63104,MO,ksketchhz@smh.com.au
649,Tanner Danbi,8 Mifflin Street,75310,TX,tdanbii0@princeton.edu
650,Saloma Fourman,1 Daystar Place,20883,MD,sfourmani1@ucoz.com
651,Elroy Worrell,3 Lotheville Circle,27455,NC,eworrelli2@cornell.edu
652,Courtenay Mohun,039 Prairieview Plaza,19125,PA,cmohuni3@list-manage.com
653,Sven Roughey,22671 Arrowood Avenue,78749,TX,srougheyi4@businesswire.com
654,Glynis Lattie,87541 Magdeline Hill,38131,TN,glattiei5@plala.or.jp
655,Shanon Jepperson,69743 Oriole Circle,73173,OK,sjeppersoni6@psu.edu
656,Ahmad Yosifov,71891 Haas Lane,80228,CO,ayosifovi7@symantec.com
657,Fitz Crandon,34 David Street,40250,KY,fcrandoni8@symantec.com
658,Osbert Booker,8 Fallview Crossing,36177,AL,obookeri9@chronoengine.com
659,Cymbre Coolican,2341 Brentwood Place,88553,TX,ccoolicania@amazon.de
660,Reinold Jzak,2548 Lawn Circle,20205,DC,rjzakib@icq.com
661,Fidelity Wippermann,6651 Anthes Park,87190,NM,fwippermannic@arizona.edu
662,Tyrus Woloschinski,7412 Cordelia Circle,79415,TX,twoloschinskiid@mtv.com
663,Clim Roxbee,13855 Jana Lane,76796,TX,croxbeeie@so-net.ne.jp
664,Garwin O' Shea,094 Summit Circle,44905,OH,goif@shareasale.com
665,Peggi Winson,8 Little Fleur Trail,57105,SD,pwinsonig@deliciousdays.com
666,Luce Deaton,42390 Jenna Center,35242,AL,ldeatonih@google.it
667,Sullivan Constantine,9830 Eagan Drive,24034,VA,sconstantineii@sourceforge.net
668,Mortimer Denes,95391 Norway Maple Avenue,92056,CA,mdenesij@wiley.com
669,Leo Tankard,24 Crownhardt Avenue,87180,NM,ltankardik@google.com
670,Averil Kitchingman,80450 Lien Drive,78285,TX,akitchingmanil@seattletimes.com
671,Misha Cottee,0229 Anthes Avenue,20215,DC,mcotteeim@fema.gov
672,Emile Garrigan,74582 Redwing Crossing,33715,FL,egarriganin@illinois.edu
673,Harmonie Jekyll,3 Mallard Alley,33737,FL,hjekyllio@who.int
674,Haleigh Dmisek,639 Crownhardt Court,18768,PA,hdmisekip@census.gov
675,Emilee McMeeking,561 Esch Trail,20910,MD,emcmeekingiq@t.co
676,Nikki Petasch,06507 Ohio Point,75221,TX,npetaschir@360.cn
677,Winslow Rittmeyer,129 Union Crossing,78715,TX,writtmeyeris@mapy.cz
678,Albrecht Croston,91 Granby Pass,75236,TX,acrostonit@newyorker.com
679,Elayne Baison,70702 Stone Corner Trail,06673,CT,ebaisoniu@zdnet.com
680,Dru Danielovitch,971 Ronald Regan Alley,14619,NY,ddanielovitchiv@mozilla.org
681,Emyle Gainsbury,702 Bobwhite Drive,35487,AL,egainsburyiw@altervista.org
682,Cirilo Garrod,47 Chinook Parkway,29424,SC,cgarrodix@biblegateway.com
683,Demetra Carlone,2 Scoville Court,33705,FL,dcarloneiy@theatlantic.com
684,Colin Killimister,580 Armistice Hill,81015,CO,ckillimisteriz@marriott.com
685,Horton Pennyman,8 Ilene Hill,94110,CA,hpennymanj0@addtoany.com
686,Diandra Lineham,9816 Ludington Parkway,60663,IL,dlinehamj1@pinterest.com
687,Harrietta Pudge,57 Troy Junction,10280,NY,hpudgej2@delicious.com
688,Jena Kembley,8223 Graceland Court,01605,MA,jkembleyj3@simplemachines.org
689,Calley MacGilpatrick,1 Eastwood Lane,76134,TX,cmacgilpatrickj4@independent.co.uk
690,Walton Olifard,560 Cody Court,76011,TX,wolifardj5@a8.net
691,Dacie Innes,33 Pierstorff Place,46406,IN,dinnesj6@ca.gov
692,Haily Ploughwright,0 South Court,32314,FL,hploughwrightj7@ed.gov
693,Waly Kester,077 Northview Point,30358,GA,wkesterj8@about.com
694,Gaynor Adshead,8419 Karstens Parkway,90087,CA,gadsheadj9@meetup.com
695,Paul Casetti,72 Hoard Terrace,44760,OH,pcasettija@google.com.hk
696,Jobye Hansell,3648 Onsgard Court,27621,NC,jhanselljb@spiegel.de
697,Niki Tagg,21682 Lakeland Park,76016,TX,ntaggjc@freewebs.com
698,Obed Slemming,16 Raven Street,13210,NY,oslemmingjd@gmpg.org
699,Archer Skaid,0422 Eagle Crest Drive,45213,OH,askaidje@so-net.ne.jp
700,Ginevra Haddrill,24 Doe Crossing Pass,92825,CA,ghaddrilljf@furl.net
701,Martynne Stinchcombe,745 Nevada Hill,94142,CA,mstinchcombejg@miibeian.gov.cn
702,Iolanthe Sambell,8 Bunker Hill Crossing,97075,OR,isambelljh@ted.com
703,Bertina Dmitrienko,8673 Morningstar Center,75251,TX,bdmitrienkoji@tinyurl.com
704,Sherline Amos,1059 Menomonie Center,48224,MI,samosjj@creativecommons.org
705,Jeffie Insoll,69434 Manufacturers Trail,20268,DC,jinsolljk@gnu.org
706,Tildy Millsom,046 Brown Crossing,40546,KY,tmillsomjl@va.gov
707,Darlene Pealing,85 International Junction,11044,NY,dpealingjm@blogspot.com
708,Gratia Chamberlain,72590 Red Cloud Pass,00214,NH,gchamberlainjn@hp.com
709,Sharona Leuty,9 Anzinger Road,27157,NC,sleutyjo@weather.com
710,Martin Jatczak,0 Michigan Way,66215,KS,mjatczakjp@prnewswire.com
711,Lauraine Darker,4621 Lunder Way,95108,CA,ldarkerjq@epa.gov
712,Daniel Canniffe,62271 Kensington Street,44310,OH,dcanniffejr@chron.com
713,Valaree Nottram,260 Crowley Park,74116,OK,vnottramjs@vimeo.com
714,Chloette Dymick,4778 Butterfield Alley,92176,CA,cdymickjt@weather.com
715,Clem Balmann,589 Carberry Way,06673,CT,cbalmannju@oaic.gov.au
716,Susan Jocelyn,3182 Thompson Point,79452,TX,sjocelynjv@photobucket.com
717,Honor Tesmond,1 Burrows Terrace,23471,VA,htesmondjw@ustream.tv
718,Edik Rable,20061 Anzinger Drive,60669,IL,erablejx@sphinn.com
719,Ilsa Maleham,97 Troy Alley,55572,MN,imalehamjy@npr.org
720,Devan Portman,70458 Mcguire Avenue,25711,WV,dportmanjz@csmonitor.com
721,Morty Worrell,71719 Norway Maple Court,77844,TX,mworrellk0@4shared.com
722,Gregoor Castellanos,111 Banding Street,20409,DC,gcastellanosk1@springer.com
723,Freedman Epelett,13478 Anthes Street,31704,GA,fepelettk2@squidoo.com
724,Murial Kenyon,7 Crowley Court,34479,FL,mkenyonk3@skyrock.com
725,Timoteo Berrecloth,4960 Carpenter Place,94137,CA,tberreclothk4@independent.co.uk
726,Abagail Arnout,1641 Harper Road,15286,PA,aarnoutk5@nba.com
727,Annie Bumpass,2960 Springs Road,30311,GA,abumpassk6@usgs.gov
728,Daniella Rutherford,0024 Rieder Alley,24040,VA,drutherfordk7@etsy.com
729,Nikaniki Cambling,39884 4th Terrace,79934,TX,ncamblingk8@cdbaby.com
730,Tatum Wasbey,96912 Macpherson Alley,75226,TX,twasbeyk9@nps.gov
731,Cirstoforo Scibsey,424 Welch Place,48919,MI,cscibseyka@blogtalkradio.com
732,Ivonne Strothers,93723 Helena Alley,84093,UT,istrotherskb@dot.gov
733,Erminia Kiffin,23727 Declaration Parkway,49048,MI,ekiffinkc@joomla.org
734,Maye Muddimer,2952 Division Alley,39236,MS,mmuddimerkd@imageshack.us
735,Fidelia Brushneen,6 Calypso Junction,72231,AR,fbrushneenke@linkedin.com
736,Lindsay Piddock,444 Shopko Junction,45020,OH,lpiddockkf@addthis.com
737,Stanwood Stayt,85 West Junction,39204,MS,sstaytkg@google.nl
738,Humfrey Delatour,03 North Place,85215,AZ,hdelatourkh@51.la
739,Antone Dagless,192 Hintze Parkway,40293,KY,adaglesski@skyrock.com
740,Coralyn Blaise,3 Rigney Pass,92844,CA,cblaisekj@miitbeian.gov.cn
741,Valina Romao,30123 Petterle Pass,88553,TX,vromaokk@infoseek.co.jp
742,Julina Waycott,32242 Melby Park,45208,OH,jwaycottkl@ftc.gov
743,Michell Jewett,5 Duke Road,78703,TX,mjewettkm@dot.gov
744,Gerard Rieger,404 Glacier Hill Point,19136,PA,griegerkn@ft.com
745,Robinett Greenhaugh,01 West Avenue,27626,NC,rgreenhaughko@gnu.org
746,Brew Andresser,74116 Victoria Parkway,11241,NY,bandresserkp@wikispaces.com
747,Mac Morriarty,5127 Texas Court,97201,OR,mmorriartykq@newsvine.com
748,Reinald Huff,202 David Drive,28314,NC,rhuffkr@tuttocitta.it
749,Philipa Houten,57716 Pennsylvania Circle,80291,CO,phoutenks@epa.gov
750,Cora Jordi,3483 Pawling Lane,20580,DC,cjordikt@hubpages.com
751,Marven Rapier,0674 Di Loreto Circle,19605,PA,mrapierku@vimeo.com
752,Cole Semmence,05 Stang Lane,25705,WV,csemmencekv@un.org
753,Gustaf Bentall,50 Lillian Parkway,61825,IL,gbentallkw@globo.com
754,Leigha Covert,262 Randy Alley,48901,MI,lcovertkx@auda.org.au
755,Genna Cottell,7 Lunder Court,92170,CA,gcottellky@exblog.jp
756,Yetty Flescher,52 Victoria Circle,16565,PA,yflescherkz@scribd.com
757,Viole Kubat,4 Oakridge Circle,92619,CA,vkubatl0@hao123.com
758,Ax Walicki,69 Chinook Road,35215,AL,awalickil1@alexa.com
759,Roderich O'Sharry,3088 Acker Terrace,90030,CA,rosharryl2@joomla.org
760,Michelina Mably,7 Pearson Circle,07112,NJ,mmablyl3@cmu.edu
761,Ailee Roache,0615 Manley Place,83732,ID,aroachel4@archive.org
762,Alastair Hubbuck,13328 Londonderry Center,88006,NM,ahubbuckl5@unicef.org
763,Feodor Lombardo,10 Raven Circle,28205,NC,flombardol6@amazonaws.com
764,Sisely Wedon,75 Menomonie Crossing,84145,UT,swedonl7@whitehouse.gov
765,Fernanda Scedall,53 Arrowood Way,14220,NY,fscedalll8@cisco.com
766,Rupert Joanic,0 Grim Center,25716,WV,rjoanicl9@cornell.edu
767,Yvette Dunham,01103 Melrose Alley,45228,OH,ydunhamla@ifeng.com
768,Joya Vernau,29803 Miller Plaza,36125,AL,jvernaulb@fotki.com
769,Meagan Northridge,476 Veith Plaza,10110,NY,mnorthridgelc@economist.com
770,Carlyle Sendall,492 Monument Park,40298,KY,csendallld@xinhuanet.com
771,Willem MacKartan,1 International Point,85271,AZ,wmackartanle@unblog.fr
772,Kasper Hunter,8 Lakewood Gardens Road,23242,VA,khunterlf@telegraph.co.uk
773,Jordanna McLarens,65 Jenna Place,85067,AZ,jmclarenslg@nationalgeographic.com
774,Nora Woller,602 Ilene Hill,31904,GA,nwollerlh@smh.com.au
775,Tobe Whitchurch,8 Bayside Parkway,28220,NC,twhitchurchli@purevolume.com
776,Marlow Newiss,28 Pierstorff Pass,80150,CO,mnewisslj@java.com
777,Clemmie Alastair,20198 Talmadge Hill,20910,MD,calastairlk@dmoz.org
778,Timi Falshaw,031 Debs Point,65105,MO,tfalshawll@globo.com
779,Veronika Dignall,43 Surrey Lane,35805,AL,vdignalllm@deliciousdays.com
780,Jude Foxwell,43 Florence Circle,30061,GA,jfoxwellln@walmart.com
781,Biddie Swyer,851 Lake View Road,12222,NY,bswyerlo@altervista.org
782,Robinson Barrack,48 Schiller Terrace,33715,FL,rbarracklp@wordpress.com
783,Jonathan Siddon,8 Thompson Court,77015,TX,jsiddonlq@netscape.com
784,Even Cockling,741 Northridge Hill,87140,NM,ecocklinglr@bbb.org
785,Nadean Brockhurst,2 Packers Pass,85205,AZ,nbrockhurstls@yolasite.com
786,Fowler Wetherhead,59 Algoma Street,68524,NE,fwetherheadlt@boston.com
787,Christalle Fearnill,540 Pennsylvania Street,57188,SD,cfearnilllu@trellian.com
788,Eydie Dighton,1432 Grayhawk Way,53779,WI,edightonlv@dyndns.org
789,Addie Knutton,669 Lakewood Gardens Terrace,92115,CA,aknuttonlw@geocities.jp
790,Pammie Sparrow,67 Hansons Pass,27415,NC,psparrowlx@hhs.gov
791,Merna Hawksby,9 Eagle Crest Circle,61635,IL,mhawksbyly@freewebs.com
792,Beryl Yeardsley,18 Haas Lane,76004,TX,byeardsleylz@diigo.com
793,Alair Skakunas,3 South Center,20540,DC,askakunasm0@abc.net.au
794,Oralla Wildt,02 Montana Trail,85040,AZ,owildtm1@google.it
795,Conny Astbery,66 Michigan Junction,34745,FL,castberym2@pcworld.com
796,Coraline Cornu,97247 Mosinee Point,78245,TX,ccornum3@buzzfeed.com
797,Jacky Lovegrove,93 Old Gate Hill,12232,NY,jlovegrovem4@dailymail.co.uk
798,Sherm Venmore,29504 West Parkway,78235,TX,svenmorem5@github.com
799,Shay Kearley,70 Melvin Avenue,20310,DC,skearleym6@purevolume.com
800,Genevra Sherbrooke,424 Atwood Plaza,00214,NH,gsherbrookem7@ucla.edu
801,Kennie Simmonite,6 Tennyson Plaza,85025,AZ,ksimmonitem8@reference.com
802,Gertruda Sylvester,9 Esch Way,94605,CA,gsylvesterm9@reuters.com
803,Ardra Tripet,5 Anzinger Hill,77095,TX,atripetma@sohu.com
804,Mischa Garioch,51258 Lunder Point,78415,TX,mgariochmb@hao123.com
805,Gloriane Riepel,8243 Starling Junction,06726,CT,griepelmc@forbes.com
806,Stanford Belbin,50577 Colorado Lane,33432,FL,sbelbinmd@google.com
807,Giff Armal,68560 Pawling Center,32859,FL,garmalme@nhs.uk
808,Jobyna Backe,0129 Fieldstone Hill,62756,IL,jbackemf@stumbleupon.com
809,Valma Cainey,1200 Warner Lane,78726,TX,vcaineymg@wired.com
810,Camala Matthewman,4659 Sullivan Crossing,80920,CO,cmatthewmanmh@newyorker.com
811,Margot Woollard,5 Cascade Way,33325,FL,mwoollardmi@seattletimes.com
812,Aura Fortoun,3732 Messerschmidt Road,10292,NY,afortounmj@sphinn.com
813,Joceline Cornu,766 Bultman Plaza,85311,AZ,jcornumk@canalblog.com
814,Blake Salandino,4 Browning Court,35405,AL,bsalandinoml@indiegogo.com
815,Easter Bohling,6930 Shasta Crossing,63136,MO,ebohlingmm@usgs.gov
816,Adelaida MacLaig,81945 Judy Way,02142,MA,amaclaigmn@shop-pro.jp
817,Nichols Kellert,3 Iowa Street,70174,LA,nkellertmo@macromedia.com
818,Justine Whitticks,8936 Del Sol Terrace,60657,IL,jwhitticksmp@ning.com
819,Marjorie Judge,022 Grasskamp Point,84125,UT,mjudgemq@gmpg.org
820,Doyle Buckney,2 Jay Parkway,24503,VA,dbuckneymr@hao123.com
821,Garrot Lyman,197 Petterle Alley,20404,DC,glymanms@twitpic.com
822,Jocelyn Egdal,4831 Daystar Road,75379,TX,jegdalmt@state.tx.us
823,Min Longthorn,7 Arkansas Point,94105,CA,mlongthornmu@live.com
824,Dall Rome,58 Buhler Crossing,10060,NY,dromemv@businessinsider.com
825,Richie Kiehne,1 Jackson Terrace,43615,OH,rkiehnemw@imdb.com
826,Carolan Wevell,70117 Talmadge Hill,20525,DC,cwevellmx@gravatar.com
827,Ula Alcido,74 Trailsway Parkway,64144,MO,ualcidomy@nyu.edu
828,Freeman Carsey,21953 Bonner Street,10150,NY,fcarseymz@google.fr
829,Felic Hayller,27 Ruskin Alley,53234,WI,fhayllern0@hugedomains.com
830,Rodney Roglieri,6864 6th Plaza,33169,FL,rroglierin1@pen.io
831,Kissiah Dyball,218 Union Center,39204,MS,kdyballn2@newsvine.com
832,Denice Osinin,170 Macpherson Drive,50369,IA,dosininn3@stanford.edu
833,Ariella Diggles,3546 Village Green Court,79950,TX,adigglesn4@ezinearticles.com
834,Corrina Ziemens,0788 Old Shore Street,31106,GA,cziemensn5@storify.com
835,Sophi Elletson,440 Granby Court,73129,OK,selletsonn6@spiegel.de
836,Ivie Prando,9801 Talmadge Circle,90810,CA,iprandon7@list-manage.com
837,Maisie Beltzner,605 Luster Circle,23242,VA,mbeltznern8@163.com
838,Rhodie Dimbylow,60 Summit Hill,20397,DC,rdimbylown9@comsenz.com
839,Salvatore Terzi,1588 Westerfield Avenue,74116,OK,sterzina@imgur.com
840,Lyn Hanretty,1822 Bellgrove Plaza,32304,FL,lhanrettynb@wikimedia.org
841,Simon Wollen,4 Prentice Crossing,85005,AZ,swollennc@usnews.com
842,Rosella Boxall,04605 Bartelt Point,43610,OH,rboxallnd@arizona.edu
843,Toby Narbett,26 Shasta Center,27710,NC,tnarbettne@naver.com
844,Gibby Muneely,62 Sommers Street,50335,IA,gmuneelynf@storify.com
845,Erasmus Hinz,77961 Melrose Way,71166,LA,ehinzng@netscape.com
846,Mackenzie MacKinnon,3129 Loeprich Center,45440,OH,mmackinnonnh@theatlantic.com
847,Pierre Haddrell,3256 Northfield Court,63136,MO,phaddrellni@cnn.com
848,Stevana Elion,57925 Green Ridge Crossing,25362,WV,selionnj@de.vu
849,Andy Priestland,46 Waywood Center,64109,MO,apriestlandnk@altervista.org
850,Genevra Iacomo,3660 Pawling Crossing,85015,AZ,giacomonl@mtv.com
851,Joy Rapper,5080 Graedel Terrace,66286,KS,jrappernm@scribd.com
852,Alejandrina Oselton,04087 Toban Place,92137,CA,aoseltonnn@shinystat.com
853,Conroy Pes,6868 Elgar Lane,33305,FL,cpesno@opera.com
854,Purcell Roden,68 Eastwood Way,80209,CO,prodennp@admin.ch
855,Henryetta Erskine,51 Rusk Drive,62705,IL,herskinenq@wisc.edu
856,Goldi Paintain,06722 Talisman Point,48224,MI,gpaintainnr@plala.or.jp
857,Jo-anne Mattielli,3255 Carey Street,44177,OH,jmattiellins@mozilla.com
858,Carlos Eberts,4 Raven Drive,89125,NV,cebertsnt@youtu.be
859,Maxwell Cunnington,7029 Graedel Trail,60435,IL,mcunningtonnu@umich.edu
860,Jackqueline Offord,085 Rieder Court,40618,KY,joffordnv@i2i.jp
861,Sheelagh Truitt,564 Scofield Lane,30045,GA,struittnw@nature.com
862,Sisile Antonescu,89845 Birchwood Court,70005,LA,santonescunx@hhs.gov
863,Allard Decroix,990 Havey Court,64193,MO,adecroixny@wunderground.com
864,Carey Pilmore,267 Onsgard Pass,50310,IA,cpilmorenz@cbslocal.com
865,Lombard Kitchen,91468 Lillian Hill,98115,WA,lkitcheno0@prlog.org
866,Reggie Edmons,9 Talmadge Way,48211,MI,redmonso1@de.vu
867,Nichole Ebbotts,5950 Butterfield Park,40287,KY,nebbottso2@newsvine.com
868,Lucina Scherme,2392 Lien Place,77271,TX,lschermeo3@drupal.org
869,Peadar Baguley,21 Hintze Pass,16550,PA,pbaguleyo4@miibeian.gov.cn
870,Phillida Heisler,58202 Blue Bill Park Park,32808,FL,pheislero5@cyberchimps.com
871,Karena Kryszka,18 Dwight Parkway,10079,NY,kkryszkao6@youku.com
872,April Coltart,15629 Thompson Trail,47306,IN,acoltarto7@princeton.edu
873,Andrea Jeaycock,691 Lyons Point,33164,FL,ajeaycocko8@wordpress.org
874,Rhetta Kiernan,377 Prairie Rose Park,06510,CT,rkiernano9@howstuffworks.com
875,Felicdad Lilley,67 Columbus Drive,40618,KY,flilleyoa@mediafire.com
876,Marchelle Begbie,49442 Transport Junction,22212,VA,mbegbieob@unesco.org
877,Valeria Lamperti,8685 6th Parkway,85053,AZ,vlampertioc@boston.com
878,Julio Wyld,0951 Swallow Avenue,96825,HI,jwyldod@fotki.com
879,Lew Lightfoot,22274 Toban Trail,66642,KS,llightfootoe@omniture.com
880,Bondon Reskelly,6 Cherokee Terrace,47905,IN,breskellyof@noaa.gov
881,Gaylor Gilardoni,94 Westridge Road,16522,PA,ggilardoniog@irs.gov
882,Darryl Harly,67 Sauthoff Circle,48930,MI,dharlyoh@hhs.gov
883,Melisandra De Mattei,96292 Mosinee Way,25356,WV,mdeoi@squarespace.com
884,Arden Readings,584 Maple Wood Place,11225,NY,areadingsoj@webnode.com
885,Jacklin Matus,8931 Sheridan Street,77005,TX,jmatusok@shutterfly.com
886,Adelice Mulgrew,1619 Briar Crest Alley,91406,CA,amulgrewol@sina.com.cn
887,Tiphani Fairn,97444 Corry Pass,73167,OK,tfairnom@jiathis.com
888,Steffie Thomason,8357 Hazelcrest Junction,78426,TX,sthomasonon@4shared.com
889,Selle Garling,7 Troy Hill,92160,CA,sgarlingoo@boston.com
890,Eduardo Exer,140 Randy Junction,47405,IN,eexerop@wsj.com
891,Krishna Learmonth,47 Emmet Parkway,55811,MN,klearmonthoq@myspace.com
892,Pearla Wetter,4165 Hoepker Pass,40596,KY,pwetteror@yahoo.com
893,Nelle Colloby,351 Mallory Pass,66642,KS,ncollobyos@elegantthemes.com
894,Stevy Thumim,85296 Dawn Plaza,37235,TN,sthumimot@parallels.com
895,Rab Roughey,793 Dorton Way,93399,CA,rrougheyou@163.com
896,Charil Dockwra,6 Farragut Street,33673,FL,cdockwraov@yellowbook.com
897,Bradan De Atta,5862 Bunker Hill Alley,29625,SC,bdeow@dmoz.org
898,Carolyn Arnison,6355 Park Meadow Trail,85737,AZ,carnisonox@weibo.com
899,Della Thieme,4676 Straubel Circle,77228,TX,dthiemeoy@geocities.jp
900,Alf Huffey,09363 Pankratz Lane,94230,CA,ahuffeyoz@yandex.ru
901,Halley Dowbekin,71 Derek Road,80126,CO,hdowbekinp0@twitter.com
902,Jeremie Shurmer,92067 Farragut Lane,33499,FL,jshurmerp1@thetimes.co.uk
903,Gav Furphy,4523 Calypso Pass,76110,TX,gfurphyp2@salon.com
904,Randy Ackwood,625 Loomis Drive,98687,WA,rackwoodp3@deviantart.com
905,Omar Sagrott,59614 Barnett Place,06183,CT,osagrottp4@stanford.edu
906,Catrina Cumbes,81 Kingsford Drive,63121,MO,ccumbesp5@ox.ac.uk
907,Sansone Cowling,170 Kingsford Circle,33487,FL,scowlingp6@networkadvertising.org
908,Greer Sarten,545 1st Hill,20205,DC,gsartenp7@e-recht24.de
909,Toddy Gouinlock,744 Cottonwood Drive,78265,TX,tgouinlockp8@irs.gov
910,Andrey Tidswell,62375 Walton Circle,32259,FL,atidswellp9@sitemeter.com
911,Bevan Harbord,16 Thierer Court,33686,FL,bharbordpa@ucoz.ru
912,Ike Symcoxe,84 Jay Point,66629,KS,isymcoxepb@tumblr.com
913,Hermione Lamplugh,3204 Shasta Street,57105,SD,hlamplughpc@hhs.gov
914,Gonzalo Margetts,1395 Homewood Circle,99812,AK,gmargettspd@smugmug.com
915,Norrie Orro,089 Milwaukee Pass,93726,CA,norrope@de.vu
916,Jerry Breward,1 Bashford Way,21229,MD,jbrewardpf@ed.gov
917,Maud Rayment,0688 Tennyson Plaza,77085,TX,mraymentpg@last.fm
918,Kellie Dace,8982 Westerfield Park,84110,UT,kdaceph@arizona.edu
919,Aretha Fairclough,44487 Reindahl Junction,85737,AZ,afaircloughpi@baidu.com
920,Tallie Ghilks,40 Rockefeller Court,23605,VA,tghilkspj@google.co.jp
921,Patrice Coulthard,52 Wayridge Road,02458,MA,pcoulthardpk@pagesperso-orange.fr
922,Ricardo Tuppeny,30752 Susan Avenue,19714,DE,rtuppenypl@seesaa.net
923,Derwin Trinder,36 Valley Edge Center,19897,DE,dtrinderpm@tripadvisor.com
924,Kristyn Tollmache,81 Burning Wood Terrace,94660,CA,ktollmachepn@foxnews.com
925,Morey Keher,516 Donald Way,39282,MS,mkeherpo@shutterfly.com
926,Rory Messager,6 Sunbrook Circle,35215,AL,rmessagerpp@vkontakte.ru
927,Sephira Diviney,5496 Elgar Trail,91505,CA,sdivineypq@ustream.tv
928,Dan Wisniewski,67130 Maple Wood Trail,48335,MI,dwisniewskipr@163.com
929,Trish Liebmann,1 Dakota Road,31296,GA,tliebmannps@newsvine.com
930,Jackie Ostrich,06779 Jenifer Junction,06673,CT,jostrichpt@storify.com
931,Emelita Olding,392 Arizona Lane,79940,TX,eoldingpu@symantec.com
932,Nettie Dalby,9836 Westend Park,25770,WV,ndalbypv@pbs.org
933,Barron Gobourn,94 Del Sol Alley,33411,FL,bgobournpw@usnews.com
934,Hercule Sansum,425 Susan Terrace,33153,FL,hsansumpx@dailymotion.com
935,Marylynne Althrope,54 Colorado Park,19058,PA,malthropepy@bizjournals.com
936,Harriott Gwioneth,4 Westerfield Terrace,28289,NC,hgwionethpz@wunderground.com
937,Seline Poolman,4 Menomonie Parkway,37215,TN,spoolmanq0@nps.gov
938,Cammy Feldbau,256 Crownhardt Point,20719,MD,cfeldbauq1@examiner.com
939,Lorilyn Dubose,7 Transport Plaza,85715,AZ,lduboseq2@techcrunch.com
940,Jeanine Cerith,902 Lotheville Place,17140,PA,jcerithq3@go.com
941,George Wardale,428 Dennis Circle,67230,KS,gwardaleq4@weather.com
942,Cedric Flintiff,9987 Troy Parkway,73157,OK,cflintiffq5@businessweek.com
943,Valentijn Kasman,99 Manitowish Place,11225,NY,vkasmanq6@paypal.com
944,Sherry Wathey,910 Ridge Oak Parkway,85025,AZ,swatheyq7@ftc.gov
945,Charmain Quadrio,10 Jay Point,55402,MN,cquadrioq8@networksolutions.com
946,Alaster Plose,79542 Michigan Park,28278,NC,aploseq9@sbwire.com
947,Crystal Yakuntsov,50 Eagle Crest Lane,33330,FL,cyakuntsovqa@ox.ac.uk
948,Hallsy Bolf,1 Shasta Drive,31106,GA,hbolfqb@constantcontact.com
949,Florette Langshaw,92 Hauk Place,77281,TX,flangshawqc@msn.com
950,Bobbe Tuft,9 Cascade Road,94142,CA,btuftqd@deviantart.com
951,Fleurette Wratten,896 Green Ridge Court,55114,MN,fwrattenqe@dagondesign.com
952,Scot Jeckells,8 Westridge Court,78415,TX,sjeckellsqf@businesswire.com
953,Susanne Croose,9217 Starling Way,78250,TX,scrooseqg@facebook.com
954,Eartha Clemetts,97 Acker Circle,20319,DC,eclemettsqh@army.mil
955,Logan McNair,73 Fair Oaks Circle,80204,CO,lmcnairqi@wiley.com
956,Arni Shipcott,0 Little Fleur Center,93311,CA,ashipcottqj@vimeo.com
957,Selby Guerreiro,87307 8th Center,85067,AZ,sguerreiroqk@sohu.com
958,Caty Willoway,77 Logan Circle,39705,MS,cwillowayql@purevolume.com
959,Timoteo Gildersleaves,5 Vidon Crossing,37250,TN,tgildersleavesqm@livejournal.com
960,Roi Sango,87212 Portage Park,85030,AZ,rsangoqn@spotify.com
961,Baxter Totton,2 Golden Leaf Pass,02745,MA,btottonqo@tamu.edu
962,Luella Bassindale,0 Anzinger Terrace,77260,TX,lbassindaleqp@jalbum.net
963,Chickie Kaysor,76 7th Alley,20057,DC,ckaysorqq@google.com.hk
964,Prudence Lodwick,8 Dahle Plaza,80044,CO,plodwickqr@columbia.edu
965,Buddy Guirard,9 Sundown Road,46805,IN,bguirardqs@cafepress.com
966,Adelaida Lamba,3219 Bobwhite Way,74184,OK,alambaqt@fastcompany.com
967,Barton Leteurtre,3 Bowman Circle,29220,SC,bleteurtrequ@simplemachines.org
968,Brina Alenichicov,707 Pleasure Drive,31196,GA,balenichicovqv@unblog.fr
969,Barny Rodder,836 Mayer Terrace,92645,CA,brodderqw@accuweather.com
970,Celinda MacConchie,23437 Hanson Trail,11215,NY,cmacconchieqx@slideshare.net
971,Gasper Dales,67 Larry Alley,02905,RI,gdalesqy@livejournal.com
972,Germana Jacques,46 Sauthoff Lane,35405,AL,gjacquesqz@unicef.org
973,Tildi Jakucewicz,728 Reindahl Park,32314,FL,tjakucewiczr0@msn.com
974,Dannie Deaconson,0472 Fairfield Lane,28299,NC,ddeaconsonr1@php.net
975,Nealson Sutlieff,614 Bultman Trail,11247,NY,nsutlieffr2@shop-pro.jp
976,Titus Frankham,2462 Crownhardt Center,11480,NY,tfrankhamr3@ucsd.edu
977,Antone Capineer,5 Forest Junction,29416,SC,acapineerr4@uol.com.br
978,Lizette Peele,9804 Carberry Center,76105,TX,lpeeler5@squarespace.com
979,Leland Arnaudet,21 Everett Center,40505,KY,larnaudetr6@phpbb.com
980,Morgan Pealing,6 Dennis Pass,99599,AK,mpealingr7@microsoft.com
981,Jermayne Talmadge,14778 Talmadge Point,31405,GA,jtalmadger8@imdb.com
982,Benedikt Buddleigh,70678 Service Pass,39236,MS,bbuddleighr9@sbwire.com
983,Mischa Kitchen,226 Lunder Way,75605,TX,mkitchenra@about.com
984,Bab Farnsworth,52 Shoshone Drive,30386,GA,bfarnsworthrb@webnode.com
985,Emalia Simonite,2 Melby Trail,47732,IN,esimoniterc@facebook.com
986,Elisha Graalman,2541 Warrior Pass,75605,TX,egraalmanrd@yellowpages.com
987,Ly Burdfield,3 Prentice Junction,83732,ID,lburdfieldre@ebay.com
988,Javier Renfield,5694 Kings Plaza,46207,IN,jrenfieldrf@nymag.com
989,Missy Thieme,82 Lien Center,98447,WA,mthiemerg@craigslist.org
990,Larisa Thews,1 Manley Pass,79999,TX,lthewsrh@pinterest.com
991,Hendrik Mackie,9 6th Pass,15134,PA,hmackieri@patch.com
992,Abigale O' Dornan,180 Vahlen Drive,34745,FL,aorj@seattletimes.com
993,Rogers Furse,8 Quincy Crossing,90094,CA,rfurserk@desdev.cn
994,Erhart Van der Beek,77 Eliot Road,95194,CA,evanrl@comsenz.com
995,Der de Quesne,8 David Drive,97229,OR,dderm@ning.com
996,Bjorn Necrews,732 Glendale Court,48930,MI,bnecrewsrn@netlog.com
997,Kaitlyn Humphery,3808 Ludington Street,46266,IN,khumpheryro@pinterest.com
998,Cristionna Lingley,7996 Superior Park,06183,CT,clingleyrp@wordpress.org
999,Arleen Borrell,1 Sage Avenue,30356,GA,aborrellrq@si.edu
1000,Rip Kenyam,58024 Fairfield Way,99790,AK,rkenyamrr@mozilla.org
