id,name,address,zipcode,state,email
1,Flss Lie,0306 Warrior Plaza,40505,KY,flie0@cpanel.net
2,Ruperta Sprigg,7 Leroy Street,28230,NC,rsprigg1@addthis.com
3,Doreen Pidgeley,3187 Dottie Crossing,31165,GA,dpidgeley2@list-manage.com
4,Raye Tuiller,69668 Kennedy Park,92415,CA,rtuiller3@who.int
5,Ulrikaumeko Duley,9683 Londonderry Terrace,92410,CA,uduley4@dot.gov
6,Hendrik Yeeles,2406 Derek Park,98166,WA,hyeeles5@vistaprint.com
7,Loleta Dytham,51076 Cascade Place,85255,AZ,ldytham6@nytimes.com
8,Garrard Musker,85176 Anzinger Avenue,48258,MI,gmusker7@gravatar.com
9,Mary Baglan,2 Kings Hill,34102,FL,mbaglan8@t-online.de
10,Gus Simmonett,816 Oakridge Parkway,60669,IL,gsimmonett9@unblog.fr
11,Rhys Brookwood,5156 Summer Ridge Street,74126,OK,rbrookwooda@pen.io
12,Tessa Duer,57 Nelson Park,35236,AL,tduerb@reuters.com
13,Adrianne Bollen,59 Swallow Alley,29215,SC,abollenc@alexa.com
14,Scotty Rickert,73 Mayer Court,37919,TN,srickertd@woothemes.com
15,Durante Cressor,29825 Dwight Hill,50393,IA,dcressore@elpais.com
16,Hagan Dafforne,4818 Dawn Street,80299,CO,hdaffornef@princeton.edu
17,Cristi Light,45243 Doe Crossing Hill,90020,CA,clightg@ucoz.com
18,Atalanta Loade,87 Tennessee Drive,73147,OK,aloadeh@cbslocal.com
19,Petronella Moat,957 Corben Circle,76011,TX,pmoati@shinystat.com
20,Kelly Grinov,79317 Kedzie Parkway,27626,NC,kgrinovj@wikipedia.org
21,Webster Cairney,006 Becker Crossing,35487,AL,wcairneyk@mediafire.com
22,Freeman Rehme,1553 Starling Trail,88579,TX,frehmel@rakuten.co.jp
23,Ham Ellissen,54684 Sachtjen Terrace,38181,TN,hellissenm@ca.gov
24,Thorsten Pomeroy,16 Hansons Trail,76310,TX,tpomeroyn@uiuc.edu
25,Weider MacIlory,48673 Center Plaza,89150,NV,wmaciloryo@a8.net
26,Heath Gristwood,15200 Nova Hill,20337,DC,hgristwoodp@netscape.com
27,Feliza Malafe,9451 Bultman Center,44321,OH,fmalafeq@phpbb.com
28,Reggie Gigg,92 American Center,77554,TX,rgiggr@pen.io
29,Judye Stevens,9566 Green Terrace,55590,MN,jstevenss@behance.net
30,Mayne Marchington,01 Cottonwood Crossing,63169,MO,mmarchingtont@webmd.com
31,Myer Moultrie,08916 Green Center,94605,CA,mmoultrieu@weebly.com
32,Jasmine Fyndon,12 Towne Avenue,33487,FL,jfyndonv@smugmug.com
33,Conny Pim,7 Northland Road,20591,DC,cpimw@trellian.com
34,Katina Blundin,63681 Victoria Center,40287,KY,kblundinx@ow.ly
35,Jacki Parsand,52 Sachtjen Court,93709,CA,jparsandy@instagram.com
36,Eveleen Miguel,8913 Weeping Birch Drive,33633,FL,emiguelz@sourceforge.net
37,Mallorie Mossdale,4951 Sunnyside Road,73119,OK,mmossdale10@nih.gov
38,Xaviera Passy,33 High Crossing Court,18763,PA,xpassy11@photobucket.com
39,Mart Nisco,41 Dottie Lane,89550,NV,mnisco12@jigsy.com
40,Fredek Renforth,30056 Barby Point,20540,DC,frenforth13@xinhuanet.com
41,Lyndsey Croshaw,07 Porter Crossing,89714,NV,lcroshaw14@alibaba.com
42,Linnet Bruce,72 Algoma Avenue,21239,MD,lbruce15@cbc.ca
43,Rozanne Abrey,490 Eagle Crest Plaza,45403,OH,rabrey16@yellowpages.com
44,Melba Rosenauer,7 Waxwing Plaza,95210,CA,mrosenauer17@infoseek.co.jp
45,Oliy Clouston,35 Grayhawk Lane,60691,IL,oclouston18@cpanel.net
46,Lissie Newdick,60 Artisan Hill,99205,WA,lnewdick19@princeton.edu
47,Paula Kuscha,0 Sauthoff Way,70607,LA,pkuscha1a@liveinternet.ru
48,Padraic Helkin,563 Schiller Hill,71213,LA,phelkin1b@mozilla.org
49,Nelie Brumwell,76 Sloan Trail,93399,CA,nbrumwell1c@examiner.com
50,Ange Friary,448 Mayer Circle,55557,MN,afriary1d@people.com.cn
51,Latashia Ferrand,69711 Kingsford Terrace,34620,FL,lferrand1e@discuz.net
52,Angelo Borthe,4084 Portage Street,20851,MD,aborthe1f@tripadvisor.com
53,Lindy Carnduff,84 Butterfield Place,38104,TN,lcarnduff1g@microsoft.com
54,Emilee Shutte,9 Transport Alley,97405,OR,eshutte1h@ftc.gov
55,Vallie Jancey,69243 Marcy Drive,90410,CA,vjancey1i@mail.ru
56,Starlin Thebe,9171 Roxbury Center,34102,FL,sthebe1j@bing.com
57,Horton Ferencowicz,81106 Cherokee Lane,92121,CA,hferencowicz1k@nationalgeographic.com
58,Evangelia Grewes,5974 Laurel Terrace,06127,CT,egrewes1l@quantcast.com
59,Harcourt Wavish,4 6th Drive,79699,TX,hwavish1m@so-net.ne.jp
60,Hew Cayle,70492 Oriole Plaza,06505,CT,hcayle1n@ibm.com
61,Garret Toffaloni,2698 Pepper Wood Alley,06816,CT,gtoffaloni1o@amazonaws.com
62,Zenia Climson,8260 Artisan Lane,25305,WV,zclimson1p@utexas.edu
63,Carmencita Hawkridge,92724 Troy Street,78769,TX,chawkridge1q@mtv.com
64,Carina Moniker,10 Johnson Point,45208,OH,cmoniker1r@macromedia.com
65,Michel Lecointe,3 Monument Avenue,55585,MN,mlecointe1s@yelp.com
66,Calla Litterick,1258 Lyons Court,25389,WV,clitterick1t@studiopress.com
67,Melony Ibbetson,5 Butterfield Alley,46266,IN,mibbetson1u@aboutads.info
68,Kimmy Grgic,799 South Terrace,88541,TX,kgrgic1v@uiuc.edu
69,Carlotta Pettendrich,3 Green Trail,80291,CO,cpettendrich1w@skyrock.com
70,Stepha Durant,6 Elmside Park,77305,TX,sdurant1x@mail.ru
71,Marge Irvine,2901 Buhler Alley,33018,FL,mirvine1y@exblog.jp
72,Iain Thoresby,708 Crownhardt Parkway,33731,FL,ithoresby1z@smugmug.com
73,Sherlock Farfalameev,29 Heath Parkway,20370,DC,sfarfalameev20@samsung.com
74,Tildy Jzhakov,06 Lakeland Street,06606,CT,tjzhakov21@networkadvertising.org
75,Melvin Lamminam,9 Waywood Crossing,45228,OH,mlamminam22@time.com
76,Joe Coultish,47593 Clyde Gallagher Junction,78769,TX,jcoultish23@privacy.gov.au
77,Cooper Harbison,61 Superior Pass,89193,NV,charbison24@weibo.com
78,Genny Moorey,76173 Kings Road,33543,FL,gmoorey25@instagram.com
79,Waylen Nowlan,4249 Browning Parkway,20918,MD,wnowlan26@marketwatch.com
80,Clement Hutchinges,52 Springview Drive,97405,OR,chutchinges27@wunderground.com
81,Paul Blair,1463 Calypso Hill,95397,CA,pblair28@artisteer.com
82,Fletch Boggis,9808 Norway Maple Junction,30130,GA,fboggis29@cdbaby.com
83,Noreen Kleinberer,4425 Pawling Parkway,23504,VA,nkleinberer2a@cnbc.com
84,Marylee Royson,04 Hauk Parkway,18768,PA,mroyson2b@google.pl
85,Ettore Hares,77152 Florence Junction,33686,FL,ehares2c@hao123.com
86,Estel Bathersby,49615 Melby Avenue,75392,TX,ebathersby2d@tiny.cc
87,Gail Talmadge,6 Loomis Hill,30245,GA,gtalmadge2e@imgur.com
88,Donnie Myerscough,8 Loomis Junction,70616,LA,dmyerscough2f@cam.ac.uk
89,Garth Ivkovic,86669 La Follette Lane,19131,PA,givkovic2g@gravatar.com
90,Nadine Giacovetti,56533 4th Plaza,76134,TX,ngiacovetti2h@disqus.com
91,Lauraine Lovitt,68 Mcbride Pass,89510,NV,llovitt2i@topsy.com
92,Merell Strivens,2203 Kings Street,49560,MI,mstrivens2j@mozilla.com
93,Evania McPeake,461 Anhalt Plaza,20022,DC,emcpeake2k@google.cn
94,Lorelle Woolforde,443 4th Parkway,94297,CA,lwoolforde2l@shinystat.com
95,Rebekkah Guttridge,750 Mandrake Place,85067,AZ,rguttridge2m@yahoo.com
96,Connie De Gregorio,21342 Fairview Place,79491,TX,cde2n@parallels.com
97,Nalani Bauer,753 Shelley Lane,77305,TX,nbauer2o@sciencedirect.com
98,Hewie Bernhardsson,160 Northwestern Trail,45213,OH,hbernhardsson2p@1688.com
99,Thaxter Denisovich,7853 Walton Plaza,20210,DC,tdenisovich2q@csmonitor.com
100,Bridie Pariso,2 Southridge Street,98140,WA,bpariso2r@epa.gov
101,Dian Kochs,0 Glendale Hill,84110,UT,dkochs2s@desdev.cn
102,Taylor Greathead,378 Russell Terrace,70149,LA,tgreathead2t@dot.gov
103,Nanni Kielt,1 Bultman Place,85020,AZ,nkielt2u@ucoz.com
104,Evin Buggs,29 Bayside Pass,20520,DC,ebuggs2v@tinyurl.com
105,Currie Reeveley,9 Farragut Hill,61640,IL,creeveley2w@about.com
106,Miriam Iglesiaz,231 Ilene Lane,88006,NM,miglesiaz2x@xrea.com
107,Wynn Currington,9183 Stuart Court,64190,MO,wcurrington2y@nps.gov
108,Rick Caughey,396 Clarendon Point,15255,PA,rcaughey2z@joomla.org
109,Kirstin Baptist,1522 Kropf Hill,50706,IA,kbaptist30@mediafire.com
110,Hollyanne Oxley,16 Mitchell Trail,94712,CA,hoxley31@constantcontact.com
111,Bel Grishechkin,6160 Cody Lane,31132,GA,bgrishechkin32@elpais.com
112,Dell Ratazzi,05924 Tony Crossing,79605,TX,dratazzi33@vk.com
113,Matias Geggie,28 Holy Cross Road,18505,PA,mgeggie34@msu.edu
114,Corbet Warsop,1 Dwight Parkway,33913,FL,cwarsop35@gravatar.com
115,Drucie Lippo,1341 Bowman Center,53220,WI,dlippo36@wikia.com
116,Lek McBeath,9 Mayer Junction,91606,CA,lmcbeath37@hexun.com
117,Rawley Davinet,6 David Point,94660,CA,rdavinet38@cnn.com
118,Renell Bytheway,2 Homewood Parkway,30375,GA,rbytheway39@bluehost.com
119,Cathie Ellingford,4072 Pepper Wood Plaza,68110,NE,cellingford3a@scribd.com
120,Stephani Ghidotti,6405 Waubesa Parkway,85015,AZ,sghidotti3b@google.it
121,Cate Ruslinge,213 Heath Alley,91117,CA,cruslinge3c@wisc.edu
122,Ranna Bainbrigge,62342 Mariners Cove Hill,47747,IN,rbainbrigge3d@reuters.com
123,Portie Longrigg,931 Schurz Pass,02405,MA,plongrigg3e@yellowpages.com
124,Adair Gibbens,670 Sunfield Center,36622,AL,agibbens3f@acquirethisname.com
125,Maddy Sola,77115 Mandrake Trail,94291,CA,msola3g@ebay.com
126,Lennie Laxson,09352 Vera Trail,30368,GA,llaxson3h@google.com.br
127,Magdalen Yurinov,8740 Memorial Way,34949,FL,myurinov3i@friendfeed.com
128,Arnuad Larive,227 Shelley Hill,88584,TX,alarive3j@delicious.com
129,Ursulina Stanluck,7 Rowland Pass,27264,NC,ustanluck3k@com.com
130,Monroe Antonikov,17 Hanover Terrace,89120,NV,mantonikov3l@weibo.com
131,Dallas Hurkett,4427 Schlimgen Street,55103,MN,dhurkett3m@mtv.com
132,Wyndham Kindleside,55 Eastlawn Park,78769,TX,wkindleside3n@163.com
133,Cristi Jurisch,343 Artisan Plaza,75231,TX,cjurisch3o@homestead.com
134,Teriann Schimoni,6 Canary Avenue,07505,NJ,tschimoni3p@thetimes.co.uk
135,Nissy Prynne,002 Maple Wood Pass,58106,ND,nprynne3q@live.com
136,Regan Acres,35491 Grim Parkway,78205,TX,racres3r@usda.gov
137,Sibeal Dziwisz,62862 American Drive,45271,OH,sdziwisz3s@typepad.com
138,Marjy Falkus,60541 Blue Bill Park Drive,90847,CA,mfalkus3t@cyberchimps.com
139,Jimmie Flobert,842 Glacier Hill Trail,64054,MO,jflobert3u@linkedin.com
140,Idalia Davie,690 Harper Court,84120,UT,idavie3v@diigo.com
141,Abbie Hargie,028 Brentwood Point,12205,NY,ahargie3w@npr.org
142,Robyn Esby,8 Tony Road,55557,MN,resby3x@nationalgeographic.com
143,Ham Gitthouse,5219 Heath Way,83722,ID,hgitthouse3y@ft.com
144,Darrel Castagnaro,72 Eggendart Place,58122,ND,dcastagnaro3z@networksolutions.com
145,Franciska Ricold,57 Havey Pass,75221,TX,fricold40@wikimedia.org
146,Glyn McKeon,890 Chinook Place,95405,CA,gmckeon41@youtube.com
147,Glyn Marsay,018 Erie Trail,46202,IN,gmarsay42@blogger.com
148,Mose Pittel,86 Killdeer Parkway,10184,NY,mpittel43@examiner.com
149,Deedee Cassius,0 Forest Run Pass,46857,IN,dcassius44@cnbc.com
150,Markos Trevorrow,74 Namekagon Junction,64149,MO,mtrevorrow45@multiply.com
151,Duke Gooda,26 Forest Dale Plaza,94207,CA,dgooda46@nbcnews.com
152,Clive Gariff,2 Memorial Park,25389,WV,cgariff47@walmart.com
153,Kristien Bestar,72483 5th Park,40233,KY,kbestar48@shinystat.com
154,Valdemar Jansik,29 Buena Vista Center,23324,VA,vjansik49@hhs.gov
155,Madelle Tortice,19 Del Sol Junction,61640,IL,mtortice4a@cmu.edu
156,Sigismund Pacher,16969 Huxley Park,96820,HI,spacher4b@desdev.cn
157,Jill Battman,84275 Buena Vista Park,30380,GA,jbattman4c@vistaprint.com
158,Rachel Dinning,60 Loftsgordon Circle,95354,CA,rdinning4d@washington.edu
159,Avrom Collie,42 Marcy Center,55114,MN,acollie4e@slashdot.org
160,Babita Reedyhough,97 Sunnyside Crossing,84135,UT,breedyhough4f@dot.gov
161,Loretta Maingot,165 Reinke Point,94147,CA,lmaingot4g@feedburner.com
162,Cymbre Sinclar,79 Loeprich Place,33158,FL,csinclar4h@gmpg.org
163,Dyane La Grange,831 Arapahoe Plaza,13251,NY,dla4i@miitbeian.gov.cn
164,Garrard Barreau,5 Arizona Hill,33164,FL,gbarreau4j@skype.com
165,Kerwin Reffe,0 Sauthoff Crossing,48335,MI,kreffe4k@arstechnica.com
166,Derrik Ralfe,8 Annamark Way,55103,MN,dralfe4l@slate.com
167,Candida Crufts,92 Mifflin Place,38143,TN,ccrufts4m@friendfeed.com
168,Karia Redfearn,42228 Oxford Court,35254,AL,kredfearn4n@wikipedia.org
169,Delaney Swaffield,64 Esch Street,55417,MN,dswaffield4o@tiny.cc
170,Gallard Lampke,0538 Express Point,06721,CT,glampke4p@artisteer.com
171,Llywellyn Pickston,40641 Schurz Terrace,63169,MO,lpickston4q@e-recht24.de
172,Sherye Granham,33153 Grayhawk Hill,33129,FL,sgranham4r@themeforest.net
173,Henrietta Dinsmore,8 Aberg Terrace,33355,FL,hdinsmore4s@paypal.com
174,Silvain Sheal,18983 Pennsylvania Way,83711,ID,ssheal4t@ameblo.jp
175,Derward Strethill,7177 Declaration Way,19104,PA,dstrethill4u@shinystat.com
176,Kakalina Hrihorovich,579 Eastlawn Court,06120,CT,khrihorovich4v@twitter.com
177,Clemmie Ollie,1 Jackson Court,92127,CA,collie4w@newsvine.com
178,Amelina Naismith,2 Warner Center,20099,DC,anaismith4x@odnoklassniki.ru
179,Culver Mantle,67095 Stone Corner Plaza,40210,KY,cmantle4y@earthlink.net
180,Heida Allworthy,6 Truax Crossing,33315,FL,hallworthy4z@youtu.be
181,Ken Brewett,4280 Veith Court,32277,FL,kbrewett50@yahoo.com
182,Kathlin Gladtbach,1940 Calypso Parkway,02208,MA,kgladtbach51@indiatimes.com
183,Ranna Jeynes,30104 Moulton Circle,01114,MA,rjeynes52@i2i.jp
184,Katherina Raddenbury,4916 Sachtjen Road,20719,MD,kraddenbury53@ezinearticles.com
185,Hyacintha Haste,51 Summer Ridge Parkway,80905,CO,hhaste54@wunderground.com
186,Althea Chatto,871 Buena Vista Drive,30506,GA,achatto55@vistaprint.com
187,Cherice Scotson,26 Tennyson Center,29805,SC,cscotson56@walmart.com
188,Uriel Ruxton,8 Donald Crossing,77040,TX,uruxton57@symantec.com
189,Rogerio Grieve,92 Walton Court,30392,GA,rgrieve58@dropbox.com
190,Samuele Mowle,77269 Algoma Alley,38114,TN,smowle59@moonfruit.com
191,Sonia Dhenin,23897 Elmside Street,45408,OH,sdhenin5a@wsj.com
192,Isadora Heindl,6 Barnett Lane,68505,NE,iheindl5b@blogtalkradio.com
193,Angelia Ivashchenko,2 Longview Drive,79916,TX,aivashchenko5c@columbia.edu
194,Shurlocke Lockitt,01811 Quincy Street,77015,TX,slockitt5d@homestead.com
195,Wells Fritter,69345 Bowman Terrace,33673,FL,wfritter5e@w3.org
196,Lise McAne,9737 Aberg Hill,70593,LA,lmcane5f@bing.com
197,Conn Worrill,8 Carioca Point,37410,TN,cworrill5g@tuttocitta.it
198,Catrina De Ambrosis,611 Sullivan Court,15134,PA,cde5h@usgs.gov
199,Germain Ormshaw,15464 Magdeline Point,76505,TX,gormshaw5i@de.vu
200,Val Sextone,07460 Granby Trail,07195,NJ,vsextone5j@i2i.jp
201,Elmo Demschke,15578 Spaight Way,75074,TX,edemschke5k@ucla.edu
202,Ingaborg Azemar,614 Comanche Crossing,50393,IA,iazemar5l@baidu.com
203,Brodie Bispham,958 Elmside Plaza,20099,DC,bbispham5m@nydailynews.com
204,Jolynn Balazot,4355 Paget Terrace,55551,MN,jbalazot5n@unicef.org
205,Vikky Carress,3550 Magdeline Plaza,24024,VA,vcarress5o@yahoo.co.jp
206,Maury Shoppee,614 Summerview Place,25716,WV,mshoppee5p@flavors.me
207,Allan Belfitt,3343 Lighthouse Bay Point,80915,CO,abelfitt5q@bizjournals.com
208,Yasmin Mithun,4 Village Green Center,99517,AK,ymithun5r@ibm.com
209,Frederigo Featherstonhalgh,008 Darwin Avenue,40205,KY,ffeatherstonhalgh5s@ask.com
210,Carmelia Slite,1633 Alpine Place,80249,CO,cslite5t@indiatimes.com
211,Delora Karolewski,81 Kinsman Junction,43699,OH,dkarolewski5u@list-manage.com
212,Sammy Wellard,4 David Pass,10454,NY,swellard5v@howstuffworks.com
213,Chickie Cholomin,8 Dottie Junction,77281,TX,ccholomin5w@xrea.com
214,Brigham Axten,69 Sutherland Hill,91125,CA,baxten5x@cafepress.com
215,Ivett Yurenin,22946 Jenna Center,87140,NM,iyurenin5y@altervista.org
216,Donnell Strowlger,2 Rowland Circle,22156,VA,dstrowlger5z@exblog.jp
217,Lisa MacLeod,41 Dennis Pass,14220,NY,lmacleod60@utexas.edu
218,Lisetta Chatband,9605 Victoria Court,68197,NE,lchatband61@theglobeandmail.com
219,Ruttger Rolls,841 Mallard Park,77015,TX,rrolls62@parallels.com
220,Egon Newart,92 Algoma Junction,33963,FL,enewart63@ehow.com
221,Archambault Abethell,604 Kings Way,89135,NV,aabethell64@toplist.cz
222,Andrea Spensley,90568 Kennedy Circle,24503,VA,aspensley65@hibu.com
223,Rea Wakeford,77931 Waxwing Circle,92127,CA,rwakeford66@seesaa.net
224,Faulkner Jilliss,548 Bultman Avenue,84135,UT,fjilliss67@twitter.com
225,Chaunce Saxon,29454 Cody Street,33647,FL,csaxon68@cargocollective.com
226,Deeyn Bumphrey,6 Springs Center,85710,AZ,dbumphrey69@bloomberg.com
227,Tanny Goulborne,70 Di Loreto Center,21747,MD,tgoulborne6a@spiegel.de
228,Ugo Fairtlough,00 Riverside Hill,02472,MA,ufairtlough6b@wired.com
229,Jo Vawton,2658 Sundown Trail,66215,KS,jvawton6c@hud.gov
230,Ariana Agdahl,69857 Becker Alley,23504,VA,aagdahl6d@wikia.com
231,Beitris Gyrgorwicx,46816 Macpherson Way,10014,NY,bgyrgorwicx6e@independent.co.uk
232,Liuka Bogart,19903 Cascade Pass,84189,UT,lbogart6f@xrea.com
233,Fleur Jakubovitch,8448 Portage Place,33153,FL,fjakubovitch6g@craigslist.org
234,Holly-anne Cottey,16 Mitchell Alley,32969,FL,hcottey6h@typepad.com
235,Rosalia Ghirigori,52 Welch Park,94137,CA,rghirigori6i@hhs.gov
236,Amandi Ziemsen,13964 Glendale Circle,33680,FL,aziemsen6j@soundcloud.com
237,Danita Demageard,32722 Cody Parkway,34605,FL,ddemageard6k@disqus.com
238,Aryn Heinreich,9 Huxley Park,77255,TX,aheinreich6l@wordpress.org
239,Lyda Trustey,6 Shopko Park,92110,CA,ltrustey6m@moonfruit.com
240,Emmy McKeady,5577 Monica Point,60681,IL,emckeady6n@slashdot.org
241,Dirk Cone,88202 Sherman Park,79605,TX,dcone6o@skype.com
242,Tiffany Cluet,854 Monica Trail,02905,RI,tcluet6p@technorati.com
243,Lissa McCambrois,60 Butterfield Point,64101,MO,lmccambrois6q@booking.com
244,Lorene Semkins,63557 Reinke Lane,77388,TX,lsemkins6r@livejournal.com
245,Wolf Ricold,8367 Cordelia Lane,10305,NY,wricold6s@joomla.org
246,Vernor Carlsen,28551 Jackson Crossing,48295,MI,vcarlsen6t@hexun.com
247,Archie Cantrell,62252 Kedzie Way,24020,VA,acantrell6u@cornell.edu
248,Cassaundra Killoran,9 Mcguire Terrace,58106,ND,ckilloran6v@360.cn
249,Dniren Izakovitz,553 Portage Junction,89125,NV,dizakovitz6w@skyrock.com
250,Muhammad Marsden,33 Chinook Pass,78710,TX,mmarsden6x@census.gov
251,Dorette Causby,67 Lien Center,11436,NY,dcausby6y@nytimes.com
252,Sandy MacFadyen,72 Tomscot Point,12242,NY,smacfadyen6z@sbwire.com
253,Fields Coston,4258 Acker Way,92186,CA,fcoston70@mail.ru
254,Cindra Duckwith,062 Daystar Way,45228,OH,cduckwith71@tinypic.com
255,Dayna Fruchter,541 Bowman Crossing,20244,DC,dfruchter72@simplemachines.org
256,Sande Ourry,741 Loftsgordon Trail,32835,FL,sourry73@prnewswire.com
257,Armstrong Aleksandrev,97 Hansons Street,70883,LA,aaleksandrev74@aol.com
258,Antone Prescote,0 Hoffman Lane,25705,WV,aprescote75@gmpg.org
259,Pavel Gorton,429 Montana Point,79415,TX,pgorton76@alibaba.com
260,Dionne Raulstone,305 Pennsylvania Terrace,70187,LA,draulstone77@fc2.com
261,Anabelle Bernhardt,1872 Old Gate Parkway,45432,OH,abernhardt78@wiley.com
262,Giustina Ferraraccio,05 Sachs Park,19172,PA,gferraraccio79@amazon.co.jp
263,Elise Swinfon,052 Gulseth Point,64153,MO,eswinfon7a@reverbnation.com
264,Ilsa Pead,14 Cherokee Terrace,70005,LA,ipead7b@bloglines.com
265,Alain Lissaman,123 Green Ridge Street,66699,KS,alissaman7c@scribd.com
266,Maxim Goodredge,074 Amoth Junction,31205,GA,mgoodredge7d@spiegel.de
267,Becca Harvey,181 Petterle Lane,94544,CA,bharvey7e@utexas.edu
268,Hodge Batman,17 Twin Pines Pass,75507,TX,hbatman7f@hatena.ne.jp
269,Nollie Renihan,3906 Fordem Drive,55590,MN,nrenihan7g@jugem.jp
270,Daphna Dodding,1832 Summerview Place,22047,VA,ddodding7h@google.com.hk
271,Ira Dundon,859 Parkside Avenue,48126,MI,idundon7i@hostgator.com
272,Margi Martinello,4 Meadow Vale Point,95113,CA,mmartinello7j@disqus.com
273,Tobin Sandever,97100 Clove Way,76198,TX,tsandever7k@sogou.com
274,Emylee Kenningley,300 Hoepker Parkway,94230,CA,ekenningley7l@istockphoto.com
275,Lauryn Bixley,4799 Reindahl Parkway,92505,CA,lbixley7m@earthlink.net
276,Delilah Ruperti,2 Butternut Pass,31704,GA,druperti7n@netscape.com
277,Hendrika Magenny,154 Brentwood Alley,44310,OH,hmagenny7o@berkeley.edu
278,Conroy Espy,4 Memorial Avenue,64190,MO,cespy7p@huffingtonpost.com
279,Tami Bearns,558 Grover Avenue,91913,CA,tbearns7q@arizona.edu
280,Vanya Rollo,00 Hallows Terrace,80905,CO,vrollo7r@goo.gl
281,Del Vallery,61 Brickson Park Drive,78296,TX,dvallery7s@ca.gov
282,Kristine Pesak,8973 8th Terrace,45440,OH,kpesak7t@sogou.com
283,Adelbert Titman,6 Autumn Leaf Circle,60208,IL,atitman7u@liveinternet.ru
284,Ginny Tibald,52165 Burrows Court,85743,AZ,gtibald7v@mapquest.com
285,Mercy Pearsall,445 Heath Circle,29416,SC,mpearsall7w@newyorker.com
286,Myrtice Di Giacomettino,55 Melody Road,33487,FL,mdi7x@seesaa.net
287,Caria Grain,40879 Bartelt Junction,11215,NY,cgrain7y@epa.gov
288,Sterling Salandino,74 Dayton Court,99522,AK,ssalandino7z@webmd.com
289,Raymund Runsey,1 Donald Avenue,68117,NE,rrunsey80@amazon.com
290,Maury Upsale,7 Parkside Road,32868,FL,mupsale81@flavors.me
291,Tarrance Middis,4 Esker Crossing,59771,MT,tmiddis82@mayoclinic.com
292,Sophronia Messingham,2049 Columbus Crossing,92170,CA,smessingham83@utexas.edu
293,Ely Tremethack,58404 Oak Point,91520,CA,etremethack84@ning.com
294,Leia Lotze,0846 Dovetail Alley,36104,AL,llotze85@networksolutions.com
295,Bay Lewtey,90 Walton Alley,30195,GA,blewtey86@amazon.com
296,Tera Weatherby,5 Eastwood Trail,37939,TN,tweatherby87@gmpg.org
297,Romain Groveham,46778 Meadow Valley Street,33180,FL,rgroveham88@chicagotribune.com
298,Adamo Pavinese,29078 Manley Court,92555,CA,apavinese89@mozilla.com
299,Mariana Garratt,55889 Kinsman Park,94616,CA,mgarratt8a@mozilla.com
300,Concordia Glass,2 Oriole Court,64153,MO,cglass8b@instagram.com
301,Wolfgang Bergeau,0921 Eggendart Trail,94660,CA,wbergeau8c@soup.io
302,Isabella Greenaway,31956 School Plaza,68110,NE,igreenaway8d@china.com.cn
303,Tomkin Marjoribanks,3590 Continental Lane,23464,VA,tmarjoribanks8e@zimbio.com
304,Odetta Sigfrid,808 Cody Place,77015,TX,osigfrid8f@istockphoto.com
305,Berk Crewdson,44200 Buhler Road,99215,WA,bcrewdson8g@toplist.cz
306,Chucho Ivanchenkov,0 Dwight Alley,22309,VA,civanchenkov8h@printfriendly.com
307,Florida Zarb,878 Spaight Road,15205,PA,fzarb8i@elegantthemes.com
308,Zach Shellum,7132 Eagle Crest Street,95894,CA,zshellum8j@google.de
309,Lauritz Stammler,0 3rd Hill,98405,WA,lstammler8k@ucla.edu
310,Kore Fairfoull,28 Sloan Place,46266,IN,kfairfoull8l@weather.com
311,Ranique DeSousa,915 Grasskamp Pass,20073,DC,rdesousa8m@over-blog.com
312,Moyra Stenton,3 Texas Court,36670,AL,mstenton8n@prweb.com
313,Ezri Gherardi,7 Roth Place,92137,CA,egherardi8o@umich.edu
314,Eleanor MacAree,123 Blackbird Pass,73124,OK,emacaree8p@google.de
315,Martino Skehens,8911 Talmadge Lane,32969,FL,mskehens8q@arizona.edu
316,Viola Coates,87 Hanson Road,99599,AK,vcoates8r@whitehouse.gov
317,Steffi Utteridge,5 Stone Corner Alley,11231,NY,sutteridge8s@indiatimes.com
318,Haskell Nuttey,1 Merry Center,07208,NJ,hnuttey8t@bbc.co.uk
319,Vernice Entwhistle,2894 6th Plaza,32255,FL,ventwhistle8u@sfgate.com
320,Torry Nimmo,55 Manley Pass,49048,MI,tnimmo8v@is.gd
321,Laurice Hailey,2 Donald Street,63150,MO,lhailey8w@soundcloud.com
322,Royall Devo,633 Melby Plaza,44760,OH,rdevo8x@yandex.ru
323,Joice Eddisford,95041 Parkside Street,14233,NY,jeddisford8y@theglobeandmail.com
324,Berny Iffland,73568 Aberg Drive,40618,KY,biffland8z@is.gd
325,Port Cridlon,02344 Lake View Park,11236,NY,pcridlon90@tripadvisor.com
326,Carolus Maskell,33 Nancy Point,80005,CO,cmaskell91@delicious.com
327,Arabella Lomasney,8003 Helena Center,48126,MI,alomasney92@cloudflare.com
328,Rey Kornas,3 Heath Crossing,85748,AZ,rkornas93@alibaba.com
329,Gustav Brierton,170 Crownhardt Road,96825,HI,gbrierton94@sakura.ne.jp
330,Jard Tremberth,18385 Mendota Street,06726,CT,jtremberth95@newyorker.com
331,Marcus Gladwell,83221 West Place,80005,CO,mgladwell96@indiegogo.com
332,Chevy Roads,416 Fairfield Court,78764,TX,croads97@ca.gov
333,Dollie Dover,1648 Kim Crossing,84403,UT,ddover98@omniture.com
334,Carole Armall,46 Hooker Street,50393,IA,carmall99@com.com
335,Judas Saterthwait,7411 Starling Parkway,63131,MO,jsaterthwait9a@bloglines.com
336,Giles Grimster,712 Marquette Point,81010,CO,ggrimster9b@feedburner.com
337,Noelani Dell Casa,56845 Kim Lane,91199,CA,ndell9c@forbes.com
338,Burch Still,3523 Lakewood Terrace,77085,TX,bstill9d@uiuc.edu
339,Rosabelle Alcido,6 Amoth Hill,45203,OH,ralcido9e@fastcompany.com
340,Quintus Pawle,81 Pearson Circle,85705,AZ,qpawle9f@seattletimes.com
341,Magnum Duker,85084 Warner Place,94132,CA,mduker9g@guardian.co.uk
342,Ginger Reihill,527 Sommers Park,99790,AK,greihill9h@webmd.com
343,Maddie Ghioni,51705 Arkansas Way,33915,FL,mghioni9i@biglobe.ne.jp
344,Kylynn MacKowle,9 Havey Alley,66215,KS,kmackowle9j@abc.net.au
345,Paten Mecco,643 Dakota Circle,72905,AR,pmecco9k@imdb.com
346,Chiquita Guille,7199 Park Meadow Junction,95298,CA,cguille9l@abc.net.au
347,Andras Pavlov,7 Oxford Court,85077,AZ,apavlov9m@altervista.org
348,Padgett Sammon,43787 Arapahoe Alley,34745,FL,psammon9n@geocities.jp
349,Georgie Jovicevic,3 Rusk Alley,89178,NV,gjovicevic9o@bandcamp.com
350,Agnesse Cundey,95 Hauk Avenue,93726,CA,acundey9p@fotki.com
351,Glenda Sowrah,3335 Schmedeman Way,19160,PA,gsowrah9q@cnbc.com
352,Othello Orrice,1 Coleman Road,28405,NC,oorrice9r@forbes.com
353,Aubree Gulvin,5661 Lawn Pass,33972,FL,agulvin9s@printfriendly.com
354,Gregoire Peyro,45 Jenifer Trail,48098,MI,gpeyro9t@imdb.com
355,Brigitta Woodyer,40881 Fulton Avenue,49544,MI,bwoodyer9u@studiopress.com
356,Janina Simison,3418 Knutson Terrace,27150,NC,jsimison9v@dell.com
357,Veda Davio,96 Becker Road,80299,CO,vdavio9w@wikimedia.org
358,Aveline Trubshaw,936 Duke Road,55127,MN,atrubshaw9x@foxnews.com
359,Virgina D'Alesco,40779 Summit Center,47805,IN,vdalesco9y@desdev.cn
360,Kamila Gordon-Giles,59 Comanche Trail,55446,MN,kgordongiles9z@howstuffworks.com
361,Kori Denisevich,3904 Myrtle Way,15906,PA,kdenisevicha0@soundcloud.com
362,Skipp Noyes,7 Stuart Court,81015,CO,snoyesa1@ucoz.com
363,Adel Coon,2 Warbler Hill,94913,CA,acoona2@geocities.jp
364,Margot Spellard,4 Fuller Trail,78405,TX,mspellarda3@gnu.org
365,Cody Meekins,4176 Ilene Parkway,10474,NY,cmeekinsa4@reference.com
366,Carlita Boller,392 Village Green Lane,50305,IA,cbollera5@newsvine.com
367,Odell Chomicz,78 Petterle Pass,18105,PA,ochomicza6@bandcamp.com
368,Warden Poxson,9245 Dapin Drive,24040,VA,wpoxsona7@nifty.com
369,Dacy Abadam,73 Merry Hill,92883,CA,dabadama8@forbes.com
370,Beau Fawke,36 Main Park,35225,AL,bfawkea9@wiley.com
371,Hy Woolerton,69122 Old Gate Avenue,70179,LA,hwoolertonaa@barnesandnoble.com
372,Jessamyn Brignell,2 Briar Crest Center,23459,VA,jbrignellab@hubpages.com
373,Madge Presshaugh,505 Kropf Hill,93005,CA,mpresshaughac@mozilla.com
374,Farlie Loverock,15957 Algoma Road,61640,IL,floverockad@pcworld.com
375,Cornell Swyre,847 Heffernan Drive,37995,TN,cswyreae@imdb.com
376,Berry Esparza,5607 Northfield Crossing,97221,OR,besparzaaf@wikispaces.com
377,Cymbre Tordoff,0 Eggendart Court,33355,FL,ctordoffag@narod.ru
378,Stanton Wallsam,6 Canary Court,20029,DC,swallsamah@guardian.co.uk
379,Bale Meech,4 Surrey Parkway,92176,CA,bmeechai@nyu.edu
380,Kile Fidgin,15 Summerview Street,35225,AL,kfidginaj@example.com
381,Odessa Whettleton,03522 Northview Avenue,34474,FL,owhettletonak@over-blog.com
382,Eulalie Passy,15 Mccormick Court,34205,FL,epassyal@oaic.gov.au
383,Elysha Roser,0619 Surrey Terrace,55402,MN,eroseram@gmpg.org
384,Octavius Assante,47 Logan Hill,38136,TN,oassantean@alibaba.com
385,Stormy Fuzzey,904 Quincy Terrace,90847,CA,sfuzzeyao@army.mil
386,Lexi Offener,11 Kings Road,93762,CA,loffenerap@ow.ly
387,Yoko Bunkle,1332 Blaine Place,37131,TN,ybunkleaq@opera.com
388,Paulo Kirimaa,770 Mockingbird Point,90087,CA,pkirimaaar@aboutads.info
389,Frants O'Shevlan,48511 Jenifer Junction,74141,OK,foshevlanas@guardian.co.uk
390,Ricky Aldie,3 Hovde Avenue,33647,FL,raldieat@plala.or.jp
391,Yovonnda Gillani,8086 Bultman Circle,78789,TX,ygillaniau@constantcontact.com
392,Herb Carvell,4981 Lunder Place,77505,TX,hcarvellav@msn.com
393,Harold Croyden,19 Bellgrove Trail,77075,TX,hcroydenaw@miibeian.gov.cn
394,Mason Cordle,7720 Dennis Parkway,70183,LA,mcordleax@reference.com
395,Mickie Dake,9497 Linden Point,06673,CT,mdakeay@com.com
396,Linn Wigmore,325 Blackbird Place,80940,CO,lwigmoreaz@de.vu
397,Eward Stockall,361 Tennessee Point,16510,PA,estockallb0@sohu.com
398,Gabbey Petracek,3 Susan Court,39296,MS,gpetracekb1@wikia.com
399,Jamey Tummasutti,76494 Lake View Avenue,40225,KY,jtummasuttib2@linkedin.com
400,Claudina O'Glessane,8 Division Avenue,94712,CA,coglessaneb3@opensource.org
401,Tabbi Kobiera,04 Portage Hill,02104,MA,tkobierab4@hud.gov
402,Fedora Gonzalvo,7081 Bluestem Way,79705,TX,fgonzalvob5@free.fr
403,Paulita Roxburch,8 School Alley,17126,PA,proxburchb6@plala.or.jp
404,Sibby Willes,75469 Stone Corner Point,62794,IL,swillesb7@slideshare.net
405,Babs Jerschke,7 Ilene Lane,44185,OH,bjerschkeb8@sphinn.com
406,Verina Jaskiewicz,6286 Starling Pass,20918,MD,vjaskiewiczb9@list-manage.com
407,Sherrie Loosely,5 Surrey Court,33647,FL,slooselyba@digg.com
408,Kalli Greggs,288 Starling Terrace,98121,WA,kgreggsbb@dropbox.com
409,Minetta Wraggs,33 Village Green Pass,11241,NY,mwraggsbc@mail.ru
410,Saunderson Stobbart,33564 Macpherson Pass,02142,MA,sstobbartbd@surveymonkey.com
411,Olva Arnald,046 Hollow Ridge Alley,63116,MO,oarnaldbe@purevolume.com
412,Vincent Moodie,267 Waxwing Junction,61825,IL,vmoodiebf@ning.com
413,Lauryn Symons,98975 Trailsway Court,70116,LA,lsymonsbg@nih.gov
414,Austin Mully,51 Parkside Way,74108,OK,amullybh@altervista.org
415,Marice Colomb,03 Saint Paul Court,76115,TX,mcolombbi@google.pl
416,Lucy Mote,35697 Pleasure Lane,89125,NV,lmotebj@msu.edu
417,Jannelle Gertray,91 Myrtle Alley,92862,CA,jgertraybk@blogspot.com
418,Raychel Stamp,979 Lotheville Avenue,94405,CA,rstampbl@oracle.com
419,Ginger Maccaddie,18619 Holy Cross Circle,28220,NC,gmaccaddiebm@chicagotribune.com
420,Ezekiel Tomala,97016 Corscot Lane,45419,OH,etomalabn@tumblr.com
421,Aksel Shave,35272 Eliot Center,30328,GA,ashavebo@cloudflare.com
422,Shir Brende,1399 Veith Drive,35225,AL,sbrendebp@google.co.uk
423,Fedora Bennedsen,73823 Parkside Terrace,77281,TX,fbennedsenbq@discovery.com
424,Orlando Cashell,9 Pennsylvania Terrace,34605,FL,ocashellbr@apple.com
425,Karlan Galia,45 Carberry Crossing,25321,WV,kgaliabs@mac.com
426,Percy Rickersy,0531 Fuller Court,19115,PA,prickersybt@tmall.com
427,Frankie Palk,45797 Homewood Place,65218,MO,fpalkbu@cpanel.net
428,Jacklin Foye,6784 Golden Leaf Trail,61635,IL,jfoyebv@free.fr
429,Ayn Hopfner,67408 Sommers Junction,10019,NY,ahopfnerbw@thetimes.co.uk
430,Mada Aldwinckle,89839 Rieder Alley,87115,NM,maldwincklebx@deviantart.com
431,Maryrose Skechley,737 Pleasure Way,49444,MI,mskechleyby@npr.org
432,Charline Adicot,00 Everett Plaza,33742,FL,cadicotbz@simplemachines.org
433,Wallas Chieco,46493 Menomonie Park,34949,FL,wchiecoc0@boston.com
434,Ertha Idale,9 Moland Drive,65105,MO,eidalec1@state.gov
435,Chas Lugton,119 Brentwood Drive,66205,KS,clugtonc2@mtv.com
436,Ginger Pirot,5 Mariners Cove Plaza,32909,FL,gpirotc3@samsung.com
437,Bertrando Kryska,5164 Chive Point,18505,PA,bkryskac4@huffingtonpost.com
438,Mill Herley,5318 Caliangt Lane,45218,OH,mherleyc5@livejournal.com
439,Mead Deering,54 Mcbride Way,40233,KY,mdeeringc6@bloglovin.com
440,Harry Sollom,12 Shopko Lane,08638,NJ,hsollomc7@ning.com
441,Koressa Cringle,15015 8th Pass,29416,SC,kcringlec8@walmart.com
442,Kippie Howatt,8454 Tony Drive,13505,NY,khowattc9@ocn.ne.jp
443,Monte felip,4 Doe Crossing Point,93106,CA,mfelipca@java.com
444,Nial Propper,2651 Grim Center,14614,NY,nproppercb@accuweather.com
445,Tomkin Paffot,2 Helena Hill,63110,MO,tpaffotcc@netlog.com
446,Niccolo Goodread,85 Pennsylvania Terrace,20226,DC,ngoodreadcd@springer.com
447,Delilah Foxcroft,5529 Warrior Parkway,75246,TX,dfoxcroftce@adobe.com
448,Reamonn Opdenort,9001 Rigney Way,31217,GA,ropdenortcf@telegraph.co.uk
449,Eldin Curling,9096 Evergreen Drive,80905,CO,ecurlingcg@java.com
450,Monika Cranham,868 Merrick Trail,32309,FL,mcranhamch@nifty.com
451,Tedd Trimby,83874 Macpherson Way,73197,OK,ttrimbyci@ocn.ne.jp
452,Tybie Diplock,997 Canary Crossing,74141,OK,tdiplockcj@example.com
453,Roland Hutchens,02759 Hanson Plaza,44125,OH,rhutchensck@ucla.edu
454,Stephen O'Gavin,6196 Sheridan Hill,90410,CA,sogavincl@is.gd
455,Blake Dovidaitis,2 Judy Avenue,85030,AZ,bdovidaitiscm@fema.gov
456,Amby Stannah,08871 Crest Line Alley,25775,WV,astannahcn@pagesperso-orange.fr
457,Rollin Gibby,93850 Coolidge Alley,44111,OH,rgibbyco@usa.gov
458,Dulciana Juzek,701 Larry Street,44705,OH,djuzekcp@jalbum.net
459,Erasmus Whiteoak,9798 Burrows Way,25356,WV,ewhiteoakcq@tuttocitta.it
460,Enid Newton,84 Paget Court,33124,FL,enewtoncr@springer.com
461,Grant Greenaway,314 Bonner Hill,98447,WA,ggreenawaycs@addthis.com
462,Ashia Ewbach,90234 Basil Junction,34108,FL,aewbachct@yelp.com
463,Lorry Ollivierre,44977 Sundown Terrace,15205,PA,lollivierrecu@godaddy.com
464,Laurella Tutton,656 Armistice Center,30306,GA,ltuttoncv@furl.net
465,Cher Stickley,42037 Maryland Avenue,90081,CA,cstickleycw@slate.com
466,Farleigh Wind,5445 Stephen Point,20231,DC,fwindcx@apple.com
467,Milt Guilleton,6 Mayer Lane,79605,TX,mguilletoncy@auda.org.au
468,Worden Heritege,96757 Mallard Park,30380,GA,wheritegecz@ucsd.edu
469,Lauretta Mackie,40 Mayer Court,92619,CA,lmackied0@shutterfly.com
470,Meade Rijkeseis,462 Pepper Wood Circle,72199,AR,mrijkeseisd1@joomla.org
471,Jarvis McNamee,13863 Forster Center,20310,DC,jmcnameed2@symantec.com
472,Keefer Readings,6485 Carioca Court,46295,IN,kreadingsd3@godaddy.com
473,Gertrudis Galton,95 Northport Avenue,30195,GA,ggaltond4@twitpic.com
474,Lulita Cranmere,62 Katie Place,18514,PA,lcranmered5@bravesites.com
475,Robinette Lucas,1985 Nelson Point,50347,IA,rlucasd6@oracle.com
476,Woodie Aveling,430 Saint Paul Trail,32813,FL,wavelingd7@tinyurl.com
477,Emmalee Borchardt,660 Dakota Center,95852,CA,eborchardtd8@hubpages.com
478,Linc Mathouse,9612 Jay Point,95173,CA,lmathoused9@dell.com
479,Marlena Ahren,8 Burrows Street,54915,WI,mahrenda@abc.net.au
480,Muriel di Rocca,25 Debra Center,33961,FL,mdidb@bing.com
481,Ema Heinle,5 Nancy Terrace,48335,MI,eheinledc@cdbaby.com
482,Winnie Holdall,30 Jenifer Parkway,28242,NC,wholdalldd@fema.gov
483,Karl Harlick,76 Talisman Place,81005,CO,kharlickde@webeden.co.uk
484,Blanch Boscher,72322 Beilfuss Point,32595,FL,bboscherdf@hatena.ne.jp
485,Wylma Lantiffe,80 Little Fleur Junction,19886,DE,wlantiffedg@walmart.com
486,Benoit Stabbins,416 Stephen Place,20226,DC,bstabbinsdh@gravatar.com
487,Raffarty Desporte,9 Westport Way,15266,PA,rdesportedi@rakuten.co.jp
488,Riley Tesimon,5 Dawn Road,07112,NJ,rtesimondj@yale.edu
489,Stefa Geerits,5943 Hermina Way,23551,VA,sgeeritsdk@is.gd
490,Morlee Soughton,98 Lerdahl Terrace,95405,CA,msoughtondl@nhs.uk
491,Liv Mullaly,2 7th Point,37215,TN,lmullalydm@gizmodo.com
492,Thomasin Aviss,8 Grayhawk Plaza,55436,MN,tavissdn@archive.org
493,Wallis Ranns,07 Hollow Ridge Terrace,60351,IL,wrannsdo@clickbank.net
494,Stinky Wallworth,9 Kenwood Point,40280,KY,swallworthdp@weather.com
495,Brandea Tothacot,0679 Golf Street,27110,NC,btothacotdq@fotki.com
496,Raffaello Ayre,21937 Michigan Trail,33023,FL,rayredr@mediafire.com
497,Retha Broggini,75 Erie Alley,91199,CA,rbrogginids@globo.com
498,Delores Lieber,36 Waxwing Drive,19605,PA,dlieberdt@cafepress.com
499,Shelli Boam,6 Annamark Plaza,02216,MA,sboamdu@gmpg.org
500,Albie Kwietak,8 Stone Corner Avenue,94286,CA,akwietakdv@usnews.com
501,Gerti Farebrother,7133 Warrior Place,55446,MN,gfarebrotherdw@delicious.com
502,Freeland Addlestone,3573 Mosinee Point,33147,FL,faddlestonedx@w3.org
503,Larina Guidotti,63334 Veith Street,75205,TX,lguidottidy@tuttocitta.it
504,Teddi Dalgetty,77583 Green Circle,12305,NY,tdalgettydz@ustream.tv
505,Pandora McGinn,8932 Main Crossing,33758,FL,pmcginne0@flavors.me
506,Lurette Visick,3354 Gulseth Road,98682,WA,lvisicke1@flickr.com
507,Egan Blaine,307 Stang Road,73157,OK,eblainee2@meetup.com
508,Marchall Ahmed,5 Artisan Court,91520,CA,mahmede3@histats.com
509,Brynn Brezlaw,8086 Forest Dale Road,63104,MO,bbrezlawe4@aol.com
510,Dee dee Rue,99256 Jenna Drive,35487,AL,ddeee5@istockphoto.com
511,Bo Boydon,77501 Maple Street,23228,VA,bboydone6@flickr.com
512,Dotti Kempton,74 Warner Pass,36670,AL,dkemptone7@t.co
513,Wanids Mack,77 Sommers Place,22111,VA,wmacke8@wikimedia.org
514,Valentina Oakhill,3 Butternut Drive,20535,DC,voakhille9@xing.com
515,Linda Dupree,7411 Thackeray Point,85015,AZ,ldupreeea@google.com.hk
516,Feodora Gini,1904 Corry Parkway,30375,GA,fginieb@sphinn.com
517,Gae Boyan,23 Cambridge Terrace,98185,WA,gboyanec@bing.com
518,Vaclav Ahrens,775 Stuart Pass,30245,GA,vahrensed@prnewswire.com
519,Flossie Rilston,0 South Park,94302,CA,frilstonee@amazon.co.uk
520,Noach Fayter,3680 Lakewood Point,20010,DC,nfayteref@washington.edu
521,Armstrong Fairlie,24168 Kingsford Plaza,90030,CA,afairlieeg@archive.org
522,Lonny Labitt,83 Ludington Hill,75210,TX,llabitteh@cocolog-nifty.com
523,Ham Siggens,5 Stoughton Point,98481,WA,hsiggensei@google.ru
524,Josefina Basso,1210 Parkside Street,97232,OR,jbassoej@princeton.edu
525,Sybila Kyles,66620 Shasta Junction,35210,AL,skylesek@gizmodo.com
526,Reilly Hupka,8291 Superior Plaza,89706,NV,rhupkael@answers.com
527,Elisabet Quaintance,5 Pierstorff Point,81005,CO,equaintanceem@youku.com
528,Noah Robiot,991 Lunder Alley,80241,CO,nrobioten@wunderground.com
529,Orlando Epps,580 Drewry Avenue,40524,KY,oeppseo@blinklist.com
530,Dyanne Linch,0 Coleman Lane,02458,MA,dlinchep@last.fm
531,Almeria Willmetts,429 Montana Drive,20370,DC,awillmettseq@privacy.gov.au
532,Mattias Goold,895 Steensland Plaza,93106,CA,mgoolder@quantcast.com
533,Garvy Geldard,7058 Declaration Circle,63167,MO,ggeldardes@uiuc.edu
534,Ezechiel McPhilemy,7951 Erie Parkway,24034,VA,emcphilemyet@google.com.hk
535,Maryann Ord,9396 Karstens Road,17121,PA,mordeu@abc.net.au
536,Brook Venus,16 Garrison Point,96805,HI,bvenusev@patch.com
537,Jorgan Surmeyers,80156 Onsgard Point,43210,OH,jsurmeyersew@unesco.org
538,Susanne Olliar,0 Vernon Hill,46825,IN,solliarex@irs.gov
539,Katusha Chapling,7484 Kenwood Junction,32244,FL,kchaplingey@theglobeandmail.com
540,Leonhard Becke,08 Cody Lane,20057,DC,lbeckeez@sciencedirect.com
541,Maud Jobling,3 Canary Hill,92115,CA,mjoblingf0@theatlantic.com
542,Noe Urien,08 Bunting Court,20470,DC,nurienf1@bing.com
543,Fowler Levens,98 Pine View Parkway,91328,CA,flevensf2@miibeian.gov.cn
544,Dennie Duncklee,6592 Mesta Junction,77713,TX,ddunckleef3@squarespace.com
545,Karilynn Spilstead,0129 Summit Way,34605,FL,kspilsteadf4@tmall.com
546,Melly Leese,0 Weeping Birch Point,27150,NC,mleesef5@pbs.org
547,Ferrell Beauchamp,57 Iowa Trail,92153,CA,fbeauchampf6@ebay.co.uk
548,Elton Cowhig,6 Park Meadow Street,77844,TX,ecowhigf7@reference.com
549,Merle Hannis,8 Butternut Parkway,73142,OK,mhannisf8@amazon.co.uk
550,Viv Genge,740 Huxley Circle,13205,NY,vgengef9@dailymail.co.uk
551,Devi Clara,20835 Lakewood Drive,83757,ID,dclarafa@constantcontact.com
552,Ania Sleany,4 Farwell Road,46805,IN,asleanyfb@mlb.com
553,Clarette Dyde,749 Sommers Place,33615,FL,cdydefc@taobao.com
554,Leslie Yesichev,11 Express Alley,85311,AZ,lyesichevfd@cmu.edu
555,Lira Woodington,403 Moland Crossing,77806,TX,lwoodingtonfe@wsj.com
556,Judith De Lacey,43 Westend Road,90510,CA,jdeff@dot.gov
557,Walsh Trighton,239 Hanson Street,35487,AL,wtrightonfg@auda.org.au
558,Queenie Skellon,567 Maple Wood Point,33610,FL,qskellonfh@amazon.co.jp
559,Addy Girodon,67 Morrow Court,90010,CA,agirodonfi@globo.com
560,Jennee Gorini,66644 Tennessee Point,59105,MT,jgorinifj@wordpress.org
561,Madeline Webb,46538 Dapin Park,30301,GA,mwebbfk@boston.com
562,Lola Thaxter,93 Sommers Alley,10275,NY,lthaxterfl@tinyurl.com
563,Malchy Chafer,588 Drewry Crossing,33884,FL,mchaferfm@infoseek.co.jp
564,Royal Czaja,5 Thackeray Plaza,44305,OH,rczajafn@yellowpages.com
565,Gabby Gerardin,3616 Buena Vista Way,99205,WA,ggerardinfo@weather.com
566,Ebonee Sneesbie,8276 Talisman Avenue,02124,MA,esneesbiefp@toplist.cz
567,Salomi Adshede,43497 Mayer Road,96805,HI,sadshedefq@usda.gov
568,Adah Warrick,1774 Fairfield Road,30356,GA,awarrickfr@pcworld.com
569,Blancha Peris,878 Ruskin Parkway,47905,IN,bperisfs@gizmodo.com
570,Alain Meiningen,3291 Longview Junction,75353,TX,ameiningenft@google.it
571,Nonnah Lound,64 Briar Crest Pass,75221,TX,nloundfu@ezinearticles.com
572,Anett Ruske,7055 Spohn Drive,60609,IL,aruskefv@howstuffworks.com
573,Sherwood Monelli,137 Ronald Regan Court,70116,LA,smonellifw@indiatimes.com
574,Timoteo Folliss,362 Lawn Avenue,30066,GA,tfollissfx@pbs.org
575,Joseito Adnett,5433 American Avenue,71208,LA,jadnettfy@amazon.de
576,Terra Harberer,5 Cardinal Park,20540,DC,tharbererfz@wikispaces.com
577,Amerigo Sowthcote,71 Morningstar Hill,96805,HI,asowthcoteg0@google.cn
578,Philomena Casper,539 Oakridge Plaza,51105,IA,pcasperg1@seattletimes.com
579,Noelyn Drinnan,96 Garrison Center,11024,NY,ndrinnang2@bizjournals.com
580,Ddene Blore,6149 Lakewood Drive,94291,CA,dbloreg3@census.gov
581,Conni Hurley,6 1st Avenue,94137,CA,churleyg4@lulu.com
582,Gerrie Adrianello,041 Debra Point,65805,MO,gadrianellog5@biglobe.ne.jp
583,Ambur Dossantos,0750 Kenwood Court,16550,PA,adossantosg6@nationalgeographic.com
584,Kakalina Speir,1 Knutson Junction,77045,TX,kspeirg7@stumbleupon.com
585,Mannie Hacon,857 Holmberg Drive,95133,CA,mhacong8@flavors.me
586,Ingeborg Diffley,89 2nd Avenue,78703,TX,idiffleyg9@i2i.jp
587,Dudley Olyet,531 Bartillon Lane,76711,TX,dolyetga@google.com.au
588,Electra Stockle,1 Sullivan Plaza,53716,WI,estocklegb@sina.com.cn
589,Nalani Avraam,31 Del Mar Terrace,10270,NY,navraamgc@myspace.com
590,Stefan Gostall,2 Schurz Place,97075,OR,sgostallgd@webmd.com
591,Melisandra Philpin,58 Lakewood Crossing,65211,MO,mphilpinge@miibeian.gov.cn
592,Laurens Turfes,9455 Dryden Circle,19058,PA,lturfesgf@photobucket.com
593,Adelind Scottini,22043 Manley Court,53215,WI,ascottinigg@mozilla.com
594,Benjamin Bratty,6 Marquette Way,73152,OK,bbrattygh@cam.ac.uk
595,Reilly Bagster,9 Westerfield Junction,49505,MI,rbagstergi@issuu.com
596,Ervin Beentjes,0 Redwing Trail,44197,OH,ebeentjesgj@adobe.com
597,Madelina Mustoo,81 Birchwood Hill,89166,NV,mmustoogk@google.com
598,Leigh Fomichyov,3 Heath Avenue,13505,NY,lfomichyovgl@alexa.com
599,Berkley Girodias,46 Vera Way,46620,IN,bgirodiasgm@comsenz.com
600,Harli Packer,53 Golf Lane,20337,DC,hpackergn@pagesperso-orange.fr
601,Dorian Hollyman,12 Acker Drive,85015,AZ,dhollymango@wired.com
602,Quincy Ivoshin,9414 Sunfield Street,90831,CA,qivoshingp@house.gov
603,Dianne Lindfors,2 Leroy Lane,49018,MI,dlindforsgq@squidoo.com
604,Marcelia Junkin,46704 Northview Court,92668,CA,mjunkingr@1und1.de
605,Rae Beadel,175 Tennyson Alley,27157,NC,rbeadelgs@about.me
606,Callean Klishin,671 Carey Parkway,55441,MN,cklishingt@abc.net.au
607,Ulick Clegg,757 Ohio Circle,20260,DC,uclegggu@biglobe.ne.jp
608,Winifield Antoshin,112 Gulseth Terrace,46278,IN,wantoshingv@hubpages.com
609,Dorise Campkin,322 Forster Trail,87201,NM,dcampkingw@fastcompany.com
610,Napoleon Petyanin,50 Merry Alley,89155,NV,npetyaningx@npr.org
611,Cyrillus Villa,79125 Heffernan Terrace,92415,CA,cvillagy@patch.com
612,Rochell MacCleay,33 Waywood Pass,76905,TX,rmaccleaygz@delicious.com
613,Belinda Redhouse,865 Jay Terrace,77075,TX,bredhouseh0@hatena.ne.jp
614,Barrett Treherne,68 Fulton Point,70165,LA,btreherneh1@123-reg.co.uk
615,Welsh Berkery,119 Bluejay Way,38168,TN,wberkeryh2@bizjournals.com
616,Meier Dallin,3 Oneill Drive,88589,TX,mdallinh3@nasa.gov
617,Adelice Dignon,46 Lake View Circle,15279,PA,adignonh4@admin.ch
618,Cordelia Bugbird,9812 Waubesa Road,80945,CO,cbugbirdh5@nymag.com
619,Darnell Smetoun,471 Monument Park,48295,MI,dsmetounh6@clickbank.net
620,Reta Nussgen,648 Forster Street,11388,NY,rnussgenh7@abc.net.au
621,Lem Jodlkowski,69990 Mcbride Street,34233,FL,ljodlkowskih8@flickr.com
622,Micheline Gierok,56 Butternut Road,30316,GA,mgierokh9@zimbio.com
623,Adora Duxfield,9989 Oak Point,30306,GA,aduxfieldha@mapy.cz
624,Averil Rumsby,63 David Alley,71213,LA,arumsbyhb@arstechnica.com
625,Jeff Fidgin,60 Twin Pines Hill,40233,KY,jfidginhc@amazon.co.jp
626,Kaile Abram,65378 American Point,33913,FL,kabramhd@ifeng.com
627,Patrizius Dusting,41 Pond Alley,36195,AL,pdustinghe@squidoo.com
628,Pansie Crone,584 East Road,64187,MO,pcronehf@google.com.au
629,Cosmo Storm,709 Utah Court,25709,WV,cstormhg@desdev.cn
630,Brooke Ommundsen,15 Ridge Oak Park,85725,AZ,bommundsenhh@smh.com.au
631,Bertram MacQueen,5 Memorial Point,97240,OR,bmacqueenhi@china.com.cn
632,Clerc Caramuscia,7847 Spaight Terrace,23289,VA,ccaramusciahj@canalblog.com
633,Harley Purcell,64 Gina Circle,20442,DC,hpurcellhk@ning.com
634,Latia Ivashintsov,12996 Myrtle Lane,62525,IL,livashintsovhl@oaic.gov.au
635,Jami Hadcock,4102 West Parkway,91797,CA,jhadcockhm@ameblo.jp
636,Jonathon Weathers,222 Mallard Hill,63121,MO,jweathershn@google.nl
637,Tammara Melmoth,64365 Scofield Plaza,96815,HI,tmelmothho@weibo.com
638,Akim Karchewski,687 Clarendon Way,33432,FL,akarchewskihp@google.pl
639,Steve Quinevan,087 Roxbury Park,98133,WA,squinevanhq@time.com
640,Bridgette Reichert,1820 Canary Center,31205,GA,breicherthr@typepad.com
641,Hamel Marr,92 Carpenter Hill,40225,KY,hmarrhs@cbc.ca
642,Ariella Jolley,6677 Schlimgen Plaza,64193,MO,ajolleyht@independent.co.uk
643,Yalonda Crich,0260 Superior Junction,45213,OH,ycrichhu@list-manage.com
644,Dame Catlow,3359 Service Hill,38150,TN,dcatlowhv@domainmarket.com
645,Rheta Aberdalgy,3910 Farragut Avenue,19897,DE,raberdalgyhw@ibm.com
646,Dion Wife,9106 Portage Way,50305,IA,dwifehx@dailymail.co.uk
647,Yankee Ropkins,14877 Beilfuss Park,66105,KS,yropkinshy@bing.com
648,Carmelina Bodleigh,63 Bluestem Circle,06905,CT,cbodleighhz@smugmug.com
649,Moe Landsborough,9716 Moose Trail,70005,LA,mlandsboroughi0@sun.com
650,Hagen Tommis,352 Southridge Pass,21705,MD,htommisi1@technorati.com
651,Stace Follan,6 Doe Crossing Pass,91109,CA,sfollani2@epa.gov
652,Isadore MacNab,14 Westport Hill,32118,FL,imacnabi3@posterous.com
653,Avrit Clawley,5714 Everett Crossing,10170,NY,aclawleyi4@freewebs.com
654,Kailey Demaine,281 Main Trail,46406,IN,kdemainei5@google.it
655,Graig Fernandes,69987 Mayfield Alley,14269,NY,gfernandesi6@narod.ru
656,Linnie Varndall,5579 Old Shore Road,90050,CA,lvarndalli7@people.com.cn
657,Zorina Jurisic,289 Pond Circle,35279,AL,zjurisici8@adobe.com
658,Burty Jansey,14 Hazelcrest Crossing,33034,FL,bjanseyi9@infoseek.co.jp
659,Del Bain,626 Oriole Hill,28230,NC,dbainia@amazon.com
660,Halley Crysell,03 Sutteridge Terrace,19886,DE,hcrysellib@canalblog.com
661,Cahra Joskovitch,1 Graceland Hill,48217,MI,cjoskovitchic@youku.com
662,Cozmo Shears,0864 Old Gate Place,10004,NY,cshearsid@answers.com
663,Glenna Klosser,80863 Prentice Alley,66112,KS,gklosserie@angelfire.com
664,Delphine Pipes,7 Milwaukee Park,50315,IA,dpipesif@t.co
665,Mac Riatt,40823 Esch Point,92648,CA,mriattig@studiopress.com
666,Britte Membry,95 Myrtle Hill,75044,TX,bmembryih@nydailynews.com
667,Nettle Trengrouse,16436 Debs Hill,70116,LA,ntrengrouseii@hatena.ne.jp
668,Rorke Randlesome,62 Victoria Pass,45243,OH,rrandlesomeij@merriam-webster.com
669,Fidel Grioli,5190 Granby Plaza,32236,FL,fgrioliik@wiley.com
670,Dorri Evenden,8 Summer Ridge Parkway,73173,OK,devendenil@constantcontact.com
671,Abe Treacher,6 Oak Valley Court,63110,MO,atreacherim@wiley.com
672,Rheba Craigs,76 Vidon Junction,66160,KS,rcraigsin@usda.gov
673,Noe Dollar,242 Manley Trail,45238,OH,ndollario@sciencedaily.com
674,Silvano Braithwait,292 Meadow Ridge Park,35263,AL,sbraithwaitip@opensource.org
675,Marvin Bondley,8971 Hoard Lane,64179,MO,mbondleyiq@examiner.com
676,Giselle Longmate,3620 School Alley,00214,NH,glongmateir@youku.com
677,Elvyn Chavrin,05333 Morningstar Way,27116,NC,echavrinis@desdev.cn
678,Obadias Novic,86 Sunfield Alley,33075,FL,onovicit@noaa.gov
679,Heall Ramelot,07 New Castle Parkway,27264,NC,hramelotiu@prweb.com
680,Vassily Brogini,35 Spaight Court,92030,CA,vbroginiiv@slashdot.org
681,Elisha Midgley,02 Russell Center,19805,DE,emidgleyiw@slideshare.net
682,Mil Audibert,664 Rusk Way,25721,WV,maudibertix@people.com.cn
683,Gearalt Rowlstone,47364 Hanson Hill,08650,NJ,growlstoneiy@furl.net
684,Erasmus Haddow,23 Eastwood Terrace,35805,AL,ehaddowiz@si.edu
685,Gerald Croyden,494 Oriole Parkway,75044,TX,gcroydenj0@reference.com
686,Amandi Motton,8054 Delaware Center,85077,AZ,amottonj1@wired.com
687,Cathleen Skelcher,6219 Homewood Trail,33961,FL,cskelcherj2@gizmodo.com
688,Auria Merrigans,031 Manitowish Trail,77075,TX,amerrigansj3@newsvine.com
689,Emma Fry,54 Kropf Parkway,10009,NY,efryj4@intel.com
690,Emlyn Kenchington,284 Anniversary Street,49505,MI,ekenchingtonj5@lulu.com
691,Melli Natwick,866 Tennessee Avenue,93715,CA,mnatwickj6@ameblo.jp
692,Sanford Murrock,72 Sunbrook Way,53716,WI,smurrockj7@umn.edu
693,Benni Hopkyns,303 Buhler Terrace,60351,IL,bhopkynsj8@army.mil
694,Daphna Josef,99 Sycamore Plaza,20535,DC,djosefj9@fda.gov
695,Marlie Fernanando,37183 Jana Center,18105,PA,mfernanandoja@devhub.com
696,Doy Shoutt,796 Hayes Center,88514,TX,dshouttjb@wordpress.com
697,Tobin Perelli,60957 Southridge Park,80935,CO,tperellijc@tmall.com
698,Hardy Cattle,67 Cordelia Point,48258,MI,hcattlejd@stanford.edu
699,Jude Joppich,50030 Morrow Plaza,73179,OK,jjoppichje@1und1.de
700,Burty McClory,290 Buena Vista Avenue,40287,KY,bmccloryjf@amazon.co.uk
701,Leticia Buffy,65 Anniversary Terrace,30358,GA,lbuffyjg@shutterfly.com
702,Letitia Teale,254 Milwaukee Hill,14609,NY,ltealejh@icq.com
703,Lawton Peinke,3398 Meadow Vale Plaza,37235,TN,lpeinkeji@state.tx.us
704,Karel Strickland,820 Acker Parkway,23464,VA,kstricklandjj@omniture.com
705,Zedekiah Degli Antoni,249 Manufacturers Alley,17405,PA,zdeglijk@freewebs.com
706,Winnifred Feechan,12 Sunnyside Junction,20099,DC,wfeechanjl@deliciousdays.com
707,Tim Sebrook,2174 Blaine Road,89074,NV,tsebrookjm@mapy.cz
708,Valeda Ridolfo,45495 Armistice Avenue,45223,OH,vridolfojn@umich.edu
709,Erv Verrick,21 Rutledge Hill,85732,AZ,everrickjo@wufoo.com
710,Stearne Le Batteur,75 Butterfield Plaza,29625,SC,slejp@wikimedia.org
711,Jareb Craighill,05172 Burning Wood Crossing,28220,NC,jcraighilljq@scientificamerican.com
712,Timothea Hadwin,4 Sachs Point,92505,CA,thadwinjr@spotify.com
713,Pierre McClary,93 Swallow Circle,97312,OR,pmcclaryjs@odnoklassniki.ru
714,Eran Acosta,18 Rockefeller Plaza,06160,CT,eacostajt@msn.com
715,Clarie Johann,63 Debs Terrace,90005,CA,cjohannju@wikipedia.org
716,Pierce Stebbings,62704 Sugar Junction,80209,CO,pstebbingsjv@miibeian.gov.cn
717,Ellis Ricardin,65499 Vernon Way,78737,TX,ericardinjw@livejournal.com
718,Darbie Turle,961 Arizona Hill,90076,CA,dturlejx@cnet.com
719,Aile Edmonds,73815 Drewry Plaza,53215,WI,aedmondsjy@latimes.com
720,Cilka Vasyaev,62843 Cody Road,87105,NM,cvasyaevjz@omniture.com
721,Anatollo Kellough,7494 Dennis Circle,91125,CA,akelloughk0@go.com
722,Leslie Treweek,9 Pierstorff Drive,96825,HI,ltreweekk1@google.ru
723,Lorens Brouard,208 Blackbird Lane,76598,TX,lbrouardk2@marriott.com
724,Kalinda McGoldrick,2797 Sullivan Circle,92013,CA,kmcgoldrickk3@vimeo.com
725,Randi Blinder,63280 Erie Way,10105,NY,rblinderk4@blogtalkradio.com
726,Hollie Strong,129 Blaine Crossing,01610,MA,hstrongk5@facebook.com
727,Karol Fieldhouse,588 Erie Crossing,20041,DC,kfieldhousek6@mediafire.com
728,Douglass Haley,9385 Dawn Avenue,97211,OR,dhaleyk7@admin.ch
729,Hoebart Malling,9835 Village Green Crossing,20046,DC,hmallingk8@nytimes.com
730,Verine Blunsen,0808 Harbort Circle,78682,TX,vblunsenk9@yellowbook.com
731,Ferdinande Mack,289 Birchwood Trail,20430,DC,fmackka@studiopress.com
732,Bee Jime,8580 Wayridge Point,92805,CA,bjimekb@europa.eu
733,Keane Lohoar,2 Jenifer Road,22212,VA,klohoarkc@bravesites.com
734,Anthea Amy,4582 Petterle Trail,02458,MA,aamykd@flavors.me
735,Odella Azema,72 Derek Avenue,93111,CA,oazemake@mlb.com
736,Marlo Summerly,4310 Golden Leaf Avenue,33906,FL,msummerlykf@ocn.ne.jp
737,Grayce Kondratenko,5617 Cottonwood Circle,23289,VA,gkondratenkokg@apple.com
738,Thadeus MacKey,514 Kim Circle,67236,KS,tmackeykh@yelp.com
739,Liv Purchase,7512 Surrey Junction,76134,TX,lpurchaseki@plala.or.jp
740,Chaddy Pavolini,41 Kensington Crossing,60208,IL,cpavolinikj@51.la
741,Phil Templeton,08 Sherman Circle,70883,LA,ptempletonkk@nps.gov
742,Constantina de Wilde,202 Park Meadow Court,78732,TX,cdekl@live.com
743,Orlan Holbarrow,71 Anniversary Alley,29225,SC,oholbarrowkm@toplist.cz
744,Inger Gonthier,0911 Prentice Trail,46852,IN,igonthierkn@whitehouse.gov
745,Devlen Speller,28 Eagan Center,31904,GA,dspellerko@cyberchimps.com
746,Jedd Adamec,51700 Marcy Avenue,98121,WA,jadameckp@intel.com
747,Jody Grishinov,69 La Follette Place,20215,DC,jgrishinovkq@examiner.com
748,Milena Bodsworth,2 Fair Oaks Parkway,79905,TX,mbodsworthkr@live.com
749,Gregor Flowitt,82029 Fairfield Hill,06825,CT,gflowittks@examiner.com
750,Barnett Lambe,6856 Haas Center,67230,KS,blambekt@hugedomains.com
751,Pennie Chettoe,8715 Bultman Alley,79950,TX,pchettoeku@mtv.com
752,Cchaddie Acton,65 Towne Parkway,18505,PA,cactonkv@chronoengine.com
753,Caroljean Moylan,36680 Monument Circle,88558,TX,cmoylankw@nbcnews.com
754,Jarrod Perott,9 Kennedy Avenue,20380,DC,jperottkx@addthis.com
755,Emory Creagh,312 Moland Terrace,45228,OH,ecreaghky@ehow.com
756,Peyter Gutowski,5 Gina Point,53263,WI,pgutowskikz@phoca.cz
757,Gib Siggens,66588 Kings Pass,77554,TX,gsiggensl0@psu.edu
758,Hayley Steljes,0 Loomis Point,78405,TX,hsteljesl1@blogger.com
759,Julieta Coleson,270 7th Lane,33884,FL,jcolesonl2@geocities.jp
760,Nerita Pepin,11015 Monument Place,33605,FL,npepinl3@skype.com
761,Ches Beardow,92 Mesta Trail,19805,DE,cbeardowl4@homestead.com
762,Farleigh MacArd,29 Anniversary Avenue,52405,IA,fmacardl5@businessweek.com
763,Sanders Andretti,6 Florence Center,13224,NY,sandrettil6@apache.org
764,Gil Splaven,36 Corscot Pass,25709,WV,gsplavenl7@tripod.com
765,Erena Layhe,7 Hazelcrest Point,99220,WA,elayhel8@fc2.com
766,Amii Urwin,98118 Farragut Parkway,89193,NV,aurwinl9@blogspot.com
767,Patrizio Lude,335 Boyd Parkway,95397,CA,pludela@sakura.ne.jp
768,Archambault Ferrige,3 High Crossing Crossing,92153,CA,aferrigelb@canalblog.com
769,Dianna Struys,541 Doe Crossing Parkway,77343,TX,dstruyslc@bandcamp.com
770,Ethyl Sinclair,7584 Dexter Lane,83722,ID,esinclairld@1und1.de
771,Amery Gradley,3 Red Cloud Point,33906,FL,agradleyle@tiny.cc
772,Felicia Cowans,971 Hagan Park,24024,VA,fcowanslf@google.ru
773,Lauritz Sacker,2656 Northfield Way,50362,IA,lsackerlg@techcrunch.com
774,Earlie Chopin,724 Walton Alley,44177,OH,echopinlh@people.com.cn
775,Spenser Klaessen,8 Prairieview Place,30301,GA,sklaessenli@google.de
776,Glenda Lyffe,5258 Forest Dale Court,48275,MI,glyffelj@deviantart.com
777,Carline Skoggins,69187 Mockingbird Street,79911,TX,cskogginslk@tiny.cc
778,Aubrette Venard,341 8th Way,92844,CA,avenardll@google.co.uk
779,Mac Sexton,95 Kingsford Way,28405,NC,msextonlm@bloglines.com
780,Jakob Dunbabin,12 Goodland Street,55428,MN,jdunbabinln@theglobeandmail.com
781,Benson Osbaldstone,770 Eastlawn Drive,02104,MA,bosbaldstonelo@tumblr.com
782,Andree Curcher,98 Butterfield Hill,30919,GA,acurcherlp@elegantthemes.com
783,Gilemette Menzies,01272 Center Trail,38168,TN,gmenzieslq@ibm.com
784,Tammy Sanderson,2553 8th Drive,93005,CA,tsandersonlr@addthis.com
785,Marven Phillip,424 Haas Lane,64114,MO,mphillipls@un.org
786,Dorena Mougeot,912 Dakota Plaza,92612,CA,dmougeotlt@bbb.org
787,Korney Leagas,83 Colorado Road,34985,FL,kleagaslu@tamu.edu
788,Zollie Muzzall,32925 Mallory Plaza,18768,PA,zmuzzalllv@ca.gov
789,Thaxter Cosins,14376 Carberry Park,20566,DC,tcosinslw@themeforest.net
790,Britt Varley,0 Oriole Drive,29416,SC,bvarleylx@wikispaces.com
791,Shelagh Bridgman,31715 Golf View Parkway,90076,CA,sbridgmanly@wikia.com
792,Mahmud Ramey,74302 Vahlen Place,22096,VA,mrameylz@diigo.com
793,Melisa Dows,5607 Rockefeller Parkway,07305,NJ,mdowsm0@dagondesign.com
794,Elissa Mapholm,61 Northview Avenue,89036,NV,emapholmm1@statcounter.com
795,Stace Franklin,9 Anzinger Park,47732,IN,sfranklinm2@discuz.net
796,Werner Oatley,2 Prairieview Court,60351,IL,woatleym3@nydailynews.com
797,Laureen Barrick,29 Graedel Avenue,25709,WV,lbarrickm4@cisco.com
798,Sayers Thornton-Dewhirst,75 Atwood Point,97296,OR,sthorntondewhirstm5@answers.com
799,Valentino Sygroves,15 Boyd Trail,68524,NE,vsygrovesm6@smh.com.au
800,Sigismundo Dawby,44 Tennyson Park,94286,CA,sdawbym7@cnn.com
801,Mandy Stebles,9 Fremont Place,48217,MI,msteblesm8@cyberchimps.com
802,Vaughan Fantham,0 Nobel Lane,21684,MD,vfanthamm9@ebay.co.uk
803,Annis Hawk,50516 Jackson Lane,66210,KS,ahawkma@istockphoto.com
804,Jaynell Ritchings,143 Vahlen Junction,74170,OK,jritchingsmb@shareasale.com
805,Goldia Scantleberry,9520 Scoville Trail,20520,DC,gscantleberrymc@gizmodo.com
806,Adrienne Pasby,5 Memorial Terrace,85725,AZ,apasbymd@wordpress.com
807,Monroe Klauer,0327 Morning Avenue,97206,OR,mklauerme@dailymotion.com
808,Arabella Pockey,063 Superior Junction,75342,TX,apockeymf@google.com.br
809,Bamby Slowley,22910 Gateway Way,98447,WA,bslowleymg@myspace.com
810,Valli Doumer,4304 Gateway Terrace,70154,LA,vdoumermh@fastcompany.com
811,Veradis Dykas,028 Delaware Court,47705,IN,vdykasmi@cargocollective.com
812,Nikolai De Vaar,6794 Artisan Drive,77806,TX,ndemj@cpanel.net
813,Gray Gillease,31 7th Trail,10045,NY,ggilleasemk@wikipedia.org
814,Mayer Hartland,14742 Graceland Road,12237,NY,mhartlandml@rediff.com
815,Reynold Ruddell,92 Ruskin Street,27157,NC,rruddellmm@github.com
816,Aurel Carine,617 Fieldstone Court,53225,WI,acarinemn@disqus.com
817,Dee Loreit,4861 John Wall Avenue,27615,NC,dloreitmo@smugmug.com
818,Angelika Hulme,539 Sunnyside Terrace,48550,MI,ahulmemp@storify.com
819,Benny Mellings,352 Oak Valley Lane,10034,NY,bmellingsmq@technorati.com
820,Karney Mattes,45503 Jenna Terrace,95405,CA,kmattesmr@infoseek.co.jp
821,Grange Coldman,041 Fulton Crossing,27110,NC,gcoldmanms@github.com
822,Willamina Greir,136 Eagan Point,55572,MN,wgreirmt@histats.com
823,Pascale Charpin,81 Goodland Hill,33158,FL,pcharpinmu@wired.com
824,Jud Shord,43 Pond Place,33164,FL,jshordmv@ox.ac.uk
825,Tripp Nevill,29 Cordelia Terrace,70815,LA,tnevillmw@cafepress.com
826,Hilary Jakab,8 Almo Parkway,78744,TX,hjakabmx@hatena.ne.jp
827,Kelci Pettigree,0 Ridgeview Road,80638,CO,kpettigreemy@cdc.gov
828,Broddy Crossland,90683 2nd Street,40280,KY,bcrosslandmz@webs.com
829,Kliment Donner,92 Northport Hill,73167,OK,kdonnern0@topsy.com
830,Bondy Fallens,83 Prentice Center,07208,NJ,bfallensn1@woothemes.com
831,Alaster Kildea,76122 Cascade Junction,10131,NY,akildean2@posterous.com
832,Pamelina Crampsey,182 Roxbury Way,11436,NY,pcrampseyn3@dyndns.org
833,Madeleine Chasles,3266 John Wall Crossing,71213,LA,mchaslesn4@marriott.com
834,Sebastian Wittering,8115 Emmet Park,10019,NY,switteringn5@technorati.com
835,Ruthe Lusted,3045 Troy Place,70174,LA,rlustedn6@comcast.net
836,Amalle Franzewitch,78883 8th Drive,43231,OH,afranzewitchn7@hp.com
837,Delaney Fayers,378 Stone Corner Lane,20557,DC,dfayersn8@epa.gov
838,Cornela Harrowing,51 Arapahoe Drive,30375,GA,charrowingn9@drupal.org
839,Chalmers Alans,007 Meadow Valley Park,66622,KS,calansna@deviantart.com
840,Jule Kippling,9 Mayer Terrace,92196,CA,jkipplingnb@paypal.com
841,Pembroke Whittle,9 Lillian Street,78721,TX,pwhittlenc@state.tx.us
842,Rudie Colegrove,6 Golden Leaf Way,33147,FL,rcolegrovend@cbslocal.com
843,Trace Milier,8744 Meadow Vale Pass,32830,FL,tmilierne@phoca.cz
844,Kaleena Morrel,989 Raven Road,93399,CA,kmorrelnf@eventbrite.com
845,Nannie Strephan,50 Iowa Avenue,71208,LA,nstrephanng@ask.com
846,Kenyon Cromblehome,10 Butternut Road,87201,NM,kcromblehomenh@rakuten.co.jp
847,Millicent Lewendon,0 Dwight Parkway,76205,TX,mlewendonni@answers.com
848,Janaye Lanfranchi,58011 Thackeray Alley,95813,CA,jlanfranchinj@google.cn
849,Rollo Cosham,34 Moulton Center,36195,AL,rcoshamnk@shareasale.com
850,Roxana Hunston,695 Riverside Crossing,87180,NM,rhunstonnl@cnn.com
851,Tallie Peddersen,2973 Crowley Lane,37939,TN,tpeddersennm@weebly.com
852,Brit Scholte,73523 Barby Street,38150,TN,bscholtenn@goodreads.com
853,Idell Dany,19047 Bayside Park,97211,OR,idanyno@mlb.com
854,Frederik Basilotta,1 Forest Dale Trail,32909,FL,fbasilottanp@bloglovin.com
855,Bendite Tonkes,9495 Warrior Avenue,44111,OH,btonkesnq@un.org
856,Quent MacGowing,01 Anzinger Park,94291,CA,qmacgowingnr@qq.com
857,Hunter McGiffin,914 Lakewood Avenue,62776,IL,hmcgiffinns@vistaprint.com
858,Britte Whitehead,26 Summit Parkway,06854,CT,bwhiteheadnt@webs.com
859,Una Robiou,8624 Paget Avenue,76129,TX,urobiounu@globo.com
860,Jodi Wyldish,8 Lakeland Place,90805,CA,jwyldishnv@youtube.com
861,Riccardo Ebi,31 Bashford Court,71130,LA,rebinw@chronoengine.com
862,Raye Springle,61 Erie Pass,10090,NY,rspringlenx@reuters.com
863,Heath Franciskiewicz,5813 Del Sol Terrace,92662,CA,hfranciskiewiczny@google.com
864,Waverly Cunio,276 Blackbird Avenue,55441,MN,wcunionz@ovh.net
865,Debera Lampens,5698 Talmadge Circle,32123,FL,dlampenso0@about.com
866,Patience Headan,656 Morrow Road,94263,CA,pheadano1@fda.gov
867,Carlie Guihen,072 Bartillon Court,60641,IL,cguiheno2@desdev.cn
868,Nichole Gosford,25 Rutledge Park,80241,CO,ngosfordo3@goo.ne.jp
869,Pooh Crayk,195 Derek Lane,75277,TX,pcrayko4@prlog.org
870,Sande Greggs,4850 High Crossing Street,48505,MI,sgreggso5@theguardian.com
871,Budd Darlaston,23 Jana Road,48275,MI,bdarlastono6@chron.com
872,Lucias Friatt,0911 Morningstar Center,14276,NY,lfriatto7@amazon.de
873,Heloise Aylwin,9501 North Lane,37205,TN,haylwino8@typepad.com
874,Bar Postles,283 Division Avenue,79934,TX,bpostleso9@hexun.com
875,Gan Bunworth,4 Little Fleur Circle,25313,WV,gbunworthoa@sphinn.com
876,Inga Pepis,837 Briar Crest Place,48092,MI,ipepisob@google.com.au
877,Grete Gomersall,2243 Clemons Hill,47705,IN,ggomersalloc@intel.com
878,Doe Coveny,918 Vernon Terrace,98195,WA,dcovenyod@fema.gov
879,Dasya Tyler,14 Westridge Avenue,63116,MO,dtyleroe@wp.com
880,Tony Rampley,4 Warbler Parkway,20010,DC,trampleyof@delicious.com
881,Gabriello Srawley,8 Shopko Center,20397,DC,gsrawleyog@zimbio.com
882,Bunnie Butting,079 Memorial Street,27264,NC,bbuttingoh@sina.com.cn
883,Monica Vivyan,6 Bonner Parkway,32118,FL,mvivyanoi@e-recht24.de
884,Salem Roja,1 Derek Park,77223,TX,srojaoj@ed.gov
885,Virgil Etteridge,39 Armistice Trail,36610,AL,vetteridgeok@gov.uk
886,Kerwinn Gude,59688 Knutson Pass,74193,OK,kgudeol@newyorker.com
887,Abbot Obee,7198 Reinke Parkway,22047,VA,aobeeom@who.int
888,Marty Olpin,91481 Village Green Crossing,75246,TX,molpinon@google.com.au
889,Dodie Lodden,1 Prairieview Street,37220,TN,dloddenoo@t.co
890,Fabian Oriel,4 Ridge Oak Avenue,44130,OH,forielop@desdev.cn
891,Cammy Unsworth,6281 Green Ridge Pass,94245,CA,cunsworthoq@ehow.com
892,Cynde Ridpath,60223 Vermont Court,64193,MO,cridpathor@people.com.cn
893,Nerty Hercules,2 Rowland Crossing,79955,TX,nherculesos@chron.com
894,Cherie Leghorn,04052 Park Meadow Crossing,11247,NY,cleghornot@ezinearticles.com
895,Cam Brody,0 Rockefeller Trail,75353,TX,cbrodyou@auda.org.au
896,Timothy Dorman,2 Luster Pass,45454,OH,tdormanov@yahoo.co.jp
897,Berty Pauel,13593 Sommers Place,20073,DC,bpauelow@php.net
898,Carmelina Rennie,1 Lotheville Crossing,21275,MD,crennieox@deviantart.com
899,Ebeneser Letchford,51 Springs Parkway,37914,TN,eletchfordoy@digg.com
900,Brittni Keyson,2 Lakeland Way,95133,CA,bkeysonoz@cloudflare.com
901,Kylie Simone,87 Badeau Place,19125,PA,ksimonep0@bing.com
902,Starr Gorgler,24 Grasskamp Crossing,40220,KY,sgorglerp1@answers.com
903,Sofie Sanham,4 Evergreen Lane,55470,MN,ssanhamp2@alexa.com
904,Sig Checo,1718 Sage Street,45419,OH,schecop3@360.cn
905,Felicia Buessen,4 Johnson Circle,61629,IL,fbuessenp4@timesonline.co.uk
906,Kamillah Jacobs,116 Di Loreto Place,90071,CA,kjacobsp5@deliciousdays.com
907,Alaster Hutfield,2 5th Lane,32309,FL,ahutfieldp6@nature.com
908,Pollyanna Donovin,227 Waxwing Road,94230,CA,pdonovinp7@pen.io
909,Trista Eat,3 Jenna Terrace,75185,TX,teatp8@ow.ly
910,Filberto Vynall,6890 Barby Avenue,55573,MN,fvynallp9@example.com
911,Grace Treagust,88 4th Court,25775,WV,gtreagustpa@e-recht24.de
912,Dudley Doumerc,9 Fairview Road,20337,DC,ddoumercpb@networksolutions.com
913,Ebony Hanniger,4219 Warner Street,22313,VA,ehannigerpc@go.com
914,Aurelea Bonifacio,8935 Village Green Alley,56372,MN,abonifaciopd@wikia.com
915,Morgen Dalman,28431 Rutledge Pass,23260,VA,mdalmanpe@google.co.uk
916,Tory Yakushkin,3080 Blaine Alley,22096,VA,tyakushkinpf@printfriendly.com
917,Henri Deery,27 Doe Crossing Point,60435,IL,hdeerypg@dot.gov
918,Aleta Brasher,5 Lillian Junction,87201,NM,abrasherph@telegraph.co.uk
919,Bettye Langlais,212 Bluestem Trail,27658,NC,blanglaispi@fc2.com
920,Vito Valerius,17 Loftsgordon Terrace,73197,OK,vvaleriuspj@webeden.co.uk
921,Travis Beacon,53167 Bluestem Park,78769,TX,tbeaconpk@kickstarter.com
922,Magda Worwood,59318 Oneill Alley,92725,CA,mworwoodpl@dailymail.co.uk
923,Alessandro Mogford,85751 Acker Court,97306,OR,amogfordpm@slashdot.org
924,Fanchon Persehouse,48 Becker Junction,33310,FL,fpersehousepn@china.com.cn
925,Brandtr Winley,3572 New Castle Parkway,39534,MS,bwinleypo@csmonitor.com
926,Lani Tant,104 5th Junction,23208,VA,ltantpp@hhs.gov
927,Fletch Boydle,13 Waubesa Junction,29403,SC,fboydlepq@merriam-webster.com
928,Aldus Schaben,8 Continental Place,40576,KY,aschabenpr@yale.edu
929,Kathy Godehard.sf,84 Maple Crossing,78783,TX,kgodehardsfps@feedburner.com
930,Gaylord Chesney,143 Maywood Plaza,46231,IN,gchesneypt@yolasite.com
931,Natala Morratt,63 Spohn Place,40510,KY,nmorrattpu@mlb.com
932,Rutledge Grimsdell,446 Truax Road,73190,OK,rgrimsdellpv@independent.co.uk
933,Pegeen Punton,9 Oneill Center,20067,DC,ppuntonpw@arizona.edu
934,Niels Lowth,91 Jay Road,33686,FL,nlowthpx@home.pl
935,Dorri Johananov,15614 American Pass,94712,CA,djohananovpy@imageshack.us
936,Caroljean Baudi,93 Alpine Street,35220,AL,cbaudipz@umich.edu
937,Leighton Cridlan,6435 Cody Circle,70826,LA,lcridlanq0@webs.com
938,Gusta Slyman,24 Dryden Plaza,92505,CA,gslymanq1@apache.org
939,Franky Ricardou,59319 Roth Center,34611,FL,fricardouq2@oakley.com
940,Tiffy Tew,2933 Shopko Alley,70165,LA,ttewq3@examiner.com
941,Aguie Esser,5140 Fremont Way,64193,MO,aesserq4@sfgate.com
942,Raeann Greystoke,16103 Northwestern Pass,35905,AL,rgreystokeq5@qq.com
943,Audy Rapi,1091 Rusk Alley,12205,NY,arapiq6@washingtonpost.com
944,Rolando Pendergrast,118 High Crossing Terrace,95150,CA,rpendergrastq7@fotki.com
945,Bertram Kremer,7031 Fallview Street,96154,CA,bkremerq8@zdnet.com
946,Danice Bielby,91146 Vermont Parkway,01605,MA,dbielbyq9@issuu.com
947,Leona Culleford,57993 Charing Cross Trail,60657,IL,lcullefordqa@bbc.co.uk
948,Haroun Deniset,5643 Bultman Pass,75323,TX,hdenisetqb@ustream.tv
949,Cherie Maffucci,17 Londonderry Avenue,31132,GA,cmaffucciqc@mail.ru
950,Javier Dike,6 Eggendart Hill,92176,CA,jdikeqd@seesaa.net
951,Rick Lukacs,4 Village Green Lane,77010,TX,rlukacsqe@flickr.com
952,Micah Fuidge,01 Green Ridge Terrace,55551,MN,mfuidgeqf@psu.edu
953,Suzann Curneen,2991 Westerfield Place,85062,AZ,scurneenqg@jiathis.com
954,Petra Tremathack,8262 Golf Course Crossing,23220,VA,ptremathackqh@smh.com.au
955,Hermann Brogden,054 Katie Street,93721,CA,hbrogdenqi@g.co
956,Ludovico Biggin,5 Clove Pass,93704,CA,lbigginqj@bloglines.com
957,Nert Heningam,15 Nelson Hill,52804,IA,nheningamqk@nbcnews.com
958,Biron Simonutti,477 Little Fleur Hill,23277,VA,bsimonuttiql@topsy.com
959,Dav Dorney,3 Leroy Trail,54313,WI,ddorneyqm@constantcontact.com
960,Ailina Cosyns,6 Hooker Road,31405,GA,acosynsqn@house.gov
961,Korey Kenway,026 Crest Line Parkway,55564,MN,kkenwayqo@trellian.com
962,Lutero Drepp,57348 Dexter Crossing,89130,NV,ldreppqp@diigo.com
963,Bevon Culverhouse,31 Anzinger Lane,77245,TX,bculverhouseqq@alexa.com
964,Christie Aldin,01 Texas Plaza,63136,MO,caldinqr@wikispaces.com
965,Kippie Rumsby,6 Vidon Park,31410,GA,krumsbyqs@sfgate.com
966,Jania Mansel,7619 Melby Court,98195,WA,jmanselqt@google.it
967,Malorie Durak,92 Morrow Place,79923,TX,mdurakqu@archive.org
968,Kaela Batram,435 Eastwood Trail,95973,CA,kbatramqv@yellowbook.com
969,Lewes Teasdale-Markie,7 Thompson Trail,11447,NY,lteasdalemarkieqw@rakuten.co.jp
970,Jervis Sauter,9913 Monument Trail,50320,IA,jsauterqx@instagram.com
971,Carce Rispine,6 Glendale Terrace,55127,MN,crispineqy@chicagotribune.com
972,Karly Voelker,3 Longview Parkway,55579,MN,kvoelkerqz@globo.com
973,Wolfgang Jury,837 Jackson Pass,33432,FL,wjuryr0@nhs.uk
974,Elicia Posselt,8710 Melody Drive,29203,SC,eposseltr1@microsoft.com
975,Lois Klimshuk,173 Butterfield Court,77040,TX,lklimshukr2@ucoz.com
976,Adaline Oertzen,4 Dapin Drive,06912,CT,aoertzenr3@moonfruit.com
977,Jedd Spare,41 Boyd Pass,79911,TX,jsparer4@yelp.com
978,Sidonnie Batalini,3633 Commercial Drive,46634,IN,sbatalinir5@twitpic.com
979,Silvan Mableson,9 Ilene Terrace,73129,OK,smablesonr6@hp.com
980,Daloris Turgoose,0525 Sauthoff Crossing,84105,UT,dturgooser7@aboutads.info
981,Casey Choudhury,42 Oak Valley Street,14233,NY,cchoudhuryr8@quantcast.com
982,Grover Stoile,98168 Scofield Circle,07104,NJ,gstoiler9@macromedia.com
983,Valaree Goodlatt,3859 Pawling Road,78754,TX,vgoodlattra@soup.io
984,Amber De La Coste,412 Forest Run Lane,35487,AL,aderb@odnoklassniki.ru
985,Hulda Abramamov,5 Rutledge Way,71914,AR,habramamovrc@oaic.gov.au
986,Michael Sitlinton,51 Bowman Avenue,75310,TX,msitlintonrd@cpanel.net
987,Sloan Stansall,57 Mosinee Court,68524,NE,sstansallre@bluehost.com
988,Jeremie Dresche,50 Bunting Plaza,28210,NC,jdrescherf@dot.gov
989,Tina Winsper,6 Transport Lane,70149,LA,twinsperrg@comcast.net
990,Terri-jo Thornham,0 Burrows Center,21282,MD,tthornhamrh@usnews.com
991,Jodi Edgeley,41 Texas Circle,20210,DC,jedgeleyri@networksolutions.com
992,Millard Tremmel,82731 Springs Terrace,77554,TX,mtremmelrj@zimbio.com
993,Marylinda Grzegorzewicz,60556 Scoville Crossing,23454,VA,mgrzegorzewiczrk@mozilla.org
994,Rosmunda Cahalan,527 Debs Road,32309,FL,rcahalanrl@narod.ru
995,Emiline Hefner,29864 Stuart Parkway,98506,WA,ehefnerrm@webeden.co.uk
996,Conn Zettoi,72 Trailsway Crossing,31422,GA,czettoirn@trellian.com
997,Chad Rabbet,28 Fisk Place,21275,MD,crabbetro@businessinsider.com
998,Silvanus Ferebee,2869 Grayhawk Way,83727,ID,sferebeerp@epa.gov
999,Dorice Tibbetts,85181 Killdeer Point,37250,TN,dtibbettsrq@hatena.ne.jp
1000,Darb Weavill,95 Gateway Point,48242,MI,dweavillrr@pinterest.com
