id,name,address,zipcode,state,email
1,Terri Alenichicov,4399 New Castle Terrace,43231,OH,talenichicov0@51.la
2,Una Griffe,02059 Dawn Center,53263,WI,ugriffe1@topsy.com
3,Wiatt Hacquel,475 La Follette Hill,55123,MN,whacquel2@slate.com
4,Aguste De Ferraris,3 Bunker Hill Lane,45999,OH,ade3@wiley.com
5,Merry McMakin,1810 Straubel Pass,14652,NY,mmcmakin4@upenn.edu
6,Ange Bugge,99421 Warner Trail,80204,CO,abugge5@mediafire.com
7,Daphne Searchwell,559 Esch Lane,78296,TX,dsearchwell6@free.fr
8,Casey Cosgry,4366 Sycamore Hill,15261,PA,ccosgry7@reference.com
9,Elyse Knibbs,72287 Luster Street,30380,GA,eknibbs8@phpbb.com
10,Rhonda Wreight,209 Schlimgen Center,89074,NV,rwreight9@java.com
11,Elliott Pritchett,547 Pine View Court,18706,PA,epritchetta@edublogs.org
12,Vivi Dach,3003 Ridge Oak Drive,60697,IL,vdachb@oracle.com
13,Bettine Frean,49 Oakridge Plaza,12247,NY,bfreanc@bloomberg.com
14,Townie O'Donegan,2 Monterey Alley,33315,FL,todonegand@about.me
15,Cornelius Mellon,4 Bay Trail,78215,TX,cmellone@wp.com
16,Agnella Roxburch,93 Granby Junction,22036,VA,aroxburchf@washington.edu
17,Nessy Gowdridge,75403 Colorado Avenue,88525,TX,ngowdridgeg@google.com
18,Sally Weins,104 Loeprich Circle,29615,SC,sweinsh@ycombinator.com
19,Ingaberg Denisevich,3571 Sheridan Street,70160,LA,idenisevichi@alexa.com
20,Basilio Bracer,297 Buhler Alley,97229,OR,bbracerj@xrea.com
21,Nomi Hearn,4 Kedzie Alley,20566,DC,nhearnk@vk.com
22,Caressa Lydall,289 Bobwhite Pass,30089,GA,clydalll@smh.com.au
23,Grove D'Alesco,4 Mccormick Pass,40205,KY,gdalescom@wp.com
24,Trent Dinkin,2 Hintze Plaza,93794,CA,tdinkinn@narod.ru
25,Sharron Fraczek,581 Roxbury Street,92878,CA,sfraczeko@technorati.com
26,Kimberli Bavister,2 Hazelcrest Place,35244,AL,kbavisterp@hexun.com
27,Celine Dykas,5159 Johnson Trail,47905,IN,cdykasq@columbia.edu
28,Amara Tomlins,621 Jenifer Place,33710,FL,atomlinsr@answers.com
29,Stanton Schruyers,606 Buhler Drive,60686,IL,sschruyerss@forbes.com
30,Keene Howship,4 Fairview Crossing,32803,FL,khowshipt@instagram.com
31,Daven Hugnot,3 American Center,22234,VA,dhugnotu@infoseek.co.jp
32,Garold Mannooch,113 Scott Alley,08619,NJ,gmannoochv@cam.ac.uk
33,Annadiana Rathjen,280 Dryden Terrace,62525,IL,arathjenw@cdbaby.com
34,Ianthe Hulett,01343 Claremont Alley,46278,IN,ihulettx@mac.com
35,Saunders Chaudron,29685 Bay Road,34233,FL,schaudrony@princeton.edu
36,Doloritas McCleary,92 Tennyson Pass,92424,CA,dmcclearyz@reverbnation.com
37,Tara Phripp,079 Sloan Circle,55146,MN,tphripp10@alibaba.com
38,Yetta Antonignetti,7 Ridgeview Hill,95405,CA,yantonignetti11@last.fm
39,Lena Handman,9966 Luster Center,90310,CA,lhandman12@upenn.edu
40,Kelila Hessentaler,5 Pennsylvania Road,93726,CA,khessentaler13@elegantthemes.com
41,Harrietta Merlin,7513 Westend Park,95973,CA,hmerlin14@home.pl
42,Kinny Iuorio,241 Tomscot Plaza,64153,MO,kiuorio15@macromedia.com
43,Ellwood Vennings,513 Doe Crossing Circle,43666,OH,evennings16@woothemes.com
44,Chev Moncreif,61 Dawn Avenue,75287,TX,cmoncreif17@army.mil
45,Johnny Lassey,31 Anderson Avenue,28305,NC,jlassey18@tinyurl.com
46,Reagan Callam,91480 Sundown Street,28805,NC,rcallam19@discuz.net
47,Larine Dudin,79 7th Circle,77201,TX,ldudin1a@unesco.org
48,Idell Kerswill,19 Farmco Plaza,89706,NV,ikerswill1b@nymag.com
49,Duane Mason,21 Browning Trail,95128,CA,dmason1c@columbia.edu
50,Alvin Frostdick,9 Thackeray Road,33661,FL,afrostdick1d@sfgate.com
51,Josi Shildrick,39 Lukken Court,15220,PA,jshildrick1e@plala.or.jp
52,Kitty Panichelli,85 Green Point,98206,WA,kpanichelli1f@tinypic.com
53,Lombard Polendine,5 Miller Crossing,73157,OK,lpolendine1g@myspace.com
54,Cinnamon Ithell,440 Pankratz Park,48505,MI,cithell1h@jigsy.com
55,Jennifer Gerbi,174 Veith Terrace,30328,GA,jgerbi1i@list-manage.com
56,Bryan McIlreavy,40381 Katie Place,22309,VA,bmcilreavy1j@archive.org
57,Roi Dannett,742 Lillian Drive,20599,DC,rdannett1k@ask.com
58,Pat Cohani,24138 Derek Drive,50706,IA,pcohani1l@ucoz.com
59,Erinna Mohan,80747 Troy Avenue,99517,AK,emohan1m@ow.ly
60,Nyssa Silverthorn,39 Anderson Alley,95194,CA,nsilverthorn1n@goo.gl
61,Leslie MacRannell,9932 Thierer Point,27717,NC,lmacrannell1o@netscape.com
62,Robbi Symonds,4309 Kim Point,34233,FL,rsymonds1p@japanpost.jp
63,Rania Tabourel,3185 Sheridan Way,27635,NC,rtabourel1q@amazon.de
64,Doloritas Gavan,4627 Kenwood Hill,32123,FL,dgavan1r@seattletimes.com
65,Peter Lardiner,4051 Pond Park,45020,OH,plardiner1s@ca.gov
66,Forrest Ebbutt,35 Walton Center,10184,NY,febbutt1t@histats.com
67,Myrtie Symper,22 Golf Avenue,63169,MO,msymper1u@techcrunch.com
68,Simonne Bessell,98083 Holy Cross Court,89178,NV,sbessell1v@unicef.org
69,Olin Firmin,9 Oak Center,91117,CA,ofirmin1w@imdb.com
70,Rhona Kezor,6 Meadow Vale Court,02104,MA,rkezor1x@phpbb.com
71,Sauncho McReynold,618 Fieldstone Circle,92153,CA,smcreynold1y@istockphoto.com
72,Abagael Croisdall,11 Schlimgen Road,37228,TN,acroisdall1z@dell.com
73,Janeen Kuhnke,651 1st Alley,90831,CA,jkuhnke20@facebook.com
74,Padgett Urian,7 Charing Cross Road,66642,KS,purian21@cbslocal.com
75,Shurlock Oleshunin,14 Oriole Crossing,63121,MO,soleshunin22@thetimes.co.uk
76,Odessa Stoffels,559 Mallard Lane,15240,PA,ostoffels23@ed.gov
77,Ashien Kliche,7471 Tennessee Road,14905,NY,akliche24@jimdo.com
78,Harcourt Ritmeier,1024 Meadow Valley Avenue,44720,OH,hritmeier25@oaic.gov.au
79,Conchita Fitzharris,77 Raven Park,11044,NY,cfitzharris26@berkeley.edu
80,Gustav Huc,2467 Fairview Plaza,43605,OH,ghuc27@skype.com
81,Nicol De Meyer,715 Scofield Avenue,32128,FL,nde28@twitter.com
82,Tomaso Smoth,74449 Victoria Terrace,90076,CA,tsmoth29@livejournal.com
83,Pen Crosson,9 Hanson Place,96820,HI,pcrosson2a@china.com.cn
84,Grissel Rubinek,7925 Walton Park,10110,NY,grubinek2b@sina.com.cn
85,Jeffie Shrubsall,823 Mallard Street,97306,OR,jshrubsall2c@baidu.com
86,Hadrian Gillum,82 Blaine Junction,33013,FL,hgillum2d@samsung.com
87,Boonie Berkowitz,497 Heath Junction,38109,TN,bberkowitz2e@123-reg.co.uk
88,Porty Aicken,7252 Pearson Way,32595,FL,paicken2f@stumbleupon.com
89,Brooks Godier,38192 Nevada Alley,30351,GA,bgodier2g@t-online.de
90,Jerrine Lucas,237 Miller Way,18505,PA,jlucas2h@slate.com
91,Rozella Auten,505 Kingsford Parkway,12247,NY,rauten2i@simplemachines.org
92,Riane Finnimore,6 Washington Circle,75507,TX,rfinnimore2j@amazonaws.com
93,Emlynne Ducrow,54244 Golf Course Road,84152,UT,educrow2k@pinterest.com
94,Erena Cheine,326 Dahle Road,70616,LA,echeine2l@sciencedirect.com
95,Annalise Robben,437 Dixon Place,25709,WV,arobben2m@usnews.com
96,Althea Matthews,18 Golf View Parkway,93794,CA,amatthews2n@addtoany.com
97,Correna Skamell,874 Wayridge Trail,46867,IN,cskamell2o@globo.com
98,Ervin Churchard,196 Oakridge Parkway,90847,CA,echurchard2p@aboutads.info
99,Lucio Stalf,2 Hooker Hill,46867,IN,lstalf2q@jigsy.com
100,Hildy Skingle,0174 Almo Court,32813,FL,hskingle2r@is.gd
101,Sandi Chess,3 Hovde Avenue,27658,NC,schess2s@addtoany.com
102,Wakefield Carrane,52462 Cambridge Point,89505,NV,wcarrane2t@nymag.com
103,Pia Sparrowe,465 Monica Terrace,14210,NY,psparrowe2u@harvard.edu
104,Ewell MacCurtain,5 Donald Parkway,29215,SC,emaccurtain2v@prnewswire.com
105,Rebe Champerlen,21 Utah Hill,64144,MO,rchamperlen2w@elpais.com
106,Sergent Corzon,57 Kingsford Terrace,93591,CA,scorzon2x@woothemes.com
107,Klarrisa Venneur,786 Northwestern Pass,10110,NY,kvenneur2y@eepurl.com
108,Kristen Magowan,755 Summit Drive,27605,NC,kmagowan2z@blogtalkradio.com
109,Arleyne Tue,477 Nelson Point,77045,TX,atue30@fda.gov
110,Dorri Norbury,8392 North Trail,67236,KS,dnorbury31@eepurl.com
111,Marina Demchen,360 Talisman Junction,33336,FL,mdemchen32@nature.com
112,Gallagher Balaisot,0909 Little Fleur Terrace,20503,DC,gbalaisot33@abc.net.au
113,Merrili Ginnally,2 Hoffman Place,44505,OH,mginnally34@unblog.fr
114,Tommy Vogel,05739 Springview Lane,62525,IL,tvogel35@booking.com
115,Aguie Stimpson,275 Northfield Plaza,14220,NY,astimpson36@wired.com
116,Fairlie Livett,911 Village Junction,02472,MA,flivett37@google.com.br
117,Urbanus Duignan,2737 Marquette Crossing,11236,NY,uduignan38@deviantart.com
118,Theodoric Barwise,3 Lien Parkway,23551,VA,tbarwise39@tuttocitta.it
119,Munmro Slixby,4 Rockefeller Lane,35279,AL,mslixby3a@opera.com
120,Northrop Heady,7785 Bluejay Plaza,33543,FL,nheady3b@woothemes.com
121,Yehudi Drei,4413 Golf View Lane,66220,KS,ydrei3c@istockphoto.com
122,Lev McIlveen,0 Union Road,78726,TX,lmcilveen3d@ucsd.edu
123,Shanda Huckel,6027 International Center,23612,VA,shuckel3e@hugedomains.com
124,Jennica Satchel,7013 Messerschmidt Terrace,35487,AL,jsatchel3f@furl.net
125,Leslie Batchellor,74264 4th Circle,70183,LA,lbatchellor3g@yahoo.com
126,Ade Lukacs,5898 Morning Crossing,93305,CA,alukacs3h@prnewswire.com
127,Vlad Sharrock,589 Anzinger Circle,72905,AR,vsharrock3i@businessinsider.com
128,Sigmund Nipper,81 Everett Plaza,67205,KS,snipper3j@ebay.com
129,Zora Hayen,98 Trailsway Way,33129,FL,zhayen3k@newsvine.com
130,Archy Takos,89 Nelson Alley,93591,CA,atakos3l@vimeo.com
131,Karleen Farmloe,89325 Helena Circle,68505,NE,kfarmloe3m@ucla.edu
132,Shea Crimp,2927 Starling Trail,93591,CA,scrimp3n@accuweather.com
133,Marie-jeanne Witherbed,0445 Vahlen Place,32808,FL,mwitherbed3o@wsj.com
134,Aryn Grattage,51 Manufacturers Crossing,75049,TX,agrattage3p@aol.com
135,Babara Featley,09 Sunfield Crossing,19605,PA,bfeatley3q@netvibes.com
136,Demetri Wrettum,7803 Parkside Trail,24029,VA,dwrettum3r@dmoz.org
137,Chrystal Eastman,5 Loftsgordon Circle,94257,CA,ceastman3s@ucoz.ru
138,Antin Martini,083 Ronald Regan Alley,29319,SC,amartini3t@sogou.com
139,Dale Brisker,106 Mariners Cove Plaza,85720,AZ,dbrisker3u@oakley.com
140,Lance Younge,577 Mallory Street,70593,LA,lyounge3v@rambler.ru
141,Spence Reuter,1 Hauk Junction,94302,CA,sreuter3w@123-reg.co.uk
142,Haley Briztman,60875 Towne Plaza,59806,MT,hbriztman3x@google.nl
143,Viola Marzelo,1105 Walton Avenue,85311,AZ,vmarzelo3y@omniture.com
144,Hali Ledekker,36 Judy Terrace,27425,NC,hledekker3z@wunderground.com
145,Haleigh Kinahan,56 Crownhardt Place,53405,WI,hkinahan40@ox.ac.uk
146,Baryram Damant,94 Upham Alley,30610,GA,bdamant41@discuz.net
147,Alyss Elks,55 Blue Bill Park Parkway,33325,FL,aelks42@networksolutions.com
148,Roxy Duffet,5927 Ridge Oak Place,20397,DC,rduffet43@biglobe.ne.jp
149,Eward Batchelor,3855 Grim Circle,20099,DC,ebatchelor44@cornell.edu
150,Nigel Camplin,160 Gateway Crossing,20238,DC,ncamplin45@blinklist.com
151,Marna Yendall,19 Duke Trail,44905,OH,myendall46@pbs.org
152,Petra Trott,23 Spaight Hill,36641,AL,ptrott47@exblog.jp
153,Kittie Pollastrino,1198 Annamark Park,27635,NC,kpollastrino48@unicef.org
154,Lucais Klampt,7 Everett Park,53220,WI,lklampt49@dot.gov
155,Johnny Mazzey,356 Tennyson Junction,20546,DC,jmazzey4a@blogtalkradio.com
156,Birgit Gapper,47417 Fair Oaks Court,89160,NV,bgapper4b@yolasite.com
157,Kaye Andryszczak,23 Sutteridge Park,32505,FL,kandryszczak4c@dot.gov
158,Karen Plet,30 Barnett Pass,29905,SC,kplet4d@livejournal.com
159,Kendell Croysdale,04 Morrow Terrace,49006,MI,kcroysdale4e@nps.gov
160,Raymund Greenall,94 Thompson Street,94207,CA,rgreenall4f@mtv.com
161,Kassia Volke,945 Algoma Avenue,83757,ID,kvolke4g@bbb.org
162,Kristoffer Le Floch,83636 Erie Avenue,06520,CT,kle4h@g.co
163,Bertrand Moughtin,89 Glacier Hill Center,97296,OR,bmoughtin4i@umn.edu
164,Adriane Chalk,65 Dayton Trail,92030,CA,achalk4j@hc360.com
165,Sheree Juszkiewicz,651 Glendale Park,01905,MA,sjuszkiewicz4k@deviantart.com
166,Ricky Beyer,6 Shopko Point,62794,IL,rbeyer4l@comcast.net
167,Lesley Grzegorczyk,8286 Mallory Way,93034,CA,lgrzegorczyk4m@webmd.com
168,Leonidas Glewe,951 Bultman Lane,20310,DC,lglewe4n@weather.com
169,Claybourne Mitchall,55 Ruskin Park,30386,GA,cmitchall4o@dyndns.org
170,Brannon Lintill,74069 Dawn Center,85383,AZ,blintill4p@tuttocitta.it
171,Port Andreotti,946 Starling Street,14220,NY,pandreotti4q@bluehost.com
172,Dalli McPhee,80350 Melrose Avenue,20310,DC,dmcphee4r@tripod.com
173,Erroll Rubinsztein,7 Annamark Alley,34135,FL,erubinsztein4s@jimdo.com
174,Sarge McDoual,78 7th Circle,79182,TX,smcdoual4t@unc.edu
175,Kathy Turley,39 Elka Terrace,39204,MS,kturley4u@e-recht24.de
176,Fiona Worton,1 Meadow Valley Street,63131,MO,fworton4v@indiegogo.com
177,Mellicent Strodder,8 Mitchell Junction,27615,NC,mstrodder4w@npr.org
178,Zsa zsa Cool,73 Grover Alley,20016,DC,zzsa4x@cmu.edu
179,Bord Tineman,3713 Lindbergh Crossing,37245,TN,btineman4y@independent.co.uk
180,Cecile Doley,33 Dovetail Way,99252,WA,cdoley4z@cornell.edu
181,Miran Paxforde,86068 Union Place,67260,KS,mpaxforde50@army.mil
182,Way Sibborn,75 Muir Crossing,66629,KS,wsibborn51@woothemes.com
183,Mercy Fontel,47 Hazelcrest Place,85067,AZ,mfontel52@google.nl
184,Gates Averill,64 Rockefeller Plaza,77266,TX,gaverill53@sphinn.com
185,Lindsey Beggs,2 Crowley Place,43204,OH,lbeggs54@ca.gov
186,Edmund Menere,01552 Prairieview Center,77045,TX,emenere55@wix.com
187,Lothario Baugh,708 Pine View Road,20470,DC,lbaugh56@bloomberg.com
188,Odilia Elson,52 Sutteridge Park,60652,IL,oelson57@sbwire.com
189,Curtice Overnell,0 Ridgeway Circle,35231,AL,covernell58@booking.com
190,Tomi Clew,9 Gerald Court,77223,TX,tclew59@flavors.me
191,Kris Debow,60 Moose Street,38136,TN,kdebow5a@exblog.jp
192,Travis Figura,7588 Superior Avenue,20062,DC,tfigura5b@mashable.com
193,Sabina Lindgren,517 Forest Dale Circle,27264,NC,slindgren5c@yale.edu
194,Cherice Iczokvitz,71 Amoth Way,90094,CA,ciczokvitz5d@paypal.com
195,Haslett Fonquernie,169 Browning Way,12305,NY,hfonquernie5e@gov.uk
196,Aurore Cruickshanks,4 Division Center,07104,NJ,acruickshanks5f@go.com
197,Izzy Mardy,116 Emmet Avenue,27499,NC,imardy5g@fastcompany.com
198,Rollin Mustill,46025 Arapahoe Lane,20575,DC,rmustill5h@paginegialle.it
199,Emlyn Cauldfield,4553 Carberry Crossing,31196,GA,ecauldfield5i@nature.com
200,Tuesday Buttrick,30849 Crowley Park,81010,CO,tbuttrick5j@google.it
201,Hodge Harrison,1149 Mallard Court,78291,TX,hharrison5k@berkeley.edu
202,Kirby Hurlestone,4661 Haas Circle,45271,OH,khurlestone5l@wix.com
203,Jarrid Girodias,30592 David Center,68110,NE,jgirodias5m@woothemes.com
204,Sarah Fletcher,026 Toban Road,77271,TX,sfletcher5n@webs.com
205,Griff Schruurs,4 Graedel Avenue,38188,TN,gschruurs5o@home.pl
206,Daron Sayers,7 Sugar Center,77010,TX,dsayers5p@vk.com
207,Felizio Eberle,51760 Amoth Drive,58505,ND,feberle5q@dropbox.com
208,Nikki Ostler,63 Upham Court,73142,OK,nostler5r@ezinearticles.com
209,Clarey Sahlstrom,37 Huxley Point,30306,GA,csahlstrom5s@usa.gov
210,Olga Fake,189 Manley Trail,46226,IN,ofake5t@deviantart.com
211,Coop Shillinglaw,2958 Garrison Place,02104,MA,cshillinglaw5u@homestead.com
212,Dacy William,78844 Goodland Trail,40250,KY,dwilliam5v@ed.gov
213,Buddie Neissen,48356 Buena Vista Lane,90020,CA,bneissen5w@reverbnation.com
214,Grove Dodds,8580 Express Place,28205,NC,gdodds5x@wikia.com
215,Bernelle Medley,0706 Almo Avenue,53205,WI,bmedley5y@1und1.de
216,Immanuel Hazleton,3 Chive Court,32575,FL,ihazleton5z@salon.com
217,Buckie Collishaw,409 Sachtjen Terrace,79699,TX,bcollishaw60@independent.co.uk
218,Gwyn Hendriksen,614 Evergreen Street,10110,NY,ghendriksen61@blog.com
219,Wilmette Le Sieur,651 Towne Trail,50315,IA,wle62@pcworld.com
220,Madlen Caras,05 Riverside Pass,34474,FL,mcaras63@si.edu
221,Bernie Mathouse,74 Goodland Street,10099,NY,bmathouse64@yale.edu
222,Etty O'Fearguise,165 North Alley,11024,NY,eofearguise65@mediafire.com
223,Boycey Chaplyn,563 Brown Lane,75044,TX,bchaplyn66@e-recht24.de
224,Daffi Currin,93243 Gale Crossing,20062,DC,dcurrin67@is.gd
225,Mae Tinton,7 Grim Park,36605,AL,mtinton68@blogtalkradio.com
226,Natal Sergison,970 Butternut Court,43610,OH,nsergison69@nba.com
227,Giulietta Van den Oord,67 Grasskamp Lane,61651,IL,gvan6a@prnewswire.com
228,Sharleen Markham,9 Quincy Street,15906,PA,smarkham6b@networksolutions.com
229,Verine Elster,84935 Corry Lane,93704,CA,velster6c@yellowbook.com
230,Gilbertine Halleday,0649 Ilene Trail,89110,NV,ghalleday6d@ihg.com
231,Irita Calverd,44 Schlimgen Avenue,89505,NV,icalverd6e@technorati.com
232,Kathi Barhems,6996 Anzinger Trail,20337,DC,kbarhems6f@dell.com
233,Gus Walak,08714 Grasskamp Street,95108,CA,gwalak6g@4shared.com
234,Wilhelm Reaveley,02 Goodland Road,91125,CA,wreaveley6h@indiatimes.com
235,Clotilda Prosch,99143 Canary Way,96825,HI,cprosch6i@narod.ru
236,Verne Casoni,2253 Declaration Center,28805,NC,vcasoni6j@loc.gov
237,Roxie Sapsford,0 Spohn Plaza,80150,CO,rsapsford6k@google.co.uk
238,Dre Lohden,169 Kingsford Crossing,92640,CA,dlohden6l@goo.ne.jp
239,Nahum Grinsted,89 Sheridan Pass,06510,CT,ngrinsted6m@php.net
240,Merci Raycroft,991 Spenser Junction,10150,NY,mraycroft6n@phpbb.com
241,Gertie Cann,9 Clove Center,44485,OH,gcann6o@techcrunch.com
242,Job Tidcomb,92 Lerdahl Point,11205,NY,jtidcomb6p@shutterfly.com
243,Dot Mattacks,1228 Loomis Hill,40280,KY,dmattacks6q@barnesandnoble.com
244,Augusto Folshom,107 Parkside Road,18768,PA,afolshom6r@adobe.com
245,Vania Yeo,221 Bay Terrace,60630,IL,vyeo6s@phoca.cz
246,Dorrie Apfelmann,57632 Maywood Avenue,62205,IL,dapfelmann6t@ft.com
247,Daisie Neeves,9007 Tennyson Parkway,92186,CA,dneeves6u@yale.edu
248,Joshua Martignoni,67449 New Castle Center,95818,CA,jmartignoni6v@soundcloud.com
249,Emmott Quayle,51 Briar Crest Plaza,35805,AL,equayle6w@thetimes.co.uk
250,Kissee Brake,2 Columbus Lane,20409,DC,kbrake6x@ifeng.com
251,Raynor Clague,97256 Dovetail Parkway,96825,HI,rclague6y@issuu.com
252,Rianon Kramer,226 Farwell Trail,88541,TX,rkramer6z@biglobe.ne.jp
253,Tisha Jepson,30 Florence Plaza,57193,SD,tjepson70@wiley.com
254,Marci Gronowe,391 Northview Plaza,33742,FL,mgronowe71@furl.net
255,Tommie Trebble,28 Prentice Lane,61651,IL,ttrebble72@epa.gov
256,Candra Shovell,20 Annamark Hill,28278,NC,cshovell73@theguardian.com
257,Corinna Spadelli,0 Saint Paul Pass,79911,TX,cspadelli74@wordpress.com
258,Beatrisa Bettinson,114 Grover Alley,97075,OR,bbettinson75@alibaba.com
259,Kenyon Trass,8 Northport Parkway,95128,CA,ktrass76@creativecommons.org
260,Lorrie Packington,61 Magdeline Place,72118,AR,lpackington77@earthlink.net
261,Xenos Dowd,641 Cody Center,31704,GA,xdowd78@vk.com
262,Moishe McClaughlin,4512 Maple Wood Lane,14683,NY,mmcclaughlin79@netvibes.com
263,Emmaline Knowller,36 Cascade Park,65105,MO,eknowller7a@people.com.cn
264,Griz Romagosa,13 Rockefeller Point,48092,MI,gromagosa7b@ycombinator.com
265,Patrizius Ibotson,7 Corscot Avenue,77554,TX,pibotson7c@engadget.com
266,Ted Canny,0451 Blackbird Street,80204,CO,tcanny7d@kickstarter.com
267,Sinclair Tudgay,850 Coleman Pass,23213,VA,studgay7e@washington.edu
268,Nichole Beazley,591 Lake View Court,20420,DC,nbeazley7f@sphinn.com
269,Hugh Philpin,6066 Dunning Trail,27116,NC,hphilpin7g@topsy.com
270,Frankie Pithcock,86 Spohn Pass,99260,WA,fpithcock7h@harvard.edu
271,Griffith Ucchino,0923 Loomis Trail,89140,NV,gucchino7i@dagondesign.com
272,Nance Stiegers,0541 Warbler Alley,90060,CA,nstiegers7j@goo.gl
273,Cairistiona Goodlake,9827 Declaration Point,27717,NC,cgoodlake7k@hhs.gov
274,Avie Samart,598 Eggendart Alley,19120,PA,asamart7l@wiley.com
275,Freemon Ruttgers,309 Duke Point,14225,NY,fruttgers7m@exblog.jp
276,Zacharias Blaisdell,353 Bashford Plaza,68197,NE,zblaisdell7n@icio.us
277,Khalil Joderli,0331 Everett Place,70883,LA,kjoderli7o@foxnews.com
278,Cyrillus Brideau,486 Bluestem Parkway,92132,CA,cbrideau7p@ucla.edu
279,Ashlie Borland,7 Schmedeman Center,56372,MN,aborland7q@people.com.cn
280,Hugh Greatland,5 Crownhardt Alley,32209,FL,hgreatland7r@multiply.com
281,Kala Romney,473 New Castle Drive,20041,DC,kromney7s@salon.com
282,Leopold Dearman,75 Hoepker Drive,56372,MN,ldearman7t@uol.com.br
283,Batsheva Wooffitt,16601 Leroy Junction,48267,MI,bwooffitt7u@pcworld.com
284,Diannne Angrick,8263 7th Way,81005,CO,dangrick7v@un.org
285,Jaye Magnay,43 Pine View Pass,51110,IA,jmagnay7w@homestead.com
286,Tallie Skerman,7244 Arkansas Hill,83727,ID,tskerman7x@digg.com
287,Veradis Dabell,42 Bonner Parkway,29215,SC,vdabell7y@earthlink.net
288,Mart Phizakarley,3107 Heath Lane,20299,DC,mphizakarley7z@ebay.com
289,Saunder Nussgen,59493 Darwin Road,12262,NY,snussgen80@gnu.org
290,Theadora Thake,961 Bluejay Center,20380,DC,tthake81@princeton.edu
291,Agnola Steadman,08 Marquette Plaza,25336,WV,asteadman82@com.com
292,Camella Ollie,8431 Sutteridge Place,93704,CA,collie83@ameblo.jp
293,Matteo Growden,522 Loftsgordon Center,90101,CA,mgrowden84@europa.eu
294,Karol Yoxall,9 Spohn Hill,10270,NY,kyoxall85@friendfeed.com
295,Cal Brahan,87381 Jenna Circle,36119,AL,cbrahan86@barnesandnoble.com
296,Zach Faldoe,52 Jana Center,91186,CA,zfaldoe87@irs.gov
297,Valli Morrott,66410 Sundown Junction,89115,NV,vmorrott88@disqus.com
298,Waylen De Ath,4 Buena Vista Lane,98498,WA,wde89@wikimedia.org
299,Roderic Baudoux,0284 Gateway Lane,30905,GA,rbaudoux8a@reddit.com
300,Hermina Dominick,03 Karstens Terrace,25709,WV,hdominick8b@auda.org.au
301,Lexy McCome,0 3rd Point,11220,NY,lmccome8c@wsj.com
302,Eliza Dael,42 Scott Point,89130,NV,edael8d@oaic.gov.au
303,Baird Camillo,67026 Hanson Trail,62756,IL,bcamillo8e@simplemachines.org
304,Darcie Danigel,28132 Sachs Park,80638,CO,ddanigel8f@jimdo.com
305,Jenilee Scoular,230 Bashford Avenue,34981,FL,jscoular8g@imageshack.us
306,Gretta MacRitchie,30 Acker Terrace,77075,TX,gmacritchie8h@ovh.net
307,Aurore Hauxley,0675 Lawn Circle,48217,MI,ahauxley8i@imdb.com
308,Jillie MacCumeskey,7204 Bay Center,21290,MD,jmaccumeskey8j@xrea.com
309,Paige Gippes,720 Lillian Hill,48076,MI,pgippes8k@va.gov
310,Wain Falkous,0 Onsgard Place,95194,CA,wfalkous8l@sitemeter.com
311,Toinette Songhurst,77 Talmadge Park,06606,CT,tsonghurst8m@dyndns.org
312,Lorianne MacKellen,073 Meadow Ridge Circle,99517,AK,lmackellen8n@globo.com
313,Saidee Stollwerk,03866 Pearson Point,76598,TX,sstollwerk8o@xing.com
314,Orland Durkin,70 Gulseth Avenue,94622,CA,odurkin8p@edublogs.org
315,Samara Ranscome,7791 Debs Drive,33737,FL,sranscome8q@wunderground.com
316,Aylmer Hubach,1524 Atwood Plaza,92668,CA,ahubach8r@hibu.com
317,Stepha Desforges,14899 Merrick Park,70129,LA,sdesforges8s@adobe.com
318,Lorie Horsfield,07 Colorado Point,83711,ID,lhorsfield8t@feedburner.com
319,Brennen Elgie,3 Upham Court,40205,KY,belgie8u@uiuc.edu
320,Cornie Stallybrass,08529 Derek Terrace,20078,DC,cstallybrass8v@sina.com.cn
321,Jojo Moyler,883 Bartillon Park,85215,AZ,jmoyler8w@mozilla.org
322,Tomas Angood,74 Fisk Terrace,33245,FL,tangood8x@delicious.com
323,Barbette Meade,843 Debs Plaza,27425,NC,bmeade8y@flickr.com
324,Shelden Batho,24 Kropf Drive,48555,MI,sbatho8z@godaddy.com
325,Abra Bastock,64994 Bartelt Park,62718,IL,abastock90@dot.gov
326,Kathy Gohier,968 Fair Oaks Drive,20370,DC,kgohier91@sbwire.com
327,Christan McKaile,7715 Bobwhite Alley,39236,MS,cmckaile92@patch.com
328,Avrit Baudacci,2 Schiller Parkway,62764,IL,abaudacci93@so-net.ne.jp
329,Vale Adess,015 Pawling Point,78726,TX,vadess94@gmpg.org
330,Daveta Danbye,8 Mcbride Way,64054,MO,ddanbye95@mapy.cz
331,Nathanial Absolom,9 Lotheville Lane,20062,DC,nabsolom96@spiegel.de
332,Amos Tilliard,41 Mcguire Junction,32220,FL,atilliard97@seesaa.net
333,Gerald Crippell,7001 Killdeer Crossing,44321,OH,gcrippell98@washington.edu
334,Ardelia Zellick,2 Coleman Trail,33069,FL,azellick99@nationalgeographic.com
335,Ashlee Schulze,89 Vera Drive,27626,NC,aschulze9a@quantcast.com
336,Babbie Covotti,19679 North Crossing,35210,AL,bcovotti9b@cyberchimps.com
337,Lilian Westrope,1 Main Drive,34643,FL,lwestrope9c@cisco.com
338,Reuven Tidridge,5 Kingsford Point,85284,AZ,rtidridge9d@fastcompany.com
339,Matthiew Chichgar,6 Goodland Place,45440,OH,mchichgar9e@addthis.com
340,Veriee Pallatina,708 Riverside Trail,06145,CT,vpallatina9f@bloglovin.com
341,Liana Bosch,92892 Hoepker Junction,92415,CA,lbosch9g@google.co.uk
342,Ernestus Izen,184 Montana Trail,65211,MO,eizen9h@usa.gov
343,Deane Gyorgy,9 Heffernan Circle,02745,MA,dgyorgy9i@bloglines.com
344,Colby Eatock,9561 Red Cloud Road,33158,FL,ceatock9j@unblog.fr
345,Fionna Grattage,718 Rigney Trail,60614,IL,fgrattage9k@purevolume.com
346,Mireille Brandenburg,20 Elka Alley,06854,CT,mbrandenburg9l@jugem.jp
347,Rochella Biaggelli,02 Del Sol Crossing,18514,PA,rbiaggelli9m@google.ru
348,Saxe Gaunt,777 Doe Crossing Point,78291,TX,sgaunt9n@mediafire.com
349,Rhodie Human,6 Nevada Plaza,35225,AL,rhuman9o@businessinsider.com
350,Valeria Barnewelle,1093 Lunder Park,75251,TX,vbarnewelle9p@vinaora.com
351,Branden Djurkovic,6486 Grayhawk Lane,12242,NY,bdjurkovic9q@shutterfly.com
352,Meier Riccione,78 Jenna Park,29411,SC,mriccione9r@mapy.cz
353,Seward Portt,6 Helena Parkway,46867,IN,sportt9s@phoca.cz
354,Seward Dumpleton,293 Del Sol Center,75049,TX,sdumpleton9t@printfriendly.com
355,Torey Snalom,5 Memorial Plaza,20456,DC,tsnalom9u@g.co
356,Donielle Blenkhorn,6 Morningstar Way,30605,GA,dblenkhorn9v@list-manage.com
357,Austin Ventura,322 Pepper Wood Circle,32255,FL,aventura9w@cdbaby.com
358,Chalmers Capes,8179 Linden Pass,48335,MI,ccapes9x@163.com
359,Torre Jeannel,8743 Weeping Birch Pass,68510,NE,tjeannel9y@technorati.com
360,Antoinette Rippon,29 Sundown Point,75710,TX,arippon9z@google.cn
361,Dena Edgson,873 Di Loreto Alley,39305,MS,dedgsona0@ebay.co.uk
362,Jourdain Prozillo,8163 Fallview Avenue,46620,IN,jprozilloa1@disqus.com
363,Noemi Volante,00536 Valley Edge Road,98042,WA,nvolantea2@theglobeandmail.com
364,Purcell Caisley,10580 American Ash Terrace,75049,TX,pcaisleya3@newsvine.com
365,Nat Braidford,68 Dovetail Lane,22405,VA,nbraidforda4@intel.com
366,Stacy Caisley,013 Lakeland Street,90094,CA,scaisleya5@dagondesign.com
367,Arri Macenzy,71 Westridge Plaza,50936,IA,amacenzya6@reddit.com
368,Bartholomew McCollum,09 Cherokee Crossing,93407,CA,bmccolluma7@twitter.com
369,Grantham Varnals,610 Kipling Court,28272,NC,gvarnalsa8@prlog.org
370,Madalena Standon,03647 Claremont Park,49018,MI,mstandona9@loc.gov
371,Emma Whiteoak,14 Cascade Plaza,20420,DC,ewhiteoakaa@europa.eu
372,Dalt Challenger,3 Manufacturers Way,94116,CA,dchallengerab@wisc.edu
373,Zena Athowe,24 Glacier Hill Parkway,50315,IA,zathoweac@tamu.edu
374,Frazer MacTeague,2579 Division Crossing,37665,TN,fmacteaguead@ycombinator.com
375,Andrea Blevin,903 7th Circle,11470,NY,ablevinae@europa.eu
376,Gerianna Meneer,98 Anniversary Crossing,64193,MO,gmeneeraf@addtoany.com
377,Rudolf Sawell,9 Dixon Pass,70187,LA,rsawellag@ihg.com
378,Reece Kareman,21 Scofield Point,89012,NV,rkaremanah@usgs.gov
379,Benyamin Start,68 Northland Street,76544,TX,bstartai@topsy.com
380,Vivian Torr,31 Stuart Hill,79410,TX,vtorraj@sciencedirect.com
381,Elvina Mayou,59 Badeau Court,30096,GA,emayouak@japanpost.jp
382,Eduard Petchell,7914 Kedzie Pass,45807,OH,epetchellal@marketwatch.com
383,Lincoln Kapiloff,0917 Burrows Junction,76310,TX,lkapiloffam@time.com
384,Maybelle McElroy,8303 Dexter Alley,48901,MI,mmcelroyan@opensource.org
385,Lizette Simoneau,0059 Magdeline Trail,29605,SC,lsimoneauao@desdev.cn
386,Weidar Sneaker,6825 Ilene Point,78426,TX,wsneakerap@sina.com.cn
387,Rani Vinau,44814 Waubesa Pass,20883,MD,rvinauaq@etsy.com
388,Langston Duchart,0 Randy Hill,11407,NY,lduchartar@bbb.org
389,Waite Laverock,9526 1st Road,53234,WI,wlaverockas@4shared.com
390,Juanita Enriquez,646 Utah Junction,56372,MN,jenriquezat@toplist.cz
391,Creigh Rizon,4 Banding Drive,89505,NV,crizonau@printfriendly.com
392,Jacquelin Brecknell,292 Columbus Parkway,33763,FL,jbrecknellav@jugem.jp
393,Pietro Dispencer,86 Twin Pines Terrace,22908,VA,pdispenceraw@reuters.com
394,Sloan Pre,08 Pearson Center,98175,WA,spreax@flickr.com
395,Alexis Fellon,24 Dexter Alley,20546,DC,afellonay@wordpress.com
396,Merissa Ellingham,322 Shopko Plaza,68197,NE,mellinghamaz@time.com
397,Daffi Olczak,49 Morning Alley,78769,TX,dolczakb0@netvibes.com
398,Mara Ogles,72253 Veith Place,20167,VA,moglesb1@photobucket.com
399,Conrad Prine,0030 Center Trail,38136,TN,cprineb2@earthlink.net
400,Katinka Gleadhell,004 Main Way,44705,OH,kgleadhellb3@go.com
401,Thomasa Sharram,0 Glacier Hill Point,33075,FL,tsharramb4@weibo.com
402,Jilleen Godin,7 Harbort Parkway,25775,WV,jgodinb5@google.nl
403,Ross Noblet,19 1st Junction,78230,TX,rnobletb6@nsw.gov.au
404,Philly Copo,23 Waxwing Point,93291,CA,pcopob7@hubpages.com
405,Cly Alexandersen,426 Continental Court,12210,NY,calexandersenb8@usda.gov
406,Lavena Abadam,9 Grim Plaza,33913,FL,labadamb9@booking.com
407,Toiboid Ferrarone,344 Petterle Pass,80270,CO,tferraroneba@nasa.gov
408,Grier Shirt,96477 Roth Place,70187,LA,gshirtbb@t-online.de
409,Alvy Masseo,919 Lake View Trail,20397,DC,amasseobc@gnu.org
410,Dorry Kneath,065 Stang Pass,60674,IL,dkneathbd@shop-pro.jp
411,Carlota Jeannequin,868 Park Meadow Place,48670,MI,cjeannequinbe@ucsd.edu
412,Madelena Aspell,87 Hintze Place,45223,OH,maspellbf@deliciousdays.com
413,Tessy Janous,6 Sugar Street,62723,IL,tjanousbg@e-recht24.de
414,Ariel Mitchenson,590 Erie Terrace,94154,CA,amitchensonbh@dropbox.com
415,Julio Hunnybun,30 Homewood Center,77276,TX,jhunnybunbi@sphinn.com
416,Karel Hultberg,851 Ridge Oak Court,19495,PA,khultbergbj@fotki.com
417,Nicky Benneyworth,837 Westridge Park,11024,NY,nbenneyworthbk@myspace.com
418,Agata Flukes,86923 Brown Alley,64142,MO,aflukesbl@state.gov
419,Case Arnow,991 Northview Point,32399,FL,carnowbm@imageshack.us
420,Krishnah Nanuccioi,85 Michigan Parkway,06606,CT,knanuccioibn@angelfire.com
421,Barbara-anne Tiernan,4550 Crest Line Parkway,80935,CO,btiernanbo@redcross.org
422,Dorie Brake,81288 Kensington Park,28278,NC,dbrakebp@ftc.gov
423,Janeczka Utridge,13 Swallow Court,30392,GA,jutridgebq@blogs.com
424,Ruggiero Stubbins,4053 Grayhawk Trail,91117,CA,rstubbinsbr@hugedomains.com
425,Jamison Marjanski,8786 Golf Parkway,36134,AL,jmarjanskibs@skyrock.com
426,Laure Treat,43381 Coolidge Court,44485,OH,ltreatbt@upenn.edu
427,Clayton Hardstaff,564 Briar Crest Crossing,11225,NY,chardstaffbu@canalblog.com
428,Base Howsin,47 Mesta Way,87201,NM,bhowsinbv@wufoo.com
429,Daphne Hewins,95026 Doe Crossing Pass,92056,CA,dhewinsbw@dmoz.org
430,Etheline Bercher,5 Oriole Hill,27499,NC,ebercherbx@biglobe.ne.jp
431,Luca Fewtrell,5081 Holy Cross Terrace,88589,TX,lfewtrellby@hc360.com
432,Peggi Hammersley,79069 Heath Street,35810,AL,phammersleybz@moonfruit.com
433,Ralf Tyrer,24 Buhler Parkway,20430,DC,rtyrerc0@wsj.com
434,Vinita Hazeman,00 Arizona Crossing,72916,AR,vhazemanc1@yellowpages.com
435,Saunderson Luttgert,40128 Springs Point,20167,VA,sluttgertc2@php.net
436,Norean Veronique,62855 Rockefeller Plaza,18105,PA,nveroniquec3@devhub.com
437,Mechelle Izatson,996 Sloan Circle,35279,AL,mizatsonc4@hhs.gov
438,Eugene Talby,19167 Grasskamp Road,94660,CA,etalbyc5@indiegogo.com
439,Devonna Fuidge,6394 Corben Street,40576,KY,dfuidgec6@imgur.com
440,Jereme Storton,8 Crownhardt Hill,90310,CA,jstortonc7@eventbrite.com
441,Dulsea Bentote,140 Westridge Avenue,40298,KY,dbentotec8@hubpages.com
442,Fair Willmott,6136 Algoma Lane,27621,NC,fwillmottc9@mediafire.com
443,Alf Osgar,660 Thierer Avenue,98185,WA,aosgarca@taobao.com
444,Leslie Pie,4555 Spohn Center,60158,IL,lpiecb@infoseek.co.jp
445,Shana Ferron,07997 Bartelt Court,68524,NE,sferroncc@booking.com
446,Geoffry Frend,7497 Porter Drive,53790,WI,gfrendcd@rakuten.co.jp
447,Tresa O'Loughnan,00 Dapin Court,64504,MO,toloughnance@usa.gov
448,Marietta McCaster,3474 Mayfield Center,68134,NE,mmccastercf@narod.ru
449,Edward Hrus,896 Transport Street,40266,KY,ehruscg@moonfruit.com
450,Jenica Ashburne,6 Evergreen Crossing,07305,NJ,jashburnech@examiner.com
451,Rufe Scarce,42 Moulton Avenue,34108,FL,rscarceci@infoseek.co.jp
452,Kelley Forst,6 Nelson Street,10160,NY,kforstcj@edublogs.org
453,Mersey Malecky,78524 Hermina Court,77305,TX,mmaleckyck@artisteer.com
454,Evonne Paternoster,67 Walton Terrace,89125,NV,epaternostercl@twitpic.com
455,Kaela Strickland,699 Talisman Park,18763,PA,kstricklandcm@howstuffworks.com
456,Broderic Bazell,1906 Bay Street,13251,NY,bbazellcn@xinhuanet.com
457,Annadiane Silverston,776 Straubel Court,15215,PA,asilverstonco@auda.org.au
458,Junia Hurleston,1 Tomscot Road,38143,TN,jhurlestoncp@sohu.com
459,Langston McQuaide,45 Mariners Cove Court,76162,TX,lmcquaidecq@hubpages.com
460,Horatio Perin,12 Hintze Road,53263,WI,hperincr@acquirethisname.com
461,Danyelle Stable,8 Pond Plaza,33405,FL,dstablecs@ustream.tv
462,Roberta Dorning,2066 Union Plaza,55598,MN,rdorningct@bloglovin.com
463,Gerhardt Perigo,1551 Birchwood Parkway,48335,MI,gperigocu@cdbaby.com
464,Verene Ivashkin,7 Katie Point,17622,PA,vivashkincv@yandex.ru
465,Filberte Bream,02 Redwing Junction,55441,MN,fbreamcw@canalblog.com
466,Jana Millership,80 Del Sol Park,23208,VA,jmillershipcx@mit.edu
467,Kiri Legging,92 Oak Crossing,19897,DE,kleggingcy@prlog.org
468,Simona Sporton,94570 Ronald Regan Park,27605,NC,ssportoncz@smugmug.com
469,Rosy Samsonsen,3 Bayside Point,20851,MD,rsamsonsend0@nyu.edu
470,Shellie Phethean,2982 Oxford Pass,85035,AZ,sphetheand1@elegantthemes.com
471,Ignatius Van Arsdale,7844 High Crossing Road,27615,NC,ivand2@adobe.com
472,Conrade Raithbie,6 Bonner Parkway,32314,FL,craithbied3@census.gov
473,Helenelizabeth Colmer,080 Emmet Alley,29625,SC,hcolmerd4@tmall.com
474,Sumner Curwen,22 Kingsford Crossing,06606,CT,scurwend5@nydailynews.com
475,Hedi Borleace,787 Sunbrook Point,20414,DC,hborleaced6@taobao.com
476,Andras Cariss,0 Moose Crossing,12210,NY,acarissd7@360.cn
477,Adelind Shanley,9 Oakridge Pass,73129,OK,ashanleyd8@scribd.com
478,Ardene Rands,99418 Barby Street,92176,CA,arandsd9@ow.ly
479,Chan Heasly,1029 Kingsford Place,40576,KY,cheaslyda@amazonaws.com
480,Arielle Dampier,3300 Tomscot Junction,96835,HI,adampierdb@geocities.com
481,Walker Bernadzki,28 Grayhawk Park,47905,IN,wbernadzkidc@simplemachines.org
482,Madge Kensit,0 Muir Alley,98405,WA,mkensitdd@bluehost.com
483,Bryna Unsworth,14 Haas Hill,75260,TX,bunsworthde@zimbio.com
484,Robb Gozney,63 Helena Street,46896,IN,rgozneydf@godaddy.com
485,Sheree Savidge,51420 Truax Parkway,44315,OH,ssavidgedg@stumbleupon.com
486,Dixie Lestrange,9145 Morning Drive,22405,VA,dlestrangedh@hud.gov
487,Madelena Sewter,4 Barby Park,46216,IN,msewterdi@hexun.com
488,Deidre Turley,02105 Talisman Drive,43666,OH,dturleydj@oaic.gov.au
489,Hilary Cornford,23 Darwin Street,20319,DC,hcornforddk@theglobeandmail.com
490,Cary Mattocks,81 Vermont Parkway,31998,GA,cmattocksdl@bing.com
491,Robyn Hemmingway,25 Crescent Oaks Crossing,48335,MI,rhemmingwaydm@t.co
492,Georgeanna McGeouch,546 Arrowood Terrace,00214,NH,gmcgeouchdn@bing.com
493,Jena Pepperill,49360 Coleman Hill,35810,AL,jpepperilldo@tmall.com
494,Giuditta Sandison,861 Gale Trail,27409,NC,gsandisondp@mayoclinic.com
495,Tracie Brazier,47192 Spaight Court,47712,IN,tbrazierdq@sakura.ne.jp
496,Travus Orro,692 Rigney Park,63167,MO,torrodr@bloomberg.com
497,Arny Yeats,9 Crest Line Plaza,66160,KS,ayeatsds@washington.edu
498,Elysia Mildenhall,3 Sundown Pass,29805,SC,emildenhalldt@vk.com
499,Ellsworth Menere,7349 Sutteridge Hill,59105,MT,emeneredu@arstechnica.com
500,Seana Beveridge,5878 4th Trail,44321,OH,sbeveridgedv@earthlink.net
501,Delaney Seden,6271 Lillian Pass,80945,CO,dsedendw@home.pl
502,Hanna de Savery,09381 Golf Trail,48919,MI,hdedx@xing.com
503,Leeanne Belfitt,2721 Schiller Plaza,22903,VA,lbelfittdy@joomla.org
504,Vicki Body,032 Sullivan Drive,85715,AZ,vbodydz@home.pl
505,Norina Portwaine,030 Longview Crossing,99220,WA,nportwainee0@webeden.co.uk
506,Neal McPhillimey,2167 Pawling Parkway,75074,TX,nmcphillimeye1@redcross.org
507,Robinette Lambot,54944 Iowa Parkway,77075,TX,rlambote2@amazon.co.jp
508,Chery Bolles,3 Karstens Street,72916,AR,cbollese3@google.com.hk
509,Xenia Thickpenny,553 Russell Way,20535,DC,xthickpennye4@xinhuanet.com
510,Moise Bawle,2 Summer Ridge Center,46867,IN,mbawlee5@paginegialle.it
511,Gusti Zottoli,68 Hanover Plaza,75397,TX,gzottolie6@blogspot.com
512,Bernardo Norcock,97005 Kings Trail,33111,FL,bnorcocke7@unc.edu
513,Matti Swiers,555 Maple Wood Pass,91205,CA,mswierse8@xinhuanet.com
514,Henrieta Boundy,21 Burning Wood Junction,07208,NJ,hboundye9@elpais.com
515,Mariel Avramovic,916 Bayside Terrace,20557,DC,mavramovicea@elegantthemes.com
516,Elwyn Duffit,7650 Lindbergh Place,88569,TX,eduffiteb@wikimedia.org
517,Tomaso Starling,77603 Columbus Drive,29805,SC,tstarlingec@opera.com
518,Saw Bamborough,20 Nobel Lane,90050,CA,sbamboroughed@stanford.edu
519,Dianemarie Battista,0 Maple Place,25389,WV,dbattistaee@cmu.edu
520,Abdul Cecere,411 Shoshone Plaza,62525,IL,acecereef@statcounter.com
521,Colin Budnk,06 Manley Court,45470,OH,cbudnkeg@mayoclinic.com
522,Noam Skeffington,777 Buena Vista Lane,85205,AZ,nskeffingtoneh@omniture.com
523,Donal Askham,4 Colorado Lane,92132,CA,daskhamei@examiner.com
524,Sigismund MacAvddy,3151 Ramsey Hill,85271,AZ,smacavddyej@webs.com
525,Brockie Barniss,9895 Graceland Court,14276,NY,bbarnissek@mac.com
526,Loreen Mollin,12 Jay Crossing,35279,AL,lmollinel@jiathis.com
527,Pansy Scopes,2 Lotheville Avenue,48295,MI,pscopesem@europa.eu
528,Sanderson Donald,6904 Valley Edge Drive,27626,NC,sdonalden@apache.org
529,Caria McMurthy,743 Harper Hill,79182,TX,cmcmurthyeo@unicef.org
530,Glynis Rahill,52879 High Crossing Center,40576,KY,grahillep@yahoo.com
531,Jeno Spera,2719 Golf Park,20525,DC,jsperaeq@purevolume.com
532,Sander Cicccitti,21170 Laurel Street,20337,DC,scicccittier@japanpost.jp
533,Clayson Swannack,3022 Bluestem Drive,33175,FL,cswannackes@pbs.org
534,Cyrill Firpi,4131 Manufacturers Way,98424,WA,cfirpiet@uiuc.edu
535,Alaine Enochsson,09070 Brown Plaza,57105,SD,aenochssoneu@tinypic.com
536,Maegan Dyzart,64430 Forest Pass,22093,VA,mdyzartev@blogger.com
537,Leroi Hallett,0324 Rusk Point,91117,CA,lhallettew@newsvine.com
538,Marni Gaffey,631 Jackson Hill,68517,NE,mgaffeyex@senate.gov
539,Simona Fearnill,1 Oriole Hill,78278,TX,sfearnilley@illinois.edu
540,Malinda Chavey,244 Lindbergh Center,79188,TX,mchaveyez@time.com
541,Laural Winnard,6 Erie Parkway,45505,OH,lwinnardf0@vimeo.com
542,Meris Panons,61 Buhler Terrace,23242,VA,mpanonsf1@canalblog.com
543,Karla Garfitt,1631 Redwing Avenue,94611,CA,kgarfittf2@infoseek.co.jp
544,Eli Willerton,361 Algoma Terrace,44705,OH,ewillertonf3@bigcartel.com
545,Merry Bordis,21 Coleman Trail,75605,TX,mbordisf4@intel.com
546,Denice Callicott,196 Lunder Street,33261,FL,dcallicottf5@icio.us
547,Elisha Gill,19527 Pepper Wood Way,75241,TX,egillf6@nih.gov
548,Dean Hathaway,267 Pankratz Drive,95118,CA,dhathawayf7@mediafire.com
549,Adriena Semarke,9 Graedel Center,74133,OK,asemarkef8@smugmug.com
550,Rawley Mayou,49351 Redwing Drive,33906,FL,rmayouf9@infoseek.co.jp
551,Fredek Spooner,576 Loeprich Court,32909,FL,fspoonerfa@shinystat.com
552,Stillman Bradbeer,617 Gerald Way,44315,OH,sbradbeerfb@amazon.co.jp
553,Kenton Bumford,281 Trailsway Court,32314,FL,kbumfordfc@virginia.edu
554,Justine Nutbeam,4 Michigan Court,92415,CA,jnutbeamfd@paypal.com
555,Elton Ixer,1666 Sunfield Way,13251,NY,eixerfe@bbc.co.uk
556,Kennett Greensall,109 Lakeland Parkway,92056,CA,kgreensallff@technorati.com
557,Cindra Lamartine,72 Arkansas Terrace,77070,TX,clamartinefg@amazonaws.com
558,Nilson Kierans,62185 La Follette Center,33310,FL,nkieransfh@yellowbook.com
559,Wynn Featherby,2 Transport Avenue,55590,MN,wfeatherbyfi@soup.io
560,Agustin Castelain,0 Farwell Junction,60435,IL,acastelainfj@google.pl
561,Ilka Veal,94 Ryan Street,38131,TN,ivealfk@latimes.com
562,Robina Bushby,0 Westerfield Terrace,91186,CA,rbushbyfl@infoseek.co.jp
563,Quinlan Attrill,00 Elka Terrace,24515,VA,qattrillfm@vk.com
564,Elora Basten,72 Schurz Parkway,32511,FL,ebastenfn@cafepress.com
565,Meyer Yanukhin,178 Elka Place,20337,DC,myanukhinfo@ebay.co.uk
566,Eugenius Manes,3675 Continental Road,48901,MI,emanesfp@ibm.com
567,Obed Edward,5280 Ludington Hill,95973,CA,oedwardfq@flavors.me
568,Carrol Januszewski,0 Sutherland Trail,79410,TX,cjanuszewskifr@xinhuanet.com
569,Chrissie Hitzmann,3657 Florence Lane,23514,VA,chitzmannfs@imgur.com
570,Celina McKellar,491 Packers Court,64136,MO,cmckellarft@toplist.cz
571,Regina Kitcatt,6108 Clemons Parkway,20591,DC,rkitcattfu@time.com
572,Lonee Trighton,89 Loftsgordon Court,49518,MI,ltrightonfv@noaa.gov
573,Wit Hartigan,9 Texas Plaza,91616,CA,whartiganfw@google.com
574,Evin Thow,68076 Sullivan Avenue,19178,PA,ethowfx@com.com
575,Rodney Mayhew,5265 Spenser Terrace,21203,MD,rmayhewfy@phoca.cz
576,Elnar Seelbach,2 Porter Avenue,91125,CA,eseelbachfz@apple.com
577,Stephannie Dawber,311 Harbort Alley,70820,LA,sdawberg0@free.fr
578,Temp Pritchett,54 Lillian Junction,27499,NC,tpritchettg1@usda.gov
579,Kriste McGarrell,70 American Hill,93034,CA,kmcgarrellg2@nifty.com
580,Barnett Swateridge,1254 Lawn Place,77218,TX,bswateridgeg3@macromedia.com
581,Penny Blinkhorn,2946 Ilene Way,43656,OH,pblinkhorng4@google.es
582,Allegra Verillo,92 Packers Pass,33432,FL,averillog5@engadget.com
583,Georges Aherne,6 Fieldstone Terrace,97221,OR,gaherneg6@washingtonpost.com
584,Kendell Martinek,78433 Acker Point,10469,NY,kmartinekg7@ucoz.ru
585,Cicily Simoens,82043 Di Loreto Hill,35810,AL,csimoensg8@usda.gov
586,Noe Limpricht,90 Buhler Junction,02458,MA,nlimprichtg9@businesswire.com
587,Alphard Lodeke,99215 Lakeland Circle,15286,PA,alodekega@over-blog.com
588,Giraud Symington,67742 Huxley Park,93305,CA,gsymingtongb@guardian.co.uk
589,Trevar Hunston,93 Lindbergh Way,92410,CA,thunstongc@example.com
590,Cornell Follows,12 Maywood Crossing,95823,CA,cfollowsgd@vinaora.com
591,Bertine Flecknell,590 5th Way,66617,KS,bflecknellge@usnews.com
592,Arly Kliemke,6 Dottie Circle,46634,IN,akliemkegf@gizmodo.com
593,Carol-jean Jacobsson,736 Mayer Point,19184,PA,cjacobssongg@microsoft.com
594,Giraldo Rosewell,1 Boyd Hill,92612,CA,grosewellgh@dot.gov
595,Helga Alliot,4 Heffernan Avenue,76178,TX,halliotgi@themeforest.net
596,Robby Cosins,94 Blackbird Terrace,20591,DC,rcosinsgj@nih.gov
597,Justis MacMorland,240 Towne Circle,76016,TX,jmacmorlandgk@home.pl
598,Magdaia Robb,05744 Porter Hill,91125,CA,mrobbgl@mediafire.com
599,Jessamyn Keener,03 Longview Trail,23203,VA,jkeenergm@seattletimes.com
600,Moishe Ick,59685 Monument Center,06538,CT,mickgn@flavors.me
601,Ugo Charnley,759 Dovetail Center,10249,NY,ucharnleygo@ezinearticles.com
602,Norry Blaksley,28 Swallow Trail,97206,OR,nblaksleygp@springer.com
603,Myrta Brock,6 Rusk Center,30351,GA,mbrockgq@hibu.com
604,Broderick Khilkov,96 Dawn Terrace,47805,IN,bkhilkovgr@hud.gov
605,Athene McAvey,249 Crescent Oaks Hill,77020,TX,amcaveygs@amazon.co.jp
606,Kara-lynn Greenman,74129 Comanche Road,45271,OH,kgreenmangt@51.la
607,Pen Bebb,4614 Susan Lane,71137,LA,pbebbgu@statcounter.com
608,Gwynne Keattch,19486 Veith Terrace,15266,PA,gkeattchgv@nhs.uk
609,Cly Gianolo,9031 Rieder Park,45208,OH,cgianologw@youtube.com
610,Bren Rolfe,142 Upham Center,06912,CT,brolfegx@aboutads.info
611,Reider Boxhall,0 Moland Alley,53710,WI,rboxhallgy@angelfire.com
612,Hillyer Grayling,3 Truax Crossing,60208,IL,hgraylinggz@netlog.com
613,Beck O'Dulchonta,23 Dahle Trail,80249,CO,bodulchontah0@washingtonpost.com
614,Lisbeth Gibberd,25 Sachtjen Crossing,46278,IN,lgibberdh1@feedburner.com
615,Bekki Mewitt,6350 Hermina Place,43699,OH,bmewitth2@ehow.com
616,Janel Fair,35310 Porter Road,38136,TN,jfairh3@a8.net
617,Jess Carnihan,6811 Rockefeller Alley,33432,FL,jcarnihanh4@wsj.com
618,Joelle Dalmon,972 Michigan Point,95298,CA,jdalmonh5@live.com
619,Eugen Aluard,723 Talisman Point,98195,WA,ealuardh6@yahoo.co.jp
620,Daisi Brodie,035 Cascade Avenue,25775,WV,dbrodieh7@cnn.com
621,Lemar Kenrack,45 Westridge Terrace,85743,AZ,lkenrackh8@gravatar.com
622,Emiline Alexsandrowicz,900 Oriole Way,64187,MO,ealexsandrowiczh9@icq.com
623,Arlyn Perrycost,8 Victoria Terrace,94089,CA,aperrycostha@google.com.hk
624,Ernesta de Wilde,7115 Mallard Alley,87505,NM,edehb@go.com
625,Bellanca Fisbey,91167 Charing Cross Lane,46814,IN,bfisbeyhc@mozilla.com
626,Tasia Gooch,7 Kensington Park,32526,FL,tgoochhd@cocolog-nifty.com
627,Jany Spong,0 Burning Wood Way,60657,IL,jsponghe@marriott.com
628,Natalya Amps,4 Steensland Terrace,78265,TX,nampshf@deliciousdays.com
629,Nadya Grigoriev,697 Sage Way,37245,TN,ngrigorievhg@friendfeed.com
630,Jessie MacGiany,0586 Sunfield Way,80243,CO,jmacgianyhh@vistaprint.com
631,Padriac Taylot,7 Lawn Junction,55407,MN,ptaylothi@baidu.com
632,Aubrie MacPhail,5979 Schurz Place,33915,FL,amacphailhj@sitemeter.com
633,Georgetta Horsted,81 Warbler Center,93291,CA,ghorstedhk@phoca.cz
634,Rahal Minshaw,14 Northland Road,37205,TN,rminshawhl@studiopress.com
635,Mikey Newbigging,016 Mayer Street,29424,SC,mnewbigginghm@t-online.de
636,Kial Duigan,63449 American Plaza,46266,IN,kduiganhn@reddit.com
637,Gayle Hanmer,76812 American Ash Alley,28305,NC,ghanmerho@tripod.com
638,Betteanne Gopsall,700 Grover Lane,43666,OH,bgopsallhp@github.io
639,Clarke Brychan,82 Jenifer Crossing,31217,GA,cbrychanhq@1und1.de
640,Phylis Delgua,561 Garrison Hill,20414,DC,pdelguahr@shinystat.com
641,Barbaraanne Radsdale,751 Armistice Trail,21275,MD,bradsdalehs@un.org
642,Norman Mulliner,245 Shasta Terrace,30351,GA,nmullinerht@icq.com
643,Blondy Faulconbridge,9751 Troy Circle,90805,CA,bfaulconbridgehu@seesaa.net
644,Carline Farlam,46 Upham Pass,68164,NE,cfarlamhv@irs.gov
645,Elysha Goseling,2 Grayhawk Hill,38197,TN,egoselinghw@dagondesign.com
646,Rubi Varty,3 Towne Plaza,83757,ID,rvartyhx@fema.gov
647,Oliver Dysert,16795 Iowa Plaza,77010,TX,odyserthy@ezinearticles.com
648,Frankie Doy,737 Hanson Crossing,32220,FL,fdoyhz@usa.gov
649,Bernette Honnan,29 Toban Road,22036,VA,bhonnani0@google.pl
650,Martin Baumford,59 Loftsgordon Court,33737,FL,mbaumfordi1@tinyurl.com
651,Frieda Burford,2714 Carpenter Terrace,40586,KY,fburfordi2@sitemeter.com
652,Brenn Hawkswood,2210 Eagan Trail,91125,CA,bhawkswoodi3@ovh.net
653,Stephanie Pfeffle,778 Arkansas Junction,35285,AL,spfefflei4@va.gov
654,Moselle Bratley,10 Mendota Lane,92812,CA,mbratleyi5@joomla.org
655,Jo Buttfield,417 Hudson Street,74156,OK,jbuttfieldi6@drupal.org
656,Morissa Kerkham,4 Loeprich Park,33499,FL,mkerkhami7@ifeng.com
657,Joana Tivolier,7 Katie Lane,72204,AR,jtivolieri8@odnoklassniki.ru
658,Alfons Silcox,71 Sage Court,84125,UT,asilcoxi9@eventbrite.com
659,Pieter McHan,412 Heffernan Street,99220,WA,pmchania@hexun.com
660,Artemis Bernardinelli,191 Sloan Way,72209,AR,abernardinelliib@mediafire.com
661,Doris Wickson,1 Blue Bill Park Junction,62205,IL,dwicksonic@photobucket.com
662,Jakie Ferraresi,6 Fremont Drive,30358,GA,jferraresiid@virginia.edu
663,Ermengarde Inkles,7467 Logan Hill,20575,DC,einklesie@infoseek.co.jp
664,Roch Braxay,5060 Veith Trail,13505,NY,rbraxayif@miitbeian.gov.cn
665,Marietta Hollingdale,34510 Morrow Parkway,80920,CO,mhollingdaleig@amazon.com
666,Hildagarde Spurden,74 Dexter Circle,33499,FL,hspurdenih@economist.com
667,Heather MacDuff,403 Montana Way,30301,GA,hmacduffii@harvard.edu
668,Kip Spoerl,3 Sycamore Court,89505,NV,kspoerlij@irs.gov
669,Eveleen De Blasio,5492 Fulton Park,33961,FL,edeik@theglobeandmail.com
670,Brenna Surmon,86857 4th Point,85305,AZ,bsurmonil@biblegateway.com
671,Judd Djurisic,81 Morning Point,89125,NV,jdjurisicim@wikimedia.org
672,Alida Searjeant,687 Center Junction,23285,VA,asearjeantin@japanpost.jp
673,Dougy Laurentin,2 Jana Terrace,20591,DC,dlaurentinio@nasa.gov
674,Constance Nolot,2 Linden Lane,19810,DE,cnolotip@alexa.com
675,Graehme Goddard,3 Shelley Trail,34642,FL,ggoddardiq@princeton.edu
676,Rand Rapo,057 Express Center,88574,TX,rrapoir@163.com
677,Celka Gaisford,03593 Granby Point,44505,OH,cgaisfordis@umich.edu
678,Sapphira Fuke,0 Victoria Park,01114,MA,sfukeit@netscape.com
679,Carmen Wickstead,911 Everett Lane,37665,TN,cwicksteadiu@addtoany.com
680,Giorgia Baynton,07 Fair Oaks Court,14609,NY,gbayntoniv@fda.gov
681,Tommie Ragg,1 Gale Terrace,90189,CA,traggiw@bloomberg.com
682,Jenny Jovovic,5 Mayfield Avenue,23436,VA,jjovovicix@cafepress.com
683,Sunshine Dring,1564 Brentwood Avenue,92645,CA,sdringiy@4shared.com
684,Kori Ondrus,6069 Leroy Street,73142,OK,kondrusiz@booking.com
685,Beverley Hedges,81798 Old Shore Crossing,77050,TX,bhedgesj0@cbslocal.com
686,Garrott Prater,12 Corscot Alley,06520,CT,gpraterj1@dion.ne.jp
687,Warden Karys,88 Buena Vista Lane,63116,MO,wkarysj2@reference.com
688,Dwight Egalton,94 Butternut Hill,90847,CA,degaltonj3@addthis.com
689,Layton Dover,62243 Manley Way,89714,NV,ldoverj4@indiegogo.com
690,Tann Marjanski,556 Springview Terrace,38308,TN,tmarjanskij5@rakuten.co.jp
691,Dagny McLucas,65549 Sherman Drive,31106,GA,dmclucasj6@chron.com
692,Clay Mix,182 Pennsylvania Parkway,46699,IN,cmixj7@stumbleupon.com
693,Pincas Orehead,7 Grover Way,62705,IL,poreheadj8@woothemes.com
694,Norrie Cosyns,2561 Waxwing Point,89105,NV,ncosynsj9@buzzfeed.com
695,Damaris Hustler,6576 Old Shore Parkway,84105,UT,dhustlerja@chicagotribune.com
696,Faythe Martinson,7 Maple Park,18706,PA,fmartinsonjb@narod.ru
697,Fianna Lowbridge,228 Lien Park,97405,OR,flowbridgejc@mac.com
698,Ximenez Orpwood,1 Northport Parkway,22309,VA,xorpwoodjd@domainmarket.com
699,Erhart Sommerville,10628 Buena Vista Hill,67215,KS,esommervilleje@psu.edu
700,Guenevere Eglington,3 Kennedy Pass,37665,TN,geglingtonjf@github.com
701,Hyacintha Fison,7445 Riverside Way,78205,TX,hfisonjg@bluehost.com
702,Richmound Shoobridge,1871 Debra Trail,68197,NE,rshoobridgejh@arstechnica.com
703,Janette Snooks,5 Raven Court,25716,WV,jsnooksji@toplist.cz
704,Jock Aggiss,68081 Bay Crossing,35254,AL,jaggissjj@comsenz.com
705,Lauren Provest,74433 Prairie Rose Trail,98127,WA,lprovestjk@webnode.com
706,Ginger Belfitt,244 Northfield Lane,74170,OK,gbelfittjl@furl.net
707,Zach Giberd,33 Doe Crossing Avenue,76905,TX,zgiberdjm@ft.com
708,Karlens Sivil,69 Messerschmidt Road,35236,AL,ksiviljn@slate.com
709,Lurline Stoter,9071 Del Sol Street,30356,GA,lstoterjo@blogs.com
710,Miner Cona,1 Esker Drive,20546,DC,mconajp@chron.com
711,Konstantine Sitch,57932 Little Fleur Street,30096,GA,ksitchjq@naver.com
712,Rosamund Pymm,866 New Castle Avenue,35905,AL,rpymmjr@meetup.com
713,Gaylene Elcoate,2270 Merrick Circle,20575,DC,gelcoatejs@deliciousdays.com
714,Edita Shepton,896 Autumn Leaf Lane,94164,CA,esheptonjt@gravatar.com
715,Nehemiah Twatt,61353 Coolidge Plaza,75397,TX,ntwattju@oakley.com
716,Lotte MacCafferty,711 Carioca Alley,40546,KY,lmaccaffertyjv@archive.org
717,Drusi Labusquiere,205 Hovde Terrace,23436,VA,dlabusquierejw@zimbio.com
718,Vikky Littlejohn,45 Milwaukee Court,64149,MO,vlittlejohnjx@netlog.com
719,Bob Bridson,91749 Mayfield Center,63167,MO,bbridsonjy@joomla.org
720,Georgena Charette,35 Randy Point,98447,WA,gcharettejz@craigslist.org
721,Van Alloisi,988 Jana Avenue,30323,GA,valloisik0@youtu.be
722,Dierdre Fippe,86420 Kennedy Junction,64125,MO,dfippek1@princeton.edu
723,Darill Cantos,92 Butternut Avenue,24009,VA,dcantosk2@scribd.com
724,Ruddie Izzatt,05255 Sunnyside Parkway,31205,GA,rizzattk3@accuweather.com
725,Brien Ewells,0 Dottie Pass,59112,MT,bewellsk4@addtoany.com
726,Gill Elderton,27 Maywood Drive,99709,AK,geldertonk5@europa.eu
727,Alika Barrs,519 Knutson Drive,34276,FL,abarrsk6@fda.gov
728,Angelo Saice,6785 Schurz Place,46221,IN,asaicek7@fda.gov
729,Vanni Scad,314 Stephen Center,36689,AL,vscadk8@usda.gov
730,Pris Osman,9142 Summerview Crossing,90050,CA,posmank9@linkedin.com
731,Towney Schoffler,7019 Forest Run Point,71307,LA,tschofflerka@friendfeed.com
732,Yehudi Stit,023 Comanche Plaza,76192,TX,ystitkb@domainmarket.com
733,Antonius Eborn,878 Montana Place,91210,CA,aebornkc@ifeng.com
734,Saidee Gamblin,7283 4th Pass,32909,FL,sgamblinkd@live.com
735,Georgeta Wye,05 Crownhardt Junction,20195,VA,gwyeke@berkeley.edu
736,Witty Baumert,7 Golf Junction,73071,OK,wbaumertkf@google.com.br
737,Robbin Sheppey,58 Burrows Hill,62756,IL,rsheppeykg@cdbaby.com
738,Huey Ivins,7 Gateway Junction,32236,FL,hivinskh@theglobeandmail.com
739,Lurlene Duffield,31924 Linden Pass,31119,GA,lduffieldki@last.fm
740,Nicolette Falcus,696 Artisan Lane,91210,CA,nfalcuskj@e-recht24.de
741,Dov Slocum,1214 Warrior Crossing,88541,TX,dslocumkk@usnews.com
742,Raven Ungaretti,1 American Ash Pass,29505,SC,rungarettikl@barnesandnoble.com
743,Renard McKiddin,7059 West Street,80270,CO,rmckiddinkm@ebay.com
744,Emilie Lugsdin,41326 Tony Pass,79415,TX,elugsdinkn@yellowbook.com
745,Mariya Vasyukhin,275 Jana Place,38131,TN,mvasyukhinko@plala.or.jp
746,Rhianon Ianne,7246 Maple Terrace,32830,FL,riannekp@about.com
747,Keriann Tsarovic,3 Golden Leaf Road,47905,IN,ktsarovickq@webmd.com
748,Kassia Ghent,98 Blaine Hill,55428,MN,kghentkr@foxnews.com
749,Bev Riddeough,93831 Lakeland Center,98687,WA,briddeoughks@wikia.com
750,Webster Stanlock,0 Lakewood Way,98411,WA,wstanlockkt@netvibes.com
751,Zaneta Hanby,40149 Algoma Road,24004,VA,zhanbyku@webnode.com
752,Edie Shorto,45 Columbus Drive,44118,OH,eshortokv@whitehouse.gov
753,Gustave Moorfield,1 Vernon Road,98424,WA,gmoorfieldkw@w3.org
754,Rad Rooze,761 Esker Alley,22212,VA,rroozekx@wikipedia.org
755,Guy Janout,69269 Shopko Crossing,84105,UT,gjanoutky@nifty.com
756,Catharine MacTavish,6855 Linden Point,67236,KS,cmactavishkz@springer.com
757,Reynold Tembey,2 Cordelia Way,35242,AL,rtembeyl0@forbes.com
758,Zelda Posselow,65 Graceland Alley,20073,DC,zposselowl1@cnet.com
759,Kort Hamshar,90 Warbler Road,34611,FL,khamsharl2@theatlantic.com
760,Rochelle Atkirk,43 Prairie Rose Park,33647,FL,ratkirkl3@ihg.com
761,Lib Reeder,3 Hoard Crossing,34985,FL,lreederl4@booking.com
762,Eliot Bunney,8220 Linden Hill,55470,MN,ebunneyl5@dmoz.org
763,Rebeca Marini,23333 Porter Circle,32919,FL,rmarinil6@cnn.com
764,Burgess Gyurkovics,459 Mesta Center,32859,FL,bgyurkovicsl7@cafepress.com
765,Gigi Ackeroyd,5263 Bonner Plaza,64149,MO,gackeroydl8@tmall.com
766,Nettle Gorrissen,8423 Mariners Cove Hill,66629,KS,ngorrissenl9@amazonaws.com
767,Janis Bimson,7736 Dahle Court,57110,SD,jbimsonla@comsenz.com
768,Artemas Newcomb,2158 Banding Road,34102,FL,anewcomblb@nature.com
769,Ignacius Tomlins,0525 Browning Park,22217,VA,itomlinslc@apache.org
770,Elora Snibson,462 Stephen Plaza,14609,NY,esnibsonld@wunderground.com
771,Minetta Marchenko,1 Drewry Point,20210,DC,mmarchenkole@reddit.com
772,Carey Izakson,09055 Bunting Parkway,55590,MN,cizaksonlf@nifty.com
773,Carroll Tapson,34688 Eastwood Center,01905,MA,ctapsonlg@nasa.gov
774,Caprice Speachley,84 Leroy Center,21229,MD,cspeachleylh@angelfire.com
775,Joya Dawe,79906 Truax Avenue,66205,KS,jdaweli@ask.com
776,Tarrance Edmonstone,94308 Montana Road,60604,IL,tedmonstonelj@apple.com
777,Fredrick Heliar,6650 Harper Way,63180,MO,fheliarlk@symantec.com
778,Hanni Cowap,44 Bay Street,33487,FL,hcowapll@examiner.com
779,Dalis Hughlock,36 Hermina Alley,10110,NY,dhughlocklm@issuu.com
780,Nadiya MacMeeking,481 Troy Alley,75323,TX,nmacmeekingln@godaddy.com
781,Brooks Dowthwaite,59 Northfield Circle,95155,CA,bdowthwaitelo@huffingtonpost.com
782,Miles Midson,6269 Miller Way,73147,OK,mmidsonlp@shutterfly.com
783,Tarah Pennycord,158 Lakewood Court,76115,TX,tpennycordlq@hostgator.com
784,Pattie Eliesco,00 North Court,44105,OH,peliescolr@geocities.com
785,Julieta Radsdale,31251 Columbus Alley,45233,OH,jradsdalels@pinterest.com
786,Darn Fyfield,45859 Shopko Court,92127,CA,dfyfieldlt@wisc.edu
787,Etienne Sattin,4292 Porter Park,49544,MI,esattinlu@springer.com
788,Mayor Whichelow,05360 Upham Lane,14639,NY,mwhichelowlv@princeton.edu
789,Wallace Ronca,1233 Main Crossing,78426,TX,wroncalw@bing.com
790,Tuckie Skingley,72665 Maple Wood Way,16550,PA,tskingleylx@un.org
791,Toiboid Raylton,6 Hoepker Point,19810,DE,trayltonly@cnet.com
792,Lynette Le Floch,4577 Westerfield Crossing,60663,IL,llelz@soundcloud.com
793,Stefania Haswell,68 Kedzie Trail,13224,NY,shaswellm0@omniture.com
794,Codi McGlynn,254 Springs Way,40546,KY,cmcglynnm1@friendfeed.com
795,Courtney Lightfoot,0727 Lukken Parkway,65810,MO,clightfootm2@spotify.com
796,Vicki Castagnasso,746 Springview Place,77010,TX,vcastagnassom3@squidoo.com
797,Ashla Bundy,53 Vidon Way,20337,DC,abundym4@webmd.com
798,Else Kemp,3051 Marcy Drive,33185,FL,ekempm5@ycombinator.com
799,Meier Luce,5 Grover Center,99205,WA,mlucem6@globo.com
800,Chelsae Ratnage,22866 Westridge Way,49544,MI,cratnagem7@statcounter.com
801,Tucky Root,32429 Brickson Park Terrace,19886,DE,trootm8@mysql.com
802,Brok McCorry,44460 Redwing Place,23459,VA,bmccorrym9@ebay.com
803,Aube Fillery,31990 Ridgeway Plaza,23228,VA,afilleryma@example.com
804,Patty Papachristophorou,9828 Almo Avenue,38131,TN,ppapachristophoroumb@miitbeian.gov.cn
805,Margery Nayer,4 Granby Pass,23509,VA,mnayermc@hatena.ne.jp
806,Armand Cassells,4 Dahle Plaza,11205,NY,acassellsmd@so-net.ne.jp
807,Nora Pennicard,50924 New Castle Crossing,23324,VA,npennicardme@businessweek.com
808,Leontyne Jammet,7950 Bashford Alley,92717,CA,ljammetmf@ft.com
809,Alvan Stocky,7717 Portage Trail,92145,CA,astockymg@alexa.com
810,Melania Brodeur,51761 Redwing Place,94280,CA,mbrodeurmh@rambler.ru
811,Kaylil Dyson,3 Randy Park,61110,IL,kdysonmi@so-net.ne.jp
812,Amalee St. Clair,793 Bluejay Way,79923,TX,astmj@geocities.com
813,Ilene Lepard,31077 Sunfield Center,44191,OH,ilepardmk@addthis.com
814,Willie Eamer,8 Northfield Point,23228,VA,weamerml@epa.gov
815,Georgie Cleugh,7245 Laurel Pass,01654,MA,gcleughmm@reuters.com
816,Tuckie Kilfedder,98423 Spaight Point,58505,ND,tkilfeddermn@delicious.com
817,Tye Kopisch,82336 Sherman Parkway,40205,KY,tkopischmo@webmd.com
818,Jonell Emmison,1 International Junction,64109,MO,jemmisonmp@wsj.com
819,Marlin Vidgen,2883 Cody Center,78265,TX,mvidgenmq@washington.edu
820,Charmine Itzak,561 Daystar Parkway,84140,UT,citzakmr@epa.gov
821,Brandy Whyborn,211 Blaine Court,97216,OR,bwhybornms@globo.com
822,Marje Lattimer,54590 Randy Parkway,74103,OK,mlattimermt@artisteer.com
823,Gilles Maken,44365 Eagan Trail,02745,MA,gmakenmu@europa.eu
824,Gray Vardon,9562 Prairieview Hill,32511,FL,gvardonmv@merriam-webster.com
825,Lynnett Soggee,8760 Sommers Park,75216,TX,lsoggeemw@blogspot.com
826,Nealy Fannon,0996 Manley Crossing,77343,TX,nfannonmx@xing.com
827,Shawnee Shirtliff,29768 Sachs Way,19125,PA,sshirtliffmy@istockphoto.com
828,Terra Rayburn,1526 Forster Road,16522,PA,trayburnmz@cnet.com
829,Dorene McQuin,72 Hauk Street,73147,OK,dmcquinn0@wufoo.com
830,Margy Greveson,13 Rowland Drive,63169,MO,mgrevesonn1@indiatimes.com
831,Maurise Lepper,0 Bowman Road,60674,IL,mleppern2@narod.ru
832,Ludovico Pury,428 Dixon Terrace,80930,CO,lpuryn3@telegraph.co.uk
833,Toddie Robyns,698 Jenifer Way,92160,CA,trobynsn4@cargocollective.com
834,Cam Pachmann,590 Hoepker Way,32808,FL,cpachmannn5@wikispaces.com
835,Tomas Mibourne,4628 Buell Plaza,20310,DC,tmibournen6@nhs.uk
836,Dita Gilhoolie,75 Comanche Circle,40205,KY,dgilhoolien7@prlog.org
837,Jacquetta Wreak,07 Huxley Center,75221,TX,jwreakn8@salon.com
838,Bernadette Haffard,390 Green Ridge Drive,33742,FL,bhaffardn9@discuz.net
839,Terrell Marcombe,26 Golf Course Plaza,98042,WA,tmarcombena@dyndns.org
840,Darin Buttriss,559 Leroy Junction,95894,CA,dbuttrissnb@godaddy.com
841,Claire Goodlife,89 Bonner Center,35220,AL,cgoodlifenc@ning.com
842,Christalle MacGovern,90231 Algoma Plaza,01610,MA,cmacgovernnd@timesonline.co.uk
843,Aurilia Herculeson,99 West Street,59105,MT,aherculesonne@theguardian.com
844,Raymund Jeacock,53 Elgar Parkway,92186,CA,rjeacocknf@tumblr.com
845,Salomi Till,69162 Stoughton Road,47805,IN,stillng@issuu.com
846,Daniela Beale,30731 Randy Plaza,29403,SC,dbealenh@blogtalkradio.com
847,Yevette Brody,28057 Mcbride Road,20005,DC,ybrodyni@addtoany.com
848,Jesse Byars,934 Boyd Alley,79940,TX,jbyarsnj@xing.com
849,Rupert Neville,80683 Namekagon Hill,77035,TX,rnevillenk@dion.ne.jp
850,Karola Franke,01 Dexter Alley,70607,LA,kfrankenl@foxnews.com
851,Vinson Rollitt,28925 Golf Course Way,10184,NY,vrollittnm@cocolog-nifty.com
852,Dorice Jenkinson,10560 Jackson Drive,32575,FL,djenkinsonnn@quantcast.com
853,Brianne Redsell,2 Park Meadow Junction,29319,SC,bredsellno@ask.com
854,Jeanie Compfort,98 Clyde Gallagher Parkway,78710,TX,jcompfortnp@apple.com
855,Ximenez Polk,70087 Hooker Court,11254,NY,xpolknq@deviantart.com
856,Ermentrude Kesteven,921 Morrow Parkway,20299,DC,ekestevennr@hhs.gov
857,Pepito Sawell,346 Center Plaza,19886,DE,psawellns@vk.com
858,Adriaens O'Grada,2 Kipling Center,20189,VA,aogradant@amazonaws.com
859,Violet Wildber,49 Moulton Street,63104,MO,vwildbernu@arstechnica.com
860,Dav Briddock,4 Nancy Hill,43231,OH,dbriddocknv@ucsd.edu
861,Leia Hayhurst,5527 Russell Alley,18768,PA,lhayhurstnw@printfriendly.com
862,Orton Brunning,61945 Green Ridge Circle,35263,AL,obrunningnx@oakley.com
863,Francesco Lazer,5 Hallows Court,12247,NY,flazerny@state.gov
864,Galvin Grealy,27 Arrowood Terrace,25305,WV,ggrealynz@goo.gl
865,Fitzgerald Oehm,22 Kinsman Parkway,40293,KY,foehmo0@newyorker.com
866,Farra Brauns,16 Macpherson Park,33715,FL,fbraunso1@com.com
867,Zachery Loweth,47238 Red Cloud Crossing,97240,OR,zlowetho2@auda.org.au
868,Bruno Boar,247 American Court,07305,NJ,bboaro3@sbwire.com
869,Terra Melland,6075 Golden Leaf Terrace,90510,CA,tmellando4@e-recht24.de
870,Stefanie Chrestien,89072 Northwestern Court,45203,OH,schrestieno5@vistaprint.com
871,Benedetta Baal,33785 International Pass,80255,CO,bbaalo6@washington.edu
872,Dreddy Kavanagh,63 Sutteridge Alley,35254,AL,dkavanagho7@mayoclinic.com
873,Ray O Mullen,397 John Wall Avenue,61651,IL,roo8@scribd.com
874,Ange Dongall,62026 Butternut Avenue,90081,CA,adongallo9@uol.com.br
875,Lenka Loveman,869 Sunbrook Hill,94291,CA,llovemanoa@howstuffworks.com
876,Brant Farrant,75572 Truax Park,40250,KY,bfarrantob@ihg.com
877,Tandi Tomaszewski,9278 Mallory Park,45249,OH,ttomaszewskioc@arizona.edu
878,Tobin Weepers,7 Farwell Lane,92805,CA,tweepersod@meetup.com
879,Pearline Harbinson,40479 Pond Lane,37995,TN,pharbinsonoe@hc360.com
880,Letitia Darey,7 Arrowood Street,35805,AL,ldareyof@amazon.co.uk
881,Bernette Canty,34181 American Road,31405,GA,bcantyog@ucoz.ru
882,Bernardine Dysert,12 Erie Hill,39534,MS,bdysertoh@com.com
883,Ashil Cothey,4991 Tennessee Parkway,90005,CA,acotheyoi@nifty.com
884,Beatrix Piggin,542 Valley Edge Parkway,23605,VA,bpigginoj@nature.com
885,Mommy Salvin,0 Waxwing Lane,46620,IN,msalvinok@buzzfeed.com
886,Daria Holdworth,2 Homewood Road,33436,FL,dholdworthol@gov.uk
887,Sibley Gawkes,4049 Bashford Lane,33694,FL,sgawkesom@wired.com
888,Shannon Emptage,868 Truax Lane,37240,TN,semptageon@ihg.com
889,Kelci Charette,832 Monica Lane,50310,IA,kcharetteoo@psu.edu
890,Jaimie Whitrod,45 Kinsman Road,44105,OH,jwhitrodop@zdnet.com
891,Ashbey Zaniolo,266 Kim Plaza,46247,IN,azaniolooq@unc.edu
892,Marya Sone,27081 Prentice Way,78220,TX,msoneor@g.co
893,Ave Cantera,4682 Sutherland Lane,17605,PA,acanteraos@mapy.cz
894,Lesly Wicher,6714 Huxley Plaza,97255,OR,lwicherot@gmpg.org
895,Lyn Radloff,76 Homewood Place,23509,VA,lradloffou@oracle.com
896,Dennet Iacovone,86 Eliot Parkway,80291,CO,diacovoneov@unesco.org
897,Marshall Elphinstone,0200 Quincy Hill,98140,WA,melphinstoneow@walmart.com
898,Barry Rosbottom,52893 Farragut Circle,80925,CO,brosbottomox@princeton.edu
899,Em Teaser,00616 Milwaukee Hill,70124,LA,eteaseroy@ifeng.com
900,Martica Guidelli,36086 Waxwing Parkway,33432,FL,mguidellioz@hc360.com
901,Linn Kubicki,954 Spohn Hill,80150,CO,lkubickip0@umn.edu
902,Klement MacTrustrie,26 Laurel Lane,33411,FL,kmactrustriep1@wired.com
903,Mallory Haggerstone,3 Eagle Crest Alley,80223,CO,mhaggerstonep2@miitbeian.gov.cn
904,Haze Mountney,3573 Rowland Lane,20591,DC,hmountneyp3@vimeo.com
905,Irvine Girhard,1720 Warrior Circle,89115,NV,igirhardp4@independent.co.uk
906,Cooper Byas,00 Brown Street,62705,IL,cbyasp5@myspace.com
907,Viki Style,579 Everett Point,60641,IL,vstylep6@nature.com
908,Dorie Seniour,244 Springview Street,34233,FL,dseniourp7@intel.com
909,Edouard Reynoollds,57 Warrior Terrace,84605,UT,ereynoolldsp8@fastcompany.com
910,Ottilie Philipeaux,824 Basil Avenue,73129,OK,ophilipeauxp9@techcrunch.com
911,Pavla Harman,9122 Ruskin Circle,37250,TN,pharmanpa@hp.com
912,Alwyn Roblou,2662 Corben Way,23242,VA,arobloupb@apache.org
913,Helene Manley,2723 Blaine Parkway,06533,CT,hmanleypc@istockphoto.com
914,Karalynn Ceaplen,75 Mesta Parkway,10034,NY,kceaplenpd@imdb.com
915,Nataline Beamont,89 Sherman Circle,94705,CA,nbeamontpe@ezinearticles.com
916,Wynny Scaife,637 Melvin Trail,84105,UT,wscaifepf@behance.net
917,Rania Flagg,016 New Castle Drive,33731,FL,rflaggpg@imdb.com
918,Puff Insall,74099 Chinook Crossing,40298,KY,pinsallph@mtv.com
919,Kizzee Compfort,6 Green Junction,63150,MO,kcompfortpi@soundcloud.com
920,Ferdinanda Gori,5952 Fordem Way,33448,FL,fgoripj@smugmug.com
921,Yvette Beniesh,4346 Karstens Place,80241,CO,ybenieshpk@stumbleupon.com
922,Tedman Loges,0 Summer Ridge Terrace,44393,OH,tlogespl@yelp.com
923,Verge Geraldini,2238 Sutteridge Alley,35810,AL,vgeraldinipm@opensource.org
924,Gabby Twigger,474 Linden Circle,01105,MA,gtwiggerpn@blogger.com
925,Poul Carnow,648 Atwood Hill,66225,KS,pcarnowpo@japanpost.jp
926,Falito Brazer,44 Sugar Street,33661,FL,fbrazerpp@drupal.org
927,Rheba Kier,8836 2nd Terrace,73190,OK,rkierpq@digg.com
928,Sherwin Jaine,7540 Anderson Way,37919,TN,sjainepr@constantcontact.com
929,Mallorie Toth,47430 Delladonna Trail,06922,CT,mtothps@cloudflare.com
930,Vidovic Lurriman,8 Florence Terrace,85260,AZ,vlurrimanpt@virginia.edu
931,Raeann Adamsky,5 Westend Avenue,75507,TX,radamskypu@umn.edu
932,Isac Blight,089 Walton Point,33310,FL,iblightpv@wunderground.com
933,Ketty Brightman,18091 Stoughton Park,45807,OH,kbrightmanpw@webnode.com
934,Sibyl Bakhrushin,7 Fisk Way,90101,CA,sbakhrushinpx@goo.gl
935,Bogey Loweth,05981 Messerschmidt Park,88541,TX,blowethpy@blogtalkradio.com
936,Keefe Saundercock,07 Kennedy Street,30311,GA,ksaundercockpz@mtv.com
937,Jerrold Arnowitz,628 Elka Terrace,95173,CA,jarnowitzq0@quantcast.com
938,Halsy Weed,410 Crest Line Way,24014,VA,hweedq1@scientificamerican.com
939,Jany Greest,46 South Plaza,25775,WV,jgreestq2@time.com
940,Hanna Smillie,32120 Reindahl Place,63158,MO,hsmillieq3@irs.gov
941,Madonna Syalvester,8928 Logan Road,46207,IN,msyalvesterq4@comsenz.com
942,Lindsey Billett,4598 Oak Valley Drive,06140,CT,lbillettq5@buzzfeed.com
943,Lara Fyndon,3 Bonner Court,44191,OH,lfyndonq6@nationalgeographic.com
944,Ronni Ruppert,69860 Mallard Junction,33169,FL,rruppertq7@comcast.net
945,Mike Cureton,93999 Bayside Drive,28235,NC,mcuretonq8@icio.us
946,Henderson Hennemann,154 Hollow Ridge Pass,93786,CA,hhennemannq9@spiegel.de
947,Onida Monkley,21520 Esker Pass,92127,CA,omonkleyqa@mozilla.org
948,Humbert Hessel,014 Southridge Terrace,29625,SC,hhesselqb@oaic.gov.au
949,Ellene Grime,40247 Farragut Parkway,22333,VA,egrimeqc@va.gov
950,Norry Eydel,20942 Everett Alley,48258,MI,neydelqd@soundcloud.com
951,Marcellina Duigenan,2396 International Circle,20892,MD,mduigenanqe@xing.com
952,Johannes Toderini,35 Nelson Lane,29805,SC,jtoderiniqf@state.tx.us
953,Aluino Lared,18 Elgar Terrace,95894,CA,alaredqg@woothemes.com
954,Honey Eames,65 Mesta Road,98417,WA,heamesqh@squarespace.com
955,Conny Scranedge,34961 Ruskin Lane,40220,KY,cscranedgeqi@google.com.au
956,Caspar Moyes,59 Springs Crossing,75358,TX,cmoyesqj@xinhuanet.com
957,Halie Bachshell,85240 Bowman Crossing,92153,CA,hbachshellqk@privacy.gov.au
958,Barb Barry,10 Green Ridge Parkway,91117,CA,bbarryql@sourceforge.net
959,Kizzie Wemes,36183 Oakridge Junction,98498,WA,kwemesqm@xing.com
960,Felecia Winchcum,32399 Sutherland Road,60669,IL,fwinchcumqn@globo.com
961,Mallory Lealle,0375 Donald Hill,77281,TX,mlealleqo@auda.org.au
962,Daisy Sains,0832 Clarendon Circle,10170,NY,dsainsqp@ow.ly
963,Sam Dymond,798 Monica Terrace,38150,TN,sdymondqq@slideshare.net
964,Thaddus Eglin,70 Oak Valley Center,32244,FL,teglinqr@miitbeian.gov.cn
965,Ignace Pagen,6275 Dawn Parkway,90025,CA,ipagenqs@prweb.com
966,Cully Pickersail,528 Carpenter Court,75799,TX,cpickersailqt@businesswire.com
967,Wilie Kleinbaum,024 Northridge Road,60505,IL,wkleinbaumqu@printfriendly.com
968,Ettore Dufoure,70829 Hoffman Plaza,15134,PA,edufoureqv@ask.com
969,Aline Matskiv,60 Melvin Road,68105,NE,amatskivqw@diigo.com
970,Chrissie Myrkus,5505 Arapahoe Alley,80241,CO,cmyrkusqx@google.com.hk
971,Hedvig Dawtre,866 Helena Lane,55448,MN,hdawtreqy@blogtalkradio.com
972,Llewellyn Willerton,809 Nelson Trail,70033,LA,lwillertonqz@adobe.com
973,Patton Gaitone,566 Autumn Leaf Place,10155,NY,pgaitoner0@nymag.com
974,Ralf Strute,71722 Forest Dale Court,90101,CA,rstruter1@theglobeandmail.com
975,Quill Loweth,37 Grasskamp Way,49018,MI,qlowethr2@deviantart.com
976,Gabey McMullen,0 Mendota Pass,37665,TN,gmcmullenr3@google.com.au
977,Alva Cowe,7 Arkansas Hill,53220,WI,acower4@mysql.com
978,Sanders Allderidge,7907 Kropf Plaza,48919,MI,sallderidger5@acquirethisname.com
979,Merry Malmar,88 Cherokee Way,79159,TX,mmalmarr6@mapy.cz
980,Raul Huffer,2 Goodland Lane,77206,TX,rhufferr7@ovh.net
981,Conant Lesurf,670 Upham Trail,15210,PA,clesurfr8@usa.gov
982,Duffie Bonaire,9 Lyons Center,60078,IL,dbonairer9@mit.edu
983,Kakalina Flag,62006 Kings Park,66617,KS,kflagra@google.nl
984,Elfreda Emtage,40513 East Plaza,20062,DC,eemtagerb@ft.com
985,Selia Waskett,982 John Wall Point,20591,DC,swaskettrc@smugmug.com
986,Ferris Vanderplas,50356 Onsgard Circle,91328,CA,fvanderplasrd@uol.com.br
987,Ambrose Ettritch,20 Bunting Road,57198,SD,aettritchre@naver.com
988,Elayne Philipson,7493 Manley Road,78737,TX,ephilipsonrf@ted.com
989,Viki Kinnie,82177 Straubel Way,45233,OH,vkinnierg@dion.ne.jp
990,Essie Soame,72 John Wall Junction,78296,TX,esoamerh@jigsy.com
991,Katharyn Idenden,69038 Ridgeview Drive,29203,SC,kidendenri@rediff.com
992,Woody Schruur,0 Bunker Hill Terrace,27150,NC,wschruurrj@alibaba.com
993,Dee dee McKendo,80 Bluejay Drive,44321,OH,ddeerk@rakuten.co.jp
994,Jeffry Dowsing,87109 Hagan Crossing,92160,CA,jdowsingrl@usatoday.com
995,Ferrel Purcell,9 Prairieview Road,70883,LA,fpurcellrm@microsoft.com
996,Clarine Ryley,20 Caliangt Pass,96805,HI,cryleyrn@gnu.org
997,Katrine Borer,39 Hoard Alley,20238,DC,kborerro@shinystat.com
998,Elianore Thews,90781 Jackson Drive,51110,IA,ethewsrp@hugedomains.com
999,Marlena Klimt,31 Columbus Parkway,45203,OH,mklimtrq@gnu.org
1000,Scarface Latliff,34519 Schiller Street,84120,UT,slatliffrr@pcworld.com
