id,name,address,zipcode,state,email
1,Timmie Orchart,52525 Mariners Cove Junction,34205,FL,torchart0@blogs.com
2,Cully Flay,3 Ruskin Center,91616,CA,cflay1@virginia.edu
3,Ravid Dawidsohn,27505 Cherokee Avenue,32520,FL,rdawidsohn2@google.co.uk
4,Yetty Schwerin,2524 Crescent Oaks Junction,45213,OH,yschwerin3@technorati.com
5,Uriel Jeary,16916 Rockefeller Crossing,33283,FL,ujeary4@princeton.edu
6,Sam Vann,20365 Judy Junction,93773,CA,svann5@arstechnica.com
7,Berkeley Antonoczyk,87 Waubesa Center,20057,DC,bantonoczyk6@themeforest.net
8,Drusy Tollfree,94663 Elka Way,20709,MD,dtollfree7@weibo.com
9,Eadie Tuffin,54 Doe Crossing Place,36177,AL,etuffin8@ucoz.ru
10,Erna Jordi,572 Transport Way,31132,GA,ejordi9@issuu.com
11,Krissy Braycotton,6885 Porter Place,29305,SC,kbraycottona@geocities.jp
12,Margaret Cobain,8580 Northview Point,77255,TX,mcobainb@unc.edu
13,Harvey O'Codihie,3573 Mayer Hill,45238,OH,hocodihiec@ehow.com
14,Barby Killock,0889 Briar Crest Place,40576,KY,bkillockd@google.co.jp
15,Daphene Hatzar,647 Briar Crest Circle,33175,FL,dhatzare@google.fr
16,Connor Curteis,1 Meadow Ridge Road,33605,FL,ccurteisf@posterous.com
17,Lonnie MacFadden,926 Jackson Lane,78732,TX,lmacfaddeng@cdc.gov
18,Cobby Scottesmoor,96062 Dapin Parkway,11247,NY,cscottesmoorh@cnet.com
19,Lib Murkin,47497 Del Sol Way,90015,CA,lmurkini@twitpic.com
20,Lorene Poore,81 Bellgrove Alley,20051,DC,lpoorej@issuu.com
21,Mimi Janew,6068 Sutteridge Lane,33620,FL,mjanewk@ifeng.com
22,Shaylyn Ruprechter,1 Eagan Trail,40596,KY,sruprechterl@so-net.ne.jp
23,Brooks Shawell,30860 Pine View Alley,20337,DC,bshawellm@w3.org
24,Thornie Pennini,38 Wayridge Plaza,83732,ID,tpenninin@cornell.edu
25,Dylan Caple,3 Maple Wood Street,33673,FL,dcapleo@icq.com
26,Lara Bennallck,97 Lakewood Gardens Way,50362,IA,lbennallckp@ox.ac.uk
27,Corty Edmondson,4 Golf Course Parkway,98185,WA,cedmondsonq@state.tx.us
28,Tatiania Rudgard,1557 East Drive,31205,GA,trudgardr@hao123.com
29,Percival Todaro,95 Fulton Terrace,70894,LA,ptodaros@mysql.com
30,Arther Poole,0151 Cody Trail,95133,CA,apoolet@sfgate.com
31,Richmond Pracy,843 Pennsylvania Avenue,02119,MA,rpracyu@miitbeian.gov.cn
32,Calida Paolozzi,2232 Butternut Avenue,90081,CA,cpaolozziv@tinypic.com
33,Georgiana Collingdon,9437 Holy Cross Place,94297,CA,gcollingdonw@tuttocitta.it
34,Jamie Pavitt,231 Crest Line Trail,96154,CA,jpavittx@t.co
35,Morganne McCoid,839 Fieldstone Court,30386,GA,mmccoidy@nytimes.com
36,Monah Cuckson,9 Gulseth Road,07104,NJ,mcucksonz@pen.io
37,Derril Rogerot,89236 Lindbergh Circle,21229,MD,drogerot10@posterous.com
38,Keenan Capron,7 Sycamore Lane,94105,CA,kcapron11@state.tx.us
39,Harrie Daglish,7151 4th Court,31205,GA,hdaglish12@guardian.co.uk
40,Quinlan Sindle,449 Golf Course Avenue,10155,NY,qsindle13@scientificamerican.com
41,Pavia Cecere,48 Sage Circle,60619,IL,pcecere14@ycombinator.com
42,Thea Vassano,20790 Killdeer Circle,40225,KY,tvassano15@livejournal.com
43,Marybelle Ganny,5 Valley Edge Court,44710,OH,mganny16@fema.gov
44,Sheilakathryn Cholonin,39537 Lakewood Gardens Drive,47719,IN,scholonin17@vinaora.com
45,Emelda Duding,73177 Sunbrook Circle,15134,PA,eduding18@eepurl.com
46,Jorey Matveichev,3641 Golf Pass,27710,NC,jmatveichev19@squarespace.com
47,Dallas Burren,66435 Luster Center,77281,TX,dburren1a@nasa.gov
48,Clayborn Prudham,07 Cardinal Point,55598,MN,cprudham1b@army.mil
49,Stephine Fader,5057 Graceland Point,79405,TX,sfader1c@slideshare.net
50,Gus Bonefant,0932 Lillian Park,23551,VA,gbonefant1d@theatlantic.com
51,Harrison Risely,768 Mitchell Lane,34479,FL,hrisely1e@histats.com
52,Alanah Royl,3015 Utah Crossing,75507,TX,aroyl1f@drupal.org
53,Russ Whitwam,105 Carioca Parkway,15215,PA,rwhitwam1g@desdev.cn
54,Jareb Weavers,753 Jenna Terrace,40220,KY,jweavers1h@opera.com
55,Wendye Markus,94411 Warbler Drive,60193,IL,wmarkus1i@example.com
56,Germana Latan,3731 Kim Park,22309,VA,glatan1j@dion.ne.jp
57,Dori Greatham,8 Gerald Plaza,37416,TN,dgreatham1k@4shared.com
58,Karlene Summerlee,11 Banding Circle,88530,TX,ksummerlee1l@irs.gov
59,Mariska Belshaw,59 Killdeer Crossing,92822,CA,mbelshaw1m@wp.com
60,Arabel Timpany,76 Corben Court,27415,NC,atimpany1n@mysql.com
61,Shoshanna Pitway,455 Ronald Regan Drive,88584,TX,spitway1o@census.gov
62,Granger Hightown,830 Hooker Place,87505,NM,ghightown1p@example.com
63,Briant Nicklen,3 Algoma Terrace,89120,NV,bnicklen1q@mozilla.com
64,Jessalin Jowers,25017 Kipling Way,19886,DE,jjowers1r@bravesites.com
65,Cirstoforo Fullstone,59 Melvin Plaza,11436,NY,cfullstone1s@themeforest.net
66,Deck Fuzzens,675 Meadow Valley Way,33742,FL,dfuzzens1t@discuz.net
67,Dieter Abramov,13 Crownhardt Junction,78465,TX,dabramov1u@msu.edu
68,Druci Raffles,7 Burrows Hill,24040,VA,draffles1v@so-net.ne.jp
69,Sheffie Blaney,845 Nelson Hill,43226,OH,sblaney1w@google.com
70,Mendy Ramshaw,61382 Kim Pass,33124,FL,mramshaw1x@devhub.com
71,Karina Brockley,64954 Hoffman Place,29208,SC,kbrockley1y@psu.edu
72,Coletta Acott,44073 Anthes Alley,98206,WA,cacott1z@ocn.ne.jp
73,Portie Ferier,5400 Marquette Court,43210,OH,pferier20@constantcontact.com
74,Cesaro Tew,46566 Colorado Way,20231,DC,ctew21@topsy.com
75,Bennie Newart,715 Garrison Place,76598,TX,bnewart22@soup.io
76,Thorstein Aujouanet,987 Larry Place,19151,PA,taujouanet23@go.com
77,Raff Dybald,52 Tony Point,90840,CA,rdybald24@ezinearticles.com
78,Schuyler Benoy,8 Bartelt Crossing,46015,IN,sbenoy25@rambler.ru
79,Madonna Redington,2 Jenna Court,36114,AL,mredington26@plala.or.jp
80,Kym Sollime,5 Dapin Terrace,23220,VA,ksollime27@engadget.com
81,Twila Teresse,73 Gale Place,46852,IN,tteresse28@reverbnation.com
82,Sharlene Lithgow,9 Schlimgen Street,53726,WI,slithgow29@simplemachines.org
83,Leah Cuddehy,225 Scott Junction,92127,CA,lcuddehy2a@t-online.de
84,Oralla Devine,18402 Lawn Road,88535,TX,odevine2b@friendfeed.com
85,Nelia Sealeaf,267 Nelson Lane,46266,IN,nsealeaf2c@admin.ch
86,Dennie Astill,061 Merchant Street,79699,TX,dastill2d@is.gd
87,Benito Thams,5263 Beilfuss Drive,11220,NY,bthams2e@amazon.com
88,Rorie Harriot,276 Mifflin Point,93794,CA,rharriot2f@macromedia.com
89,Fraser Garthland,2708 Melvin Way,40280,KY,fgarthland2g@google.ca
90,Hashim Effnert,7 Sloan Pass,99709,AK,heffnert2h@admin.ch
91,Porter Manifould,03202 Butternut Court,98506,WA,pmanifould2i@hugedomains.com
92,Kaitlyn Whybray,921 Alpine Point,47725,IN,kwhybray2j@washington.edu
93,Leanor Jillis,16 Esker Street,94297,CA,ljillis2k@tmall.com
94,Nevil Tregonna,452 Warbler Plaza,91117,CA,ntregonna2l@washington.edu
95,Dulsea Climance,9 Kingsford Lane,97221,OR,dclimance2m@canalblog.com
96,Adria Pavinese,0242 Schlimgen Crossing,66629,KS,apavinese2n@t-online.de
97,Irvin Dawe,68 Sutteridge Street,38161,TN,idawe2o@bloglovin.com
98,Kain Pulman,6349 Main Crossing,78426,TX,kpulman2p@goo.ne.jp
99,Deina Sneller,9 Messerschmidt Terrace,76134,TX,dsneller2q@sciencedirect.com
100,Miltie Brunelli,07 Bonner Hill,53710,WI,mbrunelli2r@zdnet.com
101,Janeen Pouton,91259 Forest Run Circle,36670,AL,jpouton2s@miitbeian.gov.cn
102,Wandis Garlinge,2313 Melrose Road,88530,TX,wgarlinge2t@google.ru
103,Viola Kenewel,0671 Calypso Pass,67220,KS,vkenewel2u@canalblog.com
104,Elianora Mohammed,838 Kenwood Court,75323,TX,emohammed2v@networksolutions.com
105,Mariann Innman,08063 Derek Alley,46266,IN,minnman2w@wufoo.com
106,Kearney Korneluk,99494 Trailsway Hill,84130,UT,kkorneluk2x@1und1.de
107,Lorie Daviot,685 Garrison Trail,10275,NY,ldaviot2y@icq.com
108,Wilhelmina Lortz,00 Jenna Junction,40515,KY,wlortz2z@flickr.com
109,Towny Casol,6203 Banding Plaza,32309,FL,tcasol30@desdev.cn
110,Hayden Redsull,2 Bashford Court,33972,FL,hredsull31@nifty.com
111,Flory Dobrovolny,7399 Bayside Crossing,53225,WI,fdobrovolny32@bizjournals.com
112,Lavena Pauli,19 Pierstorff Road,92668,CA,lpauli33@dot.gov
113,Jennie Seid,758 Brentwood Plaza,32314,FL,jseid34@businessweek.com
114,Rossy Leupold,68658 Park Meadow Point,31914,GA,rleupold35@lycos.com
115,Julee Ullyott,42 Northland Trail,60609,IL,jullyott36@samsung.com
116,Nealy Terrazzo,577 Pierstorff Park,70810,LA,nterrazzo37@wsj.com
117,Lia Gibberd,276 Bashford Road,45440,OH,lgibberd38@nydailynews.com
118,Brittani Batrop,53 Pawling Plaza,46247,IN,bbatrop39@google.com.hk
119,Reg Dooland,3563 Spaight Alley,40287,KY,rdooland3a@mail.ru
120,Gamaliel Kennelly,94 Barnett Parkway,50315,IA,gkennelly3b@purevolume.com
121,Meridith Gellan,8241 Annamark Street,75507,TX,mgellan3c@twitter.com
122,Ailis Rawsthorn,5658 Forest Run Drive,99210,WA,arawsthorn3d@google.co.jp
123,Olivero Reeves,14798 Macpherson Pass,70154,LA,oreeves3e@msn.com
124,Elli Yalden,5484 Mallory Terrace,39204,MS,eyalden3f@amazon.co.jp
125,Lewiss Klinck,991 Cardinal Pass,28284,NC,lklinck3g@altervista.org
126,Tabitha Tommasuzzi,29 Cherokee Lane,36195,AL,ttommasuzzi3h@hugedomains.com
127,Brady Bantham,82 Colorado Point,89120,NV,bbantham3i@ucoz.com
128,Robinet Carnoghan,1850 Butterfield Point,64160,MO,rcarnoghan3j@omniture.com
129,Cointon Silbermann,57178 Duke Junction,49444,MI,csilbermann3k@hao123.com
130,Loren Burle,42 Utah Pass,46699,IN,lburle3l@booking.com
131,Lars Bargh,90 Kensington Alley,01152,MA,lbargh3m@spotify.com
132,Cobby Cufley,8 Macpherson Plaza,94807,CA,ccufley3n@myspace.com
133,Mariana Hicks,1 Independence Circle,43210,OH,mhicks3o@hugedomains.com
134,Adriano Soughton,7784 Muir Crossing,70160,LA,asoughton3p@myspace.com
135,Davidson Biever,69 Golf View Terrace,20557,DC,dbiever3q@go.com
136,Taddeo Conquest,86 Bunker Hill Point,60078,IL,tconquest3r@domainmarket.com
137,Reid Delion,58 Fremont Court,19725,DE,rdelion3s@who.int
138,Halsy Parnell,675 Superior Circle,93005,CA,hparnell3t@t-online.de
139,Pren Honeywood,27422 Nevada Park,73119,OK,phoneywood3u@wix.com
140,Xena Le Borgne,72 Alpine Point,06721,CT,xle3v@livejournal.com
141,Teirtza Foxcroft,40401 Pierstorff Drive,79452,TX,tfoxcroft3w@merriam-webster.com
142,Melania Cello,13352 Annamark Drive,91499,CA,mcello3x@csmonitor.com
143,William Eayrs,4233 Roxbury Point,15255,PA,weayrs3y@cisco.com
144,Seth Batsford,2660 Haas Street,64149,MO,sbatsford3z@time.com
145,Bernetta Shimuk,87 Homewood Park,97296,OR,bshimuk40@businesswire.com
146,Paolina McRobbie,599 Kings Court,20046,DC,pmcrobbie41@baidu.com
147,Adolphe Blaxter,290 Annamark Junction,34276,FL,ablaxter42@altervista.org
148,Camala Waddicor,9663 Monument Trail,66215,KS,cwaddicor43@twitpic.com
149,Aleda Woolrich,50 Mallory Crossing,23436,VA,awoolrich44@skyrock.com
150,Jacquetta Chaffin,66607 Shoshone Street,76129,TX,jchaffin45@qq.com
151,Heddie Ricold,51 Troy Lane,92812,CA,hricold46@themeforest.net
152,Garrick Skase,15337 Loftsgordon Hill,98109,WA,gskase47@theguardian.com
153,Aubine Cassley,727 Novick Point,78296,TX,acassley48@bbc.co.uk
154,Ladonna Ritchard,30117 Union Road,19605,PA,lritchard49@admin.ch
155,Blondie Tuffrey,748 Messerschmidt Circle,79955,TX,btuffrey4a@lycos.com
156,Meredithe Pantin,27 Boyd Way,80126,CO,mpantin4b@github.com
157,Fidelia Tennock,79229 Kenwood Point,55480,MN,ftennock4c@shinystat.com
158,Lorilee Figgess,374 Darwin Park,76205,TX,lfiggess4d@google.com.au
159,Nannie MacGuffog,2 2nd Avenue,36641,AL,nmacguffog4e@mapquest.com
160,Helena MacMeeking,47 Jana Parkway,27409,NC,hmacmeeking4f@chicagotribune.com
161,Petronilla Gallyhaock,5 Harper Circle,01129,MA,pgallyhaock4g@xinhuanet.com
162,Jermayne Andrysiak,129 Bartillon Parkway,68105,NE,jandrysiak4h@shutterfly.com
163,Prince Bezant,88 Wayridge Court,13210,NY,pbezant4i@ucsd.edu
164,Freemon Ferrey,47072 Helena Point,07305,NJ,fferrey4j@qq.com
165,Eirena Scoon,394 Dwight Way,25336,WV,escoon4k@privacy.gov.au
166,Binny Mains,62 Erie Junction,38143,TN,bmains4l@etsy.com
167,Richart O'Haire,74 Gina Point,74116,OK,rohaire4m@liveinternet.ru
168,Juline Oxbie,5 High Crossing Lane,89706,NV,joxbie4n@google.ru
169,Shannen Straffon,0719 Dakota Place,92878,CA,sstraffon4o@apache.org
170,Kettie Mincini,835 Susan Road,92127,CA,kmincini4p@noaa.gov
171,Falkner Guilayn,4 Briar Crest Trail,11254,NY,fguilayn4q@buzzfeed.com
172,Kimberley Gaither,639 Leroy Plaza,46231,IN,kgaither4r@nationalgeographic.com
173,Burt Sommerled,6356 Stang Way,96154,CA,bsommerled4s@g.co
174,Vernor Weben,9 Scofield Lane,98195,WA,vweben4t@feedburner.com
175,Ruttger Font,90 Vernon Avenue,35810,AL,rfont4u@wisc.edu
176,Emmalynne Dunbavin,31 Mcguire Circle,49444,MI,edunbavin4v@noaa.gov
177,Fonzie Leadbetter,9113 Merrick Road,80209,CO,fleadbetter4w@yale.edu
178,Sela Cloney,7449 Talmadge Road,40576,KY,scloney4x@yellowbook.com
179,Nessa Brierley,42841 Anniversary Plaza,92160,CA,nbrierley4y@woothemes.com
180,Nathaniel Gallant,3059 Village Green Crossing,94807,CA,ngallant4z@amazon.com
181,Gavan Giacopazzi,1708 Jana Court,31196,GA,ggiacopazzi50@topsy.com
182,Kahaleel Sprowson,8 Mayfield Lane,84135,UT,ksprowson51@drupal.org
183,Sybyl Mowsdill,595 Becker Alley,84110,UT,smowsdill52@freewebs.com
184,Bev Constant,967 Holmberg Lane,85015,AZ,bconstant53@tinyurl.com
185,Teodor Kiln,19 Welch Point,98140,WA,tkiln54@nbcnews.com
186,Libbi Levis,7453 Anzinger Center,84110,UT,llevis55@howstuffworks.com
187,Brynn Blaw,65 Westerfield Avenue,98166,WA,bblaw56@posterous.com
188,Kat Martineau,79 Old Gate Park,32813,FL,kmartineau57@wikispaces.com
189,Asa Tombleson,1 Pepper Wood Circle,93721,CA,atombleson58@bravesites.com
190,Cullan Jacmar,35209 Kingsford Way,51105,IA,cjacmar59@state.gov
191,Clyde Fitzjohn,99 Kings Terrace,70005,LA,cfitzjohn5a@bandcamp.com
192,Rozelle Mineghelli,9 Havey Parkway,06120,CT,rmineghelli5b@usnews.com
193,Barrett Gilbee,21373 Quincy Court,06538,CT,bgilbee5c@moonfruit.com
194,Glory Page,5 Mosinee Center,73190,OK,gpage5d@bbc.co.uk
195,Nevsa Pollack,01680 Vahlen Center,38104,TN,npollack5e@barnesandnoble.com
196,Lannie Beverley,8 Rieder Point,90005,CA,lbeverley5f@opensource.org
197,Biddy Stride,78760 Lukken Trail,55805,MN,bstride5g@bloomberg.com
198,Dannye Halligan,68 Cottonwood Crossing,50393,IA,dhalligan5h@github.io
199,Gnni Filan,86 Hauk Hill,80262,CO,gfilan5i@list-manage.com
200,Cyb Causon,47016 Browning Crossing,07104,NJ,ccauson5j@tuttocitta.it
201,Hastie Entwisle,18 Sommers Alley,30356,GA,hentwisle5k@abc.net.au
202,Gus Andrichak,5 Melrose Road,40591,KY,gandrichak5l@squidoo.com
203,Ashlen McCollum,52064 Nancy Drive,32825,FL,amccollum5m@salon.com
204,Anna-diana Gallen,01 Warrior Crossing,64136,MO,agallen5n@wunderground.com
205,Sibylle Epilet,895 Quincy Trail,90510,CA,sepilet5o@dmoz.org
206,Neel Spollen,9303 Riverside Crossing,33164,FL,nspollen5p@g.co
207,Elliot Coleby,36 Moland Avenue,39534,MS,ecoleby5q@va.gov
208,Sherry Yanele,831 Artisan Pass,85010,AZ,syanele5r@google.pl
209,Rutger Arman,2944 Leroy Lane,90045,CA,rarman5s@blinklist.com
210,Bryn Laviss,146 Fair Oaks Place,33913,FL,blaviss5t@wordpress.com
211,Terrance Tuffrey,0782 Independence Circle,66642,KS,ttuffrey5u@dagondesign.com
212,Valma Medford,7199 Barby Road,10029,NY,vmedford5v@harvard.edu
213,Lorry Haveline,50044 Huxley Way,79968,TX,lhaveline5w@twitter.com
214,Mimi Weblin,0 Derek Avenue,55423,MN,mweblin5x@e-recht24.de
215,Roselle Fuzzey,01 Bowman Crossing,10170,NY,rfuzzey5y@arizona.edu
216,Ursola Bairstow,04586 Almo Junction,92424,CA,ubairstow5z@dion.ne.jp
217,Forester Dalyell,7503 Mayer Hill,34665,FL,fdalyell60@usnews.com
218,Joel Atwool,14125 David Court,70505,LA,jatwool61@taobao.com
219,Inez Beeke,37 Dakota Way,53215,WI,ibeeke62@phpbb.com
220,Taddeo Schooling,86744 Thompson Drive,94042,CA,tschooling63@yahoo.co.jp
221,Barbi Cunniff,25 Union Hill,33448,FL,bcunniff64@europa.eu
222,Barde Vedyasov,04563 Nelson Lane,36205,AL,bvedyasov65@rakuten.co.jp
223,Cristine Breawood,9408 Granby Circle,98907,WA,cbreawood66@ft.com
224,Marilee Rableau,7 Elmside Parkway,90087,CA,mrableau67@goo.gl
225,Oliviero Swinbourne,39 Bunting Point,78225,TX,oswinbourne68@geocities.jp
226,Fredrika Trousdell,7113 Sheridan Trail,63150,MO,ftrousdell69@newsvine.com
227,Sasha Gonoude,19673 Fallview Center,32819,FL,sgonoude6a@apple.com
228,Sharon Stonner,18 Stone Corner Street,40515,KY,sstonner6b@amazon.co.uk
229,Roselia Bulter,556 Katie Terrace,93311,CA,rbulter6c@jalbum.net
230,Frederique McClurg,2 Mockingbird Trail,70160,LA,fmcclurg6d@alibaba.com
231,Editha Friberg,9338 New Castle Terrace,32819,FL,efriberg6e@drupal.org
232,Minor Kidds,27 Hayes Point,80935,CO,mkidds6f@rambler.ru
233,Fowler Pauley,31538 Knutson Trail,76115,TX,fpauley6g@cnbc.com
234,Domingo Gwyer,25 Alpine Avenue,64109,MO,dgwyer6h@epa.gov
235,Gracie Dinsey,0173 Arizona Hill,20260,DC,gdinsey6i@usda.gov
236,Dixie Duerdin,83 Luster Plaza,85311,AZ,dduerdin6j@berkeley.edu
237,Sammy Coulston,15482 Parkside Point,19605,PA,scoulston6k@spiegel.de
238,Edeline Waldera,25841 Harper Road,93704,CA,ewaldera6l@lulu.com
239,Loren Feeney,9629 Miller Way,28284,NC,lfeeney6m@cyberchimps.com
240,Tonia Dabinett,3983 Larry Junction,77305,TX,tdabinett6n@opera.com
241,Adella Langhor,415 Old Shore Drive,35810,AL,alanghor6o@imgur.com
242,Consuelo Le Teve,02 Parkside Avenue,78250,TX,cle6p@hhs.gov
243,Inge Speeding,4516 Dryden Hill,55573,MN,ispeeding6q@si.edu
244,Karel Plessing,7 Lien Lane,60636,IL,kplessing6r@umich.edu
245,Leora Dayton,186 Scott Alley,70124,LA,ldayton6s@networksolutions.com
246,Guillermo Brozsset,0197 Claremont Way,34629,FL,gbrozsset6t@china.com.cn
247,Bronson Plenderleith,6339 Fremont Hill,89120,NV,bplenderleith6u@ebay.co.uk
248,Heindrick Creamen,01 Milwaukee Junction,27499,NC,hcreamen6v@multiply.com
249,Rodrigo Cherry,08926 Kedzie Plaza,97232,OR,rcherry6w@usda.gov
250,Nicko Blazdell,911 Moose Terrace,53220,WI,nblazdell6x@printfriendly.com
251,Alissa Geddes,25043 Reindahl Lane,78230,TX,ageddes6y@myspace.com
252,Elva Ching,1155 Mesta Road,75185,TX,eching6z@theatlantic.com
253,Ettie Weeke,20974 Fuller Place,76016,TX,eweeke70@noaa.gov
254,Delinda Peche,24 Melby Place,77228,TX,dpeche71@reference.com
255,Sherwood Darthe,486 Eastlawn Drive,32209,FL,sdarthe72@state.tx.us
256,Nicoli Karlolak,28515 Gateway Junction,80935,CO,nkarlolak73@cyberchimps.com
257,Gay MacCourt,523 Kim Road,33147,FL,gmaccourt74@mysql.com
258,Sheela Rumgay,6 Lukken Lane,50362,IA,srumgay75@webs.com
259,Annalise Perrottet,52288 Raven Plaza,77080,TX,aperrottet76@slashdot.org
260,Aarika McQuode,509 Heath Drive,97405,OR,amcquode77@a8.net
261,Myrtice Crossingham,20589 Shasta Hill,10024,NY,mcrossingham78@house.gov
262,Sophronia Jordan,67 Talisman Trail,58106,ND,sjordan79@discovery.com
263,Elenore Bulman,0 Jenifer Park,93740,CA,ebulman7a@google.fr
264,Quent Cocklin,64 Stone Corner Pass,29305,SC,qcocklin7b@europa.eu
265,Wilt Herche,99 Westend Court,71161,LA,wherche7c@gizmodo.com
266,Sari Livermore,0 Express Way,53716,WI,slivermore7d@elegantthemes.com
267,Terri Millery,25268 Doe Crossing Trail,95133,CA,tmillery7e@squidoo.com
268,Chrisy Christoforou,256 Golden Leaf Street,23220,VA,cchristoforou7f@archive.org
269,Marven Byrnes,19125 Bluestem Trail,88584,TX,mbyrnes7g@cnbc.com
270,Jeffry Cholmondeley,653 Northview Junction,89150,NV,jcholmondeley7h@delicious.com
271,Verena Hadwin,0147 Summer Ridge Point,14604,NY,vhadwin7i@e-recht24.de
272,Flory MacDearmaid,86 Fremont Way,67230,KS,fmacdearmaid7j@skyrock.com
273,Fredericka Mebes,7 Stephen Trail,48555,MI,fmebes7k@acquirethisname.com
274,Adaline Akers,195 Milwaukee Alley,06160,CT,aakers7l@wufoo.com
275,Moyra Carwithan,74 Judy Hill,34665,FL,mcarwithan7m@chicagotribune.com
276,Reynold Pesselt,86 Farragut Parkway,77554,TX,rpesselt7n@icio.us
277,Chris Denacamp,41 Daystar Park,94622,CA,cdenacamp7o@bizjournals.com
278,Maribelle Dyne,8 Mccormick Pass,46896,IN,mdyne7p@shinystat.com
279,Belva Blyde,6419 Daystar Crossing,80915,CO,bblyde7q@histats.com
280,Marylou Chadbourne,326 Kensington Court,55480,MN,mchadbourne7r@nbcnews.com
281,Nanice Massey,24 Hollow Ridge Parkway,20420,DC,nmassey7s@diigo.com
282,Corbet Mushart,60772 Sommers Circle,85210,AZ,cmushart7t@google.it
283,Drew Krauze,08502 Westend Plaza,85754,AZ,dkrauze7u@soundcloud.com
284,Kane Ellerman,82231 Iowa Crossing,37410,TN,kellerman7v@list-manage.com
285,Astrix Honack,36 Commercial Point,20268,DC,ahonack7w@quantcast.com
286,Sonnie Brech,241 David Avenue,55441,MN,sbrech7x@arstechnica.com
287,Derward Lafflina,1 Sherman Drive,85025,AZ,dlafflina7y@shinystat.com
288,Jarrod Fermin,6710 Brentwood Street,49444,MI,jfermin7z@jugem.jp
289,Tam Plester,5 Scott Court,40266,KY,tplester80@zdnet.com
290,Loutitia Careswell,6 Anhalt Plaza,16534,PA,lcareswell81@independent.co.uk
291,Adolphe Lemanu,94177 Tennessee Crossing,98464,WA,alemanu82@umich.edu
292,Rory Durning,6 Crownhardt Lane,25726,WV,rdurning83@miitbeian.gov.cn
293,Catherine Sterzaker,2117 Burrows Park,63121,MO,csterzaker84@nba.com
294,Peyter Gerritzen,4917 Dennis Point,11254,NY,pgerritzen85@jimdo.com
295,Carin Dutnell,606 Sloan Avenue,85743,AZ,cdutnell86@edublogs.org
296,Karole Hodinton,5547 Spohn Court,89178,NV,khodinton87@chronoengine.com
297,Laryssa McCanny,7 Helena Junction,32885,FL,lmccanny88@sciencedaily.com
298,Hamish Lamberteschi,90 Comanche Crossing,60646,IL,hlamberteschi89@imdb.com
299,Helen-elizabeth Karpenko,95 Lakewood Hill,55557,MN,hkarpenko8a@instagram.com
300,Florentia Bowne,62 Fisk Alley,33884,FL,fbowne8b@cbslocal.com
301,Agosto Salerg,060 Lighthouse Bay Avenue,56372,MN,asalerg8c@earthlink.net
302,Heinrick Rickardes,4 Schiller Parkway,20575,DC,hrickardes8d@bravesites.com
303,Karyl Valentine,1 New Castle Junction,60663,IL,kvalentine8e@seattletimes.com
304,Ben Alvarado,3456 Waxwing Place,76711,TX,balvarado8f@cpanel.net
305,Ammamaria Espinay,234 Grayhawk Trail,79405,TX,aespinay8g@stanford.edu
306,Sander Struss,87 Shoshone Circle,76192,TX,sstruss8h@usatoday.com
307,Alyson Derill,69119 Corscot Road,95054,CA,aderill8i@jigsy.com
308,Rafferty Ingleton,8410 Sachs Point,32204,FL,ringleton8j@businesswire.com
309,Bridget Ferenc,7 Pleasure Court,59623,MT,bferenc8k@feedburner.com
310,Paulie Poole,09 Mesta Alley,19151,PA,ppoole8l@ebay.com
311,Truman Muzzlewhite,4 Morningstar Alley,95113,CA,tmuzzlewhite8m@nasa.gov
312,Jasmine Able,3 Grim Court,20310,DC,jable8n@fc2.com
313,Marley Grimsey,519 Westport Lane,94302,CA,mgrimsey8o@smh.com.au
314,Grace Liddard,351 Mayfield Junction,38181,TN,gliddard8p@com.com
315,Kaleb Pain,971 Kinsman Hill,31196,GA,kpain8q@google.nl
316,Daniel Cawt,95043 Fair Oaks Place,27635,NC,dcawt8r@miitbeian.gov.cn
317,Maye Odlin,6245 Marcy Point,78465,TX,modlin8s@booking.com
318,Ediva Gaskill,7489 Blaine Way,21239,MD,egaskill8t@redcross.org
319,Heida Miklem,6701 Sunfield Road,70836,LA,hmiklem8u@smh.com.au
320,Marilin Burgoine,49741 Redwing Road,27116,NC,mburgoine8v@yahoo.co.jp
321,Latia McKinn,30 Esker Pass,32859,FL,lmckinn8w@last.fm
322,Phillipp Clarke-Williams,841 Sachtjen Hill,80209,CO,pclarkewilliams8x@diigo.com
323,Anthe Pruckner,4898 Lien Center,33994,FL,apruckner8y@blogspot.com
324,Lauraine Lyst,6942 Arkansas Place,88546,TX,llyst8z@sogou.com
325,Bartholomew Webb,826 Sherman Street,76544,TX,bwebb90@i2i.jp
326,Emmery Tipper,50 Rieder Way,99790,AK,etipper91@instagram.com
327,Will Sprankling,19 Stoughton Park,10039,NY,wsprankling92@arizona.edu
328,West Pomery,7568 Boyd Drive,30380,GA,wpomery93@meetup.com
329,Che Fullard,56090 Pierstorff Parkway,66629,KS,cfullard94@netscape.com
330,Averell Petrillo,5 Kennedy Junction,38109,TN,apetrillo95@slate.com
331,Adler Palatino,391 Muir Pass,73071,OK,apalatino96@networkadvertising.org
332,Amberly Grelak,0319 Brown Parkway,55598,MN,agrelak97@buzzfeed.com
333,Riccardo Curle,39710 Center Hill,92619,CA,rcurle98@netvibes.com
334,Jenilee Savoury,1561 Kedzie Trail,27710,NC,jsavoury99@ucla.edu
335,Rina Aloshikin,16093 Lawn Terrace,31165,GA,raloshikin9a@altervista.org
336,Rowena Carthew,59 Logan Center,34611,FL,rcarthew9b@epa.gov
337,Niel Conan,5727 Montana Way,77271,TX,nconan9c@latimes.com
338,Chandler Cruddas,290 Ohio Circle,63167,MO,ccruddas9d@cocolog-nifty.com
339,Lesya Ashmore,97108 West Junction,02216,MA,lashmore9e@mtv.com
340,Lu Penella,37585 Tony Terrace,23237,VA,lpenella9f@reference.com
341,Thedrick Podd,202 Farwell Point,24048,VA,tpodd9g@cargocollective.com
342,Michell Robins,800 Chinook Hill,53779,WI,mrobins9h@vimeo.com
343,Ruy Kroin,5 Stephen Lane,40287,KY,rkroin9i@army.mil
344,Davida Frapwell,42901 Scoville Road,92710,CA,dfrapwell9j@illinois.edu
345,Grove Giraux,80 Pine View Plaza,70616,LA,ggiraux9k@mac.com
346,Karoly Spaldin,86915 Macpherson Lane,66617,KS,kspaldin9l@weebly.com
347,Corly Colwill,59723 Vidon Parkway,48267,MI,ccolwill9m@google.com.au
348,Vern Eilert,5198 Lighthouse Bay Point,80940,CO,veilert9n@toplist.cz
349,Brigitta Chipp,1471 Hayes Terrace,95833,CA,bchipp9o@mayoclinic.com
350,Brook Storror,849 Corscot Center,23459,VA,bstorror9p@hibu.com
351,Vitia Petrov,4 Clarendon Alley,91797,CA,vpetrov9q@blinklist.com
352,Gaylor Puzey,25 Maple Road,90035,CA,gpuzey9r@sun.com
353,Aaren Bachura,10 Longview Circle,30066,GA,abachura9s@sciencedirect.com
354,Forster Rizzolo,3 Mallard Terrace,60619,IL,frizzolo9t@tripadvisor.com
355,Inga Stooke,474 Gulseth Avenue,21265,MD,istooke9u@ifeng.com
356,Mahala Tipper,6557 Northridge Circle,07112,NJ,mtipper9v@trellian.com
357,Donny Tailby,8 Arapahoe Pass,35220,AL,dtailby9w@google.fr
358,Antonie Brotherhead,28 Green Ridge Lane,93291,CA,abrotherhead9x@hc360.com
359,Ryann Cotty,2651 La Follette Street,44393,OH,rcotty9y@ifeng.com
360,Hillard Karolczyk,8759 Bluejay Parkway,98907,WA,hkarolczyk9z@illinois.edu
361,Shaughn Benyan,2 Lyons Way,95155,CA,sbenyana0@youku.com
362,Herve Graddell,1311 Vidon Road,76129,TX,hgraddella1@multiply.com
363,Susy Robelet,6 Union Place,02162,MA,srobeleta2@eepurl.com
364,Towney Goodbarne,9 Anthes Hill,40515,KY,tgoodbarnea3@independent.co.uk
365,Ailey Cosely,6470 Jenna Alley,92170,CA,acoselya4@blog.com
366,Myer Fominov,2945 Scoville Avenue,34642,FL,mfominova5@uiuc.edu
367,Leeland Camell,82 Anniversary Road,70820,LA,lcamella6@vinaora.com
368,Kane Radenhurst,81880 Burrows Crossing,78744,TX,kradenhursta7@devhub.com
369,Stacey Sprowles,10 Dawn Alley,11436,NY,ssprowlesa8@slideshare.net
370,Siward Watsham,2047 Mitchell Terrace,12242,NY,swatshama9@linkedin.com
371,Keelia Speight,7 Merrick Lane,40505,KY,kspeightaa@creativecommons.org
372,Gaylor Siss,546 Park Meadow Park,02124,MA,gsissab@eepurl.com
373,Shurwood Grandin,533 Annamark Alley,96805,HI,sgrandinac@newsvine.com
374,Hendrick Roper,5272 Sachs Pass,10275,NY,hroperad@parallels.com
375,Bertie Lees,90227 Tomscot Pass,37416,TN,bleesae@bing.com
376,Edward Millier,06357 Morningstar Road,25356,WV,emillieraf@vimeo.com
377,Cash Tipler,5919 Aberg Place,89178,NV,ctiplerag@sciencedirect.com
378,Barry Franks,998 Northport Way,64125,MO,bfranksah@unesco.org
379,Barron Leek,49456 Cascade Court,33245,FL,bleekai@shutterfly.com
380,Isaak Fernier,0120 Springs Parkway,44305,OH,ifernieraj@webnode.com
381,Jacquie Yapp,30 Raven Circle,91205,CA,jyappak@networksolutions.com
382,Aguste Kippen,923 David Court,43699,OH,akippenal@globo.com
383,Anthony Kuhwald,472 Tennyson Circle,11225,NY,akuhwaldam@google.co.jp
384,Ferrel Thickins,4 Brown Point,94302,CA,fthickinsan@bizjournals.com
385,Josephine Limbourne,9 Chinook Terrace,31165,GA,jlimbourneao@google.it
386,Port Bertrand,7653 Randy Center,19605,PA,pbertrandap@google.fr
387,Jillayne Kingscote,130 Blackbird Hill,63158,MO,jkingscoteaq@oaic.gov.au
388,Cyndie Warbeys,1577 Eastwood Circle,19141,PA,cwarbeysar@loc.gov
389,Randene Geeritz,2 Ruskin Circle,71137,LA,rgeeritzas@ucsd.edu
390,Bev Fardoe,02 Mosinee Parkway,35285,AL,bfardoeat@nps.gov
391,Ash Dennert,6 Loomis Place,62705,IL,adennertau@constantcontact.com
392,Lynde Giacovelli,79 Eastlawn Road,28272,NC,lgiacovelliav@lulu.com
393,Carol Janecki,012 Maryland Place,39296,MS,cjaneckiaw@weather.com
394,Alida Penquet,00 Saint Paul Road,06859,CT,apenquetax@domainmarket.com
395,Darrelle Schultheiss,5 Prairieview Drive,94405,CA,dschultheissay@unc.edu
396,Maryann Aguirre,9489 Ramsey Court,75260,TX,maguirreaz@4shared.com
397,Terrill Lutsch,47090 North Court,92505,CA,tlutschb0@chronoengine.com
398,Oliviero Tison,59527 Ridge Oak Point,61105,IL,otisonb1@tamu.edu
399,Eleni Farrent,73987 Scoville Alley,37995,TN,efarrentb2@google.it
400,Salvatore Bennell,3454 Ilene Crossing,93311,CA,sbennellb3@networkadvertising.org
401,Carrie McMains,57904 Barby Trail,23551,VA,cmcmainsb4@ebay.co.uk
402,Shurlocke Turl,13539 Homewood Street,91411,CA,sturlb5@devhub.com
403,Lisette Duligall,9996 Lunder Alley,96815,HI,lduligallb6@joomla.org
404,Curtis De Goey,28168 6th Crossing,43610,OH,cdeb7@multiply.com
405,Napoleon Urey,4784 Victoria Circle,31410,GA,nureyb8@macromedia.com
406,Eolande Alford,50528 Armistice Way,97240,OR,ealfordb9@msu.edu
407,Dorthy Studde,903 Iowa Center,34620,FL,dstuddeba@facebook.com
408,Nerita Ronald,77161 Messerschmidt Lane,20380,DC,nronaldbb@chronoengine.com
409,Nicolina Kennealy,7683 Carioca Parkway,31704,GA,nkennealybc@cocolog-nifty.com
410,Silvana Cromleholme,2 Summerview Hill,33142,FL,scromleholmebd@bloomberg.com
411,Roscoe Bolgar,04 La Follette Street,54915,WI,rbolgarbe@statcounter.com
412,Deck Huddle,7 Arapahoe Parkway,99205,WA,dhuddlebf@answers.com
413,Gerek Ellins,39 Lillian Hill,85053,AZ,gellinsbg@kickstarter.com
414,Sybil Cambden,21 Jackson Lane,99252,WA,scambdenbh@exblog.jp
415,Franz Timbrell,1525 3rd Court,93150,CA,ftimbrellbi@a8.net
416,Rhetta Blaze,1906 Pleasure Junction,35810,AL,rblazebj@gmpg.org
417,Leeanne Duthy,70 Ronald Regan Point,32092,FL,lduthybk@microsoft.com
418,Neila Rock,6252 Northwestern Parkway,64130,MO,nrockbl@tumblr.com
419,Aimee Pecht,068 Dahle Terrace,19131,PA,apechtbm@wiley.com
420,Alisha Camelin,570 Bashford Way,95838,CA,acamelinbn@army.mil
421,Dannie Standley,3369 Riverside Junction,68531,NE,dstandleybo@chicagotribune.com
422,Alexandra Stille,5695 Meadow Ridge Plaza,15205,PA,astillebp@usa.gov
423,Corliss Britch,14 Stone Corner Trail,70154,LA,cbritchbq@tripod.com
424,Angie Ruben,0 Di Loreto Drive,21282,MD,arubenbr@nba.com
425,Mariann Shinefield,68 Vera Place,64193,MO,mshinefieldbs@usda.gov
426,Cristiano Marqyes,44310 Towne Trail,80291,CO,cmarqyesbt@icq.com
427,Osbourn Espadero,22751 Acker Road,10203,NY,oespaderobu@sogou.com
428,Rutger Ranklin,22329 Westend Place,10175,NY,rranklinbv@un.org
429,Noel Butlin,77 Village Green Court,70116,LA,nbutlinbw@ning.com
430,Sara Zukerman,33 Rutledge Trail,93407,CA,szukermanbx@free.fr
431,Jerrine Monday,38 Toban Parkway,60657,IL,jmondayby@amazon.co.uk
432,Bartram Gadney,12 Menomonie Center,43231,OH,bgadneybz@ucsd.edu
433,Renata Aldcorne,22 Sheridan Avenue,64054,MO,raldcornec0@blogger.com
434,Frederik O'Sheerin,31872 Tomscot Court,30061,GA,fosheerinc1@globo.com
435,Artair Hilhouse,8072 Dahle Plaza,89178,NV,ahilhousec2@nydailynews.com
436,Ashely Lawrinson,788 Duke Pass,40510,KY,alawrinsonc3@wikispaces.com
437,Terri Toyer,56054 Banding Circle,32505,FL,ttoyerc4@about.me
438,Esta Tice,47 Ohio Plaza,19495,PA,eticec5@sfgate.com
439,Artur Elijah,2 Lotheville Crossing,81005,CO,aelijahc6@indiatimes.com
440,Bobinette Maryan,3 Namekagon Way,77228,TX,bmaryanc7@independent.co.uk
441,Talbert Petrulis,13 Ridgeview Circle,40266,KY,tpetrulisc8@reference.com
442,Jewelle Marven,6 Sachtjen Trail,55551,MN,jmarvenc9@cornell.edu
443,Conney O'Gorman,9720 Dayton Circle,78721,TX,cogormanca@slideshare.net
444,Bax Mapletoft,980 Hermina Crossing,32209,FL,bmapletoftcb@fc2.com
445,Minnnie Barmadier,08 Coleman Terrace,55551,MN,mbarmadiercc@marriott.com
446,Gaby Holston,34112 Quincy Place,22903,VA,gholstoncd@shutterfly.com
447,Lazar Lavell,5 Erie Street,15215,PA,llavellce@google.ru
448,Kristopher Bernadzki,3951 Messerschmidt Park,87140,NM,kbernadzkicf@hud.gov
449,Randell Sawnwy,546 Wayridge Street,68179,NE,rsawnwycg@ustream.tv
450,Channa Jansky,28699 Hermina Lane,93907,CA,cjanskych@quantcast.com
451,Estel O' Dooley,00842 Superior Crossing,75392,TX,eoci@sogou.com
452,Cleon Josefsohn,90986 Sugar Trail,68164,NE,cjosefsohncj@yale.edu
453,Theadora Blackly,15 Vidon Drive,90010,CA,tblacklyck@addthis.com
454,Pryce McCroft,5 South Pass,80910,CO,pmccroftcl@wufoo.com
455,Ragnar Early,35 Mosinee Pass,34985,FL,rearlycm@irs.gov
456,Annadiane Martonfi,960 Larry Place,20816,MD,amartonficn@marketwatch.com
457,Virginia Bidgod,1 Petterle Park,79769,TX,vbidgodco@gov.uk
458,Jake Sloley,0374 Menomonie Alley,23293,VA,jsloleycp@timesonline.co.uk
459,Josi Bertomieu,45710 Oneill Plaza,72204,AR,jbertomieucq@uiuc.edu
460,Benedick Lemon,8338 Porter Center,20078,DC,blemoncr@booking.com
461,Base Jee,43254 Summerview Center,19151,PA,bjeecs@engadget.com
462,Jazmin Widdop,1131 Gale Center,98127,WA,jwiddopct@twitpic.com
463,Jillane McEnteggart,6986 Stang Circle,47306,IN,jmcenteggartcu@scientificamerican.com
464,Farr Obern,29 Coolidge Street,79999,TX,foberncv@techcrunch.com
465,Helenka McFetrich,379 Helena Point,53220,WI,hmcfetrichcw@hc360.com
466,Keelia Caselli,04351 Saint Paul Crossing,30306,GA,kcasellicx@diigo.com
467,Erma Heinrici,046 Corry Center,92132,CA,eheinricicy@github.com
468,Antonino Slimming,6 Golf View Terrace,83757,ID,aslimmingcz@163.com
469,Tonia Becerra,745 Maywood Drive,89155,NV,tbecerrad0@hud.gov
470,Eula Hardington,725 Maryland Hill,80328,CO,ehardingtond1@columbia.edu
471,Faye Gatsby,02 Comanche Parkway,01152,MA,fgatsbyd2@xrea.com
472,Germain Winspare,77987 Spohn Street,77010,TX,gwinspared3@dmoz.org
473,Sybila Nickell,66 Service Trail,70593,LA,snickelld4@yelp.com
474,Linc Donlon,3744 Killdeer Circle,96820,HI,ldonlond5@digg.com
475,Lissi Usher,4730 Stang Center,45228,OH,lusherd6@wiley.com
476,Artur Stannard,9 Randy Pass,19605,PA,astannardd7@irs.gov
477,Hermie Reford,47737 Hermina Crossing,71151,LA,hrefordd8@cpanel.net
478,Brady Waddam,8 Dovetail Pass,44125,OH,bwaddamd9@google.cn
479,Palm Duny,400 Surrey Terrace,96835,HI,pdunyda@webnode.com
480,Sheba Dressel,8570 Forest Crossing,78789,TX,sdresseldb@alexa.com
481,Homere Valentine,8964 Dottie Alley,85754,AZ,hvalentinedc@cornell.edu
482,Hastings Pencot,5140 Hayes Trail,85215,AZ,hpencotdd@google.nl
483,Mile Keilloh,3986 Sunnyside Way,94042,CA,mkeillohde@prnewswire.com
484,Saxon Philps,52 Drewry Road,91797,CA,sphilpsdf@ox.ac.uk
485,Inez Hanley,7 Heath Point,20397,DC,ihanleydg@aol.com
486,Kenn Courteney,8361 Butterfield Court,31132,GA,kcourteneydh@hhs.gov
487,Tish Plumtree,23 Barnett Junction,47134,IN,tplumtreedi@sohu.com
488,Vince Simeoli,65170 Melby Pass,35279,AL,vsimeolidj@senate.gov
489,Mada O'Scanlon,09824 East Way,93106,CA,moscanlondk@auda.org.au
490,Remington Garley,7 Kedzie Pass,98115,WA,rgarleydl@irs.gov
491,Dee Geddes,3 Pawling Avenue,30506,GA,dgeddesdm@blogspot.com
492,Byran Praill,23582 Fairfield Road,77212,TX,bprailldn@tmall.com
493,Burty Legerton,491 Sunnyside Drive,99215,WA,blegertondo@jalbum.net
494,Syman Czaple,2599 Nelson Circle,32941,FL,sczapledp@vkontakte.ru
495,Cortie Ormesher,6878 Kingsford Way,95064,CA,cormesherdq@microsoft.com
496,George Conneely,4939 Milwaukee Avenue,85705,AZ,gconneelydr@bluehost.com
497,Toinette MacAne,220 Pepper Wood Park,37416,TN,tmacaneds@thetimes.co.uk
498,Rolfe Pochin,5 3rd Crossing,60630,IL,rpochindt@t-online.de
499,Risa Desorts,3213 Delaware Plaza,46226,IN,rdesortsdu@domainmarket.com
500,Lynnelle Hallatt,59495 Pankratz Street,50362,IA,lhallattdv@yellowbook.com
501,Nessa Graalman,6 Waubesa Parkway,23242,VA,ngraalmandw@opera.com
502,Damien Fernan,34113 Manley Center,10024,NY,dfernandx@prnewswire.com
503,Courtney Coveny,62725 Dunning Junction,29416,SC,ccovenydy@prlog.org
504,Nils Brailsford,24 Tony Junction,66105,KS,nbrailsforddz@qq.com
505,Constance Feldstern,98855 Mallory Way,91103,CA,cfeldsterne0@foxnews.com
506,Elita Burch,74103 Scott Crossing,64187,MO,eburche1@miibeian.gov.cn
507,Amalle Millsom,56922 Lakeland Way,08608,NJ,amillsome2@infoseek.co.jp
508,Nike Rowet,22 Sullivan Plaza,89178,NV,nrowete3@shutterfly.com
509,Nealson Sarsons,410 Welch Circle,29505,SC,nsarsonse4@tripod.com
510,Morrie Hoofe,26 Maywood Center,76121,TX,mhoofee5@time.com
511,Veriee Alexandrescu,13 Algoma Junction,40266,KY,valexandrescue6@who.int
512,Ailene Dorrington,0 Bobwhite Road,06705,CT,adorringtone7@globo.com
513,Othella Curzon,728 Manufacturers Center,92145,CA,ocurzone8@purevolume.com
514,Bonnie Baldwin,97140 Weeping Birch Drive,99252,WA,bbaldwine9@smh.com.au
515,Roxanna Aldington,053 Arapahoe Crossing,24029,VA,raldingtonea@twitpic.com
516,Matthus Fenning,8 Messerschmidt Park,76711,TX,mfenningeb@jiathis.com
517,Farr Beades,5 David Way,15286,PA,fbeadesec@ftc.gov
518,Doti Prout,4 Sutteridge Avenue,77228,TX,dprouted@instagram.com
519,Romain Szymaniak,7 Eliot Court,23285,VA,rszymaniakee@fda.gov
520,Florance Medeway,10 Thierer Avenue,23228,VA,fmedewayef@rambler.ru
521,Louisette Potte,0 Jenna Junction,88530,TX,lpotteeg@dmoz.org
522,Kial Simoneau,78 Sutteridge Park,32225,FL,ksimoneaueh@scribd.com
523,Maximo Peffer,230 Anzinger Court,25711,WV,mpefferei@123-reg.co.uk
524,Doralynn Yerby,954 Lake View Lane,45020,OH,dyerbyej@va.gov
525,Connie O'Codihie,3 Mayfield Road,70505,LA,cocodihieek@unicef.org
526,Golda Cristofari,05806 Division Hill,59623,MT,gcristofariel@mysql.com
527,Delphinia Hammant,419 Mosinee Park,47405,IN,dhammantem@usgs.gov
528,Rodi Raise,49 Judy Junction,20436,DC,rraiseen@de.vu
529,Shawna Sleeny,9963 Parkside Terrace,33233,FL,ssleenyeo@simplemachines.org
530,Evan Meeus,377 Declaration Pass,34643,FL,emeeusep@senate.gov
531,Fancie Dugald,82988 Namekagon Center,20337,DC,fdugaldeq@bbb.org
532,Agosto Leftbridge,43702 Derek Avenue,85020,AZ,aleftbridgeer@last.fm
533,Lyndy Feldheim,508 Lindbergh Pass,31165,GA,lfeldheimes@cisco.com
534,Marjory Losano,2 Onsgard Street,85205,AZ,mlosanoet@nytimes.com
535,Linn Maybury,36397 Montana Court,47737,IN,lmayburyeu@mtv.com
536,Gallagher O'Deoran,18459 7th Center,20205,DC,godeoranev@auda.org.au
537,Pearle Darlasson,17185 Scoville Point,80127,CO,pdarlassonew@eventbrite.com
538,Garwin Thunders,17443 Havey Plaza,45414,OH,gthundersex@addtoany.com
539,Inesita Nicholl,28 Westerfield Trail,07208,NJ,inicholley@umich.edu
540,Danna Cudiff,54593 Daystar Drive,33245,FL,dcudiffez@dailymotion.com
541,Garik McLardie,564 Donald Junction,14619,NY,gmclardief0@wix.com
542,Vittoria Bydaway,59437 Corscot Avenue,32825,FL,vbydawayf1@eepurl.com
543,Madelon Varrow,06 Columbus Crossing,06183,CT,mvarrowf2@techcrunch.com
544,Elfrieda Scarsbrick,87293 Cascade Center,78225,TX,escarsbrickf3@salon.com
545,Shermie Alliot,7 Walton Center,34665,FL,salliotf4@freewebs.com
546,Glennis Geekie,2 Superior Circle,85305,AZ,ggeekief5@businesswire.com
547,Kippie Bewick,8238 Jackson Place,12305,NY,kbewickf6@sourceforge.net
548,Currey Spurdens,441 Anniversary Pass,97296,OR,cspurdensf7@examiner.com
549,Leontine Rawsthorne,2 Nancy Point,32255,FL,lrawsthornef8@businesswire.com
550,Carmine Pogue,899 Rigney Drive,90605,CA,cpoguef9@howstuffworks.com
551,Bay Brave,4 Gale Hill,16107,PA,bbravefa@smh.com.au
552,Val Petrik,10 Canary Pass,10160,NY,vpetrikfb@cpanel.net
553,Kelsey Whilder,1663 Mitchell Park,28055,NC,kwhilderfc@marketwatch.com
554,Alister Whyard,3 Spenser Road,32835,FL,awhyardfd@shareasale.com
555,Rodolph Hearn,3922 Park Meadow Point,80204,CO,rhearnfe@so-net.ne.jp
556,Wylie Cosyns,69720 Graceland Plaza,37228,TN,wcosynsff@typepad.com
557,Devin Jindrak,6 Russell Trail,33069,FL,djindrakfg@nhs.uk
558,Reed Imlen,18556 Towne Place,25321,WV,rimlenfh@reuters.com
559,Garald Fourman,8561 4th Drive,19897,DE,gfourmanfi@phpbb.com
560,Charin Metheringham,30386 Calypso Hill,66160,KS,cmetheringhamfj@pbs.org
561,Anabelle Snoding,293 Summerview Trail,68105,NE,asnodingfk@gov.uk
562,Carny Easter,37 Center Circle,25362,WV,ceasterfl@studiopress.com
563,Kate Snowding,8317 Hoffman Way,33233,FL,ksnowdingfm@skyrock.com
564,Arlin MacRannell,26493 Northport Avenue,89074,NV,amacrannellfn@ezinearticles.com
565,Veradis Songest,3835 Pennsylvania Point,16550,PA,vsongestfo@amazon.co.uk
566,Ezequiel Humby,4 Farwell Place,21229,MD,ehumbyfp@huffingtonpost.com
567,Rossie Hoff,5790 Farwell Alley,53210,WI,rhofffq@illinois.edu
568,Joceline Longstreet,70 Harbort Center,93005,CA,jlongstreetfr@com.com
569,Dierdre Dellenbroker,74 Merrick Drive,92662,CA,ddellenbrokerfs@rediff.com
570,Benjy Waters,0 International Lane,63116,MO,bwatersft@lulu.com
571,Anthiathia Kernock,393 Lawn Point,85284,AZ,akernockfu@mail.ru
572,Wilt Benko,019 Petterle Drive,93740,CA,wbenkofv@wikipedia.org
573,Elicia Chainey,7 Northview Crossing,19714,DE,echaineyfw@amazon.co.uk
574,Vassily Startin,36473 Gulseth Crossing,45408,OH,vstartinfx@1und1.de
575,Selestina Blenkhorn,0 Mccormick Junction,20470,DC,sblenkhornfy@berkeley.edu
576,Rowe Labitt,725 Vernon Crossing,33023,FL,rlabittfz@godaddy.com
577,Zorine Romanski,6 Bashford Crossing,53726,WI,zromanskig0@gov.uk
578,Verine Manger,2 Randy Pass,60641,IL,vmangerg1@census.gov
579,Ivette Duro,2267 Corry Circle,98185,WA,idurog2@wix.com
580,Ignaz Robroe,9056 Paget Circle,95150,CA,irobroeg3@sourceforge.net
581,Estel Tournay,438 Fairview Road,20057,DC,etournayg4@fastcompany.com
582,Ravid Pilipyak,3519 Gerald Point,20260,DC,rpilipyakg5@php.net
583,Odelle Joslyn,34033 West Pass,20220,DC,ojoslyng6@uiuc.edu
584,Cherin Jarmyn,89439 Calypso Crossing,57198,SD,cjarmyng7@hugedomains.com
585,Onida Treasaden,738 Forest Dale Park,44485,OH,otreasadeng8@abc.net.au
586,Sydney Oxtarby,2999 Northridge Circle,14220,NY,soxtarbyg9@wisc.edu
587,Costanza Kinver,0 Farragut Street,36689,AL,ckinverga@elpais.com
588,Ronnie Wilmut,9 Bluejay Crossing,10292,NY,rwilmutgb@unicef.org
589,Wildon Edinburgh,815 Caliangt Parkway,05609,VT,wedinburghgc@howstuffworks.com
590,Mollie Morcom,516 Corben Place,06721,CT,mmorcomgd@themeforest.net
591,Tracie Conibeer,785 Merrick Drive,33018,FL,tconibeerge@shutterfly.com
592,Cyndi Cawthron,6 Anderson Center,32627,FL,ccawthrongf@stumbleupon.com
593,Davon Critoph,830 Jenna Center,64149,MO,dcritophgg@g.co
594,Alf Maggs,3 Golden Leaf Crossing,43226,OH,amaggsgh@etsy.com
595,Opalina Fleay,4876 Ilene Road,46226,IN,ofleaygi@exblog.jp
596,Maryann Carruth,07 Fairview Road,19093,PA,mcarruthgj@epa.gov
597,Fidelio Cremen,084 Nobel Circle,11247,NY,fcremengk@gnu.org
598,Carolan Ferraron,31435 Del Mar Lane,89595,NV,cferrarongl@rakuten.co.jp
599,Serena Kemwal,172 Dottie Center,33763,FL,skemwalgm@nbcnews.com
600,Ambrosio Greenhalf,8600 Cody Hill,83722,ID,agreenhalfgn@woothemes.com
601,Skye MacAvddy,621 Burning Wood Place,84135,UT,smacavddygo@bravesites.com
602,Wat Mariotte,266 Kingsford Avenue,02472,MA,wmariottegp@hud.gov
603,Aubree Edis,5 Chive Parkway,44125,OH,aedisgq@europa.eu
604,Rebeca Alejandre,0 Merry Park,79955,TX,ralejandregr@utexas.edu
605,Kimmi Garley,86829 School Pass,06533,CT,kgarleygs@ca.gov
606,Fredericka Caustic,4882 Commercial Crossing,79699,TX,fcausticgt@wiley.com
607,Alia MacGlory,82262 Namekagon Center,19141,PA,amacglorygu@nymag.com
608,Lenci Growden,772 Havey Crossing,02453,MA,lgrowdengv@networksolutions.com
609,Gallagher Clausen-Thue,53828 Westend Park,32220,FL,gclausenthuegw@yale.edu
610,Leonora Antcliffe,3146 Banding Court,79159,TX,lantcliffegx@globo.com
611,Viviana Lorrain,8385 Blackbird Terrace,77388,TX,vlorraingy@cisco.com
612,Ede Lapides,78 Maryland Hill,95128,CA,elapidesgz@youtu.be
613,Aurelie Innes,0 Fairfield Trail,99205,WA,ainnesh0@patch.com
614,Rani Castrillo,7740 Trailsway Road,20503,DC,rcastrilloh1@wordpress.com
615,Minna Grooby,994 Kennedy Circle,73119,OK,mgroobyh2@comcast.net
616,Domini Coxhead,1938 Manitowish Terrace,56398,MN,dcoxheadh3@kickstarter.com
617,Alyosha Levi,86 Corscot Trail,58505,ND,alevih4@eventbrite.com
618,Gael Moneypenny,13 Judy Trail,11499,NY,gmoneypennyh5@example.com
619,Crystie Lanchester,78 Luster Parkway,29505,SC,clanchesterh6@tmall.com
620,Bogey Cordelle,8 Brentwood Junction,44710,OH,bcordelleh7@weibo.com
621,Thomasine Riddiough,5 Corben Alley,92648,CA,triddioughh8@tumblr.com
622,Kala Wiley,011 Gerald Circle,91109,CA,kwileyh9@bluehost.com
623,Valentin Trump,9 Warbler Place,72118,AR,vtrumpha@geocities.com
624,Paloma Muncer,3340 Washington Place,89155,NV,pmuncerhb@latimes.com
625,Inness Lackinton,08794 Schlimgen Parkway,70149,LA,ilackintonhc@wix.com
626,Huntlee Kohrs,11835 Anderson Street,94622,CA,hkohrshd@nifty.com
627,Jacki Scuse,9884 Corry Pass,55573,MN,jscusehe@shinystat.com
628,Emmett Botger,3 Vera Street,53705,WI,ebotgerhf@springer.com
629,Kippie Ellesmere,413 Loeprich Court,92127,CA,kellesmerehg@tinyurl.com
630,Ericka Latty,6 Browning Hill,98417,WA,elattyhh@joomla.org
631,Valry Counihan,7 East Hill,58106,ND,vcounihanhi@weebly.com
632,Nerty Weben,117 Carberry Trail,10034,NY,nwebenhj@xrea.com
633,Prent Gibbonson,301 2nd Parkway,77293,TX,pgibbonsonhk@goodreads.com
634,Averell Domleo,64608 Bonner Circle,79989,TX,adomleohl@bloomberg.com
635,Pancho Blackesland,4 Buhler Street,45296,OH,pblackeslandhm@opera.com
636,Beckie Marcoolyn,61740 Eagle Crest Circle,80328,CO,bmarcoolynhn@discovery.com
637,Dov Turvey,63 Heffernan Junction,44710,OH,dturveyho@slideshare.net
638,Trevor Ketteridge,80 Express Street,43215,OH,tketteridgehp@ca.gov
639,Trixi Golt,5 Grasskamp Park,78210,TX,tgolthq@ezinearticles.com
640,Gwenni Taggerty,4725 Russell Court,23242,VA,gtaggertyhr@mtv.com
641,Kathrine Rosettini,0714 Waubesa Road,46620,IN,krosettinihs@ftc.gov
642,Antoine Ladell,81 5th Circle,29610,SC,aladellht@privacy.gov.au
643,Bastian Chevins,510 Acker Park,16534,PA,bchevinshu@ezinearticles.com
644,Stefan Khristoforov,045 Tennyson Crossing,12222,NY,skhristoforovhv@npr.org
645,Harris McGuinness,21 Upham Park,30380,GA,hmcguinnesshw@bloglovin.com
646,Maynord Boodell,656 Washington Street,40618,KY,mboodellhx@webeden.co.uk
647,Reggis Aughton,40487 Carberry Avenue,78240,TX,raughtonhy@instagram.com
648,Bengt Koubek,695 Ruskin Place,75074,TX,bkoubekhz@cam.ac.uk
649,Jane Petracci,4 Sachtjen Way,32813,FL,jpetraccii0@issuu.com
650,Bess Ubsdell,655 Clyde Gallagher Junction,98206,WA,bubsdelli1@boston.com
651,Adelaide Pipes,43336 Old Shore Junction,93786,CA,apipesi2@google.com.br
652,Henrik McNirlan,3763 Dwight Street,06533,CT,hmcnirlani3@forbes.com
653,Ebba Povah,91 Twin Pines Alley,99507,AK,epovahi4@netvibes.com
654,Renate Guiden,005 Nelson Place,59771,MT,rguideni5@miitbeian.gov.cn
655,Dino Carse,65 Michigan Center,78285,TX,dcarsei6@photobucket.com
656,Rubina Hackey,8 Mayfield Street,78215,TX,rhackeyi7@aboutads.info
657,Robby Lentsch,9191 Esch Circle,20414,DC,rlentschi8@shareasale.com
658,Drucy Bundey,3277 Lakewood Parkway,64149,MO,dbundeyi9@vinaora.com
659,Pearce Feeney,6 Graedel Terrace,74141,OK,pfeeneyia@typepad.com
660,Pattin Redhead,398 Vidon Court,99709,AK,predheadib@sciencedaily.com
661,Cathleen Cafferty,843 Kings Plaza,14683,NY,ccaffertyic@cyberchimps.com
662,Shamus Debell,4 Caliangt Terrace,63150,MO,sdebellid@live.com
663,Cecilia Southwood,06477 Elmside Street,38126,TN,csouthwoodie@angelfire.com
664,Dodi McGookin,795 Mayer Way,21684,MD,dmcgookinif@feedburner.com
665,Marcile Edelheid,5578 Bayside Street,46015,IN,medelheidig@jalbum.net
666,Myranda Hunton,31533 Oak Terrace,53779,WI,mhuntonih@cdbaby.com
667,Ruthie Cast,3777 Spenser Park,33180,FL,rcastii@nhs.uk
668,Ramon Rosenkranc,49 Beilfuss Place,23514,VA,rrosenkrancij@soup.io
669,Austen Hibling,03493 Buell Avenue,30316,GA,ahiblingik@histats.com
670,Brady Shiell,854 Havey Point,33315,FL,bshiellil@hostgator.com
671,Hurlee Risebarer,17018 3rd Junction,70820,LA,hrisebarerim@admin.ch
672,Arielle Trowl,8302 Vidon Hill,48092,MI,atrowlin@livejournal.com
673,Timothea Macauley,561 Vera Drive,93704,CA,tmacauleyio@bloglovin.com
674,Di Abbie,20 Longview Court,06160,CT,dabbieip@ustream.tv
675,Allister Fritchley,7969 6th Center,78769,TX,afritchleyiq@bigcartel.com
676,Hebert Willowby,9881 Pine View Plaza,95113,CA,hwillowbyir@skype.com
677,Kellen Somerton,200 Clyde Gallagher Lane,19115,PA,ksomertonis@mysql.com
678,Tiler Reightley,8 Shoshone Parkway,12237,NY,treightleyit@ocn.ne.jp
679,Ddene Genicke,3 Hermina Terrace,23705,VA,dgenickeiu@addtoany.com
680,Harli Pantin,545 Anniversary Drive,84110,UT,hpantiniv@naver.com
681,Duke Campelli,805 Fulton Crossing,39534,MS,dcampelliiw@godaddy.com
682,Tildi Leathard,8 Lake View Way,33673,FL,tleathardix@trellian.com
683,Jourdan Lloyd,7 Sugar Point,78230,TX,jlloydiy@smh.com.au
684,Skipton Rodders,1241 Cordelia Avenue,38168,TN,sroddersiz@hibu.com
685,Yovonnda Jobbins,6 Grayhawk Circle,80044,CO,yjobbinsj0@yahoo.com
686,Reuben Haggie,593 Orin Parkway,45249,OH,rhaggiej1@chicagotribune.com
687,Ashby Stailey,95 Victoria Road,55573,MN,astaileyj2@paginegialle.it
688,Delia Keggin,90644 Ruskin Park,95108,CA,dkegginj3@xrea.com
689,Bryanty Caves,8 Cambridge Circle,02109,MA,bcavesj4@nba.com
690,Nicoli Fernihough,16 Anzinger Street,60158,IL,nfernihoughj5@skyrock.com
691,Tracie Tinkham,31 Barnett Trail,40505,KY,ttinkhamj6@mapy.cz
692,Lillis Fotherby,178 Barby Street,95973,CA,lfotherbyj7@goodreads.com
693,Ahmed Storrs,676 Grim Hill,24040,VA,astorrsj8@zimbio.com
694,Silvia Spittle,684 Boyd Drive,25336,WV,sspittlej9@163.com
695,Bard Dews,038 Loomis Road,45208,OH,bdewsja@senate.gov
696,Harriet Downgate,83989 Marcy Plaza,97240,OR,hdowngatejb@state.gov
697,Minda Caville,74439 Dawn Plaza,15286,PA,mcavillejc@sitemeter.com
698,Elvina Cantua,3 Granby Place,49505,MI,ecantuajd@chronoengine.com
699,Vikky Edghinn,08 Killdeer Court,80015,CO,vedghinnje@europa.eu
700,Hubert Lasham,095 Esker Point,88006,NM,hlashamjf@yellowpages.com
701,Taylor Andrews,9 Manitowish Street,76004,TX,tandrewsjg@alexa.com
702,Caz Stanger,69501 Grayhawk Court,12222,NY,cstangerjh@alexa.com
703,Yolanda Varian,706 Milwaukee Circle,29215,SC,yvarianji@theguardian.com
704,Ximenes Guage,2 Bayside Center,06673,CT,xguagejj@engadget.com
705,Jilly Rubee,358 Corry Place,14220,NY,jrubeejk@addtoany.com
706,Virginia Morewood,43 Golf Lane,49505,MI,vmorewoodjl@1688.com
707,Melania Dinnage,41 Waubesa Parkway,53726,WI,mdinnagejm@msn.com
708,Kane Thom,99 Dwight Court,53205,WI,kthomjn@issuu.com
709,Zaneta Meachan,2 Columbus Drive,03804,NH,zmeachanjo@123-reg.co.uk
710,Jerry Goodband,25 Anthes Avenue,01114,MA,jgoodbandjp@delicious.com
711,Brandice Shawell,33 Hoffman Park,32314,FL,bshawelljq@theguardian.com
712,Prue Camerana,8005 Warner Trail,92883,CA,pcameranajr@mozilla.com
713,Maressa Leakner,1125 Homewood Park,32854,FL,mleaknerjs@ca.gov
714,Boris Clineck,30 Melody Street,70820,LA,bclineckjt@g.co
715,Trixi McNee,2 Portage Place,14905,NY,tmcneeju@virginia.edu
716,Dale Brezlaw,82836 Grover Road,70174,LA,dbrezlawjv@ovh.net
717,Sauveur Dorow,55867 Ramsey Circle,27264,NC,sdorowjw@washingtonpost.com
718,Roch Egerton,9533 Bluestem Court,66105,KS,regertonjx@free.fr
719,Dominick Lewsey,718 Prairie Rose Center,33261,FL,dlewseyjy@oakley.com
720,Sharlene Hartil,01 John Wall Trail,46226,IN,shartiljz@g.co
721,Cati Pestricke,56640 Granby Lane,97271,OR,cpestrickek0@wufoo.com
722,Rey Cockerell,813 Sugar Court,90071,CA,rcockerellk1@opera.com
723,Estell Buske,2 Buhler Center,23504,VA,ebuskek2@patch.com
724,Prudy Woofinden,14 Anniversary Plaza,89714,NV,pwoofindenk3@reuters.com
725,Sheppard Mablestone,16 Straubel Way,20525,DC,smablestonek4@soundcloud.com
726,Karilynn Merrilees,9011 Dahle Road,44505,OH,kmerrileesk5@businessweek.com
727,Martin Edlyn,72 Farwell Junction,78245,TX,medlynk6@newsvine.com
728,Kimbell Tchir,787 Kennedy Place,46896,IN,ktchirk7@php.net
729,Batsheva O'Rodane,32235 Dapin Lane,90610,CA,borodanek8@qq.com
730,Kathi McAmish,8809 Quincy Lane,21211,MD,kmcamishk9@xing.com
731,Cele Landall,2114 International Road,46805,IN,clandallka@earthlink.net
732,Genny Crichmer,610 Briar Crest Point,92717,CA,gcrichmerkb@oracle.com
733,Deedee Marciek,2347 Di Loreto Terrace,92137,CA,dmarciekkc@princeton.edu
734,Butch Aves,8903 Cody Point,38188,TN,baveskd@dyndns.org
735,Cirstoforo Goodhand,046 Acker Circle,23213,VA,cgoodhandke@imgur.com
736,Zara Fehely,5585 Calypso Parkway,32520,FL,zfehelykf@clickbank.net
737,Conrad Simonett,47 Erie Drive,32891,FL,csimonettkg@scribd.com
738,Montague Tuffin,640 Northview Road,92410,CA,mtuffinkh@google.co.jp
739,Colas Kinsey,2 Sutherland Crossing,92196,CA,ckinseyki@mapquest.com
740,Marilyn Lodder,0112 Scofield Park,60609,IL,mlodderkj@ezinearticles.com
741,Osgood Pavlenkov,851 Huxley Street,79955,TX,opavlenkovkk@opera.com
742,Theo Giral,36 Arkansas Terrace,76016,TX,tgiralkl@nsw.gov.au
743,Xenia Andreassen,0374 Lerdahl Park,10606,NY,xandreassenkm@cbc.ca
744,Giacobo Hayer,7 Talmadge Junction,76192,TX,ghayerkn@state.gov
745,Aida Conford,60 Toban Hill,75353,TX,aconfordko@woothemes.com
746,Godart Guillot,29425 Ruskin Plaza,29319,SC,gguillotkp@ameblo.jp
747,Kane Luton,25961 Stoughton Court,75310,TX,klutonkq@wikimedia.org
748,Sylas Hellsdon,9 Old Gate Avenue,72209,AR,shellsdonkr@hp.com
749,Aile Itzkowicz,51693 Messerschmidt Center,78296,TX,aitzkowiczks@reddit.com
750,Thomasina Ojeda,3 Debra Plaza,29625,SC,tojedakt@opensource.org
751,Abbie Rex,93 Kingsford Lane,84152,UT,arexku@dropbox.com
752,Vinson Crosen,44 Brickson Park Court,85205,AZ,vcrosenkv@addtoany.com
753,Lauree Dowdle,7811 Canary Drive,28230,NC,ldowdlekw@ustream.tv
754,Lari Pauly,3 Derek Trail,31914,GA,lpaulykx@nationalgeographic.com
755,Pryce Tettersell,4078 Haas Street,55172,MN,ptettersellky@zdnet.com
756,Kristos Wickey,14682 Mallard Street,89074,NV,kwickeykz@g.co
757,Curry Lugton,2353 Heath Court,37220,TN,clugtonl0@ning.com
758,Drugi Portingale,77 Gale Drive,32595,FL,dportingalel1@netvibes.com
759,Vidovic Corbyn,423 Carioca Pass,36616,AL,vcorbynl2@noaa.gov
760,Stace Arrandale,621 Bonner Circle,90071,CA,sarrandalel3@ocn.ne.jp
761,Arv Penticoot,777 Blackbird Road,61614,IL,apenticootl4@wsj.com
762,Levy Shalcros,97 Forest Drive,55428,MN,lshalcrosl5@trellian.com
763,Addia Deaconson,78811 Florence Pass,53225,WI,adeaconsonl6@yale.edu
764,Karla Moulin,267 Utah Avenue,11480,NY,kmoulinl7@sciencedirect.com
765,Reynolds Wetherald,44623 Corscot Street,10175,NY,rwetheraldl8@cnn.com
766,Paige Langlais,615 Arrowood Park,75265,TX,planglaisl9@walmart.com
767,Wilmer Ridesdale,64 Almo Drive,97221,OR,wridesdalela@booking.com
768,Rowena McIvor,58786 Shasta Center,93584,CA,rmcivorlb@prweb.com
769,Terrijo Corp,863 Green Ridge Park,99215,WA,tcorplc@guardian.co.uk
770,Guntar Parvin,212 Moland Pass,43699,OH,gparvinld@scientificamerican.com
771,Fredi Hopfner,17 Prentice Hill,22036,VA,fhopfnerle@narod.ru
772,Kimbell Nehls,78 Pepper Wood Park,75241,TX,knehlslf@intel.com
773,Jorrie Barnicott,33489 8th Pass,62756,IL,jbarnicottlg@so-net.ne.jp
774,Nonah Jarrad,175 Coolidge Avenue,80150,CO,njarradlh@multiply.com
775,Halie Sollett,0050 Shoshone Street,93291,CA,hsollettli@youtu.be
776,Alfred Ascroft,15580 Fulton Center,56372,MN,aascroftlj@hao123.com
777,Konrad Boundy,882 Colorado Terrace,99522,AK,kboundylk@businessweek.com
778,Cob Frostick,690 Oxford Lane,20456,DC,cfrostickll@ucsd.edu
779,Sasha Ithell,0 Reinke Avenue,31106,GA,sithelllm@skype.com
780,Brietta Glenn,0 Morrow Road,01152,MA,bglennln@sitemeter.com
781,Murdoch Bredes,86722 Nevada Trail,50335,IA,mbredeslo@yellowbook.com
782,Leone Hebbron,77981 Union Drive,71137,LA,lhebbronlp@tuttocitta.it
783,Magdalena Freake,47 Red Cloud Center,40505,KY,mfreakelq@topsy.com
784,Clarey Wicks,62751 Tennyson Place,31217,GA,cwickslr@cbc.ca
785,Berkley Tolomei,7626 Stuart Park,40250,KY,btolomeils@thetimes.co.uk
786,Jayme Huby,3 Nova Junction,65211,MO,jhubylt@taobao.com
787,Janith Viveash,295 Orin Park,21203,MD,jviveashlu@seesaa.net
788,Alice Nesbitt,660 Northport Pass,46896,IN,anesbittlv@1688.com
789,Druci McArley,7251 Golden Leaf Terrace,68197,NE,dmcarleylw@goo.ne.jp
790,Dulsea Loudwell,771 Lindbergh Pass,27626,NC,dloudwelllx@goo.gl
791,Jodi Gilchrest,69 Lake View Point,92132,CA,jgilchrestly@sourceforge.net
792,Johann Brisbane,88114 Thierer Street,80204,CO,jbrisbanelz@nymag.com
793,Ginny Rosingdall,16010 Amoth Point,18505,PA,grosingdallm0@stumbleupon.com
794,Forest Takis,274 Loomis Alley,53205,WI,ftakism1@dmoz.org
795,Eve Enders,057 Oakridge Park,35295,AL,eendersm2@paypal.com
796,Issy McAndrew,15817 Eliot Circle,50706,IA,imcandrewm3@yellowbook.com
797,Flinn Sanchiz,67480 Amoth Street,68134,NE,fsanchizm4@blogger.com
798,Simonne Riccione,550 Jay Plaza,46867,IN,sriccionem5@foxnews.com
799,Loraine Oxtoby,2294 Holy Cross Drive,93399,CA,loxtobym6@e-recht24.de
800,Raimondo Broadberry,42570 Norway Maple Pass,32526,FL,rbroadberrym7@people.com.cn
801,Shawnee Wylie,94 Lukken Terrace,66160,KS,swyliem8@buzzfeed.com
802,Deane McCrillis,93027 Hauk Center,17105,PA,dmccrillism9@plala.or.jp
803,Pacorro Maffioni,18 Charing Cross Trail,43615,OH,pmaffionima@techcrunch.com
804,Nichols Bilson,54 Shoshone Alley,20016,DC,nbilsonmb@livejournal.com
805,Solomon Yalden,481 Green Way,70616,LA,syaldenmc@vimeo.com
806,Tommie Jackett,22577 Nobel Road,78205,TX,tjackettmd@home.pl
807,Gerladina Blakeley,9 Maywood Pass,53285,WI,gblakeleyme@unblog.fr
808,Benjamen Grafton-Herbert,40 Algoma Plaza,97211,OR,bgraftonherbertmf@slate.com
809,Marietta Chritchlow,4 Sugar Plaza,06854,CT,mchritchlowmg@pbs.org
810,Ardis Pavlenko,8 Arizona Point,73152,OK,apavlenkomh@abc.net.au
811,Justino Bamlett,0541 Bowman Plaza,20078,DC,jbamlettmi@techcrunch.com
812,Anabella Budgeon,6138 Maple Park,94807,CA,abudgeonmj@bluehost.com
813,Goober Jervoise,1403 Barnett Street,86305,AZ,gjervoisemk@merriam-webster.com
814,Avivah Sussans,3 Buena Vista Street,89036,NV,asussansml@fastcompany.com
815,Jeremias Saxon,7 Spaight Alley,33405,FL,jsaxonmm@addtoany.com
816,Giffy Dalgarnowch,67 Anthes Drive,95194,CA,gdalgarnowchmn@ted.com
817,Jareb Brettoner,1115 Haas Alley,60619,IL,jbrettonermo@nyu.edu
818,Erinna Pluvier,2828 Bayside Parkway,85715,AZ,epluviermp@huffingtonpost.com
819,Cecile Taffs,8752 Kings Point,33906,FL,ctaffsmq@spiegel.de
820,Ede Scamadin,2 Donald Place,98115,WA,escamadinmr@rambler.ru
821,Sigismundo Petrulis,95 Sullivan Junction,14683,NY,spetrulisms@google.com.br
822,Cherri Domke,617 Longview Court,94705,CA,cdomkemt@ca.gov
823,Bryant Hussell,9 Talmadge Avenue,23514,VA,bhussellmu@theatlantic.com
824,Deerdre Girardeau,04 Mosinee Street,68124,NE,dgirardeaumv@unesco.org
825,Idette Rayer,99156 Portage Drive,70826,LA,irayermw@netscape.com
826,Adriaens Dmitriev,7 Arkansas Pass,93591,CA,admitrievmx@seattletimes.com
827,Noell Fyndon,968 Anthes Lane,80995,CO,nfyndonmy@apache.org
828,Adaline Castillo,508 Daystar Crossing,43656,OH,acastillomz@youku.com
829,Vickie Staniforth,82904 Havey Parkway,89036,NV,vstaniforthn0@japanpost.jp
830,Debee Moncrieffe,27359 Hermina Park,65110,MO,dmoncrieffen1@altervista.org
831,Gnni Durram,08731 Messerschmidt Court,31416,GA,gdurramn2@about.me
832,Haily Tabard,26 Cordelia Center,22903,VA,htabardn3@buzzfeed.com
833,Elyn Joscelyn,44 Ilene Point,85715,AZ,ejoscelynn4@ucsd.edu
834,Elinor Fyrth,5711 Sullivan Street,85255,AZ,efyrthn5@dmoz.org
835,Paulo Hodgets,0514 Hoard Road,78225,TX,phodgetsn6@cafepress.com
836,Tiler Issitt,9 Heath Terrace,15240,PA,tissittn7@icq.com
837,Josh Pidgeley,1 Dwight Way,27658,NC,jpidgeleyn8@epa.gov
838,Giustino Cuckson,309 Golden Leaf Hill,98481,WA,gcucksonn9@bigcartel.com
839,Ilise Pigrome,79247 Sachtjen Point,75044,TX,ipigromena@discovery.com
840,Fletch Slimme,926 Summer Ridge Center,77075,TX,fslimmenb@kickstarter.com
841,Standford Libbis,93 Bayside Trail,79605,TX,slibbisnc@berkeley.edu
842,Denny Catcheside,28777 Lunder Terrace,79916,TX,dcatchesidend@dailymail.co.uk
843,Elvera Scally,505 Melvin Center,77212,TX,escallyne@tmall.com
844,Lesley Hegarty,60 Anderson Center,98104,WA,lhegartynf@com.com
845,Joanna Gutman,6615 Bluejay Place,92110,CA,jgutmanng@storify.com
846,Gardy Pre,474 Grasskamp Drive,79968,TX,gprenh@addthis.com
847,Tracie Piggrem,03149 Meadow Valley Hill,33633,FL,tpiggremni@zdnet.com
848,Jackquelin Semarke,43869 Cambridge Crossing,32605,FL,jsemarkenj@answers.com
849,Hazel Reaveley,3 Monterey Place,10110,NY,hreaveleynk@clickbank.net
850,Brittan Grunbaum,4141 Goodland Pass,19125,PA,bgrunbaumnl@artisteer.com
851,Tiertza Beyer,9020 Trailsway Junction,79923,TX,tbeyernm@people.com.cn
852,Berna Whitley,23 Sherman Plaza,36195,AL,bwhitleynn@bandcamp.com
853,Fey Bulgen,1094 Grasskamp Street,16505,PA,fbulgenno@examiner.com
854,Gideon Olexa,2 Cordelia Center,77045,TX,golexanp@nih.gov
855,Rois Legrice,10 Comanche Court,73147,OK,rlegricenq@surveymonkey.com
856,Alejandrina Perillio,7 Duke Drive,02109,MA,aperillionr@arstechnica.com
857,Halette Sloey,12 Muir Avenue,30022,GA,hsloeyns@goodreads.com
858,Gwenora Paoletti,0436 High Crossing Hill,96820,HI,gpaolettint@networksolutions.com
859,Skylar Clapison,1 Delaware Avenue,20051,DC,sclapisonnu@163.com
860,Alysa Calbaithe,60344 Kings Avenue,22244,VA,acalbaithenv@etsy.com
861,Marlene Lempke,0193 Summerview Plaza,06145,CT,mlempkenw@sakura.ne.jp
862,Cthrine Zienkiewicz,335 Loomis Avenue,48956,MI,czienkiewicznx@paypal.com
863,Towny Guyton,94077 Dovetail Court,93291,CA,tguytonny@ovh.net
864,Rand Mumford,7 Schmedeman Drive,18514,PA,rmumfordnz@fema.gov
865,Kelly Stonnell,42 Meadow Vale Road,89074,NV,kstonnello0@newyorker.com
866,Henrik de Bullion,3164 Del Mar Place,93794,CA,hdeo1@wsj.com
867,Gerty Jallin,591 Erie Terrace,77713,TX,gjallino2@freewebs.com
868,Antonina Figgs,2 North Way,80905,CO,afiggso3@house.gov
869,Brianna Bauchop,55368 Bunting Crossing,38197,TN,bbauchopo4@webmd.com
870,Melissa Dalwood,7 Meadow Valley Pass,77293,TX,mdalwoodo5@virginia.edu
871,Onida Harston,0296 Kings Crossing,10131,NY,oharstono6@a8.net
872,Marilyn Signori,61540 Dakota Drive,78778,TX,msignorio7@google.ca
873,Arlin Folomin,864 Lillian Alley,91131,CA,afolomino8@princeton.edu
874,Beryl Scain,82151 Lukken Circle,63196,MO,bscaino9@cafepress.com
875,Micah Valerius,4442 Prairie Rose Road,23277,VA,mvaleriusoa@skype.com
876,Barclay Fountaine,9 7th Road,71115,LA,bfountaineob@webmd.com
877,Chloris Schwaiger,621 Delaware Hill,10459,NY,cschwaigeroc@noaa.gov
878,Derward Tolomelli,91 Hauk Center,63158,MO,dtolomelliod@cloudflare.com
879,Peirce Addison,91653 Judy Road,47725,IN,paddisonoe@over-blog.com
880,Fenelia Aron,55539 Birchwood Parkway,97240,OR,faronof@dagondesign.com
881,Lemmy Burwell,11 Bonner Trail,95155,CA,lburwellog@tiny.cc
882,Darwin Swatten,79521 Hudson Court,61629,IL,dswattenoh@seattletimes.com
883,Cull Paynton,23 Westend Crossing,15210,PA,cpayntonoi@webmd.com
884,Rosalinde Smallshaw,2 Northland Parkway,74184,OK,rsmallshawoj@answers.com
885,Vidovic Schustl,202 Cambridge Terrace,24503,VA,vschustlok@friendfeed.com
886,Osbert Kanter,2 Hudson Circle,95973,CA,okanterol@va.gov
887,Wynne Anneslie,777 Rusk Place,77343,TX,wanneslieom@hud.gov
888,Andra Spinella,1 Sutherland Parkway,33153,FL,aspinellaon@archive.org
889,Markus Nissle,5 Forest Dale Center,97312,OR,mnissleoo@eventbrite.com
890,Nicolette Paulo,225 American Parkway,43231,OH,npauloop@tripod.com
891,Durand Burnage,2858 Spohn Place,20167,VA,dburnageoq@creativecommons.org
892,Melantha Pennycock,3939 Del Mar Parkway,97221,OR,mpennycockor@t.co
893,Darwin Roskrug,4 Superior Point,77288,TX,droskrugos@sfgate.com
894,Calla Crafter,9617 American Ash Drive,19151,PA,ccrafterot@ycombinator.com
895,Leland Eveleigh,8728 Harper Road,92805,CA,leveleighou@dot.gov
896,Jerrome Clemensen,0 Carberry Plaza,23228,VA,jclemensenov@infoseek.co.jp
897,Isidore Fairlaw,6585 Schurz Way,49048,MI,ifairlawow@biglobe.ne.jp
898,Zacharie Kislingbury,0 Trailsway Pass,77240,TX,zkislingburyox@instagram.com
899,Lelah Moxom,6054 Onsgard Hill,40250,KY,lmoxomoy@latimes.com
900,Allen Dederich,25 Burning Wood Crossing,48258,MI,adederichoz@tinypic.com
901,Maxie Kellard,19817 Towne Trail,32610,FL,mkellardp0@newsvine.com
902,Tallie Rymer,56014 Oneill Hill,20430,DC,trymerp1@ibm.com
903,Ginni Brodeur,03996 Ohio Road,32255,FL,gbrodeurp2@twitpic.com
904,Marcello Kilner,93 Claremont Circle,60686,IL,mkilnerp3@oaic.gov.au
905,Em Hanaford,69585 Mockingbird Plaza,27610,NC,ehanafordp4@multiply.com
906,Bartram Curragh,762 Sachs Place,16565,PA,bcurraghp5@qq.com
907,Merwin Hards,1553 Maywood Crossing,10557,NY,mhardsp6@live.com
908,Elonore Maypole,817 Hooker Drive,95064,CA,emaypolep7@epa.gov
909,Jacquelyn Waltering,5432 Commercial Street,77705,TX,jwalteringp8@go.com
910,Rawley Teas,502 Forest Dale Point,94622,CA,rteasp9@uol.com.br
911,Theresita Stobbart,5 Doe Crossing Junction,37450,TN,tstobbartpa@networkadvertising.org
912,Clywd Potes,3190 Memorial Point,20220,DC,cpotespb@bloglines.com
913,Thorpe Hedingham,219 Monterey Avenue,08603,NJ,thedinghampc@zdnet.com
914,Valeda Laugharne,80052 Acker Park,55417,MN,vlaugharnepd@sina.com.cn
915,Karin Freegard,0116 Autumn Leaf Alley,30356,GA,kfreegardpe@ustream.tv
916,Pandora Banister,34 Nancy Center,06859,CT,pbanisterpf@nba.com
917,Kent Cassedy,66 Blue Bill Park Avenue,32919,FL,kcassedypg@comcast.net
918,Bonita Killoran,62 Crest Line Drive,24024,VA,bkilloranph@unblog.fr
919,Toby Blinckhorne,01531 Algoma Drive,18763,PA,tblinckhornepi@i2i.jp
920,Augie Kyndred,0657 Westport Way,30306,GA,akyndredpj@blinklist.com
921,Halley Gounet,33283 Blackbird Terrace,63169,MO,hgounetpk@biblegateway.com
922,Gilemette Verralls,391 Esch Road,89145,NV,gverrallspl@wikispaces.com
923,Nickola Lissemore,00 Bobwhite Road,78415,TX,nlissemorepm@usgs.gov
924,Cameron Beentjes,10 Roxbury Place,25709,WV,cbeentjespn@tuttocitta.it
925,Philip Colquete,10442 Ramsey Lane,85710,AZ,pcolquetepo@oaic.gov.au
926,Symon Helstrip,818 Hooker Way,11388,NY,shelstrippp@ucsd.edu
927,Artus Riba,6520 Sommers Junction,32819,FL,aribapq@nytimes.com
928,Kiele Ivanenkov,785 Sycamore Alley,93005,CA,kivanenkovpr@umn.edu
929,Joan Winspear,97994 Atwood Terrace,02405,MA,jwinspearps@newsvine.com
930,Chaunce Gradon,72 Farragut Drive,64130,MO,cgradonpt@plala.or.jp
931,Dominick Ferneyhough,462 Sachtjen Circle,44197,OH,dferneyhoughpu@disqus.com
932,Cyrus Noddle,70657 Norway Maple Lane,50330,IA,cnoddlepv@privacy.gov.au
933,Otto Prop,0 Haas Alley,06152,CT,oproppw@webnode.com
934,Austen Bultitude,557 Paget Junction,10155,NY,abultitudepx@prnewswire.com
935,Shaw Moyer,39529 Stoughton Way,32230,FL,smoyerpy@tuttocitta.it
936,Akim Doerffer,39 Lake View Center,39282,MS,adoerfferpz@canalblog.com
937,Ruggiero Farady,97793 John Wall Court,90015,CA,rfaradyq0@salon.com
938,Lavinia McNutt,793 Maryland Circle,80930,CO,lmcnuttq1@wix.com
939,Clio Longwood,5 Acker Crossing,37405,TN,clongwoodq2@arstechnica.com
940,Millard Montel,5488 Farmco Place,95852,CA,mmontelq3@themeforest.net
941,Lemmy Feige,85 Kedzie Lane,62705,IL,lfeigeq4@newyorker.com
942,Garvey Michieli,60 Weeping Birch Place,02119,MA,gmichieliq5@adobe.com
943,Danielle Andrassy,40 Mcbride Park,89519,NV,dandrassyq6@slideshare.net
944,Mateo Waplinton,4000 Dovetail Avenue,80126,CO,mwaplintonq7@google.de
945,Betsey Trimbey,2324 Barby Way,34114,FL,btrimbeyq8@friendfeed.com
946,Norbert Alyokhin,8 Fallview Trail,15225,PA,nalyokhinq9@wikispaces.com
947,Calla Heiden,39 Division Parkway,02912,RI,cheidenqa@usda.gov
948,Tobe Pemble,71387 Ramsey Junction,44555,OH,tpembleqb@hugedomains.com
949,Fanechka Kinnard,1149 Canary Park,18105,PA,fkinnardqc@ning.com
950,Dian Trayes,64 Mifflin Pass,94126,CA,dtrayesqd@fotki.com
951,Adriane Gerrill,3955 Northview Circle,98175,WA,agerrillqe@wufoo.com
952,Sigfried Warder,5772 Tennyson Drive,40233,KY,swarderqf@sitemeter.com
953,Erl Chipp,7266 Elgar Circle,72222,AR,echippqg@ameblo.jp
954,Barrett Seton,7 Pennsylvania Park,67205,KS,bsetonqh@netlog.com
955,Maury Petrosian,050 Michigan Lane,20205,DC,mpetrosianqi@europa.eu
956,Lennard Knowler,48105 Green Way,14683,NY,lknowlerqj@cpanel.net
957,Jermaine Pentecust,93553 Del Mar Point,90055,CA,jpentecustqk@amazon.com
958,Winston Noads,269 Farragut Way,73034,OK,wnoadsql@paginegialle.it
959,Almeta McCreagh,75 Anniversary Road,92835,CA,amccreaghqm@wisc.edu
960,Lola Lassey,1465 Manley Place,98464,WA,llasseyqn@bbc.co.uk
961,Felike Skyrme,367 Springs Parkway,29579,SC,fskyrmeqo@webmd.com
962,Ilysa De Simone,6915 Morrow Street,79923,TX,ideqp@marketwatch.com
963,Chandler Mycock,083 Glacier Hill Place,20062,DC,cmycockqq@comsenz.com
964,Jeffry Dikle,5454 Vahlen Way,10155,NY,jdikleqr@vinaora.com
965,Nicolea Bracey,1 Tony Drive,33647,FL,nbraceyqs@wikispaces.com
966,Tabatha Peers,8924 Starling Court,79410,TX,tpeersqt@networksolutions.com
967,Suzanna Livesey,4 Memorial Trail,08619,NJ,sliveseyqu@theglobeandmail.com
968,Morty Holde,72745 Stephen Junction,77055,TX,mholdeqv@instagram.com
969,Cherlyn Pumfrett,7863 Eliot Lane,97221,OR,cpumfrettqw@ftc.gov
970,Ninnette Cesaric,35 Forest Run Avenue,68179,NE,ncesaricqx@tiny.cc
971,Timmy Garrood,656 Gateway Way,31704,GA,tgarroodqy@360.cn
972,Lydia Woodthorpe,53 Melody Plaza,14225,NY,lwoodthorpeqz@redcross.org
973,Truman Ashard,5557 Buena Vista Trail,85246,AZ,tashardr0@indiatimes.com
974,Maximilien Izak,36885 Mayer Court,85040,AZ,mizakr1@yale.edu
975,Mareah Magee,11657 Vidon Trail,15235,PA,mmageer2@yandex.ru
976,Ella Di Dello,29 Crescent Oaks Street,33710,FL,edir3@weebly.com
977,Dominick Bertholin,6877 Little Fleur Trail,84170,UT,dbertholinr4@mozilla.com
978,Danell Walford,1 Bobwhite Hill,92668,CA,dwalfordr5@engadget.com
979,Lemuel McCorry,782 Village Green Court,72905,AR,lmccorryr6@github.com
980,Clarie Reek,08 American Crossing,95205,CA,creekr7@issuu.com
981,Tadeo Whordley,03 Esch Street,96815,HI,twhordleyr8@china.com.cn
982,Cleve Gaymer,57673 Main Way,30130,GA,cgaymerr9@rambler.ru
983,Issiah Height,5 Elka Pass,62718,IL,iheightra@wikia.com
984,Merola Klaves,527 Basil Avenue,94405,CA,mklavesrb@moonfruit.com
985,Nester Tarrier,52017 Elka Lane,44485,OH,ntarrierrc@ted.com
986,Gaby Melarkey,5360 Spaight Court,36119,AL,gmelarkeyrd@europa.eu
987,Garret Willarton,97 Jackson Place,55412,MN,gwillartonre@yale.edu
988,Karie Raubenheimer,5281 American Ash Lane,33169,FL,kraubenheimerrf@ed.gov
989,Carine Hasely,629 Autumn Leaf Court,35244,AL,chaselyrg@skype.com
990,Darleen Ilyunin,619 Macpherson Place,20430,DC,dilyuninrh@dagondesign.com
991,Jeralee Kas,5 Cody Road,55598,MN,jkasri@spotify.com
992,Prince Barnardo,368 Kedzie Lane,20910,MD,pbarnardorj@washingtonpost.com
993,Gardiner Magister,3 Hagan Park,79911,TX,gmagisterrk@hibu.com
994,Jamal Muspratt,67 Rieder Way,96820,HI,jmusprattrl@amazon.co.jp
995,Tarra Dundon,711 Roth Hill,78405,TX,tdundonrm@bandcamp.com
996,Hervey Dewitt,60666 Bellgrove Center,23285,VA,hdewittrn@craigslist.org
997,Aeriela Crocroft,012 Schurz Way,29424,SC,acrocroftro@vimeo.com
998,Sarene Radwell,31949 Petterle Point,48206,MI,sradwellrp@tumblr.com
999,Toiboid Ubach,20133 Golf View Court,92645,CA,tubachrq@miitbeian.gov.cn
1000,Rois Wallington,383 Onsgard Court,20436,DC,rwallingtonrr@walmart.com
