id,name,address,zipcode,state,email
1,Ermin Izzatt,004 Dexter Plaza,89595,NV,eizzatt0@dedecms.com
2,Angelia Izat,94 Raven Road,90050,CA,aizat1@wikia.com
3,Brigit Brumwell,0 1st Road,18505,PA,bbrumwell2@dion.ne.jp
4,Wait Worlidge,90 Blue Bill Park Avenue,98121,WA,wworlidge3@weebly.com
5,Nerissa Gilford,4677 Heath Drive,55572,MN,ngilford4@addthis.com
6,Melly Lashmore,216 Rieder Circle,76705,TX,mlashmore5@ebay.com
7,Lorinda Seabrooke,3 Clove Junction,93111,CA,lseabrooke6@reference.com
8,Etan Hutchason,9835 Elmside Street,94522,CA,ehutchason7@mozilla.org
9,Magdaia Clowes,0 East Hill,94273,CA,mclowes8@jiathis.com
10,Yank Folan,216 Badeau Drive,34210,FL,yfolan9@illinois.edu
11,Dov Jouning,0155 Emmet Way,62525,IL,djouninga@wordpress.org
12,Lexine Rean,0302 Sheridan Hill,28205,NC,lreanb@tumblr.com
13,Jeff Fiddeman,02 Brickson Park Crossing,80235,CO,jfiddemanc@privacy.gov.au
14,Ardyth Yaakov,5 Birchwood Road,91411,CA,ayaakovd@google.cn
15,Ramsey Cortese,76465 Annamark Place,99522,AK,rcortesee@dedecms.com
16,Miner Steaning,8260 Continental Parkway,04109,ME,msteaningf@cafepress.com
17,Cash Riby,88 Park Meadow Street,47747,IN,cribyg@exblog.jp
18,Gabrila Anthony,808 Atwood Road,85210,AZ,ganthonyh@cpanel.net
19,Verla Gare,0114 Bunker Hill Street,18706,PA,vgarei@tinyurl.com
20,Fred Gasken,0862 Anderson Drive,20260,DC,fgaskenj@hud.gov
21,Joly Paladino,59367 Duke Road,33315,FL,jpaladinok@hhs.gov
22,Wainwright Fend,81 Amoth Point,44177,OH,wfendl@sphinn.com
23,Grady Craigmyle,93 Truax Circle,55557,MN,gcraigmylem@discuz.net
24,Frederica Dorkin,909 Doe Crossing Road,89178,NV,fdorkinn@163.com
25,Glennis Hastwell,63 Goodland Way,65810,MO,ghastwello@nba.com
26,Randy Bradwell,47 Claremont Circle,31165,GA,rbradwellp@amazon.com
27,Maggie Bauer,4 Sage Circle,28284,NC,mbauerq@va.gov
28,Giacopo Dosdell,42 Anthes Way,20205,DC,gdosdellr@4shared.com
29,Xever Burstow,3 Utah Alley,12232,NY,xburstows@google.de
30,Meggie Tsar,127 Swallow Trail,66215,KS,mtsart@clickbank.net
31,Barbaraanne Kivlehan,016 Leroy Crossing,33715,FL,bkivlehanu@uiuc.edu
32,Boone Maffioni,7 Farragut Street,17605,PA,bmaffioniv@newyorker.com
33,Beau Rajchert,843 Dryden Court,77025,TX,brajchertw@wikimedia.org
34,Hartley Mirams,998 Riverside Pass,91205,CA,hmiramsx@homestead.com
35,Keefer Jendrassik,51875 Haas Street,46239,IN,kjendrassiky@uiuc.edu
36,Aloisia Cheetam,7 Miller Junction,79710,TX,acheetamz@booking.com
37,Krishna Yurchenko,5 Monterey Street,76598,TX,kyurchenko10@smugmug.com
38,Cherri Gladdolph,2 Twin Pines Circle,66622,KS,cgladdolph11@biglobe.ne.jp
39,Brittaney MacPake,27 Fulton Court,70607,LA,bmacpake12@tinypic.com
40,Burton Sidwell,3487 Granby Pass,32220,FL,bsidwell13@phoca.cz
41,Vernor O'Loughnan,469 Prairie Rose Court,18514,PA,voloughnan14@tmall.com
42,Kylen Fishlock,4 Mitchell Park,74193,OK,kfishlock15@behance.net
43,Robinette Mechi,33 Riverside Alley,14683,NY,rmechi16@xing.com
44,Marlow Top,32 Algoma Avenue,24503,VA,mtop17@yahoo.co.jp
45,Irwinn Bonifacio,6 Service Crossing,37914,TN,ibonifacio18@dailymail.co.uk
46,Rurik Barge,416 Hintze Drive,88541,TX,rbarge19@chronoengine.com
47,Jedd Ryson,74 Bultman Crossing,10474,NY,jryson1a@msn.com
48,Lion Boullen,2 Hoffman Park,10249,NY,lboullen1b@about.com
49,Everard Dietz,310 Katie Place,55146,MN,edietz1c@google.it
50,Lorrin Kingswood,33654 Fairfield Terrace,39305,MS,lkingswood1d@sina.com.cn
51,Karee Pegden,437 Loftsgordon Way,92105,CA,kpegden1e@delicious.com
52,Doy Jeffryes,7 Pine View Plaza,23459,VA,djeffryes1f@yolasite.com
53,Gavrielle Aleksandrov,16 1st Point,91841,CA,galeksandrov1g@latimes.com
54,Saudra Drummond,47298 Morrow Point,23454,VA,sdrummond1h@multiply.com
55,Shane Bernardotte,43 Hollow Ridge Road,78260,TX,sbernardotte1i@fda.gov
56,Callie Kendrick,0 Ronald Regan Court,28278,NC,ckendrick1j@yellowpages.com
57,Verna Lampel,714 Melrose Parkway,15250,PA,vlampel1k@patch.com
58,Mendel Riggey,3902 Paget Street,78296,TX,mriggey1l@go.com
59,Elbertina Rayner,11052 Hovde Alley,52804,IA,erayner1m@oaic.gov.au
60,Petey Rushmere,432 Spenser Circle,75265,TX,prushmere1n@ameblo.jp
61,Ogdan Camelin,4590 Superior Crossing,40745,KY,ocamelin1o@nih.gov
62,Desiri Ferry,7 Muir Terrace,91117,CA,dferry1p@list-manage.com
63,Katrinka Fosher,00654 Becker Parkway,75358,TX,kfosher1q@unc.edu
64,Gussy Lyver,52 Pepper Wood Court,20215,DC,glyver1r@hatena.ne.jp
65,Janel Schutze,6 Lerdahl Pass,55811,MN,jschutze1s@github.com
66,Ruthe Kenwood,4 Shopko Court,89178,NV,rkenwood1t@cyberchimps.com
67,Sela Powter,06 Dayton Alley,94280,CA,spowter1u@stanford.edu
68,Vern Drayn,79478 Surrey Road,19109,PA,vdrayn1v@springer.com
69,Aileen Bayman,325 Heffernan Park,79188,TX,abayman1w@craigslist.org
70,Maddalena Tetley,73 Forest Run Place,14614,NY,mtetley1x@umich.edu
71,Michel Pulman,692 Hagan Circle,51105,IA,mpulman1y@toplist.cz
72,Emerson Mougin,49854 Veith Pass,47732,IN,emougin1z@tinypic.com
73,Herminia Dubose,75 Barnett Crossing,35405,AL,hdubose20@linkedin.com
74,Sabrina Stranahan,56055 Messerschmidt Pass,95054,CA,sstranahan21@google.com.au
75,Griffin Cornu,948 Logan Hill,55811,MN,gcornu22@jugem.jp
76,Ernaline Gatteridge,6486 Service Street,10160,NY,egatteridge23@nps.gov
77,Renelle Dundridge,130 Prairie Rose Junction,30323,GA,rdundridge24@eventbrite.com
78,Fredelia Lea,36308 Waubesa Park,85205,AZ,flea25@gnu.org
79,Pen Hitscher,20 International Drive,94286,CA,phitscher26@time.com
80,Quintilla Challicum,49834 Acker Lane,30358,GA,qchallicum27@phoca.cz
81,Rafa MacLardie,11778 Amoth Court,91109,CA,rmaclardie28@hatena.ne.jp
82,Thorny Frostdicke,427 Blaine Road,23551,VA,tfrostdicke29@amazon.co.jp
83,Orella Salomon,9068 Northview Parkway,55428,MN,osalomon2a@lycos.com
84,Sheena Brigden,26 Clemons Drive,32854,FL,sbrigden2b@mashable.com
85,Balduin Bee,66946 East Drive,67260,KS,bbee2c@craigslist.org
86,Phoebe De Simoni,0 Bay Court,33405,FL,pde2d@newsvine.com
87,Lexy Whayman,346 Pearson Place,55146,MN,lwhayman2e@examiner.com
88,Bliss Rathbourne,516 Boyd Junction,53234,WI,brathbourne2f@time.com
89,Marieann Hinckley,62 Kim Avenue,93034,CA,mhinckley2g@abc.net.au
90,Sandra Dancey,9 Sullivan Place,78405,TX,sdancey2h@angelfire.com
91,Zena Sherrum,1 Carioca Park,93034,CA,zsherrum2i@vinaora.com
92,Kiri Maddinon,53790 Pierstorff Avenue,27105,NC,kmaddinon2j@indiatimes.com
93,Ellette Pitone,00688 Larry Terrace,32304,FL,epitone2k@epa.gov
94,Cybil Danko,0321 Merry Junction,60208,IL,cdanko2l@prnewswire.com
95,Thatcher Pentland,86931 Golf Road,25336,WV,tpentland2m@diigo.com
96,Stanford Daborne,203 6th Lane,77010,TX,sdaborne2n@360.cn
97,Aridatha Kleynen,5805 Anhalt Trail,20508,DC,akleynen2o@fc2.com
98,Brigit Wilson,4882 Center Lane,77388,TX,bwilson2p@is.gd
99,Aeriela Cursey,2816 Chive Parkway,32825,FL,acursey2q@uiuc.edu
100,Fields Dunphie,17470 5th Plaza,10150,NY,fdunphie2r@umich.edu
101,Egbert Brummell,17535 Truax Place,99790,AK,ebrummell2s@techcrunch.com
102,Phedra Okill,97 Kings Hill,11480,NY,pokill2t@xinhuanet.com
103,Natale Dorcey,1276 Killdeer Way,28299,NC,ndorcey2u@rakuten.co.jp
104,Gennifer McGeorge,79 Logan Road,77090,TX,gmcgeorge2v@microsoft.com
105,Margalo Murrock,7931 Alpine Road,27626,NC,mmurrock2w@independent.co.uk
106,Gwennie Rubertelli,15 Cordelia Plaza,78749,TX,grubertelli2x@pagesperso-orange.fr
107,Dalton Cutriss,328 Carpenter Alley,10160,NY,dcutriss2y@phpbb.com
108,Erena Kleinert,80169 Wayridge Road,33411,FL,ekleinert2z@examiner.com
109,Marilin Biddleston,523 Mosinee Crossing,19178,PA,mbiddleston30@bloglovin.com
110,Paxon Jinkinson,089 Claremont Park,87201,NM,pjinkinson31@mapy.cz
111,Iorgos Corlett,71 Maywood Alley,60652,IL,icorlett32@google.es
112,Darin Brodhead,2944 Goodland Way,45271,OH,dbrodhead33@usa.gov
113,Peter Brereton,86 Sage Road,33147,FL,pbrereton34@elpais.com
114,Rozelle Larkin,2863 Melvin Lane,48335,MI,rlarkin35@noaa.gov
115,Richie Tellenbroker,9436 Mitchell Junction,28220,NC,rtellenbroker36@rediff.com
116,Mia Dunsmuir,6 East Road,62764,IL,mdunsmuir37@google.cn
117,Camille Lowre,7 Village Green Park,78475,TX,clowre38@macromedia.com
118,Amata Gauchier,9 Fremont Hill,48242,MI,agauchier39@mapy.cz
119,Theodosia Benedidick,2 6th Drive,89166,NV,tbenedidick3a@clickbank.net
120,Sophi Brewer,2 Saint Paul Pass,55423,MN,sbrewer3b@php.net
121,Johann Carlile,6 Dapin Court,20022,DC,jcarlile3c@squarespace.com
122,Tiebold Jacks,932 Lake View Way,91328,CA,tjacks3d@dyndns.org
123,Ted MacAiline,09 Commercial Avenue,77025,TX,tmacailine3e@google.com.br
124,Corty Katt,5595 Cody Park,33906,FL,ckatt3f@blog.com
125,Cassandre Cove,02 Badeau Junction,71130,LA,ccove3g@dedecms.com
126,Hyacinthe Ellington,3 North Hill,72905,AR,hellington3h@earthlink.net
127,Jillian Issard,64 Warbler Crossing,78044,TX,jissard3i@salon.com
128,Omero Hamly,51 Butterfield Avenue,32964,FL,ohamly3j@cisco.com
129,Cameron Hazelhurst,9099 Heath Center,84105,UT,chazelhurst3k@telegraph.co.uk
130,Alikee Ledger,3 Dwight Junction,48275,MI,aledger3l@booking.com
131,Drusy Wearing,07 Harper Way,68134,NE,dwearing3m@businessinsider.com
132,Raymund Doble,5741 Barby Drive,23436,VA,rdoble3n@twitter.com
133,Geoff Themann,9 Rutledge Park,77713,TX,gthemann3o@wiley.com
134,Alidia McGroarty,52395 Claremont Hill,50320,IA,amcgroarty3p@columbia.edu
135,Flo Kynaston,72316 Debs Plaza,10249,NY,fkynaston3q@tiny.cc
136,Bran Spadeck,141 Killdeer Lane,20816,MD,bspadeck3r@ovh.net
137,Leontine Deware,21 Maple Wood Way,06152,CT,ldeware3s@icio.us
138,Darryl Meake,73 Gale Street,06183,CT,dmeake3t@umich.edu
139,Ignacius Gasker,73 Lake View Plaza,38109,TN,igasker3u@homestead.com
140,Kylen Cuerda,55 Warner Terrace,94110,CA,kcuerda3v@altervista.org
141,Zachariah Gauford,50999 Graedel Pass,33069,FL,zgauford3w@bizjournals.com
142,Shannan Tersay,331 Summer Ridge Trail,97312,OR,stersay3x@networkadvertising.org
143,Martyn Pocock,8 Cherokee Place,30610,GA,mpocock3y@github.com
144,Min Knobell,4 Melrose Terrace,64114,MO,mknobell3z@tiny.cc
145,Ulrich Rowena,504 Luster Plaza,36205,AL,urowena40@un.org
146,Nolan Farrand,27864 Moulton Pass,10131,NY,nfarrand41@hhs.gov
147,Aindrea Aldwich,2613 Cherokee Junction,50347,IA,aaldwich42@abc.net.au
148,Gertrudis Bride,0 Express Alley,64109,MO,gbride43@umich.edu
149,Cesare McNirlan,800 Bultman Trail,64160,MO,cmcnirlan44@edublogs.org
150,Averill Holdworth,5 Kedzie Lane,46896,IN,aholdworth45@marketwatch.com
151,Spike Vidgeon,637 Stuart Circle,36622,AL,svidgeon46@nps.gov
152,Brynne Tipper,32 Gerald Plaza,70116,LA,btipper47@addthis.com
153,Guthry Prewett,72323 Shasta Terrace,70616,LA,gprewett48@cam.ac.uk
154,Deena Petcher,68412 7th Plaza,20226,DC,dpetcher49@youku.com
155,Linell Demeza,01 Bobwhite Way,65105,MO,ldemeza4a@ycombinator.com
156,Ewan Libermore,25 Hooker Pass,20456,DC,elibermore4b@tmall.com
157,Idalina Ride,215 Duke Center,44511,OH,iride4c@usgs.gov
158,Aloin Mantripp,9 Green Ridge Trail,51110,IA,amantripp4d@uiuc.edu
159,Jere Corran,79068 Wayridge Alley,14210,NY,jcorran4e@ucla.edu
160,Cobbie Foulgham,1 Debs Road,19184,PA,cfoulgham4f@elpais.com
161,Clarabelle De Bernardis,89777 Kipling Circle,40581,KY,cde4g@homestead.com
162,Dimitry De Carlo,29397 Dunning Road,55572,MN,dde4h@icio.us
163,Elvina Baseggio,4 Troy Center,55805,MN,ebaseggio4i@admin.ch
164,Bernarr McMeanma,8 Calypso Junction,30301,GA,bmcmeanma4j@mayoclinic.com
165,Joshua Rewcastle,039 Merry Way,92805,CA,jrewcastle4k@economist.com
166,Hewet Itzik,498 Doe Crossing Road,55470,MN,hitzik4l@ehow.com
167,Helena Tilson,6 Westridge Parkway,48275,MI,htilson4m@squidoo.com
168,Freddy Cullin,519 Bonner Avenue,16107,PA,fcullin4n@yellowpages.com
169,Donetta Rudman,10229 Truax Avenue,31605,GA,drudman4o@cloudflare.com
170,Carree Dencs,1 Helena Park,10029,NY,cdencs4p@umn.edu
171,Neron Tape,5723 Linden Drive,32309,FL,ntape4q@pen.io
172,Adan Lowdham,4 Iowa Place,35905,AL,alowdham4r@spiegel.de
173,Zorine Geake,1 Lunder Plaza,10034,NY,zgeake4s@flavors.me
174,Beth Sifflett,46 Almo Crossing,77085,TX,bsifflett4t@cam.ac.uk
175,Dilan Kick,29922 Springs Crossing,35810,AL,dkick4u@wp.com
176,Baily Cluett,64 Schmedeman Avenue,37205,TN,bcluett4v@telegraph.co.uk
177,Gar Saddleton,29153 Clemons Road,24014,VA,gsaddleton4w@senate.gov
178,Natalya Parkman,4 Weeping Birch Way,85383,AZ,nparkman4x@nytimes.com
179,Greggory Cotgrave,445 Monument Avenue,79452,TX,gcotgrave4y@facebook.com
180,Marylinda Harriskine,6326 Messerschmidt Park,32627,FL,mharriskine4z@merriam-webster.com
181,Roi Girardini,3 Iowa Park,33310,FL,rgirardini50@reverbnation.com
182,Joshua Hallworth,00 Valley Edge Way,45218,OH,jhallworth51@disqus.com
183,Gloriana Iglesias,3 Buena Vista Terrace,77266,TX,giglesias52@multiply.com
184,Willie Sowrah,2 Declaration Circle,50706,IA,wsowrah53@kickstarter.com
185,Rolando Sidary,3 Northview Circle,89714,NV,rsidary54@jalbum.net
186,Alyosha Randall,8055 Carey Trail,60609,IL,arandall55@e-recht24.de
187,Dickie Ballach,140 Grim Court,12222,NY,dballach56@sohu.com
188,Heather Barta,919 Sunnyside Lane,84145,UT,hbarta57@dyndns.org
189,Laverne Fountain,4691 Katie Hill,98109,WA,lfountain58@indiegogo.com
190,Gustav Copner,070 Bartelt Lane,48232,MI,gcopner59@typepad.com
191,Payton Dutteridge,77033 Logan Road,99790,AK,pdutteridge5a@seesaa.net
192,Sandor Perrett,2800 Coolidge Trail,10110,NY,sperrett5b@odnoklassniki.ru
193,Donall Kirkhouse,1591 Grim Avenue,19131,PA,dkirkhouse5c@paginegialle.it
194,Carlen Paolino,355 Spohn Pass,10305,NY,cpaolino5d@cornell.edu
195,Caro Dowdney,3 Johnson Trail,90805,CA,cdowdney5e@sciencedaily.com
196,Amitie Tunstall,5 Mitchell Court,39705,MS,atunstall5f@kickstarter.com
197,Louisette Aneley,25356 1st Road,70826,LA,laneley5g@facebook.com
198,Brian Capaldo,5 Manitowish Center,55428,MN,bcapaldo5h@altervista.org
199,Elvina Haack,9 Farragut Alley,84409,UT,ehaack5i@geocities.jp
200,Udale Daburn,3 Scott Junction,72231,AR,udaburn5j@aboutads.info
201,Sallyann Elwyn,4940 Moulton Road,06520,CT,selwyn5k@adobe.com
202,Tod Middell,00 Lunder Plaza,88584,TX,tmiddell5l@163.com
203,Lucia Gilbank,367 Fuller Pass,89436,NV,lgilbank5m@tmall.com
204,Pembroke Allett,56993 School Drive,27455,NC,pallett5n@ycombinator.com
205,Ilyssa Iannello,080 Westend Parkway,76210,TX,iiannello5o@amazon.com
206,Rita Mangham,53025 Dayton Center,89115,NV,rmangham5p@github.io
207,Holli Eichmann,7083 Northfield Avenue,79415,TX,heichmann5q@spiegel.de
208,Manny Climie,1839 Mendota Drive,97405,OR,mclimie5r@cam.ac.uk
209,Odetta Mourant,4708 Oakridge Place,19151,PA,omourant5s@com.com
210,Tomasina Carlyon,48219 4th Parkway,62794,IL,tcarlyon5t@hhs.gov
211,Nelia Bozier,8 Oneill Circle,75241,TX,nbozier5u@illinois.edu
212,Daffie Dunbabin,4851 Esch Avenue,34745,FL,ddunbabin5v@fastcompany.com
213,Candace Featenby,0055 Anthes Pass,23454,VA,cfeatenby5w@google.ru
214,Gregory Neeson,619 Comanche Point,32813,FL,gneeson5x@people.com.cn
215,April Addinall,83668 Hintze Place,77070,TX,aaddinall5y@163.com
216,Ryann Lundbeck,02 Center Alley,75226,TX,rlundbeck5z@theglobeandmail.com
217,Pyotr Naylor,96467 Oakridge Trail,55573,MN,pnaylor60@bluehost.com
218,Alta Selbie,6 Shoshone Park,07104,NJ,aselbie61@reddit.com
219,Dena Yglesia,96 Banding Circle,37240,TN,dyglesia62@opera.com
220,Tabby Tennick,7 Hansons Court,10292,NY,ttennick63@techcrunch.com
221,Jone Meader,02 Gerald Center,74133,OK,jmeader64@hexun.com
222,Ruben Burgot,32 Mosinee Junction,89178,NV,rburgot65@bloglovin.com
223,Latia Chart,793 West Hill,76598,TX,lchart66@hatena.ne.jp
224,Loydie Wederell,93 Crescent Oaks Crossing,91499,CA,lwederell67@msu.edu
225,Louise Bass,0157 Rowland Hill,22908,VA,lbass68@bloomberg.com
226,Howard Aldgate,17 Elka Parkway,94544,CA,haldgate69@nymag.com
227,Vinny Bockh,95 Everett Trail,55412,MN,vbockh6a@sogou.com
228,Marwin Snyder,8137 Butternut Drive,27710,NC,msnyder6b@sbwire.com
229,Conni Pavitt,2 Lotheville Terrace,76134,TX,cpavitt6c@geocities.jp
230,Nessy Swenson,25 Moulton Crossing,32590,FL,nswenson6d@sogou.com
231,Veronique Pogosian,94 Crescent Oaks Park,97296,OR,vpogosian6e@netscape.com
232,Chase Polding,8640 Corben Point,38168,TN,cpolding6f@about.me
233,Rodie Baumer,989 Hollow Ridge Road,77240,TX,rbaumer6g@creativecommons.org
234,Chiarra Perkin,45610 Corscot Junction,29411,SC,cperkin6h@barnesandnoble.com
235,Cary Sedgeworth,4160 Southridge Point,94405,CA,csedgeworth6i@arizona.edu
236,Marya Stickings,95 Stephen Point,33147,FL,mstickings6j@wp.com
237,Maison Crosthwaite,8 Sundown Center,92668,CA,mcrosthwaite6k@goodreads.com
238,Joachim Bee,624 Reindahl Parkway,85083,AZ,jbee6l@a8.net
239,Kordula McKinty,5861 Victoria Plaza,37205,TN,kmckinty6m@kickstarter.com
240,Michael Flaws,73 Golf Course Circle,93726,CA,mflaws6n@indiegogo.com
241,Dominick Damarell,396 Grayhawk Point,33124,FL,ddamarell6o@apple.com
242,Michal Downs,4625 Leroy Pass,91520,CA,mdowns6p@oakley.com
243,Kristan Bogeys,6 Del Mar Road,94627,CA,kbogeys6q@businessinsider.com
244,Eleonore Crake,73 Butterfield Junction,10203,NY,ecrake6r@soup.io
245,Jeannette Ruffli,5 New Castle Pass,85260,AZ,jruffli6s@cafepress.com
246,Etienne Georgiades,8125 Roth Avenue,23237,VA,egeorgiades6t@buzzfeed.com
247,Simeon Wreight,39 Texas Drive,78726,TX,swreight6u@theguardian.com
248,Nerissa Dowdney,816 8th Park,23225,VA,ndowdney6v@wordpress.com
249,Eugen Sandyfirth,1 Stuart Lane,34135,FL,esandyfirth6w@parallels.com
250,Anita Bauld,3488 Coleman Road,32412,FL,abauld6x@geocities.com
251,Em Norvell,9265 Rowland Trail,12325,NY,enorvell6y@imageshack.us
252,Aldwin Cratchley,5550 Old Gate Road,37939,TN,acratchley6z@skype.com
253,Gardie Flaverty,107 Hauk Place,20205,DC,gflaverty70@arstechnica.com
254,Luz Bacchus,19026 Jana Way,68117,NE,lbacchus71@lycos.com
255,Matthias Bradman,5 Schurz Circle,98664,WA,mbradman72@e-recht24.de
256,Lorianna Grayland,26 Toban Court,95818,CA,lgrayland73@yellowpages.com
257,Margaretta Korneev,63506 Oriole Trail,19810,DE,mkorneev74@gov.uk
258,Louisette Oyley,2291 Mayfield Drive,32505,FL,loyley75@opensource.org
259,Shandeigh Levene,5 Hanover Place,78764,TX,slevene76@nymag.com
260,Gail Byrnes,57226 Larry Street,38143,TN,gbyrnes77@163.com
261,Maurie Naptin,2337 Towne Trail,48211,MI,mnaptin78@uol.com.br
262,Cass Authers,0 Northwestern Lane,79159,TX,cauthers79@disqus.com
263,Dody Brumhead,6 Burning Wood Junction,50330,IA,dbrumhead7a@google.com.hk
264,Carlye Ghost,5018 Manufacturers Avenue,93740,CA,cghost7b@shareasale.com
265,Sallyanne Upsale,4414 Sunbrook Avenue,40510,KY,supsale7c@google.co.jp
266,Mildrid Cavozzi,6984 Declaration Crossing,98498,WA,mcavozzi7d@reference.com
267,Octavia Bartholomew,47 Manley Trail,10060,NY,obartholomew7e@kickstarter.com
268,Arlena Kall,6 Bowman Center,75231,TX,akall7f@storify.com
269,Rosalynd Rudall,8 Coleman Junction,08603,NJ,rrudall7g@google.com.br
270,Alexine Boissier,9777 Schurz Drive,78285,TX,aboissier7h@ca.gov
271,Eliot Rossbrook,1191 Sachtjen Lane,91210,CA,erossbrook7i@blogs.com
272,Arleyne Winham,77 Oxford Terrace,99215,WA,awinham7j@mlb.com
273,Kennith Hanscomb,5121 Holy Cross Junction,92513,CA,khanscomb7k@printfriendly.com
274,Josh Eslinger,6553 Mariners Cove Court,32859,FL,jeslinger7l@tiny.cc
275,Faustine Teasdale-Markie,07 David Junction,37995,TN,fteasdalemarkie7m@dot.gov
276,Gwyn Eirwin,417 Iowa Crossing,14210,NY,geirwin7n@godaddy.com
277,Sukey Schulken,8 Bonner Way,58122,ND,sschulken7o@360.cn
278,Lemmie Gallone,68 Maywood Way,02745,MA,lgallone7p@aboutads.info
279,Barr MacGraith,755 Melody Pass,23459,VA,bmacgraith7q@unicef.org
280,Arlinda Brydell,0005 Anzinger Center,39705,MS,abrydell7r@xinhuanet.com
281,Cassius Fairchild,9600 Cascade Point,02283,MA,cfairchild7s@ycombinator.com
282,Isaac Saines,077 Golf Alley,02124,MA,isaines7t@i2i.jp
283,Romona Ewles,30 North Parkway,94177,CA,rewles7u@g.co
284,Cass O'Day,414 Bowman Way,78250,TX,coday7v@state.gov
285,Pier Savine,39288 Columbus Terrace,28230,NC,psavine7w@mayoclinic.com
286,Jill Beig,6 Bunting Lane,35295,AL,jbeig7x@weebly.com
287,Basil Orritt,03991 7th Lane,02405,MA,borritt7y@jiathis.com
288,Loreen Licciardi,40 Lotheville Terrace,10275,NY,llicciardi7z@google.pl
289,Horatius Snawden,428 Bartillon Way,85705,AZ,hsnawden80@joomla.org
290,Northrup Broom,76609 Florence Plaza,13205,NY,nbroom81@timesonline.co.uk
291,Gare Radolf,39 East Drive,47812,IN,gradolf82@cyberchimps.com
292,Horatius Padly,700 Morrow Circle,02472,MA,hpadly83@freewebs.com
293,Jo-anne Swyndley,58 Russell Street,45426,OH,jswyndley84@behance.net
294,Marsiella Jervis,4679 Karstens Alley,67236,KS,mjervis85@netlog.com
295,Pasquale Dunbar,5181 Johnson Pass,22036,VA,pdunbar86@mozilla.org
296,Tracie Elderton,4 Old Shore Drive,91520,CA,telderton87@seattletimes.com
297,Bridgette Gardner,6 Esch Lane,02124,MA,bgardner88@jimdo.com
298,Tobey Fullager,1 Sherman Alley,20904,MD,tfullager89@google.pl
299,Deeanne Gahan,3 Hauk Avenue,80995,CO,dgahan8a@globo.com
300,Star Jeffreys,5273 Northfield Street,91406,CA,sjeffreys8b@t-online.de
301,Marcille Czajkowski,9 Manley Circle,40298,KY,mczajkowski8c@smugmug.com
302,Erroll Bubear,7 Hazelcrest Drive,22234,VA,ebubear8d@newsvine.com
303,Estevan Winchcum,24 Village Green Alley,44105,OH,ewinchcum8e@google.es
304,Leann Troyes,31985 Dorton Junction,84189,UT,ltroyes8f@deliciousdays.com
305,Emmanuel Nibley,2 Texas Crossing,35231,AL,enibley8g@google.cn
306,Fayette Durgan,1 Gulseth Circle,25356,WV,fdurgan8h@naver.com
307,Josephina Kellar,399 Grim Terrace,88546,TX,jkellar8i@indiegogo.com
308,Moll Monan,66096 Haas Lane,43268,OH,mmonan8j@1und1.de
309,Jaynell Scullin,011 Erie Way,78732,TX,jscullin8k@dion.ne.jp
310,Thorvald Brayshay,15 Comanche Pass,23454,VA,tbrayshay8l@vinaora.com
311,Benni MacClay,135 Vera Parkway,51105,IA,bmacclay8m@posterous.com
312,Sonnie Limming,2401 Hovde Terrace,30245,GA,slimming8n@topsy.com
313,Gerald Hallgath,95965 Carioca Road,95397,CA,ghallgath8o@51.la
314,Winston Alvarez,788 Stoughton Avenue,50706,IA,walvarez8p@qq.com
315,Bria Ranaghan,2499 Roth Terrace,80015,CO,branaghan8q@alexa.com
316,Benedicto Rainsden,62 Delaware Point,90005,CA,brainsden8r@elegantthemes.com
317,Kellsie Gianuzzi,8 Sunbrook Lane,90087,CA,kgianuzzi8s@buzzfeed.com
318,Adriano Stowgill,05112 Fremont Hill,29505,SC,astowgill8t@time.com
319,Parker Thaller,4838 Lindbergh Plaza,31165,GA,pthaller8u@jugem.jp
320,Abel Finnan,80 Golden Leaf Crossing,19714,DE,afinnan8v@chicagotribune.com
321,Bessy Sindell,824 Bobwhite Hill,19191,PA,bsindell8w@imageshack.us
322,Nathaniel Handford,2648 Twin Pines Trail,84189,UT,nhandford8x@hc360.com
323,Kerk Bowdidge,56 Prentice Crossing,24515,VA,kbowdidge8y@globo.com
324,Tedda Thurlbourne,356 Fair Oaks Court,84152,UT,tthurlbourne8z@nsw.gov.au
325,Eleen Twittey,26 Division Center,94042,CA,etwittey90@intel.com
326,Davine Macklin,1656 Pearson Alley,12325,NY,dmacklin91@ocn.ne.jp
327,Grethel Redit,9 Kingsford Street,32803,FL,gredit92@usatoday.com
328,Merrili Chieco,7 Huxley Court,73104,OK,mchieco93@theglobeandmail.com
329,Joana Shewery,113 Northridge Alley,79118,TX,jshewery94@reference.com
330,Fidelio Sallings,16 Ronald Regan Center,33190,FL,fsallings95@blogger.com
331,Denys Frichley,9960 Golden Leaf Park,46226,IN,dfrichley96@photobucket.com
332,Drugi Filinkov,79 Merry Street,15261,PA,dfilinkov97@webmd.com
333,Sophronia Petett,31 Karstens Terrace,14210,NY,spetett98@issuu.com
334,Crin Scemp,13927 8th Crossing,89036,NV,cscemp99@last.fm
335,Latisha Overstall,830 Hollow Ridge Hill,95823,CA,loverstall9a@whitehouse.gov
336,Georgy Sander,92 Kenwood Street,20029,DC,gsander9b@sina.com.cn
337,Gabrila Rickasse,21 Pankratz Alley,80249,CO,grickasse9c@delicious.com
338,Bree Impey,7595 Monument Crossing,70805,LA,bimpey9d@blog.com
339,Heda Wint,01400 Oak Valley Park,06127,CT,hwint9e@tamu.edu
340,Hernando Toxell,729 Mitchell Plaza,46862,IN,htoxell9f@ovh.net
341,Rayner Duding,6395 Springview Court,77260,TX,rduding9g@jalbum.net
342,Valdemar Trangmar,494 Sundown Terrace,48217,MI,vtrangmar9h@narod.ru
343,Trenton Adamov,16 Huxley Court,88589,TX,tadamov9i@ifeng.com
344,Idalia Lawee,468 Shopko Place,37228,TN,ilawee9j@cloudflare.com
345,Geoffry Aldwick,69091 Merrick Parkway,70820,LA,galdwick9k@ifeng.com
346,Emilia Fortnam,408 Iowa Pass,02283,MA,efortnam9l@twitpic.com
347,Brittney Skures,50155 Parkside Avenue,67230,KS,bskures9m@skype.com
348,Jerrilee Meegin,79790 Duke Park,92519,CA,jmeegin9n@freewebs.com
349,Creighton Petrillo,07 Buell Avenue,47705,IN,cpetrillo9o@wikipedia.org
350,Dall Bisson,109 Russell Drive,31210,GA,dbisson9p@plala.or.jp
351,Molly de Bullion,81172 Grasskamp Parkway,46614,IN,mde9q@nytimes.com
352,Dominique Whistan,4 Westport Place,98506,WA,dwhistan9r@cargocollective.com
353,Brynna McRobert,08058 Becker Alley,32885,FL,bmcrobert9s@home.pl
354,Garek Walby,3701 Surrey Alley,23514,VA,gwalby9t@jalbum.net
355,Constance Jeremaes,9362 Eagle Crest Road,10633,NY,cjeremaes9u@phoca.cz
356,Todd Wallbank,14375 Katie Point,70836,LA,twallbank9v@nps.gov
357,Cathleen Buswell,5856 Pennsylvania Alley,85260,AZ,cbuswell9w@bloomberg.com
358,Aimil Izakson,3 6th Avenue,91841,CA,aizakson9x@theguardian.com
359,Vachel Bartlett,32 Montana Terrace,35254,AL,vbartlett9y@usa.gov
360,Levy Muckart,486 Carpenter Point,90087,CA,lmuckart9z@godaddy.com
361,Ewan Gingedale,7 Calypso Circle,55805,MN,egingedalea0@simplemachines.org
362,Vivie Woolbrook,6845 Village Green Circle,11355,NY,vwoolbrooka1@nature.com
363,Martha Bygreaves,5 Clemons Crossing,80255,CO,mbygreavesa2@cornell.edu
364,Urban Tabart,1 Ridgeview Junction,99790,AK,utabarta3@marketwatch.com
365,Donnell Tyrie,0454 Fuller Center,66210,KS,dtyriea4@army.mil
366,Giulietta Iwanowicz,71 New Castle Park,33633,FL,giwanowicza5@yahoo.co.jp
367,Giffie McCreadie,586 Manufacturers Avenue,28272,NC,gmccreadiea6@wired.com
368,Josi Severwright,6 Acker Street,92186,CA,jseverwrighta7@google.nl
369,Siward Lambden,304 Mcbride Circle,97206,OR,slambdena8@usgs.gov
370,Angelika Saxelby,8163 David Drive,84189,UT,asaxelbya9@imgur.com
371,Bil Charer,344 Quincy Park,99522,AK,bchareraa@fda.gov
372,Dean Keenor,91 Paget Drive,77095,TX,dkeenorab@house.gov
373,Anita De Rechter,12 Crowley Road,91109,CA,adeac@answers.com
374,Franciska Basillon,5321 Fulton Pass,95818,CA,fbasillonad@nba.com
375,Conchita Yegorshin,6388 Maple Wood Street,35263,AL,cyegorshinae@hc360.com
376,Daron Stanlock,4 Birchwood Circle,33124,FL,dstanlockaf@posterous.com
377,Prince Sibbering,1 American Ash Lane,85271,AZ,psibberingag@answers.com
378,Keriann Loan,72611 3rd Trail,35290,AL,kloanah@usnews.com
379,Marni Ioannidis,37 Sugar Lane,90025,CA,mioannidisai@forbes.com
380,Madalyn Walsom,1 Charing Cross Way,36119,AL,mwalsomaj@123-reg.co.uk
381,Darci Von Welldun,37469 Armistice Court,93778,CA,dvonak@disqus.com
382,Reade Lilywhite,943 Gerald Crossing,68164,NE,rlilywhiteal@baidu.com
383,Wini De la Yglesia,608 Sachs Center,11436,NY,wdeam@ask.com
384,Waverly Biggerstaff,5878 7th Avenue,06160,CT,wbiggerstaffan@fastcompany.com
385,Letizia Vegas,549 Pine View Lane,20508,DC,lvegasao@webeden.co.uk
386,Carly Piddlesden,7 Texas Alley,27409,NC,cpiddlesdenap@yellowpages.com
387,Dall Clifft,0234 Lyons Plaza,63180,MO,dclifftaq@marriott.com
388,Warde Hackforth,45989 Lotheville Pass,45208,OH,whackforthar@webmd.com
389,Lin Temprell,2 Dapin Center,44118,OH,ltemprellas@list-manage.com
390,Ninnette Mackieson,5 Upham Crossing,44710,OH,nmackiesonat@opera.com
391,Dorian Dutt,2 Ridgeview Avenue,91520,CA,dduttau@odnoklassniki.ru
392,Salmon MacCallester,668 International Plaza,38197,TN,smaccallesterav@moonfruit.com
393,Wiley Bate,55965 Pond Center,34276,FL,wbateaw@comsenz.com
394,Carmen Sambrok,90460 Dovetail Junction,32835,FL,csambrokax@sitemeter.com
395,Caty Cashford,9673 Mandrake Street,10705,NY,ccashforday@china.com.cn
396,Rudolf Bownd,194 Cody Junction,79405,TX,rbowndaz@e-recht24.de
397,Lisbeth Moxsom,40 Emmet Terrace,77218,TX,lmoxsomb0@gnu.org
398,Joni Knowlys,2876 American Ash Center,45254,OH,jknowlysb1@miibeian.gov.cn
399,Royal Karolovsky,09025 Dovetail Circle,06105,CT,rkarolovskyb2@guardian.co.uk
400,Germaine Coombes,84 Buena Vista Terrace,44485,OH,gcoombesb3@sohu.com
401,Ara Dugdale,5 Oakridge Hill,52410,IA,adugdaleb4@163.com
402,Rossie Tumilty,595 Waubesa Place,45243,OH,rtumiltyb5@independent.co.uk
403,Sheffield Waud,58 Anthes Parkway,27157,NC,swaudb6@mozilla.org
404,Ethelind Asbery,30 Stang Court,98166,WA,easberyb7@wordpress.com
405,Adriana D'Alwis,3 Shoshone Road,55487,MN,adalwisb8@jimdo.com
406,Ranna Cattenach,3 Hanson Place,10090,NY,rcattenachb9@discovery.com
407,Ashia Goggey,2360 Southridge Terrace,77005,TX,agoggeyba@imageshack.us
408,Afton Vondracek,2 Towne Place,07112,NJ,avondracekbb@cmu.edu
409,Marcel Johann,50 Marcy Drive,92191,CA,mjohannbc@salon.com
410,Dani Cobbledick,9 Fairfield Terrace,14905,NY,dcobbledickbd@friendfeed.com
411,Lisetta Tumpane,09217 Warbler Lane,20546,DC,ltumpanebe@pcworld.com
412,Sydney Spikins,26 Ohio Court,01129,MA,sspikinsbf@t-online.de
413,Theodosia Potticary,1 Clyde Gallagher Point,10454,NY,tpotticarybg@pcworld.com
414,Luise Puddefoot,08 Independence Point,49048,MI,lpuddefootbh@netvibes.com
415,Katee Petrou,25716 Superior Junction,33345,FL,kpetroubi@meetup.com
416,Anastasia Baudinelli,31323 Butternut Junction,55127,MN,abaudinellibj@yahoo.com
417,Stacy Rusbridge,229 Sommers Junction,89178,NV,srusbridgebk@bloglovin.com
418,Robbert Pawling,35199 Blue Bill Park Junction,96820,HI,rpawlingbl@vinaora.com
419,Renie Shakshaft,56 Bonner Terrace,45414,OH,rshakshaftbm@pinterest.com
420,Othilie Brickell,364 Mosinee Drive,95173,CA,obrickellbn@nih.gov
421,Dorie Ironmonger,9 Fallview Circle,65898,MO,dironmongerbo@blogs.com
422,Indira Belvin,84 Lunder Avenue,35290,AL,ibelvinbp@godaddy.com
423,Aveline Stainbridge,8685 Hoepker Pass,37450,TN,astainbridgebq@go.com
424,Ulric Moxom,26879 Heath Lane,28055,NC,umoxombr@microsoft.com
425,Dolph Sievewright,7 Waubesa Lane,33605,FL,dsievewrightbs@cocolog-nifty.com
426,Wilburt Tinson,82100 Briar Crest Crossing,11220,NY,wtinsonbt@businessinsider.com
427,Dimitri Sturney,49 Northfield Way,97271,OR,dsturneybu@elegantthemes.com
428,Sayer Iacopini,4 Stang Hill,61825,IL,siacopinibv@accuweather.com
429,Desdemona Proughten,25737 Kinsman Plaza,11499,NY,dproughtenbw@un.org
430,Orly Cluer,835 Gulseth Drive,87190,NM,ocluerbx@booking.com
431,Anatol Drews,92397 Westerfield Avenue,39534,MS,adrewsby@myspace.com
432,Ailee Olexa,4519 Annamark Center,65105,MO,aolexabz@chron.com
433,Laurette Behninck,9 Fuller Drive,92717,CA,lbehninckc0@shareasale.com
434,Cosetta Gorman,20 Clemons Court,34620,FL,cgormanc1@diigo.com
435,Jany Pendry,066 Gateway Hill,22234,VA,jpendryc2@paypal.com
436,Cordy Springer,41 Huxley Center,91616,CA,cspringerc3@shutterfly.com
437,Pamelina Human,48 North Alley,34210,FL,phumanc4@instagram.com
438,Tim Balfe,53 Basil Terrace,17605,PA,tbalfec5@goodreads.com
439,Edd Quenby,5 Gina Circle,06140,CT,equenbyc6@yellowpages.com
440,Roderick Hedges,32751 Acker Avenue,85754,AZ,rhedgesc7@privacy.gov.au
441,Umberto Legges,2640 Bobwhite Parkway,44393,OH,uleggesc8@themeforest.net
442,Raquel Yourell,2 Division Pass,02163,MA,ryourellc9@privacy.gov.au
443,Daisey Fydoe,65712 Porter Terrace,45271,OH,dfydoeca@wikia.com
444,Bartram Greenroad,71 Lillian Lane,12205,NY,bgreenroadcb@yahoo.co.jp
445,Lotta Liddon,1 Shopko Alley,99512,AK,lliddoncc@drupal.org
446,Leonid Korous,831 North Hill,88530,TX,lkorouscd@samsung.com
447,Denys Farmery,8 Bonner Place,15134,PA,dfarmeryce@nature.com
448,Millard Sherville,2 Lighthouse Bay Drive,95138,CA,mshervillecf@ca.gov
449,Maynord Coltman,3 Nobel Alley,61629,IL,mcoltmancg@timesonline.co.uk
450,Barnaby Parrington,143 Forster Circle,12205,NY,bparringtonch@nbcnews.com
451,Matilda Aberdein,4 Comanche Trail,99260,WA,maberdeinci@joomla.org
452,Jobye Maasz,53017 Barnett Circle,77386,TX,jmaaszcj@aboutads.info
453,Ally Moden,3101 Bunting Pass,88579,TX,amodenck@acquirethisname.com
454,Reg MacNeillie,26 Kings Alley,28220,NC,rmacneilliecl@trellian.com
455,Rudiger Wermerling,942 Arapahoe Street,33680,FL,rwermerlingcm@reddit.com
456,Nowell Wysome,8834 David Circle,77095,TX,nwysomecn@t.co
457,Andie Brennand,0134 David Parkway,31217,GA,abrennandco@wired.com
458,Malina O'Reilly,14 Stephen Drive,49544,MI,moreillycp@hhs.gov
459,Karlis MacCorley,189 Clemons Avenue,33436,FL,kmaccorleycq@privacy.gov.au
460,Aviva Scolland,9 Havey Park,33175,FL,ascollandcr@fema.gov
461,Francoise Brewer,2 Mayer Park,10014,NY,fbrewercs@wp.com
462,Mira Liepina,41521 Maple Wood Junction,84145,UT,mliepinact@gravatar.com
463,Shep Harmson,62462 Hansons Avenue,06705,CT,sharmsoncu@nasa.gov
464,Woodman Tevelov,04 Parkside Alley,48211,MI,wtevelovcv@adobe.com
465,Courtney Boleyn,04 Clarendon Lane,89150,NV,cboleyncw@google.es
466,Lorie Lambswood,964 Dryden Crossing,23436,VA,llambswoodcx@cnn.com
467,Jaymee Pirouet,3969 Northwestern Crossing,99210,WA,jpirouetcy@flavors.me
468,Tommie Mokes,4507 Ludington Hill,91797,CA,tmokescz@cbsnews.com
469,Rosabella Lealle,84429 Maryland Trail,33185,FL,rlealled0@dropbox.com
470,Ethelin Klyn,6654 Karstens Way,74170,OK,eklynd1@merriam-webster.com
471,Blondell Kimbly,703 Westend Court,71208,LA,bkimblyd2@issuu.com
472,Edy Capey,5 Amoth Circle,58505,ND,ecapeyd3@accuweather.com
473,Tonya Trank,73533 Mallory Parkway,10633,NY,ttrankd4@tripod.com
474,Adolphe Empleton,1532 Hoepker Way,96825,HI,aempletond5@jiathis.com
475,Meridel Kellog,8181 Bunting Trail,15240,PA,mkellogd6@kickstarter.com
476,Abbi McDugal,25 Sutherland Junction,93106,CA,amcdugald7@hhs.gov
477,Felicle Ellit,77 Dapin Road,60657,IL,fellitd8@weebly.com
478,Coretta L'Episcopi,699 Chinook Junction,67220,KS,clepiscopid9@unblog.fr
479,Berna Crowthe,2 Northridge Way,90040,CA,bcrowtheda@themeforest.net
480,Vaclav Pentlow,96471 Annamark Place,31210,GA,vpentlowdb@e-recht24.de
481,Broderic Morrad,113 Schiller Court,45243,OH,bmorraddc@aol.com
482,Xever Molson,51707 Prentice Court,32605,FL,xmolsondd@kickstarter.com
483,Blakelee Ferreras,03 Washington Point,92145,CA,bferrerasde@so-net.ne.jp
484,Bronny Boscher,3 Pankratz Park,45807,OH,bboscherdf@statcounter.com
485,Lanny Jaggers,1 Pepper Wood Avenue,49518,MI,ljaggersdg@businessweek.com
486,Rock Gibbetts,08112 Milwaukee Avenue,92645,CA,rgibbettsdh@nps.gov
487,Lesley Lenton,30 Hoffman Street,85720,AZ,llentondi@about.me
488,Alano Ludovico,853 Farragut Avenue,98907,WA,aludovicodj@netlog.com
489,Caron Tenny,22497 Barnett Plaza,10060,NY,ctennydk@ycombinator.com
490,Bryn Furmston,66128 Ryan Street,61825,IL,bfurmstondl@cargocollective.com
491,Livvie Hartness,6664 Northwestern Lane,53785,WI,lhartnessdm@google.pl
492,Mordy Smidmoor,9788 Springs Trail,06705,CT,msmidmoordn@mozilla.org
493,Hogan Longmore,30 Division Center,38126,TN,hlongmoredo@gravatar.com
494,Nata Bevir,97768 Onsgard Trail,35810,AL,nbevirdp@java.com
495,Theda Stoller,2691 Hooker Plaza,93907,CA,tstollerdq@simplemachines.org
496,Merrel Baltrushaitis,32942 Fulton Alley,06105,CT,mbaltrushaitisdr@house.gov
497,Chad Docker,39944 Sauthoff Pass,10120,NY,cdockerds@flavors.me
498,Maritsa Maun,8 Texas Junction,33961,FL,mmaundt@mediafire.com
499,Demetris McCurlye,6 Prentice Place,80910,CO,dmccurlyedu@economist.com
500,Nolana Archbald,23 Kim Way,39404,MS,narchbalddv@zdnet.com
501,Monika Prichard,78075 Oriole Trail,13505,NY,mpricharddw@alibaba.com
502,Albertina Hillatt,07 Bartillon Avenue,84110,UT,ahillattdx@163.com
503,Dugald La Batie,9618 Oak Drive,77055,TX,dlady@google.com.br
504,Astrix Brocket,83 Artisan Alley,11241,NY,abrocketdz@xinhuanet.com
505,Olive Neylon,8 Starling Park,94544,CA,oneylone0@army.mil
506,Nanette Beel,451 Paget Junction,55448,MN,nbeele1@chronoengine.com
507,Mariann Hollyland,7 Sullivan Point,33961,FL,mhollylande2@usgs.gov
508,Cordi Silverthorn,4 Donald Junction,17622,PA,csilverthorne3@pen.io
509,Matilda Mityakov,0694 Roth Drive,20036,DC,mmityakove4@clickbank.net
510,Mellicent Seeks,8167 Muir Lane,46634,IN,mseekse5@oracle.com
511,Janet O'Hallihane,4 Cordelia Court,37939,TN,johallihanee6@springer.com
512,Ryann Wann,298 Melrose Point,92725,CA,rwanne7@hc360.com
513,Rochella Schneidau,871 Oneill Road,79405,TX,rschneidaue8@cnet.com
514,Nonah Marwick,898 Westport Road,25389,WV,nmarwicke9@huffingtonpost.com
515,Ebony Salvador,67492 Loeprich Plaza,81015,CO,esalvadorea@google.co.jp
516,Ella Oneill,3 Anzinger Street,73119,OK,eoneilleb@tinypic.com
517,Eden Trodden,04 Oneill Pass,78240,TX,etroddenec@oaic.gov.au
518,Vladamir Goodman,91851 Stuart Point,32304,FL,vgoodmaned@kickstarter.com
519,Kare Sandells,36 David Drive,15210,PA,ksandellsee@shop-pro.jp
520,Florentia Ibberson,7915 Springs Trail,45408,OH,fibbersonef@howstuffworks.com
521,Skylar Kinningley,36 Arkansas Center,55188,MN,skinningleyeg@altervista.org
522,Ali Sperrett,1474 Steensland Court,20540,DC,asperretteh@ifeng.com
523,Alyss Grammer,1 Hayes Center,94291,CA,agrammerei@mtv.com
524,Loretta Rozea,4 Fair Oaks Avenue,36641,AL,lrozeaej@google.de
525,Vidovik Douche,3 Londonderry Circle,94110,CA,vdoucheek@nydailynews.com
526,Maxwell Hazelhurst,1 Glacier Hill Road,77806,TX,mhazelhurstel@house.gov
527,Star Backe,69 Badeau Junction,34135,FL,sbackeem@purevolume.com
528,Abbi Allatt,885 Orin Circle,66276,KS,aallatten@cnn.com
529,Currey Purkins,5424 Orin Plaza,34290,FL,cpurkinseo@ustream.tv
530,Ulrika Pentecost,21870 Annamark Place,97306,OR,upentecostep@biglobe.ne.jp
531,Hayley Wickett,345 Elka Terrace,23464,VA,hwicketteq@bing.com
532,Gretta Pettingall,7710 4th Drive,92619,CA,gpettingaller@arstechnica.com
533,Vincent Margaritelli,774 Forest Dale Street,20709,MD,vmargaritellies@biblegateway.com
534,Lyndy Bulford,590 Esch Crossing,85040,AZ,lbulfordet@slideshare.net
535,Phyllis Blaise,0 Washington Trail,93005,CA,pblaiseeu@virginia.edu
536,Alejoa Brozsset,704 Schiller Park,20719,MD,abrozssetev@paypal.com
537,Christoforo Copnall,82 Saint Paul Place,92844,CA,ccopnallew@thetimes.co.uk
538,Cicely Gibbon,55 Weeping Birch Court,48505,MI,cgibbonex@is.gd
539,Antoine Hoonahan,2939 Carpenter Street,20022,DC,ahoonahaney@amazon.co.jp
540,Otho Milam,458 Pankratz Hill,78250,TX,omilamez@quantcast.com
541,Benedetta Millam,6305 Starling Road,33034,FL,bmillamf0@cdc.gov
542,Celine Lecordier,8 Jana Hill,35210,AL,clecordierf1@topsy.com
543,Consolata Pulver,16 Maple Plaza,22244,VA,cpulverf2@sogou.com
544,Eachelle Kedge,139 Charing Cross Point,07310,NJ,ekedgef3@google.ca
545,Devin Janney,7207 Continental Parkway,06510,CT,djanneyf4@123-reg.co.uk
546,Courtney Leaburn,39974 Ridgeway Trail,20599,DC,cleaburnf5@vinaora.com
547,Marline Slane,9 Canary Drive,46634,IN,mslanef6@symantec.com
548,Cristine Bassindale,0 Gateway Avenue,91109,CA,cbassindalef7@seattletimes.com
549,Amye Dann,4678 Debs Drive,94159,CA,adannf8@sciencedaily.com
550,Sven Gateman,61437 Crest Line Alley,33013,FL,sgatemanf9@springer.com
551,Becki Crumby,9 Longview Terrace,32885,FL,bcrumbyfa@google.com.br
552,Jud Slaughter,719 Harper Circle,95397,CA,jslaughterfb@icq.com
553,Lazare Heineking,7735 Grayhawk Lane,78783,TX,lheinekingfc@pcworld.com
554,Sarajane Ronaldson,485 Cottonwood Pass,28256,NC,sronaldsonfd@army.mil
555,Garvey Mitchinson,6882 Westridge Lane,92805,CA,gmitchinsonfe@va.gov
556,Wilfrid MacElholm,758 Jana Avenue,06183,CT,wmacelholmff@angelfire.com
557,Lindsey Bucke,265 Paget Street,62205,IL,lbuckefg@github.com
558,Orsola Berthot,5893 Lerdahl Drive,85284,AZ,oberthotfh@dedecms.com
559,Lydia Treadaway,28 Meadow Valley Lane,06854,CT,ltreadawayfi@xinhuanet.com
560,Bryn Djakovic,8 Anzinger Park,19886,DE,bdjakovicfj@tinyurl.com
561,Hanny Sutworth,30 Mccormick Place,20816,MD,hsutworthfk@ucoz.com
562,Veradis Soff,1608 Vermont Circle,85748,AZ,vsofffl@qq.com
563,Miner Puleston,9683 3rd Junction,12205,NY,mpulestonfm@oakley.com
564,Rhianon Sally,7228 Scoville Terrace,31605,GA,rsallyfn@pinterest.com
565,Ossie Corpes,97 Straubel Road,06854,CT,ocorpesfo@mapquest.com
566,Kassandra Beilby,67583 Oneill Park,21281,MD,kbeilbyfp@unc.edu
567,Carmelia Shee,58 Shoshone Pass,85205,AZ,csheefq@scientificamerican.com
568,Mateo Chellingworth,71469 Butterfield Circle,57110,SD,mchellingworthfr@sitemeter.com
569,Deanne Tiddeman,5 Eastwood Trail,80940,CO,dtiddemanfs@cnet.com
570,Donia Parzis,5766 Pierstorff Plaza,10125,NY,dparzisft@51.la
571,Davie De Ruggero,3277 Logan Park,78210,TX,ddefu@reverbnation.com
572,Gage Heazel,7 Granby Alley,33064,FL,gheazelfv@nature.com
573,Fonsie Rowe,84 Pleasure Court,20784,MD,frowefw@mozilla.org
574,Amalea Cranshaw,52 Westport Crossing,47905,IN,acranshawfx@prlog.org
575,Sibel Jennaroy,30164 Superior Hill,60657,IL,sjennaroyfy@hao123.com
576,Travers MacMechan,791 Red Cloud Junction,85077,AZ,tmacmechanfz@sina.com.cn
577,Val Hutson,091 Colorado Center,98447,WA,vhutsong0@admin.ch
578,Laetitia Cheevers,67 3rd Point,38136,TN,lcheeversg1@goodreads.com
579,Elene Arthars,981 Annamark Drive,91616,CA,eartharsg2@virginia.edu
580,Isidora MacEvilly,6134 Commercial Way,06520,CT,imacevillyg3@google.co.uk
581,Bryanty Stairs,2037 Miller Lane,63143,MO,bstairsg4@techcrunch.com
582,Lilas Launchbury,116 7th Junction,77271,TX,llaunchburyg5@chronoengine.com
583,Ronni MacNucator,9 Hayes Avenue,77080,TX,rmacnucatorg6@house.gov
584,Cherise Applegate,6 Swallow Parkway,17110,PA,capplegateg7@list-manage.com
585,Nathanil Dearsley,53868 Dexter Circle,34629,FL,ndearsleyg8@house.gov
586,Alano Perfect,70 Bultman Junction,34205,FL,aperfectg9@arizona.edu
587,Dru Di Antonio,82 Myrtle Circle,30336,GA,ddiga@hatena.ne.jp
588,Kristopher Ganders,3066 Nevada Drive,06905,CT,kgandersgb@reuters.com
589,Josephine Cordingly,04340 Hagan Place,75287,TX,jcordinglygc@slate.com
590,Giulia Hollingshead,49741 Farragut Trail,22244,VA,ghollingsheadgd@skype.com
591,Vinnie Tempest,0916 Westerfield Drive,40505,KY,vtempestge@twitpic.com
592,Scarlet Rankmore,201 Del Mar Circle,94116,CA,srankmoregf@un.org
593,Kendre Rimmington,29530 Eastlawn Plaza,46852,IN,krimmingtongg@spotify.com
594,Vasilis Sinnock,9788 Warner Street,15235,PA,vsinnockgh@google.cn
595,Ned Waterworth,22817 3rd Crossing,94302,CA,nwaterworthgi@smugmug.com
596,Petey McAloren,614 Nancy Hill,33805,FL,pmcalorengj@typepad.com
597,Talya Tichner,586 Vermont Terrace,55407,MN,ttichnergk@google.nl
598,Thayne Jindracek,95 Manley Crossing,98516,WA,tjindracekgl@businessweek.com
599,Ivy Jezzard,6 Rigney Hill,78710,TX,ijezzardgm@newyorker.com
600,Aridatha Goldsack,132 Clyde Gallagher Place,73167,OK,agoldsackgn@google.ru
601,Artus Lunney,7841 Upham Circle,33615,FL,alunneygo@freewebs.com
602,Malinda Dennerley,4 Springs Street,77070,TX,mdennerleygp@cnet.com
603,Deana Measham,1 Corscot Court,48107,MI,dmeashamgq@csmonitor.com
604,Barbie Ainslee,8 Buena Vista Park,34985,FL,bainsleegr@hatena.ne.jp
605,Kelila Bridden,98 Melrose Hill,15220,PA,kbriddengs@theguardian.com
606,Dorolice O'Hagirtie,24 Muir Center,80228,CO,dohagirtiegt@berkeley.edu
607,Isobel Cantillion,35234 Ridgeview Pass,32118,FL,icantilliongu@google.com.br
608,Benito Lovelady,1154 Monica Drive,53220,WI,bloveladygv@wikia.com
609,Ray Boldecke,488 La Follette Avenue,45020,OH,rboldeckegw@studiopress.com
610,Debbie Joysey,65952 Dakota Park,94660,CA,djoyseygx@huffingtonpost.com
611,Giselbert Scutter,6 Pennsylvania Parkway,31296,GA,gscuttergy@google.com
612,Fidole Doy,94 Forest Run Pass,80255,CO,fdoygz@google.com.br
613,Ewell Sprionghall,8157 Arapahoe Parkway,20392,DC,esprionghallh0@cnbc.com
614,Yolane Godspeede,27 Springs Plaza,32868,FL,ygodspeedeh1@com.com
615,Myrwyn Castanares,9525 Vahlen Lane,27610,NC,mcastanaresh2@tamu.edu
616,Modesta Prime,2 Hudson Circle,78703,TX,mprimeh3@businessweek.com
617,Franky Barkshire,59742 Milwaukee Circle,40576,KY,fbarkshireh4@samsung.com
618,Angel Wagenen,7086 Cody Circle,85311,AZ,awagenenh5@java.com
619,Gianni Coltart,5 Kensington Junction,20051,DC,gcoltarth6@biblegateway.com
620,Juli Onians,0 Ridgeway Lane,50362,IA,joniansh7@cbc.ca
621,Glynda Durban,7336 Continental Point,32220,FL,gdurbanh8@blinklist.com
622,Todd Gherarducci,0535 Schlimgen Road,94273,CA,tgherarduccih9@mysql.com
623,Bari Jinda,9 Farmco Crossing,30380,GA,bjindaha@skype.com
624,Gillian Wisker,15 Bonner Crossing,35225,AL,gwiskerhb@ocn.ne.jp
625,Beaufort La Padula,21903 Banding Center,49018,MI,blahc@soup.io
626,Ronnie Andrieux,5 Melody Plaza,06721,CT,randrieuxhd@wix.com
627,Alla Caren,37678 Cody Way,27157,NC,acarenhe@prweb.com
628,Florida Hodgen,651 Kenwood Junction,39534,MS,fhodgenhf@vimeo.com
629,Chas Crinidge,10873 Kennedy Junction,20910,MD,ccrinidgehg@shop-pro.jp
630,Hewitt Crossman,1028 Canary Road,80223,CO,hcrossmanhh@usa.gov
631,Lexine Belsham,56600 Carberry Trail,10464,NY,lbelshamhi@theglobeandmail.com
632,Adriena Hayller,008 Reinke Center,08619,NJ,ahayllerhj@infoseek.co.jp
633,Emanuel Totman,6 Bluestem Court,44705,OH,etotmanhk@google.nl
634,Loleta Heibel,151 Garrison Drive,77035,TX,lheibelhl@nih.gov
635,Lindsay Attride,19480 Chive Trail,31914,GA,lattridehm@wix.com
636,Marie Boog,34516 Browning Alley,32277,FL,mbooghn@reference.com
637,Charmine Domoney,968 Lunder Center,22234,VA,cdomoneyho@hatena.ne.jp
638,Kristi Board,6906 Eastwood Drive,48232,MI,kboardhp@who.int
639,Edna Bairstow,97156 Lawn Place,79605,TX,ebairstowhq@hp.com
640,Karena Fursland,3 Becker Road,70129,LA,kfurslandhr@nifty.com
641,Yurik Greendale,528 Manley Terrace,94712,CA,ygreendalehs@lycos.com
642,Linea Wreight,54 Green Center,06816,CT,lwreightht@ifeng.com
643,Berkeley Mundell,374 Hanover Pass,32405,FL,bmundellhu@ifeng.com
644,Creight Yuryichev,701 Mayer Junction,88535,TX,cyuryichevhv@indiatimes.com
645,Oliviero Agott,6 Namekagon Lane,66286,KS,oagotthw@forbes.com
646,Sky Greenroyd,434 Service Court,06912,CT,sgreenroydhx@wired.com
647,Franky Gradon,22767 Algoma Center,10184,NY,fgradonhy@sun.com
648,Danna Blaycock,84189 Florence Park,94705,CA,dblaycockhz@xrea.com
649,Allyn Whenham,3 Canary Circle,85297,AZ,awhenhami0@plala.or.jp
650,Tracie Grigolli,77174 Marcy Alley,75231,TX,tgrigollii1@t-online.de
651,Xenia Cosin,35 Transport Trail,46406,IN,xcosini2@cam.ac.uk
652,Rutter Pleace,60056 Macpherson Junction,73034,OK,rpleacei3@answers.com
653,Katha Brennan,04 Maple Wood Place,21275,MD,kbrennani4@google.com
654,Cristie Houson,26 Merrick Street,22205,VA,chousoni5@ox.ac.uk
655,Wallie Loder,5473 Sunbrook Place,18018,PA,wloderi6@theguardian.com
656,Goldina Sigart,9779 Coolidge Circle,73173,OK,gsigarti7@ed.gov
657,Lucienne Jell,1547 Rutledge Crossing,76004,TX,ljelli8@webmd.com
658,Bayard Orys,6119 Jay Avenue,22333,VA,borysi9@paypal.com
659,Jessee Tubble,8 Kipling Road,40618,KY,jtubbleia@washingtonpost.com
660,Leta Pieper,58364 Jenna Place,33141,FL,lpieperib@mysql.com
661,Marjie Keson,014 Helena Lane,67230,KS,mkesonic@github.io
662,Helenelizabeth Skinner,339 Glendale Park,62525,IL,hskinnerid@t.co
663,Suzette Butterfill,54 Village Green Park,68164,NE,sbutterfillie@constantcontact.com
664,Karon Cranmere,14724 Chive Way,94137,CA,kcranmereif@ycombinator.com
665,Klement Cardno,062 Alpine Point,12242,NY,kcardnoig@ted.com
666,Martelle Feldklein,00161 Northridge Terrace,88546,TX,mfeldkleinih@who.int
667,Barret Ffoulkes,6703 Vidon Center,16522,PA,bffoulkesii@howstuffworks.com
668,Marsh Coleman,6626 Fulton Center,85099,AZ,mcolemanij@phpbb.com
669,Johan Schutte,07820 Sage Terrace,63150,MO,jschutteik@usa.gov
670,Tamra Sawden,7 Pankratz Point,10184,NY,tsawdenil@engadget.com
671,Briny Pile,0986 Declaration Circle,44905,OH,bpileim@cdbaby.com
672,Anette Bedberry,6147 Dapin Circle,74156,OK,abedberryin@ftc.gov
673,Alastair Tomashov,56950 Fisk Park,71161,LA,atomashovio@tmall.com
674,Casper Philipet,71 Meadow Ridge Road,66611,KS,cphilipetip@indiegogo.com
675,Caitrin Stille,473 Manley Circle,97206,OR,cstilleiq@google.pl
676,Brittne Bramont,0742 Onsgard Pass,85005,AZ,bbramontir@mail.ru
677,Jakie Bills,7093 Northwestern Hill,95064,CA,jbillsis@addthis.com
678,Kasper Batrip,02877 Warbler Road,12325,NY,kbatripit@topsy.com
679,Danice Dunnet,62708 Hermina Parkway,06922,CT,ddunnetiu@pbs.org
680,Talia Bloyes,89 Fairview Parkway,95155,CA,tbloyesiv@goodreads.com
681,Marga Guidi,69825 Manufacturers Road,33742,FL,mguidiiw@examiner.com
682,Martin Munning,95142 Buena Vista Center,94297,CA,mmunningix@prweb.com
683,Faulkner Yuryaev,80252 Colorado Road,33625,FL,fyuryaeviy@google.com.hk
684,Sonny Scarborough,3835 Jana Way,29240,SC,sscarboroughiz@bbc.co.uk
685,Mikey Nickoll,480 Fairview Way,25775,WV,mnickollj0@wsj.com
686,Wilfred Lippingwell,11600 Morning Street,33405,FL,wlippingwellj1@csmonitor.com
687,Osborn Attwool,17642 Sunbrook Pass,78225,TX,oattwoolj2@earthlink.net
688,Stephana de Clerk,9 Kingsford Terrace,80910,CO,sdej3@cisco.com
689,Kylynn Newlands,72 Novick Place,94913,CA,knewlandsj4@t.co
690,Penni Biasini,4 Di Loreto Center,17110,PA,pbiasinij5@si.edu
691,Babs Czaja,4416 Division Lane,50369,IA,bczajaj6@latimes.com
692,Nara Iannitti,448 Fieldstone Court,22111,VA,niannittij7@photobucket.com
693,Lonnie Dredge,2099 Grasskamp Crossing,90847,CA,ldredgej8@jiathis.com
694,Garvy Mordie,49334 Atwood Alley,92405,CA,gmordiej9@taobao.com
695,Lenka Fitzsymons,8 Towne Drive,37924,TN,lfitzsymonsja@istockphoto.com
696,Ced Gatsby,015 Algoma Park,76121,TX,cgatsbyjb@epa.gov
697,Anet Martygin,773 Warrior Way,75044,TX,amartyginjc@altervista.org
698,Ashia Creeboe,6968 Lakeland Parkway,30066,GA,acreeboejd@mayoclinic.com
699,Myra Piddlehinton,041 Bowman Park,49510,MI,mpiddlehintonje@angelfire.com
700,Christiane Wetherald,21 Fair Oaks Junction,44111,OH,cwetheraldjf@nytimes.com
701,Clemmy Letterick,256 Ridge Oak Street,27610,NC,cletterickjg@hostgator.com
702,Zarah Mercik,40192 Bay Junction,46852,IN,zmercikjh@examiner.com
703,Gregory Witherby,34832 Melvin Plaza,45208,OH,gwitherbyji@yellowpages.com
704,Gray Rizzone,839 Clove Circle,75246,TX,grizzonejj@diigo.com
705,Larine Ramsted,10820 Village Way,47812,IN,lramstedjk@yahoo.com
706,Guillermo Voce,3 Delladonna Center,28410,NC,gvocejl@auda.org.au
707,Hope Morican,3626 Birchwood Terrace,33185,FL,hmoricanjm@usnews.com
708,Hilary Chadwen,0746 Bartelt Trail,60435,IL,hchadwenjn@house.gov
709,Maddalena Cail,76459 2nd Road,33448,FL,mcailjo@unc.edu
710,Margaretta Shoreson,64 Onsgard Place,75710,TX,mshoresonjp@spotify.com
711,Caldwell Reuben,2730 Kipling Lane,33605,FL,creubenjq@bbb.org
712,Curcio Kinghorne,246 Kropf Terrace,39216,MS,ckinghornejr@ovh.net
713,Kelly Enga,076 Graedel Road,76110,TX,kengajs@amazon.co.jp
714,Gerladina Pyser,0214 Parkside Pass,62776,IL,gpyserjt@illinois.edu
715,Opaline Liell,838 Linden Avenue,37405,TN,oliellju@go.com
716,Martica Kirlin,32339 David Circle,66699,KS,mkirlinjv@upenn.edu
717,Sybil Abbots,453 Nova Road,08619,NJ,sabbotsjw@ning.com
718,Lindi Postle,17 Arapahoe Lane,48912,MI,lpostlejx@stanford.edu
719,Aurilia Ponton,07957 Forster Park,76011,TX,apontonjy@hibu.com
720,Georgeta Doding,960 Westport Plaza,84409,UT,gdodingjz@purevolume.com
721,Brittney Dodwell,3982 Blue Bill Park Lane,97075,OR,bdodwellk0@sciencedirect.com
722,Tammi Shephard,3831 Sauthoff Point,20029,DC,tshephardk1@oracle.com
723,Arty Josselsohn,5 Jay Park,20546,DC,ajosselsohnk2@behance.net
724,Siffre Washtell,44 Sullivan Center,74141,OK,swashtellk3@diigo.com
725,Guntar David,363 Oriole Park,94627,CA,gdavidk4@nba.com
726,Ethyl Gonzalo,433 Scoville Place,37250,TN,egonzalok5@csmonitor.com
727,Madeline Turpey,028 Garrison Place,89140,NV,mturpeyk6@about.me
728,Arturo Milleton,9 Hauk Pass,33961,FL,amilletonk7@networkadvertising.org
729,Onfroi Gonzales,92 Holmberg Circle,27415,NC,ogonzalesk8@live.com
730,Lyssa Deuss,333 Lotheville Way,87115,NM,ldeussk9@merriam-webster.com
731,Moe Verna,1229 Glendale Park,53277,WI,mvernaka@earthlink.net
732,Alfons Fernely,31 Jenifer Drive,33625,FL,afernelykb@smugmug.com
733,Hasty Hunnisett,4181 Gateway Avenue,27264,NC,hhunnisettkc@simplemachines.org
734,Cleopatra Corrao,034 Kennedy Drive,48670,MI,ccorraokd@businessweek.com
735,Leoine Gayne,578 Scofield Hill,90081,CA,lgayneke@theatlantic.com
736,Hebert Clifford,80 Bluejay Drive,94257,CA,hcliffordkf@virginia.edu
737,Albina Belshaw,70 Pine View Pass,10203,NY,abelshawkg@mlb.com
738,Nancy Bosher,833 Bartillon Place,23551,VA,nbosherkh@youku.com
739,Kania Dunwoody,6637 1st Alley,55905,MN,kdunwoodyki@blogger.com
740,Peterus Koschek,81569 Sullivan Drive,44315,OH,pkoschekkj@unc.edu
741,Cairistiona Mayberry,795 Eliot Pass,20189,VA,cmayberrykk@house.gov
742,Amory Zieme,43 Anhalt Parkway,61640,IL,aziemekl@redcross.org
743,Emelda Gerty,1 Merry Street,27425,NC,egertykm@columbia.edu
744,Frayda Mayhow,29222 Elka Junction,71137,LA,fmayhowkn@behance.net
745,Irv Aristide,8 Vernon Crossing,89166,NV,iaristideko@mtv.com
746,Clair Kirwood,9 Service Junction,96840,HI,ckirwoodkp@newsvine.com
747,Keenan Orleton,83866 Garrison Parkway,93111,CA,korletonkq@yelp.com
748,Minetta De Banke,1 Westridge Pass,23464,VA,mdekr@xinhuanet.com
749,Rossy Tuplin,63583 Canary Crossing,79911,TX,rtuplinks@soup.io
750,Jaymie Eastwood,48 Cardinal Crossing,36195,AL,jeastwoodkt@dedecms.com
751,Becky Tremolieres,21135 Talisman Road,20566,DC,btremolieresku@goo.gl
752,Morry Sherrocks,1463 Delaware Point,20392,DC,msherrockskv@dailymail.co.uk
753,Hedwig Maffy,6270 Walton Terrace,53705,WI,hmaffykw@t-online.de
754,Betsy Whyteman,3322 Mayfield Circle,60078,IL,bwhytemankx@ning.com
755,Portia Handling,9585 Hauk Hill,30368,GA,phandlingky@elpais.com
756,Caspar Kleinmann,2 Sheridan Terrace,95150,CA,ckleinmannkz@aol.com
757,Hillyer Purchase,0930 Gateway Way,95813,CA,hpurchasel0@vinaora.com
758,Josh Djokovic,8 Shasta Point,84152,UT,jdjokovicl1@squidoo.com
759,Meridith Rogers,0659 Eagle Crest Drive,17622,PA,mrogersl2@tiny.cc
760,Worthy Jouannin,4776 Karstens Trail,20566,DC,wjouanninl3@cbsnews.com
761,Nickolai Cummungs,999 Walton Road,77015,TX,ncummungsl4@wsj.com
762,Ellen Santori,64 Gerald Park,93381,CA,esantoril5@sohu.com
763,Raimondo Metts,094 Washington Center,66112,KS,rmettsl6@loc.gov
764,Roanna Battson,66 Kipling Hill,94237,CA,rbattsonl7@guardian.co.uk
765,Cynthea Lindenboim,701 Hanson Place,01654,MA,clindenboiml8@sphinn.com
766,Perri Spriddle,7 Springview Junction,14609,NY,pspriddlel9@intel.com
767,Packston Furlonge,4 1st Point,75353,TX,pfurlongela@yellowpages.com
768,Ernst Kluger,58574 Bay Circle,22225,VA,eklugerlb@bizjournals.com
769,Yevette Bolesma,69652 Pleasure Center,29225,SC,ybolesmalc@opera.com
770,Kerrin Woollacott,6 Messerschmidt Alley,79415,TX,kwoollacottld@un.org
771,Shannon Van Leeuwen,653 Arapahoe Point,80223,CO,svanle@yellowbook.com
772,Clair Tolley,471 Pearson Terrace,20057,DC,ctolleylf@yahoo.com
773,Rolando Blaske,5966 Hintze Lane,33134,FL,rblaskelg@sciencedaily.com
774,Temp Lindblad,53 Old Shore Place,32941,FL,tlindbladlh@hp.com
775,Meryl Winslade,555 Garrison Court,32969,FL,mwinsladeli@yolasite.com
776,Raina McWhin,85 Michigan Road,70116,LA,rmcwhinlj@buzzfeed.com
777,Randy Orvis,428 Rigney Avenue,01114,MA,rorvislk@sourceforge.net
778,Woodman Brookwell,4 Hoffman Street,90101,CA,wbrookwellll@netscape.com
779,Goldy Kleinstub,53936 Menomonie Alley,36605,AL,gkleinstublm@hc360.com
780,Gunner Cuxson,739 Monica Way,78210,TX,gcuxsonln@umich.edu
781,Briano Ebbotts,67 Moose Park,62776,IL,bebbottslo@amazon.com
782,Cazzie Ascrofte,6424 Troy Court,88525,TX,cascroftelp@nydailynews.com
783,Ivie Nouch,35165 Rockefeller Lane,44315,OH,inouchlq@networkadvertising.org
784,Lil Dallin,5190 Moose Park,49510,MI,ldallinlr@hp.com
785,Kamillah Nunnery,7 Londonderry Park,78737,TX,knunneryls@nhs.uk
786,Anne O' Lone,6 Schiller Alley,92717,CA,aolt@yahoo.co.jp
787,Nannie Ilive,03702 Truax Lane,31190,GA,nilivelu@cam.ac.uk
788,Marcelline Topaz,0 Havey Parkway,84140,UT,mtopazlv@timesonline.co.uk
789,Vivi Rannald,14 Schmedeman Trail,85005,AZ,vrannaldlw@omniture.com
790,Spencer Breeder,54 Glendale Street,72231,AR,sbreederlx@microsoft.com
791,Debbie Bracci,27 Schiller Center,20420,DC,dbraccily@constantcontact.com
792,Humfried Maren,24 Scott Point,11024,NY,hmarenlz@technorati.com
793,Ettore Blondell,0082 Kingsford Trail,92878,CA,eblondellm0@google.com.br
794,Doralyn Bilt,120 Pleasure Trail,33134,FL,dbiltm1@oaic.gov.au
795,Claiborne Lynes,1 Norway Maple Place,40256,KY,clynesm2@omniture.com
796,Gaile Livett,9123 Schlimgen Junction,76134,TX,glivettm3@nydailynews.com
797,Brigitte Zanicchelli,99713 Schiller Point,70160,LA,bzanicchellim4@nymag.com
798,Reilly Mattedi,2 Truax Way,71130,LA,rmattedim5@linkedin.com
799,Wallis Segeswoeth,4089 Blue Bill Park Pass,19141,PA,wsegeswoethm6@ebay.co.uk
800,Madelena Britten,3285 Macpherson Way,29225,SC,mbrittenm7@indiatimes.com
801,Maximilianus Strowger,048 Armistice Avenue,37416,TN,mstrowgerm8@imgur.com
802,Tania Martell,243 Gale Circle,19172,PA,tmartellm9@economist.com
803,Lynnell Swinfon,76607 Holmberg Plaza,49544,MI,lswinfonma@imageshack.us
804,Mattie Pollok,2 Reinke Avenue,74133,OK,mpollokmb@twitpic.com
805,Arie Sumsion,7903 Debra Terrace,35236,AL,asumsionmc@twitter.com
806,Ches Donavan,4329 Summer Ridge Park,32941,FL,cdonavanmd@rediff.com
807,Shelby Dunbabin,250 Doe Crossing Pass,13251,NY,sdunbabinme@paginegialle.it
808,Enrichetta Lillicrop,9 Crest Line Road,25721,WV,elillicropmf@macromedia.com
809,Saundra Leghorn,57592 Homewood Way,44125,OH,sleghornmg@washington.edu
810,Bev Gabby,10 Mallory Drive,94273,CA,bgabbymh@alexa.com
811,Callean Tofful,74669 Twin Pines Street,70593,LA,ctoffulmi@sciencedirect.com
812,Kary Richings,63 Troy Place,95298,CA,krichingsmj@php.net
813,Jojo MacDearmid,364 David Avenue,95123,CA,jmacdearmidmk@mlb.com
814,Janina Danshin,01 Lakewood Gardens Center,68134,NE,jdanshinml@posterous.com
815,Grayce Tussaine,0 Lighthouse Bay Plaza,23471,VA,gtussainemm@flickr.com
816,Sidnee Wildbore,8 Fairview Junction,80328,CO,swildboremn@chronoengine.com
817,Molli Shakespeare,7 Merrick Trail,74133,OK,mshakespearemo@elegantthemes.com
818,Armstrong Baverstock,7 Ilene Hill,37245,TN,abaverstockmp@shinystat.com
819,Wenda Buglar,1665 Ronald Regan Terrace,19120,PA,wbuglarmq@github.com
820,Val Dun,104 Warner Street,88541,TX,vdunmr@cafepress.com
821,Ginny Bigby,627 Hazelcrest Plaza,58122,ND,gbigbyms@umn.edu
822,Vilhelmina Mustarde,3 Red Cloud Point,98158,WA,vmustardemt@discuz.net
823,Ellswerth Voden,5 Swallow Junction,23260,VA,evodenmu@toplist.cz
824,Toma Ducket,1 Basil Lane,27717,NC,tducketmv@ifeng.com
825,Desdemona Curtois,9937 Carioca Lane,94147,CA,dcurtoismw@digg.com
826,Fitzgerald Ventura,5026 Packers Road,07310,NJ,fventuramx@cpanel.net
827,Odelle Stobo,78 2nd Court,25775,WV,ostobomy@youku.com
828,Hedwig Goracci,194 Del Mar Road,93715,CA,hgoraccimz@reddit.com
829,Darell Hixson,7025 Roxbury Way,98008,WA,dhixsonn0@yale.edu
830,Constantine Brimilcombe,7070 Eastwood Crossing,25313,WV,cbrimilcomben1@tinypic.com
831,Emelda Iaduccelli,39557 Talmadge Trail,98447,WA,eiaduccellin2@tiny.cc
832,Letti De Ferrari,103 Atwood Place,10606,NY,lden3@amazonaws.com
833,Gale Ericssen,03727 Dorton Parkway,71130,LA,gericssenn4@goodreads.com
834,Clovis Le febre,92387 Farmco Hill,77040,TX,clen5@list-manage.com
835,Luce MacGee,4 Pierstorff Point,93704,CA,lmacgeen6@squarespace.com
836,Llywellyn Jaye,01409 Ilene Center,76192,TX,ljayen7@geocities.jp
837,Chalmers Bramble,609 Russell Court,94169,CA,cbramblen8@theglobeandmail.com
838,Misty Bain,7 Eastlawn Trail,55127,MN,mbainn9@umich.edu
839,Merralee McQueen,5896 Maple Wood Hill,77343,TX,mmcqueenna@google.de
840,Edita Norley,6238 Park Meadow Alley,73124,OK,enorleynb@sun.com
841,Kali Grevel,74190 Gulseth Crossing,11024,NY,kgrevelnc@bbb.org
842,Eryn Bealton,07992 Sunnyside Drive,14276,NY,ebealtonnd@webs.com
843,Rosaleen Dain,85571 Graceland Junction,11254,NY,rdainne@bloomberg.com
844,Earle Welds,70141 Independence Center,61635,IL,eweldsnf@census.gov
845,Becky Helkin,0 John Wall Pass,74193,OK,bhelkinng@smugmug.com
846,Goddart Petrelli,1 Burrows Trail,27621,NC,gpetrellinh@constantcontact.com
847,Colet MacNeill,2 Jackson Trail,49518,MI,cmacneillni@comcast.net
848,Gayelord de Nore,95295 Pearson Lane,33129,FL,gdenj@cpanel.net
849,Phebe Slowly,5385 Northridge Alley,43226,OH,pslowlynk@nifty.com
850,Melody Gorring,931 Express Circle,47937,IN,mgorringnl@arizona.edu
851,Dorotea Eddicott,7491 Lighthouse Bay Court,35279,AL,deddicottnm@pbs.org
852,Sumner Maric,31505 Twin Pines Pass,80638,CO,smaricnn@nature.com
853,Lebbie Tschirasche,2 Mayfield Plaza,40515,KY,ltschirascheno@parallels.com
854,Constantine Winkle,122 Dorton Way,49510,MI,cwinklenp@addthis.com
855,Craggie Sture,45153 Stang Park,92115,CA,csturenq@bravesites.com
856,Kiley Pulley,53015 Clemons Street,55402,MN,kpulleynr@cam.ac.uk
857,Sibbie Tremouille,2 Reinke Circle,10305,NY,stremouillens@msu.edu
858,Andrew Jurn,2150 Glendale Way,78470,TX,ajurnnt@toplist.cz
859,Dominic Fitter,4 Dottie Road,43204,OH,dfitternu@craigslist.org
860,Alvin Kitchiner,2610 Di Loreto Parkway,75379,TX,akitchinernv@1688.com
861,Cleo Welbelove,4088 Esker Terrace,45249,OH,cwelbelovenw@hc360.com
862,Free Horsley,467 Anderson Drive,79940,TX,fhorsleynx@si.edu
863,Sonni McKenzie,509 School Avenue,75310,TX,smckenzieny@rambler.ru
864,Krissy Sennett,4841 Glendale Trail,22036,VA,ksennettnz@youtu.be
865,Layla Cavie,4 Eagle Crest Pass,14205,NY,lcavieo0@icio.us
866,Justis Fierman,552 Erie Center,02104,MA,jfiermano1@arizona.edu
867,Tiebout Mazzilli,31 Quincy Lane,33647,FL,tmazzillio2@is.gd
868,Evey Montel,871 Sullivan Lane,31196,GA,emontelo3@nyu.edu
869,Nahum Elliot,01723 Marquette Alley,02472,MA,nellioto4@reuters.com
870,Dorrie Tante,464 Petterle Hill,94913,CA,dtanteo5@merriam-webster.com
871,Holli Widdows,08099 High Crossing Pass,01813,MA,hwiddowso6@sohu.com
872,Natividad Boler,221 Golf View Park,90505,CA,nbolero7@booking.com
873,Celestine Matussov,93031 Claremont Place,31904,GA,cmatussovo8@house.gov
874,Ricki Spencers,06 Macpherson Junction,19120,PA,rspencerso9@digg.com
875,Georgiana Exley,026 Dunning Center,77060,TX,gexleyoa@acquirethisname.com
876,Emyle Hanney,4922 Alpine Plaza,34276,FL,ehanneyob@nbcnews.com
877,Jami Croal,8 Merry Park,91186,CA,jcroaloc@yahoo.com
878,Yevette Thaxter,504 Kedzie Center,55805,MN,ythaxterod@phpbb.com
879,Bartolemo Minshall,4 Rutledge Parkway,23237,VA,bminshalloe@hao123.com
880,Arte Knapman,0 Elmside Pass,14210,NY,aknapmanof@imageshack.us
881,Birk Dudney,861 Bartillon Plaza,57188,SD,bdudneyog@intel.com
882,Doti Brolly,7557 Blackbird Plaza,80291,CO,dbrollyoh@ucoz.com
883,Elisabetta Woolner,9 Myrtle Trail,32891,FL,ewoolneroi@csmonitor.com
884,Felita Compston,0570 School Lane,20051,DC,fcompstonoj@opera.com
885,Bamby Trengove,55 Debra Circle,30245,GA,btrengoveok@etsy.com
886,Christoffer Getsham,5110 Steensland Terrace,59806,MT,cgetshamol@vinaora.com
887,Fannie Gurr,2339 Veith Road,77223,TX,fgurrom@pcworld.com
888,Nissy Halesworth,33 Armistice Alley,01129,MA,nhalesworthon@hud.gov
889,Crystie Guillot,954 Becker Place,96835,HI,cguillotoo@addthis.com
890,Siusan Sowray,61622 David Way,98140,WA,ssowrayop@mapy.cz
891,Denney Druhan,306 Sundown Center,93591,CA,ddruhanoq@irs.gov
892,Dilan Tingly,7 Loeprich Avenue,78778,TX,dtinglyor@yolasite.com
893,Royall Terbruggen,0 Mariners Cove Point,22301,VA,rterbruggenos@domainmarket.com
894,Leila Thunders,8259 Pine View Crossing,20029,DC,lthundersot@china.com.cn
895,Fran Goacher,39 Prairieview Park,23504,VA,fgoacherou@rakuten.co.jp
896,Cosimo Sharrier,539 Redwing Plaza,74103,OK,csharrierov@google.nl
897,Anjela Furlonge,553 Hooker Way,16505,PA,afurlongeow@cdc.gov
898,Corette Malarkey,47 Summer Ridge Junction,30092,GA,cmalarkeyox@storify.com
899,Dehlia Benediktsson,5912 Talmadge Hill,80525,CO,dbenediktssonoy@naver.com
900,Jandy Hintzer,39 Westerfield Street,92825,CA,jhintzeroz@webeden.co.uk
901,Melva Baly,5 Hermina Road,77554,TX,mbalyp0@bandcamp.com
902,Patton Greatham,46900 Caliangt Park,55487,MN,pgreathamp1@biglobe.ne.jp
903,Nadeen Dahl,0 Luster Point,95133,CA,ndahlp2@elegantthemes.com
904,Evelin Manifould,35448 Jay Park,20073,DC,emanifouldp3@icio.us
905,Pepita Flaxman,96116 Spaight Pass,92137,CA,pflaxmanp4@netlog.com
906,Parrnell Chaudret,8 Donald Way,01610,MA,pchaudretp5@hud.gov
907,Blinni Plett,851 Hollow Ridge Drive,15274,PA,bplettp6@independent.co.uk
908,Salvador Norgan,56 Crescent Oaks Junction,96810,HI,snorganp7@mit.edu
909,Naoma Durtnell,535 Sundown Hill,56372,MN,ndurtnellp8@moonfruit.com
910,Kit Snowling,26742 Warner Plaza,22070,VA,ksnowlingp9@mac.com
911,Carlita De Domenicis,83957 Loftsgordon Plaza,38126,TN,cdepa@google.com.au
912,Derick O'Brogan,4 Claremont Pass,37210,TN,dobroganpb@scientificamerican.com
913,Danila Quail,9717 Sunnyside Center,06705,CT,dquailpc@joomla.org
914,Samson Piper,72208 Butterfield Street,94297,CA,spiperpd@theguardian.com
915,Eduino Broadberry,02312 Browning Plaza,89036,NV,ebroadberrype@telegraph.co.uk
916,Loutitia Simondson,537 Summer Ridge Terrace,33175,FL,lsimondsonpf@ow.ly
917,Alasteir O'Hoey,70 Hoard Drive,85743,AZ,aohoeypg@rambler.ru
918,Hasty Leckey,4188 Vahlen Court,02453,MA,hleckeyph@nyu.edu
919,Chrystel Lympany,9 Manufacturers Court,46221,IN,clympanypi@qq.com
920,Ty Moodie,1 School Parkway,89510,NV,tmoodiepj@salon.com
921,Ervin Huff,1439 Manitowish Plaza,38104,TN,ehuffpk@google.ca
922,Yancy De Hoogh,887 High Crossing Court,28314,NC,ydepl@wikia.com
923,Jillane M'Chirrie,29 Dottie Point,33954,FL,jmchirriepm@reddit.com
924,Annabell Westfalen,7649 Fieldstone Trail,20189,VA,awestfalenpn@deliciousdays.com
925,Saraann Marien,3819 Schiller Way,15266,PA,smarienpo@wsj.com
926,Bern Fishpool,19 Bowman Point,85255,AZ,bfishpoolpp@stumbleupon.com
927,Lorry Graeme,0 Lien Way,66210,KS,lgraemepq@cafepress.com
928,Aldwin Rettie,15 Crownhardt Terrace,19115,PA,arettiepr@wordpress.org
929,Daryn Ralestone,35 Swallow Trail,96825,HI,dralestoneps@samsung.com
930,Trula Mussalli,0 Mayer Trail,44710,OH,tmussallipt@bbc.co.uk
931,Abdel Aplin,38274 Westerfield Trail,37250,TN,aaplinpu@usatoday.com
932,Finley Effnert,4571 Cambridge Plaza,70883,LA,feffnertpv@google.com.au
933,Leela Scotchbrook,5 Kim Place,92121,CA,lscotchbrookpw@vk.com
934,Margalo Casol,4 Del Sol Plaza,17605,PA,mcasolpx@webeden.co.uk
935,Lizette Lilburn,77456 Charing Cross Plaza,39404,MS,llilburnpy@senate.gov
936,Opalina Plumtree,6987 Buell Circle,52804,IA,oplumtreepz@tinyurl.com
937,Thibaud Clampett,57156 Riverside Parkway,94159,CA,tclampettq0@si.edu
938,Kerby Eslinger,75 Oneill Park,72905,AR,keslingerq1@macromedia.com
939,Bale Szabo,42 Schmedeman Way,71213,LA,bszaboq2@va.gov
940,Gardy Pittwood,52 David Court,43231,OH,gpittwoodq3@ning.com
941,Jed Phelipeau,45 Kedzie Junction,36670,AL,jphelipeauq4@businesswire.com
942,Rosie Attrie,3373 Beilfuss Junction,60619,IL,rattrieq5@jalbum.net
943,Sumner Cowpertwait,925 Miller Avenue,92127,CA,scowpertwaitq6@state.tx.us
944,Harlin Zamudio,387 Pond Avenue,78749,TX,hzamudioq7@umich.edu
945,Annice Runnicles,7396 Oneill Road,15230,PA,arunniclesq8@github.com
946,Elianore Domnin,81554 Holmberg Drive,78205,TX,edomninq9@fda.gov
947,Erica Hibling,1919 Arkansas Hill,15235,PA,ehiblingqa@soup.io
948,Eden Sugg,5047 Hagan Crossing,39210,MS,esuggqb@psu.edu
949,Therine Renard,65 Hallows Crossing,20904,MD,trenardqc@sitemeter.com
950,Thomasin Beake,0291 Mcbride Pass,06127,CT,tbeakeqd@yellowpages.com
951,Javier Stovin,439 Buena Vista Terrace,96820,HI,jstovinqe@yolasite.com
952,Reamonn D'Acth,95 Oneill Way,92153,CA,rdacthqf@squidoo.com
953,Siffre Semple,65 Jana Crossing,20057,DC,ssempleqg@disqus.com
954,Nap Dracey,56 Mayfield Crossing,78405,TX,ndraceyqh@go.com
955,Stinky Fierman,3 Oak Valley Circle,99205,WA,sfiermanqi@yahoo.co.jp
956,Husein Gillyett,69 Knutson Junction,94147,CA,hgillyettqj@tmall.com
957,Emmy Frail,23456 Troy Lane,44111,OH,efrailqk@google.es
958,Lilah Scottesmoor,3 Eagle Crest Trail,80910,CO,lscottesmoorql@dailymail.co.uk
959,Nikki Pettigrew,1 Holy Cross Lane,25716,WV,npettigrewqm@gov.uk
960,Myra Saur,78 Veith Plaza,99812,AK,msaurqn@diigo.com
961,Malvin Silburn,336 Red Cloud Avenue,22313,VA,msilburnqo@noaa.gov
962,Bowie Virgoe,84143 Burrows Hill,72199,AR,bvirgoeqp@scientificamerican.com
963,Mollie Reignard,65375 Dunning Drive,19610,PA,mreignardqq@hubpages.com
964,Madeline Raeburn,1935 Dixon Road,55446,MN,mraeburnqr@slate.com
965,Brittni Shakesbye,963 Service Parkway,94064,CA,bshakesbyeqs@edublogs.org
966,Eirena Ambroisin,89 Susan Pass,37919,TN,eambroisinqt@freewebs.com
967,Blinni Swinerd,15 Jenifer Plaza,32230,FL,bswinerdqu@goo.ne.jp
968,Ring Alenichicov,5984 Hudson Terrace,21282,MD,ralenichicovqv@moonfruit.com
969,Emmery Gaymer,5237 Gulseth Hill,32128,FL,egaymerqw@loc.gov
970,Chaddie Armsby,56 Hallows Park,12232,NY,carmsbyqx@buzzfeed.com
971,Cozmo Newis,160 Lukken Place,95219,CA,cnewisqy@virginia.edu
972,Walsh Spondley,68 Blue Bill Park Court,10260,NY,wspondleyqz@opensource.org
973,Cos Chittock,6813 Forest Drive,11044,NY,cchittockr0@fotki.com
974,Pollyanna Cregeen,05950 Warbler Way,36641,AL,pcregeenr1@quantcast.com
975,Jody Dymidowski,9849 Fairfield Park,10029,NY,jdymidowskir2@ucsd.edu
976,Claudelle Crompton,3 Sauthoff Center,55412,MN,ccromptonr3@nifty.com
977,Elliott McDuff,40 Norway Maple Pass,37605,TN,emcduffr4@wsj.com
978,Romona Thorbon,9 Moulton Way,51105,IA,rthorbonr5@phoca.cz
979,West Di Roberto,256 Dunning Circle,77212,TX,wdir6@moonfruit.com
980,Brooke Springthorp,337 Oak Way,28410,NC,bspringthorpr7@europa.eu
981,Brett Fidelli,3 Bobwhite Lane,95108,CA,bfidellir8@gravatar.com
982,Tawsha Aubri,3282 5th Drive,25716,WV,taubrir9@ucoz.com
983,Ari Keele,4 Fair Oaks Crossing,33411,FL,akeelera@arizona.edu
984,Hebert Watson,7 Huxley Place,10249,NY,hwatsonrb@pbs.org
985,Griff Gowar,62 Loftsgordon Pass,92105,CA,ggowarrc@cam.ac.uk
986,Kiah Fifield,79993 Division Plaza,02142,MA,kfifieldrd@mit.edu
987,Garrott Leven,1786 Ohio Point,70124,LA,glevenre@histats.com
988,Tabitha Crawford,5080 Scofield Drive,98442,WA,tcrawfordrf@princeton.edu
989,Oralle Domerq,507 Lotheville Place,28247,NC,odomerqrg@sakura.ne.jp
990,Nicolis Loadsman,28 Crescent Oaks Circle,35405,AL,nloadsmanrh@nih.gov
991,Silvia Combe,42 Gulseth Junction,17105,PA,scomberi@angelfire.com
992,Daisie Whittier,8 Fuller Park,33405,FL,dwhittierrj@ucoz.ru
993,Netti Abela,08403 Merchant Hill,16565,PA,nabelark@nytimes.com
994,Thomasina Razzell,7789 Mallard Parkway,90005,CA,trazzellrl@t.co
995,Irina Hillhouse,346 Donald Park,32511,FL,ihillhouserm@yelp.com
996,Irita Vanyushkin,89395 Forest Lane,33487,FL,ivanyushkinrn@phpbb.com
997,Rhonda Cullerne,9406 Hanson Center,12325,NY,rcullernero@icio.us
998,Harley Catlin,8963 Pond Pass,63110,MO,hcatlinrp@mtv.com
999,Parrnell Tinston,38 Crowley Crossing,74184,OK,ptinstonrq@illinois.edu
1000,Juliann Laddle,468 Gulseth Park,68134,NE,jladdlerr@java.com
