id,name,address,zipcode,state,email
1,Teodor Steeples,935 Forest Parkway,36689,AL,tsteeples0@fastcompany.com
2,Matt MacIlriach,887 Grayhawk Park,97312,OR,mmacilriach1@i2i.jp
3,Ash Dudding,70 Ridgeway Road,64101,MO,adudding2@state.tx.us
4,Padraig Fisher,9 Mallard Trail,84199,UT,pfisher3@hhs.gov
5,Germana Tiron,373 Meadow Vale Crossing,06673,CT,gtiron4@tumblr.com
6,Bonnee Habbergham,3 Golden Leaf Place,60604,IL,bhabbergham5@plala.or.jp
7,Lorelle Domican,14082 Glendale Circle,38119,TN,ldomican6@dot.gov
8,Gabe Antonich,92 Sutherland Park,07544,NJ,gantonich7@list-manage.com
9,Garrik Farrants,006 Glacier Hill Drive,19605,PA,gfarrants8@shareasale.com
10,Lindsay Grut,724 Cambridge Crossing,30392,GA,lgrut9@storify.com
11,Jeramie Hawtin,82 Nevada Park,20010,DC,jhawtina@cdc.gov
12,Marybelle Bier,7 Village Green Junction,85255,AZ,mbierb@addtoany.com
13,Cull Flintuff,05 Weeping Birch Lane,25305,WV,cflintuffc@behance.net
14,Maurita Giorgiutti,8 Burning Wood Center,92812,CA,mgiorgiuttid@trellian.com
15,Maurine Passman,10 Coolidge Pass,10459,NY,mpassmane@instagram.com
16,Janetta McFadin,3 Birchwood Point,95128,CA,jmcfadinf@topsy.com
17,Virgie Eppson,6970 David Junction,19120,PA,veppsong@is.gd
18,Lindy Bonifacio,3 Birchwood Point,32405,FL,lbonifacioh@yelp.com
19,Clevey Dellenbrook,67 Stoughton Center,70005,LA,cdellenbrooki@ted.com
20,Beverlie Rangell,617 Loeprich Hill,14905,NY,brangellj@cocolog-nifty.com
21,Ruddie Angel,3374 Surrey Court,75710,TX,rangelk@wunderground.com
22,Adel Connow,9902 Columbus Park,24020,VA,aconnowl@nasa.gov
23,Faye Giacubbo,56812 Butterfield Trail,32919,FL,fgiacubbom@cmu.edu
24,Terri-jo Livett,2 Blaine Crossing,40515,KY,tlivettn@instagram.com
25,Adelina Cropp,7737 Scofield Plaza,47719,IN,acroppo@acquirethisname.com
26,Kerianne Cuppitt,271 Burrows Parkway,88558,TX,kcuppittp@sbwire.com
27,Axel Kerin,425 Delladonna Pass,11210,NY,akerinq@amazon.com
28,Lauralee O'Fergus,2 Crowley Place,85260,AZ,lofergusr@about.com
29,Courtnay Applegate,88698 Farragut Pass,76210,TX,capplegates@dailymail.co.uk
30,Ignaz Galbraeth,66428 Transport Park,80209,CO,igalbraetht@time.com
31,Harrie Rubee,95 Lunder Alley,59112,MT,hrubeeu@mozilla.com
32,Alex Klosa,02650 Graceland Trail,59623,MT,aklosav@earthlink.net
33,Hulda Straw,5 American Ash Hill,46295,IN,hstraww@weibo.com
34,Paddy Brosnan,56 Hoffman Alley,25331,WV,pbrosnanx@senate.gov
35,Lloyd McNally,7922 Aberg Park,11024,NY,lmcnallyy@google.pl
36,Rudiger Orgee,004 Dryden Hill,62764,IL,rorgeez@amazon.com
37,Carroll Nolin,0128 David Junction,99517,AK,cnolin10@fastcompany.com
38,Valdemar Culross,19026 East Parkway,35279,AL,vculross11@hc360.com
39,Matt Fleisch,5 Tomscot Place,90810,CA,mfleisch12@statcounter.com
40,Merill Mowatt,440 Hudson Circle,37228,TN,mmowatt13@europa.eu
41,Georgi Trinke,5 Graedel Circle,79999,TX,gtrinke14@mtv.com
42,Peyton Chevis,1 Loftsgordon Avenue,33330,FL,pchevis15@123-reg.co.uk
43,Jaynell Murtagh,6 Northport Alley,20088,DC,jmurtagh16@hexun.com
44,Patricio Wheatley,9 Duke Trail,77040,TX,pwheatley17@rambler.ru
45,Chloris Daintree,34154 Golden Leaf Center,91117,CA,cdaintree18@tuttocitta.it
46,Eartha Bilton,3887 Talmadge Center,25336,WV,ebilton19@miibeian.gov.cn
47,Christiana Perrygo,4 Golf View Place,79911,TX,cperrygo1a@aol.com
48,Raynard Mottinelli,1 Hauk Center,06152,CT,rmottinelli1b@parallels.com
49,Kristine Schuler,69088 Forest Dale Point,23464,VA,kschuler1c@addtoany.com
50,Paddie Elen,6655 Paget Park,78470,TX,pelen1d@php.net
51,Byram Fortune,89912 Paget Terrace,34629,FL,bfortune1e@state.tx.us
52,Bernie Pucknell,68113 Walton Court,78426,TX,bpucknell1f@ca.gov
53,Cynthy Lillgard,824 Lindbergh Drive,76205,TX,clillgard1g@reference.com
54,Gwynne O'Crigan,3047 Hoard Avenue,02305,MA,gocrigan1h@hostgator.com
55,Ethelyn Cubbino,31579 Kings Court,45426,OH,ecubbino1i@google.pl
56,Luella O'Giany,989 Vermont Center,33169,FL,logiany1j@google.it
57,Brnaby Pugsley,1733 Muir Road,90010,CA,bpugsley1k@cmu.edu
58,Tom Tivenan,1568 Oakridge Trail,73071,OK,ttivenan1l@twitter.com
59,Hanson Licciardi,6611 Fairview Road,07522,NJ,hlicciardi1m@zimbio.com
60,Jules Esp,42 Scott Circle,92705,CA,jesp1n@psu.edu
61,Mark Stinchcombe,89 Donald Street,02283,MA,mstinchcombe1o@netvibes.com
62,Vincent Philpot,839 Mesta Parkway,95155,CA,vphilpot1p@state.gov
63,Rey Langwade,210 Cherokee Center,46406,IN,rlangwade1q@nbcnews.com
64,Dougie Bedells,647 Tony Hill,20310,DC,dbedells1r@opensource.org
65,Broddy Lomond,8 Crownhardt Hill,84170,UT,blomond1s@amazon.de
66,Shay Van Velde,92874 Meadow Ridge Lane,89110,NV,svan1t@nature.com
67,Jenilee Raison,719 Northridge Alley,94627,CA,jraison1u@fc2.com
68,Nick Elgey,69 Dottie Pass,30092,GA,nelgey1v@wordpress.org
69,Abeu Kenwyn,59464 Kennedy Alley,65110,MO,akenwyn1w@linkedin.com
70,Tom Clarke,59 Fordem Point,38161,TN,tclarke1x@wordpress.org
71,Jeremie de Quesne,65 Vermont Lane,60609,IL,jde1y@nydailynews.com
72,Ed MacCambridge,137 Forest Run Parkway,55402,MN,emaccambridge1z@go.com
73,Min Schlag,0 Sommers Drive,55470,MN,mschlag20@elpais.com
74,Natty Allabarton,10553 Elgar Alley,71115,LA,nallabarton21@is.gd
75,Rene Gittens,6 Talmadge Way,31190,GA,rgittens22@yahoo.com
76,Winna Ginley,73 Anderson Parkway,60669,IL,wginley23@goodreads.com
77,Cherilynn Foggarty,7206 Packers Point,10029,NY,cfoggarty24@cafepress.com
78,Ariela Billitteri,279 Eastwood Place,89130,NV,abillitteri25@freewebs.com
79,Ingemar Roache,10 Westport Hill,88563,TX,iroache26@dedecms.com
80,Ardelia Siccombe,9462 Wayridge Plaza,04109,ME,asiccombe27@virginia.edu
81,Jerrilyn Cornelleau,3095 Jackson Parkway,01905,MA,jcornelleau28@google.com.br
82,Amber Dreher,99468 South Street,93111,CA,adreher29@github.io
83,Lesley Tullis,84 Tennessee Drive,78225,TX,ltullis2a@php.net
84,Darnall Cocks,10338 Eggendart Way,33705,FL,dcocks2b@weibo.com
85,Dwight Collete,08 Comanche Drive,14683,NY,dcollete2c@microsoft.com
86,Rossie Gundrey,0966 Ridge Oak Lane,33686,FL,rgundrey2d@seesaa.net
87,Lawry Staterfield,9 Monica Alley,91103,CA,lstaterfield2e@tripadvisor.com
88,Malinda Nafzger,247 Arrowood Road,55480,MN,mnafzger2f@deliciousdays.com
89,Jaclyn Castaner,3502 Vermont Pass,32575,FL,jcastaner2g@opera.com
90,Patin Gully,6185 Shasta Drive,11220,NY,pgully2h@angelfire.com
91,Dannel Murrey,80976 Brickson Park Center,29424,SC,dmurrey2i@comsenz.com
92,William Odd,0941 Helena Way,48242,MI,wodd2j@hud.gov
93,Brittany Riddles,5497 Sutteridge Terrace,76011,TX,briddles2k@youku.com
94,Zsa zsa Watkiss,59 Hoffman Center,46825,IN,zzsa2l@angelfire.com
95,Fay Vittel,5794 Prairie Rose Center,20530,DC,fvittel2m@admin.ch
96,Frederico Sommerville,414 Twin Pines Trail,02305,MA,fsommerville2n@ox.ac.uk
97,Fenelia Dauney,54935 Almo Drive,29208,SC,fdauney2o@hud.gov
98,Celina Crutch,8403 Mayfield Trail,19109,PA,ccrutch2p@wikipedia.org
99,Ellerey Buey,8798 Carberry Trail,12210,NY,ebuey2q@trellian.com
100,Davita De Gregoli,6953 Petterle Point,53705,WI,dde2r@biblegateway.com
101,Roosevelt Montel,01 Moose Terrace,36109,AL,rmontel2s@house.gov
102,Daryn Petrelli,171 Atwood Parkway,95865,CA,dpetrelli2t@booking.com
103,Andros Billett,39 Melrose Trail,30919,GA,abillett2u@senate.gov
104,Adria Tyght,104 Charing Cross Road,89714,NV,atyght2v@wufoo.com
105,Berk Ickowicz,3772 Kings Court,70820,LA,bickowicz2w@princeton.edu
106,Chaunce Sloan,06189 Meadow Ridge Drive,27705,NC,csloan2x@reddit.com
107,Akim Easeman,4955 Gina Street,06673,CT,aeaseman2y@smugmug.com
108,Michell Stain,7014 Anhalt Trail,60567,IL,mstain2z@salon.com
109,Reid Cutford,18067 Summerview Point,40596,KY,rcutford30@geocities.jp
110,Barri McGiveen,274 Canary Junction,90610,CA,bmcgiveen31@sphinn.com
111,Leonie De la Feld,564 Hoard Parkway,99790,AK,lde32@xinhuanet.com
112,Rik Cartmael,4 Banding Center,92191,CA,rcartmael33@canalblog.com
113,Rem Frosdick,0815 Marcy Road,60078,IL,rfrosdick34@prweb.com
114,Ianthe Bonaire,49689 La Follette Parkway,76198,TX,ibonaire35@uiuc.edu
115,Damiano McKay,8760 Park Meadow Park,94263,CA,dmckay36@yahoo.co.jp
116,Gunilla Cranham,1 Stang Crossing,27110,NC,gcranham37@example.com
117,Barbaraanne Huffa,345 American Ash Avenue,19714,DE,bhuffa38@kickstarter.com
118,Adaline MacMickan,8550 Heffernan Terrace,32277,FL,amacmickan39@ebay.com
119,Mario Nisuis,8351 Hoffman Pass,30919,GA,mnisuis3a@alibaba.com
120,Gert Tookey,56044 Red Cloud Avenue,64190,MO,gtookey3b@sina.com.cn
121,Deena Jaffray,592 Little Fleur Crossing,95194,CA,djaffray3c@usnews.com
122,Simone Nussgen,0071 Lunder Road,30061,GA,snussgen3d@admin.ch
123,Ethyl Powrie,83196 Rusk Circle,57110,SD,epowrie3e@pen.io
124,Sybil Brideaux,80 Oxford Road,27615,NC,sbrideaux3f@wikia.com
125,Erhard Shadbolt,22408 Nobel Point,99220,WA,eshadbolt3g@ox.ac.uk
126,Nissy Balfour,3 Raven Circle,17405,PA,nbalfour3h@ihg.com
127,Terry Grolle,1 Park Meadow Alley,85219,AZ,tgrolle3i@cdbaby.com
128,Mariquilla Griffe,4594 Maple Trail,89115,NV,mgriffe3j@wikispaces.com
129,Emmet Ahlf,29 Raven Lane,90030,CA,eahlf3k@squidoo.com
130,Web Dunks,50824 Macpherson Alley,40293,KY,wdunks3l@taobao.com
131,Rois Twallin,758 Pankratz Pass,92725,CA,rtwallin3m@columbia.edu
132,Dorri Seago,5617 Vernon Way,59771,MT,dseago3n@cornell.edu
133,Clemens Matushevich,741 Kensington Drive,77090,TX,cmatushevich3o@nature.com
134,Jonis Oboy,5133 Sherman Court,85284,AZ,joboy3p@linkedin.com
135,Christiana Enbury,1 Stephen Avenue,20436,DC,cenbury3q@yandex.ru
136,Kaleena Jakes,10403 Corben Hill,93106,CA,kjakes3r@ovh.net
137,Roanna Cordall,551 Fordem Crossing,30022,GA,rcordall3s@webnode.com
138,Ellwood MacAdie,812 Oakridge Lane,44105,OH,emacadie3t@mayoclinic.com
139,Moll Armell,8 Green Ridge Junction,66642,KS,marmell3u@usgs.gov
140,Olimpia Baxstare,59 Express Junction,76192,TX,obaxstare3v@tiny.cc
141,Noelyn Ellingworth,52440 Sugar Drive,33283,FL,nellingworth3w@hc360.com
142,Syman Seymer,96627 Texas Crossing,12205,NY,sseymer3x@blogger.com
143,Agace Kohrding,113 Sloan Center,13210,NY,akohrding3y@tripod.com
144,Bridie Odgers,3877 Pond Alley,70129,LA,bodgers3z@sphinn.com
145,Husein Kropach,21670 Mitchell Circle,28314,NC,hkropach40@last.fm
146,Yettie Ley,9 Mariners Cove Place,34114,FL,yley41@pagesperso-orange.fr
147,Rudiger Chittim,67 Center Hill,92725,CA,rchittim42@mashable.com
148,Serene Minchella,4 Jackson Junction,85260,AZ,sminchella43@ca.gov
149,Ashien Champneys,07 Ryan Center,23208,VA,achampneys44@blogs.com
150,Benedick Noorwood,07 Alpine Crossing,78737,TX,bnoorwood45@networksolutions.com
151,Jilleen MacCumiskey,6889 Pankratz Point,37939,TN,jmaccumiskey46@blogspot.com
152,Kylila Albury,375 Randy Road,21282,MD,kalbury47@netlog.com
153,Allister Chalcraft,22806 Pennsylvania Hill,70124,LA,achalcraft48@quantcast.com
154,Tracey Spivie,57084 Acker Parkway,31136,GA,tspivie49@plala.or.jp
155,Raddie Caswall,98422 Debra Center,10060,NY,rcaswall4a@tripadvisor.com
156,Anne-marie Aldridge,564 Vermont Point,27110,NC,aaldridge4b@domainmarket.com
157,Gelya Abramzon,937 South Way,94405,CA,gabramzon4c@digg.com
158,Margaux Rewan,63804 Orin Pass,50315,IA,mrewan4d@goodreads.com
159,Geoffry Trappe,4115 Little Fleur Pass,64082,MO,gtrappe4e@tinypic.com
160,Maribel Stanislaw,026 Bay Terrace,76096,TX,mstanislaw4f@china.com.cn
161,Ronald Lidgard,29 Coolidge Place,55564,MN,rlidgard4g@ucoz.com
162,Holly-anne Mansbridge,74877 Mariners Cove Hill,55557,MN,hmansbridge4h@stumbleupon.com
163,Roze Procter,3355 Rockefeller Parkway,44191,OH,rprocter4i@dion.ne.jp
164,Claire Dukesbury,9192 Kipling Park,92137,CA,cdukesbury4j@mysql.com
165,Nancy Shiell,84234 Gulseth Circle,37410,TN,nshiell4k@g.co
166,Flossy Manchester,1488 Graedel Hill,94660,CA,fmanchester4l@gnu.org
167,Daphne Ridgwell,7304 Browning Park,06912,CT,dridgwell4m@simplemachines.org
168,Sharia Abatelli,92229 Scoville Avenue,94137,CA,sabatelli4n@posterous.com
169,Millie Hallatt,47340 Sachtjen Drive,76905,TX,mhallatt4o@php.net
170,Valerye Stive,5 Messerschmidt Place,64142,MO,vstive4p@psu.edu
171,Tabby Lavallin,31959 Valley Edge Alley,18768,PA,tlavallin4q@biblegateway.com
172,Jed Ternouth,67 Farwell Way,37605,TN,jternouth4r@mysql.com
173,Ciro Payton,651 Birchwood Court,47306,IN,cpayton4s@dion.ne.jp
174,Auberon Ure,08 Prairie Rose Junction,76505,TX,aure4t@ftc.gov
175,Jocelyn Powlesland,2942 Delaware Pass,01152,MA,jpowlesland4u@github.io
176,Jaquenette Tapply,03 Vernon Crossing,37240,TN,jtapply4v@globo.com
177,Latia Jacomb,381 Comanche Street,84145,UT,ljacomb4w@amazonaws.com
178,Storm Huxley,224 Vahlen Point,96835,HI,shuxley4x@1688.com
179,Austina McSkeagan,3 Arapahoe Avenue,14233,NY,amcskeagan4y@blogspot.com
180,Sib Spurret,96 Blue Bill Park Plaza,97306,OR,sspurret4z@nymag.com
181,Mannie Flowers,33 Eagle Crest Circle,75287,TX,mflowers50@cocolog-nifty.com
182,Ailis Burndred,88 Victoria Circle,76310,TX,aburndred51@abc.net.au
183,Dexter Longega,749 Colorado Junction,88569,TX,dlongega52@telegraph.co.uk
184,Malchy Maasz,6564 Hollow Ridge Terrace,80217,CO,mmaasz53@about.com
185,Wells Gilbride,4555 Messerschmidt Court,20520,DC,wgilbride54@marriott.com
186,Karon Salzburger,1752 Nelson Point,35225,AL,ksalzburger55@smh.com.au
187,Tiler Brunicke,10 Dexter Parkway,33884,FL,tbrunicke56@simplemachines.org
188,Minerva Vaggers,62 Rutledge Terrace,33129,FL,mvaggers57@cnn.com
189,Stillmann Lennox,12 Cambridge Crossing,33416,FL,slennox58@desdev.cn
190,Elroy Stoneman,93 Redwing Point,77035,TX,estoneman59@soundcloud.com
191,Brandice Koles,547 Green Center,15134,PA,bkoles5a@xinhuanet.com
192,Ansel Beaushaw,681 Luster Street,50335,IA,abeaushaw5b@redcross.org
193,Bria Trouel,4 Burning Wood Alley,79710,TX,btrouel5c@comcast.net
194,Willard Mariel,718 Redwing Avenue,37131,TN,wmariel5d@elpais.com
195,Bald Sheekey,2770 Ramsey Court,10125,NY,bsheekey5e@nytimes.com
196,Violette Keyzor,90022 Arkansas Trail,60567,IL,vkeyzor5f@google.pl
197,Tiphanie Buie,9 Johnson Circle,33615,FL,tbuie5g@businesswire.com
198,Fidelio Walch,0913 Rigney Parkway,20244,DC,fwalch5h@wisc.edu
199,Baily Honywill,20 Amoth Park,95219,CA,bhonywill5i@mozilla.org
200,Kiersten McLagan,558 Claremont Street,37210,TN,kmclagan5j@free.fr
201,Sher Conisbee,91 Hudson Lane,88535,TX,sconisbee5k@google.cn
202,Bernard Torbard,1749 Corry Plaza,83757,ID,btorbard5l@miitbeian.gov.cn
203,Toiboid Wyldbore,83 Fremont Park,33141,FL,twyldbore5m@sogou.com
204,Randa Ghent,06964 Kinsman Trail,64153,MO,rghent5n@state.tx.us
205,Koren Donneely,880 Melby Crossing,55146,MN,kdonneely5o@bizjournals.com
206,Jennica Downing,21057 Northport Trail,17121,PA,jdowning5p@weebly.com
207,Ulberto Tunmore,35303 Ridge Oak Center,89436,NV,utunmore5q@census.gov
208,Saidee Bello,6 Hoard Point,78470,TX,sbello5r@house.gov
209,Richmound Murricanes,85202 Maple Pass,23454,VA,rmurricanes5s@washingtonpost.com
210,Molly Isaaksohn,35 Old Gate Circle,53716,WI,misaaksohn5t@bravesites.com
211,Valdemar Navein,0 Lien Street,20244,DC,vnavein5u@auda.org.au
212,Jessey Allsepp,21000 Hintze Alley,73190,OK,jallsepp5v@uiuc.edu
213,Dannye Jull,7 Donald Lane,77212,TX,djull5w@google.pl
214,Nelson Moncrieffe,9657 Tomscot Court,90605,CA,nmoncrieffe5x@omniture.com
215,Addi Besque,707 Vahlen Parkway,53215,WI,abesque5y@nytimes.com
216,Donn Paolazzi,1 Straubel Park,30351,GA,dpaolazzi5z@godaddy.com
217,Hedda Penni,81 Old Gate Plaza,19495,PA,hpenni60@ox.ac.uk
218,Rosaline Francesch,9936 Messerschmidt Circle,39296,MS,rfrancesch61@themeforest.net
219,Sorcha Halliwell,904 Spohn Avenue,94712,CA,shalliwell62@dmoz.org
220,Koo Wratten,2 Havey Park,47705,IN,kwratten63@forbes.com
221,Annabella Wellstood,70 Grim Hill,78426,TX,awellstood64@woothemes.com
222,Sallyanne Silwood,8266 Kipling Lane,20566,DC,ssilwood65@mapquest.com
223,Jacinta Niset,1 Muir Drive,55564,MN,jniset66@census.gov
224,Ryun Scholl,0273 Laurel Park,68124,NE,rscholl67@domainmarket.com
225,Hilton Skitteral,4006 Schiller Court,40225,KY,hskitteral68@wix.com
226,Trisha O'Hear,1 Scott Lane,80328,CO,tohear69@dedecms.com
227,Paulina Skeels,15 Jana Drive,43605,OH,pskeels6a@usgs.gov
228,Marvin Bonnier,649 Thompson Center,90040,CA,mbonnier6b@narod.ru
229,Katee Lurner,671 Surrey Terrace,55417,MN,klurner6c@miibeian.gov.cn
230,Berne Mc Dermid,2 Green Ridge Park,79994,TX,bmc6d@rediff.com
231,Darsie Mazey,47113 Colorado Junction,10606,NY,dmazey6e@usnews.com
232,Pia Sivyer,5362 Blaine Court,30343,GA,psivyer6f@google.com.hk
233,Killy Renachowski,08 Chive Junction,80235,CO,krenachowski6g@go.com
234,Matilda Winter,395 Pawling Terrace,84189,UT,mwinter6h@timesonline.co.uk
235,Michaella Caird,627 Dapin Place,30380,GA,mcaird6i@omniture.com
236,Florette Trever,1181 Pierstorff Trail,33261,FL,ftrever6j@exblog.jp
237,Angelle Morsom,9 Fair Oaks Way,24034,VA,amorsom6k@mail.ru
238,Pet Canny,861 Loeprich Circle,78235,TX,pcanny6l@nydailynews.com
239,Germain Shortcliffe,45550 Forest Run Parkway,60505,IL,gshortcliffe6m@constantcontact.com
240,Hilda McAless,962 Cardinal Avenue,37205,TN,hmcaless6n@goo.ne.jp
241,Steffi Honnan,92680 Manitowish Trail,31410,GA,shonnan6o@dailymail.co.uk
242,Nicola Meaney,97796 Dahle Street,23668,VA,nmeaney6p@salon.com
243,Oralee Sangra,47582 Southridge Court,97286,OR,osangra6q@youku.com
244,Morris Dedham,9 Bartillon Way,78230,TX,mdedham6r@acquirethisname.com
245,Kerry Dilks,0117 Morning Terrace,34282,FL,kdilks6s@cdbaby.com
246,Alfy Rieger,95893 Kensington Circle,53225,WI,arieger6t@tuttocitta.it
247,Meir Finkle,14534 Derek Drive,74193,OK,mfinkle6u@printfriendly.com
248,Dietrich Hehl,61323 Iowa Court,36205,AL,dhehl6v@vinaora.com
249,Jorey Galletly,4842 Butterfield Park,28284,NC,jgalletly6w@gov.uk
250,Guenna Marquiss,279 Hoard Plaza,98411,WA,gmarquiss6x@1688.com
251,Manon Dictus,21544 Sunfield Crossing,60351,IL,mdictus6y@sun.com
252,Federico Thomassin,62 Ryan Circle,49006,MI,fthomassin6z@issuu.com
253,Brannon Kimmel,252 Sunnyside Court,33954,FL,bkimmel70@google.it
254,Addy Dawidowsky,1 Prairieview Circle,66699,KS,adawidowsky71@usnews.com
255,Myca Cotterill,88 Burning Wood Junction,06505,CT,mcotterill72@multiply.com
256,Hetti Ughi,52 Stoughton Plaza,88589,TX,hughi73@nationalgeographic.com
257,Trescha MacTrustie,6 Sugar Avenue,80905,CO,tmactrustie74@addtoany.com
258,Barbara Brade,57 Pawling Avenue,08619,NJ,bbrade75@mozilla.com
259,Berne Coole,2637 Anthes Point,06825,CT,bcoole76@google.co.jp
260,Tammara Liddyard,1 Artisan Center,68124,NE,tliddyard77@naver.com
261,Samuele Guitel,8 Tomscot Pass,26505,WV,sguitel78@hatena.ne.jp
262,Aldus Theobalds,8 Dryden Lane,91411,CA,atheobalds79@php.net
263,Calv Blackaller,0 Main Court,24503,VA,cblackaller7a@google.com
264,Frasquito McReedy,861 Sachtjen Plaza,78265,TX,fmcreedy7b@dot.gov
265,Minda Treharne,8604 Reinke Pass,80217,CO,mtreharne7c@mayoclinic.com
266,Jillene Ugolini,91 Cordelia Road,90405,CA,jugolini7d@e-recht24.de
267,Manuel Ben,676 Walton Hill,99215,WA,mben7e@theguardian.com
268,Rem Borge,2023 Twin Pines Circle,10165,NY,rborge7f@usa.gov
269,Alexi Izon,39637 Washington Alley,95133,CA,aizon7g@narod.ru
270,Shoshanna Meiklejohn,70978 Sunfield Alley,22217,VA,smeiklejohn7h@marketwatch.com
271,Nonna Tilio,0 Barnett Plaza,33233,FL,ntilio7i@ebay.com
272,Lynnet Kingsford,9236 Shelley Circle,92424,CA,lkingsford7j@e-recht24.de
273,Devina Basezzi,7 Cordelia Place,29615,SC,dbasezzi7k@msn.com
274,Lisetta Balaizot,95 Redwing Circle,50936,IA,lbalaizot7l@istockphoto.com
275,Eloise Whitta,0259 Katie Plaza,66205,KS,ewhitta7m@yolasite.com
276,Delcina Boice,8015 Helena Junction,77299,TX,dboice7n@php.net
277,Lura Briant,453 Lyons Center,75277,TX,lbriant7o@msu.edu
278,Perl Wakeling,77 Lindbergh Circle,94089,CA,pwakeling7p@ocn.ne.jp
279,Shayna Harrild,59 Lake View Crossing,70815,LA,sharrild7q@cloudflare.com
280,Oliver Casone,3 Pond Court,98411,WA,ocasone7r@uiuc.edu
281,Rene Topham,9770 Kedzie Park,93794,CA,rtopham7s@dot.gov
282,Nico Onyon,03 Commercial Circle,70810,LA,nonyon7t@princeton.edu
283,Dody Van,9 Clyde Gallagher Center,33141,FL,dvan7u@vinaora.com
284,Merrili Degnen,5 Jana Terrace,62718,IL,mdegnen7v@gmpg.org
285,Mavis Adran,5834 Stone Corner Center,55412,MN,madran7w@nps.gov
286,Augustine Moodycliffe,47899 Carioca Alley,14210,NY,amoodycliffe7x@odnoklassniki.ru
287,Tedmund Custance,9870 Cody Street,77293,TX,tcustance7y@360.cn
288,Andonis Whinney,52689 Eagle Crest Park,65810,MO,awhinney7z@over-blog.com
289,Stanly Whyborne,17 Nancy Point,28805,NC,swhyborne80@samsung.com
290,Morry Mallabon,18 American Ash Hill,55572,MN,mmallabon81@sciencedirect.com
291,Ianthe Elgee,488 Bay Crossing,10039,NY,ielgee82@stanford.edu
292,Mersey Buller,520 Paget Hill,20167,VA,mbuller83@aboutads.info
293,Warren Wilfling,32 Lake View Parkway,28247,NC,wwilfling84@shinystat.com
294,Shana Cherry Holme,469 Ruskin Terrace,95813,CA,scherry85@businesswire.com
295,Catharine Mordecai,99 Sachs Circle,93386,CA,cmordecai86@newsvine.com
296,Giorgio Antonsen,95 Eastwood Pass,70505,LA,gantonsen87@dmoz.org
297,Lydia Gregorio,10610 Petterle Terrace,32230,FL,lgregorio88@sun.com
298,Rorke Fahrenbacher,160 Columbus Center,68583,NE,rfahrenbacher89@istockphoto.com
299,Daron Brick,52 Kensington Hill,90505,CA,dbrick8a@netscape.com
300,Juditha Brizell,81 Superior Point,40280,KY,jbrizell8b@xing.com
301,Sanderson Lillicrap,6768 Delaware Alley,47725,IN,slillicrap8c@ft.com
302,Yolanda Skally,4029 Graceland Hill,71161,LA,yskally8d@storify.com
303,Stavro Powys,1 Manley Junction,33715,FL,spowys8e@virginia.edu
304,Clarita Krienke,54715 Ruskin Crossing,78220,TX,ckrienke8f@examiner.com
305,Pauline Bohman,78171 Hoffman Court,78205,TX,pbohman8g@naver.com
306,Orran Vidgeon,08 Sunbrook Court,49444,MI,ovidgeon8h@wisc.edu
307,Roselia Brimblecombe,6 Golden Leaf Road,64153,MO,rbrimblecombe8i@boston.com
308,Rickert De Ortega,453 Johnson Lane,87110,NM,rde8j@imgur.com
309,Izaak Elgy,9769 Sherman Avenue,94627,CA,ielgy8k@example.com
310,Erv Matteoni,33646 Porter Hill,15279,PA,ematteoni8l@xrea.com
311,Antonietta Seefeldt,3 Dayton Alley,73119,OK,aseefeldt8m@linkedin.com
312,Josias Sheara,5 Armistice Lane,79984,TX,jsheara8n@cnn.com
313,Ignaz Nugent,852 Grover Road,74108,OK,inugent8o@ebay.co.uk
314,Darrin Dumingo,9980 Oak Parkway,28263,NC,ddumingo8p@barnesandnoble.com
315,Amber Dudenie,74 Warrior Trail,19714,DE,adudenie8q@bloglines.com
316,Hadley Boucher,0 Northview Way,85710,AZ,hboucher8r@uiuc.edu
317,Natalie Crowden,36 Harbort Street,39534,MS,ncrowden8s@furl.net
318,Fremont Colls,21277 Esker Junction,27116,NC,fcolls8t@paginegialle.it
319,Roana McCathy,6 Lighthouse Bay Parkway,91841,CA,rmccathy8u@wisc.edu
320,Ara Feechan,6574 Colorado Terrace,44710,OH,afeechan8v@samsung.com
321,Liesa Fearnyough,5623 Bartillon Road,91103,CA,lfearnyough8w@1und1.de
322,Antonin Beswetherick,492 Gateway Terrace,75605,TX,abeswetherick8x@columbia.edu
323,Ado Wybern,75496 Sutherland Road,55146,MN,awybern8y@google.fr
324,Nelie Lilleycrop,0 Mallard Plaza,77299,TX,nlilleycrop8z@ft.com
325,Annadiana Lowthorpe,63771 Hanson Terrace,44905,OH,alowthorpe90@icio.us
326,Alecia Speariett,227 Tennessee Park,40591,KY,aspeariett91@blogtalkradio.com
327,Dorisa Dablin,09445 Rigney Way,32209,FL,ddablin92@soundcloud.com
328,Ceciley Matiewe,35193 Graedel Alley,57198,SD,cmatiewe93@xrea.com
329,Tonia Kibbe,37609 Armistice Street,10469,NY,tkibbe94@geocities.jp
330,Nicholas Thrussell,463 Nova Park,78682,TX,nthrussell95@nsw.gov.au
331,Staford Burnhill,755 Bunting Pass,77020,TX,sburnhill96@cpanel.net
332,Lane Kayley,303 Manley Court,38126,TN,lkayley97@facebook.com
333,Sidonnie McPharlain,046 Mallory Park,61709,IL,smcpharlain98@ameblo.jp
334,Sherlocke Crayker,21 Alpine Crossing,70810,LA,scrayker99@goo.ne.jp
335,Belvia Coots,422 Havey Terrace,75265,TX,bcoots9a@uol.com.br
336,Wylie Gilligan,1415 Coleman Alley,48335,MI,wgilligan9b@slashdot.org
337,Perkin Cundy,67898 Elka Street,81005,CO,pcundy9c@myspace.com
338,Franny Hayter,120 Mandrake Center,55108,MN,fhayter9d@theglobeandmail.com
339,Marthe Danilin,091 West Drive,71914,AR,mdanilin9e@ustream.tv
340,Cort Pautard,2 Morningstar Court,32803,FL,cpautard9f@nba.com
341,Evelyn Stannus,75064 6th Drive,33694,FL,estannus9g@webeden.co.uk
342,Vivien Fenny,1 Beilfuss Court,63196,MO,vfenny9h@amazonaws.com
343,Ann-marie Fosbraey,5454 Monument Drive,98109,WA,afosbraey9i@irs.gov
344,Joey Emanuele,86 Towne Street,17405,PA,jemanuele9j@sohu.com
345,Tyne Lippett,840 Service Avenue,33180,FL,tlippett9k@java.com
346,Karina Baxster,6 Dennis Crossing,53215,WI,kbaxster9l@ucoz.ru
347,Martelle Hassin,9 Miller Alley,25356,WV,mhassin9m@ow.ly
348,Ibbie Huxter,923 Springs Park,11254,NY,ihuxter9n@sbwire.com
349,Griselda Skermer,5934 Thierer Drive,98206,WA,gskermer9o@ow.ly
350,Ignazio Manus,17 Londonderry Court,53220,WI,imanus9p@nature.com
351,Bartholomew Esland,2 Gateway Pass,47705,IN,besland9q@ted.com
352,Dorolisa Webley,8 Hoffman Avenue,60630,IL,dwebley9r@ifeng.com
353,Pamelina Willgoose,3473 Jay Way,60351,IL,pwillgoose9s@indiegogo.com
354,Loralie Scinelli,5922 Lindbergh Pass,77705,TX,lscinelli9t@gravatar.com
355,Cly Olivet,85 Glacier Hill Alley,80930,CO,colivet9u@printfriendly.com
356,Saba Birden,21 High Crossing Road,47812,IN,sbirden9v@rediff.com
357,Florencia Liepina,11 Mockingbird Pass,76134,TX,fliepina9w@wsj.com
358,Creigh Hannay,6 Prairie Rose Crossing,64125,MO,channay9x@nifty.com
359,Marcella Giannotti,189 Eagle Crest Place,63158,MO,mgiannotti9y@cloudflare.com
360,Abbott Tootell,5 Muir Terrace,23208,VA,atootell9z@bluehost.com
361,Alonso Pell,3 Katie Avenue,32314,FL,apella0@phpbb.com
362,Shandeigh Wiggall,7527 Daystar Center,40586,KY,swiggalla1@purevolume.com
363,Mireielle Farington,977 Towne Crossing,10203,NY,mfaringtona2@lycos.com
364,Ive Gresley,61 Service Pass,32835,FL,igresleya3@furl.net
365,Allsun Hedney,8128 Texas Avenue,20599,DC,ahedneya4@creativecommons.org
366,Cecil Gallgher,4 Eagan Circle,85705,AZ,cgallghera5@pagesperso-orange.fr
367,Anallise Jaggers,7963 Maywood Way,90605,CA,ajaggersa6@cloudflare.com
368,Shirley O'Fallowne,9 Village Trail,97255,OR,sofallownea7@chronoengine.com
369,Gordie Oglethorpe,7397 Crest Line Circle,33432,FL,goglethorpea8@ebay.com
370,Christean Figgs,1952 David Road,57105,SD,cfiggsa9@weather.com
371,Sampson Moores,9 Hayes Drive,99512,AK,smooresaa@nih.gov
372,Selina Longdon,8 Kedzie Junction,89550,NV,slongdonab@studiopress.com
373,Simeon Baggallay,795 Orin Street,85715,AZ,sbaggallayac@freewebs.com
374,Janis Broomer,07018 Thackeray Way,10454,NY,jbroomerad@tamu.edu
375,Bernadine Ogger,3 Crowley Parkway,45233,OH,boggerae@microsoft.com
376,Brendis Shambroke,3204 Anthes Trail,37416,TN,bshambrokeaf@wordpress.org
377,Jermaine Willshee,32177 Pearson Parkway,79710,TX,jwillsheeag@hhs.gov
378,Reynold Challes,26 Vera Circle,73104,OK,rchallesah@google.com.br
379,Justinian Heazel,24 Utah Parkway,06520,CT,jheazelai@miibeian.gov.cn
380,Marleen Gunderson,62 Grayhawk Crossing,27615,NC,mgundersonaj@yale.edu
381,Nanon Vise,5 Prairieview Road,65110,MO,nviseak@linkedin.com
382,Hew Revens,4 Blaine Trail,92115,CA,hrevensal@reddit.com
383,Barnabas MacGaughey,87788 Judy Terrace,20591,DC,bmacgaugheyam@csmonitor.com
384,Pace Mozzetti,9 Norway Maple Point,77240,TX,pmozzettian@vkontakte.ru
385,Chris Chastanet,58514 Havey Crossing,33330,FL,cchastanetao@newsvine.com
386,Rhona Barnsdall,96 Portage Terrace,92878,CA,rbarnsdallap@icio.us
387,Trey Vassie,053 Vahlen Parkway,77212,TX,tvassieaq@ca.gov
388,Malina Thurling,277 Ruskin Court,40293,KY,mthurlingar@stumbleupon.com
389,Puff Ianizzi,5319 Duke Road,25711,WV,pianizzias@flavors.me
390,Calley Sandyford,6941 Stuart Drive,07544,NJ,csandyfordat@google.ru
391,Kelwin Lording,9 Manufacturers Hill,08608,NJ,klordingau@pcworld.com
392,Mei Serrurier,103 Fremont Place,99517,AK,mserrurierav@intel.com
393,Lazarus Valadez,14773 Veith Street,12222,NY,lvaladezaw@gravatar.com
394,Nara Schuricht,37601 Forest Run Pass,79994,TX,nschurichtax@google.cn
395,Gannon Marchenko,3876 Fairview Court,20337,DC,gmarchenkoay@csmonitor.com
396,Siobhan Gurko,66285 Clarendon Way,10150,NY,sgurkoaz@discovery.com
397,Dermot Domerq,10 Maywood Drive,88530,TX,ddomerqb0@blog.com
398,Iolande Grigoriev,62 Kipling Center,11254,NY,igrigorievb1@reddit.com
399,Desiree Ragot,68256 Bartillon Park,64114,MO,dragotb2@nyu.edu
400,Marcelle Forster,800 Comanche Terrace,96850,HI,mforsterb3@forbes.com
401,Nike Stuehmeyer,744 Butterfield Trail,80150,CO,nstuehmeyerb4@va.gov
402,Fredelia Parnby,83 Starling Place,98447,WA,fparnbyb5@cam.ac.uk
403,Ricki Lavall,9769 Claremont Place,50347,IA,rlavallb6@oracle.com
404,Lynette Sinderland,25402 Calypso Plaza,64101,MO,lsinderlandb7@w3.org
405,Angelo Meakin,774 Mitchell Terrace,14639,NY,ameakinb8@yelp.com
406,Bertina Avis,20 Forest Run Trail,49048,MI,bavisb9@ca.gov
407,Edie Pittaway,13 Luster Drive,23668,VA,epittawayba@pinterest.com
408,Gisela Wolfenden,378 Mariners Cove Avenue,32204,FL,gwolfendenbb@walmart.com
409,Kissee Hazelden,56 Texas Place,34290,FL,khazeldenbc@senate.gov
410,Prudence Plait,9 Moulton Avenue,06721,CT,pplaitbd@so-net.ne.jp
411,Leta Rentoul,7 Rieder Way,44185,OH,lrentoulbe@phoca.cz
412,Candis Frichley,82384 Westend Crossing,20784,MD,cfrichleybf@fotki.com
413,Liva Smalridge,8 Anthes Street,81505,CO,lsmalridgebg@cnbc.com
414,Francisco Aluard,4740 Merchant Pass,94230,CA,faluardbh@drupal.org
415,Clerissa Backler,39 Wayridge Court,97201,OR,cbacklerbi@nasa.gov
416,Misha Pallatina,5821 Ridgeway Circle,89505,NV,mpallatinabj@unicef.org
417,Dimitry Cissen,60 Scofield Circle,36195,AL,dcissenbk@merriam-webster.com
418,Edie Caustic,02967 Mandrake Way,99215,WA,ecausticbl@cdbaby.com
419,Reggis Shercliff,366 Mitchell Avenue,23225,VA,rshercliffbm@networkadvertising.org
420,Hamid McNally,37709 Clyde Gallagher Court,38131,TN,hmcnallybn@histats.com
421,Abbe Ranklin,7507 Brickson Park Pass,78285,TX,aranklinbo@cocolog-nifty.com
422,Kinsley Rosten,3 Schmedeman Street,95973,CA,krostenbp@wordpress.org
423,Codee Quickfall,60045 Manitowish Parkway,38161,TN,cquickfallbq@discovery.com
424,Neall Pattingson,9 Reinke Point,33141,FL,npattingsonbr@jiathis.com
425,Meir Farrier,37899 Sauthoff Hill,32225,FL,mfarrierbs@ft.com
426,Amelita Betjeman,2 Carey Court,19610,PA,abetjemanbt@scribd.com
427,Guendolen Murdoch,151 Bonner Parkway,12247,NY,gmurdochbu@buzzfeed.com
428,Gerick Gritsaev,55 Anhalt Circle,14220,NY,ggritsaevbv@ovh.net
429,Brennen Kingwell,92078 Leroy Point,78744,TX,bkingwellbw@ft.com
430,Hanan Cornford,80 Hoepker Parkway,94280,CA,hcornfordbx@wix.com
431,Barbette Bleesing,3598 Swallow Lane,60604,IL,bbleesingby@forbes.com
432,Nap Powelee,74997 Arkansas Point,32520,FL,npoweleebz@umn.edu
433,Kimble Danbrook,102 Manley Circle,35244,AL,kdanbrookc0@wikipedia.org
434,Dimitri Broadway,6165 Cordelia Pass,90410,CA,dbroadwayc1@sbwire.com
435,Rickard Haton,8 Schurz Terrace,19886,DE,rhatonc2@infoseek.co.jp
436,Genvieve Bright,2965 Cordelia Trail,68510,NE,gbrightc3@bbb.org
437,Karylin Lerway,61 Anhalt Place,57110,SD,klerwayc4@artisteer.com
438,Tybi Grenshields,49426 Debra Park,38104,TN,tgrenshieldsc5@freewebs.com
439,Delmor Rapelli,499 Utah Point,48505,MI,drapellic6@skype.com
440,Artemis Feldheim,4 Bunker Hill Way,14619,NY,afeldheimc7@digg.com
441,Sarena Rydzynski,297 Bay Hill,73173,OK,srydzynskic8@livejournal.com
442,Shalna Desporte,46 Corben Alley,11220,NY,sdesportec9@bloglovin.com
443,Binni Yarwood,206 Nelson Alley,02203,MA,byarwoodca@miitbeian.gov.cn
444,Collete Woodroof,51307 Superior Place,38188,TN,cwoodroofcb@netlog.com
445,Brunhilda Brusle,83499 Shoshone Terrace,64504,MO,bbruslecc@themeforest.net
446,Ivy Ducham,1 Goodland Parkway,63126,MO,iduchamcd@latimes.com
447,Helge Debenham,2 Thierer Point,46202,IN,hdebenhamce@umich.edu
448,Anni Stendall,1770 Memorial Crossing,27717,NC,astendallcf@xing.com
449,Fae Symcock,01872 Drewry Parkway,96815,HI,fsymcockcg@wiley.com
450,Valaree Muris,7362 Lien Avenue,19131,PA,vmurisch@so-net.ne.jp
451,Al Duchesne,61 American Hill,78754,TX,aduchesneci@multiply.com
452,Aurel Arne,069 Emmet Way,28220,NC,aarnecj@cdc.gov
453,Blane Battson,98 Evergreen Trail,88569,TX,bbattsonck@bloglovin.com
454,Anica Pohl,9566 Debs Parkway,27110,NC,apohlcl@123-reg.co.uk
455,Allissa Learie,50 Holy Cross Terrace,79116,TX,aleariecm@nsw.gov.au
456,Philis Evequot,4525 High Crossing Center,46805,IN,pevequotcn@shareasale.com
457,Janifer Bretherick,181 Brown Way,34605,FL,jbretherickco@indiegogo.com
458,Vivianne Golds,55689 Arrowood Plaza,80638,CO,vgoldscp@toplist.cz
459,Elwyn Sprade,9780 Browning Avenue,55407,MN,espradecq@aol.com
460,Tandi Brazier,1396 Northridge Park,33673,FL,tbraziercr@ehow.com
461,Marilin Ceschi,86456 Ohio Place,33777,FL,mceschics@psu.edu
462,Jillene Gosnold,93 Tennessee Park,99210,WA,jgosnoldct@typepad.com
463,Sonia Earland,4726 Wayridge Street,15205,PA,searlandcu@vinaora.com
464,Erie Avis,6 Almo Crossing,23242,VA,eaviscv@epa.gov
465,Laurice Pinney,99 Mayfield Circle,50335,IA,lpinneycw@businessinsider.com
466,Etty Klempke,713 Northwestern Plaza,63169,MO,eklempkecx@e-recht24.de
467,Bram Ormond,79 Northridge Park,10115,NY,bormondcy@pagesperso-orange.fr
468,Mose Simper,35547 Nevada Lane,88514,TX,msimpercz@tuttocitta.it
469,Tallia Brasted,13 Atwood Circle,46614,IN,tbrastedd0@springer.com
470,Elita Dotson,0 Melody Terrace,37924,TN,edotsond1@boston.com
471,Claudine Lynas,1 Tennessee Street,79116,TX,clynasd2@free.fr
472,Abbey Doerling,4 Northfield Circle,76004,TX,adoerlingd3@boston.com
473,Stacie Nuscha,93 2nd Way,74126,OK,snuschad4@nydailynews.com
474,Kandy Lepard,54064 Larry Lane,55146,MN,klepardd5@comsenz.com
475,Vanya Admans,3 Loftsgordon Avenue,49518,MI,vadmansd6@yelp.com
476,Lynne Kinnach,0 Carpenter Place,18105,PA,lkinnachd7@cmu.edu
477,Angelina Vinten,750 Anniversary Drive,68517,NE,avintend8@weebly.com
478,Dallas Symmers,85 Melody Court,85305,AZ,dsymmersd9@devhub.com
479,Karly Pounder,01 Lotheville Street,78260,TX,kpounderda@google.es
480,Dulcy Kubyszek,48558 Monica Place,70805,LA,dkubyszekdb@joomla.org
481,Christabella Siehard,316 Laurel Circle,93750,CA,csieharddc@howstuffworks.com
482,Evie Martyn,9691 Briar Crest Lane,96840,HI,emartyndd@myspace.com
483,Laurie Jerdan,83146 Blaine Junction,87190,NM,ljerdande@wordpress.org
484,Sara-ann Corness,4 Moland Crossing,98506,WA,scornessdf@businesswire.com
485,Wilie Todari,36 Arkansas Parkway,90040,CA,wtodaridg@51.la
486,Iver Kubczak,8 Hoffman Drive,25709,WV,ikubczakdh@tripadvisor.com
487,Frances Coleford,99 Green Center,94159,CA,fcoleforddi@woothemes.com
488,Belita Schwandermann,27220 Laurel Drive,73197,OK,bschwandermanndj@smugmug.com
489,Wolfie Kruszelnicki,29411 Westerfield Crossing,24014,VA,wkruszelnickidk@i2i.jp
490,Melvin Olek,7 Utah Drive,64190,MO,molekdl@liveinternet.ru
491,Esme Raphael,224 Golf View Circle,76105,TX,eraphaeldm@gmpg.org
492,Hanny Hodinton,319 Maple Wood Trail,78470,TX,hhodintondn@blogtalkradio.com
493,Edy Bearcock,1 Sunfield Crossing,80328,CO,ebearcockdo@un.org
494,Tamara Madigan,8303 Shopko Alley,01129,MA,tmadigandp@msn.com
495,Averil Scotson,0209 Graceland Hill,15210,PA,ascotsondq@livejournal.com
496,Elliott Virgin,76 Loftsgordon Alley,79945,TX,evirgindr@networksolutions.com
497,Flint Mateus,17078 5th Parkway,46805,IN,fmateusds@sfgate.com
498,Georgeanne Dutton,67943 Hollow Ridge Road,46862,IN,gduttondt@theguardian.com
499,Drucy Shepherdson,16983 Maple Wood Terrace,85754,AZ,dshepherdsondu@deliciousdays.com
500,Adriano McPaike,4 Arkansas Parkway,92640,CA,amcpaikedv@cornell.edu
501,Poul Eckley,38 Gina Drive,25326,WV,peckleydw@apple.com
502,Wallace Spurdon,7 Crowley Plaza,24034,VA,wspurdondx@slate.com
503,Ardelis O' Hogan,61 Cordelia Road,39505,MS,aody@usgs.gov
504,Magdaia Langeley,69 Bunker Hill Hill,85297,AZ,mlangeleydz@businesswire.com
505,Hetty Prendiville,6589 Merry Place,28410,NC,hprendivillee0@patch.com
506,Gibby Houdmont,99 John Wall Hill,77090,TX,ghoudmonte1@msn.com
507,Ethyl Dibbin,5 Warrior Hill,60630,IL,edibbine2@macromedia.com
508,Annabal Mirams,73 Oriole Road,34985,FL,amiramse3@huffingtonpost.com
509,Johny Bizley,405 John Wall Hill,85035,AZ,jbizleye4@artisteer.com
510,Erl Dargie,2191 Larry Pass,46896,IN,edargiee5@tiny.cc
511,Whitaker Balsom,41 Dryden Parkway,40250,KY,wbalsome6@usatoday.com
512,Ryan Purver,20024 Claremont Plaza,76147,TX,rpurvere7@w3.org
513,Kyrstin Botler,2 Lerdahl Center,94042,CA,kbotlere8@scientificamerican.com
514,Ellerey Crick,9494 Londonderry Point,02162,MA,ecricke9@about.com
515,Quinn Yannikov,483 Nobel Center,40256,KY,qyannikovea@epa.gov
516,Scottie Teresa,2 Fairfield Road,20022,DC,steresaeb@google.cn
517,Carin Sivyour,9 Almo Hill,91406,CA,csivyourec@scribd.com
518,Kellsie Peirpoint,89 Corben Center,62776,IL,kpeirpointed@i2i.jp
519,Nellie Aspinall,5252 Amoth Court,30340,GA,naspinallee@slashdot.org
520,Karna Shatford,522 Straubel Street,71105,LA,kshatfordef@huffingtonpost.com
521,Lanita Hogben,458 Loomis Road,92176,CA,lhogbeneg@guardian.co.uk
522,Hyacinth Petford,17781 6th Way,92640,CA,hpetfordeh@uol.com.br
523,Cornie Alentyev,62 Superior Parkway,65218,MO,calentyevei@baidu.com
524,Yovonnda Jorger,96876 Havey Drive,20010,DC,yjorgerej@hubpages.com
525,Blanch Kelby,310 Pankratz Lane,23514,VA,bkelbyek@answers.com
526,Harper Eberle,51863 Katie Plaza,77095,TX,heberleel@wunderground.com
527,Danika Landall,809 Hanson Lane,90398,CA,dlandallem@lulu.com
528,Pauline Bendell,14578 Northridge Terrace,75705,TX,pbendellen@amazon.com
529,Denise Smithson,826 Mcbride Crossing,90076,CA,dsmithsoneo@jimdo.com
530,Maxi Poleye,502 Buena Vista Way,40293,KY,mpoleyeep@china.com.cn
531,Cassius Lorenzetti,5086 Elgar Lane,78296,TX,clorenzettieq@godaddy.com
532,Glory Cowburn,72348 Utah Court,77025,TX,gcowburner@abc.net.au
533,Doreen Andrat,3113 Mifflin Street,22093,VA,dandrates@goo.gl
534,Opalina Yegorkov,70660 Kedzie Circle,19151,PA,oyegorkovet@canalblog.com
535,Anabal Wort,3035 Boyd Alley,60193,IL,aworteu@google.com
536,Tasha Poulney,57814 Kingsford Way,46239,IN,tpoulneyev@independent.co.uk
537,Steffen Ebbens,04 Montana Lane,83722,ID,sebbensew@msu.edu
538,Michaeline Mashal,9 Pankratz Trail,10155,NY,mmashalex@kickstarter.com
539,Geoffry Grunnill,69 Warner Trail,77055,TX,ggrunnilley@google.nl
540,Sylvan Jevons,6644 Elmside Court,32891,FL,sjevonsez@tinyurl.com
541,Rodger Magnus,13852 Del Sol Park,85215,AZ,rmagnusf0@java.com
542,Valerie Pizey,60350 Bunker Hill Court,60669,IL,vpizeyf1@ovh.net
543,Mireielle Hearty,6 Jay Road,80223,CO,mheartyf2@purevolume.com
544,Erie Hanselmann,708 Portage Road,64130,MO,ehanselmannf3@opensource.org
545,Meghann Souch,03440 Holy Cross Point,95354,CA,msouchf4@prnewswire.com
546,Tarah Mival,64879 Straubel Way,27658,NC,tmivalf5@cpanel.net
547,Melisandra Josilowski,97199 Packers Terrace,87105,NM,mjosilowskif6@discuz.net
548,Ardene Marsy,43633 Erie Pass,32225,FL,amarsyf7@ustream.tv
549,Burg Tomaino,5589 Del Mar Hill,91131,CA,btomainof8@skyrock.com
550,Cristi Tappin,23 Sundown Plaza,40220,KY,ctappinf9@google.pl
551,Dolly Vitet,2609 Nancy Point,50310,IA,dvitetfa@twitpic.com
552,Lazarus Imason,01 Dahle Crossing,37450,TN,limasonfb@nps.gov
553,Yanaton Rosberg,8 Vahlen Trail,72199,AR,yrosbergfc@sina.com.cn
554,Lolly Savell,96 Delladonna Circle,27409,NC,lsavellfd@harvard.edu
555,Fabio McFfaden,27 Dayton Drive,20051,DC,fmcffadenfe@xrea.com
556,Lulita Monte,4 Meadow Ridge Alley,40618,KY,lmonteff@360.cn
557,Gui Angier,9336 Surrey Lane,43204,OH,gangierfg@imageshack.us
558,Carolann Puddefoot,46815 Melvin Road,37914,TN,cpuddefootfh@posterous.com
559,Laura Nowill,17 Ridgeway Court,60663,IL,lnowillfi@arizona.edu
560,Verla O'Leagham,9 Michigan Alley,06705,CT,voleaghamfj@prnewswire.com
561,Addie Tonn,41 Memorial Road,45020,OH,atonnfk@netscape.com
562,Malissa Bendall,7 Crownhardt Court,34642,FL,mbendallfl@alibaba.com
563,Mahalia Stamper,3 Randy Drive,23520,VA,mstamperfm@harvard.edu
564,Nikki Stabler,1 Hayes Trail,77505,TX,nstablerfn@ucsd.edu
565,Templeton Worsom,08952 Clyde Gallagher Circle,44191,OH,tworsomfo@uiuc.edu
566,Towney Dadge,10 Roth Circle,78265,TX,tdadgefp@sina.com.cn
567,Kendre Fetherston,29577 Toban Lane,78296,TX,kfetherstonfq@bandcamp.com
568,Marchelle Stileman,6097 Heath Parkway,76115,TX,mstilemanfr@a8.net
569,Lizzie Corck,6 Bonner Park,02458,MA,lcorckfs@hp.com
570,Caitrin Uttley,155 Mallory Way,94705,CA,cuttleyft@intel.com
571,Tonye Athersmith,6 Nancy Lane,33906,FL,tathersmithfu@trellian.com
572,Clary Cristofvao,0 Badeau Avenue,44555,OH,ccristofvaofv@ehow.com
573,Margarita Windeatt,24 Gerald Road,77050,TX,mwindeattfw@indiegogo.com
574,Corena Coleiro,7 Mccormick Trail,21282,MD,ccoleirofx@parallels.com
575,Lemuel Grosier,9133 Lien Pass,92710,CA,lgrosierfy@loc.gov
576,Laure Jasik,23343 Lien Circle,61709,IL,ljasikfz@nsw.gov.au
577,Hagan Guerro,75784 Hagan Street,20062,DC,hguerrog0@devhub.com
578,Sheryl Boggish,485 Northfield Circle,93106,CA,sboggishg1@clickbank.net
579,Zabrina Hamprecht,43472 Twin Pines Circle,84115,UT,zhamprechtg2@wsj.com
580,Maximilianus Barthelme,95242 Warbler Lane,76011,TX,mbarthelmeg3@washington.edu
581,Leon Igonet,68451 Pennsylvania Court,45454,OH,ligonetg4@home.pl
582,Sena Lorence,6 Southridge Point,35285,AL,slorenceg5@woothemes.com
583,Garald Lamerton,3 Fieldstone Street,48258,MI,glamertong6@skyrock.com
584,Pattie Farenden,52122 Farragut Center,33982,FL,pfarendeng7@altervista.org
585,Cloe Kleinplac,25890 Fairview Center,79994,TX,ckleinplacg8@1688.com
586,Lorelei Kane,2089 New Castle Hill,26505,WV,lkaneg9@foxnews.com
587,Pamelina Bigglestone,2 Fieldstone Trail,35405,AL,pbigglestonega@hugedomains.com
588,Johna Knobell,07253 Bashford Junction,52804,IA,jknobellgb@instagram.com
589,Fabio Jorat,42 Clarendon Trail,21216,MD,fjoratgc@ca.gov
590,Dayle Charlo,160 Mockingbird Trail,46867,IN,dcharlogd@networkadvertising.org
591,Woody Gladbach,685 Susan Way,52410,IA,wgladbachge@addtoany.com
592,Alwin Cisco,20401 Jay Avenue,46295,IN,aciscogf@smugmug.com
593,Kessiah Grahlmans,7964 Sycamore Terrace,45233,OH,kgrahlmansgg@sbwire.com
594,Alair Driutti,33 Division Drive,92132,CA,adriuttigh@dagondesign.com
595,Gabbie Naisbitt,45568 Fordem Hill,25716,WV,gnaisbittgi@wisc.edu
596,Eveline Hillock,95 Mosinee Trail,10160,NY,ehillockgj@google.de
597,Gar Marcinkus,852 Jay Junction,15215,PA,gmarcinkusgk@dropbox.com
598,Kip Bartels,22327 School Point,55480,MN,kbartelsgl@tripadvisor.com
599,Guntar Sumsion,20341 Crest Line Road,89145,NV,gsumsiongm@mapquest.com
600,Nicolis Red,92 Saint Paul Road,23436,VA,nredgn@soundcloud.com
601,Adair Ling,83 Basil Circle,44111,OH,alinggo@ask.com
602,Rafaellle Longthorn,92 Fuller Crossing,90081,CA,rlongthorngp@dailymail.co.uk
603,Connie Cottel,979 Johnson Crossing,78769,TX,ccottelgq@furl.net
604,Adel Jevons,53862 Prairieview Alley,89706,NV,ajevonsgr@bloomberg.com
605,Matilde Cave,26 Artisan Trail,12247,NY,mcavegs@java.com
606,Kendra Lumley,3852 International Center,74149,OK,klumleygt@feedburner.com
607,Berk Terrington,47842 Hansons Pass,19191,PA,bterringtongu@cnn.com
608,Tarrance Pluck,05822 Mandrake Crossing,76198,TX,tpluckgv@jugem.jp
609,Winonah MacCostigan,36094 Onsgard Pass,45020,OH,wmaccostigangw@nymag.com
610,Peggie Pond,796 Rigney Street,23285,VA,ppondgx@jimdo.com
611,Christoph Harriman,73 Oriole Drive,06145,CT,charrimangy@tumblr.com
612,Lorilee Taffrey,880 Green Street,52245,IA,ltaffreygz@squidoo.com
613,Gwendolen Farnham,915 Kenwood Hill,89140,NV,gfarnhamh0@multiply.com
614,Cherianne Weinmann,8 Scott Parkway,49544,MI,cweinmannh1@dot.gov
615,Tersina MacEntee,59833 Fair Oaks Court,89436,NV,tmacenteeh2@etsy.com
616,Fancy Pennycuick,299 Dunning Hill,37215,TN,fpennycuickh3@census.gov
617,Abba Yanyshev,668 Cordelia Road,38188,TN,ayanyshevh4@ovh.net
618,Manya Kures,49509 Moulton Plaza,79928,TX,mkuresh5@xing.com
619,Ermina Ingyon,54248 Darwin Street,92555,CA,eingyonh6@wikimedia.org
620,Gustavo Noni,26388 Emmet Place,66286,KS,gnonih7@unicef.org
621,Dani Matveiko,361 Rowland Plaza,37416,TN,dmatveikoh8@example.com
622,Polly Kamen,5649 Tennyson Way,76705,TX,pkamenh9@wikimedia.org
623,Constantin Jedrzejewsky,92 Manufacturers Street,98140,WA,cjedrzejewskyha@taobao.com
624,Hayyim Hanselman,711 Doe Crossing Junction,95160,CA,hhanselmanhb@wired.com
625,Herbie Sachno,0078 Clove Trail,19191,PA,hsachnohc@exblog.jp
626,Skell Mary,12 North Circle,80920,CO,smaryhd@techcrunch.com
627,Joyous Behnecke,329 Carberry Drive,20883,MD,jbehneckehe@people.com.cn
628,Horst Kadwallider,969 Jenna Circle,79977,TX,hkadwalliderhf@pinterest.com
629,Law Beavis,42737 Randy Hill,10705,NY,lbeavishg@tamu.edu
630,Martie Howler,5216 Carberry Plaza,06145,CT,mhowlerhh@skype.com
631,Dilan Lewer,52361 Dwight Lane,44315,OH,dlewerhi@amazon.com
632,Henka Houldcroft,17 Elka Circle,44393,OH,hhouldcrofthj@xinhuanet.com
633,Linnell Andretti,115 Anthes Place,75287,TX,landrettihk@upenn.edu
634,Oriana Boatman,20777 Russell Drive,75287,TX,oboatmanhl@naver.com
635,Whitney Waszkiewicz,918 Sommers Place,20503,DC,wwaszkiewiczhm@blinklist.com
636,Raffarty Bussel,99 Dorton Crossing,06859,CT,rbusselhn@sohu.com
637,Margaretta Blackett,82614 Little Fleur Plaza,19136,PA,mblackettho@google.it
638,Addie Kingcote,73364 Bay Point,90025,CA,akingcotehp@elpais.com
639,Alina Hatton,25022 Jackson Avenue,77505,TX,ahattonhq@cnn.com
640,Jervis Pinnick,24816 Bay Road,94302,CA,jpinnickhr@java.com
641,Paquito Templeman,55165 Lotheville Way,64109,MO,ptemplemanhs@discovery.com
642,Piotr Cotty,61940 Sommers Plaza,77065,TX,pcottyht@parallels.com
643,Halette Dudderidge,25267 Butterfield Pass,32225,FL,hdudderidgehu@ucoz.ru
644,Nessi Buntain,0529 Starling Court,85710,AZ,nbuntainhv@kickstarter.com
645,Marsiella Morphet,150 Granby Park,78410,TX,mmorphethw@privacy.gov.au
646,Jarad Garlee,27 Haas Court,20535,DC,jgarleehx@wiley.com
647,Lynna Tonkin,45866 Amoth Court,10039,NY,ltonkinhy@stanford.edu
648,Kessia Longhurst,0 Spenser Street,53215,WI,klonghursthz@bloglovin.com
649,Derk Chrismas,724 Dryden Pass,10105,NY,dchrismasi0@who.int
650,Darren Chatfield,252 International Pass,93750,CA,dchatfieldi1@w3.org
651,Felike Howsin,905 Arapahoe Court,10305,NY,fhowsini2@home.pl
652,Joshuah Brandreth,3 North Circle,33028,FL,jbrandrethi3@opensource.org
653,Quintin Georgius,968 5th Plaza,98687,WA,qgeorgiusi4@ezinearticles.com
654,Karry Lambal,45 Hazelcrest Hill,37665,TN,klambali5@sohu.com
655,Goldina Doley,2 Grasskamp Parkway,08695,NJ,gdoleyi6@unicef.org
656,Brenn Grenshields,3 Old Shore Center,98140,WA,bgrenshieldsi7@4shared.com
657,Amelina Geaveny,43 Cardinal Parkway,48919,MI,ageavenyi8@creativecommons.org
658,Natalina Bertl,379 Laurel Point,67215,KS,nbertli9@qq.com
659,Andreana Matejic,376 Lakewood Place,01105,MA,amatejicia@cyberchimps.com
660,Cassondra Athridge,8 Oak Road,94807,CA,cathridgeib@dmoz.org
661,Janaya Hitcham,06 Forest Run Drive,97201,OR,jhitchamic@sakura.ne.jp
662,Daniella Holttom,6745 Spohn Plaza,46699,IN,dholttomid@yahoo.com
663,Denni Mungin,60 Messerschmidt Parkway,79764,TX,dmunginie@a8.net
664,Tani Stockau,8005 Elmside Park,79176,TX,tstockauif@yellowbook.com
665,Tim Frail,37455 Sheridan Street,98104,WA,tfrailig@yellowbook.com
666,Terese Blown,049 Scott Crossing,93794,CA,tblownih@slashdot.org
667,Ginger Biernacki,5 Village Green Court,89140,NV,gbiernackiii@dmoz.org
668,Karola Fishley,22 Pine View Court,85219,AZ,kfishleyij@dion.ne.jp
669,Trueman Pena,310 Maryland Center,46202,IN,tpenaik@amazon.com
670,Sydel Muzzall,0 Mayfield Hill,10249,NY,smuzzallil@vkontakte.ru
671,Rey Hills,97677 Roxbury Parkway,12232,NY,rhillsim@desdev.cn
672,Lotte Tippings,8661 Evergreen Parkway,19151,PA,ltippingsin@jugem.jp
673,Dorice Kerr,018 Victoria Court,85072,AZ,dkerrio@ow.ly
674,Linette Struther,945 Oak Park,17622,PA,lstrutherip@businessinsider.com
675,Sallyann Spinage,46 Warrior Circle,85260,AZ,sspinageiq@deviantart.com
676,Hadria Davidovits,4 Vahlen Terrace,40250,KY,hdavidovitsir@answers.com
677,Salli Halsey,2 Anderson Hill,31205,GA,shalseyis@slate.com
678,Diarmid Tooby,53843 Rigney Hill,93094,CA,dtoobyit@scribd.com
679,Corabelle MacCostye,4 Prentice Avenue,79994,TX,cmaccostyeiu@vk.com
680,Hermia Linggard,293 Loeprich Trail,64179,MO,hlinggardiv@nyu.edu
681,Ignacio Varvara,29 Jenna Lane,55579,MN,ivarvaraiw@t.co
682,Ceil Denkin,92 Summer Ridge Court,73135,OK,cdenkinix@senate.gov
683,Silas Berrigan,769 School Way,90087,CA,sberriganiy@studiopress.com
684,Adelle Gullefant,1 Lyons Point,06510,CT,agullefantiz@tmall.com
685,Anjela Shelmerdine,7615 Nancy Parkway,92105,CA,ashelmerdinej0@google.co.uk
686,Jeffrey Elster,03641 Harbort Point,61825,IL,jelsterj1@privacy.gov.au
687,Hillary Mowat,05655 Blue Bill Park Street,27415,NC,hmowatj2@nifty.com
688,Mohammed Lodden,00559 Grover Center,76178,TX,mloddenj3@si.edu
689,Amandy Primarolo,09126 Commercial Hill,06105,CT,aprimaroloj4@livejournal.com
690,Griswold Hallsworth,7807 Fairview Plaza,92160,CA,ghallsworthj5@weebly.com
691,Estevan Arsnell,40643 Steensland Pass,77505,TX,earsnellj6@prweb.com
692,Ciro Rabbe,2 Arkansas Drive,84125,UT,crabbej7@ycombinator.com
693,Lorrie Duckit,88 Fisk Street,77293,TX,lduckitj8@behance.net
694,Shelley Prazor,44401 Forster Circle,37215,TN,sprazorj9@phoca.cz
695,Lizzy Brailsford,5 Judy Street,34981,FL,lbrailsfordja@scientificamerican.com
696,Dimitri Soares,19 Bultman Junction,40225,KY,dsoaresjb@sitemeter.com
697,Tyne Littledike,32722 Mayfield Park,73119,OK,tlittledikejc@noaa.gov
698,Mathian Naisbit,16822 Hagan Center,94064,CA,mnaisbitjd@goo.gl
699,Gayla Pine,97672 Morrow Center,06510,CT,gpineje@ocn.ne.jp
700,Marshall O'Suaird,19235 Killdeer Avenue,20046,DC,mosuairdjf@ow.ly
701,Lorianne Aleksankov,29087 Sunfield Alley,33915,FL,laleksankovjg@trellian.com
702,Ilise Gawne,42334 Gulseth Junction,11247,NY,igawnejh@discuz.net
703,Bryanty Maddy,38 Farmco Crossing,73104,OK,bmaddyji@wsj.com
704,Car Derington,1667 Ryan Point,40546,KY,cderingtonjj@ucoz.com
705,Donalt Smethurst,3 Hoffman Place,35810,AL,dsmethurstjk@cam.ac.uk
706,Merle Gilbeart,8039 Dunning Point,30358,GA,mgilbeartjl@sitemeter.com
707,Lawton Emilien,0 Anderson Point,90087,CA,lemilienjm@xing.com
708,Cecil Skough,75171 Red Cloud Parkway,44505,OH,cskoughjn@devhub.com
709,Dennie Pallaske,09532 Pennsylvania Plaza,79923,TX,dpallaskejo@gizmodo.com
710,Harvey Francombe,386 Onsgard Junction,60351,IL,hfrancombejp@dailymail.co.uk
711,Irving Malloy,43874 Badeau Circle,55417,MN,imalloyjq@intel.com
712,Yvette Milner,65 Delaware Avenue,66699,KS,ymilnerjr@godaddy.com
713,Celestyn Ginn,4876 Morningstar Trail,27404,NC,cginnjs@boston.com
714,Eudora Giffin,37171 Raven Avenue,02142,MA,egiffinjt@reference.com
715,Isaak Fairfull,6234 Logan Hill,30066,GA,ifairfullju@ovh.net
716,Olivia Upton,593 Scott Avenue,37924,TN,ouptonjv@wufoo.com
717,Shir Follen,6 Hoffman Center,30605,GA,sfollenjw@opera.com
718,Washington Wetwood,5 Quincy Crossing,94807,CA,wwetwoodjx@smugmug.com
719,Liv Dreamer,1 Bultman Drive,70815,LA,ldreamerjy@cdbaby.com
720,Jared Beebis,2 Lakewood Avenue,53726,WI,jbeebisjz@sphinn.com
721,Caril Wakes,9 8th Pass,39210,MS,cwakesk0@google.co.jp
722,Molli Crowd,29924 Eagle Crest Parkway,25336,WV,mcrowdk1@google.fr
723,Etty Devine,4809 Knutson Place,95128,CA,edevinek2@admin.ch
724,Vern Dooly,05915 Anthes Park,94105,CA,vdoolyk3@usnews.com
725,Kermie Naismith,18 Raven Avenue,74108,OK,knaismithk4@slideshare.net
726,Winne Southway,79414 Autumn Leaf Street,70033,LA,wsouthwayk5@tripod.com
727,Melanie Danaher,3913 Judy Court,27499,NC,mdanaherk6@google.cn
728,Koral Klemensiewicz,4852 Golf View Pass,55166,MN,kklemensiewiczk7@cnet.com
729,Kelli Defew,779 Dahle Street,76121,TX,kdefewk8@mozilla.com
730,Gerrilee Skilling,2 Transport Trail,64054,MO,gskillingk9@aboutads.info
731,Bartholomeo Busfield,30132 Loomis Circle,21203,MD,bbusfieldka@timesonline.co.uk
732,Orelle Kohtler,3306 Anthes Parkway,73152,OK,okohtlerkb@taobao.com
733,Lilah Ayton,71522 Carberry Terrace,55172,MN,laytonkc@mac.com
734,Nicol de Vaen,7475 Esker Trail,28263,NC,ndekd@tripod.com
735,Berthe Cicchitello,121 Nancy Hill,91125,CA,bcicchitelloke@gmpg.org
736,Maxwell Berndtssen,207 Truax Park,14604,NY,mberndtssenkf@theguardian.com
737,Rea Cracknell,3149 Fuller Center,76796,TX,rcracknellkg@fc2.com
738,Angel Sedge,9635 Spaight Road,30328,GA,asedgekh@shinystat.com
739,Haze Cullimore,9918 Westport Crossing,28247,NC,hcullimoreki@ucsd.edu
740,Bree Wadworth,77 Armistice Lane,64190,MO,bwadworthkj@bloglovin.com
741,Calla Attenbrough,375 Macpherson Circle,57110,SD,cattenbroughkk@wisc.edu
742,Alwin Paine,18093 Porter Junction,43666,OH,apainekl@fastcompany.com
743,Arluene Rettie,30851 Kropf Trail,29579,SC,arettiekm@theglobeandmail.com
744,Tate Wolfart,16 Loeprich Parkway,27110,NC,twolfartkn@rambler.ru
745,Missy Lenihan,2 Oakridge Terrace,50362,IA,mlenihanko@jigsy.com
746,Amalie Heaseman,45 Prentice Place,40266,KY,aheasemankp@google.de
747,Ilsa Cornforth,50 Milwaukee Crossing,32835,FL,icornforthkq@java.com
748,Annaliese Luety,45 Wayridge Point,63158,MO,aluetykr@paginegialle.it
749,Sawyere Nequest,8320 Graceland Plaza,48555,MI,snequestks@jiathis.com
750,Eddy Wrixon,1311 Division Junction,20167,VA,ewrixonkt@dell.com
751,Jaquelin Yglesia,180 Sachs Alley,02458,MA,jyglesiaku@dion.ne.jp
752,Kelsey Carrol,129 Thompson Park,33963,FL,kcarrolkv@usgs.gov
753,Ardella Beininck,97954 Westerfield Center,47737,IN,abeininckkw@vkontakte.ru
754,Malchy Earsman,986 Riverside Avenue,32969,FL,mearsmankx@altervista.org
755,Sam Henstone,4 Vahlen Street,94250,CA,shenstoneky@cargocollective.com
756,Christian Kyberd,7 Hoffman Point,84152,UT,ckyberdkz@digg.com
757,Aurore Novotne,3984 Anzinger Crossing,97206,OR,anovotnel0@bloomberg.com
758,Minetta Minnis,23337 Commercial Crossing,91616,CA,mminnisl1@wikipedia.org
759,Chase McClure,25 Bluestem Park,20508,DC,cmcclurel2@devhub.com
760,Jarrid Gommes,10 Vahlen Avenue,06825,CT,jgommesl3@facebook.com
761,Marylinda Ewebank,642 Memorial Plaza,48258,MI,mewebankl4@sbwire.com
762,Vincent Hannond,5 3rd Hill,16522,PA,vhannondl5@apple.com
763,Lou Moraleda,49770 Swallow Lane,15210,PA,lmoraledal6@edublogs.org
764,Rosalie Gyver,2 Troy Alley,02283,MA,rgyverl7@dailymotion.com
765,Seamus Welfare,82 Loftsgordon Way,73157,OK,swelfarel8@auda.org.au
766,Joyous Nucciotti,2456 Pennsylvania Road,07522,NJ,jnucciottil9@unc.edu
767,Fayette Mullaly,7836 Katie Center,80935,CO,fmullalyla@wikia.com
768,Jenine Klimkiewich,8 Superior Street,10039,NY,jklimkiewichlb@github.io
769,Emanuel Sarjant,09 Dovetail Avenue,96805,HI,esarjantlc@xinhuanet.com
770,Homerus Itzhayek,4 Westridge Lane,77713,TX,hitzhayekld@tripod.com
771,Bernita Bradnum,2 Fallview Point,24024,VA,bbradnumle@nhs.uk
772,Leonid Evered,9 Glacier Hill Crossing,19160,PA,leveredlf@wordpress.com
773,Lonna O Sullivan,3314 Lerdahl Way,75062,TX,lolg@fc2.com
774,Colleen Jurgen,9803 Everett Circle,02216,MA,cjurgenlh@slideshare.net
775,Pamela Walcar,65 Scott Trail,38161,TN,pwalcarli@theguardian.com
776,Ronni Custance,0 Bluejay Trail,76705,TX,rcustancelj@yellowbook.com
777,Hanson Millmore,3730 Anthes Drive,75507,TX,hmillmorelk@mit.edu
778,Lorene McCrossan,907 Fremont Pass,55428,MN,lmccrossanll@home.pl
779,Evan Lissandri,7512 Ridgeway Avenue,84409,UT,elissandrilm@ed.gov
780,Matty Tenwick,900 Sundown Street,20260,DC,mtenwickln@zimbio.com
781,Nataline Lefever,250 Morrow Circle,38308,TN,nlefeverlo@1688.com
782,Ursula Cafe,0573 Riverside Pass,70607,LA,ucafelp@adobe.com
783,Lyle McClements,3 Larry Plaza,85219,AZ,lmcclementslq@hao123.com
784,Osborne Simmins,1999 Sycamore Hill,90076,CA,osimminslr@cbslocal.com
785,Tandi Knottley,2 Forest Run Circle,64109,MO,tknottleyls@nytimes.com
786,Sacha Bum,6549 Blue Bill Park Point,79923,TX,sbumlt@miibeian.gov.cn
787,Celisse Archer,2320 Granby Pass,31132,GA,carcherlu@state.gov
788,Wade Kitney,1 2nd Alley,73104,OK,wkitneylv@rambler.ru
789,Kristy Redman,644 Kings Park,07305,NJ,kredmanlw@youku.com
790,Esteban Guillet,91 Golden Leaf Parkway,33023,FL,eguilletlx@guardian.co.uk
791,Kain Danhel,66791 Portage Parkway,34135,FL,kdanhelly@dell.com
792,Rikki Lottrington,0 Merrick Trail,23225,VA,rlottringtonlz@theguardian.com
793,Cornall Duckerin,8 Express Junction,21211,MD,cduckerinm0@weather.com
794,Jaquelin Norrington,43358 Cherokee Parkway,34745,FL,jnorringtonm1@harvard.edu
795,Leonore Badsworth,2 Carpenter Terrace,32819,FL,lbadsworthm2@house.gov
796,Davy Libermore,236 Green Crossing,63104,MO,dlibermorem3@usatoday.com
797,Mil McCheyne,0 Mitchell Junction,75260,TX,mmccheynem4@comcast.net
798,Regan Josselsohn,3 Melrose Plaza,32314,FL,rjosselsohnm5@ibm.com
799,Wye Maxted,502 Havey Plaza,76705,TX,wmaxtedm6@wikipedia.org
800,Merwin Bachellier,44987 Oneill Park,94286,CA,mbachellierm7@webmd.com
801,Brigham Colegrove,56 Anthes Street,79945,TX,bcolegrovem8@simplemachines.org
802,Cyrill Baudesson,32096 Westridge Way,79977,TX,cbaudessonm9@ning.com
803,Tadeas O'Mahoney,5 Gerald Circle,23705,VA,tomahoneyma@hhs.gov
804,Flory Milington,0519 Eliot Road,35225,AL,fmilingtonmb@japanpost.jp
805,Roth Poe,79090 Anniversary Crossing,90510,CA,rpoemc@quantcast.com
806,Celka Kulver,1303 1st Avenue,90505,CA,ckulvermd@miibeian.gov.cn
807,Rozalin Fereday,5750 Kensington Pass,98127,WA,rferedayme@over-blog.com
808,Pinchas Flaxon,84723 David Point,29605,SC,pflaxonmf@youtube.com
809,Roxine Mansford,3 Roth Park,47719,IN,rmansfordmg@smh.com.au
810,Keefer Othick,3 West Street,10469,NY,kothickmh@spiegel.de
811,Griffy Venturoli,4135 Stoughton Alley,78230,TX,gventurolimi@elegantthemes.com
812,Carie O'Hanley,96088 Kinsman Terrace,94142,CA,cohanleymj@goodreads.com
813,Jimmie Wressell,96 Cordelia Hill,33190,FL,jwressellmk@wufoo.com
814,Ezmeralda Dewberry,44329 Eagan Alley,34108,FL,edewberryml@cnet.com
815,Arabel Michell,03 Havey Alley,67220,KS,amichellmm@surveymonkey.com
816,Loria Galletley,71613 Bonner Parkway,70179,LA,lgalletleymn@reddit.com
817,Mel Charnick,8597 North Road,95397,CA,mcharnickmo@macromedia.com
818,Lind Sertin,124 Lakewood Terrace,11254,NY,lsertinmp@sphinn.com
819,Lesly Windebank,172 Reindahl Avenue,55123,MN,lwindebankmq@moonfruit.com
820,Nettle Cassie,8 Artisan Drive,36628,AL,ncassiemr@ovh.net
821,Emera Twelvetree,7 Clemons Road,94280,CA,etwelvetreems@example.com
822,Griff Sall,124 Eagan Trail,11431,NY,gsallmt@freewebs.com
823,Merwin Gozard,54516 American Center,96850,HI,mgozardmu@flickr.com
824,Berti Raise,07271 Cambridge Way,94705,CA,braisemv@liveinternet.ru
825,Clo Lyddiatt,3 Anhalt Crossing,21216,MD,clyddiattmw@jigsy.com
826,Viola Beche,8398 Messerschmidt Drive,98008,WA,vbechemx@cdbaby.com
827,Patricio Tillyer,4041 Sommers Pass,90405,CA,ptillyermy@dedecms.com
828,Wendall Farnfield,568 Towne Drive,37605,TN,wfarnfieldmz@uol.com.br
829,Beryl Yeandel,17608 Clove Road,90055,CA,byeandeln0@ning.com
830,Yettie Fargie,6 Fordem Parkway,53726,WI,yfargien1@squidoo.com
831,Walther Dailey,2916 Johnson Pass,93386,CA,wdaileyn2@networksolutions.com
832,Nettie Asp,1943 Sutherland Hill,71151,LA,naspn3@eventbrite.com
833,Cathryn Skydall,30633 Nova Road,01610,MA,cskydalln4@flavors.me
834,Osborne Deboo,26 Eagle Crest Alley,76011,TX,odeboon5@booking.com
835,Sileas Ubank,5 Erie Trail,68179,NE,subankn6@yolasite.com
836,Petr Reimers,98 Helena Court,40586,KY,preimersn7@spiegel.de
837,Aubree Paunton,1706 Mariners Cove Road,20310,DC,apauntonn8@infoseek.co.jp
838,Irena Neiland,3019 Helena Court,52809,IA,ineilandn9@indiatimes.com
839,Harbert Piffe,7904 Novick Junction,66629,KS,hpiffena@bigcartel.com
840,Kay Slobom,75 Ridgeway Avenue,37919,TN,kslobomnb@hexun.com
841,Briny Aubury,62 Valley Edge Point,36195,AL,bauburync@ehow.com
842,Timmie Extence,27045 Charing Cross Hill,25711,WV,textencend@army.mil
843,Gracie Bevens,548 Steensland Crossing,85205,AZ,gbevensne@weibo.com
844,Hynda Summerscales,28750 Ryan Circle,47937,IN,hsummerscalesnf@guardian.co.uk
845,Crysta Ashall,872 Toban Road,98206,WA,cashallng@dailymotion.com
846,Nariko Lagen,6338 Iowa Street,80945,CO,nlagennh@surveymonkey.com
847,Shea Macey,6709 Mendota Lane,19146,PA,smaceyni@g.co
848,Jakob Kinze,59 Maywood Parkway,60193,IL,jkinzenj@time.com
849,Thorpe Diggins,7852 Haas Street,14269,NY,tdigginsnk@alibaba.com
850,Allegra Blincoe,17820 Upham Alley,25362,WV,ablincoenl@yellowpages.com
851,Shaylynn Cleft,7 Dovetail Parkway,34642,FL,scleftnm@last.fm
852,Isidoro Imesen,7487 Lien Pass,35205,AL,iimesennn@adobe.com
853,Derick McCreath,12 Crest Line Avenue,33610,FL,dmccreathno@typepad.com
854,Lazaro Rae,731 Donald Street,74103,OK,lraenp@sitemeter.com
855,Ben Gogay,90 Luster Point,52410,IA,bgogaynq@rediff.com
856,Emmy Wint,9 Drewry Trail,06127,CT,ewintnr@house.gov
857,Spense Farrell,751 Old Gate Alley,58122,ND,sfarrellns@smugmug.com
858,Burnaby Champkin,22878 Dennis Circle,92878,CA,bchampkinnt@eventbrite.com
859,Craggy De Cleen,90 Raven Lane,14263,NY,cdenu@mapquest.com
860,Tally Grewcock,45 Carpenter Center,65898,MO,tgrewcocknv@wiley.com
861,Yovonnda Bratten,49083 Ohio Place,94250,CA,ybrattennw@reddit.com
862,Deeyn Budibent,246 Lukken Circle,53285,WI,dbudibentnx@amazonaws.com
863,Sheila Wisedale,9 Mcbride Place,19610,PA,swisedaleny@cisco.com
864,Gradey Ashfull,84759 Golf Street,32277,FL,gashfullnz@over-blog.com
865,Cristian Skocroft,30 South Lane,79491,TX,cskocrofto0@pbs.org
866,Dur Traynor,3 Laurel Junction,28220,NC,dtraynoro1@bloglines.com
867,Grover Gradley,15 Fieldstone Road,35279,AL,ggradleyo2@addtoany.com
868,Dredi Barmby,28 Westport Court,94042,CA,dbarmbyo3@ebay.com
869,Leeann Agnew,05 Riverside Junction,78732,TX,lagnewo4@devhub.com
870,Jarrid Gretham,56 Elgar Trail,80015,CO,jgrethamo5@shareasale.com
871,Delcina Breslauer,12 Surrey Lane,78215,TX,dbreslauero6@google.com.au
872,Irvine Rossiter,201 Lakeland Drive,15215,PA,irossitero7@canalblog.com
873,Edmon Hadwen,9 Lillian Park,14215,NY,ehadweno8@a8.net
874,Gwendolen Clelle,34773 Forster Terrace,32204,FL,gclelleo9@cpanel.net
875,Zena Winward,4 Merrick Point,80920,CO,zwinwardoa@foxnews.com
876,Trudi Esterbrook,13 Sundown Trail,78737,TX,testerbrookob@tuttocitta.it
877,Oriana Ruffler,95 Logan Circle,77343,TX,oruffleroc@state.gov
878,Hana Ollerenshaw,47 Artisan Lane,28289,NC,hollerenshawod@census.gov
879,Bear Goulston,7 Bay Crossing,20508,DC,bgoulstonoe@time.com
880,Corene Grisbrook,24979 Magdeline Street,93721,CA,cgrisbrookof@oracle.com
881,Madlin Dixie,4 Emmet Hill,35805,AL,mdixieog@drupal.org
882,Marcile Darwen,3242 Arizona Road,06140,CT,mdarwenoh@e-recht24.de
883,Filbert Lamcken,5804 Coleman Terrace,52804,IA,flamckenoi@yellowpages.com
884,Dell Gavigan,85512 Loeprich Terrace,27605,NC,dgaviganoj@google.com.hk
885,Gregg Gillaspy,37 Mayfield Avenue,55417,MN,ggillaspyok@photobucket.com
886,Fedora Blasoni,895 Birchwood Crossing,64125,MO,fblasoniol@deliciousdays.com
887,Wait Janos,3 Basil Hill,32259,FL,wjanosom@yahoo.com
888,Ariel De Cruze,7 Michigan Park,80930,CO,adeon@surveymonkey.com
889,Gal Jenk,140 Hazelcrest Avenue,17110,PA,gjenkoo@opensource.org
890,Hew Scurman,20 South Pass,02405,MA,hscurmanop@nifty.com
891,Lorne Dietmar,2800 Chive Center,75074,TX,ldietmaroq@blogspot.com
892,Aylmer Cawkwell,3606 Hoffman Trail,11220,NY,acawkwellor@theguardian.com
893,Imojean Ranscombe,3 Dwight Park,46216,IN,iranscombeos@gov.uk
894,Debby Ginnally,2 Myrtle Avenue,04109,ME,dginnallyot@umich.edu
895,Husain Chrippes,29 Waubesa Park,90805,CA,hchrippesou@over-blog.com
896,Freeland Shelf,2 Colorado Crossing,92867,CA,fshelfov@hao123.com
897,Marilee Windley,447 Memorial Crossing,27635,NC,mwindleyow@usatoday.com
898,Tamqrah Manchester,5116 Fulton Plaza,33164,FL,tmanchesterox@indiegogo.com
899,Benjy Brewster,4 Tomscot Crossing,73197,OK,bbrewsteroy@vk.com
900,Estrellita Aveline,82 Crowley Road,85732,AZ,eavelineoz@histats.com
901,Ban Downage,9986 Arapahoe Pass,28205,NC,bdownagep0@dmoz.org
902,Norah Skerman,35361 Chive Circle,14639,NY,nskermanp1@jiathis.com
903,Veradis Panks,2427 Twin Pines Lane,12262,NY,vpanksp2@slideshare.net
904,Neville Laytham,64933 Badeau Place,19605,PA,nlaythamp3@furl.net
905,Janean Kalisch,6327 Daystar Terrace,48242,MI,jkalischp4@gov.uk
906,Rouvin Hounsom,7 Service Terrace,25721,WV,rhounsomp5@nasa.gov
907,Manny Loyd,80 Longview Road,89155,NV,mloydp6@ucoz.com
908,Freddy Brampton,17393 Farwell Avenue,20892,MD,fbramptonp7@soundcloud.com
909,Ashlie Bixley,6 Vahlen Junction,40287,KY,abixleyp8@t-online.de
910,Robbie Karpman,4 Hanson Road,77040,TX,rkarpmanp9@quantcast.com
911,Yetta McLellan,5028 Paget Center,92878,CA,ymclellanpa@hexun.com
912,Avrom Sherwill,5 Forster Drive,93399,CA,asherwillpb@free.fr
913,Tanney Godding,68969 Parkside Avenue,38114,TN,tgoddingpc@paginegialle.it
914,Warner Wallwork,93749 Tennessee Circle,64153,MO,wwallworkpd@over-blog.com
915,Yoshiko Stowell,77669 Magdeline Center,96835,HI,ystowellpe@oracle.com
916,Lyman Christoffersen,97 Anderson Junction,72905,AR,lchristoffersenpf@upenn.edu
917,Ramsay BURWIN,90195 Fordem Drive,80920,CO,rburwinpg@cornell.edu
918,Rodrique Philipet,9 Hagan Hill,02203,MA,rphilipetph@over-blog.com
919,Isabeau Spennock,3231 Burrows Park,30066,GA,ispennockpi@twitpic.com
920,Rolph Conring,1032 Mallard Plaza,62764,IL,rconringpj@sun.com
921,Manuel Demare,3626 Nova Pass,75062,TX,mdemarepk@jimdo.com
922,Ely Curtoys,0104 Kipling Plaza,24040,VA,ecurtoyspl@netvibes.com
923,Ethyl Grundwater,53 Merry Hill,91406,CA,egrundwaterpm@hhs.gov
924,Constanta Iskov,50687 Merry Junction,07112,NJ,ciskovpn@so-net.ne.jp
925,Nikki Durrad,5774 Granby Way,07195,NJ,ndurradpo@symantec.com
926,Hervey Babst,229 Truax Trail,03804,NH,hbabstpp@sbwire.com
927,Bryce Sotham,61 Moulton Lane,55585,MN,bsothampq@addthis.com
928,Mildred Perse,26 Northfield Trail,38143,TN,mpersepr@spiegel.de
929,Humfrid Eatock,219 Bashford Lane,64199,MO,heatockps@cmu.edu
930,Ahmad Aubrun,0 Vidon Drive,89012,NV,aaubrunpt@amazon.co.jp
931,Kingsly Connue,3 Hudson Parkway,38161,TN,kconnuepu@wix.com
932,Suzanna Birtwhistle,64580 Esch Circle,31205,GA,sbirtwhistlepv@state.gov
933,Linoel Tock,34550 Portage Parkway,31914,GA,ltockpw@skype.com
934,Angelle Mercy,6352 Hoepker Way,85072,AZ,amercypx@github.com
935,Doro Sinnie,2836 Alpine Park,33884,FL,dsinniepy@cdc.gov
936,Vinnie Caldayrou,51780 Upham Terrace,34605,FL,vcaldayroupz@wikia.com
937,Nicolai Bothie,08100 Cascade Circle,73197,OK,nbothieq0@illinois.edu
938,Eward Kynaston,3 South Park,97271,OR,ekynastonq1@nytimes.com
939,Winnah Kadd,4 Elmside Drive,20425,DC,wkaddq2@cmu.edu
940,Inglis Carette,9 Oak Valley Circle,80915,CO,icaretteq3@deliciousdays.com
941,Karole Ranger,68 Stoughton Place,43656,OH,krangerq4@photobucket.com
942,Ulysses Seide,7395 Fieldstone Trail,77206,TX,useideq5@cloudflare.com
943,Jeddy Whittock,9010 Del Mar Point,74193,OK,jwhittockq6@youtu.be
944,Eunice Somes,5 Starling Pass,10125,NY,esomesq7@eventbrite.com
945,Leonore Gilchrist,01 Shasta Point,14604,NY,lgilchristq8@nps.gov
946,Fanya Learmont,097 Vahlen Court,22903,VA,flearmontq9@ebay.co.uk
947,Jackie Fiddiman,20 Moulton Hill,20425,DC,jfiddimanqa@businessweek.com
948,Ingunna Ghent,99816 Namekagon Drive,33305,FL,ighentqb@reddit.com
949,Marlo Rannells,34 Eastlawn Plaza,33954,FL,mrannellsqc@accuweather.com
950,Aryn Knoles,268 Harbort Park,77005,TX,aknolesqd@etsy.com
951,Marnia Chalkly,3 Towne Crossing,12262,NY,mchalklyqe@addtoany.com
952,Thatcher Duferie,41614 Cherokee Street,98907,WA,tduferieqf@lulu.com
953,Rozamond Ruddiman,8 Badeau Hill,35236,AL,rruddimanqg@bbc.co.uk
954,Mordecai Unstead,06 Forster Alley,70154,LA,munsteadqh@studiopress.com
955,Tabina Doumerc,83105 Hanover Road,34102,FL,tdoumercqi@sphinn.com
956,Perl Reolfo,05909 Messerschmidt Court,54305,WI,preolfoqj@last.fm
957,Roman Hazard,53 Anzinger Road,45233,OH,rhazardqk@umn.edu
958,Tonya Bindin,62239 Kensington Way,94280,CA,tbindinql@sogou.com
959,Stearn Clamo,89 Fieldstone Road,89012,NV,sclamoqm@360.cn
960,Eloise Tansill,038 Corben Alley,07522,NJ,etansillqn@statcounter.com
961,Carson Sparhawk,56 Surrey Lane,88006,NM,csparhawkqo@infoseek.co.jp
962,Yalonda Bubbear,51 Bluestem Avenue,71137,LA,ybubbearqp@timesonline.co.uk
963,Kasper Curtis,58 Anderson Alley,68124,NE,kcurtisqq@biblegateway.com
964,Hildagard Kiggel,8415 West Avenue,89135,NV,hkiggelqr@icq.com
965,Benni Dulwitch,952 Straubel Court,20910,MD,bdulwitchqs@dailymail.co.uk
966,Susanna Weadick,109 Twin Pines Circle,76544,TX,sweadickqt@scientificamerican.com
967,Parry Duddridge,98 Superior Way,10310,NY,pduddridgequ@miitbeian.gov.cn
968,Payton Munson,607 Bonner Park,10292,NY,pmunsonqv@bbc.co.uk
969,Fin Tebbett,95 Green Drive,95155,CA,ftebbettqw@weebly.com
970,Quintana Oneile,794 Welch Place,30306,GA,qoneileqx@ifeng.com
971,Ewan Czajkowski,955 Elmside Junction,91205,CA,eczajkowskiqy@yolasite.com
972,Willamina Abrahamovitz,18 Waxwing Way,50315,IA,wabrahamovitzqz@diigo.com
973,Amalea MacInnes,68320 Pawling Trail,07195,NJ,amacinnesr0@sakura.ne.jp
974,Petr Brennan,04260 Oak Junction,48670,MI,pbrennanr1@independent.co.uk
975,Edik Drayn,46 Jenifer Avenue,94230,CA,edraynr2@cdbaby.com
976,Stefanie de Tocqueville,5 Anthes Trail,55905,MN,sder3@auda.org.au
977,Jaclin Press,708 Merchant Road,46852,IN,jpressr4@forbes.com
978,Philip Isham,6442 Namekagon Terrace,77245,TX,pishamr5@livejournal.com
979,Derwin Potter,7 Westridge Pass,85062,AZ,dpotterr6@seattletimes.com
980,Mabel Nutbrown,547 Mifflin Way,43615,OH,mnutbrownr7@usnews.com
981,Laina Poure,70704 Dorton Plaza,33175,FL,lpourer8@vistaprint.com
982,Devonne Pickford,21 Kropf Junction,11225,NY,dpickfordr9@csmonitor.com
983,Ardra Heckle,8083 Hanover Way,25336,WV,ahecklera@usa.gov
984,Ellie Stollman,18 High Crossing Road,46247,IN,estollmanrb@unicef.org
985,Pauletta Birtwell,44 Southridge Court,72916,AR,pbirtwellrc@artisteer.com
986,Gayle Donat,7 Loomis Alley,10633,NY,gdonatrd@github.com
987,Valenka Estevez,61 Pawling Alley,48295,MI,vestevezre@loc.gov
988,Jacinta Wattisham,96 Stone Corner Pass,77020,TX,jwattishamrf@cisco.com
989,Colline Maving,17721 Dixon Alley,22070,VA,cmavingrg@google.com.br
990,Mella Breede,2726 Hoffman Alley,78410,TX,mbreederh@spiegel.de
991,Stearne Grebert,971 Pond Plaza,50330,IA,sgrebertri@sfgate.com
992,Ardenia Leahy,14260 Village Lane,17126,PA,aleahyrj@wordpress.org
993,Jourdan Engeham,8 Johnson Alley,87140,NM,jengehamrk@arizona.edu
994,Job Bridson,376 Quincy Street,98907,WA,jbridsonrl@princeton.edu
995,Lacie Frude,78 Annamark Trail,32627,FL,lfruderm@chicagotribune.com
996,Aggi McAlindon,98429 Sunnyside Trail,15230,PA,amcalindonrn@vistaprint.com
997,Maggie Hay,2712 Merchant Drive,55487,MN,mhayro@earthlink.net
998,Beverly Bischoff,88402 Butterfield Junction,60351,IL,bbischoffrp@unc.edu
999,Rikki Bernhard,610 Main Alley,20220,DC,rbernhardrq@vk.com
1000,Leanora Chasemore,55 Hintze Center,23514,VA,lchasemorerr@walmart.com
