id,name,address,zipcode,state,email
1,Izzy Younge,255 Goodland Road,47732,IN,iyounge0@jigsy.com
2,Maddalena Murrow,78 Lakeland Trail,94522,CA,mmurrow1@sbwire.com
3,Farrel Limer,0546 Hansons Lane,77045,TX,flimer2@fda.gov
4,Kerwin Farres,6 Anthes Way,12232,NY,kfarres3@example.com
5,Davita Broadway,24640 Sloan Parkway,93291,CA,dbroadway4@wunderground.com
6,Elsinore Adshed,9653 Sunbrook Avenue,74156,OK,eadshed5@youku.com
7,Anthea Oland,1211 Forest Dale Alley,54305,WI,aoland6@about.me
8,Rafael McTavish,53 Bay Trail,88514,TX,rmctavish7@ucla.edu
9,Stefa Irvin,43 Sundown Way,33758,FL,sirvin8@opensource.org
10,Todd Gilligan,49225 Esch Terrace,71137,LA,tgilligan9@statcounter.com
11,Iggy Kehri,85 Hudson Alley,72916,AR,ikehria@infoseek.co.jp
12,Joline Maddern,835 Vermont Drive,30130,GA,jmaddernb@skyrock.com
13,Gerti Oldfield,204 Warrior Parkway,85284,AZ,goldfieldc@drupal.org
14,Gabby Emerton,69 Crownhardt Trail,78789,TX,gemertond@edublogs.org
15,Biddie Caldecourt,5303 Brown Crossing,30195,GA,bcaldecourte@miibeian.gov.cn
16,Larina Pepi,8889 Kropf Crossing,23459,VA,lpepif@dropbox.com
17,Kevin Toyer,63 Ridgeway Way,85732,AZ,ktoyerg@economist.com
18,Carine Gadault,2697 Marcy Parkway,76147,TX,cgadaulth@google.co.jp
19,Josefina Doding,85368 Monica Place,76147,TX,jdodingi@xinhuanet.com
20,Briney Claye,7488 Di Loreto Hill,20557,DC,bclayej@imgur.com
21,Dulcinea Hurl,48 Spenser Drive,47805,IN,dhurlk@microsoft.com
22,Nappie Falkner,51 Morrow Pass,91117,CA,nfalknerl@example.com
23,Bee Bennetto,102 Nancy Point,70142,LA,bbennettom@a8.net
24,Scarface Keble,6 Mosinee Terrace,74126,OK,skeblen@indiatimes.com
25,Pippo Zuker,5862 Florence Road,77705,TX,pzukero@marriott.com
26,Golda Tersay,8653 East Road,98206,WA,gtersayp@tripadvisor.com
27,Georgianna Babin,6369 Amoth Trail,89510,NV,gbabinq@hibu.com
28,Darryl Culbard,87528 Hooker Pass,23612,VA,dculbardr@ebay.co.uk
29,Pat Dayes,0 Ruskin Drive,35210,AL,pdayess@gov.uk
30,Donia Dhenin,831 Comanche Pass,92424,CA,ddhenint@drupal.org
31,Dill Coffey,8527 8th Junction,87105,NM,dcoffeyu@ucoz.com
32,Carmen Storrah,5 Meadow Valley Place,20057,DC,cstorrahv@tiny.cc
33,Marylee Conville,8098 Manley Alley,70187,LA,mconvillew@java.com
34,Giralda Bennit,3 Harper Road,89519,NV,gbennitx@answers.com
35,Nero Lammers,9 Lighthouse Bay Junction,15279,PA,nlammersy@alibaba.com
36,Frank Sercombe,14 Meadow Vale Plaza,33336,FL,fsercombez@rambler.ru
37,Jordon Vasilchenko,5457 8th Terrace,32215,FL,jvasilchenko10@redcross.org
38,Gussy Crathorne,3873 Chinook Trail,63158,MO,gcrathorne11@washingtonpost.com
39,Anthiathia Clearie,6531 Little Fleur Drive,71137,LA,aclearie12@wiley.com
40,Sada Addicott,7377 Maywood Court,50393,IA,saddicott13@huffingtonpost.com
41,Clyde Wrighton,5376 Aberg Hill,34290,FL,cwrighton14@weibo.com
42,Lucinda Blacksell,580 Nobel Terrace,33432,FL,lblacksell15@usnews.com
43,Melloney Wainman,41 Fallview Place,96845,HI,mwainman16@oracle.com
44,Niel Cansdale,95597 Ridge Oak Alley,46814,IN,ncansdale17@zimbio.com
45,Loise Goatcher,2 Bashford Avenue,45233,OH,lgoatcher18@google.de
46,Cointon Jeeks,1470 Kennedy Alley,94605,CA,cjeeks19@time.com
47,Corry Haulkham,11 Dorton Pass,60652,IL,chaulkham1a@devhub.com
48,Hillier Larne,6 Red Cloud Avenue,48232,MI,hlarne1b@forbes.com
49,Rowland Icke,048 Myrtle Plaza,83727,ID,ricke1c@bloomberg.com
50,Sandye Mussington,70 Pierstorff Way,50362,IA,smussington1d@xinhuanet.com
51,Bernice Bolino,5 Del Mar Alley,55428,MN,bbolino1e@ed.gov
52,Niall Cleve,21 Judy Alley,12325,NY,ncleve1f@miitbeian.gov.cn
53,Elena Pyson,281 Holmberg Trail,47747,IN,epyson1g@toplist.cz
54,Diego Gilhouley,7785 Chive Way,30605,GA,dgilhouley1h@com.com
55,Jeanie Haugen,35906 Stang Center,20470,DC,jhaugen1i@timesonline.co.uk
56,Gwenni Gallelli,273 Swallow Street,11205,NY,ggallelli1j@spotify.com
57,Mommy Pencott,53 Brentwood Crossing,30506,GA,mpencott1k@yandex.ru
58,Byram Moulin,69 Pepper Wood Way,98442,WA,bmoulin1l@addthis.com
59,Sadie Wesker,9 Village Trail,78732,TX,swesker1m@histats.com
60,Nadiya Wanden,51 Rutledge Trail,21265,MD,nwanden1n@usnews.com
61,Christen Cornfield,48 Alpine Lane,22908,VA,ccornfield1o@netscape.com
62,Laraine Sara,03012 Ramsey Court,78426,TX,lsara1p@vistaprint.com
63,Finn Toomey,9678 Lakeland Alley,87180,NM,ftoomey1q@hubpages.com
64,Coletta Artois,6 Shelley Junction,85030,AZ,cartois1r@furl.net
65,Shandee Tuffrey,214 Buhler Pass,50347,IA,stuffrey1s@addtoany.com
66,Erwin Doughtery,0156 Milwaukee Trail,92165,CA,edoughtery1t@whitehouse.gov
67,Hort Bee,407 Basil Drive,23436,VA,hbee1u@newyorker.com
68,Emilia Urwin,3404 Sundown Plaza,48267,MI,eurwin1v@weibo.com
69,Mendy Killingsworth,2 Hallows Court,15279,PA,mkillingsworth1w@washingtonpost.com
70,Carce Minghi,30314 Dexter Junction,32854,FL,cminghi1x@purevolume.com
71,Lind Boleyn,813 Fremont Lane,32835,FL,lboleyn1y@so-net.ne.jp
72,Jolynn Mayworth,5628 Beilfuss Terrace,91117,CA,jmayworth1z@wunderground.com
73,Dougie Towsie,5 Jenifer Junction,68197,NE,dtowsie20@zdnet.com
74,Far Dunstan,4 Moland Junction,23228,VA,fdunstan21@tripod.com
75,Ardisj Balint,4022 Pearson Point,55103,MN,abalint22@sciencedirect.com
76,Ulrich Fulham,09 Mitchell Way,35405,AL,ufulham23@auda.org.au
77,Emmaline Fairlaw,62 Rusk Place,33694,FL,efairlaw24@youtube.com
78,Jeanine Briers,45682 Holmberg Junction,79923,TX,jbriers25@nytimes.com
79,Geraldine Sywell,60 Sugar Center,38168,TN,gsywell26@jugem.jp
80,Briggs Keune,891 Charing Cross Court,31416,GA,bkeune27@exblog.jp
81,Mabelle Greathead,676 Straubel Pass,19805,DE,mgreathead28@deviantart.com
82,El Munslow,615 Little Fleur Hill,98042,WA,emunslow29@amazon.de
83,Flem Glyssanne,00 8th Hill,10275,NY,fglyssanne2a@smugmug.com
84,Dido Gravett,0 Little Fleur Trail,20226,DC,dgravett2b@51.la
85,Reid Zamudio,10 Farragut Crossing,25775,WV,rzamudio2c@canalblog.com
86,Leonelle Logie,397 Texas Center,94042,CA,llogie2d@sourceforge.net
87,Silvio Jenkison,585 Golf View Way,99522,AK,sjenkison2e@goo.ne.jp
88,Cybill Garrod,1986 Mcguire Parkway,85015,AZ,cgarrod2f@ucsd.edu
89,Eilis Weben,9511 Helena Crossing,99210,WA,eweben2g@phoca.cz
90,Kassia Dukesbury,7 Little Fleur Way,33320,FL,kdukesbury2h@goodreads.com
91,Mord Mattiazzo,9 Pearson Court,80915,CO,mmattiazzo2i@weibo.com
92,Price Phippard,28 Clove Place,58505,ND,pphippard2j@merriam-webster.com
93,Milicent Kornacki,72 South Park,29579,SC,mkornacki2k@apple.com
94,Zaria Matej,2 Del Mar Terrace,30245,GA,zmatej2l@webnode.com
95,Ginelle Goldson,1 Sunfield Hill,45243,OH,ggoldson2m@ocn.ne.jp
96,Lotty Rubinow,57763 Butternut Street,89178,NV,lrubinow2n@photobucket.com
97,Doralyn Ketchaside,7971 Melody Alley,20046,DC,dketchaside2o@phoca.cz
98,Merralee Pescott,747 Karstens Crossing,92105,CA,mpescott2p@prlog.org
99,Yetty Troop,85565 Ridgeview Center,91199,CA,ytroop2q@webeden.co.uk
100,Ingeborg Fedder,684 Bartelt Plaza,90831,CA,ifedder2r@google.com.au
101,Darbee Carlucci,98008 Hovde Road,16534,PA,dcarlucci2s@hao123.com
102,Baxy Kaines,8468 Shelley Way,85025,AZ,bkaines2t@bbc.co.uk
103,Rawley Sherland,93 Mayer Street,45271,OH,rsherland2u@prweb.com
104,Benedikt Blacker,695 Jay Avenue,44105,OH,bblacker2v@spiegel.de
105,Walsh Harwell,3358 Porter Road,76305,TX,wharwell2w@sohu.com
106,Tremain Carlon,791 Delladonna Circle,33325,FL,tcarlon2x@sogou.com
107,Hansiain Wickenden,64797 Anzinger Parkway,60624,IL,hwickenden2y@goodreads.com
108,Welbie Carpmile,91437 Bowman Avenue,92165,CA,wcarpmile2z@reuters.com
109,Shandeigh Kille,9 Scott Avenue,22225,VA,skille30@bing.com
110,Amandi Floodgate,707 Crescent Oaks Court,53285,WI,afloodgate31@blogspot.com
111,Imelda Pavlitschek,41 Golf Course Trail,27150,NC,ipavlitschek32@tmall.com
112,Tim Brandin,09907 Haas Terrace,30096,GA,tbrandin33@php.net
113,Philomena Dobrowolny,4 Gina Terrace,27425,NC,pdobrowolny34@hud.gov
114,Brenna Pitman,63408 Dahle Crossing,17121,PA,bpitman35@clickbank.net
115,Olwen Ruddy,0446 Rigney Lane,30061,GA,oruddy36@toplist.cz
116,Dre Canadas,33946 Fieldstone Lane,40220,KY,dcanadas37@java.com
117,Lissie Leeds,54330 Northview Terrace,97312,OR,lleeds38@diigo.com
118,Sharla Monelle,9 Darwin Trail,14639,NY,smonelle39@phpbb.com
119,Gaile Donovan,1 Onsgard Parkway,40505,KY,gdonovan3a@noaa.gov
120,Blair Innot,40258 Dorton Hill,35242,AL,binnot3b@4shared.com
121,Aurel Vearnals,7208 Fulton Alley,89140,NV,avearnals3c@google.cn
122,Celestyn Bullen,49 Loftsgordon Plaza,92160,CA,cbullen3d@gizmodo.com
123,Marla Melledy,9563 Toban Street,10034,NY,mmelledy3e@eventbrite.com
124,Aubert Rimell,0790 Ilene Plaza,32209,FL,arimell3f@illinois.edu
125,Franky Bowerbank,96 Texas Plaza,11470,NY,fbowerbank3g@eepurl.com
126,Lilith Whitlock,7 Schmedeman Terrace,34479,FL,lwhitlock3h@goodreads.com
127,Bethina Fibbens,5791 Ilene Alley,37240,TN,bfibbens3i@shutterfly.com
128,Arin Cruise,266 Spaight Court,80015,CO,acruise3j@is.gd
129,Gilles Mingaye,81 Center Parkway,19058,PA,gmingaye3k@is.gd
130,Elisha Persich,4961 Cottonwood Point,79705,TX,epersich3l@wordpress.org
131,Sandi Chmarny,39281 Swallow Pass,96805,HI,schmarny3m@smh.com.au
132,Luci Swalough,931 Summerview Crossing,10464,NY,lswalough3n@jiathis.com
133,Marthe Eddisforth,3 Roxbury Park,48550,MI,meddisforth3o@so-net.ne.jp
134,Selma Shee,70600 Badeau Center,55114,MN,sshee3p@bbb.org
135,Allistir Mc Combe,526 Quincy Junction,19196,PA,amc3q@arizona.edu
136,Cami Arnot,608 Anthes Road,58106,ND,carnot3r@e-recht24.de
137,Eberto Ayerst,458 Atwood Trail,90847,CA,eayerst3s@scientificamerican.com
138,Waly Thirst,99 Onsgard Center,91797,CA,wthirst3t@ibm.com
139,Ramonda Lourens,16252 Superior Point,31998,GA,rlourens3u@slideshare.net
140,Randy Bordman,1 Mcguire Junction,85255,AZ,rbordman3v@sciencedirect.com
141,Chauncey Sultan,9 Gulseth Street,64136,MO,csultan3w@blogtalkradio.com
142,Solomon Flory,89011 Pierstorff Place,37240,TN,sflory3x@acquirethisname.com
143,Killian Rizzo,1 Michigan Court,90310,CA,krizzo3y@php.net
144,Haskel Dexter,21 Corben Park,91205,CA,hdexter3z@tumblr.com
145,Ferrell Mugford,9627 Loftsgordon Center,33336,FL,fmugford40@github.com
146,Karoly Slowcock,99 Del Mar Junction,92415,CA,kslowcock41@ow.ly
147,Reed Stokoe,1 Bartelt Park,94126,CA,rstokoe42@histats.com
148,Enrichetta Chomicz,0505 Delladonna Drive,20067,DC,echomicz43@uiuc.edu
149,Marmaduke Fadian,54405 Ryan Junction,79116,TX,mfadian44@posterous.com
150,Emalee Jan,03112 Delladonna Hill,63110,MO,ejan45@usgs.gov
151,Tulley Eminson,11 Grim Terrace,75246,TX,teminson46@nsw.gov.au
152,Janeczka Rummins,6021 Michigan Avenue,20244,DC,jrummins47@dion.ne.jp
153,Milt Banbury,7977 Colorado Plaza,23220,VA,mbanbury48@php.net
154,Faulkner Davinet,161 Garrison Circle,47805,IN,fdavinet49@networksolutions.com
155,Carver Seckom,88004 Delaware Lane,20041,DC,cseckom4a@walmart.com
156,Richart Steinhammer,1 Bartelt Point,02745,MA,rsteinhammer4b@mashable.com
157,Ludvig Simes,6591 Lighthouse Bay Point,79945,TX,lsimes4c@webmd.com
158,Yanaton Morales,75430 Maryland Park,06854,CT,ymorales4d@nih.gov
159,Claudetta Horburgh,66 Dovetail Crossing,89140,NV,chorburgh4e@state.tx.us
160,Kiri Eake,47 Hoffman Way,78778,TX,keake4f@nbcnews.com
161,Seymour Skingle,0 Little Fleur Plaza,80249,CO,sskingle4g@artisteer.com
162,Walt Clive,466 Barby Alley,44130,OH,wclive4h@dyndns.org
163,Rowland Sibery,57509 Shoshone Road,68517,NE,rsibery4i@youtu.be
164,Farris Snawden,11 Brown Way,40220,KY,fsnawden4j@is.gd
165,Kele Jonson,6757 Algoma Hill,19058,PA,kjonson4k@xinhuanet.com
166,Miriam Ruppeli,33 Sloan Hill,88558,TX,mruppeli4l@biblegateway.com
167,Felicia Sandeford,42225 Ruskin Road,55905,MN,fsandeford4m@java.com
168,Gilberto Huguet,62569 Brentwood Trail,76105,TX,ghuguet4n@reverbnation.com
169,Rockey Gretton,0058 Sunnyside Road,55446,MN,rgretton4o@npr.org
170,Tori Lubomirski,3991 Twin Pines Plaza,20046,DC,tlubomirski4p@thetimes.co.uk
171,Chandler Wilkinson,80387 Briar Crest Park,80270,CO,cwilkinson4q@admin.ch
172,Uta Macconachy,6870 Delaware Crossing,02208,MA,umacconachy4r@privacy.gov.au
173,Rubetta Goolding,16 Fairview Circle,46247,IN,rgoolding4s@wiley.com
174,Goober Copcutt,49 Myrtle Park,66210,KS,gcopcutt4t@omniture.com
175,Amerigo Cooling,97034 Cherokee Circle,92662,CA,acooling4u@time.com
176,Drugi Le feaver,3547 Caliangt Park,33805,FL,dle4v@mashable.com
177,Boy Leas,876 Buena Vista Street,01610,MA,bleas4w@gravatar.com
178,Norton Bierman,9444 Troy Terrace,27499,NC,nbierman4x@biblegateway.com
179,Sonny Tuxwell,08539 Eagan Alley,29305,SC,stuxwell4y@infoseek.co.jp
180,Andreas Scott,8934 Summit Hill,32314,FL,ascott4z@aol.com
181,Nolan Saurat,10 Stone Corner Terrace,78703,TX,nsaurat50@bravesites.com
182,Sharron MacDuffie,7 Lyons Crossing,94177,CA,smacduffie51@yelp.com
183,Homere Baldick,9 Macpherson Lane,27404,NC,hbaldick52@samsung.com
184,Keelia Easterbrook,6199 Northwestern Court,44197,OH,keasterbrook53@merriam-webster.com
185,Magnum Pinnion,02 Kenwood Street,94164,CA,mpinnion54@merriam-webster.com
186,Ibbie Le Ball,44 Sommers Circle,68510,NE,ile55@jimdo.com
187,Lisetta Fresson,340 Acker Center,97211,OR,lfresson56@ibm.com
188,Tonye Wooddisse,65329 Graceland Point,32830,FL,twooddisse57@acquirethisname.com
189,Thomas Flea,80955 Carberry Junction,68124,NE,tflea58@newsvine.com
190,Solly Anderer,95206 Summit Road,89436,NV,sanderer59@typepad.com
191,Rafaela McCreery,9 Briar Crest Court,85305,AZ,rmccreery5a@irs.gov
192,Grange Jeaycock,12114 Nova Parkway,94142,CA,gjeaycock5b@google.co.uk
193,Granger Greatbanks,79 Vahlen Trail,55166,MN,ggreatbanks5c@ox.ac.uk
194,Laurette Bodycomb,10058 Crowley Alley,85083,AZ,lbodycomb5d@jimdo.com
195,Bradly O'Carran,77962 Village Green Road,34135,FL,bocarran5e@purevolume.com
196,Winslow Augustin,97107 Coolidge Pass,75310,TX,waugustin5f@deliciousdays.com
197,Sharlene Pauluzzi,79 Barby Pass,77234,TX,spauluzzi5g@engadget.com
198,Amata Vittori,08955 Londonderry Point,37228,TN,avittori5h@spiegel.de
199,Ebenezer Kinvig,6 Bashford Trail,88579,TX,ekinvig5i@hubpages.com
200,Marcel Dunridge,11857 Eggendart Street,71914,AR,mdunridge5j@disqus.com
201,Georgia Vickress,045 Wayridge Drive,84120,UT,gvickress5k@vk.com
202,Risa Bovaird,09 Muir Center,92170,CA,rbovaird5l@usgs.gov
203,Florri Barnewell,193 Dayton Terrace,92862,CA,fbarnewell5m@nhs.uk
204,Rebe Blacktin,63 Kennedy Lane,85754,AZ,rblacktin5n@exblog.jp
205,Heinrik Clemanceau,12677 Mariners Cove Way,37924,TN,hclemanceau5o@guardian.co.uk
206,Dorita Hayesman,02282 Lotheville Parkway,20816,MD,dhayesman5p@indiegogo.com
207,Viv Ohlsen,13276 Bunker Hill Drive,28210,NC,vohlsen5q@yale.edu
208,Rosaleen Girault,3 Pierstorff Hill,74103,OK,rgirault5r@mtv.com
209,Kippy Cracie,9315 Park Meadow Junction,75367,TX,kcracie5s@wikia.com
210,Gretal Fronzek,254 Oak Avenue,44555,OH,gfronzek5t@usda.gov
211,William Brett,7567 Oakridge Place,12210,NY,wbrett5u@vk.com
212,Nickey Shwenn,54326 East Pass,48956,MI,nshwenn5v@earthlink.net
213,Brena Howson,7 Bluejay Road,99507,AK,bhowson5w@taobao.com
214,Perl Sickamore,185 Novick Way,93386,CA,psickamore5x@parallels.com
215,Uta Gumary,8 Sheridan Road,36125,AL,ugumary5y@umn.edu
216,Diahann Bottrill,1 Carioca Lane,30245,GA,dbottrill5z@npr.org
217,Remus Muckley,06106 Spohn Terrace,30386,GA,rmuckley60@imdb.com
218,Rolph Ashurst,70267 Sullivan Center,11225,NY,rashurst61@360.cn
219,Coralie Meffan,5 Hermina Parkway,15210,PA,cmeffan62@furl.net
220,Gustave Demkowicz,9 Anderson Way,24014,VA,gdemkowicz63@linkedin.com
221,Katine Keijser,90279 Southridge Lane,32854,FL,kkeijser64@goo.ne.jp
222,Nefen Buttrum,543 Corscot Circle,80935,CO,nbuttrum65@bbc.co.uk
223,Margret Dowdall,961 Stuart Park,59771,MT,mdowdall66@virginia.edu
224,Raf De la Barre,08055 Lakewood Gardens Center,10606,NY,rde67@hugedomains.com
225,Barbra Lavielle,1 Rockefeller Park,85255,AZ,blavielle68@dailymail.co.uk
226,Germaine Tomasini,561 Oak Valley Street,80940,CO,gtomasini69@dell.com
227,Hanni Tal,34266 Hanson Street,93106,CA,htal6a@wired.com
228,Rube Polini,59 Texas Lane,97240,OR,rpolini6b@networkadvertising.org
229,Miof mela Canacott,48475 Farmco Junction,55436,MN,mmela6c@dot.gov
230,Kerry Beernt,9544 Carberry Pass,32590,FL,kbeernt6d@marriott.com
231,Lenci Cooney,09153 Westport Place,92668,CA,lcooney6e@jugem.jp
232,Clarice Catton,26209 Badeau Crossing,38308,TN,ccatton6f@arstechnica.com
233,Stanleigh Levine,71 Kropf Plaza,70116,LA,slevine6g@uiuc.edu
234,Jakob McIlwain,78 Katie Terrace,25705,WV,jmcilwain6h@angelfire.com
235,Gearard Halksworth,823 Corry Circle,96845,HI,ghalksworth6i@unc.edu
236,Wallis MacShane,188 Riverside Road,48107,MI,wmacshane6j@tripadvisor.com
237,Wolfy Bowden,52586 Lakewood Circle,14646,NY,wbowden6k@unc.edu
238,Sibby Scutchings,573 Hermina Point,38131,TN,sscutchings6l@amazon.de
239,Tailor Jelf,2287 Granby Road,98175,WA,tjelf6m@amazon.de
240,Arron Powers,996 Arizona Plaza,20244,DC,apowers6n@china.com.cn
241,Rufe Mildmott,3328 Karstens Park,95064,CA,rmildmott6o@cafepress.com
242,Raoul Dewing,395 Monterey Hill,49518,MI,rdewing6p@github.io
243,Conney Ranson,52 Larry Lane,46239,IN,cranson6q@patch.com
244,Tad Klemensiewicz,650 East Lane,71115,LA,tklemensiewicz6r@toplist.cz
245,Sukey Strickett,00248 Maywood Pass,11254,NY,sstrickett6s@google.cn
246,Morgan Marte,739 Magdeline Alley,12255,NY,mmarte6t@spotify.com
247,Bobina Hammill,9 Forest Dale Pass,22111,VA,bhammill6u@kickstarter.com
248,Mirna Mingauld,131 Maple Wood Place,90030,CA,mmingauld6v@foxnews.com
249,Gusella Prichard,277 High Crossing Trail,47725,IN,gprichard6w@deliciousdays.com
250,Ignace Rimbault,88 Lotheville Plaza,80915,CO,irimbault6x@odnoklassniki.ru
251,Sayre Gravenell,2393 Mcbride Circle,77065,TX,sgravenell6y@printfriendly.com
252,Travis Langham,9 Lotheville Parkway,92196,CA,tlangham6z@bloglines.com
253,Velma Naisbit,2617 Tennyson Park,25336,WV,vnaisbit70@icq.com
254,Bailie Greenhalgh,0001 Evergreen Point,79405,TX,bgreenhalgh71@cmu.edu
255,Joane Costen,539 Bunting Point,77271,TX,jcosten72@hhs.gov
256,Luciano Crates,4 Calypso Park,23260,VA,lcrates73@rakuten.co.jp
257,Lynnet Cristofolini,8753 Forest Trail,52410,IA,lcristofolini74@people.com.cn
258,Niki Sillett,3445 Karstens Terrace,12242,NY,nsillett75@psu.edu
259,Celie Heningham,9636 Emmet Court,95405,CA,cheningham76@skyrock.com
260,Kermie Salzberger,36842 Old Gate Center,84145,UT,ksalzberger77@merriam-webster.com
261,Trever Laxe,77 Blaine Road,58207,ND,tlaxe78@wsj.com
262,Britt McDirmid,4 Kipling Pass,19184,PA,bmcdirmid79@china.com.cn
263,Briney Miguel,9236 Hanover Terrace,85748,AZ,bmiguel7a@xrea.com
264,Jerri Sparks,49 Schmedeman Crossing,48224,MI,jsparks7b@example.com
265,Bunny Radenhurst,257 Chinook Terrace,30328,GA,bradenhurst7c@shinystat.com
266,Hunter Gayden,2 Stang Avenue,90065,CA,hgayden7d@virginia.edu
267,Ariella Allan,73620 Garrison Lane,95828,CA,aallan7e@ca.gov
268,Matty McCaighey,2906 Spohn Court,80127,CO,mmccaighey7f@unc.edu
269,Oralle Pinder,8 Maryland Parkway,40256,KY,opinder7g@ihg.com
270,Margi Rochelle,71 Stephen Circle,10060,NY,mrochelle7h@pagesperso-orange.fr
271,Joane Addenbrooke,96084 Hallows Plaza,78255,TX,jaddenbrooke7i@netscape.com
272,Susan Whaplington,67679 Elgar Terrace,80951,CO,swhaplington7j@nifty.com
273,Nestor Luetchford,9 Armistice Avenue,45238,OH,nluetchford7k@geocities.jp
274,Kissiah Clemendot,910 Quincy Place,85005,AZ,kclemendot7l@4shared.com
275,Issy Collip,710 Harper Road,93740,CA,icollip7m@shutterfly.com
276,Jessamine Jeakins,668 Dakota Drive,27690,NC,jjeakins7n@whitehouse.gov
277,Moria Verduin,2 Nova Road,78205,TX,mverduin7o@newsvine.com
278,Hadria Keilloh,2554 East Road,35285,AL,hkeilloh7p@clickbank.net
279,Bourke Wink,5856 Dapin Drive,77075,TX,bwink7q@auda.org.au
280,Boone Bodycombe,4 Stephen Point,20029,DC,bbodycombe7r@php.net
281,Minta Wiles,84 Hoard Point,28410,NC,mwiles7s@tripod.com
282,Evelin Eisikowitch,026 Scoville Plaza,01114,MA,eeisikowitch7t@github.io
283,Erin Busch,524 Sundown Avenue,55458,MN,ebusch7u@ed.gov
284,Cheri Rushbrooke,0 Fair Oaks Trail,24020,VA,crushbrooke7v@imgur.com
285,Valina Batchelour,01 Talmadge Avenue,30092,GA,vbatchelour7w@bigcartel.com
286,Gilbertina Outridge,793 Melvin Point,90305,CA,goutridge7x@ucoz.ru
287,Flossi Rate,62202 Lake View Road,33320,FL,frate7y@nhs.uk
288,Gabbey Sofe,87 Warrior Plaza,32309,FL,gsofe7z@prnewswire.com
289,Roseann Alphonso,6 Armistice Park,53779,WI,ralphonso80@uol.com.br
290,Abbott Skill,9 Rieder Circle,23612,VA,askill81@bing.com
291,Philomena Donavan,75 Thompson Pass,28278,NC,pdonavan82@arstechnica.com
292,Veronique Arman,607 Roth Court,70593,LA,varman83@i2i.jp
293,Spencer Eversfield,31 Browning Court,77240,TX,seversfield84@washington.edu
294,Neddie Earpe,26981 Anderson Alley,44310,OH,nearpe85@ox.ac.uk
295,Leonidas Killoran,1018 Monument Crossing,60505,IL,lkilloran86@indiatimes.com
296,Cecilius Attkins,12 Redwing Plaza,22217,VA,cattkins87@hubpages.com
297,Kellina Drowsfield,79052 Bayside Pass,45296,OH,kdrowsfield88@google.co.jp
298,Dario Dincke,2951 Kipling Alley,94154,CA,ddincke89@fema.gov
299,Anabella Trassler,2 Algoma Place,33034,FL,atrassler8a@homestead.com
300,Sanford Founds,3 Fuller Junction,02104,MA,sfounds8b@skyrock.com
301,Leoine Bradforth,56 Stoughton Lane,93786,CA,lbradforth8c@bizjournals.com
302,Stafford Maleby,5711 Bultman Circle,12232,NY,smaleby8d@google.es
303,Siobhan Benbow,33235 Mitchell Junction,47725,IN,sbenbow8e@mayoclinic.com
304,Kurt Jakel,48 Lerdahl Circle,59806,MT,kjakel8f@eepurl.com
305,Sherry Cobbald,0 Colorado Road,33421,FL,scobbald8g@alibaba.com
306,Truda Tilmouth,57 Meadow Ridge Way,91411,CA,ttilmouth8h@xrea.com
307,Sonni Pinhorn,2551 Clove Point,96810,HI,spinhorn8i@nymag.com
308,Phyllys Yeatman,649 Scott Pass,77276,TX,pyeatman8j@marketwatch.com
309,Celene Sproson,2044 Rigney Center,33742,FL,csproson8k@mlb.com
310,Van Boutell,93700 Manley Avenue,75310,TX,vboutell8l@mapquest.com
311,Dennison Lough,0 Moulton Circle,71151,LA,dlough8m@cpanel.net
312,Fabiano Dikelin,4140 Texas Place,29610,SC,fdikelin8n@springer.com
313,Nelia Hawkslee,1745 Division Junction,33355,FL,nhawkslee8o@webs.com
314,Simonne Troutbeck,03 Loomis Plaza,96845,HI,stroutbeck8p@meetup.com
315,Kerri Loseby,44500 Bultman Court,33884,FL,kloseby8q@about.me
316,Kara Rubinowitch,74927 Messerschmidt Court,32941,FL,krubinowitch8r@senate.gov
317,Stewart Ilyunin,27672 Veith Way,19897,DE,silyunin8s@upenn.edu
318,Vic Woolen,2974 Larry Drive,10125,NY,vwoolen8t@nih.gov
319,Andonis Hartshorne,162 Oxford Hill,35285,AL,ahartshorne8u@microsoft.com
320,Mill Karmel,63 Glendale Parkway,13205,NY,mkarmel8v@com.com
321,Gerard Cordle,1699 Garrison Alley,68583,NE,gcordle8w@youtube.com
322,Hagan MacLardie,60767 Meadow Vale Circle,39534,MS,hmaclardie8x@chicagotribune.com
323,Galven Stuttman,39610 Loeprich Avenue,33605,FL,gstuttman8y@weather.com
324,Sawyer Limprecht,51 Fallview Road,58106,ND,slimprecht8z@phoca.cz
325,Obed Ferry,8 Susan Alley,46266,IN,oferry90@linkedin.com
326,Udale Norris,96897 Golf Road,80235,CO,unorris91@narod.ru
327,Mallory Madrell,8 Reindahl Drive,91328,CA,mmadrell92@dagondesign.com
328,Angy Varker,97 Nevada Park,07522,NJ,avarker93@businessweek.com
329,Bruis Fleote,3 Anthes Trail,49444,MI,bfleote94@cisco.com
330,Aloise Jenkin,042 Garrison Parkway,18018,PA,ajenkin95@t-online.de
331,Timoteo Turnock,0 Warner Point,11254,NY,tturnock96@edublogs.org
332,Druci McKibben,75360 Melvin Pass,90081,CA,dmckibben97@columbia.edu
333,Imelda Richold,7064 Birchwood Trail,89595,NV,irichold98@mayoclinic.com
334,Rosy Shackesby,0103 Utah Center,92410,CA,rshackesby99@canalblog.com
335,Susanetta Gatch,4 Banding Terrace,15230,PA,sgatch9a@comcast.net
336,Clareta Hovert,278 Reindahl Court,73109,OK,chovert9b@zimbio.com
337,Devan Mangeney,4293 Morning Alley,29411,SC,dmangeney9c@foxnews.com
338,Markus Saunder,49 Melody Plaza,94042,CA,msaunder9d@samsung.com
339,Cynde Narramore,9 Birchwood Parkway,13217,NY,cnarramore9e@wikia.com
340,Mae Harmer,5755 Forest Plaza,10099,NY,mharmer9f@answers.com
341,Muffin Conlaund,355 David Point,93907,CA,mconlaund9g@merriam-webster.com
342,Moise Alderson,2 Stang Crossing,84140,UT,malderson9h@ustream.tv
343,Jaime Kleuer,88 Farragut Crossing,45020,OH,jkleuer9i@si.edu
344,Madalena Ibbetson,2 High Crossing Place,87180,NM,mibbetson9j@forbes.com
345,Nelie Eversley,03726 Everett Street,10705,NY,neversley9k@smugmug.com
346,Clementius Hannibal,785 Eagan Hill,89125,NV,channibal9l@disqus.com
347,Idelle Prazer,06874 5th Avenue,10115,NY,iprazer9m@google.fr
348,Lizzy Youd,53 Hallows Circle,70124,LA,lyoud9n@macromedia.com
349,Cairistiona Amott,42 Myrtle Plaza,66215,KS,camott9o@fastcompany.com
350,Edd Dunk,08 Dwight Court,75379,TX,edunk9p@parallels.com
351,Hunt Bigmore,8 Pierstorff Pass,46216,IN,hbigmore9q@live.com
352,Lamar Redit,8 Florence Road,02912,RI,lredit9r@wix.com
353,Dyann Tomblett,98223 Lerdahl Pass,92191,CA,dtomblett9s@naver.com
354,Tildy McQuirk,4 Linden Place,75246,TX,tmcquirk9t@parallels.com
355,Frankie Vennart,74407 Charing Cross Crossing,85210,AZ,fvennart9u@usa.gov
356,Laina Muddicliffe,9381 Express Court,32314,FL,lmuddicliffe9v@fc2.com
357,Markus Gaffer,744 Lillian Way,36134,AL,mgaffer9w@seattletimes.com
358,Sawyer Mannie,594 Hudson Street,93786,CA,smannie9x@pinterest.com
359,Chaim Muff,3 Warbler Road,48232,MI,cmuff9y@cmu.edu
360,Tate Trevino,67239 Commercial Crossing,33487,FL,ttrevino9z@elegantthemes.com
361,Kelwin Yurkov,585 Swallow Avenue,34210,FL,kyurkova0@rambler.ru
362,Kora Richard,3 Bultman Hill,15230,PA,kricharda1@fotki.com
363,Marylou Godsal,62550 Meadow Vale Center,75185,TX,mgodsala2@soundcloud.com
364,Cece Leemans,28 Springview Parkway,27610,NC,cleemansa3@blogs.com
365,Earle Zammett,79818 Eggendart Street,37410,TN,ezammetta4@state.gov
366,Vivianne Marrow,061 Arapahoe Lane,37205,TN,vmarrowa5@pagesperso-orange.fr
367,Burr Cornuau,872 Kropf Point,90035,CA,bcornuaua6@businesswire.com
368,Carrie Glisenan,11 Namekagon Place,32595,FL,cglisenana7@chron.com
369,Rahel Cassells,1898 Service Plaza,21265,MD,rcassellsa8@wired.com
370,Prissie Notman,43 Cordelia Center,23705,VA,pnotmana9@chron.com
371,Eryn Kalberer,665 Dahle Center,25356,WV,ekalbereraa@skype.com
372,Issie Duer,500 Monica Parkway,07305,NJ,iduerab@hostgator.com
373,Obie Karoly,3248 Annamark Court,92725,CA,okarolyac@nhs.uk
374,Joletta Lawley,3244 Spaight Circle,85030,AZ,jlawleyad@meetup.com
375,Brittany Stringman,90 Warner Lane,06721,CT,bstringmanae@dropbox.com
376,Madalyn Alliban,1 Kennedy Crossing,11480,NY,mallibanaf@issuu.com
377,Aksel Chown,2688 Dixon Plaza,29305,SC,achownag@java.com
378,Alister MacNeish,492 Hagan Center,94110,CA,amacneishah@rambler.ru
379,Chelsae Rangle,8 Melrose Circle,31205,GA,crangleai@paypal.com
380,Darice Yarrow,4761 Crownhardt Plaza,79977,TX,dyarrowaj@noaa.gov
381,Amaleta Crowhurst,4 Kenwood Pass,33175,FL,acrowhurstak@smugmug.com
382,Boote Iwanowicz,5954 Anhalt Drive,85053,AZ,biwanowiczal@sakura.ne.jp
383,Thia Gaucher,04 Dexter Avenue,10292,NY,tgaucheram@google.cn
384,Currie McKeowon,1534 Summerview Avenue,20580,DC,cmckeowonan@163.com
385,Cherilyn Catterson,31543 Northview Pass,28055,NC,ccattersonao@bandcamp.com
386,Annnora Tunny,6 Loomis Point,22096,VA,atunnyap@usa.gov
387,Shelley Grouse,25 Goodland Place,73190,OK,sgrouseaq@japanpost.jp
388,Ofella Dowers,649 Ridge Oak Trail,48901,MI,odowersar@netscape.com
389,Rodolph Legen,4 4th Plaza,29411,SC,rlegenas@vistaprint.com
390,Waldon Woodison,4 Talmadge Junction,32204,FL,wwoodisonat@state.tx.us
391,Nap Kleuer,145 Hintze Street,33731,FL,nkleuerau@yale.edu
392,Clea Jaspar,44272 Summit Crossing,25362,WV,cjasparav@youtu.be
393,Chevy Clayborn,6 Pawling Court,94302,CA,cclaybornaw@pbs.org
394,Desirae Ransom,49 Namekagon Street,96850,HI,dransomax@google.co.jp
395,Sky Joisce,7 Arizona Court,35231,AL,sjoisceay@cornell.edu
396,Janeen Bartkowiak,2 Florence Drive,90030,CA,jbartkowiakaz@auda.org.au
397,Rog Woodings,58814 Jenifer Terrace,30328,GA,rwoodingsb0@deviantart.com
398,Keslie Chipchase,86 Portage Way,91406,CA,kchipchaseb1@ibm.com
399,Maurizia Mephan,7 Towne Place,66617,KS,mmephanb2@constantcontact.com
400,Genni Indruch,20656 Glendale Drive,79955,TX,gindruchb3@bandcamp.com
401,Hewe Knott,76 Oak Circle,97075,OR,hknottb4@slideshare.net
402,Valera Dalglish,4 Grayhawk Point,37215,TN,vdalglishb5@rambler.ru
403,Elliot Escale,47827 Prairie Rose Way,20575,DC,eescaleb6@deliciousdays.com
404,Peter Northidge,5 Fremont Park,62705,IL,pnorthidgeb7@economist.com
405,Wini Mathys,1 Pearson Terrace,75236,TX,wmathysb8@msn.com
406,Cecilla Gurry,0 Mandrake Parkway,02216,MA,cgurryb9@nps.gov
407,Faustina Eby,77793 Sunbrook Parkway,77388,TX,febyba@home.pl
408,Edita Ochterlonie,4 Acker Circle,11210,NY,eochterloniebb@guardian.co.uk
409,Marylinda Ruben,5 Moulton Way,96820,HI,mrubenbc@w3.org
410,Jacob Kirtlan,58 Summerview Terrace,85271,AZ,jkirtlanbd@bing.com
411,Agata Jankovic,87 Burrows Parkway,61640,IL,ajankovicbe@liveinternet.ru
412,Malissia Konerding,7209 Melrose Avenue,85045,AZ,mkonerdingbf@seattletimes.com
413,Melinde McCaw,92340 Coolidge Court,36114,AL,mmccawbg@tripod.com
414,Myra Fipp,32834 Darwin Center,46266,IN,mfippbh@clickbank.net
415,Wenonah Fehner,98 Brentwood Court,47737,IN,wfehnerbi@51.la
416,Tamera Dowty,0087 Victoria Trail,75397,TX,tdowtybj@amazon.de
417,Kelley Mardall,71135 Susan Point,85053,AZ,kmardallbk@wiley.com
418,Bern Brennon,78316 Eagan Plaza,84105,UT,bbrennonbl@eepurl.com
419,Lothario Haggie,835 Crowley Hill,74141,OK,lhaggiebm@g.co
420,Kahaleel Leaming,58 Chinook Street,89130,NV,kleamingbn@pen.io
421,Charmian Hindge,5 Kensington Park,30905,GA,chindgebo@mit.edu
422,Isidore Favey,2880 Caliangt Parkway,92145,CA,ifaveybp@scribd.com
423,Gaylor Kier,9009 Dayton Point,55172,MN,gkierbq@nationalgeographic.com
424,Spence Game,40 Doe Crossing Avenue,70810,LA,sgamebr@trellian.com
425,Andra Kemmey,1591 Kings Way,85271,AZ,akemmeybs@blinklist.com
426,Christy Poyzer,47274 La Follette Point,99522,AK,cpoyzerbt@blog.com
427,Gabby Firby,19 Merrick Circle,75379,TX,gfirbybu@networkadvertising.org
428,Hurleigh Garry,45 Mendota Junction,32204,FL,hgarrybv@storify.com
429,Elsa Eilhertsen,214 Sommers Park,84093,UT,eeilhertsenbw@tripadvisor.com
430,Solly Pulbrook,38706 Monument Lane,64082,MO,spulbrookbx@google.ru
431,Brynn Vigar,110 Quincy Trail,59623,MT,bvigarby@msn.com
432,Kaitlynn Towll,7862 Carpenter Circle,19714,DE,ktowllbz@domainmarket.com
433,Yolande Ludron,9 Talisman Plaza,78415,TX,yludronc0@gov.uk
434,Roda Marron,834 Mandrake Junction,01654,MA,rmarronc1@hugedomains.com
435,Fair Pacher,30354 Mosinee Pass,79999,TX,fpacherc2@accuweather.com
436,Shellie Cattroll,92 Waxwing Plaza,71151,LA,scattrollc3@dell.com
437,Thebault Crampsey,7 Pearson Plaza,75287,TX,tcrampseyc4@nbcnews.com
438,Marne Cressy,4 Lotheville Drive,28289,NC,mcressyc5@home.pl
439,Shannen McSperron,0 Di Loreto Plaza,90189,CA,smcsperronc6@senate.gov
440,Bathsheba Goodwill,1872 Dahle Lane,90045,CA,bgoodwillc7@prweb.com
441,Lanita Fehner,615 Graceland Park,75277,TX,lfehnerc8@yellowbook.com
442,Dedie Brokenbrow,715 Leroy Alley,33605,FL,dbrokenbrowc9@timesonline.co.uk
443,Lacey De Zamudio,79019 Lakewood Gardens Avenue,94105,CA,ldeca@dailymail.co.uk
444,Ermin Weerdenburg,885 Hagan Hill,64160,MO,eweerdenburgcb@abc.net.au
445,Filberte Elleyne,4 South Alley,91913,CA,felleynecc@auda.org.au
446,Ethyl Stiegars,9440 Iowa Way,71161,LA,estiegarscd@berkeley.edu
447,Evvy Waterdrinker,5 Waywood Road,25331,WV,ewaterdrinkerce@aboutads.info
448,Edie Chestney,583 Dorton Street,20420,DC,echestneycf@list-manage.com
449,Sofia Sambles,11 Loomis Alley,10203,NY,ssamblescg@123-reg.co.uk
450,Priscella Tembridge,0 Express Street,23663,VA,ptembridgech@about.com
451,Yorker Bartlet,27 Schmedeman Crossing,33543,FL,ybartletci@discuz.net
452,Kelsey Le Page,1 Caliangt Alley,77346,TX,klecj@sina.com.cn
453,Agnes Shernock,49982 Swallow Circle,70836,LA,ashernockck@answers.com
454,Kevan Mounce,6 Manitowish Place,38131,TN,kmouncecl@rediff.com
455,Andriette Convery,0 Grayhawk Junction,97229,OR,aconverycm@cisco.com
456,Coreen Iddy,47136 Aberg Hill,74133,OK,ciddycn@indiatimes.com
457,Sabine Filippi,021 Sunnyside Way,30096,GA,sfilippico@nbcnews.com
458,Jenni Spellissy,17 Monument Street,20016,DC,jspellissycp@vimeo.com
459,Laverna Emery,46 Petterle Drive,06905,CT,lemerycq@liveinternet.ru
460,Welch Kivlehan,7148 Meadow Valley Center,38188,TN,wkivlehancr@blog.com
461,Dukie Schuck,35 Arizona Plaza,89087,NV,dschuckcs@howstuffworks.com
462,Ambros Duff,2 Valley Edge Road,19714,DE,aduffct@usnews.com
463,Phineas Osment,6 Boyd Hill,23260,VA,posmentcu@shutterfly.com
464,Josie Yekel,60 Bluestem Drive,43240,OH,jyekelcv@ameblo.jp
465,Forrester Witchalls,184 Village Green Pass,98115,WA,fwitchallscw@i2i.jp
466,Arlyn Dominichetti,6859 Vernon Pass,32399,FL,adominichetticx@posterous.com
467,Danell Tomasutti,1 Northridge Avenue,93721,CA,dtomasutticy@vinaora.com
468,Rutledge North,85232 Garrison Pass,76544,TX,rnorthcz@tripod.com
469,Rosamond Whitebrook,2714 Westport Alley,95894,CA,rwhitebrookd0@blogs.com
470,Giralda Champion,39543 Ramsey Lane,92612,CA,gchampiond1@cbc.ca
471,Flossy Vales,7354 Walton Way,94142,CA,fvalesd2@scribd.com
472,Maryl Bellanger,30 Norway Maple Center,62756,IL,mbellangerd3@altervista.org
473,Melodie Schutt,30564 Dottie Center,60604,IL,mschuttd4@smugmug.com
474,Chester Bignell,2014 Brentwood Court,63167,MO,cbignelld5@ucoz.ru
475,Tadeo Dorre,31871 Dwight Court,80638,CO,tdorred6@google.nl
476,Spence Gheerhaert,9 Meadow Ridge Trail,11480,NY,sgheerhaertd7@cafepress.com
477,Jake Billson,090 Vermont Park,78255,TX,jbillsond8@list-manage.com
478,Adrianne Morena,85540 Oriole Plaza,55114,MN,amorenad9@nbcnews.com
479,Corney Bettesworth,48 Ramsey Point,21229,MD,cbettesworthda@eepurl.com
480,Sophi Critten,9156 Marquette Lane,88541,TX,scrittendb@ox.ac.uk
481,Regan Seamarke,41 Raven Trail,78475,TX,rseamarkedc@bing.com
482,Dorthy Parnby,445 Holy Cross Lane,97255,OR,dparnbydd@foxnews.com
483,Mitchel Mabbot,5640 Vermont Hill,29610,SC,mmabbotde@intel.com
484,Leodora Bothams,18654 Boyd Parkway,15255,PA,lbothamsdf@bravesites.com
485,Berty Crosi,7 Carpenter Plaza,11024,NY,bcrosidg@usa.gov
486,Alexandr Earthfield,670 Florence Center,62776,IL,aearthfielddh@china.com.cn
487,Jonell Showte,92 Homewood Alley,48550,MI,jshowtedi@webnode.com
488,Genevra Melin,15 Bobwhite Pass,98158,WA,gmelindj@e-recht24.de
489,Thane Bulfoot,236 Acker Terrace,60567,IL,tbulfootdk@webnode.com
490,Eunice Swale,8 Cherokee Alley,07208,NJ,eswaledl@dot.gov
491,Ravi Donegan,4221 Corscot Terrace,30092,GA,rdonegandm@about.me
492,Jaimie Simmens,22 Ramsey Street,77255,TX,jsimmensdn@issuu.com
493,Jules Warrender,98 Dayton Center,44760,OH,jwarrenderdo@livejournal.com
494,Roda Zecchetti,9 Granby Parkway,36109,AL,rzecchettidp@imdb.com
495,Rasia MacDuffie,159 Longview Park,20067,DC,rmacduffiedq@disqus.com
496,Brynne Vaan,538 Oriole Way,84115,UT,bvaandr@trellian.com
497,Mignon Whittier,7 Algoma Pass,29610,SC,mwhittierds@netscape.com
498,Winfred McGrotty,25 Stephen Parkway,77305,TX,wmcgrottydt@sourceforge.net
499,Michale Lathleiff,131 Sutherland Trail,91131,CA,mlathleiffdu@ucoz.com
500,Linus McMaster,57303 Florence Junction,80005,CO,lmcmasterdv@alexa.com
501,Hetty Sparham,25 Warrior Lane,90610,CA,hsparhamdw@irs.gov
502,Temple Jandel,7132 Milwaukee Way,55573,MN,tjandeldx@tumblr.com
503,Sean Salomon,60 Hermina Drive,73147,OK,ssalomondy@jugem.jp
504,Debora Peacey,42 Bluestem Terrace,93715,CA,dpeaceydz@yellowpages.com
505,Ros Pyke,0 Mayer Court,19115,PA,rpykee0@baidu.com
506,Crissie Sudran,3 Fremont Trail,30245,GA,csudrane1@trellian.com
507,Shannan Crowley,68 Cambridge Parkway,87190,NM,scrowleye2@t-online.de
508,Ibrahim O'Fairy,0453 Cambridge Park,64187,MO,iofairye3@ustream.tv
509,Janos Everal,47831 Manufacturers Court,20057,DC,jeverale4@chron.com
510,Myrlene Ives,2071 Reindahl Way,20910,MD,mivese5@mediafire.com
511,Trudi Demke,91 Fairfield Center,94616,CA,tdemkee6@etsy.com
512,Sampson Howsego,83588 Nobel Way,92165,CA,showsegoe7@economist.com
513,Paige Fletcher,4943 Brentwood Hill,64149,MO,pfletchere8@scientificamerican.com
514,Scottie Surgison,89 Blue Bill Park Way,87180,NM,ssurgisone9@nbcnews.com
515,Alfreda Broxap,322 Portage Avenue,70836,LA,abroxapea@tmall.com
516,Dareen Bielfeldt,2 Grim Road,31704,GA,dbielfeldteb@forbes.com
517,Alvin O'Doghesty,50836 Emmet Drive,39236,MS,aodoghestyec@adobe.com
518,Violetta Barkworth,96 Hanover Plaza,85099,AZ,vbarkworthed@xinhuanet.com
519,Nev Kasper,0251 Mcguire Place,60697,IL,nkasperee@elegantthemes.com
520,Burton Bradly,6 Pennsylvania Center,27455,NC,bbradlyef@dyndns.org
521,Harmon Dillingston,4 Utah Drive,19805,DE,hdillingstoneg@aol.com
522,Kirstyn Banaszczyk,61 Jana Avenue,20099,DC,kbanaszczykeh@microsoft.com
523,Haskell Saward,2 Mallory Trail,93311,CA,hsawardei@over-blog.com
524,Jilly Dooly,2 Loeprich Center,19115,PA,jdoolyej@answers.com
525,Mabelle Pepler,11 La Follette Circle,32808,FL,mpeplerek@alexa.com
526,Benita Arton,4 Schurz Circle,48242,MI,bartonel@weather.com
527,Dela Slinger,36497 Lyons Road,93762,CA,dslingerem@google.com.br
528,Baxy Maydwell,11984 Becker Alley,90060,CA,bmaydwellen@nbcnews.com
529,Merle Patesel,9 La Follette Avenue,28235,NC,mpateseleo@godaddy.com
530,Olive Oventon,33 Kinsman Terrace,96850,HI,ooventonep@pbs.org
531,Candra Ballaam,167 Dottie Point,20189,VA,cballaameq@bbb.org
532,Alic Barbary,50 Coleman Hill,11215,NY,abarbaryer@tuttocitta.it
533,Brook Yakebovitch,7189 Crownhardt Road,29805,SC,byakebovitches@webs.com
534,Warden Coulling,09 Petterle Trail,15210,PA,wcoullinget@sciencedirect.com
535,Kimbra Antoniutti,23766 Aberg Way,44485,OH,kantoniuttieu@elpais.com
536,Gino Rushforth,7 Knutson Plaza,14215,NY,grushforthev@prweb.com
537,Stesha Follit,405 Shoshone Crossing,97296,OR,sfollitew@mtv.com
538,Eachelle Tresise,99803 Sycamore Alley,33158,FL,etresiseex@craigslist.org
539,Amelina Fallens,950 Hooker Avenue,30911,GA,afallensey@123-reg.co.uk
540,Ceil Maccree,01 Hollow Ridge Place,30506,GA,cmaccreeez@theguardian.com
541,Leora Aiton,8 Dapin Way,92121,CA,laitonf0@plala.or.jp
542,Shae Kauffman,236 Ronald Regan Lane,80925,CO,skauffmanf1@mozilla.org
543,Butch Tyer,0626 Lukken Center,45408,OH,btyerf2@boston.com
544,Kaiser Palomba,890 Gina Way,38143,TN,kpalombaf3@paypal.com
545,Rayner Danniell,9 Loftsgordon Circle,30045,GA,rdanniellf4@bluehost.com
546,Bondie Simoneau,7 Melody Park,20404,DC,bsimoneauf5@stumbleupon.com
547,Olga Stratley,86509 Magdeline Junction,81505,CO,ostratleyf6@so-net.ne.jp
548,Eberto Aggis,04 Memorial Street,76178,TX,eaggisf7@usda.gov
549,Jabez Brandenberg,3 Bowman Road,32854,FL,jbrandenbergf8@foxnews.com
550,Kimberlyn Missington,8787 Beilfuss Hill,22093,VA,kmissingtonf9@nature.com
551,Lanita Dury,71964 Hanson Pass,33913,FL,lduryfa@china.com.cn
552,Torie Nasey,43 Emmet Circle,35254,AL,tnaseyfb@sbwire.com
553,Pip Petru,6799 Jackson Road,55423,MN,ppetrufc@narod.ru
554,Erinna Vallintine,094 Dayton Crossing,32575,FL,evallintinefd@baidu.com
555,Joycelin Skowcraft,209 Coolidge Street,61709,IL,jskowcraftfe@tamu.edu
556,Theodora Ramsbotham,239 Straubel Crossing,49048,MI,tramsbothamff@imageshack.us
557,Ursa Cordingley,45 Carberry Street,84189,UT,ucordingleyfg@archive.org
558,Claresta Laurie,29607 Pond Pass,58207,ND,clauriefh@weibo.com
559,Bartram Lowater,49 Milwaukee Alley,52804,IA,blowaterfi@washington.edu
560,Julius Jacmar,9478 Wayridge Trail,70154,LA,jjacmarfj@google.ru
561,Gavra Coonihan,3124 Sutteridge Lane,22111,VA,gcoonihanfk@google.ca
562,Klarrisa Salatino,7 Oak Valley Plaza,19897,DE,ksalatinofl@blogtalkradio.com
563,Gweneth Riccardini,9 Marcy Place,94164,CA,griccardinifm@ycombinator.com
564,Truda Madsen,72 Welch Terrace,74116,OK,tmadsenfn@columbia.edu
565,Ethel Danels,69836 Atwood Avenue,59112,MT,edanelsfo@archive.org
566,Jennee Sweeney,0 Bultman Alley,13505,NY,jsweeneyfp@cornell.edu
567,Ethelda Challes,64 Graceland Place,70607,LA,echallesfq@google.com.au
568,Rosaline Cassels,25599 Northfield Alley,79977,TX,rcasselsfr@friendfeed.com
569,Leona Firebrace,4553 Brickson Park Drive,55428,MN,lfirebracefs@sciencedaily.com
570,Nikolas Filipowicz,61320 Duke Trail,25711,WV,nfilipowiczft@nifty.com
571,Lacy Browett,81606 Merchant Lane,32314,FL,lbrowettfu@xinhuanet.com
572,Ekaterina Iredell,38336 Reindahl Hill,12242,NY,eiredellfv@spotify.com
573,Bev Lyddy,8 Commercial Avenue,32909,FL,blyddyfw@elegantthemes.com
574,Corinne Thorby,611 Walton Park,29605,SC,cthorbyfx@accuweather.com
575,Gauthier Melwall,4 Ohio Point,15255,PA,gmelwallfy@biglobe.ne.jp
576,Elsa Greenacre,8759 Gateway Plaza,97221,OR,egreenacrefz@examiner.com
577,Mack Dietz,024 Moland Circle,35231,AL,mdietzg0@biglobe.ne.jp
578,Arluene Spini,11044 Clyde Gallagher Road,87105,NM,aspinig1@apache.org
579,Wesley Jewer,51695 Blackbird Parkway,80905,CO,wjewerg2@google.com
580,Perkin Le Strange,543 Pond Court,48092,MI,pleg3@usgs.gov
581,Frederick Pappin,7 New Castle Trail,91328,CA,fpapping4@nytimes.com
582,Della Shaw,25 Stuart Crossing,79118,TX,dshawg5@cloudflare.com
583,Jeannette Ruppel,5 Jackson Park,60663,IL,jruppelg6@slideshare.net
584,Goddart Isakowicz,1008 Merchant Court,60351,IL,gisakowiczg7@printfriendly.com
585,Batsheva Crosskill,18 Longview Avenue,90305,CA,bcrosskillg8@springer.com
586,Tucky Kleimt,65757 Elgar Point,06505,CT,tkleimtg9@wunderground.com
587,Merrill Matejka,393 Lerdahl Point,77218,TX,mmatejkaga@mysql.com
588,Jessa McCusker,9 Meadow Vale Lane,19160,PA,jmccuskergb@abc.net.au
589,Anabel Klemensiewicz,8 Esch Pass,56398,MN,aklemensiewiczgc@unblog.fr
590,Kendal Sargison,775 Sutteridge Circle,07188,NJ,ksargisongd@prweb.com
591,Adele Josefsson,286 Homewood Plaza,55436,MN,ajosefssonge@com.com
592,Katharyn Skeech,64 Steensland Court,97211,OR,kskeechgf@yelp.com
593,Sonni Joyce,27 Columbus Court,53215,WI,sjoycegg@quantcast.com
594,Wally Bleything,061 Cody Circle,33694,FL,wbleythinggh@reverbnation.com
595,Kimberley Commin,97569 Bluestem Road,63196,MO,kcommingi@multiply.com
596,Fields Ingleson,0 Donald Alley,33164,FL,finglesongj@pbs.org
597,Rafael Revel,5 Kensington Point,71213,LA,rrevelgk@earthlink.net
598,Pooh Attrie,552 Browning Drive,33315,FL,pattriegl@aboutads.info
599,Agnola Brambley,0554 Spohn Road,08608,NJ,abrambleygm@blog.com
600,Onida Valentin,5 Merry Park,79105,TX,ovalentingn@google.ru
601,Di Erratt,54 Canary Park,94975,CA,derrattgo@imgur.com
602,Mersey Blanque,195 Raven Lane,46805,IN,mblanquegp@wikipedia.org
603,Bertram Mackilpatrick,6527 Independence Trail,06105,CT,bmackilpatrickgq@webeden.co.uk
604,Gillan Batteson,27 Jay Parkway,83711,ID,gbattesongr@seattletimes.com
605,Wynn Struttman,3692 Hanson Center,10014,NY,wstruttmangs@newyorker.com
606,Friederike Sharpous,7 Village Place,78278,TX,fsharpousgt@sbwire.com
607,Fayina Dowe,2686 Longview Court,55573,MN,fdowegu@hatena.ne.jp
608,Shirley Llewellin,846 Bartelt Crossing,14210,NY,sllewellingv@cargocollective.com
609,Christiana Hiom,126 Washington Avenue,45243,OH,chiomgw@php.net
610,Duke Butteris,74 Crownhardt Court,28305,NC,dbutterisgx@boston.com
611,Domingo Sinnott,5300 Parkside Place,97232,OR,dsinnottgy@reuters.com
612,Christina Gainforth,3883 Fordem Point,79605,TX,cgainforthgz@phpbb.com
613,Erin MacIntosh,30 Duke Drive,96825,HI,emacintoshh0@usnews.com
614,Keven Farfull,3 Blue Bill Park Street,31605,GA,kfarfullh1@xing.com
615,Tonia Stoving,93 Center Avenue,22036,VA,tstovingh2@paginegialle.it
616,Dido Patel,7 Hazelcrest Lane,47812,IN,dpatelh3@istockphoto.com
617,Amble Burkart,73 Fairview Crossing,66611,KS,aburkarth4@shinystat.com
618,Adolphe Maunder,17264 Brentwood Avenue,29208,SC,amaunderh5@answers.com
619,Leoline Yeliashev,0231 Amoth Park,08650,NJ,lyeliashevh6@scientificamerican.com
620,Kaile Francescuccio,66 Dennis Street,72222,AR,kfrancescuccioh7@digg.com
621,Leena Delbergue,79 Ridgeview Park,22156,VA,ldelbergueh8@umich.edu
622,Haily Croxford,20028 Hayes Avenue,80328,CO,hcroxfordh9@nasa.gov
623,Eleonora Caldairou,0 Stoughton Junction,15210,PA,ecaldairouha@imdb.com
624,Ileane Wyrall,723 Kings Point,13224,NY,iwyrallhb@cornell.edu
625,Kory Eykel,63044 Anderson Lane,33180,FL,keykelhc@yolasite.com
626,Deeann Vardy,17 Lakeland Avenue,88584,TX,dvardyhd@webs.com
627,Norean Murcott,66994 Lunder Place,89012,NV,nmurcotthe@wufoo.com
628,Xavier Betteriss,03 Hovde Park,94302,CA,xbetterisshf@ocn.ne.jp
629,Sosanna Bromfield,373 Mesta Drive,29625,SC,sbromfieldhg@princeton.edu
630,Ambrosius De Bischof,852 Fallview Court,92668,CA,adehh@infoseek.co.jp
631,Benny Souster,71328 Hooker Point,75205,TX,bsousterhi@craigslist.org
632,Suzi Dymick,41 Schiller Terrace,10203,NY,sdymickhj@latimes.com
633,Bert Kmieciak,5506 Golf View Crossing,75231,TX,bkmieciakhk@goo.gl
634,Celia Jekel,7 Bartelt Crossing,32590,FL,cjekelhl@springer.com
635,Ban Lamers,159 Eagan Road,33954,FL,blamershm@accuweather.com
636,Findlay Strotton,0688 Grayhawk Crossing,88525,TX,fstrottonhn@sphinn.com
637,Pauline Lauchlan,9 Sutteridge Drive,12205,NY,plauchlanho@shutterfly.com
638,Chaddie Klaaasen,5140 Butterfield Drive,55551,MN,cklaaasenhp@constantcontact.com
639,Hartley Janjic,81366 Oakridge Lane,96845,HI,hjanjichq@smh.com.au
640,Belvia Insworth,227 Atwood Avenue,11254,NY,binsworthhr@fda.gov
641,Rebeca Phare,10 Mifflin Place,32610,FL,rpharehs@ehow.com
642,Gussi Havelin,2926 Linden Parkway,10292,NY,ghavelinht@clickbank.net
643,Adria Dinning,11781 Bunting Junction,29225,SC,adinninghu@google.es
644,Derek Rosenkrantz,782 Novick Plaza,93034,CA,drosenkrantzhv@facebook.com
645,Jerrie McCarthy,1 Glacier Hill Street,66606,KS,jmccarthyhw@unicef.org
646,Marijo Gisbey,00193 Vernon Court,55564,MN,mgisbeyhx@cornell.edu
647,Lelia Goddman,87060 Miller Alley,55407,MN,lgoddmanhy@meetup.com
648,Angus Aizkovitch,502 Hoard Way,75226,TX,aaizkovitchhz@scribd.com
649,Yard Bradshaw,919 Nelson Pass,27150,NC,ybradshawi0@ed.gov
650,Annette Gater,9589 Upham Road,77844,TX,agateri1@mtv.com
651,Raphael Bartosinski,2 Hayes Plaza,10705,NY,rbartosinskii2@mediafire.com
652,Jamesy Cranston,2 Dovetail Street,20010,DC,jcranstoni3@springer.com
653,Margi Braams,8353 Lukken Junction,15225,PA,mbraamsi4@twitpic.com
654,Lorianne Strongman,903 Dayton Plaza,33034,FL,lstrongmani5@ox.ac.uk
655,Guillema Mowsdale,8821 Sunfield Road,21265,MD,gmowsdalei6@bbc.co.uk
656,Lezley Grzesiewicz,1075 Birchwood Hill,43210,OH,lgrzesiewiczi7@squarespace.com
657,Carlen Devany,48 Prentice Junction,32627,FL,cdevanyi8@github.com
658,Easter Dyment,899 Rigney Junction,92176,CA,edymenti9@dailymail.co.uk
659,Launce Wager,5199 Saint Paul Drive,60208,IL,lwageria@moonfruit.com
660,Brittany Coggles,65 Ridgeway Lane,61105,IL,bcogglesib@unc.edu
661,Charin Adnett,4330 Elmside Court,74149,OK,cadnettic@archive.org
662,Tuck Shambrooke,990 Sugar Hill,78759,TX,tshambrookeid@ibm.com
663,Frank Cowthart,1 Forest Run Junction,33034,FL,fcowthartie@netlog.com
664,Kiri Bulmer,9 Tennyson Circle,92805,CA,kbulmerif@blogs.com
665,Maurits Woffenden,60203 Walton Park,10633,NY,mwoffendenig@narod.ru
666,Joan Jerke,321 Di Loreto Park,19172,PA,jjerkeih@stumbleupon.com
667,Cody Waddingham,33594 Memorial Court,48211,MI,cwaddinghamii@dropbox.com
668,Mil McGeady,44735 Beilfuss Road,27404,NC,mmcgeadyij@gizmodo.com
669,Frederigo Tulip,030 Doe Crossing Drive,38136,TN,ftulipik@geocities.jp
670,Genna Galway,32382 Leroy Park,34238,FL,ggalwayil@telegraph.co.uk
671,Chrotoem Mugg,21 Sunnyside Drive,49018,MI,cmuggim@twitpic.com
672,Matilda MacKimm,6392 Claremont Alley,66606,KS,mmackimmin@chron.com
673,Katherine Le Galle,61 Artisan Junction,39534,MS,kleio@w3.org
674,Lissi Rewcassell,9 Roth Way,99599,AK,lrewcassellip@wikimedia.org
675,Thatch Pittford,36064 Milwaukee Park,21265,MD,tpittfordiq@1688.com
676,Guillaume Lancaster,661 Hayes Hill,75037,TX,glancasterir@upenn.edu
677,Siegfried Woolen,40202 Londonderry Point,22405,VA,swoolenis@feedburner.com
678,Nissy De Benedictis,1 Caliangt Lane,78205,TX,ndeit@icq.com
679,Robbie Ugolotti,85191 Buena Vista Point,30328,GA,rugolottiiu@ucsd.edu
680,Joly Scott,43 Banding Circle,98133,WA,jscottiv@mapy.cz
681,Betsy Remmers,36911 Del Sol Place,19805,DE,bremmersiw@cnn.com
682,Mathian Duffit,19114 Sheridan Crossing,06538,CT,mduffitix@issuu.com
683,Brennen Guesford,32 Oak Valley Terrace,46221,IN,bguesfordiy@ocn.ne.jp
684,Ami Yeowell,56313 Coleman Avenue,29215,SC,ayeowelliz@sakura.ne.jp
685,Nollie Toffetto,6598 Pennsylvania Circle,50347,IA,ntoffettoj0@hugedomains.com
686,Yale Dany,0035 Macpherson Plaza,94105,CA,ydanyj1@usa.gov
687,Benjamen Seel,25756 Park Meadow Plaza,62776,IL,bseelj2@hhs.gov
688,Talbot Gatehouse,68931 Barnett Park,33355,FL,tgatehousej3@microsoft.com
689,Kimberly Ferraron,328 American Ash Point,40233,KY,kferraronj4@bing.com
690,Barbee Harrop,529 Susan Street,94286,CA,bharropj5@toplist.cz
691,Renaldo Cotelard,13801 Reinke Place,99812,AK,rcotelardj6@princeton.edu
692,Derry Sleith,1436 Holmberg Court,30392,GA,dsleithj7@quantcast.com
693,Ekaterina Willbraham,4 Grover Hill,78470,TX,ewillbrahamj8@ibm.com
694,Huntington Iveans,2147 Northview Circle,20260,DC,hiveansj9@xing.com
695,Trudey Scholey,83594 Corscot Way,33233,FL,tscholeyja@google.com.au
696,Malissa Machel,157 Chinook Parkway,33710,FL,mmacheljb@pinterest.com
697,Rayna Chestle,1 Red Cloud Junction,73135,OK,rchestlejc@google.com.au
698,Corrina Kobierzycki,3250 Sutteridge Parkway,20167,VA,ckobierzyckijd@addtoany.com
699,Talia Harg,906 4th Alley,92717,CA,thargje@nyu.edu
700,Larine Drayson,7632 Havey Street,37245,TN,ldraysonjf@imdb.com
701,Farand Purser,3 Haas Road,29605,SC,fpurserjg@examiner.com
702,Nikola Roskrug,4269 Tennyson Point,55448,MN,nroskrugjh@furl.net
703,Gallard Sains,99858 Dapin Point,97306,OR,gsainsji@cyberchimps.com
704,Kissee Styles,03 Everett Drive,46699,IN,kstylesjj@shinystat.com
705,Nataniel Giottoi,292 Pierstorff Parkway,75260,TX,ngiottoijk@psu.edu
706,Eada Curragh,03539 Memorial Lane,32813,FL,ecurraghjl@tmall.com
707,Nevin Budgey,5 Sachs Park,95173,CA,nbudgeyjm@census.gov
708,Hillier Kingcott,88 Myrtle Avenue,30061,GA,hkingcottjn@latimes.com
709,Tirrell Pym,7893 Pankratz Lane,28272,NC,tpymjo@alexa.com
710,Kerri Luscott,014 Killdeer Drive,90610,CA,kluscottjp@dyndns.org
711,Marnie Yeaman,6 Northport Center,40266,KY,myeamanjq@miibeian.gov.cn
712,Fayina Kampshell,494 Oxford Center,33261,FL,fkampshelljr@godaddy.com
713,Niki Hanselmann,2 Mifflin Parkway,02119,MA,nhanselmannjs@nymag.com
714,Ansell Bodesson,4724 Maple Wood Alley,10079,NY,abodessonjt@pagesperso-orange.fr
715,Cleve Flawn,9 Eagle Crest Avenue,85246,AZ,cflawnju@mashable.com
716,Pierette Chalk,7 Butterfield Alley,80915,CO,pchalkjv@netscape.com
717,Wells Riddett,99 Onsgard Trail,33233,FL,wriddettjw@tmall.com
718,Errick Devers,51 Bartelt Point,66205,KS,edeversjx@prlog.org
719,Netti Gennrich,803 Mitchell Road,70160,LA,ngennrichjy@zdnet.com
720,Tedman Scading,98909 Pond Way,78744,TX,tscadingjz@omniture.com
721,Pat Splevings,7 Clarendon Street,75310,TX,psplevingsk0@simplemachines.org
722,Gabie Muldrew,7 Kinsman Terrace,77343,TX,gmuldrewk1@mtv.com
723,Arne Schwandner,8599 North Point,79188,TX,aschwandnerk2@domainmarket.com
724,Bianca McCanny,60 Center Point,95210,CA,bmccannyk3@google.cn
725,Rosalynd Gulley,292 Hayes Pass,90071,CA,rgulleyk4@oakley.com
726,Gillan Rudolph,1354 Ramsey Trail,22036,VA,grudolphk5@jimdo.com
727,Claudelle Ehlerding,32075 Burning Wood Park,94237,CA,cehlerdingk6@fastcompany.com
728,Matthiew Stutte,7901 Rusk Avenue,98907,WA,mstuttek7@icio.us
729,Stormie Tibbotts,9 Utah Parkway,10310,NY,stibbottsk8@umich.edu
730,Cosme Dubs,1250 Straubel Lane,99517,AK,cdubsk9@usnews.com
731,Drud Trowsdale,00 Bartelt Lane,67236,KS,dtrowsdaleka@arizona.edu
732,Pate Poulett,448 Grasskamp Lane,02405,MA,ppoulettkb@bandcamp.com
733,Dominica Dury,26319 Corben Avenue,32859,FL,ddurykc@chronoengine.com
734,Oberon McKenny,34 Prairieview Place,75358,TX,omckennykd@comcast.net
735,Yolanthe Oyley,23904 Pierstorff Terrace,29610,SC,yoyleyke@about.com
736,Francis Rourke,7129 Mayfield Crossing,44118,OH,frourkekf@theguardian.com
737,Werner Sawell,0330 Hauk Alley,75236,TX,wsawellkg@mediafire.com
738,Shannan Nettle,6 Eagan Road,60435,IL,snettlekh@livejournal.com
739,Vittoria Thuillier,722 Dorton Parkway,48206,MI,vthuillierki@myspace.com
740,Euphemia Davydenko,47983 Sommers Terrace,40515,KY,edavydenkokj@quantcast.com
741,Zollie Gawith,904 Acker Lane,84140,UT,zgawithkk@biblegateway.com
742,Hartley Oen,907 Gerald Crossing,89519,NV,hoenkl@bigcartel.com
743,Zabrina Studman,96549 Fisk Parkway,20370,DC,zstudmankm@nbcnews.com
744,Sullivan Gammon,3 Blackbird Plaza,19109,PA,sgammonkn@friendfeed.com
745,Ennis MacAloren,27404 Morrow Center,52804,IA,emacalorenko@barnesandnoble.com
746,Alaric Huison,13 Waywood Terrace,34135,FL,ahuisonkp@wikispaces.com
747,Ruperta Cuttin,3 Logan Lane,78737,TX,rcuttinkq@howstuffworks.com
748,Kort Stuchbery,31641 Upham Junction,75342,TX,kstuchberykr@furl.net
749,Myles Hadwin,92296 Charing Cross Circle,48912,MI,mhadwinks@trellian.com
750,Jocelyne Coster,5850 Namekagon Center,77020,TX,jcosterkt@wix.com
751,Leonanie Weems,8971 Fulton Park,33330,FL,lweemsku@ask.com
752,Weider Rafe,55 School Crossing,33913,FL,wrafekv@ovh.net
753,Celka Messiter,9 Loomis Parkway,84120,UT,cmessiterkw@geocities.jp
754,Odie Packman,38 Cardinal Circle,20244,DC,opackmankx@earthlink.net
755,Silvester MacClure,740 Killdeer Alley,20195,VA,smacclureky@mapquest.com
756,Ashien Mulqueen,4 Truax Crossing,45228,OH,amulqueenkz@dyndns.org
757,Ancell Sharply,3 Harbort Avenue,33954,FL,asharplyl0@typepad.com
758,Conn Hocking,406 Farragut Road,68583,NE,chockingl1@microsoft.com
759,Benny Crichten,459 Lerdahl Court,33620,FL,bcrichtenl2@mlb.com
760,Milly Pink,12 Prentice Center,40591,KY,mpinkl3@linkedin.com
761,Jacky Elington,26146 School Pass,98447,WA,jelingtonl4@elegantthemes.com
762,Kamillah Vardie,1 Dwight Way,53785,WI,kvardiel5@fema.gov
763,Laurens Rantoul,50 Sycamore Junction,30358,GA,lrantoull6@cocolog-nifty.com
764,Geoff Trustram,16928 Sunfield Crossing,43231,OH,gtrustraml7@blogtalkradio.com
765,Tamiko Wisbey,576 Debs Road,22096,VA,twisbeyl8@slashdot.org
766,Stevy Stookes,51313 Hooker Crossing,10019,NY,sstookesl9@marketwatch.com
767,Issie Coaster,2 1st Pass,80209,CO,icoasterla@admin.ch
768,Cart Allchorne,2 Wayridge Alley,78769,TX,callchornelb@uol.com.br
769,Yard Romain,60 Daystar Park,95838,CA,yromainlc@aol.com
770,Hyman Mulran,7 Norway Maple Circle,63150,MO,hmulranld@guardian.co.uk
771,Peadar Havik,8640 Wayridge Hill,84120,UT,phavikle@smugmug.com
772,Aundrea MacAlinden,42161 Alpine Court,93305,CA,amacalindenlf@ehow.com
773,Beryle Bantham,3 Ridgeview Center,30905,GA,bbanthamlg@w3.org
774,Geraldine Tregea,61678 Hoffman Road,71137,LA,gtregealh@mozilla.com
775,Wilburt Domico,353 Charing Cross Point,92812,CA,wdomicoli@webs.com
776,Pryce Lilford,66 Lunder Avenue,93034,CA,plilfordlj@globo.com
777,Rutger Aizikowitz,6604 Harper Terrace,20319,DC,raizikowitzlk@example.com
778,Alix Andretti,26836 Texas Pass,32969,FL,aandrettill@newyorker.com
779,Thelma Sutherley,9 Stephen Alley,76705,TX,tsutherleylm@seattletimes.com
780,Bev Brason,2702 High Crossing Court,64153,MO,bbrasonln@uol.com.br
781,Johnette Ianni,902 Clarendon Pass,10454,NY,jiannilo@shop-pro.jp
782,Mella Erbe,14109 Charing Cross Alley,14619,NY,merbelp@live.com
783,Thomas Wass,03236 Waubesa Place,71137,LA,twasslq@loc.gov
784,Theobald Shotboulte,0 Mccormick Circle,33994,FL,tshotboultelr@spiegel.de
785,Mallory Buche,2 Nancy Alley,22405,VA,mbuchels@twitter.com
786,Aleta Threader,164 Cody Court,20420,DC,athreaderlt@guardian.co.uk
787,Renaldo Dwelley,5385 Kensington Pass,37450,TN,rdwelleylu@sun.com
788,Lisbeth Caudray,98 Ryan Park,23324,VA,lcaudraylv@joomla.org
789,Derrik Dean,996 Mesta Hill,85010,AZ,ddeanlw@clickbank.net
790,Chery Jendricke,1 Badeau Junction,80525,CO,cjendrickelx@de.vu
791,Kesley Marshland,60 Schmedeman Park,80127,CO,kmarshlandly@furl.net
792,Grove Willmot,692 Hayes Parkway,23454,VA,gwillmotlz@soundcloud.com
793,Bank Screase,217 Arizona Trail,60697,IL,bscreasem0@godaddy.com
794,Shannon Edscer,1 Charing Cross Plaza,17121,PA,sedscerm1@huffingtonpost.com
795,George Cellone,2 La Follette Plaza,20215,DC,gcellonem2@uol.com.br
796,Myron Mylechreest,3349 Basil Plaza,29615,SC,mmylechreestm3@issuu.com
797,Murdoch Lethabridge,96941 North Terrace,39210,MS,mlethabridgem4@cpanel.net
798,Vassily Gilpin,25 Lyons Avenue,46239,IN,vgilpinm5@123-reg.co.uk
799,Lorie Gawne,7352 Marquette Trail,10305,NY,lgawnem6@bluehost.com
800,Hagan Braithwaite,93 Valley Edge Road,79116,TX,hbraithwaitem7@posterous.com
801,Hewet Vautre,710 Brickson Park Junction,19805,DE,hvautrem8@go.com
802,Boigie Kelberman,0 Garrison Circle,79452,TX,bkelbermanm9@51.la
803,Jud Chappelle,2 Eastwood Avenue,33028,FL,jchappellema@weather.com
804,Wren Giraudo,259 Elka Court,68524,NE,wgiraudomb@uiuc.edu
805,Natalina Brooksbank,32 Larry Hill,92883,CA,nbrooksbankmc@istockphoto.com
806,Port Enrrico,85076 4th Trail,90055,CA,penrricomd@cpanel.net
807,Aluin Adamczewski,52 Pleasure Junction,44905,OH,aadamczewskime@about.com
808,Bobbie Breese,6563 Badeau Plaza,31136,GA,bbreesemf@hexun.com
809,Katey Ledbury,177 Farmco Court,24004,VA,kledburymg@blogtalkradio.com
810,Merrilee Janus,6061 Scott Circle,88514,TX,mjanusmh@meetup.com
811,Lambert Nickless,4567 Dwight Trail,73071,OK,lnicklessmi@nature.com
812,Helenka Tran,3 Stoughton Plaza,29403,SC,htranmj@japanpost.jp
813,Carver Copper,8395 Esker Terrace,44125,OH,ccoppermk@xing.com
814,Huey Mewhirter,566 Dixon Road,78749,TX,hmewhirterml@senate.gov
815,Ole Pirrone,1525 Mallard Way,22212,VA,opirronemm@howstuffworks.com
816,Gertrudis Stanislaw,81 Harbort Pass,95397,CA,gstanislawmn@indiatimes.com
817,Nanete Claris,3957 Bluestem Lane,28284,NC,nclarismo@tiny.cc
818,Lanni Gimert,7584 Sauthoff Center,25711,WV,lgimertmp@samsung.com
819,Alan Stirling,60669 Westport Court,37995,TN,astirlingmq@deviantart.com
820,Joline Shreenan,0 Judy Plaza,23225,VA,jshreenanmr@technorati.com
821,Eda Swindall,39110 Sundown Alley,10305,NY,eswindallms@rediff.com
822,Alisa Glowacz,9327 Summerview Pass,10705,NY,aglowaczmt@cisco.com
823,Melly Riteley,020 Oriole Way,98185,WA,mriteleymu@cargocollective.com
824,Murvyn Thrussell,8 Hovde Point,33134,FL,mthrussellmv@pcworld.com
825,Shannen Aleksandrov,8 Continental Junction,44315,OH,saleksandrovmw@4shared.com
826,Kali Lalor,054 Kensington Avenue,44111,OH,klalormx@themeforest.net
827,Larissa Monkleigh,1 Annamark Pass,45408,OH,lmonkleighmy@topsy.com
828,Valentin Furlonge,209 Lukken Park,53205,WI,vfurlongemz@behance.net
829,Osborne Stapleford,087 Blaine Park,23612,VA,ostaplefordn0@dot.gov
830,Bourke Grieves,88 Rowland Terrace,22093,VA,bgrievesn1@opensource.org
831,Jackie Glassopp,16130 Emmet Circle,20503,DC,jglassoppn2@de.vu
832,Nikolos Olufsen,3 Annamark Point,78296,TX,nolufsenn3@simplemachines.org
833,Marcello Hardstaff,79 Karstens Court,18505,PA,mhardstaffn4@slideshare.net
834,Fayina Kerford,235 Dottie Crossing,23454,VA,fkerfordn5@cdbaby.com
835,Iver Vala,3452 Ramsey Park,34643,FL,ivalan6@com.com
836,Hogan Patton,18 Knutson Trail,30130,GA,hpattonn7@uiuc.edu
837,Jackelyn Trebilcock,519 Thompson Street,81005,CO,jtrebilcockn8@list-manage.com
838,Towny Nannoni,539 Scoville Drive,49444,MI,tnannonin9@ftc.gov
839,Merwyn Moynham,9 Chinook Hill,46867,IN,mmoynhamna@infoseek.co.jp
840,Nicola Janosevic,98 Elmside Alley,34629,FL,njanosevicnb@cafepress.com
841,Adriana Puttock,4361 Hallows Alley,35254,AL,aputtocknc@sun.com
842,Ellsworth Pedrocchi,4113 Hansons Point,85737,AZ,epedrocchind@digg.com
843,Juditha Blazewski,6 Bonner Road,98687,WA,jblazewskine@reddit.com
844,Justen MacKerley,31554 Graedel Junction,94064,CA,jmackerleynf@msn.com
845,Malcolm Bautiste,17 Thierer Park,14652,NY,mbautisteng@imgur.com
846,Inga Cunradi,33822 Sutherland Lane,38308,TN,icunradinh@tiny.cc
847,Mannie Frankton,54909 Mcbride Crossing,85710,AZ,mfranktonni@wikia.com
848,Tallou Bottomley,94 Mayer Plaza,32590,FL,tbottomleynj@msu.edu
849,Conan Davoren,325 Fisk Terrace,85219,AZ,cdavorennk@sohu.com
850,Shelly Idel,21996 Kingsford Junction,15255,PA,sidelnl@amazon.com
851,Corny Ruston,1384 Merrick Circle,37605,TN,crustonnm@google.co.uk
852,Cymbre Churchard,0 7th Place,27415,NC,cchurchardnn@dagondesign.com
853,Lorant Spilsted,12082 Magdeline Lane,23228,VA,lspilstedno@accuweather.com
854,Heindrick Randerson,95 Emmet Drive,92640,CA,hrandersonnp@sciencedaily.com
855,Padget Mullender,63 Thierer Parkway,79159,TX,pmullendernq@cocolog-nifty.com
856,Trever Colebeck,25742 Sugar Plaza,79452,TX,tcolebecknr@hud.gov
857,Gaby Aiton,4 Park Meadow Parkway,55436,MN,gaitonns@webnode.com
858,Norah McAughtrie,66452 Bluejay Hill,30096,GA,nmcaughtrient@oakley.com
859,Belvia Condit,0217 Sundown Junction,20719,MD,bconditnu@free.fr
860,Sloane Tatam,20 Coolidge Avenue,34629,FL,statamnv@hc360.com
861,Sadie Bridges,0 Laurel Street,78260,TX,sbridgesnw@tinyurl.com
862,Oby Jaycox,56022 Scott Center,85020,AZ,ojaycoxnx@techcrunch.com
863,Fina Couser,8298 Rieder Park,23471,VA,fcouserny@lulu.com
864,Sutton Maunton,1 Village Green Way,73190,OK,smauntonnz@shop-pro.jp
865,Lavinie Snazle,7686 Darwin Drive,79989,TX,lsnazleo0@washington.edu
866,Christyna Greenlees,6 American Ash Lane,67210,KS,cgreenleeso1@spotify.com
867,Alec Duchant,2 Tony Circle,94405,CA,aduchanto2@shinystat.com
868,Jase Yashunin,9 Merrick Trail,14646,NY,jyashunino3@multiply.com
869,Imojean Tampling,677 Petterle Way,90065,CA,itamplingo4@bloomberg.com
870,Abrahan McGeown,02 Marquette Pass,78260,TX,amcgeowno5@soup.io
871,Osbert Golsworthy,9 Forest Run Street,63167,MO,ogolsworthyo6@ow.ly
872,Allsun Hastler,68270 Blue Bill Park Point,70183,LA,ahastlero7@guardian.co.uk
873,Hollis Puddan,401 Northwestern Center,78710,TX,hpuddano8@ed.gov
874,Harland Learmond,23 Sunnyside Way,63158,MO,hlearmondo9@tinypic.com
875,Urson Matussevich,6 Meadow Valley Alley,22184,VA,umatussevichoa@geocities.jp
876,Iolanthe Ivanichev,260 Russell Alley,14619,NY,iivanichevob@imdb.com
877,Patricio Wittering,339 Briar Crest Center,17140,PA,pwitteringoc@seattletimes.com
878,Marleah Guinn,0 Steensland Drive,30096,GA,mguinnod@homestead.com
879,Guido Sawford,9 Lerdahl Pass,37939,TN,gsawfordoe@studiopress.com
880,Calida Yellowlees,71 Hauk Junction,96810,HI,cyellowleesof@pagesperso-orange.fr
881,Donielle Loines,46672 Carpenter Lane,33355,FL,dloinesog@howstuffworks.com
882,Mozes De Benedetti,56 Thompson Lane,91499,CA,mdeoh@plala.or.jp
883,Clark Ainscough,4 Mitchell Avenue,38104,TN,cainscoughoi@china.com.cn
884,Marlie Baldazzi,5 Gina Place,01129,MA,mbaldazzioj@nba.com
885,Ezmeralda Oels,994 Farwell Trail,03804,NH,eoelsok@1und1.de
886,Collete Morden,18 Chive Terrace,66667,KS,cmordenol@ebay.co.uk
887,Mignon Pleass,52 Hooker Court,30605,GA,mpleassom@netlog.com
888,Rodger Chattington,81 Roxbury Terrace,06533,CT,rchattingtonon@linkedin.com
889,Philip Preuvost,559 Barnett Way,99220,WA,ppreuvostoo@amazonaws.com
890,Gayel Earley,6 Clarendon Avenue,77266,TX,gearleyop@amazon.co.uk
891,Krystalle Coneau,76 Gina Junction,46295,IN,kconeauoq@wisc.edu
892,Keen Brandreth,35934 Lunder Point,91328,CA,kbrandrethor@yelp.com
893,Eugenie Sommersett,8582 Maryland Terrace,79452,TX,esommersettos@npr.org
894,Michele Alwin,87927 Darwin Pass,34114,FL,malwinot@lulu.com
895,Donn Stanborough,426 Mitchell Lane,19151,PA,dstanboroughou@loc.gov
896,Danika Gribbon,3 Elgar Road,33190,FL,dgribbonov@wordpress.com
897,Arlina Cornewell,543 Dorton Street,29605,SC,acornewellow@pen.io
898,Butch Hryniewicki,12 Westridge Pass,59105,MT,bhryniewickiox@seattletimes.com
899,Renato Hawkey,4856 Northridge Point,77050,TX,rhawkeyoy@yahoo.co.jp
900,Milzie Guiton,964 Canary Place,83722,ID,mguitonoz@cornell.edu
901,Tiler Hymer,912 Amoth Lane,33680,FL,thymerp0@instagram.com
902,Thorn Applegate,4587 Division Avenue,40515,KY,tapplegatep1@google.nl
903,Elset Hatt,14306 Oak Valley Trail,77288,TX,ehattp2@state.gov
904,Donna Feria,1 Vera Hill,61629,IL,dferiap3@fotki.com
905,Carlye Exter,44 Thompson Parkway,06705,CT,cexterp4@squarespace.com
906,Edik Beaton,767 Emmet Circle,44177,OH,ebeatonp5@twitter.com
907,Ase Garretts,5 John Wall Alley,47306,IN,agarrettsp6@tripod.com
908,Iver De Blasiis,254 Evergreen Avenue,20719,MD,idep7@youtube.com
909,Wynnie Deignan,7968 Darwin Road,07505,NJ,wdeignanp8@unblog.fr
910,Cristobal Tweedie,55338 Starling Way,48242,MI,ctweediep9@lycos.com
911,Corbin Soares,2 Lakewood Point,93721,CA,csoarespa@admin.ch
912,Emery Larham,99 Glacier Hill Pass,48076,MI,elarhampb@blogger.com
913,Kienan Deluze,9514 Pawling Center,22217,VA,kdeluzepc@yale.edu
914,Lulu Harce,78 Stephen Plaza,75226,TX,lharcepd@google.com
915,Lelah Blaver,410 Forest Run Court,24034,VA,lblaverpe@nature.com
916,Drucie Stigell,84043 Lakewood Circle,62723,IL,dstigellpf@prnewswire.com
917,Kirstyn Foort,3267 Heffernan Court,14614,NY,kfoortpg@t.co
918,Janella Ansty,32447 Carey Terrace,60663,IL,janstyph@eventbrite.com
919,Boy Kirkpatrick,155 Fairfield Place,68197,NE,bkirkpatrickpi@sakura.ne.jp
920,Mahmud Padgett,68 Manley Point,89130,NV,mpadgettpj@unblog.fr
921,Brodie Donet,9 Longview Junction,10014,NY,bdonetpk@ibm.com
922,Heddi Phair,88 Jenna Court,46614,IN,hphairpl@ed.gov
923,Shaylynn Lozano,53 Stoughton Plaza,07305,NJ,slozanopm@themeforest.net
924,Elvin Gotch,4233 Annamark Trail,79705,TX,egotchpn@istockphoto.com
925,Morgen Darmody,0 Londonderry Circle,21265,MD,mdarmodypo@bravesites.com
926,Celine Asple,24687 Blue Bill Park Way,47405,IN,casplepp@tiny.cc
927,Liz Burkinshaw,6616 Stuart Pass,75074,TX,lburkinshawpq@apple.com
928,Arley Ferrarese,769 Randy Place,78737,TX,aferraresepr@statcounter.com
929,Fidole Vinten,0 Doe Crossing Circle,39534,MS,fvintenps@xrea.com
930,Helyn Dryden,3702 Stuart Hill,45296,OH,hdrydenpt@arstechnica.com
931,Dani Argente,627 Welch Court,33018,FL,dargentepu@naver.com
932,Hewett Gilham,7 Porter Avenue,40205,KY,hgilhampv@google.com.hk
933,Roderic Jobbins,97 Sutherland Parkway,95160,CA,rjobbinspw@sphinn.com
934,Bernadine Bilby,88729 Village Avenue,20540,DC,bbilbypx@state.tx.us
935,Anna-diane Siebart,63867 Esker Trail,95838,CA,asiebartpy@washington.edu
936,Kerby Giveen,5945 2nd Parkway,30392,GA,kgiveenpz@jalbum.net
937,Peggi Haith,16 Menomonie Trail,89130,NV,phaithq0@marriott.com
938,Curt Millership,21 Logan Trail,78737,TX,cmillershipq1@constantcontact.com
939,Yorker Templar,72 Oxford Terrace,23464,VA,ytemplarq2@bloglines.com
940,Brynna Garrattley,96 Hermina Place,89135,NV,bgarrattleyq3@ameblo.jp
941,Otis Kelland,189 Kingsford Junction,19605,PA,okellandq4@diigo.com
942,Rossie Kersey,7 Main Center,90610,CA,rkerseyq5@privacy.gov.au
943,Gaile Konerding,094 Novick Center,84110,UT,gkonerdingq6@techcrunch.com
944,Trixi Churchyard,159 Blaine Point,61629,IL,tchurchyardq7@theguardian.com
945,Sissy Mainwaring,4 Linden Drive,84152,UT,smainwaringq8@infoseek.co.jp
946,Sunshine Judson,478 Dapin Parkway,32204,FL,sjudsonq9@myspace.com
947,Gale Dungay,1 Schurz Trail,19810,DE,gdungayqa@reverbnation.com
948,Sacha Arundel,904 Transport Trail,37605,TN,sarundelqb@time.com
949,Manda Allmann,2071 Spaight Way,33694,FL,mallmannqc@mozilla.org
950,Richard Denton,82 Harper Drive,36134,AL,rdentonqd@freewebs.com
951,Obie Sambrook,89 Dayton Pass,20299,DC,osambrookqe@t.co
952,Candis Aspel,3 Sundown Hill,93786,CA,caspelqf@plala.or.jp
953,Demetris Severn,13 Village Green Drive,85030,AZ,dsevernqg@purevolume.com
954,Wendie Lottrington,2447 Rutledge Terrace,19172,PA,wlottringtonqh@eepurl.com
955,Kacie Mathouse,2 Mcguire Avenue,85710,AZ,kmathouseqi@go.com
956,Josi Strettle,2203 Morning Road,93399,CA,jstrettleqj@huffingtonpost.com
957,Maxy Beange,21 Manley Road,28284,NC,mbeangeqk@netlog.com
958,Marta Bonallick,4 Parkside Avenue,38188,TN,mbonallickql@chron.com
959,Sosanna Gregory,5031 Fulton Hill,33647,FL,sgregoryqm@cisco.com
960,Evaleen Fasham,86 Petterle Trail,44720,OH,efashamqn@ca.gov
961,Hewet Coggin,2860 Sunfield Park,80328,CO,hcogginqo@w3.org
962,Dall Felipe,8 Buena Vista Road,90035,CA,dfelipeqp@sohu.com
963,Cirilo Mc Caughan,23879 Jana Junction,35244,AL,cmcqq@gnu.org
964,Millard Goodier,17 Banding Court,32304,FL,mgoodierqr@netvibes.com
965,Sindee Peddersen,93213 Mcguire Point,77346,TX,speddersenqs@ted.com
966,Lelah Torrans,4980 Mayfield Way,41905,KY,ltorransqt@hatena.ne.jp
967,Bancroft Northedge,2052 Fisk Park,10024,NY,bnorthedgequ@bandcamp.com
968,Abby Reina,39327 Delaware Plaza,46278,IN,areinaqv@gizmodo.com
969,Patsy Godfray,1322 Mariners Cove Lane,52804,IA,pgodfrayqw@icio.us
970,Alia Syder,8 Gerald Court,39204,MS,asyderqx@forbes.com
971,Annadiana Davey,281 Rusk Lane,77040,TX,adaveyqy@i2i.jp
972,Eugenius Ditchett,4015 Packers Alley,34114,FL,editchettqz@goodreads.com
973,Penelope Dummett,88 Cherokee Place,66286,KS,pdummettr0@reference.com
974,Siusan Eydel,54897 Grayhawk Crossing,92835,CA,seydelr1@bbb.org
975,Jaye Arran,15 Graceland Center,39216,MS,jarranr2@nih.gov
976,Bartolomeo Dabnor,922 Wayridge Place,87180,NM,bdabnorr3@tinyurl.com
977,Gayla Siggins,78193 Lerdahl Center,50706,IA,gsigginsr4@wikia.com
978,Korie Strelitz,6006 East Court,85705,AZ,kstrelitzr5@soundcloud.com
979,Estelle Sperski,569 Meadow Valley Crossing,12237,NY,esperskir6@redcross.org
980,Sara-ann Dalston,92 Eastwood Hill,94126,CA,sdalstonr7@shinystat.com
981,Diarmid Rowesby,8001 Everett Crossing,74141,OK,drowesbyr8@salon.com
982,Burl Tassel,1363 Sullivan Junction,95128,CA,btasselr9@multiply.com
983,Sloan Lilion,45661 Clarendon Way,97229,OR,slilionra@drupal.org
984,Farand Rizzini,85 Butterfield Plaza,76905,TX,frizzinirb@kickstarter.com
985,Averil Seery,7 Hansons Way,32835,FL,aseeryrc@google.it
986,Marris Cortez,1 Hazelcrest Pass,97229,OR,mcortezrd@disqus.com
987,Lina Trase,5 Forster Plaza,23242,VA,ltrasere@comsenz.com
988,Malcolm Jiras,4863 Mcbride Street,33330,FL,mjirasrf@twitpic.com
989,Carmelita Felton,475 Annamark Court,53710,WI,cfeltonrg@exblog.jp
990,Jerome MacGibbon,14 Everett Trail,43605,OH,jmacgibbonrh@opensource.org
991,Boote Beneix,5 Vera Trail,28225,NC,bbeneixri@dropbox.com
992,Milzie Woolnough,92962 Express Plaza,14604,NY,mwoolnoughrj@indiegogo.com
993,Jerald Tubbles,58 Harbort Court,02203,MA,jtubblesrk@bbb.org
994,Terri-jo Petranek,5925 Lakewood Parkway,64193,MO,tpetranekrl@elegantthemes.com
995,Abran Cunde,34 Sunbrook Lane,67220,KS,acunderm@guardian.co.uk
996,Colan Lummus,491 Caliangt Way,70179,LA,clummusrn@reuters.com
997,Barney McCrory,77 Debra Park,31410,GA,bmccroryro@vimeo.com
998,Felicdad Hollington,8009 Eastwood Junction,48295,MI,fhollingtonrp@t-online.de
999,Lambert Kittley,6402 Debs Hill,75265,TX,lkittleyrq@phoca.cz
1000,Palmer Frodsham,74 Kedzie Plaza,24034,VA,pfrodshamrr@nba.com
