id,name,address,zipcode,state,email
1,Aleen Hyder,54215 Packers Drive,96850,HI,ahyder0@apple.com
2,Pooh Grainger,608 Columbus Junction,28256,NC,pgrainger1@nyu.edu
3,Stanleigh Waren,6 Main Park,54313,WI,swaren2@omniture.com
4,Elset Frowen,95430 Clemons Park,60636,IL,efrowen3@123-reg.co.uk
5,Garold Richfield,03003 Elmside Place,32215,FL,grichfield4@cmu.edu
6,Emmie Langland,99 Old Gate Avenue,79188,TX,elangland5@independent.co.uk
7,Donaugh Duggen,47532 Mayfield Street,31296,GA,dduggen6@youtube.com
8,Archie Matousek,73910 Fisk Drive,18514,PA,amatousek7@indiatimes.com
9,Loretta Whitchurch,191 Birchwood Parkway,35242,AL,lwhitchurch8@npr.org
10,Molli Larret,21 Thackeray Circle,76198,TX,mlarret9@drupal.org
11,Dallon Gilbanks,01 Forest Way,36622,AL,dgilbanksa@shareasale.com
12,Catina Beseke,6 Texas Crossing,75358,TX,cbesekeb@columbia.edu
13,Lynnelle Maud,34 Roth Way,68110,NE,lmaudc@barnesandnoble.com
14,Alane Lerego,05588 Bluestem Trail,47405,IN,aleregod@php.net
15,Georgetta Leggin,32 Morning Alley,73104,OK,gleggine@home.pl
16,Gretal Jeckell,1664 Larry Crossing,10275,NY,gjeckellf@google.pl
17,Eamon Vicary,1 Maple Wood Park,28815,NC,evicaryg@elpais.com
18,Mathias Skipworth,9220 Hoffman Avenue,75358,TX,mskipworthh@columbia.edu
19,Rafael Kittman,453 Londonderry Alley,20310,DC,rkittmani@yahoo.co.jp
20,Marianna Heilds,6753 Butternut Crossing,33185,FL,mheildsj@ehow.com
21,Anastasie Denniss,7 Sommers Way,20456,DC,adennissk@tuttocitta.it
22,Culver Drummond,63 Ilene Park,40293,KY,cdrummondl@hc360.com
23,Jodi Stickens,36 Gina Junction,10280,NY,jstickensm@smh.com.au
24,Kristofor Mildner,308 Waywood Court,23285,VA,kmildnern@vkontakte.ru
25,Bancroft Baughan,1043 Susan Way,91125,CA,bbaughano@ftc.gov
26,Kendell Dockrell,25 Talisman Alley,62776,IL,kdockrellp@github.io
27,Trace Soldan,8619 Kennedy Plaza,37410,TN,tsoldanq@nationalgeographic.com
28,Maurine Wooland,8 Eagan Center,08922,NJ,mwoolandr@moonfruit.com
29,Mozes De Biasi,962 Autumn Leaf Park,32964,FL,mdes@nbcnews.com
30,Amber Riquet,11739 Di Loreto Place,30130,GA,ariquett@wix.com
31,Jordain Jura,8 Dwight Court,32230,FL,jjurau@google.pl
32,Sofia Yallop,2019 Bellgrove Court,76198,TX,syallopv@mit.edu
33,Katee Kirman,33014 Melvin Place,44191,OH,kkirmanw@mit.edu
34,Roxie Greensides,22 Monica Circle,70149,LA,rgreensidesx@msn.com
35,Rudolf Cockson,0 Village Alley,75605,TX,rcocksony@gov.uk
36,Aimee Hauxley,689 Clarendon Terrace,77040,TX,ahauxleyz@miibeian.gov.cn
37,Nadia Andreassen,013 Merchant Park,94627,CA,nandreassen10@independent.co.uk
38,Armando Malatalant,8077 Fuller Hill,46239,IN,amalatalant11@ucoz.com
39,Ware Trustie,57 Tennyson Alley,20189,VA,wtrustie12@yandex.ru
40,Reinhold Brelsford,22976 Green Ridge Plaza,53220,WI,rbrelsford13@nps.gov
41,Joane Regenhardt,7453 Coleman Way,89074,NV,jregenhardt14@washington.edu
42,Honey Elkins,115 Elgar Crossing,83732,ID,helkins15@apple.com
43,Grant Moen,82585 Moulton Trail,85311,AZ,gmoen16@google.ru
44,Cindy Rivilis,01558 Melrose Avenue,63180,MO,crivilis17@tiny.cc
45,Upton Wimsett,27 Algoma Way,48604,MI,uwimsett18@nbcnews.com
46,Larine Rielly,51559 Walton Avenue,70179,LA,lrielly19@tamu.edu
47,Sherry Pistol,653 Nancy Terrace,33811,FL,spistol1a@taobao.com
48,Mord Suller,6 Algoma Road,80930,CO,msuller1b@reference.com
49,Bradford Tatlock,70 Stone Corner Way,99507,AK,btatlock1c@abc.net.au
50,Howard Brodeur,16097 Jana Circle,85743,AZ,hbrodeur1d@ucsd.edu
51,Wolfy Verdey,246 Elgar Pass,63180,MO,wverdey1e@upenn.edu
52,Marillin Ellis,44728 Duke Place,19104,PA,mellis1f@yandex.ru
53,Dulcy MacMorland,01759 Stuart Center,92645,CA,dmacmorland1g@digg.com
54,Buddy Ratley,6188 Thackeray Center,20210,DC,bratley1h@engadget.com
55,Debbie Bush,2261 Grayhawk Trail,14614,NY,dbush1i@paypal.com
56,Pembroke Musterd,925 Center Place,33158,FL,pmusterd1j@live.com
57,Kiel Ongin,4547 Golf Place,44720,OH,kongin1k@patch.com
58,Alfy Blissitt,876 Oakridge Avenue,24503,VA,ablissitt1l@squidoo.com
59,Chick Eakly,94 Red Cloud Center,38308,TN,ceakly1m@tiny.cc
60,Ciel Ekell,06931 Sundown Street,87592,NM,cekell1n@wunderground.com
61,Gelya Ambroziak,7 Mallard Plaza,78220,TX,gambroziak1o@ning.com
62,Ina Jewson,8150 Gulseth Drive,89519,NV,ijewson1p@google.nl
63,Justina Grene,2867 Glacier Hill Crossing,70826,LA,jgrene1q@usnews.com
64,Hyacinthia MacKeever,6 Susan Crossing,78230,TX,hmackeever1r@edublogs.org
65,Hyacinthia Corrett,4 Gateway Terrace,14276,NY,hcorrett1s@php.net
66,Magda Dahlberg,41339 West Plaza,77299,TX,mdahlberg1t@java.com
67,Cherrita Huckleby,7418 La Follette Street,80126,CO,chuckleby1u@biblegateway.com
68,Dino Bocke,164 Memorial Hill,20436,DC,dbocke1v@gizmodo.com
69,Wolfy Lepope,34085 Algoma Center,02912,RI,wlepope1w@rediff.com
70,Donnie Blemen,973 Sunnyside Crossing,89130,NV,dblemen1x@loc.gov
71,Kara-lynn Atherley,3901 Marquette Way,47737,IN,katherley1y@bluehost.com
72,Emmerich O'Hagan,965 Charing Cross Plaza,30033,GA,eohagan1z@ft.com
73,Tuckie Cahillane,30151 Monterey Crossing,60614,IL,tcahillane20@yellowpages.com
74,Paul Eades,12 Crownhardt Point,12237,NY,peades21@jalbum.net
75,Sena Vamplus,93523 Wayridge Street,90060,CA,svamplus22@altervista.org
76,Catherin Hanssmann,0750 Boyd Point,05609,VT,chanssmann23@indiatimes.com
77,Sarah Bitchener,86211 Russell Pass,37210,TN,sbitchener24@stumbleupon.com
78,Kerrill Heinlein,9 Memorial Pass,96835,HI,kheinlein25@businessinsider.com
79,Letta Peatheyjohns,3 Grover Park,98158,WA,lpeatheyjohns26@issuu.com
80,Carleton Penwarden,56497 Merry Parkway,91210,CA,cpenwarden27@psu.edu
81,Meade Pragnell,72 Briar Crest Way,07310,NJ,mpragnell28@google.co.uk
82,Bess Quinnelly,24834 Merry Terrace,14269,NY,bquinnelly29@umich.edu
83,Antonina Benneyworth,66118 Harbort Road,33018,FL,abenneyworth2a@nih.gov
84,Carleen Pumphreys,94 Kim Avenue,72204,AR,cpumphreys2b@qq.com
85,Miof mela Langthorne,82379 Dakota Hill,79968,TX,mmela2c@goo.gl
86,Rana McNamee,559 Lakewood Crossing,97211,OR,rmcnamee2d@newsvine.com
87,Cathi Zamboniari,4 Mifflin Road,37450,TN,czamboniari2e@nationalgeographic.com
88,Ag Balazin,98 Prairie Rose Circle,70142,LA,abalazin2f@blogtalkradio.com
89,Angele Peddar,5 Daystar Junction,74126,OK,apeddar2g@google.co.jp
90,Maggee Oehm,7807 Stoughton Way,80940,CO,moehm2h@friendfeed.com
91,Angil Painswick,45 Mallard Lane,25726,WV,apainswick2i@xinhuanet.com
92,Lyn Hamlett,4183 Express Point,97255,OR,lhamlett2j@columbia.edu
93,Katina Bodley,5533 Packers Plaza,55487,MN,kbodley2k@webmd.com
94,Guinna Gooderidge,57714 North Plaza,22333,VA,ggooderidge2l@marriott.com
95,Rock Jordan,7 Portage Lane,74116,OK,rjordan2m@howstuffworks.com
96,Lay Jefferson,1148 Sunbrook Way,77040,TX,ljefferson2n@nbcnews.com
97,Simmonds Burrett,80 Old Shore Circle,78405,TX,sburrett2o@smh.com.au
98,Denna Burgill,17 Sachtjen Parkway,12255,NY,dburgill2p@msn.com
99,Kevin Brunon,13 Springs Way,76905,TX,kbrunon2q@who.int
100,Mollee Impett,59796 Chive Street,98687,WA,mimpett2r@oakley.com
101,Zacharia Yorath,24256 Sullivan Point,48232,MI,zyorath2s@dropbox.com
102,Bertina Abbott,7721 Westridge Way,23228,VA,babbott2t@sogou.com
103,Jerald Forward,139 Stone Corner Circle,11388,NY,jforward2u@yolasite.com
104,Tedman Petyankin,415 Swallow Hill,98148,WA,tpetyankin2v@whitehouse.gov
105,Idalina Billett,4 Gina Place,20546,DC,ibillett2w@umn.edu
106,Anthia Crosbie,88 Annamark Hill,20409,DC,acrosbie2x@mapy.cz
107,Jesselyn Hamblington,2587 Lillian Alley,07522,NJ,jhamblington2y@hexun.com
108,Saudra Kilborn,5 Namekagon Crossing,32505,FL,skilborn2z@imdb.com
109,Corly Bussens,1 Aberg Parkway,21281,MD,cbussens30@mtv.com
110,Tamqrah Sweeten,2 Cascade Plaza,19160,PA,tsweeten31@delicious.com
111,Carey Klain,15470 Express Alley,92519,CA,cklain32@princeton.edu
112,Wain Kasbye,0489 Huxley Drive,77281,TX,wkasbye33@digg.com
113,Morry Minton,7946 Autumn Leaf Crossing,19184,PA,mminton34@ucoz.ru
114,Lisa Gianulli,92 Nobel Way,91505,CA,lgianulli35@cmu.edu
115,Michael felip,52 Starling Road,12227,NY,mfelip36@cargocollective.com
116,Jandy Payle,65780 Carpenter Hill,88546,TX,jpayle37@w3.org
117,Karine Klimashevich,701 Mcbride Center,68164,NE,kklimashevich38@blog.com
118,Isador Rudkin,0691 Schurz Lane,95054,CA,irudkin39@miibeian.gov.cn
119,Nissa Eicheler,20988 School Park,20508,DC,neicheler3a@army.mil
120,Uriel Cockerham,4 8th Park,31422,GA,ucockerham3b@livejournal.com
121,Caitrin Matveiko,9 Talmadge Avenue,30301,GA,cmatveiko3c@hugedomains.com
122,Chelsae Novichenko,36123 Hermina Pass,67210,KS,cnovichenko3d@quantcast.com
123,Tallia Asprey,12 Towne Plaza,79410,TX,tasprey3e@vimeo.com
124,Daryn Amberger,77185 Marcy Plaza,92115,CA,damberger3f@businessinsider.com
125,Annabell Samsworth,349 Corben Crossing,85010,AZ,asamsworth3g@usda.gov
126,Juanita MacMorland,7956 Larry Terrace,16522,PA,jmacmorland3h@google.pl
127,Bjorn Joannic,5 Cordelia Terrace,46231,IN,bjoannic3i@whitehouse.gov
128,Alex Dinning,3472 Sheridan Pass,30045,GA,adinning3j@google.fr
129,Dodie Jobin,944 Calypso Court,30392,GA,djobin3k@list-manage.com
130,Karisa Fittall,24035 Hooker Trail,68179,NE,kfittall3l@github.io
131,Cornelia Kohneke,00846 Crowley Way,91210,CA,ckohneke3m@tinypic.com
132,Timothy Couvet,854 Vera Road,40287,KY,tcouvet3n@twitpic.com
133,Poul Wethers,85 Mendota Lane,38126,TN,pwethers3o@epa.gov
134,Kimmy Aloway,13809 Killdeer Trail,60636,IL,kaloway3p@livejournal.com
135,Wildon Elvy,4 Kings Junction,98115,WA,welvy3q@123-reg.co.uk
136,Delainey Bonder,79780 Toban Way,45440,OH,dbonder3r@digg.com
137,Ranna Belloch,7 Green Terrace,35263,AL,rbelloch3s@mail.ru
138,Moselle Pounsett,82733 Crest Line Crossing,60686,IL,mpounsett3t@cmu.edu
139,Davidde Hudspeth,50614 Village Green Road,89115,NV,dhudspeth3u@com.com
140,Aubrey Bozworth,007 Talmadge Lane,20535,DC,abozworth3v@over-blog.com
141,Danita Grigori,2026 Harper Drive,80045,CO,dgrigori3w@baidu.com
142,Audry Alred,7343 Grasskamp Pass,78260,TX,aalred3x@wordpress.com
143,Geordie Cominotti,600 Valley Edge Junction,77388,TX,gcominotti3y@chicagotribune.com
144,Kristoforo Dougary,207 Graedel Junction,96825,HI,kdougary3z@usa.gov
145,Kris Gullick,7 Eagle Crest Parkway,70149,LA,kgullick40@g.co
146,Glenn Bausor,3346 Alpine Place,77505,TX,gbausor41@pcworld.com
147,Dulci Dollard,2761 Hovde Junction,93750,CA,ddollard42@sohu.com
148,Hastings Jeger,31 Raven Trail,92844,CA,hjeger43@cnet.com
149,Freddi Smeall,95 Schmedeman Road,13505,NY,fsmeall44@google.es
150,Isaac Upjohn,76333 Westerfield Court,44185,OH,iupjohn45@wufoo.com
151,Salomi Lowen,0 Oak Place,95064,CA,slowen46@scribd.com
152,Giovanna Etheridge,2130 Troy Center,85754,AZ,getheridge47@addtoany.com
153,Jodi Rama,8620 Lillian Circle,40215,KY,jrama48@digg.com
154,Gottfried Vaneschi,7 Schurz Circle,89140,NV,gvaneschi49@arizona.edu
155,Agnese Buddock,7 Welch Plaza,33315,FL,abuddock4a@last.fm
156,Patten Klimowicz,300 Hanson Pass,92176,CA,pklimowicz4b@hexun.com
157,Christabella Seston,84 Fremont Crossing,72905,AR,cseston4c@geocities.jp
158,Jerrie Bauckham,20931 Scott Terrace,36610,AL,jbauckham4d@answers.com
159,Ambur Rivalant,5 Anniversary Hill,76705,TX,arivalant4e@list-manage.com
160,Granville Airs,1865 Ilene Park,33169,FL,gairs4f@washingtonpost.com
161,Leroy Warwicker,72 Veith Avenue,71130,LA,lwarwicker4g@columbia.edu
162,Sadye Romayne,3 Vernon Park,85099,AZ,sromayne4h@mashable.com
163,Constantina Spours,6 Mesta Way,78754,TX,cspours4i@princeton.edu
164,Romola Hackford,39057 Jackson Place,38197,TN,rhackford4j@indiatimes.com
165,Winne Pepperell,83 Montana Alley,24009,VA,wpepperell4k@ameblo.jp
166,Harli Muckloe,95796 Sloan Trail,73152,OK,hmuckloe4l@dmoz.org
167,Raina Dodman,9 Sage Junction,97405,OR,rdodman4m@discovery.com
168,Tobit Micco,09 Service Drive,22212,VA,tmicco4n@squidoo.com
169,Leora Guillford,19 Russell Circle,22111,VA,lguillford4o@disqus.com
170,Bridie Horsewood,036 Kedzie Pass,44185,OH,bhorsewood4p@com.com
171,Oliver Janicijevic,74243 Hallows Circle,75210,TX,ojanicijevic4q@miitbeian.gov.cn
172,Crissy Malyj,8202 Northwestern Court,34642,FL,cmalyj4r@ocn.ne.jp
173,Wendie Gurry,53644 Gerald Park,20337,DC,wgurry4s@sohu.com
174,Gaven Hagston,054 Rockefeller Road,95138,CA,ghagston4t@reddit.com
175,Giustino Rewcassell,92 Hallows Plaza,13205,NY,grewcassell4u@whitehouse.gov
176,Ferdie Sobieski,56563 Warner Drive,75185,TX,fsobieski4v@washingtonpost.com
177,Nonah Shemwell,50 Spaight Place,77035,TX,nshemwell4w@guardian.co.uk
178,Chris Fenelow,34549 Derek Crossing,75397,TX,cfenelow4x@google.pl
179,Erek Poker,94 Hauk Terrace,73157,OK,epoker4y@weebly.com
180,Benito Stracey,82 Bayside Junction,33069,FL,bstracey4z@wufoo.com
181,Horacio Parlott,89335 Hauk Avenue,35205,AL,hparlott50@paypal.com
182,Valida McCauley,4 Kingsford Plaza,36689,AL,vmccauley51@merriam-webster.com
183,Dulcia Whitlam,72 Scofield Alley,83732,ID,dwhitlam52@tripod.com
184,Midge Cornely,73 Sullivan Lane,75367,TX,mcornely53@nydailynews.com
185,Wes Gumb,6 Buell Avenue,95298,CA,wgumb54@ycombinator.com
186,Juliet Hedgecock,083 Jackson Avenue,12325,NY,jhedgecock55@fema.gov
187,Fee Ivannikov,47 Banding Parkway,34620,FL,fivannikov56@devhub.com
188,Kaitlin Hastwall,40 Pawling Road,48670,MI,khastwall57@mapy.cz
189,Sharon Bolesma,69416 Schlimgen Alley,60674,IL,sbolesma58@blogspot.com
190,Leelah Artingstall,7 Linden Hill,15215,PA,lartingstall59@weather.com
191,Bryce Dwelling,83155 Dennis Alley,53277,WI,bdwelling5a@economist.com
192,Lenka Ollivierre,3 Ronald Regan Parkway,29505,SC,lollivierre5b@auda.org.au
193,Jarib Western,39503 Westend Road,45264,OH,jwestern5c@sourceforge.net
194,Milissent Ganning,56 Lakewood Way,84115,UT,mganning5d@typepad.com
195,Ondrea Gascoyne,03551 Pierstorff Parkway,33731,FL,ogascoyne5e@hexun.com
196,Celle Grollmann,85276 Beilfuss Trail,20414,DC,cgrollmann5f@fema.gov
197,Rosalie Ragdale,7 Merchant Center,33742,FL,rragdale5g@godaddy.com
198,Eugene Crean,4 Wayridge Parkway,13505,NY,ecrean5h@multiply.com
199,Winne Pleager,19452 Oxford Parkway,15220,PA,wpleager5i@i2i.jp
200,Anatola Breakspear,7370 Rockefeller Street,46295,IN,abreakspear5j@usgs.gov
201,Layney Cassar,99 Village Place,97405,OR,lcassar5k@mysql.com
202,Sig MacDermand,46975 7th Plaza,31165,GA,smacdermand5l@huffingtonpost.com
203,Louella Karpov,996 Cody Alley,47719,IN,lkarpov5m@soundcloud.com
204,Farr Ashplant,9 Rockefeller Hill,77055,TX,fashplant5n@edublogs.org
205,Freddy McPike,4686 Arizona Plaza,37450,TN,fmcpike5o@reverbnation.com
206,Mady Loughnan,8969 Gina Circle,64179,MO,mloughnan5p@bluehost.com
207,Carney Wikey,351 Anniversary Trail,20420,DC,cwikey5q@senate.gov
208,Ola Liddyard,61 Hoffman Terrace,06510,CT,oliddyard5r@economist.com
209,Rafa Haquin,1101 Village Circle,02109,MA,rhaquin5s@cdbaby.com
210,Nesta Skidmore,2 Lake View Park,73104,OK,nskidmore5t@phpbb.com
211,Berti Byk,44716 Eagan Terrace,08104,NJ,bbyk5u@barnesandnoble.com
212,Myranda Rafe,78807 8th Road,20456,DC,mrafe5v@lycos.com
213,Verina Knowlden,24 Debs Crossing,33972,FL,vknowlden5w@wiley.com
214,William Moorfield,9 Corben Court,76310,TX,wmoorfield5x@list-manage.com
215,Inna Helwig,88 Fairview Hill,71208,LA,ihelwig5y@vimeo.com
216,Eugenius Medlar,1160 Gateway Hill,10175,NY,emedlar5z@goo.ne.jp
217,Marlo Koene,9 Emmet Parkway,13217,NY,mkoene60@opera.com
218,Halsey Rowthorne,67153 Westport Avenue,92132,CA,hrowthorne61@xing.com
219,Yorgos Nelles,09669 Sage Way,62711,IL,ynelles62@nsw.gov.au
220,Rolfe Branson,89429 Hudson Point,55572,MN,rbranson63@cocolog-nifty.com
221,Henriette McKeever,14756 Forest Dale Alley,45264,OH,hmckeever64@prnewswire.com
222,Glyn Poxton,8 Bobwhite Avenue,14276,NY,gpoxton65@deliciousdays.com
223,Blanca Davey,269 Bowman Circle,57193,SD,bdavey66@ning.com
224,Philomena Mora,4 Sachtjen Terrace,20380,DC,pmora67@devhub.com
225,Morgen Featherbie,0 Washington Alley,80241,CO,mfeatherbie68@addthis.com
226,Sigismundo Atcherley,46 Cambridge Hill,80045,CO,satcherley69@mac.com
227,Neale Fraschini,841 Lakewood Gardens Center,02745,MA,nfraschini6a@cornell.edu
228,Enrica Hardson,45150 Dovetail Point,02745,MA,ehardson6b@mlb.com
229,Clari Hurleston,741 Katie Way,64101,MO,churleston6c@xrea.com
230,Brittni Atwood,100 Jackson Alley,29215,SC,batwood6d@tmall.com
231,Lyon Lamblot,7 Sutherland Street,11236,NY,llamblot6e@nyu.edu
232,Cointon Dunphie,35377 Spaight Court,36104,AL,cdunphie6f@ihg.com
233,Francene McTrustie,6 Bashford Place,80045,CO,fmctrustie6g@pinterest.com
234,Tod Bartul,2 Hermina Street,33158,FL,tbartul6h@jugem.jp
235,Abbye Sarfati,0 Straubel Crossing,74103,OK,asarfati6i@ox.ac.uk
236,Wren Leedal,53 Nobel Alley,92835,CA,wleedal6j@globo.com
237,Delmar Cheesman,4 Drewry Park,20036,DC,dcheesman6k@shareasale.com
238,Sindee Bordessa,6 Fisk Junction,77040,TX,sbordessa6l@freewebs.com
239,Cheston Colebeck,9324 Walton Junction,06533,CT,ccolebeck6m@bbc.co.uk
240,Hilde Matyatin,4 Steensland Terrace,37405,TN,hmatyatin6n@lulu.com
241,Edsel Mayger,1440 Kropf Parkway,29615,SC,emayger6o@vistaprint.com
242,Fairfax Heintze,9764 Londonderry Parkway,88579,TX,fheintze6p@parallels.com
243,Jorry Larkcum,9 Graedel Terrace,61635,IL,jlarkcum6q@creativecommons.org
244,Johanna Cowoppe,954 Holy Cross Lane,95173,CA,jcowoppe6r@storify.com
245,Zedekiah Shinner,23189 Debs Street,32123,FL,zshinner6s@cdbaby.com
246,Aurelia Halsted,73 David Pass,78235,TX,ahalsted6t@clickbank.net
247,Penelope Grigoletti,90 Arkansas Center,89505,NV,pgrigoletti6u@abc.net.au
248,Clyve Murden,54 Pond Point,27705,NC,cmurden6v@hud.gov
249,Berget Lampet,2727 Mccormick Hill,33147,FL,blampet6w@china.com.cn
250,Doll Bridewell,82 Mandrake Circle,73197,OK,dbridewell6x@harvard.edu
251,Aime Kacheller,87 Waywood Point,50320,IA,akacheller6y@va.gov
252,Caril Limpertz,0127 Westend Court,45223,OH,climpertz6z@printfriendly.com
253,Risa Ledeker,5536 Lighthouse Bay Plaza,06816,CT,rledeker70@sitemeter.com
254,Ches Pickerin,4220 John Wall Drive,77260,TX,cpickerin71@plala.or.jp
255,Pryce Broom,35 6th Avenue,59623,MT,pbroom72@amazon.co.jp
256,Fifi Overlow,8 Express Crossing,97271,OR,foverlow73@msu.edu
257,Sadye Camsey,60 Buhler Crossing,98442,WA,scamsey74@zdnet.com
258,Rick Reynard,04118 Delaware Alley,32605,FL,rreynard75@sitemeter.com
259,Husein Perello,887 Beilfuss Center,95852,CA,hperello76@irs.gov
260,Devin Kliche,41 Fieldstone Alley,71151,LA,dkliche77@bbb.org
261,Brittaney Heather,0403 Nova Park,74149,OK,bheather78@engadget.com
262,Eddi Mawne,89349 Clarendon Park,75251,TX,emawne79@is.gd
263,Tremaine Back,187 Charing Cross Road,83722,ID,tback7a@washingtonpost.com
264,Abbey Ruoss,65243 Ridgeview Crossing,33673,FL,aruoss7b@yolasite.com
265,Meriel Kittow,034 Rowland Avenue,21203,MD,mkittow7c@apple.com
266,Bertie Iredale,78196 Warrior Lane,48335,MI,biredale7d@icio.us
267,Sibella Halahan,7861 Pleasure Center,33320,FL,shalahan7e@youtube.com
268,Gearalt Vittery,72679 Kropf Place,73190,OK,gvittery7f@cnet.com
269,Willa Millichip,58625 Florence Street,44197,OH,wmillichip7g@furl.net
270,Urbain Bracco,9605 Sunfield Terrace,91520,CA,ubracco7h@yolasite.com
271,Chelsae MacCaull,58 Artisan Center,29208,SC,cmaccaull7i@netvibes.com
272,Floris Chisolm,034 Debra Lane,55805,MN,fchisolm7j@wufoo.com
273,Demetria Sweedy,6 Memorial Plaza,33610,FL,dsweedy7k@netscape.com
274,Guenevere Killingsworth,02561 Old Gate Park,75236,TX,gkillingsworth7l@artisteer.com
275,Dacia Ryson,66900 Pennsylvania Terrace,05609,VT,dryson7m@umn.edu
276,Euphemia Hunte,568 Paget Plaza,46867,IN,ehunte7n@123-reg.co.uk
277,Stanwood Roeby,7134 Welch Junction,78415,TX,sroeby7o@walmart.com
278,Pattie Cleal,189 Truax Park,32854,FL,pcleal7p@bing.com
279,My Leeming,88697 Vernon Trail,75310,TX,mleeming7q@360.cn
280,Robinson Le Marchant,70 Pawling Circle,33315,FL,rle7r@dell.com
281,Killian Rahill,274 Helena Terrace,77346,TX,krahill7s@cnbc.com
282,Jocko Theodoris,06 Hazelcrest Circle,14276,NY,jtheodoris7t@360.cn
283,Brooke Haughan,4547 Pine View Drive,12255,NY,bhaughan7u@zimbio.com
284,Gayle Rivelon,718 Emmet Plaza,55811,MN,grivelon7v@typepad.com
285,Cecil Enns,4331 Hintze Drive,06160,CT,cenns7w@smh.com.au
286,Nolie Egdal,5 Harbort Point,15266,PA,negdal7x@multiply.com
287,Alasteir Attersoll,6317 Sloan Court,95818,CA,aattersoll7y@istockphoto.com
288,Dawn Jammes,35834 Dottie Crossing,43610,OH,djammes7z@rakuten.co.jp
289,Aylmer Harpur,48 Milwaukee Center,80228,CO,aharpur80@house.gov
290,Donalt Goodsal,5 Hooker Parkway,10170,NY,dgoodsal81@clickbank.net
291,Sanford Burnall,0689 Laurel Center,94280,CA,sburnall82@blogspot.com
292,Sydelle Pargent,2 Schiller Plaza,30045,GA,spargent83@yelp.com
293,Marga Thirlwall,3600 Vermont Place,11044,NY,mthirlwall84@vistaprint.com
294,Barron Shelmardine,00 Bowman Place,94169,CA,bshelmardine85@hhs.gov
295,Brody Winterborne,5075 Spenser Court,85083,AZ,bwinterborne86@bloomberg.com
296,Zitella Licciardello,22 Fieldstone Alley,33233,FL,zlicciardello87@microsoft.com
297,Lesli Haeslier,5 Alpine Hill,75260,TX,lhaeslier88@jimdo.com
298,Chiquia Hovy,5594 Bultman Pass,43240,OH,chovy89@artisteer.com
299,Merl Slocomb,0 Texas Way,66629,KS,mslocomb8a@globo.com
300,Chad Tuxell,08 Meadow Valley Court,32520,FL,ctuxell8b@toplist.cz
301,Vale Butterly,4 Crownhardt Park,75799,TX,vbutterly8c@ted.com
302,Tyrone Hassett,69 Towne Center,78415,TX,thassett8d@cbc.ca
303,Ariella Fieldhouse,0 Monument Way,76011,TX,afieldhouse8e@state.tx.us
304,Tab Younge,24300 Elmside Road,33633,FL,tyounge8f@gnu.org
305,Rikki Stooke,50399 Erie Terrace,61640,IL,rstooke8g@is.gd
306,Blake Spurier,1 Welch Park,14619,NY,bspurier8h@cornell.edu
307,Shandy Joly,89046 Swallow Trail,64130,MO,sjoly8i@github.com
308,Jobey Handrik,86730 Ridgeview Alley,37245,TN,jhandrik8j@dyndns.org
309,Saunder Anderer,091 Cherokee Terrace,79950,TX,sanderer8k@elegantthemes.com
310,Lemmy Basili,55000 Parkside Street,55564,MN,lbasili8l@slashdot.org
311,Ailsun Rickaert,3 Ridgeview Crossing,29203,SC,arickaert8m@xing.com
312,Euell Arney,9 Reindahl Parkway,32909,FL,earney8n@livejournal.com
313,Britte Swaton,9548 Bowman Street,75705,TX,bswaton8o@google.it
314,Windy Fairholme,56253 Northridge Circle,02298,MA,wfairholme8p@github.com
315,Brod Cassey,8 Ridge Oak Trail,78764,TX,bcassey8q@amazon.com
316,Dyanne Scotchbrook,20 Loeprich Parkway,68110,NE,dscotchbrook8r@pagesperso-orange.fr
317,Valli Spyvye,6 Mccormick Center,30311,GA,vspyvye8s@ow.ly
318,Valry Snooks,504 Monument Road,14683,NY,vsnooks8t@howstuffworks.com
319,Nevsa Tows,96808 Granby Road,57110,SD,ntows8u@wunderground.com
320,Antonio Abbotson,7677 Summer Ridge Way,38181,TN,aabbotson8v@issuu.com
321,Gabbi Raun,77565 Hoard Lane,73129,OK,graun8w@over-blog.com
322,Alane Lovelace,6 Chive Terrace,39505,MS,alovelace8x@usnews.com
323,Glendon Jozwik,9 Pierstorff Pass,29203,SC,gjozwik8y@google.com.br
324,Wynn Dearness,89 Veith Road,46216,IN,wdearness8z@uol.com.br
325,Parry Walton,141 Lillian Circle,84125,UT,pwalton90@google.fr
326,Fayina Lathee,2 Sherman Center,32123,FL,flathee91@wix.com
327,Heywood Acors,61087 Sage Terrace,87201,NM,hacors92@craigslist.org
328,Brig Laurenz,567 Wayridge Circle,20073,DC,blaurenz93@independent.co.uk
329,Maud Matisse,677 Clove Street,30195,GA,mmatisse94@deliciousdays.com
330,Bruis Cawood,70821 School Park,90087,CA,bcawood95@printfriendly.com
331,Elsworth Goghin,14299 Jana Center,32128,FL,egoghin96@live.com
332,Gaby Odegaard,28 Eagle Crest Lane,49018,MI,godegaard97@twitter.com
333,Hube Haps,475 Knutson Pass,15286,PA,hhaps98@soundcloud.com
334,Delmar Westbrook,66100 Sunbrook Hill,52410,IA,dwestbrook99@amazon.com
335,Standford Stubbes,507 Fisk Terrace,88563,TX,sstubbes9a@acquirethisname.com
336,Estrella Eastwood,288 Hermina Hill,11247,NY,eeastwood9b@tamu.edu
337,Stefan Weedon,07 Bonner Point,10150,NY,sweedon9c@networksolutions.com
338,Julissa Shama,7 Carpenter Hill,32236,FL,jshama9d@state.gov
339,Christean Livingston,364 Golden Leaf Road,44760,OH,clivingston9e@ezinearticles.com
340,Shanta Axelbee,187 Donald Trail,33963,FL,saxelbee9f@oaic.gov.au
341,Corty Label,180 Algoma Circle,65898,MO,clabel9g@slideshare.net
342,Reynard Nelius,2637 Atwood Terrace,77554,TX,rnelius9h@simplemachines.org
343,Yoko Ungaretti,1472 Monterey Drive,95113,CA,yungaretti9i@nyu.edu
344,Oran Margaret,07683 Clemons Way,78296,TX,omargaret9j@lulu.com
345,Devinne Pattie,43530 Messerschmidt Lane,28272,NC,dpattie9k@wikispaces.com
346,Dorotea Tooley,621 Schurz Street,20535,DC,dtooley9l@netvibes.com
347,Broderic Earnshaw,5054 Arrowood Drive,83727,ID,bearnshaw9m@wikipedia.org
348,Itch Rizzone,2 Carpenter Point,76711,TX,irizzone9n@istockphoto.com
349,Meridith Emmanuele,70 Florence Pass,18018,PA,memmanuele9o@spiegel.de
350,Corly Smallwood,5663 Carberry Parkway,70179,LA,csmallwood9p@rambler.ru
351,Aurlie Euston,4395 Dahle Avenue,77266,TX,aeuston9q@ameblo.jp
352,Tamma Isakov,5768 Butterfield Court,23272,VA,tisakov9r@wp.com
353,Nara Edgecombe,1641 American Ash Center,73109,OK,nedgecombe9s@cocolog-nifty.com
354,Nilson Whale,12352 Muir Drive,60624,IL,nwhale9t@comcast.net
355,Remus Prewer,677 Mallard Center,71137,LA,rprewer9u@fotki.com
356,Collie Cassam,4 Sycamore Park,47705,IN,ccassam9v@sakura.ne.jp
357,Deirdre Beynkn,951 Browning Hill,91411,CA,dbeynkn9w@studiopress.com
358,Myranda Rockcliff,70 Sutteridge Crossing,87201,NM,mrockcliff9x@webeden.co.uk
359,Katine Kohter,3 Northridge Court,75260,TX,kkohter9y@reference.com
360,Jephthah Tythacott,545 Meadow Valley Crossing,18763,PA,jtythacott9z@quantcast.com
361,Andria Emor,2 Sauthoff Circle,37131,TN,aemora0@noaa.gov
362,Lexine Wardington,22 Goodland Crossing,25770,WV,lwardingtona1@ihg.com
363,Ruth Worsall,708 Helena Center,47719,IN,rworsalla2@yale.edu
364,Eda Louche,558 Dunning Park,72231,AR,elouchea3@ibm.com
365,Sonnie Gerrens,49291 Cascade Lane,63110,MO,sgerrensa4@wikimedia.org
366,Auberta Sealove,1832 Old Shore Point,44118,OH,asealovea5@indiegogo.com
367,Ricki Stoddart,2 Pond Hill,48126,MI,rstoddarta6@google.cn
368,Samaria Manford,53471 Springs Point,38109,TN,smanforda7@economist.com
369,Marchelle Pinwell,97 Schiller Court,20546,DC,mpinwella8@mayoclinic.com
370,Gale La Wille,965 Anthes Terrace,79605,TX,glaa9@businessinsider.com
371,Shelia Roscam,043 Dexter Court,78749,TX,sroscamaa@utexas.edu
372,Olly Lomansey,9167 Prairieview Pass,13210,NY,olomanseyab@wikia.com
373,Carolina Ditty,17828 Comanche Drive,77234,TX,cdittyac@csmonitor.com
374,Kellen Decent,15836 Mockingbird Crossing,90610,CA,kdecentad@booking.com
375,Cherise Stede,349 Scofield Center,88514,TX,cstedeae@topsy.com
376,Marius Gregoraci,48 Brown Street,64136,MO,mgregoraciaf@intel.com
377,Nicolle Ouldcott,48 Waubesa Terrace,36616,AL,nouldcottag@cargocollective.com
378,Alissa Simmens,8728 Oakridge Parkway,62756,IL,asimmensah@com.com
379,Sena Heskins,8799 8th Terrace,99260,WA,sheskinsai@desdev.cn
380,Richy Baleine,1069 Prairie Rose Place,78778,TX,rbaleineaj@dot.gov
381,Chandler Duckett,4814 Toban Court,72916,AR,cduckettak@photobucket.com
382,Neall Cater,5159 Harper Drive,78415,TX,ncateral@angelfire.com
383,Elysee Tsar,8 Crest Line Avenue,98158,WA,etsaram@disqus.com
384,Lelia Cockhill,47 Donald Junction,10292,NY,lcockhillan@tumblr.com
385,Brandy Elstow,012 Moland Street,89074,NV,belstowao@cornell.edu
386,Camila Pietzner,7 Utah Road,98442,WA,cpietznerap@smh.com.au
387,Jerry Cookes,18701 Grasskamp Trail,10260,NY,jcookesaq@taobao.com
388,Jennie Micheau,54 Dottie Court,61635,IL,jmicheauar@bandcamp.com
389,Riane Lethlay,05220 Dawn Terrace,35815,AL,rlethlayas@bandcamp.com
390,Martynne Rossetti,66559 Anzinger Trail,74193,OK,mrossettiat@dion.ne.jp
391,Maurise Rollinshaw,16 Rusk Terrace,20910,MD,mrollinshawau@cocolog-nifty.com
392,Karissa Bullier,2598 Hermina Road,13251,NY,kbullierav@posterous.com
393,Dodie Raven,687 Anhalt Court,98417,WA,dravenaw@parallels.com
394,Kit Seide,69009 Nancy Park,49544,MI,kseideax@census.gov
395,Elyn Tallant,5918 Hayes Park,55557,MN,etallantay@xinhuanet.com
396,Shay Labrom,84 Manitowish Hill,93094,CA,slabromaz@rambler.ru
397,Norry Redolfi,55 Warner Circle,28272,NC,nredolfib0@google.co.uk
398,Brodie Sheldrake,855 Di Loreto Circle,44197,OH,bsheldrakeb1@oaic.gov.au
399,Cobbie Scad,18006 Clove Street,20409,DC,cscadb2@apple.com
400,Gui Ellaway,37 Ilene Place,80915,CO,gellawayb3@wikipedia.org
401,Rudiger Meriott,2084 Marquette Avenue,27404,NC,rmeriottb4@nba.com
402,Rosene Beney,73773 Golf Course Hill,79994,TX,rbeneyb5@cornell.edu
403,Lawton Terry,96353 Magdeline Road,20551,DC,lterryb6@time.com
404,Cyndy Mardee,0 Arkansas Center,72199,AR,cmardeeb7@marriott.com
405,Franzen Szanto,08084 Kenwood Way,77060,TX,fszantob8@xing.com
406,Elsbeth Allkins,87 Anthes Court,89595,NV,eallkinsb9@cbsnews.com
407,Laurel Pablos,99 Leroy Drive,87180,NM,lpablosba@woothemes.com
408,Rosemonde Audsley,2650 Anderson Hill,92717,CA,raudsleybb@jigsy.com
409,Nataline Frome,0 Warrior Alley,94142,CA,nfromebc@miibeian.gov.cn
410,Jedd Holywell,2 Miller Plaza,63180,MO,jholywellbd@unblog.fr
411,Marci Wheelhouse,89187 Haas Trail,70005,LA,mwheelhousebe@jimdo.com
412,Lauralee Sheasby,4787 Meadow Ridge Hill,60691,IL,lsheasbybf@surveymonkey.com
413,Roseline Fontel,943 Rockefeller Hill,94147,CA,rfontelbg@msu.edu
414,Drusilla Greaser,8969 Buell Pass,30506,GA,dgreaserbh@prlog.org
415,Jessa Shutt,079 Talmadge Way,76210,TX,jshuttbi@sina.com.cn
416,Darelle Eseler,132 Esch Plaza,75074,TX,deselerbj@dmoz.org
417,Cloris Babcock,11 Tennessee Terrace,78255,TX,cbabcockbk@geocities.jp
418,Serena Norledge,79086 Westport Terrace,31210,GA,snorledgebl@arstechnica.com
419,Egor Silverwood,42581 Northview Court,79452,TX,esilverwoodbm@microsoft.com
420,Nikolia Sommerton,5 Oak Terrace,19805,DE,nsommertonbn@mysql.com
421,Ellynn Bloor,9 Luster Point,80910,CO,ebloorbo@sun.com
422,Northrup Mottram,70 Fair Oaks Circle,30605,GA,nmottrambp@netscape.com
423,Evey Cassells,79208 Meadow Valley Hill,44485,OH,ecassellsbq@e-recht24.de
424,Haslett Mountfort,71 Troy Road,55905,MN,hmountfortbr@google.co.uk
425,Dasha Juris,28 Schlimgen Street,12227,NY,djurisbs@techcrunch.com
426,Remy Willshere,69 8th Avenue,46239,IN,rwillsherebt@bravesites.com
427,Maison Culbard,5 Hauk Crossing,15266,PA,mculbardbu@addthis.com
428,Rhody Gutowski,4380 Hudson Drive,41905,KY,rgutowskibv@wired.com
429,Ailina Penylton,26482 Waxwing Center,33448,FL,apenyltonbw@java.com
430,Jaquith Grinin,3177 Lillian Drive,88519,TX,jgrininbx@rakuten.co.jp
431,Mortie Scopham,400 Scoville Circle,79188,TX,mscophamby@mac.com
432,Ritchie Orbine,12 Lakeland Hill,44125,OH,rorbinebz@scientificamerican.com
433,Stephanie Twiddle,341 Buhler Parkway,45807,OH,stwiddlec0@odnoklassniki.ru
434,Daune MacCorkell,8066 Melody Street,31422,GA,dmaccorkellc1@cnbc.com
435,Gannon Juckes,3 Stephen Road,20260,DC,gjuckesc2@google.ca
436,Brandyn Sebert,286 Melody Place,33731,FL,bsebertc3@cdbaby.com
437,Maryjane Clyma,0695 Manufacturers Street,85725,AZ,mclymac4@nydailynews.com
438,Jeanine Savins,461 Oak Street,10099,NY,jsavinsc5@hexun.com
439,Suzi Sigfrid,6985 Pierstorff Drive,68124,NE,ssigfridc6@usgs.gov
440,Bryn Singers,233 Comanche Terrace,92519,CA,bsingersc7@hexun.com
441,Jenn Chattock,10 Talmadge Circle,79705,TX,jchattockc8@wordpress.org
442,Consolata Baldazzi,606 Pennsylvania Way,33763,FL,cbaldazzic9@usnews.com
443,Norean Martinovic,74204 Hauk Trail,50981,IA,nmartinovicca@amazon.co.jp
444,Cullan Dirr,220 Miller Way,19104,PA,cdirrcb@pcworld.com
445,Koressa Pennick,31 Sundown Park,48555,MI,kpennickcc@ustream.tv
446,Bert Mattiussi,28 Hanover Street,43284,OH,bmattiussicd@wp.com
447,Randie Winterflood,85047 Fair Oaks Avenue,77201,TX,rwinterfloodce@blinklist.com
448,Edita Dipple,9 Stoughton Drive,23324,VA,edipplecf@apple.com
449,Galina Andriveau,18 Riverside Terrace,43610,OH,gandriveaucg@naver.com
450,Calida Broseman,86 Swallow Road,64160,MO,cbrosemanch@indiegogo.com
451,Silas Lambregts,7 Beilfuss Circle,07305,NJ,slambregtsci@topsy.com
452,Richardo Brampton,2 Victoria Parkway,45999,OH,rbramptoncj@unblog.fr
453,Chet Hobben,16526 School Alley,92645,CA,chobbenck@buzzfeed.com
454,Barbara Wordington,20 Talisman Road,57110,SD,bwordingtoncl@merriam-webster.com
455,Elizabet Thompstone,20 Dawn Court,71115,LA,ethompstonecm@mayoclinic.com
456,Cindi Siddeley,8343 Eagle Crest Trail,62705,IL,csiddeleycn@altervista.org
457,Brice Slader,55 Bunker Hill Way,20414,DC,bsladerco@wired.com
458,Aaren Duddell,2583 Cody Way,61651,IL,aduddellcp@weebly.com
459,Correy Scholar,50889 Garrison Circle,77055,TX,cscholarcq@youku.com
460,Annetta Hurley,11114 Golf View Point,30311,GA,ahurleycr@dropbox.com
461,Belva Grogor,2643 Boyd Terrace,23293,VA,bgrogorcs@upenn.edu
462,Kristoffer Cortese,73797 Forest Point,79159,TX,kcortesect@google.es
463,Cathyleen Britian,9476 Ridge Oak Parkway,95194,CA,cbritiancu@ovh.net
464,Katharine Eddy,3370 Mcguire Point,30605,GA,keddycv@buzzfeed.com
465,Suellen Myatt,359 Truax Parkway,77201,TX,smyattcw@eepurl.com
466,Charil Cadden,90916 Fairfield Street,97075,OR,ccaddencx@etsy.com
467,Gale Rieflin,6212 Brickson Park Pass,33245,FL,grieflincy@oracle.com
468,Stefania Peckham,181 Rowland Terrace,97232,OR,speckhamcz@ycombinator.com
469,Julio McAree,1 Mitchell Center,14639,NY,jmcareed0@twitter.com
470,Brittney Tuckley,614 Upham Center,37924,TN,btuckleyd1@com.com
471,Rowland Vereker,893 Fairview Place,55428,MN,rverekerd2@craigslist.org
472,Clarke Durie,6 Helena Trail,48217,MI,cduried3@archive.org
473,Jaime O'Docherty,12 Morning Street,29615,SC,jodochertyd4@mapquest.com
474,Elizabet Korb,4 Sugar Hill,44393,OH,ekorbd5@usa.gov
475,Minnie Berrie,84344 Northport Court,20205,DC,mberried6@springer.com
476,Orv Scotland,760 Anthes Park,23242,VA,oscotlandd7@parallels.com
477,Vyky Lakes,2519 Maryland Road,92127,CA,vlakesd8@amazon.de
478,Teodorico Martindale,56592 Amoth Parkway,45223,OH,tmartindaled9@github.com
479,Eadmund Rodinger,84 Ilene Junction,55470,MN,erodingerda@simplemachines.org
480,Clive Starte,0 Dayton Street,93381,CA,cstartedb@plala.or.jp
481,Conroy Loeber,2 Morningstar Lane,79105,TX,cloeberdc@upenn.edu
482,Gerome Benn,33 Transport Center,45470,OH,gbenndd@netvibes.com
483,Persis MacFall,555 Prentice Plaza,15255,PA,pmacfallde@howstuffworks.com
484,Micky Imlock,1621 Anhalt Court,01905,MA,mimlockdf@mtv.com
485,Garreth Barritt,68 Anzinger Drive,95150,CA,gbarrittdg@blogspot.com
486,Fidela Mariaud,65515 Judy Hill,80235,CO,fmariauddh@linkedin.com
487,Arden Valente,25 Warner Hill,40220,KY,avalentedi@wufoo.com
488,Noelyn Milverton,7256 Crowley Trail,32825,FL,nmilvertondj@trellian.com
489,Anette Chiverstone,324 Chinook Pass,90065,CA,achiverstonedk@360.cn
490,Jilly Klemps,390 Fulton Road,89595,NV,jklempsdl@nhs.uk
491,Dollie Cast,8 Stang Way,32610,FL,dcastdm@biglobe.ne.jp
492,Hayward Clemmow,167 Macpherson Trail,85705,AZ,hclemmowdn@nyu.edu
493,Rosmunda Bernade,2 Manley Avenue,74149,OK,rbernadedo@i2i.jp
494,Linn Jekel,64 Fulton Way,21282,MD,ljekeldp@discuz.net
495,Callie Towers,55 Donald Court,89115,NV,ctowersdq@cbsnews.com
496,Ryley Dey,0168 Arizona Park,40210,KY,rdeydr@example.com
497,Collete Schieferstein,458 Pawling Hill,63104,MO,cschiefersteinds@rambler.ru
498,Cale Setchell,95247 Coolidge Court,83727,ID,csetchelldt@multiply.com
499,Mireielle Massy,9 Hoard Circle,85040,AZ,mmassydu@nymag.com
500,Dori Twyford,53518 Gateway Plaza,16505,PA,dtwyforddv@washington.edu
501,Joyous Tabour,4687 Golf View Court,80638,CO,jtabourdw@artisteer.com
502,Nannette Cockell,9198 Drewry Center,19146,PA,ncockelldx@livejournal.com
503,Aline Van de Castele,6 Cherokee Junction,29579,SC,avandy@hubpages.com
504,Verge Brehaut,8911 Redwing Circle,01129,MA,vbrehautdz@sitemeter.com
505,Perceval Crab,19500 Artisan Circle,37919,TN,pcrabe0@de.vu
506,Kipp Pasek,617 Bonner Crossing,62205,IL,kpaseke1@yahoo.co.jp
507,Aili Keighley,56989 Northview Hill,90410,CA,akeighleye2@wix.com
508,Celina Curtiss,731 Onsgard Place,71137,LA,ccurtisse3@china.com.cn
509,Marnie Jordison,02499 Carpenter Lane,38188,TN,mjordisone4@admin.ch
510,Jody Barringer,71 Harper Trail,20205,DC,jbarringere5@clickbank.net
511,Henka Hoffner,3 Lunder Street,63167,MO,hhoffnere6@boston.com
512,Annalee Issett,14962 Mosinee Street,47937,IN,aissette7@google.de
513,Barbabra Bertot,7 Tennyson Way,90847,CA,bbertote8@ihg.com
514,Carter Wykey,34 Express Lane,61110,IL,cwykeye9@com.com
515,Diarmid Garwill,4484 Meadow Valley Circle,40293,KY,dgarwillea@comcast.net
516,Briny Ridel,0091 Northland Park,49510,MI,brideleb@aboutads.info
517,Latrena Antrag,00 Mallory Parkway,94522,CA,lantragec@statcounter.com
518,Vivi Arboine,9 Monica Point,34615,FL,varboineed@desdev.cn
519,Tabor Blunden,1172 Tennessee Point,75799,TX,tblundenee@rediff.com
520,Tirrell Dunderdale,8686 Pleasure Circle,33028,FL,tdunderdaleef@booking.com
521,Raphaela Summerson,65 Sycamore Drive,37919,TN,rsummersoneg@domainmarket.com
522,Mac Vivians,0 Farmco Lane,73109,OK,mvivianseh@house.gov
523,Inge Hadlee,37591 Rowland Street,40505,KY,ihadleeei@bandcamp.com
524,Linea Basek,28 Dexter Lane,33111,FL,lbasekej@about.me
525,Reider Yellowley,40 Erie Junction,39282,MS,ryellowleyek@paypal.com
526,Saleem Grunder,65505 Maywood Street,22156,VA,sgrunderel@washington.edu
527,Erastus Caswall,0 Corscot Place,33499,FL,ecaswallem@slashdot.org
528,Bari Bapty,29 Carey Street,15240,PA,bbaptyen@springer.com
529,Tessa Geany,1543 Hazelcrest Center,70183,LA,tgeanyeo@technorati.com
530,Win Allenby,2318 Golden Leaf Alley,78285,TX,wallenbyep@rakuten.co.jp
531,Rich Woodage,514 Pond Drive,93740,CA,rwoodageeq@miibeian.gov.cn
532,Rozanna Linneman,99 Saint Paul Pass,20167,VA,rlinnemaner@ted.com
533,Lina Everiss,322 Eastwood Alley,36109,AL,leverisses@flavors.me
534,Valencia Caddie,78 Village Point,21275,MD,vcaddieet@usgs.gov
535,Chrystal Twigge,548 Twin Pines Center,30386,GA,ctwiggeeu@umich.edu
536,Ketty Gooderidge,2060 Northfield Road,20816,MD,kgooderidgeev@nhs.uk
537,Sibley Beazey,17583 Kennedy Circle,20404,DC,sbeazeyew@histats.com
538,Catharina Aucott,18 6th Avenue,68105,NE,caucottex@moonfruit.com
539,Annadiana Gockeler,9 Montana Crossing,92115,CA,agockelerey@elegantthemes.com
540,Edee Marks,610 Forest Circle,77045,TX,emarksez@usatoday.com
541,Priscella Pickersail,040 Killdeer Avenue,73109,OK,ppickersailf0@desdev.cn
542,Ina Ashlin,38 8th Point,79699,TX,iashlinf1@macromedia.com
543,Nerty Whorlton,9484 Stephen Avenue,92505,CA,nwhorltonf2@vinaora.com
544,Aeriell Fairbrace,89 Raven Pass,92176,CA,afairbracef3@guardian.co.uk
545,Janith Lawman,82494 Gale Plaza,20709,MD,jlawmanf4@washington.edu
546,Thorin Cominoli,440 Granby Lane,94302,CA,tcominolif5@harvard.edu
547,Diane-marie Livick,12 Cottonwood Park,60674,IL,dlivickf6@youtube.com
548,Sly Fagan,50943 Kenwood Junction,85705,AZ,sfaganf7@soundcloud.com
549,Cesare Brehault,01 Linden Avenue,29615,SC,cbrehaultf8@fema.gov
550,Cassie Murrell,1 Crownhardt Crossing,79410,TX,cmurrellf9@tuttocitta.it
551,Gladys Millhouse,239 4th Hill,84152,UT,gmillhousefa@ucla.edu
552,Ameline Dimitrescu,8 Dennis Place,91841,CA,adimitrescufb@redcross.org
553,Ollie Strover,71254 Dixon Point,90060,CA,ostroverfc@boston.com
554,Deanne Croshaw,64529 Iowa Drive,70810,LA,dcroshawfd@mit.edu
555,Mannie Fagence,00 Clemons Circle,45807,OH,mfagencefe@deliciousdays.com
556,Margarethe Yarrow,2 Summerview Drive,33448,FL,myarrowff@independent.co.uk
557,Francis Attwood,463 Shoshone Junction,02905,RI,fattwoodfg@tinypic.com
558,Juan Thornewell,510 Garrison Circle,35263,AL,jthornewellfh@live.com
559,Kelwin Pesak,96 Acker Road,45296,OH,kpesakfi@addthis.com
560,Amelie Webb,939 Oriole Hill,78732,TX,awebbfj@addtoany.com
561,Ardis Hatley,7578 Anderson Point,64114,MO,ahatleyfk@soup.io
562,Cory Fickling,51 Merry Place,88530,TX,cficklingfl@google.fr
563,Carmelia Lear,2 Rieder Hill,18514,PA,clearfm@list-manage.com
564,Beverley Nemchinov,828 Scott Point,89130,NV,bnemchinovfn@topsy.com
565,Nettie Grzelak,298 Brickson Park Circle,76129,TX,ngrzelakfo@slashdot.org
566,Alicia Daborn,793 Hanson Pass,75367,TX,adabornfp@cdbaby.com
567,Hewitt Kynge,47 Merrick Hill,75287,TX,hkyngefq@domainmarket.com
568,Gisele Giaomozzo,915 Summer Ridge Terrace,68531,NE,ggiaomozzofr@scribd.com
569,Burg Middleweek,854 Amoth Terrace,06505,CT,bmiddleweekfs@surveymonkey.com
570,Innis Bertelmot,33 Northfield Way,89130,NV,ibertelmotft@theguardian.com
571,Lorraine Jinkins,3067 Swallow Circle,94126,CA,ljinkinsfu@telegraph.co.uk
572,Percy Mannooch,6595 Superior Drive,98109,WA,pmannoochfv@skyrock.com
573,Vivia Bush,653 Sullivan Way,55565,MN,vbushfw@dyndns.org
574,Ronnica Sandercroft,74895 Elmside Lane,59105,MT,rsandercroftfx@jugem.jp
575,Arliene Pagett,4 Mosinee Hill,29203,SC,apagettfy@hud.gov
576,Ardella Hearnden,908 Westport Place,79118,TX,ahearndenfz@g.co
577,Miner Mudge,727 Bluejay Plaza,47747,IN,mmudgeg0@umich.edu
578,Etan Sindall,4 Quincy Avenue,55436,MN,esindallg1@exblog.jp
579,Corney Bainton,76 Manitowish Crossing,79188,TX,cbaintong2@home.pl
580,Seana Spratley,9178 Pleasure Road,90831,CA,sspratleyg3@github.com
581,Clarinda Brent,65841 Columbus Crossing,08922,NJ,cbrentg4@utexas.edu
582,Joanne Jobling,54 La Follette Pass,20436,DC,jjoblingg5@umn.edu
583,Lenna Leadbetter,4 Rigney Junction,02298,MA,lleadbetterg6@toplist.cz
584,Lazare Doumer,3583 Birchwood Junction,36177,AL,ldoumerg7@free.fr
585,Chloette Witherop,95 Moulton Drive,33141,FL,cwitheropg8@vkontakte.ru
586,Willy Warkup,07078 Carberry Trail,24503,VA,wwarkupg9@timesonline.co.uk
587,Mair Eardley,500 Carioca Road,45414,OH,meardleyga@shop-pro.jp
588,Eberto Kennard,510 Cody Parkway,55123,MN,ekennardgb@reddit.com
589,Jeniece Caudrey,1244 Pine View Street,19120,PA,jcaudreygc@ezinearticles.com
590,Jory Thying,3494 Buena Vista Lane,10606,NY,jthyinggd@businessweek.com
591,Raimondo Bazeley,04940 Eastlawn Court,78210,TX,rbazeleyge@slideshare.net
592,Benito Dando,1 Thierer Place,25709,WV,bdandogf@mtv.com
593,Darbee Scourfield,891 Londonderry Road,24040,VA,dscourfieldgg@xrea.com
594,Joyous Gaye,25 Carberry Circle,20557,DC,jgayegh@statcounter.com
595,Roland McGauhy,9884 Division Park,20041,DC,rmcgauhygi@baidu.com
596,Vernen Tother,355 Transport Park,79905,TX,vtothergj@oracle.com
597,Lucius Woodburn,5383 Dawn Drive,79182,TX,lwoodburngk@51.la
598,Belia Cogswell,7 Charing Cross Parkway,10260,NY,bcogswellgl@uiuc.edu
599,Henrik Jeske,46 Forster Circle,11436,NY,hjeskegm@shinystat.com
600,Milena Lottrington,20 Elka Road,18018,PA,mlottringtongn@howstuffworks.com
601,Edee Papa,7814 Susan Parkway,27658,NC,epapago@google.cn
602,Noby Booi,2214 Center Junction,67205,KS,nbooigp@huffingtonpost.com
603,Jackquelin Overnell,2 Evergreen Parkway,14604,NY,jovernellgq@shutterfly.com
604,Anthe Shitliffe,98 Pankratz Crossing,52804,IA,ashitliffegr@ucoz.com
605,Nerti Bearman,4 Prairieview Park,34102,FL,nbearmangs@hp.com
606,Rae Woollons,1 Glendale Court,28210,NC,rwoollonsgt@gov.uk
607,Rafa Attwood,3953 Laurel Lane,34949,FL,rattwoodgu@unblog.fr
608,Gianni Whittock,421 Swallow Alley,92176,CA,gwhittockgv@purevolume.com
609,Danie Causier,4501 David Park,15235,PA,dcausiergw@sphinn.com
610,Angel Sayse,68699 Quincy Lane,78415,TX,asaysegx@fastcompany.com
611,Hildagarde Huebner,621 Butternut Center,20088,DC,hhuebnergy@arstechnica.com
612,Dagmar Etchell,5 Ronald Regan Road,33153,FL,detchellgz@bing.com
613,Tomas Apted,02 Oriole Trail,55436,MN,taptedh0@bloglovin.com
614,Trueman Given,0 Caliangt Lane,87115,NM,tgivenh1@zdnet.com
615,Aeriell Gudyer,22 Sauthoff Parkway,75037,TX,agudyerh2@bluehost.com
616,Renault Cornewell,3 Susan Alley,76310,TX,rcornewellh3@latimes.com
617,Lorelle Boldry,85311 Lotheville Circle,44329,OH,lboldryh4@irs.gov
618,Anne-marie Bottell,0426 Comanche Crossing,06533,CT,abottellh5@wordpress.org
619,Rollins Dyka,4 Cody Street,29305,SC,rdykah6@timesonline.co.uk
620,Foss Demkowicz,0282 Crownhardt Way,14604,NY,fdemkowiczh7@domainmarket.com
621,Christyna Noteyoung,052 Gina Pass,32575,FL,cnoteyoungh8@comsenz.com
622,Lynnette Curdell,6738 Artisan Way,19136,PA,lcurdellh9@deliciousdays.com
623,Sileas Domelow,70906 Thackeray Plaza,98158,WA,sdomelowha@newsvine.com
624,Kesley Polly,9979 2nd Park,94975,CA,kpollyhb@wordpress.com
625,Gradeigh Rubinowitsch,862 Dottie Center,95823,CA,grubinowitschhc@smugmug.com
626,Georgianne Arch,28974 Lakewood Alley,12232,NY,garchhd@guardian.co.uk
627,Elyse Desantis,71755 Sachtjen Avenue,75037,TX,edesantishe@whitehouse.gov
628,Vallie Andrini,7 Esch Court,85035,AZ,vandrinihf@dell.com
629,Nicol Margarson,8 Myrtle Circle,48670,MI,nmargarsonhg@dedecms.com
630,Harriot Geddes,32573 Carioca Road,88553,TX,hgeddeshh@craigslist.org
631,Atlanta Northedge,62614 Lakewood Gardens Trail,67220,KS,anorthedgehi@weather.com
632,Eolanda Ashwell,1 Badeau Place,27455,NC,eashwellhj@arizona.edu
633,Fabe Kordt,1 Lunder Place,78265,TX,fkordthk@jalbum.net
634,Skipper Crossman,143 2nd Park,70154,LA,scrossmanhl@nifty.com
635,Dalia Oland,47 Pepper Wood Park,53790,WI,dolandhm@google.com.au
636,Nikolos Gatty,0595 Butterfield Park,46216,IN,ngattyhn@hubpages.com
637,Grier Renneke,947 Bluestem Terrace,14614,NY,grennekeho@usa.gov
638,Tyrone Lepope,92225 Lerdahl Pass,32590,FL,tlepopehp@friendfeed.com
639,Darius Crang,89037 Farwell Park,80270,CO,dcranghq@shutterfly.com
640,Prisca Dulin,359 Elmside Avenue,31106,GA,pdulinhr@europa.eu
641,Lilian Lawranson,123 Annamark Parkway,07310,NJ,llawransonhs@flickr.com
642,Kippy Epple,9 Prentice Pass,70883,LA,keppleht@4shared.com
643,Deena Cherry Holme,62682 Namekagon Pass,06183,CT,dcherryhu@live.com
644,Cynthia Coolican,40124 Fuller Plaza,92153,CA,ccoolicanhv@webmd.com
645,Truman Pedrocco,0702 Columbus Terrace,27690,NC,tpedroccohw@cisco.com
646,Waverley Maliffe,83586 Dapin Crossing,30130,GA,wmaliffehx@deliciousdays.com
647,Tad Barten,77741 Gina Street,92844,CA,tbartenhy@sina.com.cn
648,Brigida Sommersett,40 Crownhardt Avenue,88525,TX,bsommersetthz@flavors.me
649,Abeu Frood,4 Meadow Valley Street,33737,FL,afroodi0@networksolutions.com
650,Melesa Boas,3050 Fairview Terrace,35279,AL,mboasi1@tripod.com
651,Marlene Dorro,4083 Lakewood Pass,77025,TX,mdorroi2@baidu.com
652,Jamal Kenan,66 Columbus Trail,66105,KS,jkenani3@google.com
653,Fania Downer,3 Vahlen Parkway,19810,DE,fdowneri4@psu.edu
654,Ennis Dugmore,139 Forest Dale Park,07104,NJ,edugmorei5@phoca.cz
655,Rafferty MacGow,30328 Bunker Hill Crossing,61635,IL,rmacgowi6@163.com
656,Allix A'Barrow,248 Derek Place,80005,CO,aabarrowi7@eventbrite.com
657,Kylynn Flanaghan,5227 Dixon Park,93750,CA,kflanaghani8@japanpost.jp
658,Berton Eburne,230 Nobel Lane,89074,NV,beburnei9@arstechnica.com
659,Mara Antusch,572 Gina Way,32309,FL,mantuschia@addtoany.com
660,Nolie Caraher,42908 Kipling Pass,40596,KY,ncaraherib@google.ca
661,Andrea Sherwen,623 Monument Trail,80305,CO,asherwenic@about.me
662,Massimo Potte,61893 Gale Drive,39705,MS,mpotteid@clickbank.net
663,Abdel Dougherty,84 Del Mar Place,87105,NM,adoughertyie@ovh.net
664,Zuzana Ruprecht,0374 Dixon Pass,20268,DC,zruprechtif@salon.com
665,Janeen Petracco,6918 Cody Plaza,85077,AZ,jpetraccoig@chicagotribune.com
666,Barbi Edwardes,83206 Melvin Hill,79105,TX,bedwardesih@virginia.edu
667,Lonee McKeggie,6 Arizona Hill,19714,DE,lmckeggieii@privacy.gov.au
668,Teddy Acors,71898 Carpenter Circle,53779,WI,tacorsij@odnoklassniki.ru
669,Gelya Cusick,25 Lotheville Hill,78759,TX,gcusickik@scribd.com
670,Keeley Sorbey,3798 Mendota Court,25711,WV,ksorbeyil@accuweather.com
671,Alessandra Lune,14882 Marcy Avenue,28305,NC,aluneim@mayoclinic.com
672,Percival Atwel,6901 2nd Junction,19495,PA,patwelin@washington.edu
673,Meade Kettlewell,4773 Manley Drive,40546,KY,mkettlewellio@gmpg.org
674,Antonino Bitten,40 Goodland Pass,33158,FL,abittenip@tiny.cc
675,Libbie Meiningen,23 Novick Parkway,23242,VA,lmeiningeniq@spotify.com
676,Basilio Widdowes,82 Arizona Point,73179,OK,bwiddowesir@baidu.com
677,Teador Dain,3 Prairie Rose Junction,17126,PA,tdainis@hubpages.com
678,Jami Duignan,589 Fordem Pass,45807,OH,jduignanit@constantcontact.com
679,Stan Drummond,944 Portage Trail,43666,OH,sdrummondiu@google.com.au
680,Blair Minchella,9 Briar Crest Hill,92410,CA,bminchellaiv@baidu.com
681,Crystal Smalman,61 Dennis Plaza,75251,TX,csmalmaniw@clickbank.net
682,Rikki Dorney,16047 Rusk Park,85205,AZ,rdorneyix@howstuffworks.com
683,Giustino Danher,315 Transport Avenue,40576,KY,gdanheriy@mapquest.com
684,Rem Newby,36258 Lillian Center,19886,DE,rnewbyiz@altervista.org
685,Ginevra Scimoni,2388 Lyons Terrace,02216,MA,gscimonij0@example.com
686,Jameson Grob,452 Hagan Crossing,45218,OH,jgrobj1@wired.com
687,Geoff Hacksby,49 Arizona Street,60614,IL,ghacksbyj2@imageshack.us
688,Lyndell Olyfat,3887 Dawn Way,83722,ID,lolyfatj3@meetup.com
689,Caryn McRitchie,55 Anzinger Point,80204,CO,cmcritchiej4@simplemachines.org
690,Blanca Cheavin,4 Stang Alley,91186,CA,bcheavinj5@blogger.com
691,Hazel Redwing,03 Union Alley,20575,DC,hredwingj6@paginegialle.it
692,Sylas Coleford,30 Bluejay Trail,49048,MI,scolefordj7@cafepress.com
693,Sallyanne Basketter,19249 Badeau Parkway,31196,GA,sbasketterj8@google.ru
694,Valeda Thorsby,5460 Crest Line Circle,15235,PA,vthorsbyj9@tmall.com
695,Eachelle Slaten,6 Rieder Pass,01114,MA,eslatenja@java.com
696,Cris McReedy,9 Redwing Road,32819,FL,cmcreedyjb@reddit.com
697,Orsola Death,829 Crescent Oaks Lane,68510,NE,odeathjc@ibm.com
698,Karola Luc,07 Toban Park,78754,TX,klucjd@github.io
699,Angelia Rosenbush,4765 Kedzie Center,35220,AL,arosenbushje@tmall.com
700,Zedekiah Bussel,42 Gale Drive,94245,CA,zbusseljf@youtube.com
701,Jackqueline Corston,378 Dakota Plaza,33605,FL,jcorstonjg@miitbeian.gov.cn
702,Jilly Schaffel,0662 Bonner Court,10039,NY,jschaffeljh@theatlantic.com
703,Ashlan Edowes,699 Loomis Street,45454,OH,aedowesji@plala.or.jp
704,Valene Bridal,22057 Lakeland Street,20167,VA,vbridaljj@smh.com.au
705,Timi Keniwell,0 Heffernan Avenue,75216,TX,tkeniwelljk@wordpress.org
706,Dennison Elves,22 Welch Center,33129,FL,delvesjl@diigo.com
707,Artie Skellon,62876 Truax Park,15134,PA,askellonjm@slate.com
708,Vidovic Pashba,1576 Rowland Place,78769,TX,vpashbajn@google.fr
709,Evanne Kneesha,25136 Pepper Wood Circle,94110,CA,ekneeshajo@qq.com
710,Edgar Rushmere,69 Autumn Leaf Point,22096,VA,erushmerejp@ft.com
711,Lenna Madre,474 Sloan Junction,22301,VA,lmadrejq@zdnet.com
712,Rosemarie Garrioch,64006 Ruskin Lane,94132,CA,rgarriochjr@virginia.edu
713,Fionna Withull,956 Corscot Plaza,35279,AL,fwithulljs@amazon.com
714,Letta Banes,7 Crowley Trail,35231,AL,lbanesjt@networkadvertising.org
715,Kelsi Sydall,7 Hooker Drive,10305,NY,ksydallju@hexun.com
716,Montgomery Bugg,39 Sommers Place,97221,OR,mbuggjv@archive.org
717,Kaiser Inggall,95293 Burrows Way,94154,CA,kinggalljw@flickr.com
718,Ermentrude Elan,38 Bashford Trail,32819,FL,eelanjx@goo.gl
719,Jacklin Biasini,9 Tomscot Hill,97232,OR,jbiasinijy@ibm.com
720,Fredericka Palatino,90040 Pine View Street,94132,CA,fpalatinojz@statcounter.com
721,Esta Llewhellin,333 Prairieview Place,11044,NY,ellewhellink0@storify.com
722,Debee Sparsholt,064 Lakewood Gardens Street,38188,TN,dsparsholtk1@icq.com
723,Susanne Letterick,3 Golf View Pass,33647,FL,sletterickk2@edublogs.org
724,Goldarina Coning,9 Summerview Lane,44105,OH,gconingk3@hhs.gov
725,Jenica Oldacre,08 Clarendon Center,40225,KY,joldacrek4@1688.com
726,Denise Tidmarsh,4 Londonderry Lane,80270,CO,dtidmarshk5@vinaora.com
727,Jacquelynn Petticrew,41 American Pass,02124,MA,jpetticrewk6@tinyurl.com
728,Reina Pidcock,14 Ludington Way,39505,MS,rpidcockk7@boston.com
729,Baillie Marte,4090 Menomonie Center,77293,TX,bmartek8@nyu.edu
730,Florette Henrych,66857 Westerfield Crossing,79764,TX,fhenrychk9@pagesperso-orange.fr
731,Devlin Pillifant,76728 Moland Alley,92110,CA,dpillifantka@va.gov
732,Marlon Caban,81 Bayside Lane,77705,TX,mcabankb@hp.com
733,Fern Ditter,2516 Springview Lane,85077,AZ,fditterkc@people.com.cn
734,Gan Archibold,966 Stone Corner Parkway,15266,PA,garchiboldkd@howstuffworks.com
735,Barr Bassett,73230 Nancy Drive,44329,OH,bbassettke@theguardian.com
736,Ammamaria Scud,2540 Barby Center,23514,VA,ascudkf@tamu.edu
737,Inglebert Rodrigues,31854 Hintze Terrace,16522,PA,irodrigueskg@mozilla.com
738,Kristo Varley,349 Bashford Park,70820,LA,kvarleykh@hibu.com
739,Yoshi Pinke,00 Northfield Street,20099,DC,ypinkeki@facebook.com
740,Erek Stapele,431 Lillian Road,99252,WA,estapelekj@e-recht24.de
741,Con Barrus,39516 Burning Wood Plaza,12210,NY,cbarruskk@dyndns.org
742,Monro Kolodziejski,5 Forest Plaza,92883,CA,mkolodziejskikl@imgur.com
743,Adda Antonignetti,684 Acker Place,80045,CO,aantonignettikm@devhub.com
744,Lind Bedbrough,8385 Gale Center,11044,NY,lbedbroughkn@dion.ne.jp
745,Horst Terrans,75844 Sage Road,20851,MD,hterransko@123-reg.co.uk
746,Hyacinthia Cristofor,6949 Troy Point,79945,TX,hcristoforkp@elpais.com
747,Clarence Tidey,892 Goodland Alley,77060,TX,ctideykq@ezinearticles.com
748,Douglas Arnot,7314 Forster Lane,90040,CA,darnotkr@oracle.com
749,Ewart Basley,9 Dexter Crossing,55423,MN,ebasleyks@google.ru
750,Benjy Randales,11603 Forest Parkway,19495,PA,brandaleskt@storify.com
751,Angeli McEllen,313 East Park,78470,TX,amcellenku@creativecommons.org
752,Jilleen Pettko,9915 Sloan Parkway,33448,FL,jpettkokv@hubpages.com
753,Kelly Cramp,2416 Welch Way,76210,TX,kcrampkw@clickbank.net
754,Christalle Biner,3 American Place,11044,NY,cbinerkx@facebook.com
755,Jennica Ellens,17 Corscot Place,71307,LA,jellensky@reverbnation.com
756,Karl Cady,6537 Debra Place,62756,IL,kcadykz@cnn.com
757,Kayla Prozescky,109 Swallow Terrace,96845,HI,kprozesckyl0@github.com
758,Arlan Kiendl,6976 Lotheville Junction,38114,TN,akiendll1@illinois.edu
759,Hank Crellin,680 Mifflin Road,43284,OH,hcrellinl2@bing.com
760,Armand Meriot,79134 Dovetail Way,32520,FL,ameriotl3@nba.com
761,Clyve Cabel,7 Golf Course Parkway,44329,OH,ccabell4@tripod.com
762,Eleanore Eayres,790 Fremont Avenue,33625,FL,eeayresl5@xinhuanet.com
763,Kathie Shuttle,105 Hayes Place,37924,TN,kshuttlel6@shutterfly.com
764,Hewie Huriche,1731 Judy Circle,21265,MD,hhurichel7@360.cn
765,Hardy Hynd,8 1st Terrace,19141,PA,hhyndl8@deviantart.com
766,Muffin Gane,57826 Holmberg Street,32118,FL,mganel9@goo.gl
767,Karlen Ricci,477 Ronald Regan Junction,75049,TX,kriccila@wisc.edu
768,Anya Gilvear,5 Ryan Terrace,99512,AK,agilvearlb@nhs.uk
769,Mikkel Liddicoat,6002 Atwood Trail,14220,NY,mliddicoatlc@vk.com
770,Aleece Hearl,0398 Anniversary Park,20310,DC,ahearlld@vkontakte.ru
771,Carolina Veryard,614 Becker Pass,77271,TX,cveryardle@yellowpages.com
772,Dorri Gomersal,72 Esch Way,08922,NJ,dgomersallf@amazon.com
773,Pavel Dickerson,7466 Red Cloud Plaza,12210,NY,pdickersonlg@imdb.com
774,Carling Tattersdill,24776 Northridge Terrace,20442,DC,ctattersdilllh@nifty.com
775,Jens Hayward,952 Arizona Drive,20260,DC,jhaywardli@ask.com
776,Krishna Gwyn,659 3rd Point,78789,TX,kgwynlj@yolasite.com
777,Janie Monketon,7 Oriole Drive,77806,TX,jmonketonlk@timesonline.co.uk
778,Hube Sheridan,5375 Shelley Street,35254,AL,hsheridanll@europa.eu
779,Jenny Beiderbecke,1866 Sachs Junction,32236,FL,jbeiderbeckelm@buzzfeed.com
780,Shani Wilbud,3 Tomscot Junction,40524,KY,swilbudln@shop-pro.jp
781,Joelynn Hansod,5375 Burrows Alley,93704,CA,jhansodlo@census.gov
782,Olympe Haisell,82389 Lake View Road,91505,CA,ohaiselllp@vk.com
783,Bobbee Bernon,38711 Nova Circle,29411,SC,bbernonlq@nyu.edu
784,Gordie Farland,0 Stoughton Alley,20215,DC,gfarlandlr@businessweek.com
785,Phaidra Rablin,85 Crowley Avenue,97312,OR,prablinls@adobe.com
786,Levin Hurdle,1 Upham Park,20557,DC,lhurdlelt@weather.com
787,Arne Gillcrist,7 Service Point,20470,DC,agillcristlu@homestead.com
788,Guenevere Duplan,25963 Mesta Hill,19805,DE,gduplanlv@google.es
789,Jehu Dawtry,16 Hooker Court,20238,DC,jdawtrylw@mapy.cz
790,Krystyna Crumpton,008 Mayer Junction,20195,VA,kcrumptonlx@msn.com
791,Melamie Guarin,41 Vidon Pass,94142,CA,mguarinly@utexas.edu
792,Rance Nicholas,008 Thierer Pass,89130,NV,rnicholaslz@zdnet.com
793,Enrichetta Raselles,13080 Karstens Court,77713,TX,erasellesm0@seesaa.net
794,Westbrooke Hanny,71964 Sherman Avenue,17121,PA,whannym1@simplemachines.org
795,Jasmina Laurencot,57 Bunting Pass,32825,FL,jlaurencotm2@xing.com
796,Eleonore Narup,73817 Mifflin Junction,55166,MN,enarupm3@gravatar.com
797,Nadiya Prendergrast,03504 Spenser Court,61635,IL,nprendergrastm4@skyrock.com
798,Marshall Rayhill,98 Clove Trail,55590,MN,mrayhillm5@indiegogo.com
799,Kristan Balmann,56 Chive Terrace,06505,CT,kbalmannm6@pbs.org
800,Hort Attiwill,1710 Donald Court,79188,TX,hattiwillm7@mozilla.org
801,Keelby O'Gavin,5295 Armistice Circle,77343,TX,kogavinm8@independent.co.uk
802,Lawton Woolrich,37057 Eagle Crest Terrace,10184,NY,lwoolrichm9@smh.com.au
803,Nanice Riddiough,8 Evergreen Park,37995,TN,nriddioughma@china.com.cn
804,Franchot Berston,526 Eastwood Avenue,10270,NY,fberstonmb@vk.com
805,Olenka McPhillips,34478 East Lane,62776,IL,omcphillipsmc@fema.gov
806,Daniela Sarvar,95591 Menomonie Terrace,95397,CA,dsarvarmd@guardian.co.uk
807,Hershel Conner,4493 Dawn Lane,80209,CO,hconnerme@pagesperso-orange.fr
808,Claudio Cobby,92529 Crescent Oaks Alley,10260,NY,ccobbymf@ezinearticles.com
809,Solly Ilewicz,32423 Paget Place,18018,PA,silewiczmg@businessinsider.com
810,Courtney Mutlow,72591 Rockefeller Avenue,10165,NY,cmutlowmh@google.nl
811,Giraud Blindt,04 Crescent Oaks Avenue,02109,MA,gblindtmi@pagesperso-orange.fr
812,Marcelo Lansdown,364 Thackeray Parkway,32511,FL,mlansdownmj@google.com.hk
813,Magdaia Cuphus,745 Colorado Crossing,33954,FL,mcuphusmk@zimbio.com
814,Chrisse Lineen,51113 Loeprich Alley,84170,UT,clineenml@nifty.com
815,Marlowe Scantlebury,36 Express Pass,94616,CA,mscantleburymm@geocities.com
816,Othella Billam,1632 Clarendon Parkway,33034,FL,obillammn@blogspot.com
817,Katalin Warters,487 Schlimgen Circle,23203,VA,kwartersmo@godaddy.com
818,Ruthanne Penvarden,1295 Nelson Terrace,33111,FL,rpenvardenmp@slideshare.net
819,Alicea Poter,939 Sherman Trail,94164,CA,apotermq@indiegogo.com
820,Loydie Dracey,300 Forest Road,15230,PA,ldraceymr@fc2.com
821,Amber Olivari,55463 Barnett Street,28247,NC,aolivarims@sciencedaily.com
822,Ramsay Mityushin,96546 Messerschmidt Lane,54305,WI,rmityushinmt@gravatar.com
823,Linn Gebby,12 Anniversary Drive,78721,TX,lgebbymu@tmall.com
824,Rhoda Boyd,55 Dovetail Junction,35290,AL,rboydmv@tripadvisor.com
825,Billie Andrick,745 Troy Park,29579,SC,bandrickmw@gmpg.org
826,Jillie Cowlam,9 Arrowood Road,51110,IA,jcowlammx@pbs.org
827,Ertha Foulis,14742 Dahle Alley,66276,KS,efoulismy@ucoz.com
828,Mordy Corrado,5 Gulseth Terrace,94544,CA,mcorradomz@senate.gov
829,Lonnie Boatwright,0209 Lien Terrace,94105,CA,lboatwrightn0@constantcontact.com
830,Braden Mapples,35 Westerfield Court,91109,CA,bmapplesn1@paypal.com
831,Hyatt Dimnage,90 Longview Park,79176,TX,hdimnagen2@issuu.com
832,Rudolph Vassano,53 Rieder Way,85099,AZ,rvassanon3@bbc.co.uk
833,Romona Rabbatts,6975 Rutledge Junction,33330,FL,rrabbattsn4@geocities.jp
834,Percy Wych,014 Garrison Place,28272,NC,pwychn5@purevolume.com
835,Gerek Kubes,44913 Katie Place,76011,TX,gkubesn6@forbes.com
836,Nannie Bould,9442 Delladonna Avenue,84145,UT,nbouldn7@printfriendly.com
837,Georgette Worsam,3985 Mesta Place,48550,MI,gworsamn8@irs.gov
838,Gayler Craythorn,350 Knutson Court,45271,OH,gcraythornn9@trellian.com
839,Shurlock Warnock,2 Coolidge Point,40205,KY,swarnockna@unicef.org
840,Rorke Poff,38866 Del Mar Trail,10165,NY,rpoffnb@sina.com.cn
841,Rowe Mauger,32589 Roth Crossing,37215,TN,rmaugernc@networksolutions.com
842,Steward Churching,35 Southridge Parkway,66606,KS,schurchingnd@pbs.org
843,Ruthann Butchart,2 Crownhardt Point,92619,CA,rbutchartne@epa.gov
844,Sherline Sadry,0936 Fieldstone Trail,64187,MO,ssadrynf@shop-pro.jp
845,Lilllie Spurdon,362 Jackson Alley,50330,IA,lspurdonng@sohu.com
846,Vivyan Hugh,5356 Birchwood Junction,94164,CA,vhughnh@ucoz.com
847,Derek Bartholin,117 Burning Wood Way,47725,IN,dbartholinni@elpais.com
848,Quinn Revely,800 Walton Place,80126,CO,qrevelynj@tripadvisor.com
849,Mommy Yurevich,4880 Crest Line Trail,83705,ID,myurevichnk@symantec.com
850,Zoe Katte,7 Troy Alley,88579,TX,zkattenl@facebook.com
851,Betsey Marzelo,7596 Arapahoe Way,18018,PA,bmarzelonm@nasa.gov
852,Matty Sanpere,2174 Rieder Plaza,53779,WI,msanperenn@4shared.com
853,Jaimie Kynge,56017 Golf View Plaza,75323,TX,jkyngeno@issuu.com
854,Bobbye Jillions,076 Sherman Terrace,89505,NV,bjillionsnp@rakuten.co.jp
855,Brena Makin,4 Maryland Alley,77228,TX,bmakinnq@accuweather.com
856,Gustavus Swinerd,73 Bartillon Parkway,97221,OR,gswinerdnr@hibu.com
857,Lisabeth Millam,817 Becker Junction,89436,NV,lmillamns@eepurl.com
858,Rafael Borthe,5020 Brentwood Lane,14215,NY,rborthent@webs.com
859,Tyler Denington,70300 Spohn Point,79710,TX,tdeningtonnu@umn.edu
860,Garner Kerfod,438 Pankratz Center,44177,OH,gkerfodnv@alexa.com
861,Thea McKeighen,5 Boyd Way,61635,IL,tmckeighennw@arizona.edu
862,Marigold Viveash,33 Lakewood Gardens Junction,20566,DC,mviveashnx@usda.gov
863,Abigael Bonfield,77087 Buhler Alley,23277,VA,abonfieldny@google.com.hk
864,Kikelia MacDonagh,52 Forest Dale Avenue,55905,MN,kmacdonaghnz@bing.com
865,Rosalia Addington,7 Washington Point,94622,CA,raddingtono0@w3.org
866,Jaquenette Lilley,26225 Corry Lane,23514,VA,jlilleyo1@weibo.com
867,Breanne Nisot,81990 Del Mar Center,78715,TX,bnisoto2@harvard.edu
868,Leon Marple,2 Thompson Junction,81005,CO,lmarpleo3@toplist.cz
869,Salomo Massey,0202 Spaight Center,17405,PA,smasseyo4@imdb.com
870,Hermine L'Hommeau,0170 Cascade Trail,77206,TX,hlhommeauo5@meetup.com
871,Townie Brunton,21 Debs Terrace,73114,OK,tbruntono6@cbc.ca
872,Starr Watkiss,302 Sugar Lane,33625,FL,swatkisso7@ameblo.jp
873,Ashia Alwood,57 Nova Pass,62756,IL,aalwoodo8@webs.com
874,Con Guppey,180 Northland Park,78265,TX,cguppeyo9@blogtalkradio.com
875,Gradeigh Wotton,629 8th Pass,95833,CA,gwottonoa@icio.us
876,Consolata Ingleton,571 Prairie Rose Place,30905,GA,cingletonob@infoseek.co.jp
877,Marshall Rhymer,34 Main Plaza,88525,TX,mrhymeroc@studiopress.com
878,Lorelei Grass,7738 Anthes Plaza,94913,CA,lgrassod@bing.com
879,Claudian Itzkowicz,9 South Center,11236,NY,citzkowiczoe@amazon.com
880,Silvano Sconce,7039 Anderson Parkway,88006,NM,ssconceof@multiply.com
881,Flem Zammitt,20879 Monica Trail,22205,VA,fzammittog@fc2.com
882,Gibby Braybrooks,27 Nobel Pass,63126,MO,gbraybrooksoh@cloudflare.com
883,Edy Housaman,12428 Loftsgordon Avenue,44130,OH,ehousamanoi@ft.com
884,Micah McNern,80928 Spenser Pass,76210,TX,mmcnernoj@rediff.com
885,Albertine Han,4 Hooker Street,93750,CA,ahanok@time.com
886,Carl Rideout,7999 Mosinee Street,75367,TX,crideoutol@networkadvertising.org
887,Ermentrude Scorah,817 Vera Street,37131,TN,escorahom@wp.com
888,Lulita Jonson,505 Clyde Gallagher Point,32128,FL,ljonsonon@dropbox.com
889,Ashla O'Farris,6 Westend Trail,60505,IL,aofarrisoo@php.net
890,Marla Conrard,487 Stone Corner Plaza,93150,CA,mconrardop@npr.org
891,Karie Pasek,59788 Atwood Park,37250,TN,kpasekoq@tmall.com
892,Valentijn Treneer,53 Hoffman Hill,19146,PA,vtreneeror@w3.org
893,Mandie Luckman,55 Hudson Center,29424,SC,mluckmanos@kickstarter.com
894,Holt Clapton,1 Dixon Hill,30506,GA,hclaptonot@photobucket.com
895,Prudy Bohje,42737 Carioca Way,92191,CA,pbohjeou@unblog.fr
896,Oby McKintosh,5242 Schiller Junction,72118,AR,omckintoshov@surveymonkey.com
897,Adam Leyfield,197 Saint Paul Drive,78044,TX,aleyfieldow@uiuc.edu
898,Base Snuggs,2332 Fisk Avenue,95133,CA,bsnuggsox@themeforest.net
899,Adela Swayne,889 Northfield Street,89550,NV,aswayneoy@cocolog-nifty.com
900,Wolfgang Quarles,83 Holy Cross Plaza,48217,MI,wquarlesoz@mozilla.com
901,Susanna Langabeer,66 Emmet Terrace,01129,MA,slangabeerp0@blogspot.com
902,Fanny Thomasset,32 Cottonwood Road,02458,MA,fthomassetp1@springer.com
903,Jared McKimmie,3529 Sunbrook Place,91406,CA,jmckimmiep2@state.gov
904,Ingar Stitch,9455 Petterle Parkway,37235,TN,istitchp3@i2i.jp
905,Base Manshaw,22131 Messerschmidt Drive,76115,TX,bmanshawp4@youtu.be
906,Kalindi Northeast,30 Clemons Parkway,94245,CA,knortheastp5@dedecms.com
907,Clarie Gouinlock,46858 Artisan Court,80209,CO,cgouinlockp6@amazon.com
908,Zandra Pipworth,93 Dwight Street,49444,MI,zpipworthp7@hibu.com
909,Lynnette Boutcher,1234 Lillian Road,36628,AL,lboutcherp8@typepad.com
910,Anderea Greenset,52 Messerschmidt Pass,10060,NY,agreensetp9@house.gov
911,Augusto Wartnaby,769 Scott Street,93762,CA,awartnabypa@omniture.com
912,Maris Cristofolini,69570 Dawn Plaza,70616,LA,mcristofolinipb@wikia.com
913,Rodi Jayne,720 Loeprich Avenue,20215,DC,rjaynepc@example.com
914,Dallas Fadden,5 Forster Avenue,47747,IN,dfaddenpd@ucla.edu
915,Euell Cuncliffe,2010 Monterey Terrace,02109,MA,ecuncliffepe@comcast.net
916,Chandra Cavee,15 Shoshone Place,15210,PA,ccaveepf@indiegogo.com
917,Velma Ferreres,12608 Scoville Place,55805,MN,vferrerespg@ehow.com
918,Dalt Couling,50254 Thompson Park,40591,KY,dcoulingph@godaddy.com
919,Aarika Cadney,43561 Maywood Plaza,27455,NC,acadneypi@wufoo.com
920,Matias Zebedee,1350 Graceland Terrace,19120,PA,mzebedeepj@mit.edu
921,Ivy Chatelain,25 Forest Run Place,08650,NJ,ichatelainpk@symantec.com
922,Katinka Woolliams,8 Haas Parkway,10249,NY,kwoolliamspl@tuttocitta.it
923,Ebonee Faraker,926 Mockingbird Pass,97216,OR,efarakerpm@cdbaby.com
924,Miranda Offer,4 Badeau Alley,20904,MD,mofferpn@nymag.com
925,Thorvald Jimpson,83 Scoville Trail,33069,FL,tjimpsonpo@walmart.com
926,Jacquetta Napleton,6 Hoard Road,80935,CO,jnapletonpp@weibo.com
927,Ferrell Wisher,80 Surrey Way,94611,CA,fwisherpq@chron.com
928,Gamaliel Powlesland,3 New Castle Lane,53785,WI,gpowleslandpr@yahoo.co.jp
929,Filia Newnham,4099 Scott Drive,85067,AZ,fnewnhamps@reuters.com
930,Kaile Seemmonds,96 Donald Street,25305,WV,kseemmondspt@lycos.com
931,Steve Cassedy,2 Lillian Trail,28289,NC,scassedypu@4shared.com
932,Shaw Sanbrooke,144 Spaight Point,64187,MO,ssanbrookepv@uol.com.br
933,Lorri Hamberston,801 Independence Pass,13210,NY,lhamberstonpw@addthis.com
934,Stanislas Tidbold,6 Sachs Terrace,50330,IA,stidboldpx@kickstarter.com
935,Tiffy Clardge,30 Elgar Hill,98133,WA,tclardgepy@weather.com
936,Sibyl Oganesian,99301 Cherokee Terrace,95118,CA,soganesianpz@si.edu
937,Merlina Stanner,55 Logan Pass,34290,FL,mstannerq0@canalblog.com
938,Micheline Brookton,8841 Caliangt Hill,07104,NJ,mbrooktonq1@ning.com
939,Staffard Franceschielli,682 Kings Junction,07188,NJ,sfranceschielliq2@eventbrite.com
940,Damara Wrathall,6446 Donald Trail,90831,CA,dwrathallq3@amazon.de
941,Valle Narey,1 Bultman Circle,88589,TX,vnareyq4@weibo.com
942,Malorie Gelling,5 Transport Junction,30610,GA,mgellingq5@furl.net
943,Gert Kippie,558 Golf Avenue,36109,AL,gkippieq6@nih.gov
944,Nat Epsly,7648 Boyd Plaza,55905,MN,nepslyq7@blinklist.com
945,Larina Meaking,358 Oriole Terrace,29615,SC,lmeakingq8@mtv.com
946,Bert Spearett,5036 Roxbury Court,76905,TX,bspearettq9@msn.com
947,Lenee Hunnicutt,91772 Prentice Plaza,17121,PA,lhunnicuttqa@newyorker.com
948,Caryl McKew,309 Warner Junction,40591,KY,cmckewqb@usda.gov
949,Adelaide Crayker,809 Butternut Hill,33610,FL,acraykerqc@unesco.org
950,Ewan MacKean,7 Heffernan Court,85754,AZ,emackeanqd@newsvine.com
951,Ange Hallums,279 Pond Park,70826,LA,ahallumsqe@noaa.gov
952,Izaak Abilowitz,50 Bobwhite Crossing,40280,KY,iabilowitzqf@cmu.edu
953,Maridel Clayhill,02 Manley Way,14220,NY,mclayhillqg@slashdot.org
954,Lorry Wearn,320 Meadow Ridge Circle,05609,VT,lwearnqh@army.mil
955,Larissa Cresar,0092 Kennedy Way,94237,CA,lcresarqi@weather.com
956,Janey Dubber,48 Ilene Hill,78783,TX,jdubberqj@icq.com
957,Carolyn Berrey,2276 Sutteridge Court,65110,MO,cberreyqk@lulu.com
958,Verile Blaxter,00 Atwood Street,40576,KY,vblaxterql@oaic.gov.au
959,Dennie Nanetti,81 Dennis Place,32868,FL,dnanettiqm@miibeian.gov.cn
960,Meade Dinwoodie,43133 Waxwing Parkway,45296,OH,mdinwoodieqn@utexas.edu
961,Lira Lyokhin,987 Longview Place,74116,OK,llyokhinqo@telegraph.co.uk
962,Katharina Hurll,462 Arrowood Parkway,53785,WI,khurllqp@cdc.gov
963,Anette Dodgshon,70275 Warner Park,89595,NV,adodgshonqq@adobe.com
964,Arabele Swafford,17 Ronald Regan Trail,65898,MO,aswaffordqr@engadget.com
965,Aeriell Taggerty,4713 Petterle Point,94207,CA,ataggertyqs@shop-pro.jp
966,Cyril Roocroft,5 Eggendart Road,02298,MA,croocroftqt@disqus.com
967,Clo Beushaw,96 Anhalt Place,45243,OH,cbeushawqu@diigo.com
968,Heath Goodlake,7 Macpherson Road,33620,FL,hgoodlakeqv@netvibes.com
969,Mickie Alexsandrev,1 Bartillon Way,11254,NY,malexsandrevqw@jigsy.com
970,Marcelia Klaggeman,9964 Acker Drive,02905,RI,mklaggemanqx@shutterfly.com
971,Harlan McGeown,893 Mockingbird Alley,47134,IN,hmcgeownqy@umn.edu
972,Garnette Tettley,46 Messerschmidt Center,55470,MN,gtettleyqz@buzzfeed.com
973,Myrtia Jacobsson,9392 High Crossing Place,29220,SC,mjacobssonr0@deliciousdays.com
974,Woodie Fairpo,5 Springs Street,29411,SC,wfairpor1@goodreads.com
975,Stefano Spridgen,5 Mallard Center,78769,TX,sspridgenr2@vk.com
976,Alex Rich,63710 Algoma Avenue,10705,NY,arichr3@odnoklassniki.ru
977,Terri Comazzo,82 Fremont Alley,02109,MA,tcomazzor4@about.me
978,Shae Wickman,5 Algoma Terrace,59112,MT,swickmanr5@amazon.co.jp
979,Giralda Mitro,84 Tennessee Plaza,55436,MN,gmitror6@webnode.com
980,Lutero Geere,4598 Anniversary Place,49518,MI,lgeerer7@telegraph.co.uk
981,Daloris Allday,231 Summit Way,68179,NE,dalldayr8@samsung.com
982,Everard Prott,38186 Onsgard Parkway,76505,TX,eprottr9@webmd.com
983,Kin Carrabott,4795 Mcguire Hill,60078,IL,kcarrabottra@disqus.com
984,Billy Baud,26 Dorton Avenue,02216,MA,bbaudrb@smugmug.com
985,Sheffield Mordin,68322 Lunder Lane,96810,HI,smordinrc@youtu.be
986,Munroe Kalisch,80352 Straubel Pass,44125,OH,mkalischrd@kickstarter.com
987,Kelli McCoughan,2 Bobwhite Place,33758,FL,kmccoughanre@wordpress.com
988,Lizabeth Gamwell,7 Monica Hill,94975,CA,lgamwellrf@youku.com
989,Issy Furmage,7 Haas Road,92165,CA,ifurmagerg@purevolume.com
990,Chicky McCurlye,262 Merry Alley,10150,NY,cmccurlyerh@issuu.com
991,Mitzi Sleigh,57742 Farragut Street,89436,NV,msleighri@businessinsider.com
992,Kacie Perfili,556 Utah Park,72916,AR,kperfilirj@yellowbook.com
993,Otis Shwalbe,57 Towne Junction,20566,DC,oshwalberk@infoseek.co.jp
994,Farra Mandres,8117 Ridge Oak Crossing,39236,MS,fmandresrl@yandex.ru
995,Bette Chape,08216 Burrows Place,46254,IN,bchaperm@admin.ch
996,Shermy Gorham,494 David Hill,73179,OK,sgorhamrn@oracle.com
997,Gerianna Perago,1 Grim Plaza,33345,FL,gperagoro@vinaora.com
998,Vincenty Colbert,3 Dovetail Crossing,52245,IA,vcolbertrp@phoca.cz
999,Pearl Trevan,43541 Kipling Junction,83206,ID,ptrevanrq@plala.or.jp
1000,Harwell Killner,78363 Green Trail,77713,TX,hkillnerrr@parallels.com
