id,name,address,zipcode,state,email
1,Bartel Surgood,78696 Stone Corner Road,78235,TX,bsurgood0@gravatar.com
2,Melanie Anfrey,339 Elka Road,98411,WA,manfrey1@wikispaces.com
3,Charin Archibald,894 La Follette Center,85062,AZ,carchibald2@go.com
4,Merwin Woodburne,92225 Aberg Road,31136,GA,mwoodburne3@skyrock.com
5,Cece Shepley,556 Ilene Trail,37245,TN,cshepley4@about.com
6,Thor Leaman,761 Fairfield Drive,52410,IA,tleaman5@discuz.net
7,Murry Berthelet,150 Golf Course Junction,83716,ID,mberthelet6@latimes.com
8,Dennet Reaper,8 Knutson Crossing,85005,AZ,dreaper7@statcounter.com
9,Theresita Tejada,3261 Beilfuss Way,55448,MN,ttejada8@tinyurl.com
10,Quincey Spraggs,2 Ramsey Point,49560,MI,qspraggs9@mlb.com
11,Hamish Schenkel,8033 Rigney Terrace,38136,TN,hschenkela@techcrunch.com
12,Rodolph Antonopoulos,27336 Utah Place,15250,PA,rantonopoulosb@webs.com
13,Klemens De Vaan,57 Chinook Road,44197,OH,kdec@technorati.com
14,Nathanial Ryman,9040 Northwestern Park,06721,CT,nrymand@soundcloud.com
15,Kellie Du Hamel,258 Heath Place,53210,WI,kdue@hubpages.com
16,La verne Blackler,32015 Columbus Court,47705,IN,lvernef@photobucket.com
17,Amabelle Stanyland,40930 Crescent Oaks Road,46825,IN,astanylandg@slashdot.org
18,Will Crilly,60529 Bultman Place,79968,TX,wcrillyh@abc.net.au
19,Amandi Lawey,9 Washington Circle,34102,FL,alaweyi@goo.ne.jp
20,Gan Schonfeld,539 Roth Pass,90510,CA,gschonfeldj@rediff.com
21,Dal Westwick,165 Grayhawk Junction,33994,FL,dwestwickk@usatoday.com
22,Lyon Pepper,58 Evergreen Lane,94291,CA,lpepperl@blogspot.com
23,Price Nelthropp,73072 Summer Ridge Junction,93407,CA,pnelthroppm@unc.edu
24,Randal Percifull,782 Bowman Drive,11854,NY,rpercifulln@sakura.ne.jp
25,Early Dory,08 Sycamore Junction,87180,NM,edoryo@cisco.com
26,Chan Wheatland,12 Trailsway Trail,33355,FL,cwheatlandp@ox.ac.uk
27,Antone Maior,9 Ilene Drive,55805,MN,amaiorq@soup.io
28,Wyatan Hammerberger,4906 Johnson Place,79188,TX,whammerbergerr@mozilla.com
29,Jefferson Sollon,837 Everett Alley,19131,PA,jsollons@dedecms.com
30,Webster Halgarth,420 Huxley Center,77266,TX,whalgartht@fda.gov
31,Sunshine Bowley,53 Loomis Plaza,85015,AZ,sbowleyu@1688.com
32,Korney Northway,929 Utah Alley,70005,LA,knorthwayv@time.com
33,Giralda Ganny,47 Petterle Center,15215,PA,ggannyw@nasa.gov
34,Regine Pellett,13 Arizona Avenue,57110,SD,rpellettx@aol.com
35,Barny Dodle,7 Eastlawn Point,68124,NE,bdodley@wsj.com
36,Kirby D'Agostino,508 Kenwood Junction,94116,CA,kdagostinoz@timesonline.co.uk
37,Mohammed Calveley,7 Clemons Crossing,75372,TX,mcalveley10@usda.gov
38,Dasha Staner,9258 Lindbergh Street,19131,PA,dstaner11@yahoo.com
39,Brnaby Gaw,4321 Huxley Parkway,50335,IA,bgaw12@networksolutions.com
40,Charis Pahlsson,700 Dorton Parkway,27605,NC,cpahlsson13@cnbc.com
41,Abbe Abramino,14 Clyde Gallagher Street,88541,TX,aabramino14@unicef.org
42,Ardeen Topp,75608 Towne Place,99522,AK,atopp15@purevolume.com
43,Shoshana Cullinan,1376 Ramsey Alley,18105,PA,scullinan16@google.com.au
44,Ravi Ralfe,308 Stoughton Trail,64160,MO,rralfe17@who.int
45,Kissiah Mayzes,18 Holmberg Alley,29403,SC,kmayzes18@bandcamp.com
46,Vin Vedeneev,29141 Northfield Hill,79940,TX,vvedeneev19@nih.gov
47,Tammy Mousdall,101 Hayes Court,14210,NY,tmousdall1a@intel.com
48,Freddy Longthorne,6109 Ronald Regan Hill,60641,IL,flongthorne1b@lycos.com
49,Charlie McGarry,1083 Amoth Point,79940,TX,cmcgarry1c@taobao.com
50,Seymour Rudram,80620 Rigney Drive,24503,VA,srudram1d@earthlink.net
51,Henri Mariaud,85029 Killdeer Alley,33961,FL,hmariaud1e@nifty.com
52,Sharleen Cunnow,57161 Petterle Trail,48912,MI,scunnow1f@vimeo.com
53,Niels Jehaes,1363 Lotheville Crossing,43656,OH,njehaes1g@blogger.com
54,Maybelle Gianni,162 Mariners Cove Plaza,88541,TX,mgianni1h@archive.org
55,Ferguson Orhrt,8916 Manley Street,36628,AL,forhrt1i@privacy.gov.au
56,Jemmie Balffye,34216 Kingsford Way,30375,GA,jbalffye1j@soundcloud.com
57,Brooks Figura,0263 Merchant Junction,63167,MO,bfigura1k@sogou.com
58,Lucie Lenz,62125 Stuart Plaza,94263,CA,llenz1l@naver.com
59,Heywood M'Chirrie,9 Fair Oaks Circle,85725,AZ,hmchirrie1m@yale.edu
60,Davin Ruller,6 Milwaukee Drive,55146,MN,druller1n@msu.edu
61,Emilee Bidewel,0875 Spenser Point,06152,CT,ebidewel1o@canalblog.com
62,Eldin Hritzko,775 8th Trail,20436,DC,ehritzko1p@admin.ch
63,Melessa Reucastle,7383 Southridge Point,32909,FL,mreucastle1q@webs.com
64,Gabriel Golden of Ireland,2 Westend Court,63116,MO,ggolden1r@wufoo.com
65,Karlen Bletso,1 Shelley Hill,38119,TN,kbletso1s@deliciousdays.com
66,Parke Powney,715 Melby Lane,83716,ID,ppowney1t@nifty.com
67,Zachariah Goodger,9 Bluejay Way,43240,OH,zgoodger1u@ox.ac.uk
68,Dan Streeter,9799 Continental Street,72209,AR,dstreeter1v@mediafire.com
69,Trey Hincks,45759 Sachtjen Plaza,38131,TN,thincks1w@shareasale.com
70,Brietta Pexton,77918 Sage Lane,80299,CO,bpexton1x@privacy.gov.au
71,Ira Bigland,2 Duke Crossing,32830,FL,ibigland1y@noaa.gov
72,Nalani Fortie,99440 Village Road,66611,KS,nfortie1z@reddit.com
73,Beatrix Silman,7546 Warner Court,93407,CA,bsilman20@berkeley.edu
74,Marylou Callacher,75561 Waubesa Place,22309,VA,mcallacher21@harvard.edu
75,Caren Schneidar,22 Morningstar Pass,85099,AZ,cschneidar22@addthis.com
76,Eveleen Goldney,01138 Canary Place,98682,WA,egoldney23@printfriendly.com
77,Meryl Macon,57 Longview Lane,06533,CT,mmacon24@deviantart.com
78,Nappie Camlin,937 Grasskamp Avenue,33633,FL,ncamlin25@php.net
79,Vivi McBrearty,047 Rutledge Center,29605,SC,vmcbrearty26@netlog.com
80,Agathe Hargess,52872 Pawling Place,92519,CA,ahargess27@theatlantic.com
81,Moise Raw,5619 Anniversary Point,98042,WA,mraw28@tinypic.com
82,Tara Stocks,762 Magdeline Alley,92191,CA,tstocks29@google.ru
83,Iosep Bonafant,9390 Superior Parkway,44485,OH,ibonafant2a@smugmug.com
84,Dannel McQuorkel,41 Vahlen Crossing,38188,TN,dmcquorkel2b@slashdot.org
85,Theodosia Mathias,94 Westport Alley,89178,NV,tmathias2c@instagram.com
86,Rem Reschke,4 Fallview Junction,21239,MD,rreschke2d@tamu.edu
87,Suzette Livermore,38 Bonner Parkway,32969,FL,slivermore2e@1und1.de
88,Ebony Mullenger,68673 Havey Junction,96810,HI,emullenger2f@tiny.cc
89,Hobard Jeffels,70424 Gateway Point,06510,CT,hjeffels2g@lulu.com
90,Jsandye Oriel,6 Eastlawn Road,64101,MO,joriel2h@imageshack.us
91,Millisent Potier,581 Center Hill,92160,CA,mpotier2i@virginia.edu
92,Johnathan Allpress,64 Independence Drive,55487,MN,jallpress2j@omniture.com
93,Constanta Fernier,95292 2nd Point,55579,MN,cfernier2k@yandex.ru
94,Cam Brimham,0 Russell Lane,29579,SC,cbrimham2l@ucla.edu
95,Myrah Albury,5227 Macpherson Terrace,20073,DC,malbury2m@utexas.edu
96,Mike Kliche,8391 Ohio Way,70179,LA,mkliche2n@wiley.com
97,Angelo Royle,54 Cordelia Junction,49018,MI,aroyle2o@myspace.com
98,Sapphira Constantinou,84 Barnett Way,93591,CA,sconstantinou2p@google.nl
99,Burr Pietranek,597 Sherman Center,89087,NV,bpietranek2q@archive.org
100,Win Gooda,423 Stang Point,06127,CT,wgooda2r@com.com
101,Allan Clausius,41 Truax Center,03804,NH,aclausius2s@diigo.com
102,Gerardo Francey,361 Village Circle,34665,FL,gfrancey2t@techcrunch.com
103,Tildy Shill,6 Ruskin Lane,35263,AL,tshill2u@vk.com
104,Kayne Fetherstan,3 Sunnyside Point,06705,CT,kfetherstan2v@baidu.com
105,Gus Risom,36 Jenna Circle,85297,AZ,grisom2w@studiopress.com
106,Robenia Beaney,968 Hoepker Avenue,79994,TX,rbeaney2x@blogtalkradio.com
107,Ernesta McSaul,73 Corry Street,30096,GA,emcsaul2y@huffingtonpost.com
108,Wainwright Vanezis,6 Fair Oaks Point,89135,NV,wvanezis2z@bluehost.com
109,Xaviera Mourgue,184 Macpherson Terrace,47732,IN,xmourgue30@tumblr.com
110,Antonia Loxston,15904 Declaration Avenue,79934,TX,aloxston31@bloglovin.com
111,Horst Reddell,8 2nd Avenue,44511,OH,hreddell32@dot.gov
112,Skipper Rooksby,45936 Glacier Hill Road,85067,AZ,srooksby33@wikispaces.com
113,Rosalyn Fabbri,0 Macpherson Circle,77844,TX,rfabbri34@hhs.gov
114,Pierson Hammerstone,78577 Longview Hill,96840,HI,phammerstone35@opensource.org
115,Koral Grundwater,88 Tennessee Court,90045,CA,kgrundwater36@tripadvisor.com
116,Lelia Lewer,89 Waxwing Alley,31704,GA,llewer37@reference.com
117,Charmane Cansdall,96 Mayer Trail,79182,TX,ccansdall38@prlog.org
118,Ilysa Clutram,806 Buell Street,94302,CA,iclutram39@skyrock.com
119,Leonhard Foulstone,639 Blue Bill Park Park,74184,OK,lfoulstone3a@aol.com
120,Bancroft Baumann,1 Hansons Park,94177,CA,bbaumann3b@github.com
121,Logan Brookwell,625 Corry Hill,33686,FL,lbrookwell3c@noaa.gov
122,Nial Pilcher,17061 Fordem Point,92710,CA,npilcher3d@weather.com
123,Heddi Grent,63 Portage Way,93704,CA,hgrent3e@epa.gov
124,Franklyn Seden,8 Clarendon Park,95138,CA,fseden3f@weather.com
125,Coraline Crossby,145 Dexter Plaza,07522,NJ,ccrossby3g@oakley.com
126,Kristel Doale,8 Bartelt Park,44760,OH,kdoale3h@nbcnews.com
127,Angelita Varcoe,462 Jenna Lane,11480,NY,avarcoe3i@businessweek.com
128,Dulcia Hegden,1 Armistice Parkway,98498,WA,dhegden3j@cyberchimps.com
129,Tabitha Sainter,55 Barby Alley,35225,AL,tsainter3k@aboutads.info
130,Hugh Lefever,1095 Doe Crossing Plaza,32259,FL,hlefever3l@businesswire.com
131,Cori Redholes,0506 Corry Plaza,97206,OR,credholes3m@youtube.com
132,Myrtice Kenneford,64 Northview Circle,92176,CA,mkenneford3n@mapquest.com
133,Randie Earl,28 Lukken Parkway,20430,DC,rearl3o@lulu.com
134,Natasha McGing,4 Cascade Pass,12242,NY,nmcging3p@google.es
135,Hadley Bown,37118 Victoria Point,22225,VA,hbown3q@princeton.edu
136,Reilly Skarman,7655 Boyd Street,48107,MI,rskarman3r@bloglovin.com
137,Husain Stutter,2 Cody Circle,07544,NJ,hstutter3s@hao123.com
138,Haily Sayburn,407 Mendota Point,85732,AZ,hsayburn3t@ca.gov
139,Cass Blance,640 Hanson Terrace,64153,MO,cblance3u@about.me
140,Justen Maunsell,7 Pierstorff Circle,80044,CO,jmaunsell3v@ucsd.edu
141,Rourke Sherwood,8386 Randy Avenue,28230,NC,rsherwood3w@pagesperso-orange.fr
142,Sashenka Govinlock,078 Kinsman Parkway,98206,WA,sgovinlock3x@fda.gov
143,Griselda Aucock,764 Birchwood Street,54915,WI,gaucock3y@walmart.com
144,Samuele Wigan,96 Manitowish Lane,80262,CO,swigan3z@nbcnews.com
145,Daven Farnish,0 Rusk Street,35815,AL,dfarnish40@thetimes.co.uk
146,Brandtr Emnoney,0 Quincy Hill,63169,MO,bemnoney41@gmpg.org
147,Daria Sunner,02 Dixon Street,92835,CA,dsunner42@weebly.com
148,Welbie Whiskerd,2 Springview Pass,11431,NY,wwhiskerd43@gnu.org
149,Chandra Steuart,75 Hanson Drive,75799,TX,csteuart44@unblog.fr
150,Marshal Skeermer,413 6th Crossing,10125,NY,mskeermer45@amazon.de
151,Elsa Cutcliffe,604 Troy Park,70883,LA,ecutcliffe46@theguardian.com
152,Anthea Bucklee,5897 Mosinee Junction,30340,GA,abucklee47@pen.io
153,Frants Feitosa,92 Westerfield Pass,79984,TX,ffeitosa48@webs.com
154,Sallee Michell,1 Meadow Vale Drive,65211,MO,smichell49@wikimedia.org
155,Olympie Lampert,730 Miller Center,25336,WV,olampert4a@miibeian.gov.cn
156,Lorain Hoyte,41192 Troy Terrace,70116,LA,lhoyte4b@cisco.com
157,Norah Whiterod,83055 Dottie Circle,80044,CO,nwhiterod4c@xrea.com
158,Adorne Fargher,908 Lake View Plaza,34981,FL,afargher4d@usgs.gov
159,Melba Cruse,16 Garrison Alley,75260,TX,mcruse4e@earthlink.net
160,Melamie Cathesyed,6188 Mcbride Hill,78726,TX,mcathesyed4f@apple.com
161,Corena Heindl,850 Hagan Court,28815,NC,cheindl4g@hostgator.com
162,Tybi Kareman,623 Armistice Center,74156,OK,tkareman4h@technorati.com
163,Dari Newvell,11965 Main Street,20575,DC,dnewvell4i@usda.gov
164,Harwilll Ochterlonie,66313 Grasskamp Park,84140,UT,hochterlonie4j@rakuten.co.jp
165,Meridel Canto,582 Farwell Terrace,50335,IA,mcanto4k@msn.com
166,Mathilde Addinall,16030 Fulton Road,78235,TX,maddinall4l@vk.com
167,Berna MacLise,767 Grover Parkway,77844,TX,bmaclise4m@cnet.com
168,Pietro Ferrarotti,7 Loeprich Avenue,10125,NY,pferrarotti4n@sohu.com
169,Herb Bristowe,2 Surrey Place,34665,FL,hbristowe4o@addthis.com
170,Sigismond Karpfen,917 Mosinee Junction,23668,VA,skarpfen4p@blogspot.com
171,Lutero Don,6 Sachtjen Hill,77085,TX,ldon4q@com.com
172,Garner Leglise,5952 Dwight Park,80235,CO,gleglise4r@ed.gov
173,Ardelis Hayden,24569 Bultman Road,55458,MN,ahayden4s@go.com
174,Thornton Culverhouse,5 Grover Hill,34114,FL,tculverhouse4t@omniture.com
175,Caril Rubanenko,440 Grasskamp Plaza,10469,NY,crubanenko4u@parallels.com
176,Marthena McBrier,7 Claremont Alley,45203,OH,mmcbrier4v@cbslocal.com
177,Helen-elizabeth Cotterel,7521 Mayfield Way,60604,IL,hcotterel4w@wordpress.com
178,Mildrid Buney,8 Anniversary Crossing,49560,MI,mbuney4x@narod.ru
179,Merrel Rapa,0112 Pawling Street,78789,TX,mrapa4y@elpais.com
180,Phillip Crocker,152 Johnson Court,95118,CA,pcrocker4z@addtoany.com
181,Derwin Fairy,41920 Raven Court,89110,NV,dfairy50@nhs.uk
182,Brigida Buckhurst,70 Summer Ridge Crossing,77070,TX,bbuckhurst51@nhs.uk
183,Laryssa Brandenburg,45346 Boyd Plaza,01605,MA,lbrandenburg52@liveinternet.ru
184,Merissa Lemmen,7 Oakridge Terrace,78726,TX,mlemmen53@flickr.com
185,Diarmid Lowman,26 Onsgard Center,71151,LA,dlowman54@earthlink.net
186,Lavina Mathou,63 Miller Road,22301,VA,lmathou55@vinaora.com
187,Omero Riping,793 Dryden Plaza,33134,FL,oriping56@ed.gov
188,Ric Pocklington,29 Ridge Oak Avenue,48107,MI,rpocklington57@mayoclinic.com
189,Urbain Farragher,58082 John Wall Avenue,10459,NY,ufarragher58@meetup.com
190,Ilyse Hargrove,35872 Larry Crossing,27110,NC,ihargrove59@etsy.com
191,Ann-marie Camerati,98941 Talmadge Plaza,94273,CA,acamerati5a@nifty.com
192,Harlin Craigg,8007 Blue Bill Park Hill,32259,FL,hcraigg5b@dmoz.org
193,Ade Haylock,26346 Sundown Drive,39305,MS,ahaylock5c@globo.com
194,Rodolphe Anglim,4458 Surrey Plaza,55598,MN,ranglim5d@goodreads.com
195,Loren Erdes,546 Prairieview Park,47712,IN,lerdes5e@jalbum.net
196,Prudence Sines,085 Sutherland Trail,84189,UT,psines5f@merriam-webster.com
197,Raymond Gillingwater,9 Lien Street,80525,CO,rgillingwater5g@cafepress.com
198,Monique Haeslier,52162 Kedzie Parkway,77090,TX,mhaeslier5h@si.edu
199,Cristal Souley,11549 Florence Court,11205,NY,csouley5i@forbes.com
200,Janet Sayce,378 Carpenter Street,89145,NV,jsayce5j@bbc.co.uk
201,Joellen Dornin,12407 Northport Hill,70616,LA,jdornin5k@abc.net.au
202,Marice Voff,63 Division Parkway,10029,NY,mvoff5l@printfriendly.com
203,Renaud Breukelman,10152 Fieldstone Park,71105,LA,rbreukelman5m@google.it
204,Lezlie Juszkiewicz,2719 Forest Dale Place,19120,PA,ljuszkiewicz5n@ed.gov
205,Rita Dumphries,4267 Troy Trail,96845,HI,rdumphries5o@usda.gov
206,Harland Thewles,2 Ridgeway Center,06520,CT,hthewles5p@photobucket.com
207,Herve Pollett,2199 Monica Trail,32526,FL,hpollett5q@over-blog.com
208,Shantee Knobell,4 Northridge Parkway,71307,LA,sknobell5r@ca.gov
209,Tilda Border,7271 Shelley Crossing,02453,MA,tborder5s@php.net
210,Lesley Harler,8083 Bonner Crossing,20566,DC,lharler5t@infoseek.co.jp
211,Pauletta Woodwind,740 Aberg Center,43215,OH,pwoodwind5u@dyndns.org
212,Erika Klaff,634 Anniversary Court,30033,GA,eklaff5v@i2i.jp
213,Lise Koppel,11 Amoth Alley,60630,IL,lkoppel5w@prlog.org
214,Winnie Sarchwell,8 Schiller Road,73142,OK,wsarchwell5x@devhub.com
215,Tori Pursehouse,68334 Tennyson Place,90030,CA,tpursehouse5y@zimbio.com
216,Michell Cokely,5 Dunning Parkway,87505,NM,mcokely5z@foxnews.com
217,Aldis Twyford,25 Golf Course Trail,92619,CA,atwyford60@cmu.edu
218,Grayce Clotworthy,8 Maple Wood Junction,80920,CO,gclotworthy61@census.gov
219,Owen Redmell,02409 Hintze Court,07544,NJ,oredmell62@state.tx.us
220,Amble Rysom,77 Northridge Point,20041,DC,arysom63@fda.gov
221,Lari Thripp,10 Eggendart Crossing,33075,FL,lthripp64@ucoz.com
222,Hans Drewry,99 Dottie Lane,30375,GA,hdrewry65@stumbleupon.com
223,Micah Craw,94983 Rockefeller Pass,07104,NJ,mcraw66@geocities.jp
224,Celie Windaybank,3 Packers Street,77260,TX,cwindaybank67@bluehost.com
225,Pete Grishankov,810 Westport Avenue,55598,MN,pgrishankov68@istockphoto.com
226,Bonnibelle Clurow,031 Katie Parkway,75037,TX,bclurow69@ask.com
227,Tootsie Bottom,195 Crownhardt Way,13217,NY,tbottom6a@cloudflare.com
228,Genovera Roffey,1426 Bluejay Crossing,79923,TX,groffey6b@hatena.ne.jp
229,Trefor Hurrion,55 Schlimgen Junction,40546,KY,thurrion6c@github.io
230,Lexine Scheu,4329 Myrtle Alley,85255,AZ,lscheu6d@marketwatch.com
231,Benoit Beange,03434 Declaration Pass,79928,TX,bbeange6e@google.cn
232,Royal Russe,1895 Bartillon Drive,75387,TX,rrusse6f@bbb.org
233,Weider Faithfull,4 Bonner Park,02119,MA,wfaithfull6g@joomla.org
234,Geri Cumine,2 Truax Terrace,20414,DC,gcumine6h@aboutads.info
235,Danielle Rubinsaft,385 Buhler Center,15279,PA,drubinsaft6i@rakuten.co.jp
236,Donny Nuscha,14462 Jenna Plaza,37220,TN,dnuscha6j@sciencedirect.com
237,Pris Jermey,4 Harper Avenue,53710,WI,pjermey6k@mapy.cz
238,Mikaela Fraanchyonok,85631 Hallows Drive,67220,KS,mfraanchyonok6l@scribd.com
239,Sabra Lightning,30385 Village Avenue,36610,AL,slightning6m@oracle.com
240,Veronike Plumer,8 Debra Center,93381,CA,vplumer6n@wikipedia.org
241,Corena Lackinton,36017 6th Road,83206,ID,clackinton6o@friendfeed.com
242,Sam Szymczyk,559 Fremont Trail,89074,NV,sszymczyk6p@paginegialle.it
243,Nap Yarr,426 Packers Circle,80161,CO,nyarr6q@yale.edu
244,Morris Bulle,185 Warrior Center,43240,OH,mbulle6r@oracle.com
245,Bert Oag,61104 Ramsey Point,19178,PA,boag6s@sina.com.cn
246,Ingram Youdell,5850 Novick Circle,75216,TX,iyoudell6t@nyu.edu
247,Kaylee Cluff,49988 Oakridge Terrace,62525,IL,kcluff6u@foxnews.com
248,Torey Holdey,5 Wayridge Crossing,07522,NJ,tholdey6v@marketwatch.com
249,Kaila Asquith,09 Sauthoff Hill,47905,IN,kasquith6w@go.com
250,Jannel Shah,31 Valley Edge Trail,53220,WI,jshah6x@etsy.com
251,Alidia Dear,25 Forest Run Drive,46266,IN,adear6y@discuz.net
252,Clemens Sexten,4517 Oak Valley Alley,19146,PA,csexten6z@fc2.com
253,Ally Gianinotti,79287 Rusk Point,33731,FL,agianinotti70@scientificamerican.com
254,Connie Smallpeice,5585 Memorial Drive,78278,TX,csmallpeice71@printfriendly.com
255,Ardelis Gabe,9 Golf Junction,06825,CT,agabe72@washington.edu
256,Rea Haldane,3 Sugar Trail,20430,DC,rhaldane73@go.com
257,Eunice Well,5958 Onsgard Terrace,34135,FL,ewell74@jigsy.com
258,Jayme Scrine,83613 Badeau Terrace,06726,CT,jscrine75@macromedia.com
259,Carlo Santen,508 Stuart Road,55166,MN,csanten76@bloglines.com
260,Lilli Tambling,33275 Jay Park,31416,GA,ltambling77@nba.com
261,Shaun Behan,6 Westridge Lane,36622,AL,sbehan78@tripadvisor.com
262,Dela Stancer,4590 Lukken Parkway,31205,GA,dstancer79@ihg.com
263,Bernelle Rosenwasser,99602 Forest Run Way,90076,CA,brosenwasser7a@goo.gl
264,Cathee Merredy,9 Bay Park,01129,MA,cmerredy7b@de.vu
265,Khalil Pinnere,3 Oriole Circle,76105,TX,kpinnere7c@tiny.cc
266,Tiffie Johnes,01 Forest Run Place,07112,NJ,tjohnes7d@blinklist.com
267,Kerianne Southeran,08780 High Crossing Point,75185,TX,ksoutheran7e@rakuten.co.jp
268,Torrance Silvers,3 Mayfield Park,45264,OH,tsilvers7f@about.me
269,Stephie Colleymore,9 Mcbride Lane,64144,MO,scolleymore7g@exblog.jp
270,Axel Millyard,5 Elgar Place,77346,TX,amillyard7h@squarespace.com
271,Marja Brooksbank,54506 Southridge Way,20425,DC,mbrooksbank7i@techcrunch.com
272,Abbey Chaffey,2 Katie Pass,98158,WA,achaffey7j@cafepress.com
273,Arliene Jones,005 Rigney Circle,25711,WV,ajones7k@illinois.edu
274,Leeland Leijs,17 Division Road,71137,LA,lleijs7l@forbes.com
275,Milli Nare,7 Carberry Trail,85715,AZ,mnare7m@fotki.com
276,Elissa Gorgl,90 Alpine Junction,45470,OH,egorgl7n@example.com
277,Andris Scutter,0939 Onsgard Lane,28289,NC,ascutter7o@gizmodo.com
278,Randal Rolph,79885 Bayside Center,31217,GA,rrolph7p@blogs.com
279,Rica Lammertz,5535 Tennyson Court,37205,TN,rlammertz7q@goo.gl
280,Carolyn Kaminski,41862 Trailsway Point,75705,TX,ckaminski7r@stanford.edu
281,Marin Davidy,5 Troy Way,25726,WV,mdavidy7s@dell.com
282,Koressa Pauer,56 Eastlawn Circle,93762,CA,kpauer7t@virginia.edu
283,Darcee Bodocs,68748 Declaration Way,61110,IL,dbodocs7u@skype.com
284,Jojo Baudi,8 Springs Parkway,75246,TX,jbaudi7v@indiegogo.com
285,Bucky Dublin,599 Farragut Pass,48217,MI,bdublin7w@vinaora.com
286,Tanner O'Keaveny,20346 Boyd Drive,72231,AR,tokeaveny7x@parallels.com
287,Sayer Ricci,0 Marquette Center,23289,VA,sricci7y@sphinn.com
288,Patsy Ghirigori,5536 Ruskin Junction,14624,NY,pghirigori7z@google.es
289,Vinnie Preshous,5 Troy Street,96805,HI,vpreshous80@edublogs.org
290,Eda Ayres,9291 Chinook Pass,20337,DC,eayres81@pagesperso-orange.fr
291,Georgina Brugman,09 Pierstorff Alley,25709,WV,gbrugman82@elpais.com
292,Brear Joliffe,363 Elka Terrace,57188,SD,bjoliffe83@mayoclinic.com
293,Guy Johnston,6 Pleasure Court,76105,TX,gjohnston84@hc360.com
294,Bunny Hatrick,1 Carioca Junction,45223,OH,bhatrick85@chronoengine.com
295,Mireielle Olney,145 Rigney Avenue,66215,KS,molney86@dedecms.com
296,Amerigo Caldera,49 Dixon Point,30340,GA,acaldera87@tamu.edu
297,Wayland Chaundy,9 Schurz Park,06510,CT,wchaundy88@amazon.com
298,Hillard Snedden,2 Westridge Center,46862,IN,hsnedden89@over-blog.com
299,Cristin Shah,6271 Pleasure Way,79188,TX,cshah8a@histats.com
300,Natty Loughran,17 Florence Trail,80045,CO,nloughran8b@discuz.net
301,Raff Kettoe,3292 Mayfield Point,21747,MD,rkettoe8c@surveymonkey.com
302,Magda Marfell,11568 Lighthouse Bay Way,98498,WA,mmarfell8d@cpanel.net
303,Otho Payle,8727 Gateway Street,80126,CO,opayle8e@51.la
304,Phyllis Doorey,37193 Bunting Alley,94126,CA,pdoorey8f@disqus.com
305,Emera Semmence,81644 Delaware Hill,89550,NV,esemmence8g@technorati.com
306,Ingaberg Biffin,57518 Sommers Place,28235,NC,ibiffin8h@msn.com
307,Samuele Arends,743 Esch Crossing,20442,DC,sarends8i@cyberchimps.com
308,Clemmy Treleven,1 Surrey Avenue,79415,TX,ctreleven8j@bigcartel.com
309,Hanna Dyshart,08 Maple Way,20540,DC,hdyshart8k@psu.edu
310,Candide Jumont,1029 Hazelcrest Avenue,79452,TX,cjumont8l@washington.edu
311,Tabbi Lamacraft,55 Elgar Terrace,28805,NC,tlamacraft8m@weibo.com
312,Paddie Driffe,041 Corry Way,74126,OK,pdriffe8n@ustream.tv
313,Hyacinth Bunkle,9777 Declaration Trail,77030,TX,hbunkle8o@mac.com
314,Bruis Nelissen,585 Lien Point,61635,IL,bnelissen8p@1688.com
315,Torrance Brecken,75051 Goodland Crossing,48919,MI,tbrecken8q@unc.edu
316,Quintina Hatwell,6023 Straubel Circle,20299,DC,qhatwell8r@boston.com
317,Ivonne Sancias,68 Canary Place,83722,ID,isancias8s@livejournal.com
318,Walden Manuelli,262 Brown Avenue,80951,CO,wmanuelli8t@opera.com
319,Reg Pimblotte,5305 Amoth Road,95054,CA,rpimblotte8u@soundcloud.com
320,Leopold Wardingly,47 North Parkway,52804,IA,lwardingly8v@sourceforge.net
321,Ariel Miles,31 Sauthoff Alley,01813,MA,amiles8w@google.co.jp
322,Rowe Cajkler,9 David Road,94245,CA,rcajkler8x@hud.gov
323,Thebault Wealleans,53 Talmadge Parkway,28272,NC,twealleans8y@skype.com
324,Kelsy Keave,1007 Carey Street,22212,VA,kkeave8z@macromedia.com
325,Athena Brewster,63293 Everett Trail,85260,AZ,abrewster90@apple.com
326,Nate Lutsch,8 Clarendon Hill,61110,IL,nlutsch91@narod.ru
327,Ulric Dogerty,1 Atwood Drive,19160,PA,udogerty92@yellowbook.com
328,Hali Shynn,16 Schurz Parkway,30380,GA,hshynn93@moonfruit.com
329,Faye Eliff,864 Holy Cross Street,80945,CO,feliff94@weebly.com
330,Rosalyn Diboll,14 Walton Way,83757,ID,rdiboll95@sciencedaily.com
331,Clemence Duckels,3963 3rd Terrace,20436,DC,cduckels96@freewebs.com
332,Dagny Chasemoore,9 Carioca Parkway,30066,GA,dchasemoore97@hao123.com
333,Killy Nibley,16 Mockingbird Crossing,93726,CA,knibley98@dailymotion.com
334,Bradan Fassman,45216 Tennessee Pass,36670,AL,bfassman99@boston.com
335,Glenn Batts,9029 Orin Avenue,20892,MD,gbatts9a@clickbank.net
336,Lian Friberg,9 Kim Way,70129,LA,lfriberg9b@homestead.com
337,Bertie Buckthought,7372 North Lane,32277,FL,bbuckthought9c@trellian.com
338,Emmalynne Bowie,8138 Oak Lane,20414,DC,ebowie9d@skyrock.com
339,Tonia Bagot,047 Westridge Parkway,46266,IN,tbagot9e@youtube.com
340,Morgen Weller,6981 Kingsford Point,48267,MI,mweller9f@qq.com
341,Shaylah Jenking,603 Stang Way,31704,GA,sjenking9g@mediafire.com
342,Lester Mc Carrick,24872 Fordem Plaza,92705,CA,lmc9h@ibm.com
343,Ninon Spiby,62820 Dovetail Drive,48505,MI,nspiby9i@vkontakte.ru
344,Lindon Pyper,39 Stephen Terrace,54915,WI,lpyper9j@dailymail.co.uk
345,Josefa Oriel,7708 Sommers Trail,25321,WV,joriel9k@si.edu
346,Terra Heighway,9 Ronald Regan Drive,16510,PA,theighway9l@live.com
347,Susana Towersey,6 Magdeline Place,33196,FL,stowersey9m@nationalgeographic.com
348,Shell Hounson,919 Cody Way,77276,TX,shounson9n@sakura.ne.jp
349,Christian MacColgan,0048 Oakridge Hill,95397,CA,cmaccolgan9o@digg.com
350,Talyah Gauntlett,76501 Namekagon Parkway,30245,GA,tgauntlett9p@ustream.tv
351,Josi Douberday,117 Ridge Oak Road,66606,KS,jdouberday9q@mit.edu
352,Tab Sibbald,689 Hintze Parkway,40586,KY,tsibbald9r@nbcnews.com
353,Lew Lupton,83 Sugar Drive,31210,GA,llupton9s@ed.gov
354,Elysha Mailes,71 Ridgeway Trail,32813,FL,emailes9t@google.es
355,Dickie Whyatt,28063 Evergreen Center,20404,DC,dwhyatt9u@miitbeian.gov.cn
356,Lexie Slinger,51605 Merchant Road,73142,OK,lslinger9v@chron.com
357,Rafi Ashton,41123 Morningstar Street,75251,TX,rashton9w@sourceforge.net
358,Noemi Rapaport,0 Memorial Trail,92640,CA,nrapaport9x@hatena.ne.jp
359,Jacinda Friese,307 Schiller Way,92165,CA,jfriese9y@army.mil
360,Joana Lazell,2535 Pepper Wood Hill,45440,OH,jlazell9z@census.gov
361,Dallon Iozefovich,51420 Basil Way,10175,NY,diozefovicha0@nyu.edu
362,Jamison Cleworth,61 Bluestem Pass,72199,AR,jclewortha1@hibu.com
363,Gabbey Vicioso,2412 Comanche Trail,47937,IN,gviciosoa2@creativecommons.org
364,Pavel Treasure,99799 Straubel Lane,60663,IL,ptreasurea3@de.vu
365,Erinna Mousdall,399 Prentice Park,84120,UT,emousdalla4@com.com
366,Keefer Coverdale,34 Lakewood Gardens Alley,25705,WV,kcoverdalea5@icq.com
367,Karlis Ezele,1 Graceland Crossing,27626,NC,kezelea6@virginia.edu
368,Abigael Hunnywell,4 Glendale Way,44321,OH,ahunnywella7@bloglovin.com
369,Morse Roman,3 Hollow Ridge Place,46805,IN,mromana8@youtu.be
370,Berrie Chester,31 Northview Court,19897,DE,bchestera9@scientificamerican.com
371,Oliver Davidesco,2225 Nevada Terrace,06854,CT,odavidescoaa@nifty.com
372,Josias Ryce,5 Petterle Pass,98109,WA,jryceab@booking.com
373,Nicko Coddington,1178 Anderson Parkway,20036,DC,ncoddingtonac@hatena.ne.jp
374,Morgen Busst,5 Comanche Trail,20535,DC,mbusstad@drupal.org
375,Tamra Boase,3 Dahle Crossing,98195,WA,tboaseae@ezinearticles.com
376,Christan Roscam,51023 Kings Lane,73135,OK,croscamaf@privacy.gov.au
377,Sigismundo Episcopio,76166 Duke Trail,40293,KY,sepiscopioag@dion.ne.jp
378,Asher Gallard,98 Mallory Park,96835,HI,agallardah@webnode.com
379,Christel Leethem,42 Ruskin Terrace,77065,TX,cleethemai@amazonaws.com
380,Brita Plaunch,808 Algoma Place,48232,MI,bplaunchaj@arizona.edu
381,Luella Pawels,55790 Dahle Circle,78475,TX,lpawelsak@nasa.gov
382,Brett Merveille,096 West Road,38188,TN,bmerveilleal@taobao.com
383,Ailbert Brundill,80 Londonderry Hill,39404,MS,abrundillam@yelp.com
384,Dwight Kennea,578 Darwin Court,93721,CA,dkenneaan@fema.gov
385,Geoffrey Filde,12080 5th Plaza,33710,FL,gfildeao@sciencedaily.com
386,Gerry FitzGilbert,896 Hovde Alley,84093,UT,gfitzgilbertap@edublogs.org
387,Bordie Bruyntjes,8154 Manley Terrace,52804,IA,bbruyntjesaq@fastcompany.com
388,Hastings Biddles,411 Canary Park,33164,FL,hbiddlesar@loc.gov
389,Jennee Espinal,624 Dunning Center,15230,PA,jespinalas@arstechnica.com
390,Christal Hammel,40603 Lakewood Gardens Drive,44555,OH,chammelat@japanpost.jp
391,Wadsworth Coucher,62 Declaration Point,11215,NY,wcoucherau@prlog.org
392,Tracey Condit,64 Pankratz Circle,35210,AL,tconditav@goo.ne.jp
393,Susette Pratton,5 Banding Junction,20436,DC,sprattonaw@artisteer.com
394,Kaspar Hathorn,4 Surrey Alley,89140,NV,khathornax@ycombinator.com
395,Abner Aldington,78 Crownhardt Plaza,90087,CA,aaldingtonay@cmu.edu
396,Holmes Llorens,472 Mccormick Terrace,79968,TX,hllorensaz@hud.gov
397,Lida Chaudrelle,163 Calypso Alley,97312,OR,lchaudrelleb0@tripod.com
398,Rozina Jesper,4299 Summerview Alley,98481,WA,rjesperb1@slashdot.org
399,Caryl Collaton,475 Hovde Center,30905,GA,ccollatonb2@nydailynews.com
400,Salvidor Bernath,235 Dakota Circle,84093,UT,sbernathb3@flickr.com
401,Cullan Coldham,93357 Meadow Ridge Street,70805,LA,ccoldhamb4@arstechnica.com
402,Hermann Petcher,217 Schiller Parkway,45218,OH,hpetcherb5@time.com
403,Kermy Ginnell,748 Sauthoff Drive,48555,MI,kginnellb6@etsy.com
404,Chauncey Brodnecke,2 Comanche Drive,16565,PA,cbrodneckeb7@aol.com
405,Nelle Graver,15 Burrows Parkway,77255,TX,ngraverb8@eepurl.com
406,Berthe McNicol,83929 Arapahoe Circle,70810,LA,bmcnicolb9@youku.com
407,Celle Warlock,1481 Carpenter Circle,85246,AZ,cwarlockba@yelp.com
408,Jojo Frantzen,55753 Russell Drive,38131,TN,jfrantzenbb@google.com.au
409,Brenna Faltskog,6405 Jana Terrace,97232,OR,bfaltskogbc@dmoz.org
410,Iona Spens,4 Di Loreto Pass,27635,NC,ispensbd@va.gov
411,Stephan Mallabund,0 Westerfield Junction,10260,NY,smallabundbe@github.com
412,Aleda Belden,91 Lakewood Street,98166,WA,abeldenbf@sun.com
413,Masha Charrier,749 Division Trail,27409,NC,mcharrierbg@msn.com
414,Hi Twiddle,43230 Pankratz Place,95113,CA,htwiddlebh@hud.gov
415,Erich Norres,34738 Porter Circle,30301,GA,enorresbi@networkadvertising.org
416,Dougie Pyburn,74722 Bultman Crossing,01105,MA,dpyburnbj@shutterfly.com
417,Lara Singh,94673 Anniversary Alley,38168,TN,lsinghbk@vinaora.com
418,Lauralee Notman,63 Continental Junction,33487,FL,lnotmanbl@comsenz.com
419,Quent Meneo,904 Fieldstone Trail,23293,VA,qmeneobm@theatlantic.com
420,Suzann Blaszkiewicz,808 Monument Point,63136,MO,sblaszkiewiczbn@businesswire.com
421,Minnie Gallamore,1 Eastlawn Crossing,95818,CA,mgallamorebo@bloomberg.com
422,Bern Titchen,90 Donald Drive,90087,CA,btitchenbp@imageshack.us
423,Jamal Rumsey,73 Towne Lane,34238,FL,jrumseybq@tripod.com
424,Emanuel Szantho,19 Maple Wood Avenue,93773,CA,eszanthobr@jalbum.net
425,Gerianna Corradino,4195 Sage Junction,23471,VA,gcorradinobs@wordpress.org
426,Stephanus Cartmell,880 Monterey Trail,70160,LA,scartmellbt@bing.com
427,Murray Claasen,4 Blackbird Pass,30311,GA,mclaasenbu@imdb.com
428,Fawn Iddiens,946 Sunfield Avenue,30328,GA,fiddiensbv@drupal.org
429,Tymon Kindle,11941 Arkansas Street,35905,AL,tkindlebw@mayoclinic.com
430,Sigismundo Dargie,66 Johnson Lane,93740,CA,sdargiebx@illinois.edu
431,Stearne O'Hannen,206 Morrow Junction,25356,WV,sohannenby@reference.com
432,Gertrude Tinline,69 Almo Park,34981,FL,gtinlinebz@angelfire.com
433,Lavena Dumphries,6 Continental Junction,05609,VT,ldumphriesc0@bbb.org
434,Dulcea Rays,9715 Montana Junction,63180,MO,draysc1@skype.com
435,Chiarra Gerred,25 Karstens Avenue,21229,MD,cgerredc2@plala.or.jp
436,Mateo Stileman,93869 Veith Terrace,46867,IN,mstilemanc3@vimeo.com
437,Misty Sonschein,352 Petterle Way,73147,OK,msonscheinc4@europa.eu
438,Herman Dey,19500 Barnett Road,27605,NC,hdeyc5@1688.com
439,Clem Latimer,15 Grover Hill,93794,CA,clatimerc6@elegantthemes.com
440,Verena Itzkowicz,304 Old Gate Circle,68517,NE,vitzkowiczc7@home.pl
441,Lillis Sultan,0 Westerfield Center,92662,CA,lsultanc8@blogtalkradio.com
442,Winnah Taile,743 Graedel Circle,02283,MA,wtailec9@linkedin.com
443,Lutero Monelle,264 Westport Street,30096,GA,lmonelleca@ycombinator.com
444,Hermione Garretson,38 Myrtle Plaza,80925,CO,hgarretsoncb@elegantthemes.com
445,Katey Vauls,48 Stephen Parkway,34282,FL,kvaulscc@redcross.org
446,Norah Fiddian,52610 Park Meadow Pass,70826,LA,nfiddiancd@t-online.de
447,Ken Paddefield,570 Nobel Plaza,67260,KS,kpaddefieldce@newsvine.com
448,Vite Binnell,7838 Corscot Center,43610,OH,vbinnellcf@nyu.edu
449,Kendrick Cammish,098 Steensland Alley,79911,TX,kcammishcg@berkeley.edu
450,Rustie Bradane,4 Meadow Ridge Parkway,90305,CA,rbradanech@sun.com
451,Fax Franzini,96 Dayton Drive,71137,LA,ffranzinici@thetimes.co.uk
452,Wilbert Runcieman,04425 Dawn Plaza,94042,CA,wrunciemancj@spiegel.de
453,Hakeem Emblen,556 Dakota Hill,29805,SC,hemblenck@hexun.com
454,Leland Rasper,8202 Butterfield Junction,02905,RI,lraspercl@berkeley.edu
455,Ludvig Harriman,5997 Melvin Plaza,20189,VA,lharrimancm@cafepress.com
456,Merl Addicote,39 Reinke Avenue,93381,CA,maddicotecn@hud.gov
457,Verge Donner,7531 Ridgeview Way,79950,TX,vdonnerco@bloglines.com
458,Cleo Piddick,000 Towne Alley,10079,NY,cpiddickcp@ucsd.edu
459,Cecilia Causey,73 Harper Lane,80279,CO,ccauseycq@amazon.de
460,Bartholemy Garbutt,87 Dryden Terrace,75210,TX,bgarbuttcr@alibaba.com
461,Ludwig Turville,816 Memorial Point,43615,OH,lturvillecs@printfriendly.com
462,Delphine Speir,44828 Northland Plaza,33758,FL,dspeirct@businesswire.com
463,Edd Craney,41230 Ridge Oak Avenue,45454,OH,ecraneycu@imageshack.us
464,Raddy Garrould,401 Warbler Plaza,39204,MS,rgarrouldcv@cpanel.net
465,Garvey Mashro,98672 Eliot Terrace,10014,NY,gmashrocw@nasa.gov
466,Rubie Dawby,83734 Karstens Alley,93786,CA,rdawbycx@ocn.ne.jp
467,Upton Driussi,90 Meadow Valley Hill,55103,MN,udriussicy@edublogs.org
468,Domenico Occleshaw,79 Mayfield Alley,36622,AL,doccleshawcz@simplemachines.org
469,Bartolomeo Mayman,237 Dottie Terrace,94705,CA,bmaymand0@mysql.com
470,Britney Bibb,5 Judy Terrace,36205,AL,bbibbd1@alibaba.com
471,Deck Claworth,953 Mayfield Park,88546,TX,dclaworthd2@miitbeian.gov.cn
472,Adrianna Cowtherd,2211 Kenwood Way,92137,CA,acowtherdd3@cbslocal.com
473,Cordelia Tupman,44 Kipling Court,92191,CA,ctupmand4@ibm.com
474,Robinet Pidgin,2506 Texas Court,70883,LA,rpidgind5@devhub.com
475,Constantine Yuryaev,46984 Jenna Pass,92822,CA,cyuryaevd6@redcross.org
476,Mady Daverin,56596 Clemons Park,50981,IA,mdaverind7@marriott.com
477,Ephraim Habbon,9159 Parkside Lane,70505,LA,ehabbond8@bloglines.com
478,Warden Huddles,61 Barby Crossing,20260,DC,whuddlesd9@stanford.edu
479,Saunders Mickleburgh,2882 Chive Junction,10175,NY,smickleburghda@microsoft.com
480,Hamish Lawranson,6661 Hintze Crossing,66629,KS,hlawransondb@psu.edu
481,Garvy Nestor,790 Sherman Street,33705,FL,gnestordc@people.com.cn
482,Byrann Goodchild,70 Brickson Park Crossing,20851,MD,bgoodchilddd@opensource.org
483,Wynn Youings,7 La Follette Junction,13251,NY,wyouingsde@jugem.jp
484,Davie Houndsom,466 Debs Trail,44485,OH,dhoundsomdf@jiathis.com
485,Gilemette MacElharge,26 Lunder Lane,95813,CA,gmacelhargedg@sohu.com
486,Kristos Campelli,020 Dwight Crossing,94237,CA,kcampellidh@smugmug.com
487,Etheline Edgett,84723 5th Way,95298,CA,eedgettdi@imdb.com
488,Karlens O'Kynsillaghe,04 Kingsford Way,63196,MO,kokynsillaghedj@salon.com
489,Rabi Chadbourne,710 Hoffman Hill,75397,TX,rchadbournedk@simplemachines.org
490,Bridgette Biaggi,04126 Calypso Avenue,34114,FL,bbiaggidl@nifty.com
491,Euphemia Queyos,05488 Brown Circle,23464,VA,equeyosdm@joomla.org
492,Lockwood Owlner,41827 Main Avenue,24014,VA,lowlnerdn@upenn.edu
493,Ange Lavallie,5 Farmco Hill,88530,TX,alavalliedo@scientificamerican.com
494,Cull Lashley,841 Lotheville Trail,46239,IN,clashleydp@chronoengine.com
495,Neall Skirlin,6 Towne Lane,20430,DC,nskirlindq@netvibes.com
496,Nyssa Iacomettii,5061 Heffernan Plaza,28220,NC,niacomettiidr@adobe.com
497,Spense Dorrins,9948 Thierer Terrace,45296,OH,sdorrinsds@blinklist.com
498,Arne Hartfield,549 Reinke Park,20719,MD,ahartfielddt@senate.gov
499,Bren Lowry,83 Oakridge Circle,10203,NY,blowrydu@icio.us
500,Nonah Wimmer,5 Anzinger Circle,11407,NY,nwimmerdv@stanford.edu
501,Carline Jordon,6362 Utah Junction,05609,VT,cjordondw@ca.gov
502,Carol-jean Ohrtmann,40 Elmside Pass,24048,VA,cohrtmanndx@yolasite.com
503,Belvia Backshaw,000 Golden Leaf Trail,90810,CA,bbackshawdy@barnesandnoble.com
504,Lucius Noades,2170 Trailsway Circle,48901,MI,lnoadesdz@weebly.com
505,Noellyn Yourell,8949 Hayes Center,01152,MA,nyourelle0@imgur.com
506,Constance Boxer,3393 Stone Corner Street,33436,FL,cboxere1@columbia.edu
507,Harbert Pound,06246 6th Court,15250,PA,hpounde2@tumblr.com
508,Puff Brauner,4696 Forest Terrace,34615,FL,pbraunere3@altervista.org
509,Christoffer Shoubridge,5178 Magdeline Pass,97232,OR,cshoubridgee4@infoseek.co.jp
510,Gonzalo Flippen,734 Riverside Crossing,33680,FL,gflippene5@wikimedia.org
511,Chandler Soanes,384 Wayridge Place,29240,SC,csoanese6@symantec.com
512,Rebbecca Clail,89303 Lyons Plaza,71161,LA,rclaile7@telegraph.co.uk
513,Virgilio Assard,51700 Mosinee Hill,77050,TX,vassarde8@homestead.com
514,Barnett Sate,43 Forest Dale Alley,80525,CO,bsatee9@microsoft.com
515,Walton Tebbet,791 Hanover Terrace,39216,MS,wtebbetea@gov.uk
516,Kissie Baford,46354 Summer Ridge Drive,79165,TX,kbafordeb@infoseek.co.jp
517,Cristabel MacAndreis,817 Mcguire Drive,06922,CT,cmacandreisec@lycos.com
518,Rasla Emmanueli,7626 Red Cloud Way,33330,FL,remmanuelied@washingtonpost.com
519,Sully Vooght,439 Village Avenue,15266,PA,svooghtee@vimeo.com
520,Carol-jean Fetter,82 Hanover Drive,10009,NY,cfetteref@rambler.ru
521,Ashli Meardon,80915 Lakeland Pass,55127,MN,ameardoneg@csmonitor.com
522,Niki Mostyn,898 Calypso Hill,50981,IA,nmostyneh@dmoz.org
523,Jacquenetta Mulbery,26643 Meadow Ridge Park,74141,OK,jmulberyei@discuz.net
524,Gian Kerry,2136 Steensland Junction,73114,OK,gkerryej@plala.or.jp
525,Munmro Persitt,500 7th Avenue,53405,WI,mpersittek@blogs.com
526,Kaela Mathews,05547 Farmco Alley,29610,SC,kmathewsel@domainmarket.com
527,Roland Mulvagh,95307 Bobwhite Park,10060,NY,rmulvaghem@guardian.co.uk
528,Harry St Clair,8 Di Loreto Street,10079,NY,hsten@comcast.net
529,Kris Whimpenny,894 Elmside Park,10292,NY,kwhimpennyeo@ning.com
530,Dannel Matschke,3 Dayton Parkway,23471,VA,dmatschkeep@yale.edu
531,Caren Brazil,5 New Castle Parkway,05609,VT,cbrazileq@ning.com
532,Fern Jendricke,851 Autumn Leaf Circle,32909,FL,fjendrickeer@mac.com
533,Rip Brimham,417 Portage Court,72215,AR,rbrimhames@instagram.com
534,Lutero Crock,2345 Evergreen Hill,88546,TX,lcrocket@oaic.gov.au
535,Arturo Dilnot,1 Stoughton Pass,31136,GA,adilnoteu@gov.uk
536,Gwenneth Buckler,42 Raven Street,33436,FL,gbucklerev@wufoo.com
537,Allis O'Feeney,1 Knutson Drive,10606,NY,aofeeneyew@comcast.net
538,Oliy Willcott,2957 Cherokee Place,90189,CA,owillcottex@ovh.net
539,Kirbee Dahlback,647 Pennsylvania Court,95155,CA,kdahlbackey@quantcast.com
540,Bent Abry,3172 Fuller Court,28055,NC,babryez@google.cn
541,Alick Millwater,789 Sage Parkway,44118,OH,amillwaterf0@moonfruit.com
542,Vernice Reisen,065 Fallview Way,78265,TX,vreisenf1@virginia.edu
543,Avigdor Justham,141 Dunning Place,81010,CO,ajusthamf2@bluehost.com
544,Sheri Borwick,501 Gale Circle,28256,NC,sborwickf3@simplemachines.org
545,Morgan Pires,222 Vidon Trail,23504,VA,mpiresf4@cocolog-nifty.com
546,Davine Abrahamowitcz,16 Victoria Hill,14624,NY,dabrahamowitczf5@dmoz.org
547,Edd Sergeant,3724 Old Shore Point,16565,PA,esergeantf6@digg.com
548,Melody Girardi,79345 Merry Alley,35220,AL,mgirardif7@zdnet.com
549,Freida Brainsby,6646 Ruskin Trail,85260,AZ,fbrainsbyf8@theguardian.com
550,Fredia Corteis,81 Mccormick Lane,76105,TX,fcorteisf9@google.co.uk
551,Jaynell Keri,8 Express Trail,21229,MD,jkerifa@engadget.com
552,Enrica Taveriner,9241 Autumn Leaf Parkway,93381,CA,etaverinerfb@toplist.cz
553,Rivkah Lindwasser,6 Oriole Lane,37205,TN,rlindwasserfc@techcrunch.com
554,Gilbertine Gaish,9 Bunker Hill Street,32118,FL,ggaishfd@issuu.com
555,Isa De Miranda,31 Scott Avenue,79916,TX,idefe@princeton.edu
556,Elie Selborne,2008 Buhler Terrace,85715,AZ,eselborneff@usda.gov
557,Eimile Beirne,38517 Oakridge Park,24040,VA,ebeirnefg@wiley.com
558,Aleksandr Lavall,984 Hazelcrest Junction,53285,WI,alavallfh@independent.co.uk
559,Guinna Nix,697 Kedzie Court,91913,CA,gnixfi@cargocollective.com
560,Marris Preskett,00 South Parkway,45432,OH,mpreskettfj@odnoklassniki.ru
561,Kelsi Anglin,9 Delladonna Parkway,10014,NY,kanglinfk@cdc.gov
562,Claudio Rens,1 Linden Crossing,33064,FL,crensfl@google.it
563,Shawn Ewbanck,3581 Debs Circle,23504,VA,sewbanckfm@msn.com
564,Taite Juden,0356 Declaration Drive,33961,FL,tjudenfn@ftc.gov
565,Carlin Beelby,18 Autumn Leaf Parkway,32399,FL,cbeelbyfo@edublogs.org
566,Fraser Skirvane,19 Southridge Road,67220,KS,fskirvanefp@tumblr.com
567,Jock Gibbie,6529 Northwestern Point,32885,FL,jgibbiefq@biglobe.ne.jp
568,Fernande Pettie,7 Lien Park,94230,CA,fpettiefr@arizona.edu
569,Correy Cahalin,63 Columbus Trail,64114,MO,ccahalinfs@domainmarket.com
570,Ernesta Halgarth,5892 Meadow Valley Street,89714,NV,ehalgarthft@bandcamp.com
571,Zora Burstowe,439 Dixon Drive,81005,CO,zburstowefu@ehow.com
572,Molly Christer,90 Waubesa Point,73034,OK,mchristerfv@weather.com
573,Cesar Holttom,7641 Lawn Junction,89074,NV,cholttomfw@cornell.edu
574,Jacquetta Culham,64 Kinsman Trail,45807,OH,jculhamfx@businessinsider.com
575,Jakob Shimony,36 Claremont Center,91411,CA,jshimonyfy@purevolume.com
576,Arv Flanigan,029 Buell Court,13505,NY,aflaniganfz@weibo.com
577,Luce Dicey,85491 Morningstar Hill,76711,TX,ldiceyg0@symantec.com
578,Serene Vickery,37 Sachtjen Center,89714,NV,svickeryg1@tripadvisor.com
579,Auberta Wilkins,4 Scofield Junction,33805,FL,awilkinsg2@sfgate.com
580,Nikaniki Colleran,83 Bunting Park,60208,IL,ncollerang3@csmonitor.com
581,Waly Flux,69953 Stoughton Court,32891,FL,wfluxg4@bing.com
582,Kendal Aggas,751 Park Meadow Crossing,94705,CA,kaggasg5@china.com.cn
583,Debera Steutly,4 Forest Run Drive,60078,IL,dsteutlyg6@nature.com
584,Arny Shimmin,455 Tomscot Point,79923,TX,ashimming7@about.me
585,Olympe Bawdon,46278 Crest Line Alley,98148,WA,obawdong8@addthis.com
586,Mildrid Stearns,7 Pankratz Park,92662,CA,mstearnsg9@ed.gov
587,Denney Labbati,65 Bellgrove Terrace,77080,TX,dlabbatiga@nifty.com
588,Emmerich Beccles,77948 Farmco Avenue,57198,SD,ebecclesgb@live.com
589,Berkeley Polden,352 Old Shore Trail,68510,NE,bpoldengc@netscape.com
590,Harrison Albiston,25 Prentice Pass,90094,CA,halbistongd@wiley.com
591,Deidre Gibbeson,2 Ridgeway Road,64114,MO,dgibbesonge@dion.ne.jp
592,Ardyth Yokelman,181 Washington Road,27404,NC,ayokelmangf@earthlink.net
593,Kalila Krauze,92 Lindbergh Road,60669,IL,kkrauzegg@free.fr
594,Imogene Aslin,751 Fairview Lane,91841,CA,iaslingh@omniture.com
595,Jodee Aidler,31398 Mesta Hill,78470,TX,jaidlergi@amazon.com
596,Boonie Godleman,657 Randy Avenue,78475,TX,bgodlemangj@moonfruit.com
597,Doe Corkett,3488 Huxley Center,43605,OH,dcorkettgk@bing.com
598,Fawnia Munson,76 Coleman Plaza,28247,NC,fmunsongl@imgur.com
599,Huntington Sayward,09312 Gale Lane,79159,TX,hsaywardgm@cisco.com
600,Olvan Renard,152 Stone Corner Way,06538,CT,orenardgn@goo.ne.jp
601,Jordain Pillans,077 Aberg Junction,55407,MN,jpillansgo@tiny.cc
602,Row Deamer,874 Lakeland Street,63169,MO,rdeamergp@spotify.com
603,Edwina Kennerknecht,1763 Golf View Parkway,06854,CT,ekennerknechtgq@kickstarter.com
604,Novelia Brumham,135 Debs Alley,38109,TN,nbrumhamgr@51.la
605,Micheline Whitnall,06656 Oneill Plaza,21405,MD,mwhitnallgs@patch.com
606,Urbano Pepin,5834 Corry Place,21216,MD,upepingt@com.com
607,Dru McCrorie,9045 Iowa Court,12255,NY,dmccroriegu@census.gov
608,Al Denyukin,10 Rowland Circle,93794,CA,adenyukingv@storify.com
609,Arne Goning,81 Chinook Crossing,71105,LA,agoninggw@youku.com
610,Meghann Junkinson,45 Nelson Road,25326,WV,mjunkinsongx@purevolume.com
611,Myrilla Everest,64406 Forest Crossing,11431,NY,meverestgy@twitter.com
612,Tessie Bathurst,8790 Forest Pass,78260,TX,tbathurstgz@yale.edu
613,Isabella Antonsson,02502 Brentwood Crossing,55572,MN,iantonssonh0@wordpress.com
614,Kincaid Stockow,6352 Forest Run Way,41905,KY,kstockowh1@facebook.com
615,Webb Gould,2623 Ridgeview Pass,66210,KS,wgouldh2@va.gov
616,Rosabella Flipsen,48 Grover Pass,75367,TX,rflipsenh3@nba.com
617,Quillan Davers,29 Russell Place,73109,OK,qdaversh4@tmall.com
618,Antonia Lorant,3498 Sunbrook Park,47306,IN,aloranth5@redcross.org
619,Baily Nockolds,248 Gina Parkway,11854,NY,bnockoldsh6@salon.com
620,Ludovika Aldritt,9 Waubesa Street,33884,FL,laldritth7@howstuffworks.com
621,Laurens Loveland,51778 Ridgeview Circle,10014,NY,llovelandh8@phpbb.com
622,Esta Moquin,32982 Oneill Trail,33142,FL,emoquinh9@businessinsider.com
623,Erskine Aimer,23 Lerdahl Circle,88569,TX,eaimerha@unesco.org
624,Natty Goodsell,375 Michigan Road,22036,VA,ngoodsellhb@dailymotion.com
625,Zarla Newarte,867 Memorial Trail,92160,CA,znewartehc@gnu.org
626,Evelyn Malpass,985 Columbus Junction,43210,OH,emalpasshd@google.cn
627,Humberto Selburn,94841 Sachs Junction,95150,CA,hselburnhe@samsung.com
628,Anthony Astbery,3002 Summerview Hill,71130,LA,aastberyhf@umn.edu
629,Jeannine Montrose,5 Crownhardt Crossing,62794,IL,jmontrosehg@joomla.org
630,Felecia Vedenyakin,060 Crescent Oaks Place,46805,IN,fvedenyakinhh@1und1.de
631,Corilla Beeson,07 Maywood Place,30380,GA,cbeesonhi@examiner.com
632,Daren Evill,8476 Weeping Birch Trail,34210,FL,devillhj@fotki.com
633,Leupold Veljes,24078 Park Meadow Point,63110,MO,lveljeshk@scribd.com
634,Putnam Ghidoli,9249 Sutteridge Terrace,20520,DC,pghidolihl@cnn.com
635,Deena Southouse,9017 Blue Bill Park Drive,55805,MN,dsouthousehm@tuttocitta.it
636,Nancee Witty,86696 Eastlawn Center,24048,VA,nwittyhn@examiner.com
637,Magdalene Greave,523 Parkside Place,99215,WA,mgreaveho@cdc.gov
638,Mallorie Milvarnie,00030 Oakridge Street,33763,FL,mmilvarniehp@friendfeed.com
639,Alexina Silverlock,8 Heath Park,78235,TX,asilverlockhq@4shared.com
640,Lynnea Ough,90 Macpherson Parkway,53220,WI,loughhr@craigslist.org
641,Consuela Braley,525 Dayton Court,97271,OR,cbraleyhs@foxnews.com
642,Gianina Daley,48 Lakewood Avenue,06152,CT,gdaleyht@phoca.cz
643,Ardys Schroder,23 Hooker Pass,77020,TX,aschroderhu@wunderground.com
644,Gibb Shotter,31 Lakeland Pass,53785,WI,gshotterhv@altervista.org
645,Rea Averill,203 Ronald Regan Drive,37205,TN,raverillhw@state.tx.us
646,Darline Dassindale,6849 American Ash Street,98405,WA,ddassindalehx@soup.io
647,Patrica Andries,544 Thierer Pass,75074,TX,pandrieshy@sakura.ne.jp
648,Jerrie Savary,3888 Prairie Rose Street,92505,CA,jsavaryhz@auda.org.au
649,Emily Mattioli,0 Carberry Crossing,79116,TX,emattiolii0@imdb.com
650,Rob Latimer,24100 Dorton Hill,66220,KS,rlatimeri1@github.com
651,Karee Blaine,82934 Washington Plaza,11480,NY,kblainei2@un.org
652,Verina Kerton,98630 Truax Circle,14210,NY,vkertoni3@blogger.com
653,Fernanda Targe,29513 Susan Drive,95405,CA,ftargei4@hud.gov
654,Maren Klagge,3 Elka Lane,06533,CT,mklaggei5@ifeng.com
655,Roi Trinke,66856 Jackson Terrace,91125,CA,rtrinkei6@ox.ac.uk
656,Hamid Woodley,60 Truax Hill,90005,CA,hwoodleyi7@skyrock.com
657,Shawna Argontt,31795 Fieldstone Avenue,93704,CA,sargontti8@intel.com
658,Glenn Narramor,63995 Nobel Park,95133,CA,gnarramori9@spotify.com
659,Georgetta Filippello,5961 Merry Plaza,16522,PA,gfilippelloia@bandcamp.com
660,Pip Selwyne,065 Clemons Lane,35805,AL,pselwyneib@adobe.com
661,Maddy Pyvis,48492 Montana Way,92648,CA,mpyvisic@ox.ac.uk
662,Nessa Peartree,1 Butternut Place,11254,NY,npeartreeid@newsvine.com
663,Suzy Brandenberg,92187 Toban Plaza,91913,CA,sbrandenbergie@huffingtonpost.com
664,Honoria Lowis,66 Sachtjen Drive,10014,NY,hlowisif@google.co.jp
665,Codie Danbi,27 Delaware Terrace,92013,CA,cdanbiig@reverbnation.com
666,Ronni Payle,450 Sloan Lane,35805,AL,rpayleih@usda.gov
667,Micki Lartice,675 Fairfield Street,80045,CO,mlarticeii@blogs.com
668,Temp Cicchinelli,5349 Twin Pines Avenue,68179,NE,tcicchinelliij@unblog.fr
669,Tallie Tierny,70 Mesta Way,53220,WI,ttiernyik@discuz.net
670,Cissy Lycett,56 Calypso Drive,27415,NC,clycettil@bloomberg.com
671,Tine Bilbrey,34443 Carey Avenue,40618,KY,tbilbreyim@goo.gl
672,Langston Llewhellin,9841 Rigney Park,97201,OR,lllewhellinin@cnn.com
673,Tiffani Macauley,607 Cambridge Crossing,10175,NY,tmacauleyio@tiny.cc
674,Edin McReynolds,429 Longview Junction,35295,AL,emcreynoldsip@issuu.com
675,Urbain Gass,1 Luster Alley,28210,NC,ugassiq@facebook.com
676,Constantine Sivewright,635 Lyons Center,71914,AR,csivewrightir@livejournal.com
677,Stacee Hambatch,92 Badeau Park,85040,AZ,shambatchis@topsy.com
678,Georgie Barmadier,18545 Sutteridge Hill,98498,WA,gbarmadierit@typepad.com
679,Worth Olekhov,011 Forest Pass,32868,FL,wolekhoviu@51.la
680,Liliane Dornin,5762 Bobwhite Park,02298,MA,ldorniniv@pbs.org
681,Noemi De La Coste,922 Granby Court,36628,AL,ndeiw@china.com.cn
682,Garfield Skillen,5 Manley Point,78426,TX,gskillenix@tripadvisor.com
683,Fernandina Eskrigg,31 Pankratz Crossing,60208,IL,feskriggiy@cloudflare.com
684,Fairlie Spyvye,0 Arizona Place,27499,NC,fspyvyeiz@addthis.com
685,Marlie Lages,14441 Lakewood Trail,99599,AK,mlagesj0@fema.gov
686,Nils Dameisele,616 Bashford Road,71166,LA,ndameiselej1@yandex.ru
687,Kele Shenton,4 Springview Parkway,20215,DC,kshentonj2@cocolog-nifty.com
688,Caesar Dradey,08833 Forest Run Center,14220,NY,cdradeyj3@sfgate.com
689,Karlis O'Flaverty,2 Blackbird Alley,75799,TX,koflavertyj4@narod.ru
690,Brice Maple,23 Melby Hill,23260,VA,bmaplej5@opera.com
691,Sella Readett,639 Utah Point,94142,CA,sreadettj6@purevolume.com
692,Ora Symers,15718 Loomis Pass,61110,IL,osymersj7@dot.gov
693,Lyell Lunn,80 Montana Way,31165,GA,llunnj8@devhub.com
694,Missie Cowles,78231 Sugar Court,27710,NC,mcowlesj9@amazon.co.uk
695,Shandra Ackery,04071 Ryan Alley,93291,CA,sackeryja@marriott.com
696,Conchita Cessford,6 Westport Drive,43284,OH,ccessfordjb@mediafire.com
697,Charlene Simmgen,64 Mariners Cove Terrace,30328,GA,csimmgenjc@arizona.edu
698,Oralle Mawne,3072 Straubel Pass,87115,NM,omawnejd@histats.com
699,Schuyler Bracey,71 David Avenue,78470,TX,sbraceyje@typepad.com
700,Sheelah Brellin,94 Ridgeview Point,74149,OK,sbrellinjf@liveinternet.ru
701,Samaria McKimmie,9 Sage Way,84145,UT,smckimmiejg@springer.com
702,Sofie Olifard,7 7th Center,15230,PA,solifardjh@jugem.jp
703,Boone Beningfield,125 Clove Way,78255,TX,bbeningfieldji@lulu.com
704,Hope Kliche,6936 Nelson Center,78260,TX,hklichejj@php.net
705,Ly Ellam,3 Jackson Road,02203,MA,lellamjk@sbwire.com
706,Sallie Morland,3 Meadow Vale Road,40225,KY,smorlandjl@europa.eu
707,Cristin Fellos,6 Amoth Hill,78769,TX,cfellosjm@shinystat.com
708,Talyah Crayton,1968 Knutson Avenue,10170,NY,tcraytonjn@netscape.com
709,Brook Slatter,44245 Columbus Circle,94245,CA,bslatterjo@etsy.com
710,Rebecca Covil,74155 Carey Road,23663,VA,rcoviljp@marketwatch.com
711,Huntington Pawlik,85 Novick Parkway,95150,CA,hpawlikjq@indiegogo.com
712,Elise Dinesen,25 David Drive,06160,CT,edinesenjr@eventbrite.com
713,Clarita Roskeilly,4832 Farwell Center,96805,HI,croskeillyjs@illinois.edu
714,Onida Saye,09010 Columbus Court,11236,NY,osayejt@hatena.ne.jp
715,Rogers Cowely,252 Oak Valley Center,77212,TX,rcowelyju@printfriendly.com
716,Athena Linch,3885 Waubesa Drive,40256,KY,alinchjv@google.com.hk
717,Cosetta Ivoshin,48 Ramsey Way,10557,NY,civoshinjw@liveinternet.ru
718,Cob Athowe,034 Sommers Avenue,48912,MI,cathowejx@ca.gov
719,Marnia Blagdon,46 Mitchell Road,36605,AL,mblagdonjy@livejournal.com
720,Cornelius Ventom,2 Milwaukee Lane,23464,VA,cventomjz@pen.io
721,Syman Elverston,24 Acker Drive,22903,VA,selverstonk0@amazon.co.jp
722,Cleveland Pharaoh,91480 Paget Alley,85005,AZ,cpharaohk1@google.com.au
723,Larry Bootton,6987 Crownhardt Way,81005,CO,lboottonk2@behance.net
724,Ransom Verduin,2833 Vernon Hill,19125,PA,rverduink3@infoseek.co.jp
725,Holmes Orgen,35 Heath Plaza,52410,IA,horgenk4@cloudflare.com
726,Gloriana Fowls,51439 Oakridge Avenue,94250,CA,gfowlsk5@jugem.jp
727,Trisha Garner,3 Sachs Center,79923,TX,tgarnerk6@virginia.edu
728,Burch Featherstonhalgh,778 Commercial Parkway,68531,NE,bfeatherstonhalghk7@icq.com
729,Sybille Shevlane,475 Red Cloud Trail,63180,MO,sshevlanek8@cisco.com
730,Nancie Hryskiewicz,90 Sunbrook Court,34479,FL,nhryskiewiczk9@cisco.com
731,Lari Benedtti,1505 Brown Crossing,91499,CA,lbenedttika@economist.com
732,Riley Risebrow,97891 Kipling Lane,83722,ID,rrisebrowkb@dailymotion.com
733,Bob Sonner,76 Cody Terrace,77386,TX,bsonnerkc@marketwatch.com
734,Davie Skin,07 Dayton Center,59623,MT,dskinkd@tripod.com
735,Gram Luten,5331 Sutteridge Place,64109,MO,glutenke@apache.org
736,Karisa Dalli,95 Utah Drive,63131,MO,kdallikf@apple.com
737,Cassie Moffett,02816 Vera Parkway,08619,NJ,cmoffettkg@google.it
738,Kittie Cobbold,876 Mandrake Street,50393,IA,kcobboldkh@toplist.cz
739,Al Tandy,5 Chinook Circle,15235,PA,atandyki@ftc.gov
740,Rhianna Gribbell,51350 East Street,60351,IL,rgribbellkj@tripadvisor.com
741,Annamarie Exeter,40 Bay Court,73179,OK,aexeterkk@tuttocitta.it
742,Carolynn Furmonger,2732 Iowa Parkway,77045,TX,cfurmongerkl@phoca.cz
743,Misha French,5 Mayer Pass,32225,FL,mfrenchkm@wisc.edu
744,Gordy Van Eeden,03394 Maple Wood Terrace,52245,IA,gvankn@wikispaces.com
745,Gabbi Aiskrigg,8 Emmet Drive,32304,FL,gaiskriggko@wordpress.com
746,Gloria Kenlin,237 Shopko Circle,45426,OH,gkenlinkp@addthis.com
747,Lynea Kinder,702 Roxbury Alley,16107,PA,lkinderkq@barnesandnoble.com
748,Brunhilda Henniger,9 Hoffman Center,20883,MD,bhennigerkr@networkadvertising.org
749,Sofie Nickerson,680 Badeau Court,75277,TX,snickersonks@sciencedaily.com
750,Angelique Gowrie,40 Farwell Circle,14619,NY,agowriekt@cbslocal.com
751,Roddy Rate,9458 Village Green Junction,90101,CA,rrateku@omniture.com
752,Frieda Sinisbury,2246 Reindahl Road,36605,AL,fsinisburykv@discovery.com
753,Elinore Coffin,572 Bellgrove Place,38150,TN,ecoffinkw@jiathis.com
754,Margret Waplinton,890 Oak Street,29610,SC,mwaplintonkx@china.com.cn
755,Pansy Morrall,34 Bayside Terrace,94159,CA,pmorrallky@yandex.ru
756,Darbie Thaim,98984 Gerald Circle,55428,MN,dthaimkz@ning.com
757,Forest Barbary,28 Victoria Center,77305,TX,fbarbaryl0@xing.com
758,Sher Duxbury,57285 Mariners Cove Junction,45999,OH,sduxburyl1@vinaora.com
759,Alden Luno,0 Karstens Court,30096,GA,alunol2@disqus.com
760,Ally Pulver,75332 Bowman Crossing,62756,IL,apulverl3@eepurl.com
761,Margi Humpage,0459 Pierstorff Crossing,01813,MA,mhumpagel4@icio.us
762,Daveen Piddington,88 Heath Plaza,23324,VA,dpiddingtonl5@alibaba.com
763,Bekki Toone,24591 Warbler Road,75367,TX,btoonel6@fc2.com
764,Remus Soda,6466 Messerschmidt Lane,66606,KS,rsodal7@istockphoto.com
765,Kit Isitt,69 Ridgeview Way,20319,DC,kisittl8@de.vu
766,Glenn Yakebovitch,929 Oak Parkway,10090,NY,gyakebovitchl9@nytimes.com
767,Teresina Sidnall,834 Dixon Crossing,73179,OK,tsidnallla@a8.net
768,Moyna Tolomelli,8095 Autumn Leaf Street,90605,CA,mtolomellilb@virginia.edu
769,Davon Asty,6 Tony Court,32825,FL,dastylc@baidu.com
770,Ida Willatt,03 Autumn Leaf Hill,77713,TX,iwillattld@oaic.gov.au
771,Jervis Lutton,6 Merry Junction,32859,FL,jluttonle@businessinsider.com
772,Humbert Dunlop,6 Anhalt Crossing,27404,NC,hdunloplf@umn.edu
773,Aloysia Yeldham,2874 Kings Parkway,37450,TN,ayeldhamlg@twitter.com
774,Merilyn Stolte,19000 Eastwood Plaza,40220,KY,mstoltelh@google.it
775,Ricky Furmage,8607 Golf Course Lane,68164,NE,rfurmageli@fda.gov
776,Cobb Richemond,539 Truax Avenue,22184,VA,crichemondlj@wsj.com
777,Andras Norcliff,177 Fairfield Alley,90805,CA,anorclifflk@intel.com
778,Brantley Ruppel,2 Lotheville Hill,38109,TN,bruppelll@yellowpages.com
779,Phaedra Witherbed,8063 Algoma Place,30311,GA,pwitherbedlm@imdb.com
780,Keven Arrighi,39 Almo Alley,73190,OK,karrighiln@bloomberg.com
781,Jess Drane,7 Sauthoff Center,20073,DC,jdranelo@blinklist.com
782,Leroy Anderer,6987 Oak Park,13224,NY,landererlp@spotify.com
783,Devin Kliemann,61 Hauk Center,72905,AR,dkliemannlq@fastcompany.com
784,Leroi Nestoruk,3 Golf Course Circle,11024,NY,lnestoruklr@wikipedia.org
785,Thekla Layzell,840 Fordem Circle,27455,NC,tlayzellls@spotify.com
786,Darn Torrie,98 Columbus Park,55480,MN,dtorrielt@bluehost.com
787,Ophelia Pevreal,19 New Castle Point,68583,NE,opevreallu@qq.com
788,Candie Augustin,5145 Bartillon Park,14215,NY,caugustinlv@vistaprint.com
789,Lorrie Southway,76 Sachs Point,90060,CA,lsouthwaylw@delicious.com
790,Myrle Frammingham,76150 Autumn Leaf Circle,11431,NY,mframminghamlx@jimdo.com
791,Torey Kornel,0 Carey Parkway,55448,MN,tkornelly@photobucket.com
792,Reinaldo Wiggam,101 Vahlen Place,43226,OH,rwiggamlz@clickbank.net
793,Carree Kaindl,8344 5th Street,03105,NH,ckaindlm0@sakura.ne.jp
794,Clarie Osborn,1917 Moose Park,85284,AZ,cosbornm1@columbia.edu
795,Brita Moquin,7 Westerfield Drive,20591,DC,bmoquinm2@loc.gov
796,Clarette Wildman,9 Sommers Parkway,70183,LA,cwildmanm3@seattletimes.com
797,Dela Reyson,097 Saint Paul Terrace,90071,CA,dreysonm4@forbes.com
798,Averil Quartermaine,30060 Bayside Street,73179,OK,aquartermainem5@wordpress.com
799,Tripp Jirik,6679 Becker Park,79940,TX,tjirikm6@liveinternet.ru
800,Gary Mcwhinney,41095 Packers Park,03105,NH,gmcwhinneym7@cmu.edu
801,Matilda Chittie,2385 Glacier Hill Point,27404,NC,mchittiem8@google.it
802,Tania O'Brien,0 Browning Drive,74156,OK,tobrienm9@a8.net
803,Annelise Dorkin,0 Kropf Junction,79188,TX,adorkinma@alexa.com
804,Owen Pittock,5 Bashford Terrace,35405,AL,opittockmb@twitter.com
805,Gratia Bence,55694 Ohio Street,37205,TN,gbencemc@typepad.com
806,Heath Anstey,59933 Mitchell Lane,94147,CA,hansteymd@trellian.com
807,Ernie Pettis,31 Bay Plaza,34135,FL,epettisme@rediff.com
808,Binnie Gabitis,317 Cardinal Terrace,16505,PA,bgabitismf@ftc.gov
809,Udall Capponer,7268 Northridge Lane,39210,MS,ucapponermg@cafepress.com
810,Bianka Merredy,3765 Melrose Park,79916,TX,bmerredymh@cloudflare.com
811,Meyer Icke,246 Atwood Terrace,23324,VA,mickemi@hubpages.com
812,Roddy Emanulsson,269 Bultman Lane,73114,OK,remanulssonmj@multiply.com
813,Clemmy Cheng,8 Mcbride Road,64125,MO,cchengmk@ucoz.com
814,Armin Thoday,93247 Miller Road,37240,TN,athodayml@slashdot.org
815,Barbey Gillhespy,5643 Ridge Oak Plaza,27626,NC,bgillhespymm@state.tx.us
816,Dayna Barry,2378 Bonner Hill,15279,PA,dbarrymn@bluehost.com
817,Lurleen Ostridge,448 Fieldstone Terrace,30386,GA,lostridgemo@deliciousdays.com
818,Gonzalo Boniface,9 Sutteridge Avenue,80299,CO,gbonifacemp@xrea.com
819,Carmel Glasscoo,3 Cardinal Street,67215,KS,cglasscoomq@acquirethisname.com
820,Marion Latch,91957 Doe Crossing Point,84403,UT,mlatchmr@blogspot.com
821,Jerrie Thaller,12328 Colorado Road,92668,CA,jthallerms@behance.net
822,Merrielle Knighton,420 Bellgrove Place,77035,TX,mknightonmt@forbes.com
823,Winna Willers,0578 Atwood Point,12325,NY,wwillersmu@wired.com
824,Immanuel Gilley,60016 Heffernan Center,20530,DC,igilleymv@ca.gov
825,Eda Gouthier,4 Park Meadow Plaza,25389,WV,egouthiermw@lycos.com
826,Gabie McAirt,721 Sycamore Parkway,91841,CA,gmcairtmx@reverbnation.com
827,Christine Idiens,84191 Menomonie Parkway,40505,KY,cidiensmy@ebay.com
828,Aurie Woodnutt,02 Lotheville Alley,93094,CA,awoodnuttmz@theglobeandmail.com
829,Oliy Lince,8 Manley Center,43699,OH,olincen0@drupal.org
830,Lora Planks,286 Anhalt Center,90805,CA,lplanksn1@hexun.com
831,Barris Ornells,8 Russell Lane,70160,LA,bornellsn2@gnu.org
832,Rodney Marking,212 Judy Hill,72905,AR,rmarkingn3@stumbleupon.com
833,Erminie Haacker,62807 Shasta Way,77035,TX,ehaackern4@miibeian.gov.cn
834,Vikky Mort,902 Luster Center,33763,FL,vmortn5@opera.com
835,Diann Jahncke,1515 Hermina Street,37416,TN,djahncken6@homestead.com
836,Minne Docksey,157 Morning Street,11254,NY,mdockseyn7@addtoany.com
837,Randie Mayger,4189 Sage Crossing,62711,IL,rmaygern8@cyberchimps.com
838,Carmel Maryska,92 Shasta Junction,48956,MI,cmaryskan9@kickstarter.com
839,Aloin Fullwood,13582 Melrose Parkway,15250,PA,afullwoodna@infoseek.co.jp
840,Mellie Jeanenet,63844 Shoshone Way,44105,OH,mjeanenetnb@bluehost.com
841,Christie Griffitt,8 Anderson Point,30386,GA,cgriffittnc@uol.com.br
842,Miles Diego,2971 Elka Parkway,19714,DE,mdiegond@google.it
843,Gabbie Dransfield,04083 Anderson Avenue,90071,CA,gdransfieldne@bloomberg.com
844,Micki Mapples,3 Corscot Crossing,33129,FL,mmapplesnf@thetimes.co.uk
845,Westley Wickett,7778 Bonner Avenue,92160,CA,wwickettng@dion.ne.jp
846,Julietta Corris,3 Oneill Circle,84093,UT,jcorrisnh@xinhuanet.com
847,Clementine O'Donnell,1 Monterey Place,32941,FL,codonnellni@xing.com
848,Afton Tritten,03041 Pleasure Circle,99599,AK,atrittennj@spiegel.de
849,Pascale Davidove,6153 Meadow Ridge Avenue,38126,TN,pdavidovenk@dedecms.com
850,Arlinda Swansborough,847 Dottie Parkway,23225,VA,aswansboroughnl@discuz.net
851,Wiatt Godber,611 Grayhawk Trail,76096,TX,wgodbernm@cdc.gov
852,Nance McNevin,45058 Bay Junction,64054,MO,nmcnevinnn@newsvine.com
853,Christoffer Lotte,0 Waywood Trail,05609,VT,clotteno@hugedomains.com
854,Matelda Shrieve,2716 Nancy Plaza,44185,OH,mshrievenp@admin.ch
855,Imelda Cescoti,784 Stoughton Street,21747,MD,icescotinq@china.com.cn
856,Nessie Feldbrin,4672 Pierstorff Trail,77255,TX,nfeldbrinnr@paginegialle.it
857,Phillipe McComas,33004 Myrtle Point,11436,NY,pmccomasns@google.nl
858,Nata Ramsier,5 Mariners Cove Point,30311,GA,nramsiernt@cnet.com
859,Berrie Liveley,72 Anthes Park,36119,AL,bliveleynu@guardian.co.uk
860,Daven Camm,0617 Dorton Plaza,30343,GA,dcammnv@t-online.de
861,Faythe Snowling,1000 Red Cloud Trail,73173,OK,fsnowlingnw@noaa.gov
862,Amitie Petrozzi,65 Swallow Point,35225,AL,apetrozzinx@rakuten.co.jp
863,Sergei Kenealy,2 Jenifer Lane,23324,VA,skenealyny@pinterest.com
864,Casar Hindes,74 Banding Junction,77070,TX,chindesnz@gov.uk
865,Annecorinne Trill,602 Moland Parkway,32964,FL,atrillo0@technorati.com
866,Kahlil Del Checolo,6 Boyd Terrace,90015,CA,kdelo1@ucoz.ru
867,Roth Cowtherd,654 Kinsman Pass,68531,NE,rcowtherdo2@dailymail.co.uk
868,Akim Cuddehy,8 Miller Alley,45254,OH,acuddehyo3@ucoz.com
869,Jakie Liveley,1704 Barby Place,94280,CA,jliveleyo4@123-reg.co.uk
870,Hermione Edelheid,5 Clarendon Street,88569,TX,hedelheido5@shareasale.com
871,Walliw Artinstall,39044 Warner Hill,53277,WI,wartinstallo6@mlb.com
872,Hugo Flancinbaum,26 Buhler Road,76705,TX,hflancinbaumo7@dion.ne.jp
873,Amalita Liddell,96223 Welch Terrace,48206,MI,aliddello8@washingtonpost.com
874,Fenelia Ivetts,8 Algoma Trail,22036,VA,fivettso9@so-net.ne.jp
875,Horten Rebillard,59 Wayridge Circle,79968,TX,hrebillardoa@cam.ac.uk
876,Karissa Humby,62 Park Meadow Trail,20566,DC,khumbyob@ed.gov
877,Gabey Milan,0182 Fairfield Way,20470,DC,gmilanoc@scribd.com
878,Pancho Squibb,90 4th Street,75049,TX,psquibbod@auda.org.au
879,Florina Stout,3030 Duke Pass,55487,MN,fstoutoe@blinklist.com
880,Roarke Grocock,51575 Fallview Place,33034,FL,rgrocockof@shareasale.com
881,Herby Langelay,4 Logan Trail,02208,MA,hlangelayog@vk.com
882,Devinne Collyns,5500 Oriole Plaza,20005,DC,dcollynsoh@independent.co.uk
883,Collen Brun,5 Spohn Point,94154,CA,cbrunoi@amazonaws.com
884,Clarisse Culcheth,52 Lake View Terrace,77212,TX,cculchethoj@nhs.uk
885,Lulu Tern,9748 Old Gate Lane,76310,TX,lternok@edublogs.org
886,Lorianna Doble,87742 East Circle,11854,NY,ldobleol@usgs.gov
887,Jules Castel,6 Eggendart Terrace,78682,TX,jcastelom@dailymotion.com
888,Annabell Hullah,1213 Upham Hill,20409,DC,ahullahon@vk.com
889,Jodie Bignall,6772 Gulseth Place,28805,NC,jbignalloo@nymag.com
890,Alyda Carbonell,72 Loomis Court,20784,MD,acarbonellop@1und1.de
891,Joann Gimlet,91 Elgar Point,19131,PA,jgimletoq@ucla.edu
892,Calvin Hollows,4556 Briar Crest Park,94263,CA,chollowsor@mozilla.org
893,Jacinta Weatherhill,974 Charing Cross Point,75241,TX,jweatherhillos@bbb.org
894,Francois Magrannell,497 Morningstar Plaza,45296,OH,fmagrannellot@123-reg.co.uk
895,Trenna Bertenshaw,08 Bellgrove Park,20041,DC,tbertenshawou@ft.com
896,Odette Starmore,0 Dixon Plaza,33686,FL,ostarmoreov@mozilla.com
897,Thedric Lenormand,89 Luster Parkway,47937,IN,tlenormandow@aboutads.info
898,Brigid Illiston,91168 Vahlen Street,10454,NY,billistonox@godaddy.com
899,Skip Winnard,1124 Oak Valley Place,33330,FL,swinnardoy@vkontakte.ru
900,Christabella Meatcher,63 Darwin Hill,34643,FL,cmeatcheroz@wordpress.org
901,Jakie Garett,1 Meadow Vale Crossing,30392,GA,jgarettp0@miitbeian.gov.cn
902,Amelie McHenry,96243 Hudson Junction,94159,CA,amchenryp1@cbc.ca
903,Caesar Hessay,0 Redwing Alley,20268,DC,chessayp2@twitter.com
904,Ingamar Phebey,047 Fair Oaks Center,20051,DC,iphebeyp3@businessweek.com
905,Fay Murfett,57607 Mariners Cove Drive,45454,OH,fmurfettp4@upenn.edu
906,Rois Jiru,245 Anzinger Circle,14639,NY,rjirup5@liveinternet.ru
907,Cross Louche,3 Shopko Hill,10131,NY,clouchep6@w3.org
908,Rina Ilott,423 Old Shore Point,76115,TX,rilottp7@free.fr
909,Arny Cowen,7 Morning Point,85040,AZ,acowenp8@shinystat.com
910,Nikolaus Frankiss,74472 Steensland Avenue,33673,FL,nfrankissp9@ezinearticles.com
911,Merrili Parr,20 Shopko Trail,32813,FL,mparrpa@wikispaces.com
912,Traver Zum Felde,601 Hauk Street,94544,CA,tzumpb@reference.com
913,Rayner Bottjer,70422 Moland Plaza,32526,FL,rbottjerpc@dagondesign.com
914,Stacee Robbs,57876 Boyd Junction,93715,CA,srobbspd@geocities.com
915,Giulio McShee,537 Grim Plaza,78759,TX,gmcsheepe@irs.gov
916,Tildi Waples,4 Steensland Junction,21211,MD,twaplespf@google.com.br
917,Jobie Clifforth,9351 Pierstorff Plaza,74184,OK,jclifforthpg@imageshack.us
918,Everard Lechelle,05 Kenwood Circle,48956,MI,elechelleph@irs.gov
919,Donny Colls,5 John Wall Place,93291,CA,dcollspi@uiuc.edu
920,Manuel Chapellow,7 Comanche Court,68144,NE,mchapellowpj@ask.com
921,Brenda Tidman,95 Memorial Alley,76192,TX,btidmanpk@quantcast.com
922,Bard Drinkale,6253 Clove Drive,38161,TN,bdrinkalepl@phpbb.com
923,Rolland Anselm,05 Sunfield Parkway,35905,AL,ranselmpm@blogtalkradio.com
924,Aubrey Erangy,44243 Beilfuss Park,22047,VA,aerangypn@wordpress.org
925,Fredia Cowper,1453 South Court,02216,MA,fcowperpo@clickbank.net
926,Euell Josefsson,533 Prairie Rose Alley,08650,NJ,ejosefssonpp@lulu.com
927,Bernita Baudy,8033 Pleasure Parkway,60630,IL,bbaudypq@wufoo.com
928,Karl Dobbson,59 Mifflin Court,23612,VA,kdobbsonpr@arizona.edu
929,Bel Swanbourne,5533 Hoffman Lane,61651,IL,bswanbourneps@google.fr
930,Ora Josipovic,60 Luster Alley,25336,WV,ojosipovicpt@surveymonkey.com
931,Osmond Sommerfeld,3155 Annamark Trail,77554,TX,osommerfeldpu@themeforest.net
932,Eddy Iacivelli,0277 Monterey Place,30033,GA,eiacivellipv@google.com.br
933,Elisabeth Gerritsma,8910 Linden Pass,79968,TX,egerritsmapw@accuweather.com
934,Bing Muro,6 Gale Pass,46805,IN,bmuropx@paginegialle.it
935,Benedicta Roberto,98182 Goodland Trail,12232,NY,brobertopy@cnn.com
936,Hasty Cossans,63 Veith Drive,80241,CO,hcossanspz@vkontakte.ru
937,Allen Gallafant,433 Hudson Trail,48604,MI,agallafantq0@lulu.com
938,Che Perkinson,89 Prentice Park,33448,FL,cperkinsonq1@netscape.com
939,Kissiah Ledner,52 Clemons Hill,94177,CA,klednerq2@issuu.com
940,Honor Summersett,0221 Burrows Way,46896,IN,hsummersettq3@storify.com
941,Chrissie Frobisher,81 Northridge Hill,20078,DC,cfrobisherq4@rakuten.co.jp
942,Meir Carrane,22 Northview Crossing,38143,TN,mcarraneq5@skyrock.com
943,Sheila Maynard,35 Amoth Way,62764,IL,smaynardq6@ed.gov
944,Norry Stothard,48 Cordelia Avenue,32215,FL,nstothardq7@bloglines.com
945,Sheeree Cayet,873 Trailsway Point,46862,IN,scayetq8@archive.org
946,Grantley Cutmere,83 Carioca Avenue,97221,OR,gcutmereq9@ezinearticles.com
947,Micheline Reardon,355 Laurel Point,64109,MO,mreardonqa@google.es
948,Ab Helks,1895 East Parkway,91520,CA,ahelksqb@wix.com
949,Leelah Healks,7864 Dapin Road,34210,FL,lhealksqc@usnews.com
950,Pippa Cusick,00226 Bluestem Drive,87110,NM,pcusickqd@ustream.tv
951,Tyne McVey,213 Talisman Road,12325,NY,tmcveyqe@geocities.com
952,Meredeth Sarfass,6326 Blue Bill Park Pass,55428,MN,msarfassqf@wisc.edu
953,Sydel Rubury,3038 Dexter Drive,84152,UT,sruburyqg@shareasale.com
954,Talbert Bellsham,043 Killdeer Court,38126,TN,tbellshamqh@taobao.com
955,Nancey Gori,654 Menomonie Court,46896,IN,ngoriqi@about.com
956,Martyn Foxley,4 Briar Crest Junction,40293,KY,mfoxleyqj@tripod.com
957,Barry Eary,00 Saint Paul Drive,93794,CA,bearyqk@hatena.ne.jp
958,Ramona Pettipher,843 Oak Parkway,89110,NV,rpettipherql@wisc.edu
959,Harmonie Garret,8757 Sutherland Lane,89125,NV,hgarretqm@kickstarter.com
960,Brittany Glasman,627 Autumn Leaf Circle,80228,CO,bglasmanqn@flickr.com
961,Kelsi Sign,662 Portage Pass,61629,IL,ksignqo@squidoo.com
962,Ardath Poole,5 Farragut Place,19714,DE,apooleqp@diigo.com
963,Angelica Overshott,47382 David Trail,43699,OH,aovershottqq@sourceforge.net
964,Marlowe Whorf,34717 Fordem Circle,77293,TX,mwhorfqr@mac.com
965,Cesar Gravells,6311 Cambridge Crossing,66617,KS,cgravellsqs@washington.edu
966,Malanie MacCostye,7872 Fair Oaks Drive,90087,CA,mmaccostyeqt@yahoo.co.jp
967,Natasha Uzelli,20457 Memorial Circle,97211,OR,nuzelliqu@google.ru
968,Haroun Reims,8 Corry Road,20189,VA,hreimsqv@symantec.com
969,Paco Rawlyns,037 Pine View Street,33336,FL,prawlynsqw@nyu.edu
970,Sibylla Tyndall,4 Brickson Park Plaza,38168,TN,styndallqx@e-recht24.de
971,Cletus Hartop,3589 Carberry Point,20189,VA,chartopqy@skyrock.com
972,Gayle Triggle,49358 Prairieview Road,84105,UT,gtriggleqz@earthlink.net
973,Cathi Guerry,74 Drewry Plaza,89145,NV,cguerryr0@harvard.edu
974,Ianthe Gyford,01541 Little Fleur Pass,72209,AR,igyfordr1@lulu.com
975,Brandice Beverage,9 Morningstar Way,77228,TX,bbeverager2@blog.com
976,Rollo Mattacks,321 Onsgard Place,29805,SC,rmattacksr3@usnews.com
977,Budd Carleman,0506 Continental Court,92668,CA,bcarlemanr4@reuters.com
978,Faulkner Gandey,71 Sachtjen Trail,92145,CA,fgandeyr5@alexa.com
979,Helen Robertshaw,32 Rieder Circle,44310,OH,hrobertshawr6@usa.gov
980,Mellicent Capener,72 Kipling Alley,33153,FL,mcapenerr7@sourceforge.net
981,Cecilla Baughan,4 Clemons Street,29215,SC,cbaughanr8@mail.ru
982,Tabatha Stockley,26 Eliot Place,55146,MN,tstockleyr9@time.com
983,Gerek Boughton,0 Longview Center,33129,FL,gboughtonra@hatena.ne.jp
984,Chase Harris,94255 American Point,10270,NY,charrisrb@fema.gov
985,Tanhya Yokley,9 Westend Alley,52245,IA,tyokleyrc@yale.edu
986,Averil Muzzollo,9 Pine View Drive,33261,FL,amuzzollord@simplemachines.org
987,Nanette Greber,0 Di Loreto Place,95354,CA,ngreberre@lulu.com
988,Maddie Swanborrow,70054 Tennyson Court,48126,MI,mswanborrowrf@t-online.de
989,Robbie Pieche,6511 Rutledge Pass,38150,TN,rpiecherg@sogou.com
990,Gillie Dellow,3353 Fairview Lane,93291,CA,gdellowrh@geocities.jp
991,Benjamin Putnam,6989 5th Trail,33064,FL,bputnamri@pbs.org
992,Janifer Duigenan,2465 Longview Lane,07208,NJ,jduigenanrj@cpanel.net
993,Finlay Frango,66 Bunker Hill Terrace,14604,NY,ffrangork@usatoday.com
994,Ricoriki Wincott,39 Sachtjen Road,77065,TX,rwincottrl@zdnet.com
995,Shayla Mollatt,30 Debra Pass,87190,NM,smollattrm@etsy.com
996,Kirbie Edwin,6310 Morning Trail,79911,TX,kedwinrn@time.com
997,Murray Oxteby,80997 Sunbrook Plaza,77245,TX,moxtebyro@uiuc.edu
998,Vernice Ruskin,196 Glacier Hill Place,35244,AL,vruskinrp@blogs.com
999,Hubie Gauson,0 Caliangt Street,79182,TX,hgausonrq@cornell.edu
1000,Tabina Southorn,489 Randy Center,13251,NY,tsouthornrr@privacy.gov.au
