id,name,address,zipcode,state,email
1,Jonas Whyman,86 Union Road,90065,CA,jwhyman0@people.com.cn
2,Gerald Cohane,7 Bashford Circle,78255,TX,gcohane1@cbslocal.com
3,Nadeen Whittuck,079 Troy Drive,74103,OK,nwhittuck2@typepad.com
4,Peta Jarlmann,5 Gerald Hill,02109,MA,pjarlmann3@taobao.com
5,Georgie Shawdforth,569 Northridge Park,19810,DE,gshawdforth4@qq.com
6,Thom Reddings,8329 Mallory Alley,76178,TX,treddings5@xinhuanet.com
7,Margarethe Lanegran,836 Declaration Terrace,25775,WV,mlanegran6@1688.com
8,Adair Rene,910 Eliot Street,23509,VA,arene7@ihg.com
9,Lay Adamek,52 Mariners Cove Place,85025,AZ,ladamek8@uiuc.edu
10,Blinny Flounders,6 Morning Park,76004,TX,bflounders9@constantcontact.com
11,Clarissa Drinkale,23 Ilene Drive,75241,TX,cdrinkalea@gravatar.com
12,Karalee Canby,737 Golden Leaf Circle,36622,AL,kcanbyb@quantcast.com
13,Leandra Liepmann,81868 Westerfield Drive,25331,WV,lliepmannc@sina.com.cn
14,Davide Luppitt,044 Ridgeview Alley,28815,NC,dluppittd@mysql.com
15,Cinnamon Brech,09514 Dryden Junction,68105,NE,cbreche@phoca.cz
16,Rodger Raubenheimers,3062 Troy Court,80161,CO,rraubenheimersf@msn.com
17,Mozelle Jiracek,32 Dawn Avenue,55805,MN,mjiracekg@theatlantic.com
18,Hertha Edmed,34 6th Court,25711,WV,hedmedh@facebook.com
19,Huntley Kilfoyle,0 Kropf Road,25389,WV,hkilfoylei@nba.com
20,Randi Brook,13675 West Way,76210,TX,rbrookj@reference.com
21,Tom Musso,40 Rutledge Junction,92127,CA,tmussok@geocities.jp
22,Anestassia Cloy,55875 Morningstar Point,94280,CA,acloyl@theguardian.com
23,Cash Toppin,314 Jenna Way,35295,AL,ctoppinm@networkadvertising.org
24,Field Dumsday,286 Vahlen Plaza,88563,TX,fdumsdayn@ycombinator.com
25,Lizette Goane,79 Fuller Plaza,55172,MN,lgoaneo@geocities.jp
26,Harrison But,2094 Hanson Court,74133,OK,hbutp@hud.gov
27,Leta Simeoni,20461 Helena Street,75241,TX,lsimeoniq@deliciousdays.com
28,Felike Dunthorn,050 Pierstorff Junction,97255,OR,fdunthornr@arizona.edu
29,Stesha Beever,740 Armistice Road,30130,GA,sbeevers@ow.ly
30,Larissa Hoyer,8 Hovde Plaza,89166,NV,lhoyert@e-recht24.de
31,Casey Simester,46069 Northridge Plaza,10160,NY,csimesteru@ebay.co.uk
32,Buiron Colchett,78457 Gale Parkway,34949,FL,bcolchettv@pbs.org
33,Melli Petche,4484 Elmside Court,38168,TN,mpetchew@yelp.com
34,Gizela Mishow,3 Sutteridge Court,76205,TX,gmishowx@liveinternet.ru
35,Renault Jodrelle,01227 Dawn Center,77806,TX,rjodrelley@photobucket.com
36,Arnie Gaunt,60264 Toban Trail,10029,NY,agauntz@myspace.com
37,Mei Swainger,0107 Lyons Lane,46620,IN,mswainger10@clickbank.net
38,Kit Orniz,22 Ilene Court,46247,IN,korniz11@wisc.edu
39,Valeda Keenlyside,0027 Lindbergh Hill,15235,PA,vkeenlyside12@yale.edu
40,Briano Trosdall,06687 Lakewood Terrace,10160,NY,btrosdall13@devhub.com
41,Shir Hendron,1807 Barnett Drive,36195,AL,shendron14@oracle.com
42,Robbert Mohan,79 Arapahoe Pass,14619,NY,rmohan15@nationalgeographic.com
43,Gavin Hourigan,24923 Cordelia Way,21216,MD,ghourigan16@netlog.com
44,Ernestine Haddeston,6504 Coolidge Terrace,83206,ID,ehaddeston17@artisteer.com
45,Joaquin Pennaman,2988 Atwood Street,68144,NE,jpennaman18@soundcloud.com
46,Ernesta Grestye,16 Golden Leaf Court,97306,OR,egrestye19@constantcontact.com
47,Fayth Coverlyn,668 Logan Circle,46825,IN,fcoverlyn1a@multiply.com
48,Phoebe Faldoe,87563 Scoville Alley,98424,WA,pfaldoe1b@exblog.jp
49,Christian Jackling,543 Mesta Street,33421,FL,cjackling1c@noaa.gov
50,Rahal McCarly,58952 Kenwood Crossing,11854,NY,rmccarly1d@sciencedaily.com
51,Doralynn Beaston,3 Lawn Hill,97306,OR,dbeaston1e@creativecommons.org
52,Dame Ianilli,92769 Commercial Junction,20073,DC,dianilli1f@cisco.com
53,Webster Genike,1312 Harbort Alley,06859,CT,wgenike1g@last.fm
54,Celene Sanja,29 Helena Junction,47737,IN,csanja1h@homestead.com
55,Carce Bredee,17 Center Drive,73124,OK,cbredee1i@fema.gov
56,Leone Dekeyser,0531 Lotheville Plaza,63169,MO,ldekeyser1j@jugem.jp
57,Scarlett Buncombe,93524 Lindbergh Crossing,94126,CA,sbuncombe1k@aol.com
58,Thibaud Wrigley,645 Scott Lane,25326,WV,twrigley1l@netscape.com
59,Cecil Coppin,8 Moland Hill,27621,NC,ccoppin1m@mashable.com
60,Thain Hawkswell,0 Everett Park,30301,GA,thawkswell1n@google.es
61,Alejandro Jervis,00 Corry Alley,80279,CO,ajervis1o@soup.io
62,Wylie Laurent,0866 Sutherland Pass,30022,GA,wlaurent1p@nationalgeographic.com
63,Cherlyn Mitchener,8094 Corry Place,78721,TX,cmitchener1q@washington.edu
64,Creight Overington,540 Fordem Alley,20404,DC,coverington1r@ftc.gov
65,Lock Charles,6004 Riverside Drive,13205,NY,lcharles1s@angelfire.com
66,Goddard Eseler,37 Carey Center,37215,TN,geseler1t@ftc.gov
67,Archer Rustman,4 Huxley Court,10090,NY,arustman1u@fastcompany.com
68,Aleksandr Peggs,840 Prentice Hill,84120,UT,apeggs1v@prlog.org
69,Ernestus Bloomfield,67 Hayes Way,10292,NY,ebloomfield1w@comsenz.com
70,Amandy Gunthorpe,37038 Vermont Trail,75342,TX,agunthorpe1x@imgur.com
71,Zelda Paunsford,48 Merrick Trail,49048,MI,zpaunsford1y@addtoany.com
72,Tony Crummay,379 Maple Wood Circle,91499,CA,tcrummay1z@ning.com
73,Rene Benninck,43086 Eastwood Point,90076,CA,rbenninck20@networksolutions.com
74,Peggi Chedzoy,9 Gulseth Place,48912,MI,pchedzoy21@ning.com
75,Maris Epsley,018 Warner Terrace,60614,IL,mepsley22@sitemeter.com
76,Mikel Going,2 Macpherson Alley,62705,IL,mgoing23@aboutads.info
77,Ted Edney,94223 Cardinal Avenue,44130,OH,tedney24@ibm.com
78,Aline Elie,4 Eagan Plaza,21275,MD,aelie25@weibo.com
79,Chastity Courtes,0608 Kropf Plaza,73119,OK,ccourtes26@vinaora.com
80,Worthy Kwiek,0268 6th Road,76115,TX,wkwiek27@baidu.com
81,Francene Croome,89 Esch Avenue,32204,FL,fcroome28@reference.com
82,Ellis Archibald,96 Lake View Plaza,48126,MI,earchibald29@indiegogo.com
83,Saxon Fuggles,448 Columbus Plaza,31106,GA,sfuggles2a@ibm.com
84,Wade Niven,64 Troy Street,76796,TX,wniven2b@walmart.com
85,Carmela Heard,784 Oxford Drive,48505,MI,cheard2c@theglobeandmail.com
86,Brien Blei,800 5th Avenue,79999,TX,bblei2d@noaa.gov
87,Karoly Blogg,4931 Melody Way,98206,WA,kblogg2e@mac.com
88,Jenni Furnell,39175 Hooker Lane,94042,CA,jfurnell2f@ebay.com
89,Maynard Wilsee,94318 Oriole Park,72231,AR,mwilsee2g@ebay.co.uk
90,Delcina Bonhan,8208 Coolidge Court,15261,PA,dbonhan2h@tumblr.com
91,Cyril Sprade,3 Boyd Center,15279,PA,csprade2i@deviantart.com
92,Kyla Lytell,31 Melrose Lane,27658,NC,klytell2j@163.com
93,Jack Foxley,7 Little Fleur Trail,33111,FL,jfoxley2k@usa.gov
94,Harmonia Thorpe,9257 Sullivan Road,78778,TX,hthorpe2l@de.vu
95,Katti Orniz,908 Eastlawn Court,11215,NY,korniz2m@linkedin.com
96,Joe Cancellario,7522 Waywood Parkway,30911,GA,jcancellario2n@admin.ch
97,Emmalynn Viveash,391 Pierstorff Court,10270,NY,eviveash2o@cpanel.net
98,Sigfried Balint,596 Reindahl Circle,89074,NV,sbalint2p@wufoo.com
99,Marty MacIlurick,0263 Debra Alley,95833,CA,mmacilurick2q@google.com
100,Jessa Thorp,853 Browning Park,02305,MA,jthorp2r@pagesperso-orange.fr
101,Sheffie Fould,7 Merry Avenue,06538,CT,sfould2s@drupal.org
102,Cecelia Airds,5 Hansons Trail,61635,IL,cairds2t@slideshare.net
103,Priscilla Bellenger,156 Eastlawn Street,80951,CO,pbellenger2u@oakley.com
104,Leonerd Water,21 Meadow Vale Place,94105,CA,lwater2v@dagondesign.com
105,Marlie Diwell,7830 Birchwood Avenue,65110,MO,mdiwell2w@house.gov
106,Annice Morena,49 Redwing Parkway,20036,DC,amorena2x@dell.com
107,Priscella O'Scully,242 Dottie Junction,20566,DC,poscully2y@google.com.au
108,Errol Inchan,35122 Oak Plaza,98907,WA,einchan2z@discovery.com
109,Legra Jouannin,8650 Farmco Court,20099,DC,ljouannin30@google.de
110,Pooh Weighell,804 Lotheville Hill,30195,GA,pweighell31@360.cn
111,Emory Pagel,1513 Graceland Park,14276,NY,epagel32@issuu.com
112,Adel Twomey,288 Anzinger Trail,06152,CT,atwomey33@simplemachines.org
113,Ursala Vasilyonok,5 Hudson Trail,47937,IN,uvasilyonok34@about.com
114,Moss Maylard,28 Barby Terrace,81015,CO,mmaylard35@usatoday.com
115,Corney Briffett,772 Milwaukee Road,45228,OH,cbriffett36@google.de
116,Jacki Celloni,42759 Farragut Junction,55103,MN,jcelloni37@vk.com
117,Gerladina Perigo,2086 Merry Court,50330,IA,gperigo38@bluehost.com
118,Brit Janca,0005 Corry Center,79916,TX,bjanca39@ft.com
119,Peggi Box,985 Hoffman Circle,89074,NV,pbox3a@bluehost.com
120,Horatius Strathe,3752 Harper Pass,93726,CA,hstrathe3b@joomla.org
121,Josh McQuillin,97 Kedzie Point,08104,NJ,jmcquillin3c@pbs.org
122,Bogey Whittier,407 Green Alley,32118,FL,bwhittier3d@nytimes.com
123,Truman Snary,0011 Tennyson Point,92555,CA,tsnary3e@elpais.com
124,Teresita Glastonbury,280 Summerview Road,70129,LA,tglastonbury3f@cbsnews.com
125,Jannel Opdenorth,05611 Kipling Street,53225,WI,jopdenorth3g@usa.gov
126,Ruprecht Howarth,64729 Bobwhite Road,20851,MD,rhowarth3h@php.net
127,Jemima Stelle,16566 Fair Oaks Center,27710,NC,jstelle3i@amazon.com
128,Lynsey Kenney,81500 Melby Hill,85737,AZ,lkenney3j@fotki.com
129,Rafael Elcy,21 Maryland Terrace,33310,FL,relcy3k@trellian.com
130,Glenn Cranfield,23499 Ryan Avenue,92030,CA,gcranfield3l@marketwatch.com
131,Libby Yoslowitz,765 Schlimgen Street,94237,CA,lyoslowitz3m@washington.edu
132,Eddie Sieve,35742 Rusk Junction,33436,FL,esieve3n@alibaba.com
133,Konstantine Darbyshire,83 Prairie Rose Road,98481,WA,kdarbyshire3o@un.org
134,Cookie Kirkam,97707 Fisk Alley,66699,KS,ckirkam3p@hibu.com
135,Rowland Scrivener,25 Crest Line Circle,32919,FL,rscrivener3q@yelp.com
136,Alasteir Eidelman,506 Huxley Street,10079,NY,aeidelman3r@hc360.com
137,Kimble Rakestraw,32166 Saint Paul Pass,65805,MO,krakestraw3s@statcounter.com
138,Curry Sinkings,92 Norway Maple Crossing,36689,AL,csinkings3t@fda.gov
139,Tiertza Briton,21964 Burning Wood Circle,14609,NY,tbriton3u@a8.net
140,Cinda Brownbill,42781 Memorial Parkway,34629,FL,cbrownbill3v@hubpages.com
141,Carmina Laroze,32 Elmside Terrace,33543,FL,claroze3w@php.net
142,Joly Locke,00605 Oxford Trail,12325,NY,jlocke3x@cnbc.com
143,Tades De Brett,17376 Springview Alley,18706,PA,tde3y@globo.com
144,Urson Heaphy,4 Aberg Junction,02119,MA,uheaphy3z@free.fr
145,Ara Satchell,755 Westerfield Plaza,31165,GA,asatchell40@apache.org
146,Itch Poley,83 Browning Alley,10260,NY,ipoley41@mozilla.org
147,Cross Dunnett,75 Hagan Trail,92519,CA,cdunnett42@purevolume.com
148,Minette McClune,16482 Sloan Road,94712,CA,mmcclune43@list-manage.com
149,Gus Lawrance,3 Delaware Junction,91606,CA,glawrance44@sina.com.cn
150,Nalani Georghiou,6627 Fisk Pass,30368,GA,ngeorghiou45@unc.edu
151,Joaquin Yoskowitz,394 Stang Parkway,79452,TX,jyoskowitz46@senate.gov
152,Alvy Wheatley,1342 Graceland Trail,68105,NE,awheatley47@desdev.cn
153,Terrye Baudon,59 Hermina Park,32891,FL,tbaudon48@netlog.com
154,Wood McCleverty,03276 Meadow Vale Plaza,85005,AZ,wmccleverty49@wired.com
155,Minnie Scrace,6304 Dahle Hill,79405,TX,mscrace4a@homestead.com
156,Nikolos Rallinshaw,637 Kim Pass,73167,OK,nrallinshaw4b@sciencedaily.com
157,Tucky Benford,4 Browning Drive,37245,TN,tbenford4c@huffingtonpost.com
158,Cami Woolen,79965 Rusk Center,92668,CA,cwoolen4d@1und1.de
159,Brockie Dukes,7448 Northland Drive,21216,MD,bdukes4e@elegantthemes.com
160,Stevana Burg,77480 Lakewood Plaza,80223,CO,sburg4f@wikimedia.org
161,Geno Pietruszka,285 Prairie Rose Pass,15134,PA,gpietruszka4g@taobao.com
162,Theadora Yaus,314 Buell Park,30089,GA,tyaus4h@vistaprint.com
163,Rufe Wayte,30453 Logan Hill,30340,GA,rwayte4i@bizjournals.com
164,Louella Bartrop,57878 Mallard Center,15205,PA,lbartrop4j@about.me
165,Sheryl Vearnals,039 Pepper Wood Terrace,22093,VA,svearnals4k@tamu.edu
166,Clayborn Meritt,37 Rigney Plaza,97232,OR,cmeritt4l@wp.com
167,Petronille Galway,016 Rieder Plaza,11480,NY,pgalway4m@reddit.com
168,Eleni McBride,70 Hauk Trail,06854,CT,emcbride4n@ca.gov
169,Mair Pechard,2 Dovetail Center,99790,AK,mpechard4o@tiny.cc
170,Nevile Tinto,309 Garrison Hill,89012,NV,ntinto4p@sfgate.com
171,Valeda Powe,502 Esch Junction,23605,VA,vpowe4q@upenn.edu
172,Adelina Moatt,40547 Twin Pines Park,84152,UT,amoatt4r@jiathis.com
173,Channa Acosta,058 Pearson Parkway,20167,VA,cacosta4s@ustream.tv
174,Amalie Spillett,5 Grim Junction,84145,UT,aspillett4t@thetimes.co.uk
175,Claude Wadforth,360 Pleasure Avenue,99522,AK,cwadforth4u@cocolog-nifty.com
176,Teriann Tramel,5163 Nelson Hill,73179,OK,ttramel4v@wsj.com
177,Marthena MacLardie,37 Dennis Pass,32610,FL,mmaclardie4w@com.com
178,Yorgo Cunnow,25521 Autumn Leaf Hill,66286,KS,ycunnow4x@aol.com
179,Bill Muffett,83217 Hudson Terrace,92805,CA,bmuffett4y@time.com
180,Mikael Gabey,7 5th Alley,48217,MI,mgabey4z@wiley.com
181,Delmore Comar,4260 Colorado Pass,79911,TX,dcomar50@163.com
182,Hedvig Brobyn,5 Drewry Drive,33906,FL,hbrobyn51@dagondesign.com
183,Nolie Aspray,091 Tennessee Drive,49510,MI,naspray52@ustream.tv
184,Harrietta Measham,5 Pine View Trail,20414,DC,hmeasham53@canalblog.com
185,Essa Simonelli,5233 Union Circle,55905,MN,esimonelli54@salon.com
186,Hendrick Brilon,39047 Jenifer Hill,93106,CA,hbrilon55@shutterfly.com
187,Daniele Carn,993 Northwestern Plaza,11355,NY,dcarn56@nyu.edu
188,Wilow Martinets,0 Calypso Road,33245,FL,wmartinets57@wikipedia.org
189,Dorolice Hargey,583 Waxwing Lane,02216,MA,dhargey58@examiner.com
190,Tori Sheard,0605 Sommers Circle,13217,NY,tsheard59@redcross.org
191,Wolfgang Coveny,4 Havey Junction,85271,AZ,wcoveny5a@sourceforge.net
192,Eli Bounde,885 Spohn Place,78475,TX,ebounde5b@bravesites.com
193,Ollie Kemmish,428 Chinook Trail,73179,OK,okemmish5c@bluehost.com
194,Holli Littley,79858 Burrows Circle,98411,WA,hlittley5d@eventbrite.com
195,Danya Sedman,642 Kenwood Pass,79916,TX,dsedman5e@latimes.com
196,Nero Gon,802 Prentice Hill,70142,LA,ngon5f@ca.gov
197,Candace Boyack,33 Buell Crossing,14215,NY,cboyack5g@blinklist.com
198,Lauritz Liccardo,94 Heath Way,36628,AL,lliccardo5h@studiopress.com
199,Bevvy Ruppele,48276 Old Shore Parkway,78789,TX,bruppele5i@clickbank.net
200,Aurelea Summerrell,73 Jana Street,99517,AK,asummerrell5j@scribd.com
201,Loleta Eagling,1 Dayton Way,63167,MO,leagling5k@blogspot.com
202,Constancia Phizackerly,576 Barnett Terrace,20268,DC,cphizackerly5l@digg.com
203,Winona St. Paul,1530 Red Cloud Terrace,32277,FL,wst5m@vk.com
204,Loralyn Cavanaugh,072 Porter Hill,35290,AL,lcavanaugh5n@delicious.com
205,Victor Hurdidge,2 Oakridge Way,44111,OH,vhurdidge5o@phoca.cz
206,Georgeta Commuzzo,6 Warner Avenue,30195,GA,gcommuzzo5p@mediafire.com
207,Ernie Domelow,38 Anderson Road,93762,CA,edomelow5q@chronoengine.com
208,Jim Hellwing,749 Badeau Court,32118,FL,jhellwing5r@tinypic.com
209,Mallissa Islip,177 Cordelia Center,30195,GA,mislip5s@is.gd
210,Miguela Isard,63 Melby Alley,94154,CA,misard5t@census.gov
211,Beitris O'Mohun,422 East Parkway,23293,VA,bomohun5u@ocn.ne.jp
212,Wes Giggie,2 Warner Crossing,33694,FL,wgiggie5v@mysql.com
213,Dorotea Miles,73 Rusk Street,14639,NY,dmiles5w@tinyurl.com
214,Noni Tabrett,7 Chive Circle,57105,SD,ntabrett5x@lycos.com
215,Krystle Hucquart,5412 Merchant Hill,85297,AZ,khucquart5y@paypal.com
216,Kip Round,6815 Lien Court,99709,AK,kround5z@pbs.org
217,Ravid Burrow,512 Blaine Junction,20005,DC,rburrow60@ehow.com
218,Andras Blackley,303 Mariners Cove Terrace,25711,WV,ablackley61@paypal.com
219,Thelma Duckerin,24091 Shasta Circle,48126,MI,tduckerin62@intel.com
220,Marian Blasgen,19 Susan Court,89166,NV,mblasgen63@loc.gov
221,Agretha MacComiskey,281 Moland Point,48604,MI,amaccomiskey64@hatena.ne.jp
222,Shelbi Danko,542 Northland Avenue,97206,OR,sdanko65@alibaba.com
223,Hubert Salzberger,12 Aberg Avenue,33906,FL,hsalzberger66@google.com.hk
224,Nonna Sweet,36021 Dennis Crossing,37228,TN,nsweet67@cam.ac.uk
225,Dela Brolechan,48 Golf Crossing,37919,TN,dbrolechan68@google.com
226,Garth Ive,2316 Dixon Avenue,80044,CO,give69@wikia.com
227,Hughie Oliphard,408 Alpine Lane,71137,LA,holiphard6a@jugem.jp
228,Franklin Baradel,70 Sommers Center,02216,MA,fbaradel6b@cnbc.com
229,Florian Van Cassel,27114 Manufacturers Avenue,96835,HI,fvan6c@accuweather.com
230,Jose Jancy,0053 Sherman Street,46278,IN,jjancy6d@gnu.org
231,Winne Tapner,5959 Lakeland Junction,54305,WI,wtapner6e@dell.com
232,Gena Groombridge,9 Basil Pass,24515,VA,ggroombridge6f@amazonaws.com
233,Lennard McGarahan,3880 Moulton Circle,88006,NM,lmcgarahan6g@bandcamp.com
234,Jayne Merwe,084 Birchwood Junction,64160,MO,jmerwe6h@wordpress.com
235,Lesley Mathis,3571 Susan Point,08922,NJ,lmathis6i@woothemes.com
236,Kass Flamank,01226 Orin Court,23213,VA,kflamank6j@amazon.co.jp
237,Willi Kira,539 School Trail,37665,TN,wkira6k@hugedomains.com
238,Gregorius Eldrid,94 6th Pass,45440,OH,geldrid6l@chronoengine.com
239,Fernande Surtees,580 Menomonie Trail,84140,UT,fsurtees6m@goodreads.com
240,Chane Tame,49 Sage Way,76505,TX,ctame6n@newsvine.com
241,Ashli Purtell,18847 Hollow Ridge Parkway,64504,MO,apurtell6o@webs.com
242,Vick Memmory,81 Brown Road,11447,NY,vmemmory6p@washington.edu
243,Riki Welfare,3721 Emmet Hill,80235,CO,rwelfare6q@bloomberg.com
244,Malynda Matysiak,71588 Hollow Ridge Park,32236,FL,mmatysiak6r@bizjournals.com
245,Murry Chaster,6 Village Junction,25716,WV,mchaster6s@google.de
246,Ursula Caddens,7545 Spohn Avenue,75241,TX,ucaddens6t@scientificamerican.com
247,Donovan Puig,1748 Pawling Avenue,61605,IL,dpuig6u@amazon.com
248,Wright Murrum,7794 Fairview Court,34629,FL,wmurrum6v@umn.edu
249,Nell O'Donnelly,77689 Sutherland Center,92165,CA,nodonnelly6w@mayoclinic.com
250,Fifine Burke,50 5th Hill,53726,WI,fburke6x@washingtonpost.com
251,Cariotta Zealy,3649 Hovde Parkway,14276,NY,czealy6y@apache.org
252,Alan Wybron,94 Clyde Gallagher Street,20380,DC,awybron6z@edublogs.org
253,Bethanne Ashley,1 Scofield Lane,53285,WI,bashley70@seesaa.net
254,Tana Duggan,0 Scofield Lane,02163,MA,tduggan71@angelfire.com
255,Colan Zupo,92658 Almo Point,90015,CA,czupo72@domainmarket.com
256,Quintana Kennham,14559 Hintze Hill,78205,TX,qkennham73@google.fr
257,Lee Shannon,19247 Sundown Way,14205,NY,lshannon74@ask.com
258,Win Peregrine,9152 Hazelcrest Terrace,92648,CA,wperegrine75@google.pl
259,Langston Counsell,9 Rusk Street,21281,MD,lcounsell76@oakley.com
260,Grenville Van der Brugge,29094 International Avenue,79171,TX,gvan77@freewebs.com
261,Rick Fatscher,32 Northport Road,59771,MT,rfatscher78@dion.ne.jp
262,Lindsey Batters,6 Valley Edge Hill,63143,MO,lbatters79@uol.com.br
263,Herculie Wewell,41 Melrose Terrace,77493,TX,hwewell7a@newyorker.com
264,Yancy Buchanan,32 South Drive,15279,PA,ybuchanan7b@aol.com
265,Katha Guilfoyle,76 Mifflin Center,89115,NV,kguilfoyle7c@t.co
266,Roseanne Hintze,6 Manitowish Parkway,45218,OH,rhintze7d@opera.com
267,Robinette MacGruer,4012 Butterfield Place,17622,PA,rmacgruer7e@webs.com
268,Berty Rolling,3 Anthes Terrace,36104,AL,brolling7f@patch.com
269,Nissy Syseland,09243 3rd Crossing,80951,CO,nsyseland7g@paginegialle.it
270,Burk Stoddart,96 Kensington Center,80951,CO,bstoddart7h@flavors.me
271,Babita Filkin,144 Clove Alley,32304,FL,bfilkin7i@cbslocal.com
272,Oralee Aubin,61 Nelson Avenue,23551,VA,oaubin7j@google.ca
273,Annmaria Waiton,74 Iowa Point,55441,MN,awaiton7k@list-manage.com
274,Kelcie Daine,0402 Clemons Way,75241,TX,kdaine7l@livejournal.com
275,Georgianna Dytham,31819 Evergreen Lane,31210,GA,gdytham7m@t.co
276,Steve Pilkinton,23 Twin Pines Point,73109,OK,spilkinton7n@si.edu
277,Miriam Enden,6 Kedzie Place,20397,DC,menden7o@gnu.org
278,Elora Fishpoole,13 Fallview Way,23289,VA,efishpoole7p@hostgator.com
279,Munmro Ivashnikov,993 Mandrake Pass,21275,MD,mivashnikov7q@studiopress.com
280,Karolina Florez,012 Gale Avenue,90055,CA,kflorez7r@yolasite.com
281,Randa Baitson,57847 Clyde Gallagher Junction,32277,FL,rbaitson7s@mit.edu
282,Jedidiah MacRedmond,7226 Russell Lane,80638,CO,jmacredmond7t@ustream.tv
283,Haleigh Bathersby,477 Nova Circle,77388,TX,hbathersby7u@slideshare.net
284,Clemente Pietrusiak,0 Coleman Parkway,15210,PA,cpietrusiak7v@dagondesign.com
285,Albrecht Mosson,3164 Waxwing Point,33961,FL,amosson7w@cocolog-nifty.com
286,Gerome Ronaldson,385 Anthes Park,48267,MI,gronaldson7x@chronoengine.com
287,Cass Gudger,19 Corben Center,35215,AL,cgudger7y@wikipedia.org
288,Mersey Allston,2 Judy Point,93584,CA,mallston7z@edublogs.org
289,Hunter Tames,3246 Derek Junction,90510,CA,htames80@nsw.gov.au
290,Daron Plante,54474 Bonner Street,10175,NY,dplante81@is.gd
291,Catharine Rigler,03893 Hooker Park,30610,GA,crigler82@elegantthemes.com
292,Pryce Elizabeth,6 Hallows Crossing,84145,UT,pelizabeth83@yandex.ru
293,Bernardo Cawthorne,33 Waywood Plaza,53215,WI,bcawthorne84@gravatar.com
294,Graig Baudichon,27353 Ohio Circle,92519,CA,gbaudichon85@lulu.com
295,Fredelia Phillimore,3731 Oak Valley Terrace,06721,CT,fphillimore86@dion.ne.jp
296,Bethany Carous,79951 Helena Center,28230,NC,bcarous87@google.com.hk
297,Georgette Traviss,9 Moland Road,71208,LA,gtraviss88@netlog.com
298,Thomas Marshman,9444 Hansons Place,66667,KS,tmarshman89@howstuffworks.com
299,Leanora Delue,45407 Coleman Court,31998,GA,ldelue8a@shop-pro.jp
300,Brenda Skehan,00562 Colorado Crossing,93111,CA,bskehan8b@paginegialle.it
301,Arlyne Coite,8321 Briar Crest Circle,30316,GA,acoite8c@skype.com
302,Monty Marlow,45 Ridgeview Road,77276,TX,mmarlow8d@rambler.ru
303,Annie Steuhlmeyer,6 North Park,10260,NY,asteuhlmeyer8e@prweb.com
304,Talbert Tanser,88533 Dottie Junction,91199,CA,ttanser8f@rakuten.co.jp
305,Mignon D'Ugo,6 Waywood Trail,90087,CA,mdugo8g@nymag.com
306,Hanan Goch,24444 Rieder Trail,23504,VA,hgoch8h@cnn.com
307,Andy Redfield,01 Annamark Pass,60614,IL,aredfield8i@aol.com
308,Evelina Devericks,20 Talmadge Pass,60646,IL,edevericks8j@netlog.com
309,Terence Regenhardt,1814 Shasta Court,33605,FL,tregenhardt8k@cnet.com
310,Linnea Whybrow,26118 Cottonwood Circle,91109,CA,lwhybrow8l@cmu.edu
311,Merilee Eliesco,966 Redwing Lane,36104,AL,meliesco8m@t-online.de
312,Frederica Reinbeck,1 Leroy Alley,27499,NC,freinbeck8n@hud.gov
313,Maurice Stickel,797 Loomis Court,28405,NC,mstickel8o@narod.ru
314,Humfried Bazely,4 Garrison Court,55188,MN,hbazely8p@blog.com
315,Odessa Oaks,07605 Waxwing Terrace,44705,OH,ooaks8q@hibu.com
316,Georgianne Moyers,0 Boyd Alley,93005,CA,gmoyers8r@miitbeian.gov.cn
317,Daile Taylot,0 Havey Trail,34643,FL,dtaylot8s@ebay.com
318,Chan Metzel,68169 American Court,41905,KY,cmetzel8t@mozilla.com
319,Deeyn Kinig,637 Bonner Center,40205,KY,dkinig8u@seesaa.net
320,Edgar Hillin,21 Alpine Place,95865,CA,ehillin8v@dot.gov
321,Casey Westwell,21 Pearson Trail,95054,CA,cwestwell8w@yelp.com
322,Karalynn Scamwell,8303 Burning Wood Terrace,45470,OH,kscamwell8x@craigslist.org
323,Bruce Pengelley,78 Autumn Leaf Road,35405,AL,bpengelley8y@statcounter.com
324,Sanson Pirkis,89795 Merry Circle,85083,AZ,spirkis8z@chron.com
325,Glenda Yoodall,0249 Vahlen Lane,20520,DC,gyoodall90@apache.org
326,Harwell Barnhart,09 Johnson Plaza,10125,NY,hbarnhart91@sina.com.cn
327,Maxi Cowitz,09 Clemons Point,10090,NY,mcowitz92@ovh.net
328,Lib Gerriet,648 Rowland Plaza,80279,CO,lgerriet93@bloomberg.com
329,Leanor Trenfield,70299 Calypso Court,83206,ID,ltrenfield94@chronoengine.com
330,Sheppard Vian,09 Daystar Road,23705,VA,svian95@posterous.com
331,Pascale Kenewel,4539 Mitchell Place,20215,DC,pkenewel96@ycombinator.com
332,Filmer Cockling,93 Main Street,48604,MI,fcockling97@photobucket.com
333,Hollis Sabie,207 Tennessee Point,45208,OH,hsabie98@quantcast.com
334,Renie Dyett,53 Everett Way,92127,CA,rdyett99@slashdot.org
335,Gertruda Shalcras,3 Pine View Avenue,45999,OH,gshalcras9a@delicious.com
336,Talyah Wrintmore,30 Muir Way,30306,GA,twrintmore9b@google.com.au
337,Nicolis Coudray,02 Rigney Way,49510,MI,ncoudray9c@upenn.edu
338,Rosita Bowshire,03 Jay Crossing,43215,OH,rbowshire9d@reverbnation.com
339,Willie Getty,63 Loomis Road,78235,TX,wgetty9e@zdnet.com
340,Bradney Taber,2564 Oak Circle,07544,NJ,btaber9f@nsw.gov.au
341,Gretta Spearing,3 Mesta Pass,95823,CA,gspearing9g@icq.com
342,Bibi Sherbrooke,82186 Farmco Street,60158,IL,bsherbrooke9h@msu.edu
343,Earl Pechold,53989 Melody Terrace,34985,FL,epechold9i@lycos.com
344,Efren Hackworth,307 Shoshone Pass,93111,CA,ehackworth9j@wikispaces.com
345,Lazaro Kewish,55346 Jana Road,06705,CT,lkewish9k@typepad.com
346,Gasparo Cristol,23399 Carpenter Court,35815,AL,gcristol9l@furl.net
347,Sarge Benbow,65645 Monica Crossing,16505,PA,sbenbow9m@twitter.com
348,Caldwell Semble,15 Roth Point,93094,CA,csemble9n@printfriendly.com
349,Haskel Timbs,887 Sutteridge Crossing,18514,PA,htimbs9o@behance.net
350,Kimberly Tatnell,67204 Susan Place,89505,NV,ktatnell9p@soundcloud.com
351,Albertina Perkinson,28 Melrose Park,62756,IL,aperkinson9q@mediafire.com
352,Raul Prosek,7253 Oriole Pass,60686,IL,rprosek9r@oracle.com
353,Eyde O'Keeffe,8539 Quincy Plaza,98133,WA,eokeeffe9s@issuu.com
354,Allene Kohring,0 Dayton Avenue,87190,NM,akohring9t@friendfeed.com
355,Else Boatswain,9705 Monument Park,92619,CA,eboatswain9u@twitter.com
356,Adelina Greatbank,69 Pleasure Drive,30130,GA,agreatbank9v@hugedomains.com
357,Godfree Sides,8 Dorton Way,66160,KS,gsides9w@nps.gov
358,Kailey Hindes,4 Manitowish Avenue,23454,VA,khindes9x@plala.or.jp
359,Selle Peartree,6451 Maywood Plaza,91109,CA,speartree9y@bravesites.com
360,Cristen Shetliff,80874 Erie Circle,25711,WV,cshetliff9z@prweb.com
361,Catrina Hevner,02313 Cascade Way,40287,KY,chevnera0@abc.net.au
362,Marga Entwistle,164 Arrowood Parkway,11447,NY,mentwistlea1@delicious.com
363,Tarah Glozman,8032 Fuller Crossing,22313,VA,tglozmana2@cbslocal.com
364,Jamill Parr,9557 Riverside Plaza,10009,NY,jparra3@engadget.com
365,Karon Riepel,27745 Muir Pass,29225,SC,kriepela4@fda.gov
366,Tabitha Hatley,9859 Florence Trail,20088,DC,thatleya5@google.pl
367,Carlos Fudger,122 Northport Terrace,10249,NY,cfudgera6@last.fm
368,Gabrila Freyne,5023 Dakota Court,75049,TX,gfreynea7@newsvine.com
369,Reynard Leverington,2 Muir Pass,01114,MA,rleveringtona8@trellian.com
370,Moore Matura,86 Oakridge Way,92812,CA,mmaturaa9@howstuffworks.com
371,Kelly Greenham,6 Corscot Park,57198,SD,kgreenhamaa@last.fm
372,Nahum Impleton,41 Mendota Circle,77245,TX,nimpletonab@usa.gov
373,Jacob Hubbuck,5694 Merchant Hill,10170,NY,jhubbuckac@indiegogo.com
374,Benny Celli,0 Heath Hill,51110,IA,bcelliad@abc.net.au
375,Padraig Hearon,0 Westend Street,35285,AL,phearonae@mysql.com
376,Flo Webb,242 Novick Alley,13205,NY,fwebbaf@mozilla.org
377,Ketty Elias,76448 Debra Lane,61656,IL,keliasag@bizjournals.com
378,Chadwick Dudney,02561 David Center,93386,CA,cdudneyah@rakuten.co.jp
379,Georgi Reef,0427 Delladonna Terrace,33158,FL,greefai@hhs.gov
380,Kaila Frangione,19 Superior Way,24515,VA,kfrangioneaj@java.com
381,Annissa Baskerville,041 Mallard Road,30306,GA,abaskervilleak@nps.gov
382,Clarette Skule,39 Grim Alley,57198,SD,cskuleal@patch.com
383,Nikos Tack,14886 Pankratz Way,28305,NC,ntackam@zimbio.com
384,Nickola Aykroyd,9 Chinook Parkway,87121,NM,naykroydan@w3.org
385,Hyacinthe Benmore,5099 Acker Center,33075,FL,hbenmoreao@xinhuanet.com
386,Reine Ruddock,3 Blue Bill Park Plaza,95205,CA,rruddockap@i2i.jp
387,Alexandr Benedidick,141 Hanson Drive,63104,MO,abenedidickaq@hugedomains.com
388,Stirling Downgate,23 3rd Road,83722,ID,sdowngatear@t-online.de
389,Hart Shallcrass,62 Mitchell Street,20910,MD,hshallcrassas@tamu.edu
390,Jeramie Gronaller,3606 Susan Alley,78245,TX,jgronallerat@fema.gov
391,Frederico Brackley,997 Forest Run Pass,66629,KS,fbrackleyau@deviantart.com
392,Sofia Bangley,47 Waubesa Crossing,85210,AZ,sbangleyav@tiny.cc
393,Randa Flaverty,4 Leroy Street,78710,TX,rflavertyaw@usa.gov
394,Giraldo Spikins,5226 Elgar Circle,95128,CA,gspikinsax@jugem.jp
395,Carrol Treleaven,8 Scott Alley,29625,SC,ctreleavenay@clickbank.net
396,Vanna Panner,21 Holmberg Court,36641,AL,vpanneraz@reuters.com
397,Carce Goosnell,97450 Hooker Terrace,75342,TX,cgoosnellb0@usnews.com
398,Ericka Canedo,67917 Moose Pass,94660,CA,ecanedob1@google.es
399,Osbert Hrihorovich,35438 Northfield Street,78278,TX,ohrihorovichb2@dropbox.com
400,Raymund Styles,721 Browning Road,47732,IN,rstylesb3@geocities.jp
401,Christoforo Sedworth,05721 Moose Terrace,77201,TX,csedworthb4@oracle.com
402,Gillan Heape,6 Hanover Avenue,84409,UT,gheapeb5@walmart.com
403,Joellen Down,2 Becker Plaza,02472,MA,jdownb6@naver.com
404,Glenden Ridde,2292 Rockefeller Crossing,22301,VA,griddeb7@toplist.cz
405,Clem Scrauniage,5552 Hoffman Terrace,47812,IN,cscrauniageb8@whitehouse.gov
406,Freeman Colbert,508 Ridgeview Hill,19058,PA,fcolbertb9@1und1.de
407,Jordan Donoghue,82 Briar Crest Plaza,94302,CA,jdonoghueba@gnu.org
408,Carey Pacht,796 Merrick Terrace,17405,PA,cpachtbb@barnesandnoble.com
409,Jordain Dawtry,8 Waxwing Plaza,84199,UT,jdawtrybc@altervista.org
410,Tanney Sickert,3 Talmadge Junction,92725,CA,tsickertbd@linkedin.com
411,Everett Veeler,37392 Lukken Road,20470,DC,eveelerbe@comcast.net
412,L;urette McQuode,172 Mccormick Lane,77030,TX,lmcquodebf@vinaora.com
413,Tab Baroche,838 Scoville Street,32835,FL,tbarochebg@joomla.org
414,Galen Kunert,778 Mifflin Place,33680,FL,gkunertbh@google.com.au
415,Wenda Faulder,5874 Superior Parkway,01105,MA,wfaulderbi@army.mil
416,Ketti Robez,39526 Helena Park,11024,NY,krobezbj@goodreads.com
417,Shandra Joseland,40542 Steensland Hill,33064,FL,sjoselandbk@mozilla.org
418,Wilt Coleford,571 Mallory Junction,91109,CA,wcolefordbl@google.com
419,Violet Forrington,0542 Merrick Trail,66225,KS,vforringtonbm@bigcartel.com
420,Ricki Joreau,5 Kingsford Hill,34135,FL,rjoreaubn@wired.com
421,Drusie Boor,13945 Texas Park,46406,IN,dboorbo@sina.com.cn
422,Guthrey Fernanando,036 Holy Cross Alley,94121,CA,gfernanandobp@mozilla.com
423,Rusty Dunster,92134 Talisman Place,40210,KY,rdunsterbq@quantcast.com
424,Jeffy Pulbrook,112 Sycamore Trail,20073,DC,jpulbrookbr@delicious.com
425,Rab Cosely,5 Bartelt Road,76198,TX,rcoselybs@storify.com
426,Shauna Oughton,004 Westend Lane,33018,FL,soughtonbt@cdbaby.com
427,Mannie Duckering,59 Colorado Lane,92127,CA,mduckeringbu@baidu.com
428,Dallas Ferencowicz,3814 Raven Park,77050,TX,dferencowiczbv@cnbc.com
429,Alissa Gentry,41773 Farwell Place,30328,GA,agentrybw@symantec.com
430,Brooke McTrusty,056 Helena Court,84115,UT,bmctrustybx@ftc.gov
431,Karlie Imos,7 Walton Way,85383,AZ,kimosby@wordpress.org
432,Rubie Robillard,6549 Prentice Circle,02162,MA,rrobillardbz@wikispaces.com
433,Debi Splain,34 Mcguire Pass,36616,AL,dsplainc0@multiply.com
434,Kalvin Cornillot,633 Tennessee Point,73147,OK,kcornillotc1@oakley.com
435,Greg Seville,4 Westerfield Trail,49518,MI,gsevillec2@1688.com
436,Carol-jean Demchen,5244 Arapahoe Crossing,83757,ID,cdemchenc3@unblog.fr
437,Karyl Boar,931 Elmside Trail,59806,MT,kboarc4@who.int
438,Ewan Cobb,939 Jenna Terrace,06825,CT,ecobbc5@forbes.com
439,Truda Okroy,9941 Eagan Plaza,96820,HI,tokroyc6@oaic.gov.au
440,Inglebert Di Pietro,5 Spohn Center,38119,TN,idic7@domainmarket.com
441,Fletch Thain,9 Carpenter Junction,12305,NY,fthainc8@posterous.com
442,Herta Michin,24 Dovetail Alley,26505,WV,hmichinc9@columbia.edu
443,Glenine Duguid,2 Fordem Street,91505,CA,gduguidca@storify.com
444,Leon Clayson,64 Maple Parkway,48550,MI,lclaysoncb@narod.ru
445,Simonette Redsall,2633 Jackson Drive,60641,IL,sredsallcc@t.co
446,Sonnnie Carlin,95 Nancy Street,98148,WA,scarlincd@seesaa.net
447,Dominique Turpie,3011 Anniversary Trail,33620,FL,dturpiece@bloglines.com
448,Marmaduke Faithfull,038 Riverside Court,75372,TX,mfaithfullcf@irs.gov
449,Adriena Koba,51092 Morningstar Park,10009,NY,akobacg@chronoengine.com
450,Val Jerzykiewicz,6396 Boyd Way,20029,DC,vjerzykiewiczch@squarespace.com
451,Brocky Frail,7 Westerfield Parkway,75387,TX,bfrailci@businesswire.com
452,Ashli Krauss,4417 Longview Park,48670,MI,akrausscj@gravatar.com
453,Normy Orniz,6434 Clove Lane,45807,OH,nornizck@dot.gov
454,Adelind Fairham,74 North Trail,10009,NY,afairhamcl@themeforest.net
455,Jenni Kernell,22891 Arrowood Hill,90610,CA,jkernellcm@auda.org.au
456,Paul Inch,75167 6th Plaza,77260,TX,pinchcn@xrea.com
457,Rudy Meneo,8802 Johnson Center,60636,IL,rmeneoco@bandcamp.com
458,Peta Hanney,24781 Declaration Avenue,20442,DC,phanneycp@ask.com
459,Carolina Conkay,8 Thierer Alley,65898,MO,cconkaycq@shop-pro.jp
460,Rockie Wong,12016 Roxbury Road,08603,NJ,rwongcr@odnoklassniki.ru
461,Jo Tregunnah,53465 Jana Alley,89115,NV,jtregunnahcs@washington.edu
462,Dasha Tripcony,5 Lunder Park,78235,TX,dtripconyct@uiuc.edu
463,Marley Pavic,19923 Hallows Alley,10009,NY,mpaviccu@fda.gov
464,Benito Mokes,054 Hooker Alley,80228,CO,bmokescv@jalbum.net
465,Ellswerth Kamall,16887 Cordelia Terrace,16107,PA,ekamallcw@goo.ne.jp
466,Juieta Dorracott,00477 Mandrake Place,50330,IA,jdorracottcx@redcross.org
467,Lily De Roeck,07154 Lillian Street,02114,MA,ldecy@twitter.com
468,Crystal Succamore,56084 Truax Terrace,46015,IN,csuccamorecz@sfgate.com
469,Paola Ashingden,803 Dorton Way,89145,NV,pashingdend0@ning.com
470,Petronia Brabben,85 Daystar Junction,63131,MO,pbrabbend1@myspace.com
471,Torrey Cloy,7695 Loftsgordon Pass,44111,OH,tcloyd2@rakuten.co.jp
472,Suki Brosh,761 Bluestem Point,90065,CA,sbroshd3@creativecommons.org
473,Sylvan Wisbey,836 Declaration Parkway,93709,CA,swisbeyd4@wix.com
474,Eal Feldhorn,8281 Forest Road,78250,TX,efeldhornd5@cdc.gov
475,Orelia Cavee,90785 Clemons Court,44305,OH,ocaveed6@thetimes.co.uk
476,Norene Nunnery,907 Nobel Trail,85083,AZ,nnunneryd7@fc2.com
477,Reine Gillespie,13 Alpine Plaza,33315,FL,rgillespied8@reddit.com
478,Cornie Charleston,4 Mockingbird Drive,49006,MI,ccharlestond9@state.tx.us
479,Abagail Aucoate,50 Westridge Park,45414,OH,aaucoateda@w3.org
480,Zane Peyes,9439 Nobel Hill,77212,TX,zpeyesdb@t.co
481,Ab Merrydew,68 Sloan Parkway,32123,FL,amerrydewdc@posterous.com
482,Fraze Legrice,7 Corscot Drive,22212,VA,flegricedd@g.co
483,Emyle Croxford,67346 Oak Pass,92170,CA,ecroxfordde@auda.org.au
484,Susana Loudwell,76261 Ramsey Circle,78744,TX,sloudwelldf@tripadvisor.com
485,Kirk Ketteringham,542 Mesta Terrace,64114,MO,kketteringhamdg@t-online.de
486,Thekla Rough,8779 Lawn Road,48232,MI,troughdh@house.gov
487,Jermaine Critchlow,9324 Pearson Drive,20215,DC,jcritchlowdi@mediafire.com
488,Martina Bayston,9035 Sycamore Plaza,55188,MN,mbaystondj@histats.com
489,Bendite Dulany,17 Vermont Street,61605,IL,bdulanydk@wordpress.org
490,Stavro Brogan,6 Lake View Park,53220,WI,sbrogandl@ox.ac.uk
491,Alvie Kas,9179 Mayfield Terrace,80217,CO,akasdm@webnode.com
492,Rodrigo Sickert,9489 Nova Crossing,23520,VA,rsickertdn@github.io
493,Leonard Worlidge,609 Heath Drive,75044,TX,lworlidgedo@nsw.gov.au
494,Stillman Drysdall,1 Mosinee Way,59623,MT,sdrysdalldp@discuz.net
495,Evered Brummitt,10 Commercial Crossing,77271,TX,ebrummittdq@ehow.com
496,Jsandye Tremayne,6 Claremont Drive,79410,TX,jtremaynedr@livejournal.com
497,Elias Culshew,687 Tony Avenue,57110,SD,eculshewds@epa.gov
498,Rona Spinetti,915 Kipling Point,85271,AZ,rspinettidt@globo.com
499,Gelya MacBarron,85 Bultman Lane,40298,KY,gmacbarrondu@sphinn.com
500,Felizio Dunston,6572 Orin Road,30316,GA,fdunstondv@bloglines.com
501,Adriena Romans,862 Merchant Drive,79945,TX,aromansdw@free.fr
502,Eugenie Ettery,24596 Clyde Gallagher Way,40250,KY,eetterydx@angelfire.com
503,Prentiss Coston,82 Forster Parkway,76121,TX,pcostondy@businesswire.com
504,Stewart Andriveau,832 Scott Crossing,55436,MN,sandriveaudz@cbc.ca
505,Daisi Reuter,344 Vernon Hill,46862,IN,dreutere0@wufoo.com
506,Vittorio Abdey,009 Del Mar Alley,75799,TX,vabdeye1@elegantthemes.com
507,Kaspar Szanto,96 Fordem Alley,20189,VA,kszantoe2@msn.com
508,Kyle Foley,613 Eastlawn Street,48224,MI,kfoleye3@oaic.gov.au
509,Aurel Arlett,68 Northridge Court,93386,CA,aarlette4@rambler.ru
510,Sawyere Champe,180 Talmadge Avenue,87190,NM,schampee5@independent.co.uk
511,Tremayne Fawlks,7 Almo Circle,35279,AL,tfawlkse6@amazon.com
512,Kalinda Pride,06 Leroy Trail,06183,CT,kpridee7@wisc.edu
513,Enos Kingsnorth,96 Northfield Street,77293,TX,ekingsnorthe8@miitbeian.gov.cn
514,Simeon Medcraft,72 South Lane,06905,CT,smedcrafte9@shutterfly.com
515,Mercy Purvess,3 Little Fleur Place,20442,DC,mpurvessea@cbsnews.com
516,Nanci Armit,514 East Park,25362,WV,narmiteb@wunderground.com
517,Rice Wilcock,4 Lawn Plaza,83722,ID,rwilcockec@sakura.ne.jp
518,Octavius Bromige,0 Farwell Center,99210,WA,obromigeed@yahoo.com
519,Barrett Harlett,0 Carpenter Place,65218,MO,bharlettee@typepad.com
520,Ingar De Ruggiero,7344 Pearson Point,10029,NY,ideef@so-net.ne.jp
521,Ilene Pymm,832 Declaration Hill,32520,FL,ipymmeg@gmpg.org
522,Taffy Spowage,645 Twin Pines Way,16565,PA,tspowageeh@wikispaces.com
523,Marrissa Colecrough,4 Redwing Court,64153,MO,mcolecroughei@ftc.gov
524,Storm Stearns,93388 Northridge Alley,32964,FL,sstearnsej@economist.com
525,Fanchon Denford,2876 Pierstorff Alley,33185,FL,fdenfordek@answers.com
526,Alfy Jepson,9226 Lukken Road,30089,GA,ajepsonel@trellian.com
527,Elsa Stanlick,55 Mcguire Plaza,28210,NC,estanlickem@washington.edu
528,Myrle Donaldson,83 Rowland Park,63126,MO,mdonaldsonen@illinois.edu
529,Jemmy Dallman,58251 Kipling Trail,48224,MI,jdallmaneo@php.net
530,Odey O'Hogertie,2229 High Crossing Park,95397,CA,oohogertieep@netlog.com
531,Addi Heyworth,4 Monterey Terrace,28235,NC,aheywortheq@fotki.com
532,Pammi O'Neal,96 Macpherson Point,93591,CA,ponealer@pen.io
533,Gertie Grishelyov,000 Sachs Lane,52809,IA,ggrishelyoves@scientificamerican.com
534,Hollis Farebrother,41 Bay Avenue,48224,MI,hfarebrotheret@accuweather.com
535,Reinald Attenborough,75475 Elmside Alley,63167,MO,rattenborougheu@scientificamerican.com
536,Nathanial Crumbie,91 New Castle Drive,10019,NY,ncrumbieev@cafepress.com
537,Leanora De Francesco,960 Welch Road,31405,GA,ldeew@t.co
538,Brynne Fillan,7 Hoffman Drive,47725,IN,bfillanex@woothemes.com
539,Rea Needs,8 Dahle Court,94257,CA,rneedsey@webs.com
540,Leonardo Broker,64490 Swallow Junction,73129,OK,lbrokerez@wisc.edu
541,Dominick Owen,13 Russell Alley,33680,FL,dowenf0@sohu.com
542,Jillene Grewcock,7 Huxley Place,61825,IL,jgrewcockf1@businessweek.com
543,Sherline Messom,85447 Carioca Hill,33261,FL,smessomf2@hostgator.com
544,Myriam Cohen,2365 Jay Circle,25709,WV,mcohenf3@privacy.gov.au
545,Ann Pelling,6779 Helena Crossing,23242,VA,apellingf4@dagondesign.com
546,Dot Tuffrey,19924 Stang Drive,29625,SC,dtuffreyf5@japanpost.jp
547,Marlyn Northbridge,1721 Nancy Center,75205,TX,mnorthbridgef6@macromedia.com
548,Fiona Lapsley,596 Sullivan Point,94105,CA,flapsleyf7@japanpost.jp
549,Shurwood Nozzolinii,63369 Jenifer Center,66112,KS,snozzoliniif8@google.fr
550,Barris Lefort,0102 Fallview Junction,60681,IL,blefortf9@issuu.com
551,Gabbey Deaconson,26 Eastwood Avenue,90065,CA,gdeaconsonfa@yellowpages.com
552,Aloise Danilchenko,68 Buell Alley,49518,MI,adanilchenkofb@japanpost.jp
553,Lockwood Dulake,286 Moose Road,01152,MA,ldulakefc@nymag.com
554,Sim Ivanyukov,940 Eastwood Court,76305,TX,sivanyukovfd@nyu.edu
555,Amaleta Lindsell,41203 Becker Park,31605,GA,alindsellfe@zimbio.com
556,Howie Maghull,27999 Rieder Avenue,92725,CA,hmaghullff@ocn.ne.jp
557,Sandra Gregori,0 Cambridge Road,08104,NJ,sgregorifg@domainmarket.com
558,Ashil MacPike,1 Ridge Oak Hill,20319,DC,amacpikefh@issuu.com
559,Burton Wormleighton,43 Iowa Park,50305,IA,bwormleightonfi@adobe.com
560,Mora Gierhard,4 Pierstorff Point,28215,NC,mgierhardfj@stumbleupon.com
561,Rowen Sweetland,67 Stuart Drive,40745,KY,rsweetlandfk@people.com.cn
562,Erhard Marchington,6597 Lyons Terrace,92717,CA,emarchingtonfl@reverbnation.com
563,Francesco Jenno,4462 Bartelt Parkway,46015,IN,fjennofm@mapy.cz
564,Teador Laughnan,0364 Harper Plaza,47737,IN,tlaughnanfn@fda.gov
565,Aloysius McMeeking,97110 Thierer Way,66286,KS,amcmeekingfo@shop-pro.jp
566,Winfred Bartot,06417 Darwin Place,08104,NJ,wbartotfp@cornell.edu
567,Theo Lapwood,2380 Havey Alley,33805,FL,tlapwoodfq@phoca.cz
568,Granthem Guymer,2 Arizona Terrace,48206,MI,gguymerfr@simplemachines.org
569,Sammie Veschambre,80326 Duke Plaza,76711,TX,sveschambrefs@sakura.ne.jp
570,Kirsten Aiton,71614 Scott Plaza,13505,NY,kaitonft@nature.com
571,Clarita Gaylord,2817 Boyd Crossing,20078,DC,cgaylordfu@cargocollective.com
572,Omero Leversha,1 Eggendart Junction,33543,FL,olevershafv@mlb.com
573,Edithe Simond,24 3rd Plaza,20167,VA,esimondfw@list-manage.com
574,Peta Huband,83 Waubesa Circle,85255,AZ,phubandfx@mapy.cz
575,Tuck Duddle,06 Jay Terrace,60567,IL,tduddlefy@xinhuanet.com
576,Danell Crimes,379 Park Meadow Way,38104,TN,dcrimesfz@netscape.com
577,Carney Stockin,95719 Hooker Junction,48126,MI,cstocking0@nature.com
578,Jacqui Shird,68 Lien Trail,90840,CA,jshirdg1@ca.gov
579,Ginger Eggers,060 Kings Park,78044,TX,geggersg2@51.la
580,Milissent Schimmang,53 Spohn Alley,28205,NC,mschimmangg3@alibaba.com
581,Shanon Harriagn,324 Dakota Circle,02405,MA,sharriagng4@harvard.edu
582,Novelia Wells,6341 Darwin Place,14683,NY,nwellsg5@umn.edu
583,Kessia Ellissen,715 Arizona Hill,60208,IL,kellisseng6@mac.com
584,Jorie Wardle,8928 Paget Way,79999,TX,jwardleg7@printfriendly.com
585,Romy Keme,67102 Coolidge Alley,20436,DC,rkemeg8@mlb.com
586,Othello Frissell,130 Tennessee Terrace,50347,IA,ofrissellg9@harvard.edu
587,Dacey Putten,61068 Del Mar Crossing,28284,NC,dputtenga@forbes.com
588,Claudius Ketchen,2 Graceland Plaza,95113,CA,cketchengb@biglobe.ne.jp
589,Nadya Lown,48 Sunnyside Junction,30919,GA,nlowngc@clickbank.net
590,Benjie Riep,6 Hoepker Junction,20404,DC,briepgd@bigcartel.com
591,Kimberley Ouver,770 Forster Trail,20260,DC,kouverge@geocities.jp
592,Orel McConigal,4 Reinke Plaza,70810,LA,omcconigalgf@globo.com
593,Noel Frayn,890 Meadow Ridge Parkway,68510,NE,nfrayngg@mysql.com
594,Petrina Dymond,4291 Hoepker Lane,46852,IN,pdymondgh@sphinn.com
595,Deina Zold,45 Dixon Avenue,77276,TX,dzoldgi@skype.com
596,Jeno Cullinan,6 Killdeer Junction,63169,MO,jcullinangj@loc.gov
597,Modestine Ferryn,1 Bultman Parkway,45454,OH,mferryngk@51.la
598,Taddeusz Doghartie,11640 Melody Way,25362,WV,tdoghartiegl@weibo.com
599,Earl Paylie,92 Mallory Lane,62723,IL,epayliegm@livejournal.com
600,Wain Mannock,95 Golden Leaf Court,93386,CA,wmannockgn@nymag.com
601,Trueman Roddick,69006 Southridge Trail,20566,DC,troddickgo@google.es
602,Kassandra Langeren,4406 Vernon Parkway,48609,MI,klangerengp@nymag.com
603,Tann Finlater,2 Dwight Pass,68524,NE,tfinlatergq@blogger.com
604,Hort Dumbleton,071 Dryden Road,22093,VA,hdumbletongr@psu.edu
605,Rubetta McCuaig,205 Oxford Parkway,20210,DC,rmccuaiggs@arstechnica.com
606,Devina Farriar,169 Logan Place,90410,CA,dfarriargt@ycombinator.com
607,Lemuel Tall,82173 Basil Circle,92013,CA,ltallgu@deliciousdays.com
608,Hamilton Haitlie,0764 Nova Alley,53205,WI,hhaitliegv@123-reg.co.uk
609,Alberik Funnell,3 Fulton Road,25321,WV,afunnellgw@mail.ru
610,Shawn Whife,45672 Oneill Drive,88525,TX,swhifegx@hhs.gov
611,Sammie Hedger,0576 Main Lane,14905,NY,shedgergy@princeton.edu
612,Eloisa Grenfell,10067 Northridge Point,30343,GA,egrenfellgz@cam.ac.uk
613,Daniel Ezele,12796 Barnett Place,55448,MN,dezeleh0@diigo.com
614,Delila Tailby,46367 Daystar Pass,71213,LA,dtailbyh1@nbcnews.com
615,Jackelyn Koles,77 Waywood Pass,30351,GA,jkolesh2@salon.com
616,Corissa Bimson,738 Sachs Crossing,99205,WA,cbimsonh3@indiegogo.com
617,Nikos Giorgioni,6 Blaine Lane,33013,FL,ngiorgionih4@bravesites.com
618,Frederik Dive,5 Bultman Terrace,64130,MO,fdiveh5@facebook.com
619,Amelita Alison,30 Morningstar Place,78265,TX,aalisonh6@msu.edu
620,Dorelle Phorsby,601 Hauk Park,45505,OH,dphorsbyh7@auda.org.au
621,Goraud Arnell,1 Sutteridge Junction,10184,NY,garnellh8@merriam-webster.com
622,Dicky Matijasevic,21 Calypso Terrace,55905,MN,dmatijasevich9@yahoo.co.jp
623,Josy Blakeden,422 Gina Circle,21747,MD,jblakedenha@artisteer.com
624,Abran Uzielli,27237 Carberry Center,94913,CA,auziellihb@blogtalkradio.com
625,Madlen Ormrod,410 Porter Lane,20088,DC,mormrodhc@a8.net
626,Ike Yearnes,314 Hoepker Road,30311,GA,iyearneshd@over-blog.com
627,Noelle Dibben,44029 International Circle,13210,NY,ndibbenhe@unicef.org
628,Zoe Lerego,19 Moose Pass,93704,CA,zleregohf@hostgator.com
629,Wells Dymidowicz,3 Spohn Pass,10155,NY,wdymidowiczhg@netvibes.com
630,Zacharia Menat,08638 High Crossing Crossing,48242,MI,zmenathh@de.vu
631,Shell Carlisle,12 Badeau Pass,64082,MO,scarlislehi@si.edu
632,Blakeley Dunsmuir,94 Blue Bill Park Plaza,48211,MI,bdunsmuirhj@wikia.com
633,Trace Turneux,65099 Hoffman Center,23509,VA,tturneuxhk@quantcast.com
634,Mahmud Buckles,5 Arkansas Place,31205,GA,mbuckleshl@yolasite.com
635,Tristam Innis,3 Weeping Birch Crossing,93094,CA,tinnishm@angelfire.com
636,Hildy Cookley,9 Loeprich Circle,20409,DC,hcookleyhn@tripod.com
637,Cristionna McNeilly,425 Caliangt Hill,92405,CA,cmcneillyho@ezinearticles.com
638,Roanne Chittem,6512 Transport Avenue,65211,MO,rchittemhp@vkontakte.ru
639,Fee Cripps,713 Eggendart Circle,33715,FL,fcrippshq@cam.ac.uk
640,Giselle Collomosse,90 Garrison Parkway,37914,TN,gcollomossehr@imgur.com
641,Leora Kennady,4079 Walton Court,59806,MT,lkennadyhs@intel.com
642,Byrom Thompsett,0459 Independence Pass,93034,CA,bthompsettht@indiatimes.com
643,Wiley Karle,556 Nancy Court,55402,MN,wkarlehu@senate.gov
644,Murdock Cristofaro,5 Prairie Rose Street,80920,CO,mcristofarohv@rambler.ru
645,Cristiano Gurnee,31 Paget Crossing,32854,FL,cgurneehw@apache.org
646,Joe Blaschek,79 Anniversary Court,68134,NE,jblaschekhx@auda.org.au
647,Roarke Klimp,088 Schurz Crossing,32819,FL,rklimphy@globo.com
648,Lynnet Pimmocke,00609 Homewood Place,28220,NC,lpimmockehz@hp.com
649,Ibbie Raphael,2831 Bartelt Way,50347,IA,iraphaeli0@disqus.com
650,Ricki Silcox,59229 Homewood Trail,40591,KY,rsilcoxi1@blog.com
651,Ernie Willerstone,9337 Grasskamp Point,25770,WV,ewillerstonei2@samsung.com
652,Morie Ellard,26907 Esker Center,77713,TX,mellardi3@shop-pro.jp
653,Natty Elbourn,47047 Oneill Street,80915,CO,nelbourni4@weebly.com
654,Grace Dorot,386 Talmadge Hill,92619,CA,gdoroti5@foxnews.com
655,Rik Skull,904 Browning Way,78410,TX,rskulli6@geocities.jp
656,Ajay Greyes,9275 Gulseth Crossing,79188,TX,agreyesi7@desdev.cn
657,Kiele Syder,290 Sullivan Center,27409,NC,ksyderi8@icq.com
658,Merwin Logesdale,695 Sommers Street,02163,MA,mlogesdalei9@tmall.com
659,Brewster Burnet,737 Montana Way,60351,IL,bburnetia@hc360.com
660,Hiram Hammerton,9 Derek Circle,79934,TX,hhammertonib@gizmodo.com
661,Farlee Pleuman,8891 Johnson Plaza,33758,FL,fpleumanic@example.com
662,Terrence Rizzardini,95083 Mayer Circle,46239,IN,trizzardiniid@loc.gov
663,Kassie Huttley,71871 Vera Terrace,23459,VA,khuttleyie@cocolog-nifty.com
664,Ivette Bruckman,7 Ridgeview Terrace,99790,AK,ibruckmanif@istockphoto.com
665,Candi Espinel,3356 Declaration Center,02283,MA,cespinelig@techcrunch.com
666,Hoyt Rizzardo,7 Rutledge Center,36616,AL,hrizzardoih@java.com
667,Maryl Syred,12 Grayhawk Point,77060,TX,msyredii@washington.edu
668,Elbertina Dunbobin,975 Golden Leaf Terrace,78044,TX,edunbobinij@google.es
669,Ingamar Lindores,142 Northland Alley,95354,CA,ilindoresik@usatoday.com
670,Kristy Billam,20620 Cardinal Plaza,64153,MO,kbillamil@163.com
671,Vincents Gadsden,64709 Farmco Street,85053,AZ,vgadsdenim@cocolog-nifty.com
672,Anatola Brisard,01317 Stephen Place,22244,VA,abrisardin@redcross.org
673,Kerianne Mannin,47400 Loftsgordon Junction,55108,MN,kmanninio@hao123.com
674,Norah Tawn,31077 Artisan Hill,68583,NE,ntawnip@mysql.com
675,Ham Dyton,9 Lake View Junction,40515,KY,hdytoniq@virginia.edu
676,Jerrylee Whyler,4 Victoria Terrace,63126,MO,jwhylerir@google.nl
677,Gianna Sprowle,299 New Castle Terrace,62764,IL,gsprowleis@topsy.com
678,Ruggiero Slaght,8529 Burrows Way,55551,MN,rslaghtit@yahoo.com
679,Dorene Feather,073 Daystar Hill,30061,GA,dfeatheriu@google.es
680,Wainwright Sagg,941 Doe Crossing Trail,23514,VA,wsaggiv@twitpic.com
681,Scarface Weich,0 Scoville Lane,33169,FL,sweichiw@wordpress.org
682,Godfree Banasik,2573 Sherman Crossing,89140,NV,gbanasikix@ycombinator.com
683,Barris Penniell,78 Kipling Way,25389,WV,bpennielliy@1688.com
684,Ewen Parsand,6 Prairie Rose Drive,10105,NY,eparsandiz@cbslocal.com
685,Wilbur Coll,1 Rockefeller Crossing,97216,OR,wcollj0@amazon.co.jp
686,Steve Dilworth,8 Moulton Drive,25726,WV,sdilworthj1@indiatimes.com
687,Niko Teese,757 Sugar Junction,85710,AZ,nteesej2@wsj.com
688,Rhoda Clingoe,9351 Banding Avenue,64179,MO,rclingoej3@wp.com
689,Stanly Redish,14561 Memorial Street,76205,TX,sredishj4@howstuffworks.com
690,Huey Nannoni,436 Sauthoff Center,15250,PA,hnannonij5@g.co
691,Wynny Kilvington,15 Evergreen Point,27499,NC,wkilvingtonj6@123-reg.co.uk
692,Vicky Gillham,1 Heffernan Junction,95838,CA,vgillhamj7@myspace.com
693,Hobie Tootin,84632 Anthes Street,35405,AL,htootinj8@issuu.com
694,Lenette Cooper,369 Moose Center,48258,MI,lcooperj9@miitbeian.gov.cn
695,Sheilah Effemy,5 Arizona Place,91328,CA,seffemyja@flavors.me
696,Ursa Lerner,7475 Anthes Street,90398,CA,ulernerjb@elpais.com
697,Renae Kuhne,6584 Cherokee Plaza,22070,VA,rkuhnejc@google.co.jp
698,Trescha Zoanetti,80 Helena Pass,85083,AZ,tzoanettijd@wufoo.com
699,Francene Mathivon,9 Delaware Terrace,55470,MN,fmathivonje@nature.com
700,Clemente Hamblington,0 Kropf Road,41905,KY,chamblingtonjf@tuttocitta.it
701,Dominic Lodo,9 Bowman Lane,19151,PA,dlodojg@rediff.com
702,Thorvald Philippe,5 Blaine Alley,32969,FL,tphilippejh@tamu.edu
703,Lurleen Coling,07380 Gateway Point,98121,WA,lcolingji@gov.uk
704,Colas Connor,713 Elgar Plaza,20575,DC,cconnorjj@discovery.com
705,Lewie Willmont,981 Pleasure Road,12237,NY,lwillmontjk@ox.ac.uk
706,Kippy Carabet,462 Meadow Ridge Alley,78710,TX,kcarabetjl@mac.com
707,Rickie Mullord,90 Coleman Park,33421,FL,rmullordjm@intel.com
708,Cynthy Batrop,9847 Glendale Way,98464,WA,cbatropjn@dropbox.com
709,Terri Giacopini,56 Ridgeway Place,33625,FL,tgiacopinijo@imdb.com
710,Den MacGuiness,4049 Manley Way,46239,IN,dmacguinessjp@rediff.com
711,Randee Burniston,960 Myrtle Plaza,85737,AZ,rburnistonjq@gov.uk
712,Emalee Longrigg,50 Delladonna Crossing,19714,DE,elongriggjr@jalbum.net
713,Shae Reichhardt,687 Nova Road,25389,WV,sreichhardtjs@google.nl
714,Jimmy Strachan,9726 Ludington Way,19810,DE,jstrachanjt@about.com
715,Olivie Jammes,34708 Mcbride Center,18763,PA,ojammesju@chicagotribune.com
716,Adrea Khadir,5 Blaine Plaza,91109,CA,akhadirjv@walmart.com
717,Milzie Shoosmith,934 Columbus Junction,17605,PA,mshoosmithjw@friendfeed.com
718,Lennie Joddins,6637 Novick Avenue,45020,OH,ljoddinsjx@technorati.com
719,Port Tedman,78416 Maywood Road,07104,NJ,ptedmanjy@soup.io
720,Kala Masserel,12189 Gateway Lane,31217,GA,kmassereljz@sakura.ne.jp
721,Susi Springtorpe,337 Farwell Place,98682,WA,sspringtorpek0@usgs.gov
722,Aime Conrard,70044 Vera Park,83716,ID,aconrardk1@vinaora.com
723,Candis Radbone,846 High Crossing Point,24014,VA,cradbonek2@nydailynews.com
724,Powell Hansard,42943 Pierstorff Hill,74103,OK,phansardk3@exblog.jp
725,Francois Bwye,0 Spaight Pass,30358,GA,fbwyek4@fc2.com
726,Corney Frary,30373 Hudson Circle,14210,NY,cfraryk5@bloglines.com
727,Wylie Brereton,6672 Banding Circle,77386,TX,wbreretonk6@comcast.net
728,Cassandre Morffew,0578 Melby Alley,02162,MA,cmorffewk7@istockphoto.com
729,Wilone Vernalls,571 Larry Alley,70607,LA,wvernallsk8@nydailynews.com
730,Kathy Burnall,77 Oak Valley Hill,87110,NM,kburnallk9@fastcompany.com
731,Wenda Varvell,4 Raven Lane,76004,TX,wvarvellka@yolasite.com
732,Ingrim Saturley,704 Miller Place,92619,CA,isaturleykb@yellowbook.com
733,Nealon Jephcote,2 Lunder Drive,91797,CA,njephcotekc@squarespace.com
734,Dene Scandrett,0836 Dayton Terrace,11470,NY,dscandrettkd@1und1.de
735,Gerri Satterly,82082 Barby Junction,79955,TX,gsatterlyke@archive.org
736,Maggy Karpov,7497 Chinook Road,30022,GA,mkarpovkf@yahoo.com
737,Zia Ireson,6 Macpherson Road,29215,SC,ziresonkg@usgs.gov
738,Prentice Arnull,52594 Warrior Drive,75216,TX,parnullkh@wordpress.com
739,Bunny Chessill,122 Bartelt Center,55487,MN,bchessillki@studiopress.com
740,Farrah Shields,4192 Oak Road,32526,FL,fshieldskj@wix.com
741,Rriocard Fielden,03 Reinke Crossing,27110,NC,rfieldenkk@domainmarket.com
742,Rosalyn Hylands,7 Corry Parkway,93750,CA,rhylandskl@weather.com
743,Eamon Dunsford,69 Montana Center,57110,SD,edunsfordkm@mtv.com
744,Silvester Melledy,547 Grim Park,79968,TX,smelledykn@dyndns.org
745,Durant Omand,27 Schurz Lane,14233,NY,domandko@telegraph.co.uk
746,Patrick Swatheridge,311 Dawn Center,30375,GA,pswatheridgekp@storify.com
747,Douglas Isakson,32 Parkside Terrace,64136,MO,disaksonkq@comsenz.com
748,Neille Crigin,391 Kedzie Lane,97216,OR,ncriginkr@gizmodo.com
749,Valaria Crichton,11 Marcy Circle,96154,CA,vcrichtonks@intel.com
750,Honoria Lecky,577 Corscot Parkway,38119,TN,hleckykt@hubpages.com
751,Teador Riley,4 Barby Hill,41905,KY,trileyku@fastcompany.com
752,Leonhard Fennessy,59 Roxbury Circle,79182,TX,lfennessykv@example.com
753,Althea Shellum,88891 Northfield Place,01610,MA,ashellumkw@dagondesign.com
754,Tedra Jakoviljevic,95915 Oxford Crossing,66210,KS,tjakoviljevickx@arstechnica.com
755,Tallulah Aberdeen,05636 Starling Terrace,93721,CA,taberdeenky@indiegogo.com
756,Nicholle Haskins,59 Luster Lane,27455,NC,nhaskinskz@dropbox.com
757,Yurik Forson,3 Namekagon Trail,98411,WA,yforsonl0@skyrock.com
758,Aarika Bossons,0594 Cardinal Plaza,70149,LA,abossonsl1@upenn.edu
759,Herold Strafen,3 Lighthouse Bay Road,44720,OH,hstrafenl2@sourceforge.net
760,Steve Gredden,163 6th Drive,29203,SC,sgreddenl3@weather.com
761,Josefina Wrassell,6650 Scoville Point,40215,KY,jwrasselll4@mashable.com
762,Cthrine Roly,432 Spohn Avenue,20051,DC,crolyl5@businessinsider.com
763,Elnar Wraggs,9 Carpenter Street,72215,AR,ewraggsl6@ezinearticles.com
764,Leland Cancellieri,6 International Crossing,98405,WA,lcancellieril7@go.com
765,Isidor Graine,4392 Upham Place,20918,MD,igrainel8@slideshare.net
766,Harv Blackney,0528 Ohio Plaza,93381,CA,hblackneyl9@fda.gov
767,Radcliffe Kennea,3 Annamark Parkway,75241,TX,rkenneala@chron.com
768,Nessa Wines,9 American Ash Road,46295,IN,nwineslb@shinystat.com
769,Eustace Paish,370 Mayfield Alley,08608,NJ,epaishlc@vk.com
770,Remus Lewsey,58559 Charing Cross Road,32277,FL,rlewseyld@miibeian.gov.cn
771,Libbi Cullotey,22794 Buell Parkway,75044,TX,lculloteyle@umn.edu
772,Brigit Carreck,0 Anzinger Circle,77250,TX,bcarrecklf@arstechnica.com
773,Perrine Padula,727 Petterle Crossing,10249,NY,ppadulalg@scribd.com
774,Alicea Sivyour,902 Harbort Street,22119,VA,asivyourlh@ucla.edu
775,Niccolo Bagger,5 Pleasure Road,22234,VA,nbaggerli@cbslocal.com
776,Etheline Hayzer,05 Vermont Lane,75231,TX,ehayzerlj@disqus.com
777,Lyssa Cardozo,47032 Warner Street,48505,MI,lcardozolk@gnu.org
778,Antone Gaspard,0 Veith Place,30340,GA,agaspardll@blog.com
779,Jody Cinavas,7 Elgar Circle,10009,NY,jcinavaslm@chicagotribune.com
780,Matthias Hannond,1730 Ruskin Crossing,53726,WI,mhannondln@scribd.com
781,Avrom Boggon,89147 Stuart Court,55172,MN,aboggonlo@intel.com
782,Giulia Westfield,282 Anthes Lane,96810,HI,gwestfieldlp@liveinternet.ru
783,Pearle Scyner,5549 Sachs Crossing,98185,WA,pscynerlq@w3.org
784,Eirena Glencrash,046 Morningstar Way,53705,WI,eglencrashlr@clickbank.net
785,Eadie Hiddsley,90018 Old Gate Terrace,66611,KS,ehiddsleyls@slideshare.net
786,Shay Aldins,4303 Heath Point,55585,MN,saldinslt@mayoclinic.com
787,Gisella Dreus,60371 Stone Corner Drive,70116,LA,gdreuslu@goodreads.com
788,Lynde Glauber,4964 Briar Crest Avenue,35405,AL,lglauberlv@slate.com
789,Maynord Haydney,97 Fisk Circle,27710,NC,mhaydneylw@dedecms.com
790,Nerte Tilliard,24902 Summit Park,20062,DC,ntilliardlx@boston.com
791,Bay Hancorn,0737 Monterey Trail,29416,SC,bhancornly@mashable.com
792,Remington Kennler,58 Summit Circle,28314,NC,rkennlerlz@ocn.ne.jp
793,Shelba Geggie,21743 Montana Plaza,75277,TX,sgeggiem0@elegantthemes.com
794,Bale Hazlewood,1047 6th Hill,80291,CO,bhazlewoodm1@scientificamerican.com
795,Malynda McBratney,5 Prairieview Avenue,27264,NC,mmcbratneym2@noaa.gov
796,Darb Hickin,9 Lighthouse Bay Court,06505,CT,dhickinm3@squarespace.com
797,Annadiana Wolledge,52811 Elgar Point,06721,CT,awolledgem4@mit.edu
798,Creighton Pipping,9 Lakewood Place,21281,MD,cpippingm5@jugem.jp
799,Antoine Grabb,5 Knutson Lane,48224,MI,agrabbm6@techcrunch.com
800,Bale Tonsley,56 Elka Court,32526,FL,btonsleym7@yahoo.com
801,Cicily Towsey,7 Oriole Center,46278,IN,ctowseym8@nps.gov
802,Abraham Coffin,4486 Heath Way,12237,NY,acoffinm9@jugem.jp
803,Jolene Moylane,6 Superior Point,78225,TX,jmoylanema@blogtalkradio.com
804,Marty Crinkley,36687 Haas Point,89150,NV,mcrinkleymb@walmart.com
805,Brandise Oehme,0 Bunker Hill Center,90310,CA,boehmemc@wired.com
806,Aristotle Hoofe,652 3rd Way,90055,CA,ahoofemd@people.com.cn
807,Stan Graith,7 Talisman Parkway,56944,DC,sgraithme@wiley.com
808,Delmar Fetherstone,1469 Darwin Circle,23509,VA,dfetherstonemf@house.gov
809,Sorcha Rowan,9 Continental Circle,21216,MD,srowanmg@spotify.com
810,Eduardo Hartrick,064 Grover Pass,21265,MD,ehartrickmh@gnu.org
811,Perry Dumbelton,4 Logan Way,70183,LA,pdumbeltonmi@de.vu
812,Marie Filippo,7357 Norway Maple Hill,49444,MI,mfilippomj@tamu.edu
813,Nonie Whitfield,0 Warrior Trail,33129,FL,nwhitfieldmk@google.ru
814,Tarah Czaple,80 Schurz Pass,19160,PA,tczapleml@narod.ru
815,Oberon Manketell,6 Warrior Avenue,60078,IL,omanketellmm@soundcloud.com
816,Brunhilde Gopsill,3453 Starling Center,55480,MN,bgopsillmn@imgur.com
817,Jaime Berthe,55 Orin Drive,77288,TX,jberthemo@mozilla.com
818,Nicole Imesen,4385 Novick Court,37924,TN,nimesenmp@irs.gov
819,Janet Gwillym,0 Dakota Park,68505,NE,jgwillymmq@nydailynews.com
820,Wendy Bosma,9 Londonderry Alley,92505,CA,wbosmamr@netscape.com
821,Laryssa French,0445 Fairfield Way,91841,CA,lfrenchms@shareasale.com
822,Carie Gotmann,8 Ilene Court,39204,MS,cgotmannmt@sbwire.com
823,Xaviera Mougel,0040 Bonner Hill,95973,CA,xmougelmu@acquirethisname.com
824,Merola Ethelston,69 Muir Trail,23272,VA,methelstonmv@walmart.com
825,Vern Mc Caughan,5 3rd Avenue,88541,TX,vmcmw@usda.gov
826,Faber Enser,6 Schiller Place,45408,OH,fensermx@archive.org
827,Fabe Gaul,53972 Eggendart Park,99522,AK,fgaulmy@multiply.com
828,Gerianna Cuniam,7851 Jay Center,99205,WA,gcuniammz@chicagotribune.com
829,Janey Mordacai,6555 Havey Park,33196,FL,jmordacain0@google.co.uk
830,Alwin Ayers,62693 Burrows Road,62776,IL,aayersn1@amazonaws.com
831,Palmer Haukey,1189 Nova Place,19610,PA,phaukeyn2@ucsd.edu
832,Bruce Withnall,21141 Morrow Way,95113,CA,bwithnalln3@forbes.com
833,Melany Craigg,264 Homewood Circle,89074,NV,mcraiggn4@t-online.de
834,Engelbert Solway,37484 Forest Terrace,92513,CA,esolwayn5@techcrunch.com
835,Jermaine Duesberry,60092 Banding Circle,22070,VA,jduesberryn6@cbsnews.com
836,Adriaens Hallows,10 Old Gate Center,75231,TX,ahallowsn7@hp.com
837,Regan Stanhope,10204 Brentwood Trail,20508,DC,rstanhopen8@taobao.com
838,Roland Cooley,0158 Fallview Lane,23220,VA,rcooleyn9@vistaprint.com
839,Lavina Lillecrap,58453 Annamark Circle,01105,MA,llillecrapna@tiny.cc
840,Phelia MacGill,61347 Schlimgen Crossing,72204,AR,pmacgillnb@google.com
841,Bryan Mortell,9585 Stuart Place,20816,MD,bmortellnc@altervista.org
842,Donna Camfield,843 Lakewood Way,30375,GA,dcamfieldnd@paginegialle.it
843,Conchita Attard,7956 Kinsman Park,66629,KS,cattardne@t.co
844,Klemens McDonald,329 Bonner Circle,48211,MI,kmcdonaldnf@yolasite.com
845,Philipa Barti,9220 Talisman Hill,92717,CA,pbarting@delicious.com
846,Simon Glennie,2929 Oxford Plaza,66606,KS,sglennienh@mlb.com
847,Keith Mousby,1659 Sycamore Avenue,33705,FL,kmousbyni@comcast.net
848,Brynna Dunkerly,2 Charing Cross Hill,11854,NY,bdunkerlynj@lulu.com
849,Darcey Hyams,9058 Schlimgen Place,33625,FL,dhyamsnk@telegraph.co.uk
850,Pate Loughman,4 Grayhawk Terrace,12247,NY,ploughmannl@salon.com
851,Ebony Probet,70 Independence Crossing,64101,MO,eprobetnm@earthlink.net
852,Arabel Sheehan,7776 Roxbury Drive,90035,CA,asheehannn@webmd.com
853,Harv Cozzi,9 David Terrace,64199,MO,hcozzino@technorati.com
854,Rikki Clawsley,21 Talisman Place,48550,MI,rclawsleynp@census.gov
855,Kahaleel Scrivin,137 Delaware Circle,68124,NE,kscrivinnq@army.mil
856,Arlee Dunrige,78 Sundown Park,30605,GA,adunrigenr@berkeley.edu
857,Phip Barber,939 Mccormick Avenue,55115,MN,pbarberns@studiopress.com
858,Lon Boxill,12923 Aberg Junction,84170,UT,lboxillnt@google.pl
859,Minerva Gartan,78395 Monument Way,94544,CA,mgartannu@dedecms.com
860,Ave Paton,6 Wayridge Crossing,10009,NY,apatonnv@bizjournals.com
861,Caz Southerell,1698 Westend Street,61605,IL,csoutherellnw@mozilla.com
862,Wallace Gavaran,5881 Susan Center,07208,NJ,wgavarannx@csmonitor.com
863,Jyoti Church,3531 North Road,32412,FL,jchurchny@1688.com
864,Jonah Burde,42623 Barnett Court,79176,TX,jburdenz@cornell.edu
865,Gabbey Pagen,29 Forest Run Place,08104,NJ,gpageno0@fastcompany.com
866,Cal Arnoud,94 Raven Street,32891,FL,carnoudo1@stumbleupon.com
867,Malory Jakubowski,59 Marcy Alley,55115,MN,mjakubowskio2@yale.edu
868,Kalinda Causton,56 Doe Crossing Hill,32505,FL,kcaustono3@google.pl
869,Marguerite Devaney,65 Ilene Plaza,38197,TN,mdevaneyo4@gmpg.org
870,Nikolos Haycraft,40 Mockingbird Alley,97211,OR,nhaycrafto5@nhs.uk
871,Norby Caplis,955 Lunder Place,14609,NY,ncapliso6@ameblo.jp
872,Maddy Greensite,10 Fallview Way,98405,WA,mgreensiteo7@netlog.com
873,Nehemiah Swinyard,4775 Logan Drive,45440,OH,nswinyardo8@posterous.com
874,Suzi Medlin,6 Corry Junction,30089,GA,smedlino9@ibm.com
875,Neila Mion,8 Karstens Park,91505,CA,nmionoa@kickstarter.com
876,Carmina Shuttleworth,4255 Esker Terrace,02163,MA,cshuttleworthob@opera.com
877,Jacob Trusler,16 Sundown Street,39210,MS,jtrusleroc@rambler.ru
878,Spence Giraldo,60561 Anhalt Pass,47747,IN,sgiraldood@reference.com
879,Marysa Goldstein,3 Westridge Park,77050,TX,mgoldsteinoe@apple.com
880,Carlotta Shillinglaw,7920 Main Pass,50330,IA,cshillinglawof@un.org
881,Ly Caveney,35 Lunder Hill,11431,NY,lcaveneyog@creativecommons.org
882,Sheena Beglin,972 Dryden Point,59112,MT,sbeglinoh@smh.com.au
883,Lacee Kochl,20 Victoria Place,06127,CT,lkochloi@ebay.com
884,Enrique Littlekit,72 Gateway Plaza,21705,MD,elittlekitoj@wsj.com
885,Modestine Kettle,3 Kedzie Alley,94147,CA,mkettleok@nyu.edu
886,Buffy Simyson,33 Declaration Court,23289,VA,bsimysonol@pen.io
887,Brennan Verrall,90088 Maple Wood Trail,12305,NY,bverrallom@icio.us
888,Franzen Shakelade,19264 Commercial Parkway,46862,IN,fshakeladeon@auda.org.au
889,Malorie Hamsher,3395 Sutherland Place,32941,FL,mhamsheroo@bluehost.com
890,Elsworth Fullilove,542 Clarendon Pass,94616,CA,efulliloveop@1und1.de
891,Iorgo Bruty,0682 Orin Way,27404,NC,ibrutyoq@uol.com.br
892,Benedikta Cruce,50120 Prentice Avenue,33543,FL,bcruceor@deviantart.com
893,Fairlie Aizikov,924 Eagan Plaza,20470,DC,faizikovos@goodreads.com
894,Mayer Brownlie,3549 Golf View Way,06152,CT,mbrownlieot@over-blog.com
895,Maryjo Kuhnt,2 Sullivan Avenue,32304,FL,mkuhntou@ask.com
896,Stephine Rowden,365 Glacier Hill Crossing,94164,CA,srowdenov@uol.com.br
897,Cassondra Chillcot,85731 Northwestern Place,81005,CO,cchillcotow@storify.com
898,Pavlov Annesley,61533 Cambridge Pass,33680,FL,pannesleyox@dot.gov
899,Wenonah Asher,57275 Forest Dale Lane,92415,CA,washeroy@moonfruit.com
900,Sophronia Fawcitt,00 Mcguire Hill,77218,TX,sfawcittoz@youku.com
901,Lida Bulteel,0 Straubel Center,25356,WV,lbulteelp0@imageshack.us
902,Tobit Jennins,70074 Donald Circle,75185,TX,tjenninsp1@sitemeter.com
903,Lovell Minichillo,3 Brown Center,94273,CA,lminichillop2@phoca.cz
904,Ilysa Warbeys,107 Becker Circle,98506,WA,iwarbeysp3@seattletimes.com
905,Tristan D'Adamo,93 Canary Terrace,94405,CA,tdadamop4@surveymonkey.com
906,Issy Vlasenko,2546 Anthes Drive,19104,PA,ivlasenkop5@1und1.de
907,Chariot Aylmore,1 Kinsman Park,67260,KS,caylmorep6@technorati.com
908,Amalea Scotson,253 Hollow Ridge Place,02216,MA,ascotsonp7@joomla.org
909,Gilligan Phythien,943 Huxley Plaza,02124,MA,gphythienp8@php.net
910,Emmie Spurdle,8595 Holmberg Hill,32309,FL,espurdlep9@senate.gov
911,Rozalin Scott,5345 Fremont Way,76110,TX,rscottpa@state.tx.us
912,Nevsa Yeend,52651 Arrowood Terrace,95054,CA,nyeendpb@miibeian.gov.cn
913,Hersh Steers,398 American Circle,33013,FL,hsteerspc@tripod.com
914,Emogene Arblaster,3613 Sage Terrace,33124,FL,earblasterpd@about.me
915,Lefty Bruyet,8 Lukken Lane,78405,TX,lbruyetpe@businessweek.com
916,Vincents Berr,3972 Eastlawn Avenue,45426,OH,vberrpf@theatlantic.com
917,Joice Leon,89411 Sauthoff Park,88541,TX,jleonpg@yellowpages.com
918,Yurik Dudderidge,166 Harbort Place,55436,MN,ydudderidgeph@soup.io
919,Dave Kew,50 Dawn Parkway,36109,AL,dkewpi@blogtalkradio.com
920,Harman Ivie,8 Quincy Place,06721,CT,hiviepj@senate.gov
921,Moises Drackford,0 Ohio Alley,07505,NJ,mdrackfordpk@cafepress.com
922,Wolf Meiklem,17 Basil Junction,28256,NC,wmeiklempl@indiatimes.com
923,Felisha Cuddehay,69529 Chive Drive,60193,IL,fcuddehaypm@e-recht24.de
924,Chloe Dorant,07505 Stone Corner Street,85710,AZ,cdorantpn@utexas.edu
925,Ashia Reicharz,5545 North Pass,76705,TX,areicharzpo@bandcamp.com
926,Dan Ramsey,79 Northridge Center,10115,NY,dramseypp@ifeng.com
927,Christal Paramore,8 Anderson Drive,56372,MN,cparamorepq@npr.org
928,Michele Marguerite,26149 Anderson Drive,78726,TX,mmargueritepr@lulu.com
929,Fanchette Bemand,89 Pierstorff Drive,20409,DC,fbemandps@discovery.com
930,Vinnie Paladini,1151 Stang Park,08922,NJ,vpaladinipt@usatoday.com
931,Reamonn Bedlington,78 Vidon Crossing,15230,PA,rbedlingtonpu@tinyurl.com
932,Paula Braunroth,4 Scott Trail,64142,MO,pbraunrothpv@wikimedia.org
933,Cassandry Landor,92568 Mandrake Center,62756,IL,clandorpw@ask.com
934,Dallis De La Salle,516 Holy Cross Lane,90050,CA,ddepx@businesswire.com
935,Thekla Worton,9436 Golden Leaf Alley,11024,NY,twortonpy@foxnews.com
936,Nellie Lamartine,0032 Butterfield Lane,44191,OH,nlamartinepz@gizmodo.com
937,Friederike Habble,8843 Clarendon Point,90040,CA,fhabbleq0@mozilla.com
938,Allyson Mainz,4311 Victoria Terrace,75241,TX,amainzq1@fastcompany.com
939,Neill Wakerley,57 Reinke Plaza,66215,KS,nwakerleyq2@homestead.com
940,Odette Truett,26922 Kedzie Terrace,29215,SC,otruettq3@nba.com
941,Denney Baggiani,1 Oriole Way,63110,MO,dbaggianiq4@java.com
942,Lira Manners,72 Mayer Place,23459,VA,lmannersq5@nbcnews.com
943,Vaughn Yukhnin,02 Melrose Hill,19125,PA,vyukhninq6@dion.ne.jp
944,Candy Oakshott,90460 Fuller Circle,75799,TX,coakshottq7@opera.com
945,Eliza Monkton,4976 Prairie Rose Plaza,90094,CA,emonktonq8@theglobeandmail.com
946,Levin Gellibrand,9538 Ilene Place,78744,TX,lgellibrandq9@xinhuanet.com
947,Rosalinda Jeffs,463 Sachs Crossing,51110,IA,rjeffsqa@oracle.com
948,Helaine Duncklee,8 Reinke Terrace,33884,FL,hdunckleeqb@miitbeian.gov.cn
949,Weber Newall,37 Hudson Point,02203,MA,wnewallqc@pbs.org
950,Otho Sivell,732 Jenifer Alley,96825,HI,osivellqd@shareasale.com
951,Judye Hardiker,4 Cambridge Point,47732,IN,jhardikerqe@aol.com
952,Irina Shilliday,9 Kinsman Lane,20041,DC,ishillidayqf@wikimedia.org
953,Katrinka Golson,58 Mandrake Pass,89036,NV,kgolsonqg@usda.gov
954,Illa Grattage,86 Sullivan Way,77060,TX,igrattageqh@youtube.com
955,Chaddy Dominick,8225 Monica Crossing,15230,PA,cdominickqi@guardian.co.uk
956,Pier Gilhouley,95064 Northfield Trail,48919,MI,pgilhouleyqj@google.co.jp
957,Shaughn Plumb,19002 Northridge Street,95108,CA,splumbqk@shinystat.com
958,Amargo Willstrop,14220 Oxford Crossing,06721,CT,awillstropql@wikimedia.org
959,Casi Camble,505 Tomscot Terrace,84403,UT,ccambleqm@who.int
960,Sibylle Rykert,0591 Cherokee Trail,50936,IA,srykertqn@netvibes.com
961,Joaquin O'Carran,75 Rusk Circle,02119,MA,jocarranqo@biglobe.ne.jp
962,Arnie Cuff,43860 Duke Avenue,28284,NC,acuffqp@springer.com
963,Fairlie Kittless,8 Johnson Hill,60657,IL,fkittlessqq@arizona.edu
964,Dalila Carette,0 Del Sol Terrace,39236,MS,dcaretteqr@disqus.com
965,Merl Feary,612 Crowley Parkway,33411,FL,mfearyqs@vkontakte.ru
966,Giulia O'Cannan,0904 Homewood Road,37416,TN,gocannanqt@goo.gl
967,Maddy Massinger,83 Lawn Court,14263,NY,mmassingerqu@springer.com
968,Page Burdell,60599 Nevada Center,75387,TX,pburdellqv@yale.edu
969,Karissa Tewkesberry,556 Sage Parkway,77234,TX,ktewkesberryqw@nationalgeographic.com
970,Patience Yitzhak,1 Grover Junction,43699,OH,pyitzhakqx@home.pl
971,Ware Blagdon,1923 Brentwood Circle,37220,TN,wblagdonqy@bloomberg.com
972,Osborn Esposita,65838 Sloan Trail,79934,TX,oespositaqz@examiner.com
973,Nichole Mapam,9761 Waxwing Parkway,70179,LA,nmapamr0@1und1.de
974,Bradan Hainning,9 Village Place,20397,DC,bhainningr1@nps.gov
975,Georgie Mee,7 Bunker Hill Terrace,91210,CA,gmeer2@geocities.jp
976,Hannie Woodson,6268 Village Crossing,95160,CA,hwoodsonr3@utexas.edu
977,Ginger Franek,289 Mifflin Court,27150,NC,gfranekr4@chronoengine.com
978,Goddard Simcoe,2372 Bay Lane,29203,SC,gsimcoer5@posterous.com
979,Euell Deluca,71147 Mccormick Center,22217,VA,edelucar6@google.es
980,Dukey Whitehouse,7 Grayhawk Avenue,10270,NY,dwhitehouser7@yellowpages.com
981,Mercy Pyke,992 Bultman Center,85053,AZ,mpyker8@cdbaby.com
982,Athene Eddies,36139 Nancy Alley,94164,CA,aeddiesr9@adobe.com
983,Tremaine Linde,731 Prairie Rose Crossing,55598,MN,tlindera@blogs.com
984,Cole Paver,458 John Wall Center,90005,CA,cpaverrb@sourceforge.net
985,Quintilla De Castri,84894 Mandrake Point,98109,WA,qderc@prnewswire.com
986,Rochelle Crosseland,731 Derek Way,43215,OH,rcrosselandrd@google.co.uk
987,Dulcy Larmor,7971 Warrior Lane,63126,MO,dlarmorre@ow.ly
988,Enrico Stoffel,193 Brickson Park Pass,85005,AZ,estoffelrf@ftc.gov
989,Cortie Lukasik,390 Walton Plaza,80925,CO,clukasikrg@amazonaws.com
990,Roberto Spittall,763 Lukken Center,65810,MO,rspittallrh@globo.com
991,Suzi Kendell,83691 Shoshone Center,31296,GA,skendellri@ihg.com
992,Alma O' Byrne,41495 Cascade Plaza,80915,CO,aorj@tripadvisor.com
993,Kirbee Tinline,1367 Redwing Terrace,88558,TX,ktinlinerk@google.co.uk
994,Bone Lambrechts,18 Ruskin Street,46867,IN,blambrechtsrl@cpanel.net
995,Antoine Torrance,4 Bashford Lane,63104,MO,atorrancerm@symantec.com
996,Hamlen Nielson,15 Coleman Trail,48609,MI,hnielsonrn@over-blog.com
997,Pennie Nott,7258 Hazelcrest Park,76205,TX,pnottro@youku.com
998,Sayre MacGillavery,997 Ridge Oak Parkway,30306,GA,smacgillaveryrp@comsenz.com
999,Corrinne Stickens,98 Anthes Drive,95064,CA,cstickensrq@harvard.edu
1000,Hilary Franz-Schoninger,217 Hintze Court,62776,IL,hfranzschoningerrr@mysql.com
