id,name,address,zipcode,state,email
1,Billye Bulfit,83 Sheridan Parkway,47712,IN,bbulfit0@blogtalkradio.com
2,Conn Gioani,59 Johnson Plaza,46202,IN,cgioani1@imageshack.us
3,Carroll Haville,99531 Graedel Center,33731,FL,chaville2@buzzfeed.com
4,Bear Vaskin,31261 Loomis Drive,32964,FL,bvaskin3@multiply.com
5,Finley Gilburt,57 Maple Wood Hill,62776,IL,fgilburt4@facebook.com
6,Randell Linne,45027 Oak Center,30092,GA,rlinne5@cafepress.com
7,Grata Crottagh,45 Rockefeller Drive,85005,AZ,gcrottagh6@si.edu
8,Hailee Rainard,59090 Victoria Plaza,24024,VA,hrainard7@blog.com
9,Elfrieda Mantripp,6 Northfield Crossing,89115,NV,emantripp8@blogspot.com
10,Alfons McCook,42294 5th Trail,27658,NC,amccook9@bluehost.com
11,Lilllie Hoyland,256 Kropf Hill,67210,KS,lhoylanda@vinaora.com
12,Clayborn Fowells,75 Schiller Plaza,40505,KY,cfowellsb@gnu.org
13,Schuyler Colliss,6421 Forster Avenue,55905,MN,scollissc@gravatar.com
14,Alyson Vern,1 Riverside Junction,50981,IA,avernd@tiny.cc
15,Jayme Godart,4378 Comanche Pass,43635,OH,jgodarte@shareasale.com
16,Yolande Cona,3 Gulseth Drive,66286,KS,yconaf@wsj.com
17,Eduardo Lempke,6821 Schmedeman Avenue,33164,FL,elempkeg@google.com.au
18,Penny Avrahamian,5628 Service Court,80241,CO,pavrahamianh@facebook.com
19,Zed Brent,3 Sauthoff Circle,29579,SC,zbrenti@lycos.com
20,Fawne Strongitharm,02 Warrior Road,60657,IL,fstrongitharmj@webs.com
21,Chauncey Casemore,16870 Cottonwood Terrace,57105,SD,ccasemorek@seesaa.net
22,Sibbie Cameli,4987 Cottonwood Court,78778,TX,scamelil@reddit.com
23,Maddalena Prettyman,2025 Jenna Trail,48076,MI,mprettymanm@tumblr.com
24,Catlee Tilston,08 Steensland Avenue,19125,PA,ctilstonn@studiopress.com
25,Ly Beckitt,02080 Valley Edge Avenue,63167,MO,lbeckitto@ted.com
26,Troy Langdon,3826 Golf Drive,78225,TX,tlangdonp@netlog.com
27,Kipper Ridehalgh,9 Burning Wood Point,45505,OH,kridehalghq@furl.net
28,Alayne Lemasney,2410 Pankratz Circle,77505,TX,alemasneyr@t.co
29,Blondelle Hubeaux,65 Park Meadow Crossing,10557,NY,bhubeauxs@mysql.com
30,Homerus Staveley,9540 Cascade Street,32309,FL,hstaveleyt@usa.gov
31,Vanda Seiller,63 Sutteridge Circle,68524,NE,vseilleru@cam.ac.uk
32,Faustine Brumpton,8497 Crownhardt Way,98447,WA,fbrumptonv@hatena.ne.jp
33,Amalia Lush,73 Hauk Center,33064,FL,alushw@symantec.com
34,Cheston Rollitt,03 Quincy Park,18505,PA,crollittx@t.co
35,Orlando Stiger,6 La Follette Court,48242,MI,ostigery@sitemeter.com
36,Sande Jeffree,95512 Crest Line Terrace,50362,IA,sjeffreez@yandex.ru
37,Anthea Wozencraft,0195 Heffernan Trail,45807,OH,awozencraft10@businesswire.com
38,Kissiah Goadby,70511 Elmside Hill,15215,PA,kgoadby11@census.gov
39,Farlee Fantin,2 Forest Center,84170,UT,ffantin12@themeforest.net
40,Anatollo Lenahan,389 Cambridge Point,22333,VA,alenahan13@flavors.me
41,Christi Jandel,891 Eastlawn Plaza,46221,IN,cjandel14@blog.com
42,Sinclare Cheeld,42 Northwestern Drive,76905,TX,scheeld15@shop-pro.jp
43,Kari Feely,843 Sycamore Plaza,84152,UT,kfeely16@sitemeter.com
44,Charmian Gunton,90735 Fair Oaks Way,95108,CA,cgunton17@instagram.com
45,Jillane Sheeran,464 Jenifer Park,39210,MS,jsheeran18@globo.com
46,Chiquia Josefsson,56 Troy Street,11407,NY,cjosefsson19@drupal.org
47,Ardys McGennis,28235 Fulton Parkway,23454,VA,amcgennis1a@forbes.com
48,Harriette Uglow,7 Lakewood Terrace,74184,OK,huglow1b@adobe.com
49,Jada Balcon,070 Jana Plaza,79968,TX,jbalcon1c@bing.com
50,Shaun Kinton,9152 Redwing Place,07310,NJ,skinton1d@spotify.com
51,Edmund Chinn,13746 Acker Place,38119,TN,echinn1e@indiegogo.com
52,Shaun Paumier,6714 Ilene Road,66205,KS,spaumier1f@flavors.me
53,Sheridan Janko,4659 Armistice Plaza,43610,OH,sjanko1g@arstechnica.com
54,Gabriello Swindin,492 6th Point,55551,MN,gswindin1h@w3.org
55,Carrol Barwick,232 Maple Parkway,73173,OK,cbarwick1i@oracle.com
56,Myrtie Melesk,513 Manley Terrace,78255,TX,mmelesk1j@bbb.org
57,Reina Deavin,652 Dakota Circle,98109,WA,rdeavin1k@nytimes.com
58,Lita Perago,58572 Meadow Ridge Avenue,77201,TX,lperago1l@nba.com
59,Gilemette Danjoie,635 Schlimgen Circle,75710,TX,gdanjoie1m@blog.com
60,Rab Goodhall,56 Carberry Point,10175,NY,rgoodhall1n@apple.com
61,Morten Maggill'Andreis,6 Porter Center,77505,TX,mmaggillandreis1o@gravatar.com
62,Juieta O'Doherty,60622 Spenser Way,32520,FL,jodoherty1p@w3.org
63,Harrie Bartkowiak,4628 Waywood Lane,78703,TX,hbartkowiak1q@odnoklassniki.ru
64,Tobit Brane,1016 Mcbride Plaza,37210,TN,tbrane1r@tuttocitta.it
65,Ingunna Martensen,72 Laurel Drive,22903,VA,imartensen1s@cdc.gov
66,Julie Kivlin,20 Lindbergh Junction,54305,WI,jkivlin1t@github.com
67,Davin Tubridy,46 Del Sol Terrace,18763,PA,dtubridy1u@sciencedirect.com
68,Natassia Buckberry,74 Cardinal Circle,45254,OH,nbuckberry1v@npr.org
69,Gill Jost,5 Helena Lane,90189,CA,gjost1w@oracle.com
70,Merle Blinder,6 Scott Avenue,30092,GA,mblinder1x@moonfruit.com
71,Gaultiero Pennuzzi,6618 Sullivan Point,10160,NY,gpennuzzi1y@cloudflare.com
72,Lu Coghlin,8591 Surrey Circle,45218,OH,lcoghlin1z@comcast.net
73,Ofelia Killick,22 Little Fleur Hill,66699,KS,okillick20@microsoft.com
74,Rolland Higgan,80738 Commercial Lane,14225,NY,rhiggan21@abc.net.au
75,Celka Petyankin,78 Muir Circle,98516,WA,cpetyankin22@trellian.com
76,Lilllie Rustidge,2913 Walton Pass,06533,CT,lrustidge23@liveinternet.ru
77,Karlyn Bredee,554 Mallard Avenue,02405,MA,kbredee24@ftc.gov
78,Verene Igonet,3 Garrison Trail,96835,HI,vigonet25@walmart.com
79,Mikey Eyre,4 Burning Wood Point,60630,IL,meyre26@toplist.cz
80,Lonni Timlett,3478 Kropf Alley,33633,FL,ltimlett27@lycos.com
81,Valentijn Casier,8586 Becker Road,79977,TX,vcasier28@friendfeed.com
82,Isabelita Comusso,271 Green Ridge Alley,07208,NJ,icomusso29@statcounter.com
83,Dorey Sterrie,81 Birchwood Junction,37931,TN,dsterrie2a@vkontakte.ru
84,Lowrance Zecchinii,25 Michigan Plaza,28410,NC,lzecchinii2b@ibm.com
85,Sigfrid Hodgin,21 Talmadge Way,61635,IL,shodgin2c@hexun.com
86,Patrizius Broek,9748 Troy Road,60619,IL,pbroek2d@a8.net
87,Tamarah Hartill,2983 2nd Road,14269,NY,thartill2e@sciencedirect.com
88,Elisa Abrahamian,2 Manitowish Point,06922,CT,eabrahamian2f@ezinearticles.com
89,Orelie Matschek,82 Banding Circle,90040,CA,omatschek2g@github.io
90,Bertha Rubbens,3 Sutherland Circle,08608,NJ,brubbens2h@reverbnation.com
91,Cindie Bollands,5 Ohio Center,12325,NY,cbollands2i@phpbb.com
92,Callean Benedetti,9441 Carioca Way,04109,ME,cbenedetti2j@slashdot.org
93,Ruggiero Beteriss,7 Derek Place,11044,NY,rbeteriss2k@patch.com
94,Salomo Wooder,21 Blue Bill Park Center,21281,MD,swooder2l@newyorker.com
95,Vernice Dovermann,0 Nelson Pass,45403,OH,vdovermann2m@deviantart.com
96,Yoshiko Gregan,17 Bartelt Street,10110,NY,ygregan2n@linkedin.com
97,Mel Zammett,026 Calypso Circle,40225,KY,mzammett2o@seesaa.net
98,Beckie Erickssen,674 Sunfield Crossing,75353,TX,berickssen2p@mit.edu
99,Charmion Chotty,75 Summerview Trail,20244,DC,cchotty2q@timesonline.co.uk
100,Teri Scopyn,736 Clyde Gallagher Court,68531,NE,tscopyn2r@hao123.com
101,Melisa Dorning,93 Merry Circle,77010,TX,mdorning2s@google.com.br
102,Dalston Imlin,11096 Muir Terrace,68105,NE,dimlin2t@chicagotribune.com
103,Latashia Sexti,36 Thierer Place,89120,NV,lsexti2u@un.org
104,Carolus Tewes,42 Stoughton Point,03105,NH,ctewes2v@ebay.com
105,Lezlie Stegell,9072 Messerschmidt Court,90081,CA,lstegell2w@mtv.com
106,Kally Martschke,16 Fieldstone Trail,77206,TX,kmartschke2x@blog.com
107,Jerad Fulk,51 Gerald Way,29416,SC,jfulk2y@angelfire.com
108,Lovell Clemerson,4 La Follette Trail,23668,VA,lclemerson2z@blog.com
109,Kiersten Adamovitch,43884 Butterfield Trail,63110,MO,kadamovitch30@yahoo.com
110,Joanie Vassar,60664 Russell Hill,71137,LA,jvassar31@sbwire.com
111,Korey Grimsdale,9876 Trailsway Junction,89110,NV,kgrimsdale32@msu.edu
112,Betta Cubbinelli,1 Northwestern Junction,80291,CO,bcubbinelli33@mysql.com
113,Babita Costy,0852 Spenser Hill,55114,MN,bcosty34@blog.com
114,Hieronymus Swiffan,23 Hintze Parkway,92717,CA,hswiffan35@boston.com
115,Tana Fidgeon,0754 Stone Corner Hill,95210,CA,tfidgeon36@phpbb.com
116,Marianne McAvey,19 Rigney Plaza,33661,FL,mmcavey37@google.com.hk
117,Rickert Wickins,5 Johnson Plaza,73104,OK,rwickins38@bravesites.com
118,Pammy Ells,2 Miller Street,11355,NY,pells39@businessinsider.com
119,Godiva Stallworthy,53 Oneill Way,14619,NY,gstallworthy3a@imageshack.us
120,Lewiss Trappe,73 Alpine Point,44511,OH,ltrappe3b@joomla.org
121,Kinny Scawen,96785 Roth Plaza,30195,GA,kscawen3c@live.com
122,Dudley Sinden,9 Randy Street,47732,IN,dsinden3d@webmd.com
123,Gregory Pett,44870 Garrison Center,20062,DC,gpett3e@storify.com
124,Shellysheldon Dedon,59717 Bartelt Circle,15286,PA,sdedon3f@prweb.com
125,Sharla Ramalho,513 Summit Hill,94280,CA,sramalho3g@mapy.cz
126,Stacia Godlip,600 Sachs Trail,25321,WV,sgodlip3h@homestead.com
127,Faina Barkworth,35540 Melrose Way,72199,AR,fbarkworth3i@paypal.com
128,Regan McIlwraith,19525 Northfield Terrace,33963,FL,rmcilwraith3j@google.es
129,Pat Rafe,445 Hagan Circle,91328,CA,prafe3k@utexas.edu
130,Annelise Sail,50718 Heffernan Plaza,78732,TX,asail3l@usa.gov
131,Elmore Loan,52151 Bunting Drive,40287,KY,eloan3m@fda.gov
132,Winonah Longo,9 Hazelcrest Drive,77288,TX,wlongo3n@msu.edu
133,Etheline Bonicelli,42451 Calypso Circle,36125,AL,ebonicelli3o@cnet.com
134,Vonni Erdes,91089 Carey Crossing,50305,IA,verdes3p@craigslist.org
135,Edita Shaefer,74168 Pond Trail,20425,DC,eshaefer3q@eepurl.com
136,Bert Carlucci,7 Garrison Point,79940,TX,bcarlucci3r@latimes.com
137,Leigha O'Kane,798 Beilfuss Junction,38131,TN,lokane3s@mapy.cz
138,Malissia Bagg,2 Green Drive,76205,TX,mbagg3t@ucoz.com
139,Birgitta Vashchenko,700 Derek Drive,79940,TX,bvashchenko3u@nsw.gov.au
140,Ody Somerton,6 Londonderry Road,34981,FL,osomerton3v@amazon.de
141,Bear Cecchi,52 Monument Lane,28284,NC,bcecchi3w@mozilla.com
142,Maury Croad,2 Mifflin Crossing,07112,NJ,mcroad3x@amazon.co.uk
143,Idaline Gouthier,32364 Birchwood Terrace,33129,FL,igouthier3y@jugem.jp
144,Waiter Grouse,6975 Little Fleur Center,20508,DC,wgrouse3z@fda.gov
145,Alecia Roskelly,0 Maywood Park,07310,NJ,aroskelly40@uiuc.edu
146,Matt Otter,68 Del Sol Lane,92056,CA,motter41@google.ru
147,Revkah De Laci,78 Nevada Park,73109,OK,rde42@tuttocitta.it
148,Kate MacGiolla Pheadair,89 Raven Lane,49048,MI,kmacgiolla43@harvard.edu
149,Darla D'Antuoni,81 Mifflin Drive,89505,NV,ddantuoni44@indiatimes.com
150,Denis Scintsbury,26 Cherokee Crossing,80935,CO,dscintsbury45@archive.org
151,Pat Stewartson,9835 Arapahoe Avenue,38109,TN,pstewartson46@blogger.com
152,Xymenes Langlois,62228 Di Loreto Point,66105,KS,xlanglois47@arstechnica.com
153,Dermot Porker,1 Bunker Hill Street,88579,TX,dporker48@xinhuanet.com
154,Tull Damato,32 Shopko Road,24024,VA,tdamato49@army.mil
155,Marylou Barnet,68562 Debra Way,53779,WI,mbarnet4a@cnbc.com
156,Shantee Kovnot,48678 8th Way,45432,OH,skovnot4b@51.la
157,Fernando Noads,2440 Spohn Center,85246,AZ,fnoads4c@cocolog-nifty.com
158,Orrin Pero,69 Mendota Alley,10009,NY,opero4d@posterous.com
159,Wit Kingdon,81209 Sutherland Crossing,94611,CA,wkingdon4e@fotki.com
160,Martin Ianilli,3588 Fairfield Trail,83716,ID,mianilli4f@digg.com
161,Cindra Roubottom,83796 Transport Way,32092,FL,croubottom4g@taobao.com
162,Ray Ruskin,2104 Sycamore Crossing,95138,CA,rruskin4h@china.com.cn
163,Danila Dorgon,89065 Macpherson Parkway,10060,NY,ddorgon4i@java.com
164,Colleen Condon,786 Mitchell Trail,92160,CA,ccondon4j@homestead.com
165,Saundra Cranstone,65182 Carey Place,94544,CA,scranstone4k@psu.edu
166,Bridget Pogson,351 Loftsgordon Circle,96845,HI,bpogson4l@xing.com
167,Elisabet McAdam,198 Fallview Park,14276,NY,emcadam4m@cbc.ca
168,Kerry Suffield,1158 Bunting Pass,92165,CA,ksuffield4n@sun.com
169,Adelind Quinton,8788 Moulton Park,33421,FL,aquinton4o@cbc.ca
170,Kelley Haddy,66 Dryden Lane,43220,OH,khaddy4p@hud.gov
171,Willyt Grinov,61109 Roxbury Lane,24020,VA,wgrinov4q@unc.edu
172,Nike By,6 Northridge Alley,21275,MD,nby4r@tinyurl.com
173,Carlie Willingam,70 Marcy Drive,63143,MO,cwillingam4s@epa.gov
174,Tomas Avrahamy,1 Dorton Circle,33615,FL,tavrahamy4t@chron.com
175,Shelley Bernardeau,9687 Cardinal Place,93591,CA,sbernardeau4u@hostgator.com
176,Holt Klambt,58868 Tennyson Parkway,93715,CA,hklambt4v@mashable.com
177,Gregoor Hindmoor,33300 Crescent Oaks Plaza,88558,TX,ghindmoor4w@epa.gov
178,Geoffrey Dumbare,99748 Artisan Plaza,99790,AK,gdumbare4x@taobao.com
179,Leonid Sagar,63 Westend Center,71208,LA,lsagar4y@istockphoto.com
180,Kerr Hotchkin,86302 Eliot Avenue,07195,NJ,khotchkin4z@addtoany.com
181,Rebe Irdale,09 Autumn Leaf Circle,31196,GA,rirdale50@mozilla.org
182,Carla Rebbeck,00 Shopko Plaza,83705,ID,crebbeck51@ucsd.edu
183,Lyndel Weitzel,95 Havey Road,44130,OH,lweitzel52@wufoo.com
184,Ardenia Gouldthorp,5 International Street,33884,FL,agouldthorp53@indiegogo.com
185,Robbie Folder,19071 Summerview Place,30245,GA,rfolder54@examiner.com
186,Demetris Domeny,186 Harbort Drive,64149,MO,ddomeny55@topsy.com
187,Nona Gunson,53214 Messerschmidt Avenue,63136,MO,ngunson56@mapy.cz
188,Idelle Lenormand,15623 Melody Place,30605,GA,ilenormand57@sbwire.com
189,William Duley,1987 Green Ridge Road,93106,CA,wduley58@umich.edu
190,Mel Congreave,92316 Talisman Avenue,75246,TX,mcongreave59@goo.ne.jp
191,Peyton Nurcombe,898 Magdeline Junction,50305,IA,pnurcombe5a@comcast.net
192,Gustie Give,473 Gina Lane,71137,LA,ggive5b@unblog.fr
193,Gae Stiller,9 East Way,33175,FL,gstiller5c@gravatar.com
194,Genovera Lammerts,30911 Marquette Junction,40618,KY,glammerts5d@wired.com
195,Laurie Lutwidge,2 Cherokee Avenue,19125,PA,llutwidge5e@kickstarter.com
196,Blondelle Ceeley,7 Bobwhite Court,08650,NJ,bceeley5f@biglobe.ne.jp
197,Osborn Bowsher,23895 Springs Drive,27705,NC,obowsher5g@msn.com
198,Benetta Frany,6153 Corry Street,12210,NY,bfrany5h@chicagotribune.com
199,Loise Northfield,08963 Straubel Point,46862,IN,lnorthfield5i@independent.co.uk
200,Keven Conboy,70 Mitchell Drive,13217,NY,kconboy5j@elpais.com
201,Dredi Petraitis,64 Lakeland Pass,95160,CA,dpetraitis5k@wordpress.org
202,Marty Isted,59 Eastwood Road,77554,TX,misted5l@nytimes.com
203,Georas Oneil,7 Banding Crossing,22309,VA,goneil5m@bloomberg.com
204,Gav Springtorpe,378 Lyons Parkway,29579,SC,gspringtorpe5n@1688.com
205,Velvet Sang,6189 Eastlawn Alley,60663,IL,vsang5o@fc2.com
206,Deck MacScherie,90 Hanson Parkway,77055,TX,dmacscherie5p@senate.gov
207,Ancell Baumert,9 Sundown Lane,34605,FL,abaumert5q@home.pl
208,Brett Banfield,16052 Gulseth Court,75507,TX,bbanfield5r@dedecms.com
209,Levi Arran,8 Shopko Drive,20430,DC,larran5s@mapy.cz
210,Ansley Beningfield,82 Waubesa Place,94291,CA,abeningfield5t@drupal.org
211,Mendy Peasey,245 Paget Terrace,20546,DC,mpeasey5u@gravatar.com
212,Lutero Battison,2582 5th Street,20551,DC,lbattison5v@google.com.hk
213,Monica Loach,754 Chive Pass,87190,NM,mloach5w@last.fm
214,Winne Mellodey,98 Scoville Park,33661,FL,wmellodey5x@infoseek.co.jp
215,Christa Middlemist,183 Parkside Plaza,83716,ID,cmiddlemist5y@google.ca
216,Arvie Denziloe,7 Graedel Road,33023,FL,adenziloe5z@so-net.ne.jp
217,Phylis Morehall,4 Myrtle Drive,80910,CO,pmorehall60@over-blog.com
218,Giraldo Standbrook,5048 Twin Pines Circle,89087,NV,gstandbrook61@furl.net
219,Mitch Ugoletti,14 Paget Way,33175,FL,mugoletti62@cmu.edu
220,Laural Donohoe,3 6th Trail,77388,TX,ldonohoe63@merriam-webster.com
221,Orelle Caren,174 Golf View Terrace,20816,MD,ocaren64@networkadvertising.org
222,Berkie Backwell,55 Del Mar Place,46266,IN,bbackwell65@scribd.com
223,Daniel Stallworthy,8 Talmadge Drive,27610,NC,dstallworthy66@admin.ch
224,Alexandra Maddicks,76245 Little Fleur Avenue,75241,TX,amaddicks67@archive.org
225,Mead Pesak,72 Dakota Park,45403,OH,mpesak68@usgs.gov
226,Crawford Halfacree,6817 School Pass,47737,IN,chalfacree69@tripod.com
227,Lorena Ismay,3970 Bowman Court,77005,TX,lismay6a@unicef.org
228,Hildegaard Rodolf,6 Stephen Circle,17121,PA,hrodolf6b@unc.edu
229,Marco Drieu,13014 Glendale Circle,80525,CO,mdrieu6c@edublogs.org
230,Jephthah Rudd,6073 Hagan Court,78732,TX,jrudd6d@bbc.co.uk
231,Garrot Courtin,11 Crowley Junction,66225,KS,gcourtin6e@paypal.com
232,Tito Tirrey,0 Westridge Circle,64114,MO,ttirrey6f@google.cn
233,Lissie Rentcome,499 Iowa Terrace,16505,PA,lrentcome6g@nydailynews.com
234,Tomkin Ambrogi,952 Graceland Alley,10249,NY,tambrogi6h@wunderground.com
235,Hyman Mawer,4 Sunbrook Crossing,28815,NC,hmawer6i@furl.net
236,Corrine Roskelly,9 Moose Park,02142,MA,croskelly6j@berkeley.edu
237,Lesley Blomefield,620 Beilfuss Way,19136,PA,lblomefield6k@is.gd
238,Dorotea Zambonini,035 Canary Road,78744,TX,dzambonini6l@thetimes.co.uk
239,Ailbert Tadd,8717 Oriole Junction,80161,CO,atadd6m@indiegogo.com
240,Chicky McVane,978 Clemons Street,20540,DC,cmcvane6n@huffingtonpost.com
241,Ethelyn Kopje,62 Bunker Hill Drive,77045,TX,ekopje6o@tripadvisor.com
242,Brucie Sesser,216 Arrowood Parkway,23459,VA,bsesser6p@cafepress.com
243,Gunther Huntingdon,821 Continental Junction,94105,CA,ghuntingdon6q@diigo.com
244,Aurore Biswell,9003 Service Avenue,10249,NY,abiswell6r@aboutads.info
245,Weston Howood,0482 Namekagon Court,89130,NV,whowood6s@phpbb.com
246,Timoteo Vollam,6140 Havey Circle,92662,CA,tvollam6t@tripod.com
247,Thalia Latchford,9447 Hermina Trail,70124,LA,tlatchford6u@ask.com
248,Camala Walkley,9647 Dottie Road,43226,OH,cwalkley6v@t.co
249,Llywellyn Doxey,60449 Judy Point,12222,NY,ldoxey6w@netscape.com
250,Genna Hazle,282 Anderson Circle,85725,AZ,ghazle6x@arstechnica.com
251,Darren Grattan,0 Scott Lane,40596,KY,dgrattan6y@loc.gov
252,Garret Bartlomiej,496 Beilfuss Road,32123,FL,gbartlomiej6z@amazon.co.uk
253,Lonny Gonthard,04351 Haas Point,20535,DC,lgonthard70@ehow.com
254,Sayre Moir,21 Eagle Crest Street,16510,PA,smoir71@huffingtonpost.com
255,Eyde Lambersen,7 High Crossing Place,96810,HI,elambersen72@cargocollective.com
256,Errol Filipson,56 Donald Place,19131,PA,efilipson73@usda.gov
257,Hashim Brason,6770 Mitchell Center,93773,CA,hbrason74@china.com.cn
258,Giffer Gores,44423 Saint Paul Terrace,92844,CA,ggores75@163.com
259,Bennie Sertin,01 Sunfield Avenue,14646,NY,bsertin76@scientificamerican.com
260,Sharla Kittow,47 Sommers Place,23225,VA,skittow77@senate.gov
261,Maynard Ferro,31 Southridge Place,34114,FL,mferro78@google.ru
262,Ashlie Thomasen,90158 Larry Terrace,75710,TX,athomasen79@hostgator.com
263,Nicholle Pineaux,3 Toban Plaza,20525,DC,npineaux7a@answers.com
264,Hailee Girardoni,5 Talisman Terrace,06140,CT,hgirardoni7b@ucoz.com
265,Reggie Heyworth,3 Manufacturers Way,21229,MD,rheyworth7c@sfgate.com
266,Robinet Gorini,2 Monica Circle,84105,UT,rgorini7d@ucsd.edu
267,Norby Ungerecht,74011 Judy Circle,89105,NV,nungerecht7e@barnesandnoble.com
268,Belicia Jurgen,7 Manitowish Trail,85205,AZ,bjurgen7f@sciencedaily.com
269,Ernest Cammis,49 Claremont Trail,20551,DC,ecammis7g@hibu.com
270,Abigael Lanfear,6673 Eagle Crest Trail,97232,OR,alanfear7h@sakura.ne.jp
271,Diann Shrimpling,69 Memorial Alley,93584,CA,dshrimpling7i@google.co.uk
272,Perkin Garraway,15488 Crowley Parkway,79984,TX,pgarraway7j@instagram.com
273,Correy Carah,731 Fair Oaks Hill,15266,PA,ccarah7k@123-reg.co.uk
274,Rosana Lufkin,9 Rockefeller Lane,49444,MI,rlufkin7l@marriott.com
275,Bryn Stronack,907 Londonderry Lane,30311,GA,bstronack7m@sakura.ne.jp
276,Paige Thickin,4 Warbler Crossing,62711,IL,pthickin7n@china.com.cn
277,Davine Torrese,3 Dawn Lane,45419,OH,dtorrese7o@netlog.com
278,Nicole Rosenbloom,39 Jackson Parkway,92612,CA,nrosenbloom7p@mit.edu
279,Roselle Iacopo,6878 Almo Way,20392,DC,riacopo7q@cyberchimps.com
280,Burnaby Grishenkov,39409 Bunting Parkway,78044,TX,bgrishenkov7r@ezinearticles.com
281,Kandace Riden,8671 Artisan Street,20041,DC,kriden7s@e-recht24.de
282,Salaidh Hartzenberg,85 Raven Avenue,27116,NC,shartzenberg7t@mapy.cz
283,Ulrica Lawden,25 Truax Plaza,66160,KS,ulawden7u@wikispaces.com
284,Alfy Pendrigh,87 4th Way,32813,FL,apendrigh7v@weebly.com
285,Royce Docherty,96 Dottie Way,88579,TX,rdocherty7w@japanpost.jp
286,Beatriz Espinazo,479 Trailsway Hill,94116,CA,bespinazo7x@gmpg.org
287,Nikoletta Tetford,63273 Welch Terrace,80045,CO,ntetford7y@tiny.cc
288,Barbie Vanichkov,948 Crownhardt Center,32220,FL,bvanichkov7z@i2i.jp
289,Emyle Arnet,9 Southridge Center,94105,CA,earnet80@photobucket.com
290,Tobye Kiddie,280 Grayhawk Avenue,78759,TX,tkiddie81@imgur.com
291,Mathe Izhak,87 Acker Crossing,96815,HI,mizhak82@blogger.com
292,Clywd Celier,2 Washington Plaza,31422,GA,ccelier83@salon.com
293,Mufi MacPharlain,82 Aberg Point,32230,FL,mmacpharlain84@msn.com
294,Modesta Treacher,45 Jana Avenue,19495,PA,mtreacher85@nature.com
295,Durant Berry,21530 Hagan Avenue,94089,CA,dberry86@mediafire.com
296,Niki MacGill,02 Burrows Plaza,33811,FL,nmacgill87@rakuten.co.jp
297,Kris Boschmann,60 Granby Junction,85284,AZ,kboschmann88@fda.gov
298,Lazarus Tod,48 Fairfield Park,22119,VA,ltod89@freewebs.com
299,Alice Kennham,80 Longview Lane,74133,OK,akennham8a@trellian.com
300,Ninnette De Souza,6007 Forest Hill,33158,FL,nde8b@mapquest.com
301,Gretel Songist,684 Vernon Terrace,93778,CA,gsongist8c@dell.com
302,Joane Buxey,9 Myrtle Trail,32803,FL,jbuxey8d@marriott.com
303,Almeta Burras,9346 Manufacturers Hill,47405,IN,aburras8e@ucla.edu
304,Aliza Kubista,345 Division Trail,45408,OH,akubista8f@ibm.com
305,Levi Baleine,32596 Thackeray Crossing,46295,IN,lbaleine8g@google.ca
306,Shayna Salerg,2 Mcguire Place,91131,CA,ssalerg8h@goo.gl
307,Justen Sidworth,93864 Westerfield Drive,70894,LA,jsidworth8i@latimes.com
308,Halette Dolan,618 Maple Park,90040,CA,hdolan8j@mit.edu
309,Ramon Tilzey,6888 Thierer Terrace,45254,OH,rtilzey8k@hugedomains.com
310,Madelin Ridsdole,612 Chive Trail,80910,CO,mridsdole8l@sakura.ne.jp
311,Ebonee Eustes,870 Larry Trail,31196,GA,eeustes8m@typepad.com
312,Vicki Sangra,26051 Chinook Junction,92132,CA,vsangra8n@studiopress.com
313,Lebbie Bulteel,6685 Jenna Junction,92165,CA,lbulteel8o@pen.io
314,Molly Pindar,907 Arkansas Center,55579,MN,mpindar8p@sphinn.com
315,Gavin Raittie,99179 Starling Street,10014,NY,graittie8q@nbcnews.com
316,Salli Babst,55642 Declaration Trail,55417,MN,sbabst8r@usgs.gov
317,Claudius Saull,22 Heath Park,79182,TX,csaull8s@hc360.com
318,Sinclair Hammand,4037 Bartelt Way,93584,CA,shammand8t@tamu.edu
319,Cristin Retallick,4764 Schurz Terrace,80905,CO,cretallick8u@businessweek.com
320,Clyde Garratt,98119 Barnett Center,10009,NY,cgarratt8v@webeden.co.uk
321,Terrie Capstick,06509 Algoma Park,77223,TX,tcapstick8w@webmd.com
322,Manfred Lilford,23116 Farwell Plaza,90065,CA,mlilford8x@clickbank.net
323,Paola Vlasyev,0301 Tennessee Junction,66667,KS,pvlasyev8y@fotki.com
324,Noelyn Cannings,39 Victoria Crossing,73167,OK,ncannings8z@nydailynews.com
325,Halette Betancourt,2 Harbort Circle,89150,NV,hbetancourt90@nyu.edu
326,Zeke Staten,103 East Crossing,20041,DC,zstaten91@youtube.com
327,Abelard Brentnall,34 Milwaukee Terrace,34290,FL,abrentnall92@dailymotion.com
328,Killie Medlar,853 Cherokee Street,50393,IA,kmedlar93@usgs.gov
329,Hyacinthe Wick,099 Armistice Point,07188,NJ,hwick94@digg.com
330,Glenn Heartfield,6 Elmside Avenue,25326,WV,gheartfield95@stanford.edu
331,Tannie Ridoutt,85 Buena Vista Street,55448,MN,tridoutt96@ed.gov
332,Reinhold MacGray,369 Sutherland Pass,22047,VA,rmacgray97@google.es
333,Kathy MacElane,9720 Grover Avenue,55470,MN,kmacelane98@dropbox.com
334,Cathrin Milson,19 Burning Wood Alley,31422,GA,cmilson99@japanpost.jp
335,Rosalie Petrichat,159 Buell Trail,35236,AL,rpetrichat9a@trellian.com
336,Man Addis,8999 Kensington Pass,70607,LA,maddis9b@youku.com
337,Yvonne Tuckerman,1624 Mockingbird Circle,37924,TN,ytuckerman9c@tripod.com
338,Gui Tomczak,22 Bunting Hill,32891,FL,gtomczak9d@utexas.edu
339,Dawn Lube,22 Washington Parkway,95405,CA,dlube9e@skyrock.com
340,Murray Rioch,43266 Gerald Road,34474,FL,mrioch9f@cyberchimps.com
341,Kale Stickel,08645 Eastwood Junction,91109,CA,kstickel9g@telegraph.co.uk
342,Butch Gouinlock,663 Barnett Circle,56944,DC,bgouinlock9h@google.com.hk
343,Hannie McAree,000 Acker Trail,89714,NV,hmcaree9i@mail.ru
344,Velma Calan,67 Laurel Trail,33405,FL,vcalan9j@cnn.com
345,Nicolle Silburn,4240 Bluejay Park,75216,TX,nsilburn9k@constantcontact.com
346,Archibold Gulleford,521 Sundown Trail,14683,NY,agulleford9l@intel.com
347,Lamond Lethbridge,1160 Clemons Place,45454,OH,llethbridge9m@unc.edu
348,Gualterio Dyson,73 Talmadge Place,36195,AL,gdyson9n@1688.com
349,Olga Forlong,442 Park Meadow Street,33175,FL,oforlong9o@shareasale.com
350,Stephan Mesias,5439 Farwell Point,50310,IA,smesias9p@fastcompany.com
351,Katalin Mantha,40 Harper Way,36689,AL,kmantha9q@tiny.cc
352,Merissa Utteridge,13085 Linden Way,78044,TX,mutteridge9r@state.tx.us
353,Evonne Hanning,5 Westend Place,49444,MI,ehanning9s@godaddy.com
354,Brewer Foulis,37 Summer Ridge Parkway,11854,NY,bfoulis9t@wikimedia.org
355,Krystalle Simmonett,2124 Novick Way,25716,WV,ksimmonett9u@globo.com
356,Andromache Feragh,50405 Sauthoff Road,22309,VA,aferagh9v@facebook.com
357,Wileen Catonnet,6 Bonner Parkway,39282,MS,wcatonnet9w@123-reg.co.uk
358,Nicolis Seabright,04911 Redwing Way,33233,FL,nseabright9x@wikimedia.org
359,Demeter Cammell,19 Westport Junction,19151,PA,dcammell9y@europa.eu
360,Chrisse Smails,54649 Morrow Alley,12262,NY,csmails9z@pinterest.com
361,Roderich Cuseck,62586 Hooker Park,68505,NE,rcusecka0@opensource.org
362,Dru Derle,9 Anzinger Lane,77065,TX,dderlea1@loc.gov
363,Abby Palliser,5 Elgar Point,98417,WA,apallisera2@howstuffworks.com
364,Orran Sleeny,714 Hagan Terrace,32128,FL,osleenya3@bbb.org
365,Kahaleel Deem,99271 Cherokee Pass,70820,LA,kdeema4@boston.com
366,Gerrie Sharples,5555 Roth Terrace,37605,TN,gsharplesa5@google.pl
367,Horten Gueste,6 Utah Hill,89155,NV,hguestea6@nifty.com
368,Andie Bourgeois,9124 Northridge Trail,40546,KY,abourgeoisa7@yahoo.com
369,Hamil Kuhnke,230 Eastwood Hill,93584,CA,hkuhnkea8@nba.com
370,Hedvige Caron,624 Pearson Road,27116,NC,hcarona9@goodreads.com
371,Harriet Crake,51587 Golf Park,74126,OK,hcrakeaa@amazon.co.uk
372,Bjorn Rosenkranc,9 Upham Street,12262,NY,brosenkrancab@army.mil
373,Joshuah Bromby,80 Annamark Parkway,75710,TX,jbrombyac@geocities.jp
374,Tamma Sapsed,89048 Union Alley,37245,TN,tsapsedad@dedecms.com
375,Lisha Agett,82630 Artisan Alley,37919,TN,lagettae@unicef.org
376,Ash Boyda,4511 Eliot Park,92883,CA,aboydaaf@merriam-webster.com
377,Aprilette Highnam,05 Fairview Pass,77386,TX,ahighnamag@nsw.gov.au
378,Giavani Ciardo,6 Lunder Lane,92619,CA,gciardoah@thetimes.co.uk
379,Diena Trevor,31140 Spaight Avenue,77075,TX,dtrevorai@jiathis.com
380,Ray Oehme,0344 Carioca Plaza,79923,TX,roehmeaj@bloglovin.com
381,Ryun Rushsorth,86627 Mcguire Alley,43605,OH,rrushsorthak@youku.com
382,Eda Duncklee,4 Utah Court,33320,FL,edunckleeal@bandcamp.com
383,Stephana Hegley,1 Bobwhite Trail,08638,NJ,shegleyam@yellowbook.com
384,Matias Chevolleau,95 South Alley,45470,OH,mchevolleauan@ox.ac.uk
385,Cherlyn Busain,69 Express Parkway,94207,CA,cbusainao@tuttocitta.it
386,Cyndia Lofthouse,73 Acker Court,34629,FL,clofthouseap@amazon.co.jp
387,Shermie Jaffa,50894 Crest Line Place,92505,CA,sjaffaaq@house.gov
388,Ky Sherratt,0 Morning Hill,73142,OK,ksherrattar@indiatimes.com
389,Leslie Jouanot,59 Warrior Road,32825,FL,ljouanotas@apache.org
390,Karlan Grassin,55233 Jay Avenue,19141,PA,kgrassinat@cnbc.com
391,Annabella Jacquest,91535 Eagan Junction,80525,CO,ajacquestau@newyorker.com
392,Rowland Zylbermann,19 Bartelt Drive,95894,CA,rzylbermannav@google.nl
393,Ynez Arthars,21907 Tomscot Road,90065,CA,yartharsaw@weebly.com
394,Florida Colyer,2438 Elka Alley,68144,NE,fcolyerax@ftc.gov
395,Wang Ropkes,0048 Forest Way,85383,AZ,wropkesay@themeforest.net
396,Courtnay Cuncliffe,87 Heffernan Avenue,21684,MD,ccuncliffeaz@shop-pro.jp
397,Conni Bonifazio,4 Maple Crossing,47805,IN,cbonifaziob0@tiny.cc
398,Etti Kowalik,04990 Messerschmidt Drive,52809,IA,ekowalikb1@elpais.com
399,Sindee Stewartson,43485 Bobwhite Place,75342,TX,sstewartsonb2@hexun.com
400,Thacher Renzullo,0 Johnson Drive,11225,NY,trenzullob3@angelfire.com
401,Biddie De Ruggero,2 8th Center,64504,MO,bdeb4@loc.gov
402,Lynnell Maxted,13 Marcy Parkway,23242,VA,lmaxtedb5@about.com
403,Fay Sobieski,3 Summer Ridge Crossing,83757,ID,fsobieskib6@omniture.com
404,Kalila Van der Krui,6873 Hauk Drive,40505,KY,kvanb7@eepurl.com
405,Freddie Hazley,99 Sachs Center,21281,MD,fhazleyb8@unc.edu
406,Cyrus Anstiss,87 Schiller Parkway,44485,OH,canstissb9@census.gov
407,Tammara Collard,59726 Northridge Alley,37131,TN,tcollardba@wunderground.com
408,Elfrieda Basile,108 Lindbergh Parkway,93709,CA,ebasilebb@alexa.com
409,Leo Jantot,83 Trailsway Parkway,92115,CA,ljantotbc@woothemes.com
410,Heriberto Barke,92567 Pond Plaza,75246,TX,hbarkebd@rediff.com
411,Mylo Matiashvili,29379 Florence Drive,78245,TX,mmatiashvilibe@newsvine.com
412,Basia Willett,16846 Lerdahl Circle,48107,MI,bwillettbf@miitbeian.gov.cn
413,Nathaniel Lettuce,2 Mifflin Road,77388,TX,nlettucebg@psu.edu
414,Nikolos Dawby,39073 Dapin Hill,23260,VA,ndawbybh@github.io
415,Bastien Esselin,4 Oriole Way,73152,OK,besselinbi@prlog.org
416,Gerome Sunock,44403 Mitchell Court,10170,NY,gsunockbj@xinhuanet.com
417,Zulema Cobon,266 Browning Alley,74103,OK,zcobonbk@woothemes.com
418,Paco Couche,8 Armistice Center,13224,NY,pcouchebl@google.fr
419,Danette Vescovini,69088 Longview Avenue,33758,FL,dvescovinibm@marketwatch.com
420,Janean Tedder,3373 Debra Plaza,38308,TN,jtedderbn@google.ru
421,Roanne Papes,94791 Schlimgen Way,40591,KY,rpapesbo@wikimedia.org
422,Casper Freebury,546 Chinook Park,99215,WA,cfreeburybp@trellian.com
423,Donalt Midghall,624 Butterfield Trail,30336,GA,dmidghallbq@mysql.com
424,Hinze Freeberne,44 Eagan Hill,19610,PA,hfreebernebr@imdb.com
425,Arnoldo Couser,152 Larry Crossing,31914,GA,acouserbs@naver.com
426,Mead Louth,430 Center Crossing,44130,OH,mlouthbt@bluehost.com
427,Talyah Mosdall,91 Erie Place,20231,DC,tmosdallbu@macromedia.com
428,Rogers MacAdam,348 American Ash Street,02119,MA,rmacadambv@msu.edu
429,Tremayne Kollach,4479 Division Plaza,35263,AL,tkollachbw@google.it
430,Celka Frankcomb,611 Kingsford Road,70174,LA,cfrankcombbx@goo.gl
431,Gisella Paulot,9525 Oak Valley Junction,65110,MO,gpaulotby@bloglovin.com
432,Berkly Schonfelder,503 Lien Terrace,80127,CO,bschonfelderbz@exblog.jp
433,Clementius Grason,2711 Lakewood Lane,80915,CO,cgrasonc0@diigo.com
434,Jocelyne Docharty,89060 John Wall Avenue,27264,NC,jdochartyc1@irs.gov
435,Heriberto Menis,3 Lawn Crossing,25331,WV,hmenisc2@bloglovin.com
436,Pearle Asel,796 Judy Drive,32412,FL,paselc3@fc2.com
437,Marleen McMonnies,62 Warrior Hill,30343,GA,mmcmonniesc4@phpbb.com
438,Phillipp Osboldstone,058 Waubesa Park,25331,WV,posboldstonec5@usgs.gov
439,Sukey Shakelady,00593 Summerview Road,53705,WI,sshakeladyc6@newsvine.com
440,Ferrel Spilsburie,8578 Rieder Trail,84105,UT,fspilsburiec7@ezinearticles.com
441,Jerrold Cawthorne,6 Badeau Point,40250,KY,jcawthornec8@google.fr
442,Angelo Crayk,682 Victoria Plaza,68510,NE,acraykc9@seesaa.net
443,Nita Gleadle,464 High Crossing Plaza,20546,DC,ngleadleca@sun.com
444,Meta Croisdall,69 Magdeline Center,33075,FL,mcroisdallcb@dmoz.org
445,Dahlia Tellett,8 Menomonie Pass,89193,NV,dtellettcc@istockphoto.com
446,Romain Lindberg,95 Summerview Court,38168,TN,rlindbergcd@comcast.net
447,Federico Whitford,513 Mallory Point,27690,NC,fwhitfordce@360.cn
448,Hort Hounsham,78 South Crossing,33915,FL,hhounshamcf@prlog.org
449,Noellyn Boch,74 Messerschmidt Pass,77271,TX,nbochcg@whitehouse.gov
450,Joey Godwin,6949 Warner Trail,77276,TX,jgodwinch@dell.com
451,Kerrin Haryngton,274 Old Gate Plaza,55572,MN,kharyngtonci@usnews.com
452,Roxanne Gillan,7528 Truax Place,88546,TX,rgillancj@free.fr
453,Dianna Baden,04 Cambridge Drive,77505,TX,dbadenck@dot.gov
454,Britney Decaze,76678 Hazelcrest Place,33448,FL,bdecazecl@ebay.co.uk
455,Benjamen Twaite,1 Ridgeway Circle,63121,MO,btwaitecm@instagram.com
456,Freddie Lambarton,78 Burrows Court,32830,FL,flambartoncn@hhs.gov
457,Kata Brunt,4 Kim Drive,80044,CO,kbruntco@cbsnews.com
458,Wilow Juszczak,47 Del Sol Crossing,25711,WV,wjuszczakcp@storify.com
459,Jerry Lippo,6 Truax Junction,25705,WV,jlippocq@shutterfly.com
460,Rafe Housegoe,04014 Rigney Court,40298,KY,rhousegoecr@google.com
461,Inglebert Meriel,3 Westport Lane,75605,TX,imerielcs@de.vu
462,Ezri Jeannesson,560 Fuller Court,68531,NE,ejeannessonct@imdb.com
463,Gracia Strauss,830 School Way,44111,OH,gstrausscu@jiathis.com
464,Mariejeanne Goodlip,90 Knutson Drive,67236,KS,mgoodlipcv@sakura.ne.jp
465,Franciskus Stithe,029 Upham Court,78235,TX,fstithecw@imgur.com
466,Miltie Fatharly,57 Barby Place,80255,CO,mfatharlycx@rediff.com
467,Sheena Haggarth,584 Leroy Junction,90605,CA,shaggarthcy@angelfire.com
468,Marje Pevie,606 Manufacturers Junction,33164,FL,mpeviecz@springer.com
469,Henrie Lathom,8218 Thierer Road,75236,TX,hlathomd0@sun.com
470,Penny Parsonage,60961 Dwight Trail,11024,NY,pparsonaged1@yolasite.com
471,Judi Conisbee,40 Mendota Street,17121,PA,jconisbeed2@cbc.ca
472,Carleen Mullaly,3 Buhler Center,33432,FL,cmullalyd3@ucoz.com
473,Concordia Leadbetter,82 Vahlen Trail,99812,AK,cleadbetterd4@edublogs.org
474,Dawna Lambswood,3523 Harbort Place,30311,GA,dlambswoodd5@ed.gov
475,Ebba McGillivrie,15 Lunder Place,33175,FL,emcgillivried6@wordpress.com
476,Christiane Arlt,8 Vidon Trail,43204,OH,carltd7@un.org
477,Rahel Woolvin,68617 Scott Point,20580,DC,rwoolvind8@latimes.com
478,Torin Sagerson,6 Sunnyside Hill,30911,GA,tsagersond9@reuters.com
479,Fletch Cantillon,7 Alpine Parkway,20392,DC,fcantillonda@unicef.org
480,Hiram Matsell,5480 Mendota Center,68524,NE,hmatselldb@washingtonpost.com
481,Charmion Hambleton,15 Waubesa Center,97211,OR,chambletondc@cyberchimps.com
482,Reyna Morrell,0604 Gulseth Center,71130,LA,rmorrelldd@jiathis.com
483,Fielding Petford,43 John Wall Circle,96840,HI,fpetfordde@geocities.com
484,Robinet Butt,00 Sage Point,98166,WA,rbuttdf@google.co.uk
485,Weider Hess,50 Gerald Plaza,27116,NC,whessdg@sfgate.com
486,Bertrando Triswell,90 Monica Crossing,20051,DC,btriswelldh@washingtonpost.com
487,Albie Anthony,28631 Laurel Terrace,21265,MD,aanthonydi@tuttocitta.it
488,Stephanie Blackler,21019 Lake View Trail,10606,NY,sblacklerdj@newyorker.com
489,Phillipp Vannet,51 Westerfield Pass,06145,CT,pvannetdk@mayoclinic.com
490,Brandi Piccop,63848 Sauthoff Avenue,20078,DC,bpiccopdl@globo.com
491,Sinclair Paur,49 Springs Crossing,75379,TX,spaurdm@ted.com
492,Maggy Lithgow,434 Drewry Crossing,78465,TX,mlithgowdn@ameblo.jp
493,Harmon Chapell,796 Sachs Avenue,33129,FL,hchapelldo@spotify.com
494,Dimitry Parell,3383 Farwell Place,84135,UT,dparelldp@meetup.com
495,Bryana Swaton,969 Valley Edge Way,61629,IL,bswatondq@gizmodo.com
496,Dixie Izhak,4106 Anhalt Trail,36119,AL,dizhakdr@eventbrite.com
497,Daisey Gledstane,8843 Evergreen Plaza,84403,UT,dgledstaneds@gmpg.org
498,Guthrey Pentelow,2 Vermont Hill,95973,CA,gpentelowdt@printfriendly.com
499,Brion Turbitt,3934 Golf View Circle,40266,KY,bturbittdu@slashdot.org
500,Corabella Castagneto,0 Warbler Terrace,72222,AR,ccastagnetodv@joomla.org
501,Chelsie Crocumbe,63425 Bartelt Way,90189,CA,ccrocumbedw@sciencedirect.com
502,Kanya Romeo,973 Starling Way,92505,CA,kromeodx@simplemachines.org
503,Alaster Vauter,1555 Havey Center,80279,CO,avauterdy@sakura.ne.jp
504,Grayce Schimoni,6 Fordem Trail,10275,NY,gschimonidz@delicious.com
505,Wini Bedminster,9322 Schiller Trail,43240,OH,wbedminstere0@last.fm
506,Desmond Bodle,2 Doe Crossing Park,61105,IL,dbodlee1@wikimedia.org
507,Drusie Wigley,460 Bowman Pass,14609,NY,dwigleye2@delicious.com
508,Bernelle Rennebach,4061 Gale Point,01114,MA,brennebache3@amazon.de
509,Vitoria Da Costa,7864 Springview Street,90045,CA,vdae4@nature.com
510,Justis Storror,8964 Crescent Oaks Street,44130,OH,jstorrore5@abc.net.au
511,Frasier Figure,52 Vahlen Court,77095,TX,ffiguree6@joomla.org
512,Philis McNamee,669 Atwood Pass,38181,TN,pmcnameee7@prweb.com
513,Imogene Izakson,83932 8th Road,02745,MA,iizaksone8@sina.com.cn
514,Butch Masic,2 Anhalt Center,01114,MA,bmasice9@skyrock.com
515,Thatch O'Dee,8 Lukken Road,43605,OH,todeeea@vkontakte.ru
516,Cecile Lanon,87 Thompson Way,45238,OH,clanoneb@geocities.jp
517,Renelle Piddlesden,3368 Ronald Regan Crossing,68531,NE,rpiddlesdenec@opensource.org
518,Kacy Jankiewicz,62638 John Wall Way,76004,TX,kjankiewiczed@webeden.co.uk
519,Zolly Brimner,0 Prentice Plaza,29579,SC,zbrimneree@adobe.com
520,Olenka Kurt,2200 Northridge Park,32092,FL,okurtef@tripod.com
521,Edvard Heindrich,149 Nova Trail,44125,OH,eheindricheg@hhs.gov
522,Westbrook Sutherland,77161 Cardinal Avenue,22309,VA,wsutherlandeh@meetup.com
523,Sabina Blackhall,960 Granby Drive,85062,AZ,sblackhallei@apple.com
524,Evyn Ney,7572 Londonderry Hill,77080,TX,eneyej@technorati.com
525,Holt Robertson,4 Transport Street,47134,IN,hrobertsonek@uiuc.edu
526,Domingo Chidgey,32 Shasta Terrace,22301,VA,dchidgeyel@phoca.cz
527,Blondelle Merryman,6 Jana Park,66629,KS,bmerrymanem@blogs.com
528,Barby Di Biagio,5 Oneill Drive,64082,MO,bdien@cdbaby.com
529,Tierney Rubenfeld,803 Lindbergh Pass,30301,GA,trubenfeldeo@hexun.com
530,Ivar Skirvane,0824 Gateway Drive,90810,CA,iskirvaneep@exblog.jp
531,Meghann Priver,88896 Sage Avenue,36134,AL,mprivereq@godaddy.com
532,Gino Becaris,5 Lien Hill,60691,IL,gbecariser@qq.com
533,Karia Tunney,06003 4th Pass,97229,OR,ktunneyes@disqus.com
534,Sandy Albro,0059 Erie Trail,75277,TX,salbroet@nba.com
535,Tallie Lintott,360 Declaration Park,10459,NY,tlintotteu@bloomberg.com
536,Dermot Petkovic,462 Eagle Crest Junction,50315,IA,dpetkovicev@ibm.com
537,Rutter De Roberto,63293 Dahle Trail,55470,MN,rdeew@cocolog-nifty.com
538,Hillyer Hammell,956 Laurel Alley,79977,TX,hhammellex@diigo.com
539,Ambrose Hamsley,437 Drewry Parkway,90405,CA,ahamsleyey@pinterest.com
540,Brina Warby,939 Washington Plaza,75221,TX,bwarbyez@netlog.com
541,Reggis Vardie,40946 Sutherland Street,29305,SC,rvardief0@youku.com
542,Mavis Clemensen,18502 Cardinal Hill,33448,FL,mclemensenf1@cafepress.com
543,Goldia Glasbey,851 Monterey Plaza,46699,IN,gglasbeyf2@slideshare.net
544,Freddie Wraggs,9776 Logan Avenue,02162,MA,fwraggsf3@wikia.com
545,Hanson Anfonsi,281 Center Court,94522,CA,hanfonsif4@hexun.com
546,Townsend Malarkey,678 Russell Alley,60641,IL,tmalarkeyf5@csmonitor.com
547,Ashton Kittman,44 Park Meadow Avenue,49444,MI,akittmanf6@dropbox.com
548,Dimitri Pendre,3699 Anhalt Alley,56372,MN,dpendref7@cornell.edu
549,Catrina Valder,5642 Mayfield Crossing,34210,FL,cvalderf8@dedecms.com
550,Minda Dubois,347 Valley Edge Lane,11355,NY,mduboisf9@intel.com
551,Chane Karppi,511 Roth Court,10170,NY,ckarppifa@tripadvisor.com
552,Doyle Amorts,37448 Victoria Crossing,29615,SC,damortsfb@reddit.com
553,Rinaldo Orbon,94 Anhalt Lane,29615,SC,rorbonfc@nydailynews.com
554,Adela Vondrach,9 Sheridan Crossing,30905,GA,avondrachfd@sogou.com
555,Brant Raiker,75046 Mallory Lane,95405,CA,braikerfe@live.com
556,Alissa Shulver,31308 Lakewood Street,78410,TX,ashulverff@java.com
557,Kirsteni Schirach,98308 Fisk Trail,78240,TX,kschirachfg@nyu.edu
558,Towny Rubbert,24 Meadow Vale Pass,49444,MI,trubbertfh@jiathis.com
559,Bethena Ginity,44 Utah Lane,14646,NY,bginityfi@tumblr.com
560,Mordy Perulli,36951 Carioca Plaza,92668,CA,mperullifj@tinyurl.com
561,Karlyn Candy,9 Bartelt Alley,15906,PA,kcandyfk@arstechnica.com
562,Damien MacIlurick,3 Bluestem Place,73071,OK,dmacilurickfl@livejournal.com
563,Ermin Allgood,99623 Hermina Parkway,30358,GA,eallgoodfm@digg.com
564,Courtnay Ladon,3 Debs Terrace,33169,FL,cladonfn@odnoklassniki.ru
565,Niven Donwell,28 Lunder Court,78260,TX,ndonwellfo@1und1.de
566,Rhody Garside,33 Jay Circle,95852,CA,rgarsidefp@scientificamerican.com
567,Nikkie Sleet,53249 Hansons Court,20591,DC,nsleetfq@photobucket.com
568,Clarisse O'Rudden,60 Birchwood Road,19495,PA,coruddenfr@amazon.de
569,Ernesta Lyte,99151 Park Meadow Avenue,45440,OH,elytefs@netlog.com
570,Raimund Henriquet,76 Bartelt Parkway,51105,IA,rhenriquetft@ebay.com
571,Shoshanna Ivankin,2350 Kingsford Road,27626,NC,sivankinfu@china.com.cn
572,Gerti Shipley,6 Arapahoe Point,30311,GA,gshipleyfv@naver.com
573,Sarah Lynnett,6961 Rowland Pass,90094,CA,slynnettfw@bravesites.com
574,Angelica Maylott,07 Lukken Trail,52410,IA,amaylottfx@ocn.ne.jp
575,Megan Have,19344 Kropf Center,66611,KS,mhavefy@about.com
576,Trever McAlpin,1 Marcy Street,66667,KS,tmcalpinfz@webs.com
577,Aarika Grastye,0 Pawling Hill,92132,CA,agrastyeg0@telegraph.co.uk
578,Kalli Stimson,2 Miller Place,32859,FL,kstimsong1@webnode.com
579,Holli Addionisio,2899 Brickson Park Court,57198,SD,haddionisiog2@answers.com
580,Ashley Laydel,46184 Cody Park,23324,VA,alaydelg3@e-recht24.de
581,Ab Southerden,8173 Westridge Point,78715,TX,asoutherdeng4@earthlink.net
582,Ronda Medendorp,52436 Menomonie Pass,59105,MT,rmedendorpg5@paypal.com
583,Vergil Tettley,15 Bonner Crossing,20238,DC,vtettleyg6@seesaa.net
584,Kaspar Grigoryov,90620 Glacier Hill Way,95397,CA,kgrigoryovg7@sourceforge.net
585,Orlan Ankers,16 Westport Park,89550,NV,oankersg8@oaic.gov.au
586,Joyann Baribal,14 Mariners Cove Plaza,90087,CA,jbaribalg9@uiuc.edu
587,Hakim Gransden,82 7th Circle,66667,KS,hgransdenga@histats.com
588,Wilhelmina Awin,46962 Stone Corner Junction,77005,TX,wawingb@weather.com
589,Jozef Crellim,759 Hooker Place,24020,VA,jcrellimgc@blogtalkradio.com
590,Dominique Bushel,397 Mendota Crossing,98498,WA,dbushelgd@state.gov
591,Ritchie Tratton,58 Crownhardt Plaza,20784,MD,rtrattonge@flickr.com
592,Hollis Adamsky,5945 Dryden Pass,15906,PA,hadamskygf@mayoclinic.com
593,Marleen Filippone,51 Gulseth Terrace,66286,KS,mfilipponegg@imageshack.us
594,Gard Dwane,0 Redwing Pass,02405,MA,gdwanegh@businessweek.com
595,Branden Filov,15011 Vernon Lane,22184,VA,bfilovgi@aol.com
596,Alastair Gorringe,13317 Center Alley,85748,AZ,agorringegj@dropbox.com
597,Richmound Grimsdyke,37933 Porter Point,91913,CA,rgrimsdykegk@sphinn.com
598,Darren Thorp,3 Clyde Gallagher Alley,27455,NC,dthorpgl@reference.com
599,Mahmud Bosse,7512 Bonner Center,44321,OH,mbossegm@github.com
600,Mannie Bergstrand,83 Toban Hill,64082,MO,mbergstrandgn@independent.co.uk
601,Curry Mockett,7 Hansons Way,80638,CO,cmockettgo@wiley.com
602,Eadmund Ferronier,528 East Plaza,22309,VA,eferroniergp@google.fr
603,Cordie Warton,362 Bunting Place,33064,FL,cwartongq@economist.com
604,Bill Clemson,9742 Southridge Alley,60681,IL,bclemsongr@census.gov
605,Matteo Lorent,57 Carberry Court,30368,GA,mlorentgs@ft.com
606,Sara Lyard,1821 Darwin Terrace,79699,TX,slyardgt@google.co.uk
607,Jennette Crang,15982 Mcguire Parkway,30328,GA,jcranggu@wikimedia.org
608,Baldwin McKleod,898 Ludington Drive,60641,IL,bmckleodgv@storify.com
609,Hazlett Enrico,179 Duke Plaza,45208,OH,henricogw@eventbrite.com
610,Carlye Rosenfrucht,003 Nevada Point,61709,IL,crosenfruchtgx@soup.io
611,Farrell Commusso,5812 Independence Pass,64136,MO,fcommussogy@mapquest.com
612,Elana Maruska,9 Portage Parkway,92862,CA,emaruskagz@ucoz.ru
613,Sergeant Sweeney,460 Little Fleur Circle,70820,LA,ssweeneyh0@netvibes.com
614,Rodolfo Parrett,8 Armistice Lane,37416,TN,rparretth1@scientificamerican.com
615,Essa Gabbitis,1 Gina Place,97286,OR,egabbitish2@w3.org
616,Broddie Readmire,0 Sauthoff Pass,33610,FL,breadmireh3@ycombinator.com
617,Ulick Paulet,71493 Meadow Vale Place,29579,SC,upauleth4@cyberchimps.com
618,Derron Cattonnet,43 Darwin Terrace,99205,WA,dcattonneth5@hp.com
619,Brooke Sergeant,91710 Susan Lane,90035,CA,bsergeanth6@lycos.com
620,Arel Thurlbourne,5 Maryland Trail,60193,IL,athurlbourneh7@ebay.com
621,Fidela Menilove,69499 Cambridge Circle,11355,NY,fmeniloveh8@nih.gov
622,Felicia Whittington,4599 Sullivan Point,77060,TX,fwhittingtonh9@elegantthemes.com
623,Ingrid Parkisson,5 Tennessee Crossing,85099,AZ,iparkissonha@mayoclinic.com
624,Hussein Stefi,3 Sycamore Point,79984,TX,hstefihb@ebay.com
625,Ronny Kerrod,9 Commercial Junction,06152,CT,rkerrodhc@wikispaces.com
626,Sorcha Jordeson,65526 Cordelia Terrace,02104,MA,sjordesonhd@china.com.cn
627,Edna O'Hartnett,8314 Burrows Park,06145,CT,eohartnetthe@fda.gov
628,Frederico O'Kynsillaghe,9185 Knutson Court,38168,TN,fokynsillaghehf@i2i.jp
629,Carlo BURWIN,45 Hollow Ridge Court,30092,GA,cburwinhg@yandex.ru
630,Samuele Margarson,040 Village Circle,20397,DC,smargarsonhh@123-reg.co.uk
631,Erick Stolze,507 Orin Street,68524,NE,estolzehi@epa.gov
632,Bathsheba Nussgen,49 Victoria Road,78778,TX,bnussgenhj@mac.com
633,Dara Hugo,4 Brentwood Park,10633,NY,dhugohk@auda.org.au
634,Yvor Abrashkin,0 Anderson Crossing,32225,FL,yabrashkinhl@tinyurl.com
635,Eilis Loveridge,58868 Hollow Ridge Lane,24515,VA,eloveridgehm@google.nl
636,Mortie MacCole,35 Luster Road,77343,TX,mmaccolehn@ed.gov
637,Loren Hurring,3449 Moulton Way,85020,AZ,lhurringho@ftc.gov
638,Xerxes Arguile,210 Debra Street,58122,ND,xarguilehp@biglobe.ne.jp
639,Ardelia Hector,260 Troy Place,95138,CA,ahectorhq@biglobe.ne.jp
640,Kristien Sainter,174 Di Loreto Court,30033,GA,ksainterhr@homestead.com
641,Berrie Stearns,1716 Mayer Court,06825,CT,bstearnshs@artisteer.com
642,Hedwig Constantinou,03071 Chive Place,19109,PA,hconstantinouht@list-manage.com
643,Eduardo Samwell,2 Myrtle Street,20337,DC,esamwellhu@latimes.com
644,Beckie Bedding,3 Leroy Trail,73152,OK,bbeddinghv@wunderground.com
645,Normy Seakin,49811 Dayton Pass,94627,CA,nseakinhw@mashable.com
646,Meredith Van Weedenburg,3666 Sutteridge Terrace,74149,OK,mvanhx@google.es
647,Zeke Scales,88352 Gulseth Crossing,78749,TX,zscaleshy@sciencedirect.com
648,Mohammed Newtown,5687 Forest Dale Point,92160,CA,mnewtownhz@angelfire.com
649,Sheri Viscovi,057 Kropf Drive,46207,IN,sviscovii0@miibeian.gov.cn
650,Fannie Lowten,8610 Reinke Place,14210,NY,flowteni1@skyrock.com
651,Anson Toothill,2 Schlimgen Hill,54915,WI,atoothilli2@myspace.com
652,Jonis Tallet,505 3rd Way,34642,FL,jtalleti3@goodreads.com
653,Hilton MacKill,64246 Bunker Hill Way,84199,UT,hmackilli4@livejournal.com
654,Clive Reddin,8 Melby Trail,23509,VA,creddini5@i2i.jp
655,Cathe Duignan,58 Ludington Road,97271,OR,cduignani6@livejournal.com
656,Maxie Witz,9 Luster Center,32220,FL,mwitzi7@loc.gov
657,Dur Duley,08011 Russell Street,34238,FL,dduleyi8@imdb.com
658,Jania Huggin,4 Carberry Parkway,46805,IN,jhuggini9@webeden.co.uk
659,Robinson Tomasini,60062 Hayes Lane,70179,LA,rtomasiniia@diigo.com
660,Cassey Itter,7 Sutteridge Street,46699,IN,citterib@canalblog.com
661,Clementia Mogg,9878 Milwaukee Center,88558,TX,cmoggic@rediff.com
662,Bucky Fesby,558 Fairfield Lane,94121,CA,bfesbyid@example.com
663,Corella Venmore,8858 Logan Alley,39210,MS,cvenmoreie@google.cn
664,Pru Sullivan,715 Karstens Hill,27415,NC,psullivanif@blogger.com
665,Katee Jacson,1 Village Green Parkway,33147,FL,kjacsonig@desdev.cn
666,Elli Record,12 Onsgard Lane,55590,MN,erecordih@examiner.com
667,Gladys Weldon,30 Lyons Alley,20414,DC,gweldonii@ehow.com
668,Roth Ivanchin,15 American Ash Place,80161,CO,rivanchinij@dell.com
669,Lanny Iannuzzi,02486 Starling Way,10175,NY,liannuzziik@aboutads.info
670,Kerr Lindup,65024 Mifflin Trail,27610,NC,klindupil@answers.com
671,Alix Ravillas,85 Blue Bill Park Terrace,78265,TX,aravillasim@desdev.cn
672,Betti McIlvoray,7 Scofield Lane,93094,CA,bmcilvorayin@hibu.com
673,Ofella Pettus,50869 Waubesa Trail,32220,FL,opettusio@ucoz.ru
674,Pat Rubinshtein,4876 Bowman Street,68179,NE,prubinshteinip@tinypic.com
675,Hubey People,66 Sugar Trail,34135,FL,hpeopleiq@g.co
676,Elianora Oleshunin,5 Village Alley,78265,TX,eoleshuninir@deviantart.com
677,Gav Uppett,47104 Lindbergh Lane,12227,NY,guppettis@merriam-webster.com
678,Jobye Kobus,19 Golf View Circle,37919,TN,jkobusit@ucsd.edu
679,Kris Boshard,02 Sachtjen Point,31210,GA,kboshardiu@bbc.co.uk
680,Luise Handman,184 Fieldstone Parkway,94142,CA,lhandmaniv@ezinearticles.com
681,Roselia Barneveld,924 Talisman Park,33686,FL,rbarneveldiw@prlog.org
682,Rodrique Abramovici,2 Schlimgen Circle,79955,TX,rabramoviciix@example.com
683,Wright Casiroli,3004 Riverside Drive,85710,AZ,wcasiroliiy@illinois.edu
684,Queenie Sedger,5 Cherokee Terrace,91520,CA,qsedgeriz@ox.ac.uk
685,Clerkclaude Danby,330 Glendale Point,85053,AZ,cdanbyj0@walmart.com
686,Mateo Zarfai,1 Norway Maple Way,48604,MI,mzarfaij1@1und1.de
687,Alejandro Staley,9 5th Junction,61629,IL,astaleyj2@rediff.com
688,Haroun Shermar,50394 Mitchell Way,65110,MO,hshermarj3@yelp.com
689,Kaleb Bigham,517 Lukken Parkway,23705,VA,kbighamj4@spiegel.de
690,Amber Durtnal,7409 Maywood Trail,90055,CA,adurtnalj5@psu.edu
691,Stevena McGarvie,0237 Karstens Way,61825,IL,smcgarviej6@themeforest.net
692,Ingeborg Ivashnikov,5 Mallard Alley,92145,CA,iivashnikovj7@google.com.hk
693,Gunar Mellon,49 Morrow Lane,76096,TX,gmellonj8@clickbank.net
694,Lamar Bygrave,3056 Veith Place,94237,CA,lbygravej9@japanpost.jp
695,Mirabelle Edkins,5 Pepper Wood Court,30045,GA,medkinsja@tripadvisor.com
696,Michaella Courtenay,2 Park Meadow Circle,20051,DC,mcourtenayjb@odnoklassniki.ru
697,Waldemar McVeighty,59 Hooker Center,95210,CA,wmcveightyjc@gov.uk
698,Gillie Truitt,91 Swallow Street,84120,UT,gtruittjd@macromedia.com
699,Cordie Figura,46804 Pennsylvania Crossing,44315,OH,cfiguraje@wunderground.com
700,Brittaney Killerby,5149 Dovetail Point,68510,NE,bkillerbyjf@linkedin.com
701,Abby Haycraft,048 Meadow Ridge Avenue,32244,FL,ahaycraftjg@si.edu
702,Ruthe Heavy,72878 Dwight Terrace,29319,SC,rheavyjh@nydailynews.com
703,Robbie Gonet,21 Fallview Trail,90405,CA,rgonetji@digg.com
704,Evangelina Becket,8 Bowman Court,90065,CA,ebecketjj@kickstarter.com
705,Boycey Nardoni,62764 Goodland Trail,40505,KY,bnardonijk@ucla.edu
706,Chrisse Habershaw,9170 Shasta Parkway,45490,OH,chabershawjl@bloomberg.com
707,Drud Ricioppo,87 Golf Way,00214,NH,dricioppojm@spiegel.de
708,Willabella Dipple,874 Continental Court,66276,KS,wdipplejn@e-recht24.de
709,Walt Parsley,6027 Pleasure Terrace,93750,CA,wparsleyjo@freewebs.com
710,Hadleigh Yeomans,3204 Acker Terrace,30306,GA,hyeomansjp@istockphoto.com
711,Julina Fewkes,68 Sheridan Drive,35205,AL,jfewkesjq@geocities.com
712,Sheena Devanny,2 Commercial Park,33147,FL,sdevannyjr@scribd.com
713,Gaston Meegin,6 Bartillon Court,18018,PA,gmeeginjs@tamu.edu
714,Katha Klement,38 Rieder Pass,75074,TX,kklementjt@cnn.com
715,Remington Ballsdon,623 Carey Way,50369,IA,rballsdonju@ucsd.edu
716,Currey Greensall,68 Carberry Alley,32868,FL,cgreensalljv@alibaba.com
717,Myrna Ackerman,941 Hansons Park,98664,WA,mackermanjw@deliciousdays.com
718,Phaidra Koubu,20938 Everett Junction,70005,LA,pkoubujx@forbes.com
719,Felita Clemendot,1552 Tomscot Parkway,28410,NC,fclemendotjy@admin.ch
720,Alair Guidera,038 Red Cloud Avenue,94544,CA,aguiderajz@twitter.com
721,Katerina Brandel,80484 Nelson Crossing,20205,DC,kbrandelk0@go.com
722,Nomi Scrannage,49 Sycamore Street,02458,MA,nscrannagek1@themeforest.net
723,Goldie Ferneley,33617 Bowman Hill,32225,FL,gferneleyk2@geocities.com
724,Drew Dikes,7 Bultman Crossing,87115,NM,ddikesk3@homestead.com
725,Eirena Alps,20739 Atwood Alley,35236,AL,ealpsk4@msu.edu
726,Mehetabel Diss,96358 Banding Park,77493,TX,mdissk5@statcounter.com
727,Matias Swait,9763 Goodland Alley,07208,NJ,mswaitk6@google.ca
728,Cris Sibbert,9811 Westerfield Alley,29240,SC,csibbertk7@stumbleupon.com
729,Katherine Oseman,8 Dunning Center,75221,TX,kosemank8@parallels.com
730,Haily Riquet,2 Gulseth Alley,89130,NV,hriquetk9@harvard.edu
731,Amitie Winsper,00455 Emmet Trail,85067,AZ,awinsperka@ocn.ne.jp
732,Putnam Arnauduc,132 Green Ridge Alley,91125,CA,parnauduckb@symantec.com
733,Kayley Kyberd,7 Michigan Road,20337,DC,kkyberdkc@oaic.gov.au
734,Skye Wing,80 Talisman Court,80905,CO,swingkd@redcross.org
735,Alexine Ghion,63 Melby Lane,94126,CA,aghionke@homestead.com
736,Murray Youster,09 Rowland Lane,76134,TX,myousterkf@homestead.com
737,Dorri Kelshaw,635 Cambridge Center,20566,DC,dkelshawkg@1und1.de
738,Elli Bugby,47755 Green Ridge Circle,49048,MI,ebugbykh@linkedin.com
739,Durward Bakeup,98694 Union Plaza,22093,VA,dbakeupki@mashable.com
740,Morley Muzzlewhite,32 Bultman Center,23289,VA,mmuzzlewhitekj@pen.io
741,Wesley Impett,52 Hallows Alley,31914,GA,wimpettkk@acquirethisname.com
742,Alexine De Hoogh,8 Redwing Road,43231,OH,adekl@technorati.com
743,Cathy Emney,2 Washington Circle,85210,AZ,cemneykm@unicef.org
744,Constantine Kadwallider,012 Dunning Alley,28278,NC,ckadwalliderkn@bravesites.com
745,Bud Feavearyear,56 Vahlen Way,44705,OH,bfeavearyearko@istockphoto.com
746,Thebault McIlvenna,8506 Cardinal Place,68197,NE,tmcilvennakp@google.it
747,Kaile Crunkhorn,69430 Vera Pass,87110,NM,kcrunkhornkq@indiegogo.com
748,Jonas Shergold,777 Shasta Junction,76198,TX,jshergoldkr@ebay.co.uk
749,Mitchell Lockie,4690 Chinook Terrace,02163,MA,mlockieks@shop-pro.jp
750,Kinny Dwelly,01672 Lakewood Pass,98158,WA,kdwellykt@cornell.edu
751,Marilin Slayny,8 Northland Center,55166,MN,mslaynyku@nps.gov
752,Kirstin Trolley,5184 Delladonna Drive,06145,CT,ktrolleykv@xrea.com
753,Tilly Skeggs,6 Anhalt Hill,75265,TX,tskeggskw@fema.gov
754,Danie Scroyton,27 Manley Terrace,66699,KS,dscroytonkx@usa.gov
755,Carin Scurr,5 Delaware Crossing,76796,TX,cscurrky@smh.com.au
756,Denny Kropach,219 Division Center,07208,NJ,dkropachkz@businesswire.com
757,Drud Gartenfeld,544 Texas Hill,78215,TX,dgartenfeldl0@lycos.com
758,Jeromy Fuxman,490 West Hill,15230,PA,jfuxmanl1@bbb.org
759,Salvidor Kerwen,1887 Cascade Center,80223,CO,skerwenl2@google.com.au
760,Calla Weins,635 Gerald Terrace,23213,VA,cweinsl3@sciencedirect.com
761,Dante Hyde,30 Sage Park,78215,TX,dhydel4@wunderground.com
762,Aleta Lampard,2 Russell Trail,92132,CA,alampardl5@google.com.au
763,Grata Cricket,40 Bellgrove Circle,40233,KY,gcricketl6@51.la
764,Tricia Wace,6 Center Avenue,79999,TX,twacel7@uiuc.edu
765,Ray Chantree,54 Golf Street,85205,AZ,rchantreel8@reference.com
766,Case Coppenhall,20 Comanche Street,35895,AL,ccoppenhalll9@google.es
767,Angy Douty,56073 Donald Park,96825,HI,adoutyla@timesonline.co.uk
768,Audrey Ixer,44048 Coleman Alley,89178,NV,aixerlb@dion.ne.jp
769,Tyrus Scurrer,043 Ronald Regan Alley,78703,TX,tscurrerlc@census.gov
770,Gustave Gossage,5179 Meadow Valley Way,34643,FL,ggossageld@whitehouse.gov
771,Bobine Beringer,3470 Hintze Court,57188,SD,bberingerle@dailymotion.com
772,Junette Andreichik,7235 Summerview Terrace,48609,MI,jandreichiklf@hostgator.com
773,Rasla Demcik,906 Trailsway Drive,43240,OH,rdemciklg@eepurl.com
774,Jannelle Corson,7 Hollow Ridge Crossing,15240,PA,jcorsonlh@dailymotion.com
775,Randi Northen,366 Cottonwood Park,20520,DC,rnorthenli@craigslist.org
776,Blanch Lesmonde,8 Old Shore Avenue,14215,NY,blesmondelj@scientificamerican.com
777,Merle Newbegin,51 Judy Point,96805,HI,mnewbeginlk@domainmarket.com
778,Gerda Dundendale,713 Commercial Way,48258,MI,gdundendalell@ezinearticles.com
779,Grata MacRory,2 Scoville Way,87505,NM,gmacrorylm@hao123.com
780,Ilsa Cradduck,03393 Nancy Road,90050,CA,icradduckln@shinystat.com
781,Brande Barstow,9146 Johnson Street,88584,TX,bbarstowlo@ustream.tv
782,Astrid Hawksby,6442 Fuller Junction,73173,OK,ahawksbylp@live.com
783,Arte Girdlestone,348 Michigan Road,46406,IN,agirdlestonelq@vimeo.com
784,Ronnie Baudinelli,938 Del Sol Lane,40515,KY,rbaudinellilr@sina.com.cn
785,Othella Burrage,6 Canary Lane,36114,AL,oburragels@lulu.com
786,Hildy Kennicott,3972 Tony Avenue,94137,CA,hkennicottlt@clickbank.net
787,Junie Mewton,5976 Porter Street,92513,CA,jmewtonlu@diigo.com
788,Forrester Williamson,7662 Graceland Crossing,85311,AZ,fwilliamsonlv@tumblr.com
789,Harrietta Euler,1 Colorado Point,76147,TX,heulerlw@ucoz.com
790,Gael Ewbanck,524 Hanover Park,51110,IA,gewbancklx@weather.com
791,Ly Monkeman,87 Cardinal Parkway,91406,CA,lmonkemanly@etsy.com
792,Nolan Stainton,457 Goodland Avenue,28256,NC,nstaintonlz@wufoo.com
793,Allistir Dobbing,7 La Follette Lane,60686,IL,adobbingm0@wsj.com
794,Sharlene Savile,69174 Elgar Trail,39305,MS,ssavilem1@ameblo.jp
795,Lind Sorby,2991 Marcy Circle,20210,DC,lsorbym2@blogspot.com
796,Sheffy Pizzey,17659 Dixon Circle,94297,CA,spizzeym3@t-online.de
797,Berkie Radborne,67767 Troy Junction,32859,FL,bradbornem4@nymag.com
798,Emanuele Hodges,1 Pierstorff Road,23454,VA,ehodgesm5@illinois.edu
799,Octavius Girk,5 Kings Center,37215,TN,ogirkm6@networkadvertising.org
800,Lari Morena,62 Cody Road,89135,NV,lmorenam7@seattletimes.com
801,Denney Sallier,19 Mariners Cove Park,96840,HI,dsallierm8@techcrunch.com
802,Lynea Valente,68 Division Way,16550,PA,lvalentem9@auda.org.au
803,Dierdre Exon,33 Roth Plaza,70593,LA,dexonma@nature.com
804,Moe Elland,5854 Westport Parkway,98405,WA,mellandmb@army.mil
805,Kathleen Shippey,3441 Parkside Circle,96815,HI,kshippeymc@ameblo.jp
806,Harper Pender,9 Algoma Place,37939,TN,hpendermd@barnesandnoble.com
807,Vanessa Beach,106 Homewood Lane,53285,WI,vbeachme@gravatar.com
808,Yancey Corbin,1 Blaine Terrace,07188,NJ,ycorbinmf@theguardian.com
809,Alberta Ponter,86411 Bunting Terrace,12255,NY,apontermg@chicagotribune.com
810,Agace Danes,15972 4th Crossing,95160,CA,adanesmh@spiegel.de
811,Derrek Ornillos,4262 Sundown Way,48670,MI,dornillosmi@aboutads.info
812,Cassondra Dawdry,83240 Lindbergh Drive,72209,AR,cdawdrymj@yolasite.com
813,Amalle Plom,91 Grayhawk Junction,90045,CA,aplommk@privacy.gov.au
814,Jud McKinie,00 Independence Terrace,19605,PA,jmckinieml@gravatar.com
815,Claudell Colnet,8219 Annamark Alley,79182,TX,ccolnetmm@telegraph.co.uk
816,Maura Danilevich,5343 Burrows Alley,20022,DC,mdanilevichmn@gnu.org
817,Juliann Castelli,815 Bluestem Plaza,96835,HI,jcastellimo@stumbleupon.com
818,Ramon Meric,0 Morningstar Parkway,52804,IA,rmericmp@instagram.com
819,Georgeanne Degli Abbati,79 Scott Circle,34745,FL,gdeglimq@slashdot.org
820,Valentine Partrick,42 Katie Point,73147,OK,vpartrickmr@pbs.org
821,Byrom Earley,82520 Vahlen Street,73190,OK,bearleyms@virginia.edu
822,Lorri Fairbourne,8833 Lillian Lane,44705,OH,lfairbournemt@goo.gl
823,Mel Mc Andrew,39112 Trailsway Way,90510,CA,mmcmu@tmall.com
824,Althea Leal,3275 Hollow Ridge Place,79940,TX,alealmv@hp.com
825,Katinka Bierling,237 Drewry Plaza,89193,NV,kbierlingmw@cbc.ca
826,Lindsey Ouldcott,51 Elgar Plaza,89105,NV,louldcottmx@google.de
827,Nani Crowdy,6999 Raven Center,38126,TN,ncrowdymy@jalbum.net
828,Georgy Smythe,61 Shopko Circle,24024,VA,gsmythemz@ibm.com
829,Ellie Lumber,7689 Karstens Crossing,92640,CA,elumbern0@uiuc.edu
830,Tove Scragg,061 Haas Plaza,32255,FL,tscraggn1@geocities.jp
831,Carl Pavinese,83 Grayhawk Lane,67220,KS,cpavinesen2@google.cn
832,Sasha Siburn,36 Sherman Avenue,94132,CA,ssiburnn3@techcrunch.com
833,Gina Royse,8 Arrowood Court,85255,AZ,groysen4@nature.com
834,Base Ollie,982 Meadow Vale Pass,28256,NC,bollien5@miibeian.gov.cn
835,Norton Back,970 Knutson Center,10260,NY,nbackn6@slate.com
836,Liv Walbridge,172 Macpherson Place,08608,NJ,lwalbridgen7@macromedia.com
837,Douglas Carlill,326 Sunfield Drive,64193,MO,dcarlilln8@google.ru
838,Kylie Ellaman,33 Lake View Hill,80905,CO,kellamann9@cisco.com
839,Wernher Druhan,2 Columbus Street,34102,FL,wdruhanna@cbsnews.com
840,Lila Brew,4 Westport Place,44197,OH,lbrewnb@jugem.jp
841,Yves Petracci,73 Haas Center,33710,FL,ypetraccinc@ustream.tv
842,Hazel Fiddymont,15 Birchwood Trail,49006,MI,hfiddymontnd@economist.com
843,August Camidge,29 Debs Circle,16565,PA,acamidgene@addthis.com
844,Nat Wager,3027 Pankratz Circle,27409,NC,nwagernf@cisco.com
845,Gregoire Muriel,2546 Memorial Place,87190,NM,gmurielng@phoca.cz
846,Oliviero Buffey,9 Anderson Avenue,77085,TX,obuffeynh@amazon.co.jp
847,Bert Griffitt,0 Lakewood Avenue,20380,DC,bgriffittni@topsy.com
848,Wynne Beadel,76 Upham Plaza,30919,GA,wbeadelnj@ihg.com
849,Paige Elen,46861 Boyd Point,79994,TX,pelennk@parallels.com
850,Petr Canizares,6266 Gateway Alley,14269,NY,pcanizaresnl@webmd.com
851,Taite Girkin,36 Loftsgordon Avenue,19714,DE,tgirkinnm@hostgator.com
852,Anabelle Jeff,2321 Lunder Circle,14683,NY,ajeffnn@clickbank.net
853,Delilah Coonan,36 Summit Way,10014,NY,dcoonanno@netlog.com
854,Karolina Quarless,87720 High Crossing Avenue,78754,TX,kquarlessnp@wp.com
855,Carolina Vinall,840 Gerald Junction,44310,OH,cvinallnq@godaddy.com
856,Wendi Dyka,8 Hagan Junction,08695,NJ,wdykanr@comcast.net
857,Amelita Klimkiewich,534 Kedzie Place,45470,OH,aklimkiewichns@canalblog.com
858,Kai Putten,676 Browning Hill,88546,TX,kputtennt@ezinearticles.com
859,Somerset McCutheon,00748 Helena Lane,68517,NE,smccutheonnu@tinypic.com
860,Benoit Riches,2038 Canary Point,06120,CT,brichesnv@nature.com
861,Rosanne Flahy,38 Bunker Hill Circle,30911,GA,rflahynw@indiegogo.com
862,Sandy McCarrison,96 Miller Crossing,65211,MO,smccarrisonnx@quantcast.com
863,Cross Pesselt,2 Nova Park,53779,WI,cpesseltny@hud.gov
864,Heath Popescu,491 Rowland Parkway,73197,OK,hpopescunz@clickbank.net
865,Horten Gherardi,34180 Spenser Place,20210,DC,hgherardio0@yale.edu
866,Nil Ketts,171 Nova Place,68164,NE,nkettso1@skyrock.com
867,Felizio Quadling,43 Towne Road,98195,WA,fquadlingo2@sphinn.com
868,Maximilian Wear,2969 Orin Avenue,95118,CA,mwearo3@un.org
869,Dennie Covolini,7 Eagle Crest Trail,46295,IN,dcovolinio4@tiny.cc
870,Feliks Gusticke,6 Mitchell Road,10110,NY,fgustickeo5@shinystat.com
871,Deirdre Bondesen,96660 Rutledge Trail,54313,WI,dbondeseno6@eepurl.com
872,Samuel Eard,59744 Crowley Alley,31217,GA,seardo7@ameblo.jp
873,Octavia McGinny,8 Sugar Pass,34985,FL,omcginnyo8@xrea.com
874,Blanch O'Mannion,8 Killdeer Circle,77020,TX,bomanniono9@blogspot.com
875,Abbye Cheesworth,3935 Eliot Parkway,07310,NJ,acheesworthoa@cbsnews.com
876,Sydelle Malthus,464 Chive Plaza,55146,MN,smalthusob@moonfruit.com
877,Larry Pickup,7 Rockefeller Circle,44710,OH,lpickupoc@walmart.com
878,Louie Denizet,394 Hansons Junction,33064,FL,ldenizetod@state.gov
879,Babette Crinidge,69837 Hagan Lane,81505,CO,bcrinidgeoe@jugem.jp
880,Clay Tomalin,36148 Division Alley,91199,CA,ctomalinof@technorati.com
881,Cassey Wallice,54 Shasta Junction,79176,TX,cwalliceog@jugem.jp
882,Tanny Fennell,938 Rusk Place,70174,LA,tfennelloh@cornell.edu
883,Ronny Babst,3696 Badeau Pass,18505,PA,rbabstoi@noaa.gov
884,Amargo Pol,6485 Moose Trail,76147,TX,apoloj@domainmarket.com
885,Jobie Klimpke,777 Hayes Point,33111,FL,jklimpkeok@stumbleupon.com
886,Pollyanna Fairlem,62872 Forster Alley,20540,DC,pfairlemol@t-online.de
887,Mahala Rymer,13 Magdeline Hill,71914,AR,mrymerom@thetimes.co.uk
888,Kynthia Rushman,0211 Southridge Drive,95205,CA,krushmanon@hostgator.com
889,Arden Muck,83 Village Green Terrace,80920,CO,amuckoo@boston.com
890,Cherilyn Bravington,034 Manley Terrace,30336,GA,cbravingtonop@shareasale.com
891,Flemming Ivakin,66761 Meadow Vale Avenue,85710,AZ,fivakinoq@epa.gov
892,Kingston MacCome,7 Jay Trail,92710,CA,kmaccomeor@yahoo.com
893,Egon Danelutti,5 Sachtjen Center,38109,TN,edaneluttios@tinyurl.com
894,Fredek Orritt,98755 Dottie Plaza,40210,KY,forrittot@europa.eu
895,Bronson Laurentino,25 Southridge Court,50369,IA,blaurentinoou@bloomberg.com
896,Fanchette Skures,55 Farwell Plaza,35290,AL,fskuresov@amazon.com
897,Scot Falkus,1790 Stuart Avenue,46614,IN,sfalkusow@google.fr
898,Hewett Coudray,36 Banding Avenue,91328,CA,hcoudrayox@npr.org
899,Addie Overel,84 Southridge Place,23514,VA,aovereloy@cloudflare.com
900,Saraann Walster,0 Mcguire Center,48555,MI,swalsteroz@nhs.uk
901,Allison Scone,1314 Valley Edge Point,40515,KY,asconep0@joomla.org
902,Drusy Potzold,09457 Portage Crossing,55166,MN,dpotzoldp1@instagram.com
903,Rodney Shaddock,606 Bowman Place,20503,DC,rshaddockp2@icq.com
904,Gregorio Hugle,3878 Hagan Point,99709,AK,ghuglep3@weibo.com
905,Antonino Cull,01523 Leroy Plaza,94147,CA,acullp4@mlb.com
906,Jo Chatain,9 Montana Court,60158,IL,jchatainp5@biblegateway.com
907,Debra Manktelow,41 Aberg Center,55470,MN,dmanktelowp6@squarespace.com
908,Lowrance Nunan,3445 Gale Circle,94105,CA,lnunanp7@nba.com
909,Vito Sperring,17556 Fairview Court,55127,MN,vsperringp8@arizona.edu
910,Nanci Kitchinham,58 Riverside Terrace,15225,PA,nkitchinhamp9@umn.edu
911,Georgie Janicki,13 Brickson Park Junction,47306,IN,gjanickipa@cam.ac.uk
912,Carlina Braunroth,070 Arapahoe Crossing,12222,NY,cbraunrothpb@desdev.cn
913,Cherry Elcoate,06538 Pepper Wood Center,30089,GA,celcoatepc@tuttocitta.it
914,Tammie Ranscome,5 Randy Alley,46295,IN,transcomepd@usda.gov
915,Kristien Cardow,83 Muir Trail,50335,IA,kcardowpe@oaic.gov.au
916,Tye Coombes,77815 Heffernan Street,85246,AZ,tcoombespf@exblog.jp
917,Josie Nutbeem,4 Express Trail,99260,WA,jnutbeempg@g.co
918,Nikki Blackwell,1313 Bultman Hill,92862,CA,nblackwellph@domainmarket.com
919,Tisha Bartalini,303 School Hill,81505,CO,tbartalinipi@printfriendly.com
920,Gigi Sincock,681 Talisman Drive,34981,FL,gsincockpj@sohu.com
921,Una Whitney,8638 Sommers Trail,95828,CA,uwhitneypk@facebook.com
922,Cathrin MacGuffie,7355 Bobwhite Trail,85035,AZ,cmacguffiepl@narod.ru
923,Thain Gilliatt,67 Barby Terrace,60697,IL,tgilliattpm@sciencedaily.com
924,Andriana Hain,0 Randy Park,02745,MA,ahainpn@who.int
925,Kylynn Pischoff,213 Granby Circle,79940,TX,kpischoffpo@prlog.org
926,Stevie Pagan,89 5th Lane,20404,DC,spaganpp@wired.com
927,Emmeline Hampton,5 Grover Circle,08104,NJ,ehamptonpq@virginia.edu
928,Barrie Ramos,8726 Bluestem Point,92030,CA,bramospr@nhs.uk
929,Shelley Cottier,778 Upham Avenue,45233,OH,scottierps@ycombinator.com
930,See Pottberry,3863 Butternut Center,55470,MN,spottberrypt@seattletimes.com
931,Quentin Wiltshier,286 Del Sol Circle,97075,OR,qwiltshierpu@geocities.jp
932,Crista Bumpus,786 Elgar Court,84130,UT,cbumpuspv@phoca.cz
933,Cointon Patek,8523 Ridge Oak Center,92822,CA,cpatekpw@ihg.com
934,Toddy Kinnerley,7724 Manitowish Circle,20535,DC,tkinnerleypx@princeton.edu
935,Beulah Blackboro,3 Mccormick Lane,89012,NV,bblackboropy@multiply.com
936,Claire Davenport,340 Rowland Lane,43204,OH,cdavenportpz@theatlantic.com
937,Becka Falck,1291 Southridge Point,63196,MO,bfalckq0@desdev.cn
938,Judah Reitenbach,50 Sunbrook Trail,11854,NY,jreitenbachq1@51.la
939,Brittni Trubshaw,34349 Schmedeman Pass,55579,MN,btrubshawq2@amazon.co.uk
940,Gretta McQuorkel,2 Kensington Hill,46278,IN,gmcquorkelq3@hibu.com
941,Munroe Pethrick,8 Lawn Lane,28815,NC,mpethrickq4@scientificamerican.com
942,Idette Grouen,6 Evergreen Road,10105,NY,igrouenq5@bloglines.com
943,Ozzy Hollows,26784 Jackson Lane,30045,GA,ohollowsq6@fema.gov
944,Retha Parmley,119 Bayside Hill,85743,AZ,rparmleyq7@myspace.com
945,Burr Thal,2 Acker Junction,43231,OH,bthalq8@ocn.ne.jp
946,Adamo Lockney,2 West Road,10160,NY,alockneyq9@nature.com
947,Murry Frame,7 Basil Terrace,79764,TX,mframeqa@exblog.jp
948,Felicio Brixham,420 Oakridge Road,47937,IN,fbrixhamqb@china.com.cn
949,Tad Miguel,76 Green Ridge Plaza,76796,TX,tmiguelqc@icio.us
950,Eugenio Corbet,08752 Glacier Hill Trail,32964,FL,ecorbetqd@google.de
951,Priscella Loft,4758 Prentice Terrace,34210,FL,ploftqe@army.mil
952,Orv Preuvost,43 Mayer Alley,43226,OH,opreuvostqf@is.gd
953,Gelya Pruvost,704 Kropf Terrace,20575,DC,gpruvostqg@google.it
954,Alison Gavan,8 Gina Alley,60681,IL,agavanqh@ox.ac.uk
955,Pebrook Murr,1 Michigan Crossing,88535,TX,pmurrqi@altervista.org
956,Aurilia Kenefick,2771 Arkansas Parkway,34108,FL,akenefickqj@youtu.be
957,Sherill Vlach,10 Columbus Crossing,32605,FL,svlachqk@eventbrite.com
958,Frants Matevushev,48759 Hoard Drive,23663,VA,fmatevushevql@fastcompany.com
959,Thayne Morales,738 Logan Point,90510,CA,tmoralesqm@sogou.com
960,Thibaut Guynemer,43158 High Crossing Way,66215,KS,tguynemerqn@cloudflare.com
961,Raphaela Kenningham,76 Sauthoff Way,33405,FL,rkenninghamqo@topsy.com
962,Eudora McGrane,538 Talisman Trail,98682,WA,emcgraneqp@dot.gov
963,Nathanial Somersett,423 Vera Drive,80223,CO,nsomersettqq@noaa.gov
964,Sholom Stanbury,7 Welch Junction,92127,CA,sstanburyqr@acquirethisname.com
965,Marci Lamort,567 Armistice Terrace,53710,WI,mlamortqs@yolasite.com
966,Lucilia Copnall,33981 Homewood Plaza,94302,CA,lcopnallqt@cbsnews.com
967,Coleman Larkins,26 Old Gate Point,73147,OK,clarkinsqu@delicious.com
968,Sheri Beig,92 Dunning Terrace,25356,WV,sbeigqv@canalblog.com
969,Benedict Froude,597 Anthes Park,45432,OH,bfroudeqw@cocolog-nifty.com
970,Kendell Poynor,8891 Burrows Crossing,10280,NY,kpoynorqx@blinklist.com
971,Delinda Tonsley,0786 Muir Plaza,75705,TX,dtonsleyqy@taobao.com
972,Amabel Sarfat,73 Coleman Avenue,27409,NC,asarfatqz@goo.gl
973,Chic Greguol,7 Thompson Junction,48275,MI,cgreguolr0@businesswire.com
974,Cordelie Ginley,4008 Homewood Way,91109,CA,cginleyr1@house.gov
975,Timothy Dougharty,1 Stoughton Way,77281,TX,tdoughartyr2@weebly.com
976,Ulises Izzat,41 Stuart Trail,21405,MD,uizzatr3@networksolutions.com
977,Kimberlee Lowey,715 Sloan Circle,80126,CO,kloweyr4@google.de
978,Dwight Goody,22 Hermina Circle,28205,NC,dgoodyr5@utexas.edu
979,Nessi Powland,1910 Victoria Plaza,29203,SC,npowlandr6@photobucket.com
980,Quinlan Plait,1 Blackbird Junction,79945,TX,qplaitr7@altervista.org
981,Mariele Correa,5 Dahle Place,30368,GA,mcorrear8@phpbb.com
982,Fancy Sears,85098 Jana Parkway,77554,TX,fsearsr9@hc360.com
983,Dukey Borzone,93107 Hayes Alley,34605,FL,dborzonera@oracle.com
984,Jeremiah Deuss,2669 Sommers Drive,33185,FL,jdeussrb@discuz.net
985,Grenville Stansby,57 Schlimgen Lane,23520,VA,gstansbyrc@paginegialle.it
986,Rodolphe Gisbey,4 Russell Alley,98158,WA,rgisbeyrd@mysql.com
987,Jermayne Newcom,698 Buena Vista Parkway,94660,CA,jnewcomre@smh.com.au
988,Christian Balling,15046 Mcguire Street,92186,CA,cballingrf@imdb.com
989,Barbe Kirckman,896 Forest Drive,47732,IN,bkirckmanrg@harvard.edu
990,Pip Northfield,9 Little Fleur Terrace,14646,NY,pnorthfieldrh@behance.net
991,Harp Mauvin,7 Oak Avenue,39236,MS,hmauvinri@ihg.com
992,Huntley Johnigan,3028 Fordem Circle,37410,TN,hjohniganrj@sbwire.com
993,Wilfrid Whiteside,1470 Spenser Plaza,70179,LA,wwhitesiderk@opera.com
994,Brennan Barnes,96099 Becker Plaza,18768,PA,bbarnesrl@geocities.jp
995,Godfry Durante,23 Hovde Crossing,68105,NE,gduranterm@bigcartel.com
996,Grannie Hartright,0246 5th Trail,75226,TX,ghartrightrn@google.de
997,Riobard Tearle,50 Veith Street,37931,TN,rtearlero@macromedia.com
998,Gloriane Mostyn,905 Park Meadow Plaza,92612,CA,gmostynrp@dell.com
999,Perri Iliffe,9 Steensland Street,33710,FL,pilifferq@baidu.com
1000,Roby Langton,6836 Bartelt Drive,48956,MI,rlangtonrr@huffingtonpost.com
