id,name,address,zipcode,state,email
1,Simmonds Winship,57 Chive Plaza,80005,CO,swinship0@ning.com
2,Korella Coyett,00561 Chinook Trail,12237,NY,kcoyett1@foxnews.com
3,Jdavie Gosenell,82005 Northwestern Hill,12305,NY,jgosenell2@yandex.ru
4,Izabel Ciciari,6444 Badeau Point,75372,TX,iciciari3@vk.com
5,Kippie Aiers,6 Redwing Park,07112,NJ,kaiers4@surveymonkey.com
6,Edwina Walliker,77340 Paget Park,66606,KS,ewalliker5@theatlantic.com
7,Simonette Hockey,32190 Oakridge Point,61614,IL,shockey6@aol.com
8,Darrin L'Archer,74 Esch Terrace,50347,IA,dlarcher7@51.la
9,Marvin Bing,99305 Menomonie Lane,87121,NM,mbing8@purevolume.com
10,Gaynor Uccelli,9 Bultman Terrace,21705,MD,guccelli9@rediff.com
11,Augustus Arington,399 Manley Plaza,61656,IL,aaringtona@qq.com
12,Putnem Noot,7347 Judy Center,29416,SC,pnootb@bloglines.com
13,Iorgos Liston,96 Sunbrook Trail,85720,AZ,ilistonc@webs.com
14,Skipton Duddell,4 Tony Terrace,73167,OK,sduddelld@who.int
15,Daile Robert,0332 Springview Drive,10125,NY,droberte@icq.com
16,Tallou Humbatch,51 Grayhawk Crossing,34102,FL,thumbatchf@vk.com
17,Ozzie Gennrich,974 Sutherland Park,14210,NY,ogennrichg@livejournal.com
18,Waylen Jillings,039 Bunting Plaza,62723,IL,wjillingsh@hhs.gov
19,Violet Battle,9 Morningstar Road,46207,IN,vbattlei@opera.com
20,Brice Brockman,672 Prentice Pass,90398,CA,bbrockmanj@netscape.com
21,Robinetta Marciskewski,49892 Almo Pass,33763,FL,rmarciskewskik@springer.com
22,Ancell Robart,4 Rigney Hill,06854,CT,arobartl@vinaora.com
23,Sula Paolicchi,0 Londonderry Place,33763,FL,spaolicchim@eepurl.com
24,Bronson Stonham,92055 Melody Street,78205,TX,bstonhamn@thetimes.co.uk
25,Wenona McNeil,41287 Tennessee Lane,47405,IN,wmcneilo@behance.net
26,Emmet Chaudhry,226 Manitowish Way,92725,CA,echaudhryp@ft.com
27,Addi Collingham,6 Washington Plaza,16505,PA,acollinghamq@archive.org
28,Garek Shotbolt,62236 Birchwood Crossing,83722,ID,gshotboltr@cloudflare.com
29,Bendick Gallamore,884 Mcbride Center,35290,AL,bgallamores@sciencedirect.com
30,Raff Falconer-Taylor,4972 Donald Lane,31190,GA,rfalconertaylort@1und1.de
31,Karyn Guillart,5196 Rigney Place,06673,CT,kguillartu@bloomberg.com
32,Myrtice Case,1 Esker Drive,32590,FL,mcasev@globo.com
33,Edythe Williamson,141 Valley Edge Road,44905,OH,ewilliamsonw@hugedomains.com
34,Tann Jaqueminet,4782 Rigney Plaza,33196,FL,tjaqueminetx@dmoz.org
35,Dorris Mounter,24 Autumn Leaf Way,20016,DC,dmountery@illinois.edu
36,Jdavie Matthews,062 Old Shore Parkway,55103,MN,jmatthewsz@scientificamerican.com
37,Helen Fawthrop,374 Scofield Point,26505,WV,hfawthrop10@va.gov
38,Heidi Trosdall,174 Hoard Trail,78475,TX,htrosdall11@alexa.com
39,Leicester Barbera,5008 Cardinal Center,10125,NY,lbarbera12@thetimes.co.uk
40,Caroline Stanfield,0 Linden Road,93034,CA,cstanfield13@macromedia.com
41,Merell Stanwix,2 Londonderry Avenue,97216,OR,mstanwix14@mapquest.com
42,Casandra Acres,2 Pearson Alley,88519,TX,cacres15@photobucket.com
43,Alexei Credland,2 Drewry Plaza,48107,MI,acredland16@hugedomains.com
44,Sibeal McTurley,10251 Carpenter Terrace,44705,OH,smcturley17@tripod.com
45,Odell Janczyk,2 Annamark Circle,66606,KS,ojanczyk18@marketwatch.com
46,Rickie Berthod,22668 Rowland Avenue,84145,UT,rberthod19@technorati.com
47,Constanta Sturzaker,9370 Mifflin Terrace,31416,GA,csturzaker1a@hibu.com
48,Adelheid Scyner,03586 Dixon Avenue,33330,FL,ascyner1b@dropbox.com
49,Alvis De Zamudio,5936 Sachtjen Point,78789,TX,ade1c@studiopress.com
50,Clement Learman,83617 1st Street,20470,DC,clearman1d@hc360.com
51,Gisella Delgardillo,4298 Farragut Lane,08650,NJ,gdelgardillo1e@phpbb.com
52,Kesley Sapena,432 Mosinee Avenue,32627,FL,ksapena1f@com.com
53,Corina Whear,771 Glacier Hill Plaza,85210,AZ,cwhear1g@msn.com
54,Griff Leppo,5 Columbus Lane,85215,AZ,gleppo1h@wix.com
55,Gregory Duckering,73 Larry Circle,20566,DC,gduckering1i@telegraph.co.uk
56,Denise Eady,75 Cardinal Place,50362,IA,deady1j@barnesandnoble.com
57,Bidget Howlin,61444 Hovde Point,92844,CA,bhowlin1k@dyndns.org
58,Caron Jackes,3366 Towne Drive,79105,TX,cjackes1l@sitemeter.com
59,Gussy Caddell,644 Katie Parkway,40505,KY,gcaddell1m@tuttocitta.it
60,Demetra Gatsby,18184 Fisk Road,99709,AK,dgatsby1n@constantcontact.com
61,Frank Gosney,64842 Birchwood Road,37931,TN,fgosney1o@etsy.com
62,Tracie Cartmill,9613 Lyons Parkway,12222,NY,tcartmill1p@amazon.co.uk
63,Winthrop Prisk,19459 Fallview Hill,44710,OH,wprisk1q@privacy.gov.au
64,Galvan Ayshford,1 Sage Street,77070,TX,gayshford1r@networksolutions.com
65,Fredrika Flood,22 East Crossing,11247,NY,fflood1s@boston.com
66,Mano De Pietri,9 Gerald Alley,64193,MO,mde1t@ning.com
67,Brendon Mordey,32 Del Sol Park,94121,CA,bmordey1u@networksolutions.com
68,Lindon Mathely,9672 East Center,75799,TX,lmathely1v@lulu.com
69,Etti Jouannisson,4849 Farmco Hill,21265,MD,ejouannisson1w@photobucket.com
70,Bunny Cordall,8 Graedel Trail,77015,TX,bcordall1x@ox.ac.uk
71,Paola Stuehmeier,653 Mayfield Court,91505,CA,pstuehmeier1y@live.com
72,Della Dolder,2422 Carberry Parkway,20370,DC,ddolder1z@e-recht24.de
73,Annadiane Rispine,1 Elmside Way,20231,DC,arispine20@linkedin.com
74,Glennie Brownsall,1 Pond Road,27605,NC,gbrownsall21@ask.com
75,Valry Snookes,65 Columbus Terrace,32118,FL,vsnookes22@theatlantic.com
76,Brandie Speare,35473 Debs Avenue,28278,NC,bspeare23@shutterfly.com
77,Eloisa Duggan,64 Springs Pass,73109,OK,eduggan24@gravatar.com
78,Buckie Grolmann,1 Talmadge Way,63196,MO,bgrolmann25@icio.us
79,Duffy Moar,503 Valley Edge Alley,87115,NM,dmoar26@myspace.com
80,Annalise Worrall,7 Talmadge Parkway,33605,FL,aworrall27@tiny.cc
81,Adriena Emmett,03 Meadow Valley Crossing,98175,WA,aemmett28@squarespace.com
82,Correy Doran,4447 East Drive,68105,NE,cdoran29@goo.ne.jp
83,Nydia Glazebrook,34837 Burrows Park,23272,VA,nglazebrook2a@constantcontact.com
84,Ulrich Blackader,8502 Twin Pines Terrace,74126,OK,ublackader2b@etsy.com
85,Nolie Nabarro,318 Sugar Terrace,91210,CA,nnabarro2c@statcounter.com
86,Carlin Delacoste,7 Monterey Parkway,12237,NY,cdelacoste2d@harvard.edu
87,Boy Baglow,4191 Kipling Center,94237,CA,bbaglow2e@360.cn
88,Melody Kincla,04 Macpherson Street,79905,TX,mkincla2f@comsenz.com
89,Elvyn Datte,214 Calypso Street,74184,OK,edatte2g@engadget.com
90,Burnaby Craythorn,02716 Laurel Crossing,70883,LA,bcraythorn2h@free.fr
91,Ivett McGrail,11 Larry Pass,63110,MO,imcgrail2i@spotify.com
92,Caye Davidou,5469 Sugar Road,60619,IL,cdavidou2j@ucsd.edu
93,Christel Eveling,1 Atwood Circle,89166,NV,ceveling2k@wikimedia.org
94,Thaine Hebblewaite,2475 Bay Hill,79182,TX,thebblewaite2l@smh.com.au
95,Sampson Garretts,17 Blue Bill Park Alley,02119,MA,sgarretts2m@ustream.tv
96,Manny Healey,778 Oriole Lane,75387,TX,mhealey2n@mit.edu
97,Emile Banbridge,4620 Elka Alley,93111,CA,ebanbridge2o@prlog.org
98,Brandice Huggens,2532 Hanson Court,28210,NC,bhuggens2p@whitehouse.gov
99,Dur Kieff,674 Scoville Lane,63169,MO,dkieff2q@patch.com
100,Grace Cuttles,5 Garrison Road,71137,LA,gcuttles2r@meetup.com
101,Beitris Attard,7 Eliot Alley,37131,TN,battard2s@surveymonkey.com
102,Hewe Bonellie,8543 Susan Parkway,33661,FL,hbonellie2t@sakura.ne.jp
103,Romeo Dawltrey,5433 1st Lane,79491,TX,rdawltrey2u@washingtonpost.com
104,Darci Berrey,76 Laurel Alley,89706,NV,dberrey2v@china.com.cn
105,Florenza MacFaul,61 5th Parkway,33994,FL,fmacfaul2w@macromedia.com
106,Dee Hagan,9595 Fulton Lane,30919,GA,dhagan2x@shutterfly.com
107,Dicky Speechley,23154 Thompson Place,01605,MA,dspeechley2y@wikimedia.org
108,Barn Carabine,1 Sutteridge Junction,33487,FL,bcarabine2z@discovery.com
109,Pablo Souter,68081 Reinke Drive,94807,CA,psouter30@columbia.edu
110,Zeb Clemetts,7951 Bunker Hill Junction,10004,NY,zclemetts31@goo.gl
111,Pembroke McEwen,9966 Onsgard Point,01605,MA,pmcewen32@yolasite.com
112,Silas Hookes,95 Reinke Lane,46254,IN,shookes33@forbes.com
113,Kendall Jandl,0 Trailsway Way,20709,MD,kjandl34@tiny.cc
114,Hilario Trusslove,6472 Crowley Point,99260,WA,htrusslove35@cam.ac.uk
115,Jackquelin Loxston,3149 Old Gate Road,43226,OH,jloxston36@oracle.com
116,Mahala Challenger,29 Lotheville Hill,38197,TN,mchallenger37@seesaa.net
117,Tony Thorrington,8793 Maple Street,47712,IN,tthorrington38@redcross.org
118,Dyanna Mulrenan,94 Red Cloud Place,40524,KY,dmulrenan39@salon.com
119,Addison Stud,396 Shasta Junction,28284,NC,astud3a@cbslocal.com
120,Gianna Binge,05022 Twin Pines Trail,92030,CA,gbinge3b@nationalgeographic.com
121,Kerrin Fee,250 Hallows Park,36177,AL,kfee3c@networkadvertising.org
122,Fletcher Curling,83694 Troy Way,95138,CA,fcurling3d@rediff.com
123,Missie Creeghan,3420 Miller Place,74156,OK,mcreeghan3e@themeforest.net
124,Megan Kiln,4621 Brickson Park Lane,15261,PA,mkiln3f@foxnews.com
125,Bax Dinsey,2 Hoard Alley,66225,KS,bdinsey3g@flavors.me
126,Ky Gumbley,505 Huxley Lane,15134,PA,kgumbley3h@vinaora.com
127,Smith Jacobs,68444 Beilfuss Junction,33180,FL,sjacobs3i@mediafire.com
128,Harley Magowan,39521 Buena Vista Place,39236,MS,hmagowan3j@desdev.cn
129,Felix Whitehall,311 Rieder Street,44191,OH,fwhitehall3k@cyberchimps.com
130,Benedikta Sellner,2703 Knutson Plaza,10019,NY,bsellner3l@joomla.org
131,Nolan Blackadder,35 Meadow Vale Plaza,79984,TX,nblackadder3m@tiny.cc
132,Xever Cowely,1 Atwood Court,55564,MN,xcowely3n@oaic.gov.au
133,Kile Shelp,33748 Ridgeway Plaza,66160,KS,kshelp3o@prlog.org
134,Gilburt Waberer,716 Trailsway Plaza,76796,TX,gwaberer3p@dailymotion.com
135,Tripp Traher,55406 Sherman Point,11407,NY,ttraher3q@hhs.gov
136,Horatius Hanlin,81037 Sunbrook Center,40287,KY,hhanlin3r@ebay.com
137,Rodge Pietruszewicz,7845 Carpenter Lane,90060,CA,rpietruszewicz3s@printfriendly.com
138,Joachim Steers,3 Ilene Pass,20057,DC,jsteers3t@amazon.de
139,Roseanne Sigart,5 Buell Place,55905,MN,rsigart3u@si.edu
140,Cameron Maddocks,8108 7th Center,40745,KY,cmaddocks3v@biblegateway.com
141,Latia Strivens,506 Jana Hill,22205,VA,lstrivens3w@cpanel.net
142,Jennette Hamnett,91 Pierstorff Drive,81005,CO,jhamnett3x@wired.com
143,Dareen Goadbie,22021 Forest Run Center,89714,NV,dgoadbie3y@archive.org
144,Babara Gillford,04584 Becker Junction,21747,MD,bgillford3z@pagesperso-orange.fr
145,Kean Lillie,06937 Maryland Plaza,10034,NY,klillie40@deviantart.com
146,Renaud Row,616 Lakeland Way,55108,MN,rrow41@scientificamerican.com
147,Cliff Blower,40761 Bay Place,90025,CA,cblower42@networksolutions.com
148,Bev Bunson,5 8th Way,64082,MO,bbunson43@arstechnica.com
149,Adorne Aleveque,180 Farragut Point,75260,TX,aaleveque44@nymag.com
150,Humberto Simondson,99391 Hansons Way,27116,NC,hsimondson45@wired.com
151,Adara Caff,82244 Washington Crossing,10034,NY,acaff46@webmd.com
152,Neel Ing,741 Hansons Drive,75265,TX,ning47@surveymonkey.com
153,Glendon Brideau,9833 Dawn Drive,40250,KY,gbrideau48@nps.gov
154,Jacquie Rasch,875 Mayfield Junction,73190,OK,jrasch49@slate.com
155,Norri Braisted,8984 Scott Junction,38131,TN,nbraisted4a@prlog.org
156,Nita Grimshaw,2076 Forest Run Hill,80204,CO,ngrimshaw4b@accuweather.com
157,Nicky Weight,67290 4th Point,46266,IN,nweight4c@wp.com
158,Salvidor Elsay,7 Atwood Park,97286,OR,selsay4d@g.co
159,Karlens Mechem,3618 Sachs Circle,10464,NY,kmechem4e@cpanel.net
160,Hedi Yeomans,492 Mitchell Hill,15225,PA,hyeomans4f@mapquest.com
161,Nikola Goneau,3 Anhalt Place,77806,TX,ngoneau4g@pinterest.com
162,Wade Pallas,7816 5th Street,08922,NJ,wpallas4h@upenn.edu
163,Lydon Arbor,399 Maryland Parkway,75231,TX,larbor4i@mlb.com
164,Tyrone Yuryev,3 Roth Avenue,13210,NY,tyuryev4j@nature.com
165,Robb Ivanonko,1906 Dixon Parkway,74108,OK,rivanonko4k@mysql.com
166,Jada Petriello,764 Springs Trail,95833,CA,jpetriello4l@plala.or.jp
167,Marysa Napolione,6927 Waywood Drive,35236,AL,mnapolione4m@tamu.edu
168,Berkeley Wittering,5 Acker Alley,90076,CA,bwittering4n@mtv.com
169,Riannon Arlet,67 Park Meadow Plaza,46239,IN,rarlet4o@mysql.com
170,Jolyn Cicullo,0152 School Avenue,33028,FL,jcicullo4p@google.com
171,Faustine Fishenden,899 Transport Trail,63126,MO,ffishenden4q@clickbank.net
172,Tore Kennally,12147 Maryland Parkway,49510,MI,tkennally4r@people.com.cn
173,Jarred Stanyforth,1 Mifflin Center,20073,DC,jstanyforth4s@123-reg.co.uk
174,Dagmar Dodimead,5 Calypso Court,55811,MN,ddodimead4t@seattletimes.com
175,Sinclair Yakobowitz,2107 Gale Parkway,17622,PA,syakobowitz4u@1und1.de
176,Budd Sprasen,8 Di Loreto Street,12262,NY,bsprasen4v@jugem.jp
177,Tobe Joderli,32287 Dakota Point,77201,TX,tjoderli4w@webmd.com
178,Fredelia Marlowe,04 Fremont Parkway,78210,TX,fmarlowe4x@hugedomains.com
179,Carlin Brettell,695 Tennessee Trail,23454,VA,cbrettell4y@slashdot.org
180,Charmine Somerton,38359 Macpherson Hill,71161,LA,csomerton4z@xrea.com
181,Alyda Nacey,5444 Haas Pass,76192,TX,anacey50@globo.com
182,Martie Giovanetti,21 6th Trail,77343,TX,mgiovanetti51@dailymotion.com
183,Ellene Smorthit,05 Straubel Plaza,64190,MO,esmorthit52@ow.ly
184,Byrann Retter,428 Talmadge Alley,11480,NY,bretter53@netlog.com
185,Samuele Golland,959 Dakota Crossing,94286,CA,sgolland54@hibu.com
186,Garwin Holdforth,99505 North Terrace,90094,CA,gholdforth55@cam.ac.uk
187,Nahum Gerardi,20859 Petterle Court,57188,SD,ngerardi56@columbia.edu
188,Heddi Clawe,7014 La Follette Park,12205,NY,hclawe57@prnewswire.com
189,Anne Creddon,3482 Heath Park,22212,VA,acreddon58@hhs.gov
190,Izabel MacLennan,40100 Ludington Court,78210,TX,imaclennan59@dropbox.com
191,Harlan Weerdenburg,9676 Summer Ridge Court,91499,CA,hweerdenburg5a@angelfire.com
192,Lynnea Milward,13 Dovetail Junction,92115,CA,lmilward5b@sohu.com
193,Cordie Onraet,77262 Thackeray Avenue,89706,NV,conraet5c@1und1.de
194,Francis Hoofe,49006 Alpine Pass,45233,OH,fhoofe5d@bravesites.com
195,Mariquilla Giorgiutti,4720 Ruskin Circle,36104,AL,mgiorgiutti5e@typepad.com
196,Tabbie Willimont,77234 Carberry Point,93150,CA,twillimont5f@ifeng.com
197,Sebastiano Ayer,584 Donald Point,10184,NY,sayer5g@cdc.gov
198,Hailee Threadgould,600 Talmadge Place,85737,AZ,hthreadgould5h@clickbank.net
199,Kanya Maldin,6 Forest Dale Circle,76210,TX,kmaldin5i@webnode.com
200,Gayleen Beston,43831 Merchant Point,31416,GA,gbeston5j@barnesandnoble.com
201,Misty Strother,1 Independence Road,84125,UT,mstrother5k@discuz.net
202,Welch Clamp,37636 Fair Oaks Plaza,99599,AK,wclamp5l@tamu.edu
203,Phil Ogglebie,23946 Kinsman Drive,64190,MO,pogglebie5m@ocn.ne.jp
204,Veronika Sawdy,13751 Summer Ridge Trail,34282,FL,vsawdy5n@elpais.com
205,Bradford Blackleech,0 Loftsgordon Center,85383,AZ,bblackleech5o@soup.io
206,Darb Simcoe,7 Carpenter Junction,77060,TX,dsimcoe5p@github.com
207,Susana Tansley,932 Barnett Point,70160,LA,stansley5q@spotify.com
208,Sammy Schrader,9 Fieldstone Junction,30245,GA,sschrader5r@apache.org
209,Beverie Mallalieu,5718 Rieder Junction,44905,OH,bmallalieu5s@japanpost.jp
210,Anstice Garaghan,870 Ruskin Pass,75799,TX,agaraghan5t@umn.edu
211,Natala Daly,544 Dovetail Parkway,46221,IN,ndaly5u@ask.com
212,Elisabetta Caps,0012 Hanover Point,27150,NC,ecaps5v@privacy.gov.au
213,Giffard Statter,3 Logan Road,20414,DC,gstatter5w@clickbank.net
214,Matty Ropert,1 Paget Crossing,90410,CA,mropert5x@sogou.com
215,Ernest Avent,82 Lillian Park,48258,MI,eavent5y@ox.ac.uk
216,Erin Salkeld,2802 Sauthoff Place,33915,FL,esalkeld5z@google.cn
217,Michel Ockenden,946 Clyde Gallagher Place,83722,ID,mockenden60@cmu.edu
218,Clemens Hassan,1451 Dexter Alley,97211,OR,chassan61@archive.org
219,Antonino Jakobssen,55 Longview Park,78210,TX,ajakobssen62@wordpress.com
220,Melessa Watkiss,7815 Almo Drive,10459,NY,mwatkiss63@chron.com
221,Sibylle Rapkins,29688 Randy Road,31205,GA,srapkins64@state.gov
222,Rasla Errichi,0 Kim Circle,78726,TX,rerrichi65@telegraph.co.uk
223,Demetre Asher,43 Ronald Regan Crossing,02104,MA,dasher66@mayoclinic.com
224,Kizzie Pioch,1 Warbler Court,01129,MA,kpioch67@utexas.edu
225,Randi Walmsley,56865 Kinsman Center,91841,CA,rwalmsley68@topsy.com
226,Tabor Cancellor,292 Eggendart Parkway,61110,IL,tcancellor69@tinyurl.com
227,Heida Lakes,5601 Warbler Alley,20470,DC,hlakes6a@twitpic.com
228,Amelia Trewman,16842 Meadow Vale Park,25716,WV,atrewman6b@nyu.edu
229,Herbie Guiness,14 Prairieview Terrace,79165,TX,hguiness6c@google.es
230,Zach Mathelon,3 Shoshone Place,06854,CT,zmathelon6d@feedburner.com
231,Sanderson Nutman,1 Briar Crest Pass,91205,CA,snutman6e@thetimes.co.uk
232,Fenelia Castro,7589 Mcguire Junction,33013,FL,fcastro6f@google.com.au
233,Sebastien Hammill,6 Corry Park,27116,NC,shammill6g@sina.com.cn
234,Candra Village,544 Pepper Wood Alley,46814,IN,cvillage6h@taobao.com
235,Edlin Scholes,7 5th Hill,27150,NC,escholes6i@phpbb.com
236,Kiri Bertome,9 Shasta Alley,32405,FL,kbertome6j@mozilla.com
237,Broddie Dougharty,79 Brickson Park Hill,89012,NV,bdougharty6k@mozilla.org
238,Joyous Gaskell,3513 Debs Crossing,61629,IL,jgaskell6l@home.pl
239,Eydie Shillingford,57326 Mallory Drive,48224,MI,eshillingford6m@blog.com
240,Buiron Marns,6542 Cardinal Plaza,51105,IA,bmarns6n@auda.org.au
241,Lauritz Mursell,6611 Fallview Point,92717,CA,lmursell6o@delicious.com
242,Frederik Cragoe,8139 Loeprich Center,88584,TX,fcragoe6p@shareasale.com
243,Hendrick Warden,142 Cascade Way,02458,MA,hwarden6q@friendfeed.com
244,Godart Stores,23 Florence Street,35225,AL,gstores6r@wordpress.org
245,Carmelle Elfes,1318 Shopko Point,20397,DC,celfes6s@mediafire.com
246,Colet Ferne,8894 Northport Point,37245,TN,cferne6t@youtube.com
247,Benedetto Bulteel,5 Sage Drive,98907,WA,bbulteel6u@msn.com
248,Samantha Streeting,3702 Maywood Court,64199,MO,sstreeting6v@illinois.edu
249,Lorne Matthewson,53862 Artisan Way,96154,CA,lmatthewson6w@icq.com
250,Jill Regus,5155 Butternut Court,33961,FL,jregus6x@microsoft.com
251,Donnell Stanex,2935 Kipling Lane,73152,OK,dstanex6y@boston.com
252,Micaela Guidi,8077 Manufacturers Court,35405,AL,mguidi6z@163.com
253,Clemmie Canet,47 Summerview Trail,77223,TX,ccanet70@sourceforge.net
254,Eirena Sings,508 Karstens Place,77245,TX,esings71@ovh.net
255,Donaugh Dolbey,7860 Boyd Road,62711,IL,ddolbey72@livejournal.com
256,Frannie Brislawn,78754 New Castle Court,20551,DC,fbrislawn73@goodreads.com
257,Danita Jarrad,8164 Burrows Alley,31196,GA,djarrad74@columbia.edu
258,Thomasa Teece,4 8th Road,95852,CA,tteece75@mayoclinic.com
259,Fawn Guillain,44 Fair Oaks Way,33811,FL,fguillain76@reuters.com
260,Harwilll Hitschke,25 Schlimgen Avenue,85737,AZ,hhitschke77@studiopress.com
261,Abbe Cobello,9599 Tennyson Court,23459,VA,acobello78@squidoo.com
262,Sterling Bricknell,01 Loeprich Court,50305,IA,sbricknell79@4shared.com
263,Delaney Marvell,1876 Dennis Court,74193,OK,dmarvell7a@disqus.com
264,Marillin Fardo,2 Springview Place,60619,IL,mfardo7b@elpais.com
265,Cyb Januszewski,544 Warbler Place,23289,VA,cjanuszewski7c@washington.edu
266,Eugine Condit,7 Myrtle Alley,37410,TN,econdit7d@prweb.com
267,Row Gobeaux,21956 Petterle Hill,88530,TX,rgobeaux7e@friendfeed.com
268,Meggy Casswell,06 Elgar Junction,22111,VA,mcasswell7f@mtv.com
269,Marcus Pullar,8 Claremont Crossing,60646,IL,mpullar7g@live.com
270,Paton Vittore,67 Laurel Center,23471,VA,pvittore7h@amazon.de
271,Patrizius Eminson,849 Lake View Street,93305,CA,peminson7i@nationalgeographic.com
272,Dew Cossans,9689 Pine View Crossing,90510,CA,dcossans7j@over-blog.com
273,Prudi Matus,73377 Drewry Alley,78710,TX,pmatus7k@goo.ne.jp
274,Bastien McVeagh,06 Mallory Way,72231,AR,bmcveagh7l@geocities.jp
275,Anstice Westnedge,0 Muir Hill,37919,TN,awestnedge7m@shop-pro.jp
276,Gusella Muat,84 Emmet Center,92822,CA,gmuat7n@blog.com
277,Bronson Schust,8 Homewood Park,55188,MN,bschust7o@bigcartel.com
278,Angeli Purveys,4612 Warbler Park,12262,NY,apurveys7p@last.fm
279,Olivier Pitrelli,4674 Grover Plaza,53234,WI,opitrelli7q@bloglovin.com
280,Bing Berendsen,63270 Nancy Street,34205,FL,bberendsen7r@redcross.org
281,Kin Skentelbury,56 Cody Road,80638,CO,kskentelbury7s@gov.uk
282,Gray Humbles,24594 Quincy Trail,12205,NY,ghumbles7t@wikispaces.com
283,Bryon Enevoldsen,058 Hoard Center,91606,CA,benevoldsen7u@sbwire.com
284,Rachele Lynett,65697 Trailsway Hill,94712,CA,rlynett7v@webmd.com
285,Erena Tarbin,53 Jenifer Place,20078,DC,etarbin7w@histats.com
286,Melitta Still,984 Loomis Drive,85062,AZ,mstill7x@hubpages.com
287,Tyrone Rugge,0908 Acker Place,95150,CA,trugge7y@youtube.com
288,Stephan Byles,0228 Mosinee Junction,45419,OH,sbyles7z@google.com
289,Florenza Herrero,90 Dottie Trail,30089,GA,fherrero80@nps.gov
290,Tristan Gregol,9 Orin Lane,34949,FL,tgregol81@slideshare.net
291,Bernie Rushby,8307 Longview Circle,10310,NY,brushby82@noaa.gov
292,Doti Koppelmann,1 Swallow Lane,92519,CA,dkoppelmann83@hao123.com
293,Daven Gohn,360 Farmco Road,23509,VA,dgohn84@fema.gov
294,Dee Caris,220 Arkansas Center,06721,CT,dcaris85@mtv.com
295,Dory Johnsson,86 John Wall Way,92424,CA,djohnsson86@biglobe.ne.jp
296,Silva Adger,89919 Doe Crossing Parkway,15906,PA,sadger87@zdnet.com
297,Daniel Fairham,24543 Fordem Street,18505,PA,dfairham88@redcross.org
298,Katey Scarsbrook,2155 Bultman Street,95219,CA,kscarsbrook89@bbb.org
299,Fabe Goatcher,19018 Onsgard Avenue,85219,AZ,fgoatcher8a@livejournal.com
300,Sanson Daenen,75186 Bluestem Park,74126,OK,sdaenen8b@disqus.com
301,Kay Kesten,152 Ohio Street,85025,AZ,kkesten8c@who.int
302,Rafaelia Bonsul,59469 Waubesa Drive,38109,TN,rbonsul8d@mayoclinic.com
303,Noemi Roland,024 Stephen Trail,92132,CA,nroland8e@vimeo.com
304,Jacqui Scott,9320 Rowland Alley,77065,TX,jscott8f@dailymail.co.uk
305,Britni Comer,8 Cherokee Pass,19495,PA,bcomer8g@last.fm
306,Justino Merkel,2941 Lunder Plaza,37250,TN,jmerkel8h@miitbeian.gov.cn
307,Sarajane Coxall,12 Oxford Place,97306,OR,scoxall8i@1688.com
308,Shanon Boyan,80303 Golf Course Park,89135,NV,sboyan8j@cbslocal.com
309,Leese Dudman,16824 Fallview Point,78703,TX,ldudman8k@csmonitor.com
310,Orlan Tomlett,063 Steensland Court,85305,AZ,otomlett8l@ucoz.com
311,Drucill Letixier,078 Amoth Avenue,49518,MI,dletixier8m@constantcontact.com
312,Hortense Mowen,03 Oxford Pass,33763,FL,hmowen8n@apache.org
313,Felicity Wickwar,532 Debs Parkway,33647,FL,fwickwar8o@histats.com
314,Antone Middleditch,1460 Melby Hill,46266,IN,amiddleditch8p@cdc.gov
315,Barbara-anne Prayer,3488 Dottie Drive,79105,TX,bprayer8q@a8.net
316,Hendrika Turbard,13266 Mallard Crossing,01105,MA,hturbard8r@google.co.jp
317,Benedetta Skerratt,6 Comanche Terrace,85246,AZ,bskerratt8s@paginegialle.it
318,Obie Collabine,330 Algoma Place,20918,MD,ocollabine8t@youku.com
319,Fayth Linguard,5842 Warrior Drive,98166,WA,flinguard8u@tiny.cc
320,Daniel Vlasyev,27 Corben Drive,25705,WV,dvlasyev8v@google.pl
321,Rorke Ruddock,81 Monterey Park,98121,WA,rruddock8w@cyberchimps.com
322,Tiffie Marklow,9737 Service Trail,68134,NE,tmarklow8x@liveinternet.ru
323,Conchita Gillis,956 Lighthouse Bay Road,65218,MO,cgillis8y@devhub.com
324,Raimondo Aylward,322 Lyons Parkway,55598,MN,raylward8z@google.com.br
325,Esdras Yokelman,61440 American Ash Trail,33661,FL,eyokelman90@admin.ch
326,Vaclav McCane,07 Harper Avenue,81505,CO,vmccane91@abc.net.au
327,Libbey Cakebread,50820 Brentwood Point,16522,PA,lcakebread92@pen.io
328,Kevon Bassano,0467 Darwin Place,55470,MN,kbassano93@aol.com
329,Aileen Shorter,9222 American Hill,28242,NC,ashorter94@mediafire.com
330,Karole Carmel,75 Coleman Trail,14215,NY,kcarmel95@bravesites.com
331,Chrissie Northrop,748 Dayton Drive,22096,VA,cnorthrop96@webnode.com
332,Hermione Trudgion,265 Artisan Street,90055,CA,htrudgion97@istockphoto.com
333,Annalee Geistmann,46958 Crownhardt Parkway,15906,PA,ageistmann98@mozilla.org
334,Ginger Whiles,4239 Anthes Park,79171,TX,gwhiles99@dell.com
335,Trix Connelly,55 Summerview Lane,55115,MN,tconnelly9a@usda.gov
336,Martita Fensome,4 John Wall Road,44511,OH,mfensome9b@yellowpages.com
337,Waneta Eberst,50769 Arrowood Hill,35220,AL,weberst9c@seattletimes.com
338,Jay Barthelme,0810 International Road,73109,OK,jbarthelme9d@miitbeian.gov.cn
339,Alfy Melburg,4 Autumn Leaf Trail,96825,HI,amelburg9e@blog.com
340,Wittie Vasnetsov,367 Darwin Terrace,94147,CA,wvasnetsov9f@nhs.uk
341,Joachim Iddiens,8011 Anthes Alley,20215,DC,jiddiens9g@youtube.com
342,Ossie Hrus,172 Jenna Plaza,80249,CO,ohrus9h@mlb.com
343,Niki Endon,8 Loftsgordon Drive,11480,NY,nendon9i@canalblog.com
344,Alano Deverale,445 Waxwing Park,40256,KY,adeverale9j@ustream.tv
345,Lusa Babst,955 Hanover Crossing,45233,OH,lbabst9k@twitter.com
346,Lianna Forth,072 Buhler Court,98185,WA,lforth9l@smugmug.com
347,Dennie Feria,85 Brentwood Terrace,79769,TX,dferia9m@fema.gov
348,Pacorro Stucksbury,0 Fallview Alley,44197,OH,pstucksbury9n@senate.gov
349,Huberto Bartolic,0 Fulton Crossing,10260,NY,hbartolic9o@va.gov
350,Glen Irons,51 3rd Crossing,85311,AZ,girons9p@about.me
351,Johnette Speeding,91523 Mariners Cove Center,44111,OH,jspeeding9q@blogs.com
352,Herold Schwandner,63 Novick Lane,60351,IL,hschwandner9r@gov.uk
353,Gilburt Schlagman,73 Maple Center,92132,CA,gschlagman9s@cisco.com
354,Demetris Tailby,3323 Mesta Center,15134,PA,dtailby9t@acquirethisname.com
355,Antoine Minchella,5415 Westerfield Center,91210,CA,aminchella9u@rakuten.co.jp
356,Mayer McGurgan,52079 Golf Center,19160,PA,mmcgurgan9v@gov.uk
357,Caldwell Broadfield,5 Fuller Junction,60208,IL,cbroadfield9w@mozilla.com
358,Fransisco Giffon,7900 Macpherson Pass,10060,NY,fgiffon9x@theguardian.com
359,Kipp McEnteggart,8 Brentwood Alley,60669,IL,kmcenteggart9y@usgs.gov
360,Lawrence Feeney,7243 David Park,10606,NY,lfeeney9z@disqus.com
361,Sella Gimbrett,93 Dovetail Trail,16534,PA,sgimbretta0@vkontakte.ru
362,Ilaire Wathan,243 Green Alley,53234,WI,iwathana1@1688.com
363,Corrie Manwaring,2429 Lawn Park,56372,MN,cmanwaringa2@reference.com
364,Fonzie Dufoure,7 Bluestem Road,88584,TX,fdufourea3@hexun.com
365,Pauly Vice,928 Union Parkway,11388,NY,pvicea4@admin.ch
366,Dulcie Caudrelier,021 Pleasure Alley,33436,FL,dcaudreliera5@ehow.com
367,Geordie Gerok,3237 Johnson Lane,75507,TX,ggeroka6@squidoo.com
368,Averill Cutriss,3521 Longview Crossing,25705,WV,acutrissa7@4shared.com
369,Lottie Perris,44426 Mallard Pass,06183,CT,lperrisa8@go.com
370,Erik Kee,7 Oakridge Court,49505,MI,ekeea9@sourceforge.net
371,Clea Minot,70 Mockingbird Place,59112,MT,cminotaa@ibm.com
372,Ulrich Fielden,47170 Linden Pass,63136,MO,ufieldenab@nsw.gov.au
373,Dexter Cockney,041 Carberry Court,87505,NM,dcockneyac@walmart.com
374,Phillida McQuirter,83 Elmside Plaza,92121,CA,pmcquirterad@wp.com
375,Emmye Beert,106 Scofield Court,33715,FL,ebeertae@timesonline.co.uk
376,Barclay Craighill,7252 Ryan Circle,93005,CA,bcraighillaf@hexun.com
377,Magdaia Pepperill,83416 Birchwood Trail,63104,MO,mpepperillag@nydailynews.com
378,Jamesy Grimmer,5 Hoard Park,28284,NC,jgrimmerah@theatlantic.com
379,Mortimer Felix,7518 Twin Pines Terrace,43605,OH,mfelixai@macromedia.com
380,Aloise Broy,05704 Heffernan Road,85062,AZ,abroyaj@nymag.com
381,Floris Draysey,19 Eastwood Lane,24009,VA,fdrayseyak@cocolog-nifty.com
382,Jimmy Yven,947 Badeau Center,07112,NJ,jyvenal@chronoengine.com
383,Annaliese Velden,6 Garrison Place,46805,IN,aveldenam@dmoz.org
384,Aaron Ourtic,6 Starling Pass,77240,TX,aourtican@adobe.com
385,Mandel Belding,522 Hoard Trail,46814,IN,mbeldingao@digg.com
386,Charmion Loody,51683 Scott Hill,10105,NY,cloodyap@nydailynews.com
387,Corenda McKelvey,28322 Kings Point,32304,FL,cmckelveyaq@hhs.gov
388,Mariska Lyndon,12 Dunning Pass,62764,IL,mlyndonar@google.com
389,Arliene Vaz,86718 Holmberg Parkway,68117,NE,avazas@google.de
390,Glenn Bradmore,906 Everett Point,97286,OR,gbradmoreat@diigo.com
391,Hamid Penniell,903 Colorado Pass,93778,CA,hpenniellau@archive.org
392,Robb Boolsen,2 Clyde Gallagher Park,48107,MI,rboolsenav@rambler.ru
393,Enrique Chugg,479 Meadow Valley Terrace,80925,CO,echuggaw@redcross.org
394,Torrey Conws,15248 Corscot Center,76192,TX,tconwsax@wikimedia.org
395,Freemon Simcox,9158 Boyd Point,10557,NY,fsimcoxay@weather.com
396,Esra Arpe,329 Transport Center,27658,NC,earpeaz@nps.gov
397,Keelia Retchless,5282 Macpherson Plaza,49518,MI,kretchlessb0@cam.ac.uk
398,Mick Spicer,42 Redwing Hill,62711,IL,mspicerb1@weebly.com
399,Blane Chansonnau,3942 Debra Point,56398,MN,bchansonnaub2@people.com.cn
400,Korney Colthurst,2988 Pearson Street,80243,CO,kcolthurstb3@angelfire.com
401,Neil Ladley,04 Novick Drive,92030,CA,nladleyb4@spotify.com
402,Poul Kubasiewicz,61 Forest Alley,97306,OR,pkubasiewiczb5@craigslist.org
403,Fanni Wetherell,3735 Blue Bill Park Avenue,89125,NV,fwetherellb6@twitter.com
404,Jessamine Maureen,398 Merry Park,71137,LA,jmaureenb7@nymag.com
405,Domingo Wormell,1741 Ryan Street,02216,MA,dwormellb8@nymag.com
406,Isaiah Venny,4705 Buena Vista Parkway,46852,IN,ivennyb9@mysql.com
407,Annmaria Boyce,621 Barby Avenue,34620,FL,aboyceba@howstuffworks.com
408,Dory Lowthorpe,5 Pleasure Center,43204,OH,dlowthorpebb@oaic.gov.au
409,Loren Peltz,61 Merrick Park,73071,OK,lpeltzbc@seattletimes.com
410,Evvy Gaymar,77264 Del Mar Point,79699,TX,egaymarbd@reddit.com
411,Adoree Stillman,1 Hayes Street,43610,OH,astillmanbe@stanford.edu
412,Jennifer Cund,09 Carpenter Trail,22205,VA,jcundbf@ebay.com
413,Hewitt Gyorgy,9469 Hanover Point,44710,OH,hgyorgybg@archive.org
414,Sandy Sheals,5394 Surrey Terrace,97296,OR,sshealsbh@multiply.com
415,Britta Bindin,9 Sachs Park,10125,NY,bbindinbi@nasa.gov
416,Neall Duthie,4160 Veith Point,55458,MN,nduthiebj@epa.gov
417,Vania Biffin,945 Homewood Trail,30092,GA,vbiffinbk@usatoday.com
418,Brigg Shetliff,35891 Havey Terrace,33448,FL,bshetliffbl@jugem.jp
419,Austina Renoden,5715 Crowley Terrace,77305,TX,arenodenbm@about.me
420,Bamby Carbry,66 Morning Terrace,02162,MA,bcarbrybn@cocolog-nifty.com
421,Kakalina Albany,165 Michigan Park,73124,OK,kalbanybo@squidoo.com
422,Dolph Callard,22 East Hill,47732,IN,dcallardbp@sourceforge.net
423,Kienan Poinsett,372 Glacier Hill Terrace,33462,FL,kpoinsettbq@comcast.net
424,Danita Pickard,18783 Schiller Point,46699,IN,dpickardbr@examiner.com
425,Winifield Alker,520 Veith Street,94230,CA,walkerbs@last.fm
426,Cesare Bygate,3 Hollow Ridge Way,78764,TX,cbygatebt@canalblog.com
427,Crystal Mixon,892 Northridge Crossing,33982,FL,cmixonbu@woothemes.com
428,Ilse Tosspell,3980 Stuart Terrace,85010,AZ,itosspellbv@addtoany.com
429,Rivkah Showen,035 Merchant Plaza,20580,DC,rshowenbw@behance.net
430,Melisa Dorward,26 Melby Street,92176,CA,mdorwardbx@hatena.ne.jp
431,Caressa Radin,5556 Menomonie Way,98133,WA,cradinby@oaic.gov.au
432,Barrie Luthwood,59549 Rigney Avenue,11355,NY,bluthwoodbz@wikimedia.org
433,Lonnie Carsey,84541 Esker Alley,98008,WA,lcarseyc0@edublogs.org
434,Fionna Kayser,46 Reinke Pass,94975,CA,fkayserc1@1688.com
435,Kaye Cordsen,2601 Grasskamp Center,85305,AZ,kcordsenc2@soundcloud.com
436,Cointon Rotlauf,35 Mendota Alley,29240,SC,crotlaufc3@de.vu
437,Othelia Beardsall,1 Vidon Trail,77386,TX,obeardsallc4@creativecommons.org
438,Chilton Syfax,6 Haas Alley,10131,NY,csyfaxc5@accuweather.com
439,Giselle Balint,33203 Oriole Center,28410,NC,gbalintc6@accuweather.com
440,Ode Dumphries,7 Hollow Ridge Avenue,85732,AZ,odumphriesc7@epa.gov
441,Gabie Ghidoni,27 Hauk Road,22908,VA,gghidonic8@cocolog-nifty.com
442,Garald Dik,54876 Birchwood Alley,33884,FL,gdikc9@51.la
443,Magnum Mattevi,5608 Ryan Parkway,74116,OK,mmattevica@chron.com
444,Brooke Nethercott,9283 Moulton Street,68524,NE,bnethercottcb@go.com
445,Corrine Harhoff,680 Schurz Alley,28289,NC,charhoffcc@state.tx.us
446,Darsie Aucott,1631 Rockefeller Pass,70124,LA,daucottcd@whitehouse.gov
447,Bearnard Ambrozik,3906 Hoard Pass,60636,IL,bambrozikce@nps.gov
448,Walther Massen,6 Bashford Plaza,43226,OH,wmassencf@unesco.org
449,Merrie Landeaux,3 Northwestern Court,70836,LA,mlandeauxcg@myspace.com
450,Rubina Jaze,3 Utah Crossing,60619,IL,rjazech@ameblo.jp
451,Paten Offener,69142 Red Cloud Center,78703,TX,poffenerci@linkedin.com
452,Tommy Attoc,8981 Coolidge Road,22156,VA,tattoccj@de.vu
453,Nick Brettle,46175 Lien Road,91205,CA,nbrettleck@mayoclinic.com
454,Benedict Shaw,03 Swallow Crossing,94544,CA,bshawcl@nymag.com
455,Oliviero Rutgers,14896 Lerdahl Terrace,99522,AK,orutgerscm@paginegialle.it
456,Doralynn Lockhart,369 Eastwood Pass,30356,GA,dlockhartcn@sakura.ne.jp
457,Byrle Tollfree,1624 Fairview Lane,84125,UT,btollfreeco@goodreads.com
458,Sonni Mace,279 Sauthoff Road,02453,MA,smacecp@tamu.edu
459,Jerrilyn Fannin,1 Elmside Road,94622,CA,jfannincq@tinypic.com
460,Ginger Mitchley,93527 Bluejay Parkway,59623,MT,gmitchleycr@oaic.gov.au
461,Almeda McGloin,0202 Farmco Terrace,33915,FL,amcgloincs@cloudflare.com
462,Uriah Cosser,17346 Northwestern Point,80925,CO,ucosserct@blog.com
463,Duane Statefield,620 Bobwhite Pass,34949,FL,dstatefieldcu@live.com
464,Ravid Orrice,07309 Schurz Junction,44177,OH,rorricecv@fotki.com
465,Brewer Colquite,10 Park Meadow Junction,77060,TX,bcolquitecw@psu.edu
466,Sibyl Dionsetto,7940 Old Gate Pass,55458,MN,sdionsettocx@barnesandnoble.com
467,Arlie Franz-Schoninger,3 International Circle,30919,GA,afranzschoningercy@springer.com
468,Dody Dunnett,571 Mosinee Plaza,98206,WA,ddunnettcz@reference.com
469,Crista Lanmeid,0601 Gina Street,72231,AR,clanmeidd0@ucla.edu
470,Rivalee Vale,2488 Spaight Alley,38181,TN,rvaled1@blogger.com
471,Douglass Ruhben,25225 Kingsford Circle,32092,FL,druhbend2@eepurl.com
472,Amos Sorley,4255 Holmberg Crossing,78415,TX,asorleyd3@seattletimes.com
473,Waylon Kaser,5962 Raven Circle,98481,WA,wkaserd4@bloglovin.com
474,Rickey Wisedale,64952 Anzinger Trail,45254,OH,rwisedaled5@hexun.com
475,Walsh Hebdon,84 Swallow Terrace,96850,HI,whebdond6@wikipedia.org
476,Jae Kreber,7537 Mariners Cove Terrace,80935,CO,jkreberd7@bizjournals.com
477,Donall Gircke,26264 Hayes Way,47937,IN,dgircked8@cnbc.com
478,Garvy Blizard,89 Gina Drive,32209,FL,gblizardd9@imgur.com
479,Pryce Morriss,50772 Sunbrook Road,17140,PA,pmorrissda@woothemes.com
480,Joycelin Tomasik,53 Warrior Place,33680,FL,jtomasikdb@nydailynews.com
481,Ogden Hinchshaw,54459 Raven Park,28055,NC,ohinchshawdc@arstechnica.com
482,Nicola Fromont,9 Welch Terrace,46015,IN,nfromontdd@sun.com
483,Ansell Hauxwell,27 Debra Street,33763,FL,ahauxwellde@xing.com
484,Gavin Stear,46525 Cardinal Point,01905,MA,gsteardf@com.com
485,Jonie Brimilcombe,8378 Clyde Gallagher Crossing,10464,NY,jbrimilcombedg@sakura.ne.jp
486,Gawen Gynni,48 Buhler Court,11247,NY,ggynnidh@usatoday.com
487,Rodi Greasley,4 Huxley Pass,77705,TX,rgreasleydi@alexa.com
488,Kerrie Nucator,25134 Kennedy Alley,34611,FL,knucatordj@ucoz.ru
489,Juditha Wicks,2 Butternut Hill,13217,NY,jwicksdk@cnbc.com
490,Samson Blind,1965 Dryden Lane,14646,NY,sblinddl@blogger.com
491,Terry Liggens,20 Longview Alley,90030,CA,tliggensdm@simplemachines.org
492,Erny Hradsky,747 Stuart Junction,34981,FL,ehradskydn@1und1.de
493,Alys Clack,7 Village Alley,85743,AZ,aclackdo@tumblr.com
494,Mallory Cornick,92 Susan Pass,89178,NV,mcornickdp@vistaprint.com
495,Kit Mardell,0805 Division Junction,85219,AZ,kmardelldq@state.tx.us
496,Eliot Jedrys,046 Grayhawk Street,34665,FL,ejedrysdr@com.com
497,Wendi Adlem,167 Coolidge Trail,30066,GA,wadlemds@dot.gov
498,Brock Battabee,38 Ohio Road,23208,VA,bbattabeedt@sfgate.com
499,Noe Robroe,825 Johnson Hill,15225,PA,nrobroedu@slashdot.org
500,Davina Smails,84 Basil Avenue,18768,PA,dsmailsdv@privacy.gov.au
501,Kane McIndoe,425 Westport Place,45228,OH,kmcindoedw@shinystat.com
502,Rorke Howson,092 Anniversary Pass,12247,NY,rhowsondx@wp.com
503,Leandra McCory,6 Donald Point,87195,NM,lmccorydy@parallels.com
504,Douglas McIlmorie,94638 Twin Pines Park,21239,MD,dmcilmoriedz@de.vu
505,Raffaello Bumby,875 Dryden Junction,85030,AZ,rbumbye0@unblog.fr
506,Desiree Mallabon,251 Packers Court,74184,OK,dmallabone1@newyorker.com
507,Caritta Wardle,1 Vera Park,62794,IL,cwardlee2@ucla.edu
508,Carolina Pigot,84 Manufacturers Parkway,20566,DC,cpigote3@cnet.com
509,Guthry Vickars,865 Arrowood Alley,14609,NY,gvickarse4@feedburner.com
510,Emelita Newlove,70 Schurz Terrace,66629,KS,enewlovee5@cnet.com
511,Kirbee Ping,35 Hooker Drive,78715,TX,kpinge6@ustream.tv
512,Daven O'Regan,7697 Elgar Plaza,87592,NM,doregane7@bravesites.com
513,Terrell Vosse,34 Grasskamp Terrace,47805,IN,tvossee8@surveymonkey.com
514,Jana Besson,6 Myrtle Court,43210,OH,jbessone9@creativecommons.org
515,Markos Bern,78 Del Mar Trail,19160,PA,mbernea@squidoo.com
516,Max Valerio,05366 Chive Alley,90010,CA,mvalerioeb@nature.com
517,Benedict Robertazzi,42 Maple Wood Avenue,33421,FL,brobertazziec@discuz.net
518,Tamma Di Claudio,13 Anzinger Way,21203,MD,tdied@mail.ru
519,Meghan Mathiot,93816 Prentice Circle,48076,MI,mmathiotee@hostgator.com
520,Esme Chateau,746 Summit Junction,93034,CA,echateauef@linkedin.com
521,Hercules Sibson,6 Lakewood Avenue,48930,MI,hsibsoneg@mashable.com
522,Timmy Have,1296 Dexter Junction,25726,WV,thaveeh@macromedia.com
523,Pavia De Blasiis,877 Michigan Place,21282,MD,pdeei@twitpic.com
524,Haleigh Shoorbrooke,37 Rieder Trail,20099,DC,hshoorbrookeej@opensource.org
525,Mommy Digman,83748 Erie Plaza,48275,MI,mdigmanek@vinaora.com
526,Kirstin Hardi,17526 Fairfield Crossing,19178,PA,khardiel@moonfruit.com
527,Rhodie Cuardall,24 Boyd Park,92105,CA,rcuardallem@jalbum.net
528,Robbert Abele,902 Northport Court,77201,TX,rabeleen@cmu.edu
529,Lelia Seely,0567 Stephen Circle,48126,MI,lseelyeo@tinypic.com
530,Inness Tooley,6 Northfield Alley,14646,NY,itooleyep@harvard.edu
531,Ardenia Whitley,6653 Alpine Street,90840,CA,awhitleyeq@techcrunch.com
532,Tamas Nozzolinii,59 Starling Drive,33153,FL,tnozzoliniier@163.com
533,Vincents Collymore,6409 Banding Road,21229,MD,vcollymorees@e-recht24.de
534,Chick Jacobbe,0711 Orin Place,33462,FL,cjacobbeet@dmoz.org
535,Fionna Livett,8 Melrose Plaza,80161,CO,flivetteu@prweb.com
536,Emlynne Couttes,70568 Center Crossing,14614,NY,ecouttesev@google.pl
537,Antone Armell,45 Loomis Way,92105,CA,aarmellew@huffingtonpost.com
538,Araldo Greenough,94568 Westend Street,34615,FL,agreenoughex@gizmodo.com
539,Denny Davidsen,240 Delladonna Road,60657,IL,ddavidseney@ovh.net
540,Shelly Veracruysse,3 Canary Terrace,07505,NJ,sveracruysseez@w3.org
541,Bride Meech,97 Packers Court,79945,TX,bmeechf0@google.com.br
542,Derry Speer,2 Nancy Court,89166,NV,dspeerf1@slate.com
543,Dael Gelland,904 Nelson Center,32595,FL,dgellandf2@sciencedaily.com
544,Moria Mellmer,1 Spenser Plaza,95838,CA,mmellmerf3@psu.edu
545,Jud Cowill,074 Mayfield Street,32803,FL,jcowillf4@storify.com
546,Ki Blandford,20 Cardinal Avenue,48098,MI,kblandfordf5@ifeng.com
547,Kalle Shafe,062 Heath Drive,06859,CT,kshafef6@uol.com.br
548,Dyane Kemer,5 Stuart Street,33710,FL,dkemerf7@shinystat.com
549,Barry Sherrocks,9 Arrowood Hill,02216,MA,bsherrocksf8@joomla.org
550,Idell Keay,34 Comanche Avenue,92725,CA,ikeayf9@icio.us
551,Clyve Chadney,7 Vermont Circle,63131,MO,cchadneyfa@oracle.com
552,Akim Demangeot,1273 Garrison Place,17605,PA,ademangeotfb@bloglovin.com
553,Candice Genever,22070 Lillian Point,32575,FL,cgeneverfc@thetimes.co.uk
554,Sephira Simanek,8530 Morningstar Way,83722,ID,ssimanekfd@columbia.edu
555,Tomasine Palfreman,70179 Dexter Avenue,35815,AL,tpalfremanfe@google.fr
556,Orly Astupenas,4 Sullivan Way,33129,FL,oastupenasff@admin.ch
557,Darda Danzey,08142 Debs Place,98206,WA,ddanzeyfg@people.com.cn
558,Lorrie Hallgarth,66438 Sundown Crossing,79994,TX,lhallgarthfh@google.ru
559,Wandie Pavlenkov,0274 Arkansas Street,11231,NY,wpavlenkovfi@tuttocitta.it
560,Johnathan Gettins,2 Dayton Plaza,07305,NJ,jgettinsfj@bandcamp.com
561,Gray Estoile,4671 Sutteridge Pass,10014,NY,gestoilefk@domainmarket.com
562,Hanna Ferriere,06 Harbort Alley,43656,OH,hferrierefl@tumblr.com
563,Rollins Westwater,3454 Kenwood Circle,79176,TX,rwestwaterfm@pinterest.com
564,Deena Beernt,7077 Bobwhite Court,02208,MA,dbeerntfn@wordpress.org
565,Henrieta Lownds,6 Monument Street,70165,LA,hlowndsfo@about.com
566,Luisa Warwicker,4487 Sutteridge Plaza,79999,TX,lwarwickerfp@unblog.fr
567,Dolf Facey,210 Carberry Junction,85020,AZ,dfaceyfq@simplemachines.org
568,Astrid Sheavills,086 Arkansas Terrace,40618,KY,asheavillsfr@google.nl
569,Karleen Frisby,4671 Glacier Hill Circle,02298,MA,kfrisbyfs@yellowbook.com
570,Kipper Castelow,9 Hintze Street,87201,NM,kcastelowft@google.ca
571,Brett Blencoe,0 8th Court,43226,OH,bblencoefu@smugmug.com
572,Nomi Pittet,8 Ramsey Place,74141,OK,npittetfv@rambler.ru
573,Aldwin Romeuf,3284 Waxwing Drive,27105,NC,aromeuffw@bloglines.com
574,Luca Bolle,732 Iowa Pass,10249,NY,lbollefx@who.int
575,Phillipe Benwell,7 Bellgrove Road,20268,DC,pbenwellfy@census.gov
576,Colette Tattersall,279 Sutteridge Junction,40581,KY,ctattersallfz@odnoklassniki.ru
577,Hanson Syphus,740 East Plaza,48092,MI,hsyphusg0@nyu.edu
578,Rudyard Zoppie,228 Russell Plaza,93094,CA,rzoppieg1@apple.com
579,Lacee Thredder,0915 Grover Pass,94105,CA,lthredderg2@networksolutions.com
580,Sophia Pilsbury,8 Columbus Crossing,60158,IL,spilsburyg3@vkontakte.ru
581,Fionnula McBratney,7 Onsgard Terrace,59105,MT,fmcbratneyg4@themeforest.net
582,Kalle Hiland,46 Lien Drive,79605,TX,khilandg5@geocities.com
583,Britta Staynes,6845 Portage Park,02114,MA,bstaynesg6@samsung.com
584,Bordie Sone,311 Eagle Crest Junction,88535,TX,bsoneg7@kickstarter.com
585,Valerye Guidini,8 Rowland Trail,71137,LA,vguidinig8@tmall.com
586,Cchaddie Roles,09 Golf View Park,88514,TX,crolesg9@mtv.com
587,Abdel Gurnett,6 Orin Center,33064,FL,agurnettga@jalbum.net
588,Ursola Noller,3118 Rigney Point,43699,OH,unollergb@amazonaws.com
589,Francisca Hugill,83 Declaration Circle,77844,TX,fhugillgc@behance.net
590,Honor Skippen,9248 Johnson Terrace,60652,IL,hskippengd@archive.org
591,Hill Szymonowicz,3877 Dorton Court,27415,NC,hszymonowiczge@xing.com
592,Luigi Shimoni,27041 Spohn Court,97296,OR,lshimonigf@census.gov
593,Nikita Koeppe,107 Jenifer Crossing,20210,DC,nkoeppegg@hexun.com
594,Stoddard McCourtie,812 Old Gate Junction,78732,TX,smccourtiegh@youtube.com
595,Nadine Chellam,9257 Novick Court,70160,LA,nchellamgi@yolasite.com
596,Jillana Caunter,72230 Kipling Avenue,95133,CA,jcauntergj@last.fm
597,Johnna Warwicker,488 Roxbury Road,44511,OH,jwarwickergk@parallels.com
598,Asa MacFarland,8 Tennessee Center,32919,FL,amacfarlandgl@goo.ne.jp
599,Clare Hugues,47862 Thompson Park,78260,TX,chuguesgm@tripadvisor.com
600,Lothaire Paolicchi,7 Bluejay Way,10009,NY,lpaolicchign@github.com
601,Lucho Moxson,6238 Rutledge Terrace,98175,WA,lmoxsongo@domainmarket.com
602,Natalee Thunnercliff,7 Stuart Way,39305,MS,nthunnercliffgp@paypal.com
603,Tad Klementz,74536 Declaration Circle,85754,AZ,tklementzgq@slate.com
604,Karlotte Snasel,5 Anhalt Court,40510,KY,ksnaselgr@alexa.com
605,Katee Benettini,12443 Mockingbird Point,92822,CA,kbenettinigs@nbcnews.com
606,Caro Francescozzi,8177 Delaware Center,95838,CA,cfrancescozzigt@mozilla.org
607,Julina Butters,127 Sunnyside Hill,76004,TX,jbuttersgu@exblog.jp
608,Cindelyn Wiggans,31330 Warner Hill,76905,TX,cwiggansgv@yellowbook.com
609,Eldridge Raspel,9050 Fuller Avenue,19146,PA,eraspelgw@archive.org
610,Abra Pena,3 Hermina Junction,46239,IN,apenagx@answers.com
611,Karlyn Watkin,34738 Schiller Pass,66699,KS,kwatkingy@hexun.com
612,Raviv Timpany,9122 Forster Point,55598,MN,rtimpanygz@miitbeian.gov.cn
613,Dwayne McConnal,4126 Bluejay Point,33615,FL,dmcconnalh0@ask.com
614,Micah Grutchfield,7878 Farwell Avenue,68134,NE,mgrutchfieldh1@jiathis.com
615,Mira Scrace,4 Oakridge Court,70116,LA,mscraceh2@dailymotion.com
616,Erv Baillie,22171 Rutledge Alley,85297,AZ,ebaillieh3@nba.com
617,Daisi Try,71 Blackbird Plaza,90101,CA,dtryh4@chron.com
618,Lise De Cristoforo,44996 Beilfuss Circle,90189,CA,ldeh5@yahoo.com
619,Chadd Tinn,76 Longview Terrace,59112,MT,ctinnh6@webeden.co.uk
620,Hanson Craggs,51 Dennis Court,94975,CA,hcraggsh7@columbia.edu
621,Yetta Rowat,68496 Bowman Way,60663,IL,yrowath8@dedecms.com
622,Marjie Tallman,0 Cherokee Avenue,78415,TX,mtallmanh9@joomla.org
623,Cherlyn Blackborow,2 Buhler Point,17126,PA,cblackborowha@deliciousdays.com
624,Karlen Titchmarsh,7 Dwight Terrace,83732,ID,ktitchmarshhb@deliciousdays.com
625,Arabel Lemery,6 Delladonna Parkway,89714,NV,alemeryhc@fastcompany.com
626,Anastasie Rudkin,8 Pearson Trail,77343,TX,arudkinhd@lycos.com
627,Brnaba Craggs,60 Meadow Vale Hill,94137,CA,bcraggshe@wikimedia.org
628,Glenna Louys,40 Toban Junction,76121,TX,glouyshf@economist.com
629,Jacklyn Ezele,2735 Cardinal Way,30061,GA,jezelehg@sogou.com
630,Aimee Woolhouse,25576 Atwood Lane,14215,NY,awoolhousehh@chronoengine.com
631,Stanislaw Deans,219 Dennis Lane,50706,IA,sdeanshi@nbcnews.com
632,Trumann Domney,4014 Weeping Birch Way,98115,WA,tdomneyhj@weather.com
633,Norry Roderick,1 Stoughton Crossing,75353,TX,nroderickhk@illinois.edu
634,Edvard Burner,6 Sunfield Parkway,76705,TX,eburnerhl@sfgate.com
635,Hattie Mongain,5 Sullivan Center,73179,OK,hmongainhm@w3.org
636,Randie Saunper,281 Pearson Point,06520,CT,rsaunperhn@google.com.hk
637,Emmalee Lamburn,5 Ridgeway Park,20404,DC,elamburnho@issuu.com
638,Briant Leynagh,29 Warbler Plaza,29416,SC,bleynaghhp@cam.ac.uk
639,Phylys Dumbare,8009 Florence Place,20530,DC,pdumbarehq@aboutads.info
640,Devina Fury,6 Lawn Alley,93005,CA,dfuryhr@bizjournals.com
641,Shara Scase,0 Thierer Road,60697,IL,sscasehs@yahoo.co.jp
642,Kippar Neville,2 1st Circle,31405,GA,knevilleht@nature.com
643,Anna Sheron,90948 Riverside Road,33134,FL,asheronhu@spotify.com
644,Helga Cottie,8798 Bellgrove Alley,33315,FL,hcottiehv@gizmodo.com
645,Cindee Capey,46403 Hoepker Trail,88546,TX,ccapeyhw@nsw.gov.au
646,Pam Schulze,9396 Dexter Point,20238,DC,pschulzehx@prweb.com
647,Bevvy Burnhard,147 Glacier Hill Hill,08695,NJ,bburnhardhy@arstechnica.com
648,Marcellus Crowth,206 Mitchell Plaza,60641,IL,mcrowthhz@vk.com
649,Lorrie Yole,6433 1st Road,77806,TX,lyolei0@ibm.com
650,Lottie Edmons,5 Kensington Crossing,95298,CA,ledmonsi1@nifty.com
651,Hildegarde Vanini,9999 Ruskin Way,73167,OK,hvaninii2@blinklist.com
652,Minda Newbury,498 Lyons Pass,31136,GA,mnewburyi3@i2i.jp
653,Dwight Gummory,538 Hanson Avenue,95173,CA,dgummoryi4@hostgator.com
654,Aldus Dennehy,46540 Paget Terrace,14609,NY,adennehyi5@eventbrite.com
655,Hill Tuxell,8709 Colorado Terrace,44393,OH,htuxelli6@zdnet.com
656,Morna Durrington,623 Lien Place,32891,FL,mdurringtoni7@goo.ne.jp
657,Lindsay Crevagh,42138 Pleasure Junction,37215,TN,lcrevaghi8@google.com
658,Vinny Semonin,76 Riverside Center,74126,OK,vsemonini9@whitehouse.gov
659,Catherin Brussell,7449 Center Trail,32128,FL,cbrussellia@hud.gov
660,Alphonse Attlee,129 Delaware Place,55108,MN,aattleeib@xinhuanet.com
661,Hatti Bisgrove,5 Pawling Avenue,79977,TX,hbisgroveic@ted.com
662,Neille Sieur,7 David Avenue,75037,TX,nsieurid@tamu.edu
663,Carter Plumridge,8562 Springs Junction,91125,CA,cplumridgeie@sciencedaily.com
664,Sargent Ossenna,93221 Doe Crossing Crossing,02905,RI,sossennaif@ebay.com
665,Karoly Heale,41668 Cardinal Center,02912,RI,khealeig@wisc.edu
666,Vidovic Willerstone,45 Delaware Circle,11241,NY,vwillerstoneih@usgs.gov
667,Aigneis Rosentholer,1 Forest Run Court,80940,CO,arosentholerii@nih.gov
668,Elga Scudder,28573 Stuart Parkway,20078,DC,escudderij@issuu.com
669,Trudy Sevin,50 Eagle Crest Street,55585,MN,tsevinik@prlog.org
670,Hedy Timmins,7 Melody Center,32835,FL,htimminsil@whitehouse.gov
671,Blaire Mulmuray,92 Jackson Alley,33233,FL,bmulmurayim@ovh.net
672,Bartolomeo Renshell,28646 Kipling Way,10557,NY,brenshellin@acquirethisname.com
673,Nixie Chastaing,666 Darwin Trail,39296,MS,nchastaingio@clickbank.net
674,Peggie Archibald,88989 Derek Terrace,95123,CA,parchibaldip@google.co.jp
675,Thea Ferandez,8283 Express Parkway,93386,CA,tferandeziq@boston.com
676,Vonny Murcott,98782 Haas Road,80150,CO,vmurcottir@cyberchimps.com
677,Bail Levesque,9 Forster Court,73197,OK,blevesqueis@go.com
678,Ozzy Mulchrone,780 Vernon Center,45208,OH,omulchroneit@scientificamerican.com
679,Alec Bottrill,6 Barby Circle,48912,MI,abottrilliu@stanford.edu
680,Bessy Nurdin,259 Butterfield Plaza,65898,MO,bnurdiniv@adobe.com
681,Ingmar MacCallum,8619 Killdeer Place,19136,PA,imaccallumiw@google.es
682,Giovanna Beilby,0806 High Crossing Alley,20392,DC,gbeilbyix@nydailynews.com
683,Guillaume Wagner,39997 Muir Park,55557,MN,gwagneriy@disqus.com
684,Lolita Porteous,8 Grover Street,70142,LA,lporteousiz@macromedia.com
685,Celine Landes,1 Holy Cross Junction,10474,NY,clandesj0@princeton.edu
686,Jard Leadstone,342 Surrey Road,92196,CA,jleadstonej1@sourceforge.net
687,Kiersten Grinaugh,3 Debs Point,46015,IN,kgrinaughj2@creativecommons.org
688,Biddy Gettings,933 Prairieview Lane,93291,CA,bgettingsj3@cbsnews.com
689,Orin Gunbie,9743 Old Gate Center,32835,FL,ogunbiej4@bandcamp.com
690,Giustino Capp,202 Moland Court,94611,CA,gcappj5@instagram.com
691,Bernardina Legging,080 Lillian Parkway,92121,CA,bleggingj6@technorati.com
692,Veronika Bulfoot,99244 Blue Bill Park Terrace,95354,CA,vbulfootj7@princeton.edu
693,Katheryn Lovejoy,758 South Circle,32830,FL,klovejoyj8@discovery.com
694,Neille Zuker,520 Monument Parkway,94137,CA,nzukerj9@mit.edu
695,Merv Corradengo,3335 Glacier Hill Plaza,78754,TX,mcorradengoja@jugem.jp
696,Patricia Rudall,97054 Lakewood Gardens Park,22234,VA,prudalljb@ihg.com
697,Standford Scemp,91237 Transport Center,79452,TX,sscempjc@squarespace.com
698,Gae Doerffer,3 Sheridan Parkway,30392,GA,gdoerfferjd@1688.com
699,Brandice Fattorini,820 Riverside Parkway,80044,CO,bfattorinije@scientificamerican.com
700,Alvira Dennant,26 Green Crossing,02912,RI,adennantjf@dailymail.co.uk
701,Carlee Couvet,45694 Carberry Junction,10125,NY,ccouvetjg@myspace.com
702,Mathew Jonas,6140 Spohn Lane,11241,NY,mjonasjh@tinyurl.com
703,Ricard Blacklawe,86 Garrison Center,66622,KS,rblacklaweji@pinterest.com
704,Addison Moorman,7 Mockingbird Road,85210,AZ,amoormanjj@trellian.com
705,Abdel Entissle,99 Carey Lane,95298,CA,aentisslejk@fastcompany.com
706,Nissy Rickesies,3 Hagan Center,50330,IA,nrickesiesjl@indiatimes.com
707,Adelice Capsey,560 Calypso Plaza,49444,MI,acapseyjm@mysql.com
708,Thaxter MacCahee,49 Clyde Gallagher Place,02109,MA,tmaccaheejn@mysql.com
709,Ephrem Vuitton,629 Rusk Center,06825,CT,evuittonjo@ning.com
710,Yale Ivett,29104 Jenna Hill,99260,WA,yivettjp@artisteer.com
711,Carroll Brockherst,5 Norway Maple Center,78744,TX,cbrockherstjq@wikipedia.org
712,Helenelizabeth Warrier,9162 Lighthouse Bay Road,21239,MD,hwarrierjr@printfriendly.com
713,Chip Iannini,358 Corscot Drive,30130,GA,cianninijs@si.edu
714,Harriet Clavering,63138 Eagan Alley,61640,IL,hclaveringjt@livejournal.com
715,Marga O'Fogarty,00466 Farmco Court,91606,CA,mofogartyju@indiatimes.com
716,Cornelle Mirralls,7208 Marquette Pass,06510,CT,cmirrallsjv@yellowpages.com
717,Mirabel Persence,464 Ridge Oak Road,14639,NY,mpersencejw@nps.gov
718,Brooke Georgeau,271 2nd Pass,79491,TX,bgeorgeaujx@samsung.com
719,Hannis Lyst,541 Becker Road,30323,GA,hlystjy@nih.gov
720,Roderigo Fetteplace,039 School Drive,40225,KY,rfetteplacejz@upenn.edu
721,Khalil Coulthard,5293 Lunder Point,95852,CA,kcoulthardk0@si.edu
722,Brunhilda Kobiera,85 Northwestern Way,96845,HI,bkobierak1@hao123.com
723,Micky Fazzioli,59706 Lake View Crossing,37220,TN,mfazziolik2@cbsnews.com
724,Archie Vicar,30 Bartillon Junction,31296,GA,avicark3@cmu.edu
725,Ambros Robyns,25 Eastwood Drive,21203,MD,arobynsk4@g.co
726,Cletis Novis,28 International Alley,90076,CA,cnovisk5@ucsd.edu
727,Yoko Gossling,231 Dapin Pass,39210,MS,ygosslingk6@hubpages.com
728,Kat Ingarfield,52667 Warrior Parkway,47732,IN,kingarfieldk7@patch.com
729,Lee Turpie,87 Cordelia Alley,49510,MI,lturpiek8@odnoklassniki.ru
730,Zita Gercke,0975 Dahle Park,43635,OH,zgerckek9@google.com.br
731,Creight Benedtti,1 7th Way,85040,AZ,cbenedttika@live.com
732,Kare Seger,53 Tennessee Junction,80305,CO,ksegerkb@gizmodo.com
733,Red Gilliard,28 Nova Plaza,32868,FL,rgilliardkc@businessinsider.com
734,Blondelle Mottershead,9 Graedel Trail,77255,TX,bmottersheadkd@berkeley.edu
735,Ginger Linwood,54 Michigan Crossing,78210,TX,glinwoodke@gnu.org
736,Hy Kivelle,63 Village Point,77250,TX,hkivellekf@archive.org
737,Livvyy Friar,05964 Killdeer Way,93111,CA,lfriarkg@squidoo.com
738,Gilberta Fincham,3336 Helena Court,97255,OR,gfinchamkh@google.com
739,Karlee Ors,607 Fairfield Crossing,14205,NY,korski@stanford.edu
740,Karilynn Endon,14 Sloan Alley,14205,NY,kendonkj@exblog.jp
741,Morly Krimmer,41 Basil Hill,80255,CO,mkrimmerkk@ucoz.ru
742,Waldemar Thorsen,08 Hermina Drive,34282,FL,wthorsenkl@bbc.co.uk
743,Derrick Pipworth,73437 Golf Course Junction,14263,NY,dpipworthkm@themeforest.net
744,Elvina Gatecliffe,4 Onsgard Trail,35295,AL,egatecliffekn@samsung.com
745,Quill Tedahl,808 Rusk Parkway,77266,TX,qtedahlko@ox.ac.uk
746,Ezri Girardeau,23 Fremont Park,31210,GA,egirardeaukp@photobucket.com
747,Josie Luckie,01830 Lindbergh Crossing,73135,OK,jluckiekq@narod.ru
748,Lorne Braga,9 Carberry Street,60636,IL,lbragakr@wikipedia.org
749,Etheline Fairnington,65136 Jackson Avenue,21216,MD,efairningtonks@moonfruit.com
750,Glen Mottini,50 Packers Court,76905,TX,gmottinikt@desdev.cn
751,Sapphire Hyde,34353 High Crossing Plaza,38126,TN,shydeku@globo.com
752,Olwen Ciccoloi,7 Lakeland Place,55590,MN,ociccoloikv@eepurl.com
753,Adrian Mussotti,70 Lotheville Road,07305,NJ,amussottikw@nifty.com
754,Kellsie Youles,8304 Tomscot Place,40596,KY,kyouleskx@sbwire.com
755,Fleur Guarnier,61 Dapin Point,85205,AZ,fguarnierky@jiathis.com
756,Fleurette Matschke,1 West Plaza,60663,IL,fmatschkekz@whitehouse.gov
757,Demetria Glover,646 Florence Center,52245,IA,dgloverl0@netlog.com
758,Benetta Ickovici,1 Bobwhite Junction,99220,WA,bickovicil1@hexun.com
759,Freddie Comiam,14776 Warner Place,93386,CA,fcomiaml2@npr.org
760,Stacia Brittle,18 John Wall Drive,99252,WA,sbrittlel3@woothemes.com
761,Brander Volleth,25081 Hollow Ridge Terrace,37235,TN,bvollethl4@dot.gov
762,Willy Janc,7943 Randy Drive,76598,TX,wjancl5@imgur.com
763,Shari Moryson,96 7th Point,34135,FL,smorysonl6@nba.com
764,Jesselyn Heigl,66691 Katie Drive,77010,TX,jheigll7@craigslist.org
765,Minnaminnie Simkovitz,513 Schlimgen Place,92822,CA,msimkovitzl8@mashable.com
766,Marylynne Rowntree,0 Moose Center,84152,UT,mrowntreel9@angelfire.com
767,Courtney Learned,61208 Garrison Trail,06140,CT,clearnedla@time.com
768,Rodney Halliwell,24317 Myrtle Way,20425,DC,rhalliwelllb@studiopress.com
769,Ab Lacy,328 Talisman Junction,40591,KY,alacylc@google.ca
770,Iseabal Fantone,548 Troy Pass,80525,CO,ifantoneld@senate.gov
771,Cris McClarence,1906 5th Drive,80045,CO,cmcclarencele@umn.edu
772,Gayleen Eadon,81 Memorial Circle,06145,CT,geadonlf@soup.io
773,Muffin Terrelly,12485 Comanche Park,22217,VA,mterrellylg@blogtalkradio.com
774,Lynsey McClure,79 Shopko Point,64082,MO,lmcclurelh@tinypic.com
775,Rae Van Der Weedenburg,24 School Terrace,55598,MN,rvanli@shareasale.com
776,Erick Ivanshintsev,799 Debra Hill,98133,WA,eivanshintsevlj@amazon.de
777,Rudolph Flannery,578 Di Loreto Pass,96840,HI,rflannerylk@shareasale.com
778,Alica Copping,20 Linden Place,55436,MN,acoppingll@miibeian.gov.cn
779,Janice Maasze,8143 Cody Road,28410,NC,jmaaszelm@businesswire.com
780,Meyer Antoszczyk,67114 Lunder Road,98133,WA,mantoszczykln@dailymail.co.uk
781,Abbe Cutbush,5 Buell Pass,95219,CA,acutbushlo@latimes.com
782,Phedra Ackred,79 Muir Lane,14225,NY,packredlp@creativecommons.org
783,Reg Wyley,493 1st Plaza,32230,FL,rwyleylq@reuters.com
784,Berti McGiffin,944 Reindahl Way,95865,CA,bmcgiffinlr@cornell.edu
785,Xever Constantine,1399 Del Mar Trail,73190,OK,xconstantinels@geocities.com
786,Stacia Mathonnet,54139 Oak Valley Way,77070,TX,smathonnetlt@seesaa.net
787,Costa Grenkov,68 Forest Dale Street,34114,FL,cgrenkovlu@wired.com
788,Arlene Platt,306 Drewry Crossing,45296,OH,aplattlv@4shared.com
789,Jerry Thomasson,125 Goodland Street,95160,CA,jthomassonlw@weibo.com
790,Miguelita Radleigh,7108 Hoepker Avenue,89155,NV,mradleighlx@elpais.com
791,Ferdie Lafee,5 Hallows Road,92835,CA,flafeely@ask.com
792,Alix Nulty,3844 Heffernan Plaza,20580,DC,anultylz@nba.com
793,Barbey Harce,2866 Weeping Birch Way,44505,OH,bharcem0@wunderground.com
794,Melony Broadbere,9135 Eastwood Junction,92160,CA,mbroadberem1@army.mil
795,Gary Simison,87 Harper Junction,14225,NY,gsimisonm2@behance.net
796,Zebulon Atteridge,46 Lawn Place,20051,DC,zatteridgem3@ft.com
797,Joella Gernier,04 Dennis Park,92415,CA,jgernierm4@liveinternet.ru
798,Moina Trustram,4 Kinsman Plaza,06510,CT,mtrustramm5@yahoo.com
799,Ransell Sommerly,5658 Arkansas Crossing,20205,DC,rsommerlym6@github.io
800,Olivier McIlhatton,18 Stone Corner Lane,93726,CA,omcilhattonm7@dyndns.org
801,Georgette Syddon,3 Thierer Plaza,90810,CA,gsyddonm8@soup.io
802,Dorene Moorhouse,44 Petterle Terrace,33190,FL,dmoorhousem9@bluehost.com
803,Gustave Aitken,1 Corben Way,84152,UT,gaitkenma@shutterfly.com
804,Rivkah Murrell,72623 Rieder Terrace,15274,PA,rmurrellmb@amazonaws.com
805,Beverlee Giraudy,1968 Surrey Drive,76310,TX,bgiraudymc@mapquest.com
806,Bank Moorcroft,30576 Valley Edge Circle,59105,MT,bmoorcroftmd@netlog.com
807,Nial Durrad,610 Packers Trail,94544,CA,ndurradme@skyrock.com
808,Jewel Ineson,963 Monument Terrace,21229,MD,jinesonmf@ehow.com
809,Laney Candie,00 Almo Pass,93111,CA,lcandiemg@youtube.com
810,Zara Whiten,355 Thierer Parkway,65810,MO,zwhitenmh@wp.com
811,Arlana Pottiphar,86 Fairfield Point,21282,MD,apottipharmi@google.com.hk
812,Mayor Morphew,20313 3rd Plaza,53710,WI,mmorphewmj@cnn.com
813,Cathe Ayrs,866 Coleman Circle,91131,CA,cayrsmk@unesco.org
814,Guss Flintiff,20507 Prairieview Pass,08608,NJ,gflintiffml@devhub.com
815,Cindi Baxstar,06 Talmadge Alley,25716,WV,cbaxstarmm@jimdo.com
816,Ella Yakov,77841 Holmberg Trail,89036,NV,eyakovmn@indiatimes.com
817,Ezri Delmage,446 Lakeland Pass,12325,NY,edelmagemo@infoseek.co.jp
818,Joachim Louw,84 Gulseth Pass,35242,AL,jlouwmp@oakley.com
819,Jennilee Willmont,6 Derek Park,46278,IN,jwillmontmq@freewebs.com
820,Letty McCart,06481 Alpine Center,35254,AL,lmccartmr@fotki.com
821,Kalinda Stansbie,4606 Atwood Plaza,98405,WA,kstansbiems@people.com.cn
822,Hayward Kirkbride,26711 Roth Circle,08104,NJ,hkirkbridemt@wisc.edu
823,Marcellus Caines,165 Amoth Street,70187,LA,mcainesmu@auda.org.au
824,Frazer Limer,13544 Browning Court,12262,NY,flimermv@chicagotribune.com
825,Eveleen Buske,094 Browning Trail,20851,MD,ebuskemw@4shared.com
826,Clerissa Cooksley,41687 Haas Trail,23285,VA,ccooksleymx@wired.com
827,Andreana Kensley,72 Westport Hill,32244,FL,akensleymy@bloglines.com
828,Nollie Durtnell,285 Nobel Way,44555,OH,ndurtnellmz@i2i.jp
829,Scotti Danser,879 Dryden Crossing,80930,CO,sdansern0@nsw.gov.au
830,Winn Erridge,80861 Pawling Center,48098,MI,werridgen1@blogs.com
831,Thurstan Herkess,999 Schurz Court,89135,NV,therkessn2@state.gov
832,Johannes Airth,678 Dwight Avenue,32118,FL,jairthn3@photobucket.com
833,Biddie Eakle,72603 Lakewood Avenue,95405,CA,beaklen4@wordpress.com
834,Daisy Ruffell,6961 Dottie Alley,28235,NC,druffelln5@wordpress.org
835,Gearalt MacRonald,65009 Burning Wood Way,79984,TX,gmacronaldn6@nhs.uk
836,Lucille Greedy,303 New Castle Avenue,14683,NY,lgreedyn7@desdev.cn
837,Phylis Gantley,4 Dottie Junction,29625,SC,pgantleyn8@networksolutions.com
838,Maiga Abriani,340 Sunfield Street,95823,CA,mabrianin9@loc.gov
839,Kiley Teesdale,253 Crowley Plaza,37939,TN,kteesdalena@phpbb.com
840,Guntar Atterbury,4 North Alley,39282,MS,gatterburynb@fotki.com
841,Marchelle Haydon,07 Bonner Crossing,19115,PA,mhaydonnc@admin.ch
842,Greer Francesch,28861 Continental Plaza,25336,WV,gfranceschnd@hexun.com
843,Webb Ong,774 Roth Center,25321,WV,wongne@geocities.com
844,Thorstein Piens,1 Fisk Point,73109,OK,tpiensnf@sitemeter.com
845,Berkly Hargroves,5248 Forest Run Park,94042,CA,bhargrovesng@pen.io
846,Gaylene Giller,55402 Rutledge Crossing,80270,CO,ggillernh@tmall.com
847,Joell Paradine,463 Summerview Point,12222,NY,jparadineni@facebook.com
848,Ekaterina Matskiv,22776 Iowa Street,35225,AL,ematskivnj@ocn.ne.jp
849,Aldis Annable,9790 Dottie Parkway,37220,TN,aannablenk@upenn.edu
850,Kristopher Pasby,908 Quincy Parkway,35895,AL,kpasbynl@51.la
851,Dougy Maudsley,8020 Eliot Lane,76796,TX,dmaudsleynm@ovh.net
852,Clayton Binge,273 Mendota Circle,94660,CA,cbingenn@accuweather.com
853,Arleta Wesley,85835 Tennessee Hill,46226,IN,awesleyno@google.com
854,Brear Dmitrienko,244 Cambridge Point,20073,DC,bdmitrienkonp@goo.ne.jp
855,Costanza Bentsen,40 Charing Cross Road,52410,IA,cbentsennq@yolasite.com
856,Giacomo Trimmill,7 Nobel Lane,28278,NC,gtrimmillnr@reddit.com
857,Frasquito Stanley,0 Ronald Regan Crossing,93381,CA,fstanleyns@zdnet.com
858,Kinsley Klulicek,78985 Clarendon Trail,66205,KS,kkluliceknt@berkeley.edu
859,Godiva Barukh,5112 Sommers Crossing,91131,CA,gbarukhnu@paypal.com
860,Kirbee Taunton,951 Oneill Lane,19714,DE,ktauntonnv@ca.gov
861,Nicole Grayling,79771 Banding Circle,07522,NJ,ngraylingnw@wsj.com
862,Newton Welbeck,941 Comanche Drive,27690,NC,nwelbecknx@usatoday.com
863,Ruprecht Hunting,782 Buell Trail,92196,CA,rhuntingny@msn.com
864,Arlana Shevlane,97905 Kim Court,64130,MO,ashevlanenz@columbia.edu
865,Janos Welburn,2726 Hoepker Pass,45999,OH,jwelburno0@statcounter.com
866,Trista Marfell,27142 Ridge Oak Park,14276,NY,tmarfello1@cnbc.com
867,Gerome Tipple,206 Kings Trail,22205,VA,gtippleo2@cnn.com
868,Judah Sugge,69 Paget Place,33330,FL,jsuggeo3@marriott.com
869,Juliet Raynham,17800 Heffernan Point,19120,PA,jraynhamo4@canalblog.com
870,Umberto Bosher,9 Forest Dale Parkway,89012,NV,uboshero5@miitbeian.gov.cn
871,Berke Stirrip,4 Arkansas Crossing,45490,OH,bstirripo6@ezinearticles.com
872,Marinna Langstone,4 Center Avenue,48901,MI,mlangstoneo7@ycombinator.com
873,Kial Grestie,21 Roxbury Circle,71137,LA,kgrestieo8@purevolume.com
874,Mandel Samwell,7 Myrtle Parkway,20073,DC,msamwello9@prlog.org
875,Kristin Westell,252 Rockefeller Road,95150,CA,kwestelloa@jiathis.com
876,Tomi Bushaway,72655 Cherokee Parkway,30368,GA,tbushawayob@mayoclinic.com
877,Enos Shoosmith,7250 Weeping Birch Terrace,79769,TX,eshoosmithoc@google.ca
878,Pierrette Battelle,46845 Ruskin Court,14624,NY,pbattelleod@spiegel.de
879,Jerrold Artiss,1 6th Parkway,92165,CA,jartissoe@hp.com
880,Emilie Bader,94751 Prairie Rose Plaza,32277,FL,ebaderof@webs.com
881,Mag Johnes,83971 Reindahl Parkway,14683,NY,mjohnesog@taobao.com
882,Bambie Shuker,4 High Crossing Crossing,35263,AL,bshukeroh@weebly.com
883,Fabio Strase,47 Nevada Plaza,06673,CT,fstraseoi@washingtonpost.com
884,Worthy Kedge,8 Linden Lane,78475,TX,wkedgeoj@constantcontact.com
885,Garnet Brimilcome,52 Muir Lane,06127,CT,gbrimilcomeok@unc.edu
886,Kirby Ellershaw,8 Karstens Parkway,22093,VA,kellershawol@reverbnation.com
887,Vern Widocks,82927 Pearson Alley,22244,VA,vwidocksom@cafepress.com
888,Teodorico Fronsek,18661 Milwaukee Center,80005,CO,tfronsekon@fc2.com
889,Alyse Da Costa,0 Moose Drive,90005,CA,adaoo@webmd.com
890,Daphna Davidi,641 Northport Circle,10004,NY,ddavidiop@princeton.edu
891,Eduardo Easter,4 Lillian Avenue,90020,CA,eeasteroq@qq.com
892,Winnifred Puden,035 Macpherson Terrace,33180,FL,wpudenor@indiegogo.com
893,Jaquith Sedgeworth,95569 Talmadge Road,75353,TX,jsedgeworthos@upenn.edu
894,Kathye Westoll,7 Steensland Parkway,23509,VA,kwestollot@sogou.com
895,Vanya Slyne,106 Glacier Hill Pass,32819,FL,vslyneou@cornell.edu
896,Red Faber,16 Hooker Trail,64190,MO,rfaberov@hugedomains.com
897,Lenci Woodruffe,68 Heath Alley,76711,TX,lwoodruffeow@fema.gov
898,Misha Speariett,5 Birchwood Lane,30061,GA,mspeariettox@linkedin.com
899,Rosella Aronow,26 Oriole Point,35220,AL,raronowoy@github.io
900,Estella Simm,623 American Ash Center,28055,NC,esimmoz@scribd.com
901,Chaddie Pengilley,027 Amoth Avenue,33605,FL,cpengilleyp0@twitpic.com
902,Mil Champ,54489 Nancy Terrace,30092,GA,mchampp1@dailymail.co.uk
903,Lambert Tuckett,456 7th Lane,23208,VA,ltuckettp2@ibm.com
904,Thorpe Tubby,829 Dahle Plaza,32526,FL,ttubbyp3@weebly.com
905,Melinde O'Riordan,5 Calypso Place,27626,NC,moriordanp4@miibeian.gov.cn
906,Marianna Chinge de Hals,43 Manufacturers Trail,32885,FL,mchingep5@google.co.uk
907,Kittie Helsby,7802 Heffernan Street,80249,CO,khelsbyp6@squarespace.com
908,Jeramey Bloxsome,0939 Dwight Drive,79934,TX,jbloxsomep7@cisco.com
909,Corbin Woosnam,497 Bunker Hill Terrace,62756,IL,cwoosnamp8@wikia.com
910,Curran Tomasian,5775 Nevada Drive,24009,VA,ctomasianp9@goodreads.com
911,Brent Decaze,53 Sycamore Center,45454,OH,bdecazepa@psu.edu
912,Caitlin Blennerhassett,51 Corben Point,70124,LA,cblennerhassettpb@jugem.jp
913,L;urette Scalia,711 Evergreen Center,91117,CA,lscaliapc@spiegel.de
914,Cross Yong,1332 Portage Parkway,62776,IL,cyongpd@toplist.cz
915,Abey Frankcombe,42212 Stuart Terrace,96805,HI,afrankcombepe@geocities.jp
916,Toinette Renne,5770 Menomonie Trail,93907,CA,trennepf@cisco.com
917,Leticia Sabberton,30209 Oak Valley Hill,32825,FL,lsabbertonpg@rediff.com
918,Pammy Trytsman,0221 Sloan Hill,79928,TX,ptrytsmanph@psu.edu
919,Joey Woolland,5730 Erie Pass,34205,FL,jwoollandpi@kickstarter.com
920,Claudelle Ginnaly,0 Nelson Circle,79994,TX,cginnalypj@bigcartel.com
921,Wilhelmina Gyles,77490 Straubel Park,80005,CO,wgylespk@unblog.fr
922,Hans Lober,71206 Mariners Cove Alley,87190,NM,hloberpl@liveinternet.ru
923,Courtney Waywell,053 Leroy Way,87505,NM,cwaywellpm@last.fm
924,Traci Goodings,3839 Jenifer Trail,52410,IA,tgoodingspn@huffingtonpost.com
925,Everett Lainton,2 Nobel Hill,24004,VA,elaintonpo@tamu.edu
926,Blondelle Nan Carrow,48 Butterfield Avenue,02163,MA,bnanpp@yellowbook.com
927,Jonell Leagas,035 Elmside Crossing,79955,TX,jleagaspq@bbb.org
928,Francine Laybourn,04209 Dawn Circle,76129,TX,flaybournpr@jugem.jp
929,Elinore Vakhrushev,97 Gerald Pass,48092,MI,evakhrushevps@dion.ne.jp
930,Norri Mulhill,158 Green Ridge Place,29416,SC,nmulhillpt@sciencedirect.com
931,Mayor Dunlap,42504 Meadow Ridge Center,88589,TX,mdunlappu@icq.com
932,Yoshiko Vitet,488 Bartelt Lane,20599,DC,yvitetpv@oaic.gov.au
933,Cynthy Blees,6719 Declaration Court,94405,CA,cbleespw@cmu.edu
934,Vannie Ferminger,81134 Algoma Circle,46015,IN,vfermingerpx@addtoany.com
935,Morganica Stout,343 South Center,60435,IL,mstoutpy@prweb.com
936,Filberto Jenking,8211 Homewood Street,93762,CA,fjenkingpz@amazon.de
937,Kirsteni Zottoli,98 Mockingbird Circle,70149,LA,kzottoliq0@ustream.tv
938,Arleta Rosini,209 Old Gate Court,20397,DC,arosiniq1@com.com
939,Vinni McGarrie,63728 Drewry Parkway,93740,CA,vmcgarrieq2@addtoany.com
940,Moria Gwyn,9 Luster Alley,10175,NY,mgwynq3@e-recht24.de
941,Far Toulmin,5141 Commercial Parkway,99522,AK,ftoulminq4@ovh.net
942,Liz Nial,22665 Division Crossing,78405,TX,lnialq5@topsy.com
943,Cal Brauns,98320 North Parkway,11470,NY,cbraunsq6@tripadvisor.com
944,Fremont Perrycost,4 Autumn Leaf Center,47937,IN,fperrycostq7@bing.com
945,Helga Brunelli,62 Maple Plaza,61105,IL,hbrunelliq8@yahoo.co.jp
946,Phaedra Middlemist,7761 Village Avenue,94137,CA,pmiddlemistq9@networksolutions.com
947,Billie Laidlow,327 Rieder Way,77085,TX,blaidlowqa@seattletimes.com
948,Camey Dysart,628 Dryden Terrace,98166,WA,cdysartqb@businessinsider.com
949,Miof mela Libby,5859 Sloan Trail,43699,OH,mmelaqc@tuttocitta.it
950,Nonnah Showen,2 Prairie Rose Pass,11407,NY,nshowenqd@narod.ru
951,Abbi Fley,10414 6th Place,34949,FL,afleyqe@umn.edu
952,Justine Stanyland,42 Valley Edge Way,95397,CA,jstanylandqf@huffingtonpost.com
953,Isador Solon,8 Stang Street,85246,AZ,isolonqg@hubpages.com
954,Isabel Hubbucke,39175 Forster Park,55487,MN,ihubbuckeqh@guardian.co.uk
955,De witt Muxworthy,15 Northview Avenue,27404,NC,dwittqi@bizjournals.com
956,Caitlin Peres,7136 Village Court,96835,HI,cperesqj@unc.edu
957,Judie Callander,1 Almo Junction,27150,NC,jcallanderqk@latimes.com
958,Andy Robison,6 Logan Street,65898,MO,arobisonql@biblegateway.com
959,Laughton De Michele,50971 Mallard Center,94154,CA,ldeqm@army.mil
960,Meredith Tamburo,719 Loeprich Center,64504,MO,mtamburoqn@craigslist.org
961,Mart Gatrell,12572 Parkside Circle,60681,IL,mgatrellqo@canalblog.com
962,Ermengarde Beardshall,9538 Armistice Lane,55417,MN,ebeardshallqp@cnn.com
963,Goran Morhall,72006 Lawn Terrace,44118,OH,gmorhallqq@cbsnews.com
964,Corry Farloe,13069 Waywood Street,76129,TX,cfarloeqr@hugedomains.com
965,Ardelis Barday,12935 Pepper Wood Junction,35290,AL,abardayqs@cbsnews.com
966,Kerwin Shyre,7 Londonderry Drive,13210,NY,kshyreqt@simplemachines.org
967,Conn Lashford,456 Stephen Crossing,12232,NY,clashfordqu@blogtalkradio.com
968,Austina Stickins,94 Victoria Place,75241,TX,astickinsqv@joomla.org
969,Abbey Phebee,09 Luster Plaza,02119,MA,aphebeeqw@angelfire.com
970,Simon Jasik,799 Harbort Crossing,97216,OR,sjasikqx@ameblo.jp
971,Thaxter Forsard,73634 Grasskamp Point,20220,DC,tforsardqy@businesswire.com
972,Cozmo Sayers,1 Pepper Wood Avenue,53205,WI,csayersqz@4shared.com
973,Bret Liversley,56 Manitowish Parkway,33467,FL,bliversleyr0@acquirethisname.com
974,Callean Tromans,7 Muir Circle,76011,TX,ctromansr1@goo.gl
975,Bertine Scully,419 Stang Crossing,94207,CA,bscullyr2@java.com
976,Madonna Kembrey,7024 Jackson Lane,77240,TX,mkembreyr3@myspace.com
977,Nelli Abbey,9966 Sutteridge Place,92555,CA,nabbeyr4@free.fr
978,Stafani Gavigan,200 Veith Hill,52804,IA,sgaviganr5@ucoz.ru
979,Leonanie Silbert,4564 Nelson Hill,10310,NY,lsilbertr6@freewebs.com
980,Jobey Ruzicka,38 Barby Hill,43635,OH,jruzickar7@vinaora.com
981,Dillon Durnill,35 Aberg Park,92415,CA,ddurnillr8@pen.io
982,Cece Walkley,9061 Shoshone Pass,78682,TX,cwalkleyr9@hao123.com
983,Minerva Tregear,1 Farwell Plaza,80638,CO,mtregearra@alibaba.com
984,Alonzo Talby,0944 Southridge Junction,90076,CA,atalbyrb@photobucket.com
985,Raleigh MacRorie,63 Gale Court,38131,TN,rmacrorierc@about.me
986,Kerk Daingerfield,8266 Beilfuss Junction,19191,PA,kdaingerfieldrd@istockphoto.com
987,Lonnie Jurries,3 Dawn Avenue,47705,IN,ljurriesre@vistaprint.com
988,Devi Swaddle,874 Ronald Regan Court,78210,TX,dswaddlerf@google.com
989,Willard Mealiffe,30 Brickson Park Alley,27710,NC,wmealifferg@wordpress.org
990,Cori Cavozzi,960 Tennyson Point,75379,TX,ccavozzirh@about.com
991,Sam McBoyle,974 Shelley Plaza,66210,KS,smcboyleri@msu.edu
992,Joleen Grancher,89 Bartelt Lane,77040,TX,jgrancherrj@pbs.org
993,Carmita Vedyasov,63214 Moose Terrace,39705,MS,cvedyasovrk@nhs.uk
994,Marlo Leeb,9 Anniversary Trail,40745,KY,mleebrl@i2i.jp
995,Lon Van der Velde,8 Menomonie Lane,90610,CA,lvanrm@google.cn
996,Nedi Kilshaw,356 Tennessee Way,17140,PA,nkilshawrn@soup.io
997,Ram Ninnis,5304 Katie Way,27404,NC,rninnisro@salon.com
998,Analise Goodinge,07535 Northview Parkway,77493,TX,agoodingerp@sohu.com
999,Elfrieda Blackmuir,0554 Laurel Drive,03804,NH,eblackmuirrq@t-online.de
1000,Bartholomew McPeice,024 Melody Trail,45254,OH,bmcpeicerr@dmoz.org
