id,name,address,zipcode,state,email
1,Aluin Denerley,1 Northland Place,68117,NE,adenerley0@typepad.com
2,Kleon McKall,15 Prentice Lane,19191,PA,kmckall1@twitpic.com
3,Galen Bartosinski,4121 Monument Plaza,60674,IL,gbartosinski2@hao123.com
4,Virgie Cribbott,54 Farmco Drive,28305,NC,vcribbott3@bigcartel.com
5,Rodney Kieran,48363 Waywood Trail,32244,FL,rkieran4@yolasite.com
6,Cori Burbidge,70221 Chinook Way,70174,LA,cburbidge5@arstechnica.com
7,Mel Clarricoates,5 Crest Line Terrace,20420,DC,mclarricoates6@yahoo.com
8,Madelena Tordoff,48 Hermina Road,78215,TX,mtordoff7@quantcast.com
9,Felita Jorio,64736 Caliangt Road,22212,VA,fjorio8@4shared.com
10,Caty Skett,1428 Independence Trail,01114,MA,cskett9@yelp.com
11,Rowena Stubbe,05891 Autumn Leaf Plaza,27705,NC,rstubbea@microsoft.com
12,Marthena Maplethorp,56 Pawling Parkway,92835,CA,mmaplethorpb@businessinsider.com
13,Olia Swaddle,14 Huxley Street,48258,MI,oswaddlec@macromedia.com
14,Franky Sanzio,36 Birchwood Way,28815,NC,fsanziod@123-reg.co.uk
15,Marcellus Wind,25 Havey Trail,45249,OH,mwinde@twitter.com
16,Elfrida Fowlds,7 Oxford Street,95173,CA,efowldsf@arstechnica.com
17,Jonis Haken,69 Hanover Way,53210,WI,jhakeng@state.gov
18,Brady Mantrip,41322 Dovetail Pass,61640,IL,bmantriph@smh.com.au
19,Currie Iacobacci,203 Colorado Circle,80920,CO,ciacobaccii@statcounter.com
20,Sarine Grigoryev,722 Village Green Trail,30911,GA,sgrigoryevj@theguardian.com
21,Julissa Daykin,01 Center Parkway,70124,LA,jdaykink@stanford.edu
22,Maible Campe,9 Marcy Street,25709,WV,mcampel@scientificamerican.com
23,Lucius Lamminam,1 Moland Lane,19605,PA,llamminamm@foxnews.com
24,Lynde Colquit,26149 Autumn Leaf Way,33310,FL,lcolquitn@nih.gov
25,Lizbeth Stuffins,639 Summit Trail,06105,CT,lstuffinso@multiply.com
26,Kathrine Fencott,75 Clove Crossing,44760,OH,kfencottp@loc.gov
27,Luci Crowder,46231 Dennis Circle,35487,AL,lcrowderq@arizona.edu
28,Blondell Glenfield,498 Haas Court,61614,IL,bglenfieldr@google.de
29,Hirsch Cottom,91749 Oak Valley Plaza,14639,NY,hcottoms@china.com.cn
30,Danny Karolovsky,8276 Grayhawk Lane,15210,PA,dkarolovskyt@parallels.com
31,Rudolfo Leuren,8 Forest Dale Way,87105,NM,rleurenu@bravesites.com
32,Bart Vasishchev,40480 Victoria Way,31205,GA,bvasishchevv@jigsy.com
33,Lora Fenimore,5457 Bluestem Center,60646,IL,lfenimorew@biblegateway.com
34,Red Bott,078 Maple Center,66622,KS,rbottx@blinklist.com
35,Alonso Paniman,8243 Tennyson Pass,78415,TX,apanimany@typepad.com
36,Lacie Cottesford,577 Becker Plaza,41905,KY,lcottesfordz@ebay.co.uk
37,Alexia Standbrook,435 Shoshone Crossing,88589,TX,astandbrook10@163.com
38,Zia Budge,5 Kings Point,14624,NY,zbudge11@technorati.com
39,Thaddeus McNiven,1 Alpine Pass,10203,NY,tmcniven12@japanpost.jp
40,Garnette Hoble,792 Dennis Drive,93291,CA,ghoble13@about.com
41,Florette De Bruijn,703 Forest Trail,77212,TX,fde14@google.com.br
42,Jorgan Ambrose,35086 Northfield Hill,23612,VA,jambrose15@ted.com
43,Baxie Lindbergh,46566 Boyd Park,70593,LA,blindbergh16@foxnews.com
44,Leyla Bielfeld,50252 Surrey Alley,90510,CA,lbielfeld17@nih.gov
45,Tobe Eggleson,0 Scott Court,76598,TX,teggleson18@sitemeter.com
46,Kayne Linck,7 Hallows Alley,28278,NC,klinck19@cisco.com
47,Mollie Rizzardini,838 Dawn Place,23228,VA,mrizzardini1a@ihg.com
48,Eberhard Suddards,7 Melvin Parkway,19892,DE,esuddards1b@hud.gov
49,Reggie Fierman,92 Eliot Avenue,47812,IN,rfierman1c@noaa.gov
50,Colette Edger,98732 Summit Pass,93591,CA,cedger1d@topsy.com
51,Olvan Stears,06606 Grim Lane,94263,CA,ostears1e@youtube.com
52,Rowe Kliement,02 Farmco Crossing,36119,AL,rkliement1f@google.nl
53,Rahel Francello,83 Derek Plaza,93786,CA,rfrancello1g@com.com
54,Brian Charnick,632 Rowland Terrace,61105,IL,bcharnick1h@liveinternet.ru
55,Annabelle Klimowski,860 Kenwood Lane,10014,NY,aklimowski1i@earthlink.net
56,Franzen Checcuzzi,6637 Mockingbird Hill,32215,FL,fcheccuzzi1j@reuters.com
57,Rory Challiss,46 School Avenue,84409,UT,rchalliss1k@is.gd
58,Esther Dorian,1334 Kings Crossing,61709,IL,edorian1l@cbc.ca
59,Torey Voaden,30 Blue Bill Park Avenue,14614,NY,tvoaden1m@cdbaby.com
60,Coralie Everett,75931 Killdeer Avenue,48335,MI,ceverett1n@ifeng.com
61,Florian Wandrich,205 Crest Line Point,20456,DC,fwandrich1o@zimbio.com
62,Cassandra Klammt,8 West Way,93740,CA,cklammt1p@indiegogo.com
63,Amelie Gooms,2165 East Hill,93381,CA,agooms1q@blogtalkradio.com
64,Iona Raise,29475 Arizona Way,45999,OH,iraise1r@twitpic.com
65,Rosie Witherop,60 Weeping Birch Hill,95113,CA,rwitherop1s@google.com.au
66,Cori Soutar,6 Granby Place,13224,NY,csoutar1t@pcworld.com
67,Reggie Yitzovitz,6204 Hoard Way,92170,CA,ryitzovitz1u@usda.gov
68,Town Featherstonhaugh,23 Scofield Junction,20892,MD,tfeatherstonhaugh1v@lycos.com
69,Leia Blazi,1393 Marcy Park,78721,TX,lblazi1w@earthlink.net
70,Margo Skirrow,2 Anhalt Lane,23289,VA,mskirrow1x@youku.com
71,Ron Durning,77515 Grover Drive,70894,LA,rdurning1y@vkontakte.ru
72,Maryrose Loren,3 Brentwood Parkway,62525,IL,mloren1z@soundcloud.com
73,Harlin Merfin,4 Schiller Avenue,43666,OH,hmerfin20@ed.gov
74,Amalee Moulsdale,30693 Dixon Terrace,58122,ND,amoulsdale21@g.co
75,Sullivan Belliveau,7 Maple Wood Court,02283,MA,sbelliveau22@desdev.cn
76,Nevsa Ogilby,15895 Anthes Plaza,92822,CA,nogilby23@bloglovin.com
77,Barbie Van Zon,1 Cardinal Court,32215,FL,bvan24@discuz.net
78,Neila Golly,103 2nd Alley,78470,TX,ngolly25@csmonitor.com
79,Mildrid Oleszczak,4 Evergreen Lane,80045,CO,moleszczak26@kickstarter.com
80,Tabby Viggars,464 Comanche Way,59105,MT,tviggars27@pagesperso-orange.fr
81,Nealon Gerren,250 Stephen Lane,20414,DC,ngerren28@altervista.org
82,Eugine Greenier,0 Kedzie Crossing,75387,TX,egreenier29@xinhuanet.com
83,Holden Hane,573 Laurel Alley,13224,NY,hhane2a@npr.org
84,Philly Truin,79124 Scofield Drive,63150,MO,ptruin2b@g.co
85,Bridie Tripe,4832 Gulseth Court,96815,HI,btripe2c@unesco.org
86,Alex Janning,75 Karstens Crossing,35810,AL,ajanning2d@furl.net
87,Kaitlin Boyett,7339 Sloan Circle,45271,OH,kboyett2e@ovh.net
88,Ingram McSherry,7851 Nelson Place,37931,TN,imcsherry2f@nasa.gov
89,Donnie Gaudin,363 Arizona Place,06606,CT,dgaudin2g@baidu.com
90,Etheline Domokos,20 Sheridan Hill,14225,NY,edomokos2h@barnesandnoble.com
91,Lorilee Cathrae,4 Calypso Plaza,24503,VA,lcathrae2i@jalbum.net
92,Muire Zannelli,82 Donald Drive,90840,CA,mzannelli2j@state.tx.us
93,Karen Partener,17 Sachs Street,23220,VA,kpartener2k@nih.gov
94,Ursala McBride,0 Northwestern Way,34210,FL,umcbride2l@sogou.com
95,Tades Callway,387 Weeping Birch Place,80638,CO,tcallway2m@unicef.org
96,Sibeal Sharville,506 Ilene Lane,41905,KY,ssharville2n@sina.com.cn
97,Chet Biggins,9 Crescent Oaks Point,44111,OH,cbiggins2o@etsy.com
98,Merwyn Crickett,745 Carey Hill,92030,CA,mcrickett2p@fc2.com
99,Maire Mossom,50479 Spenser Hill,92612,CA,mmossom2q@blogspot.com
100,Fergus Jayme,48019 3rd Place,20036,DC,fjayme2r@mac.com
101,Gordy Haucke,50 Grasskamp Place,65805,MO,ghaucke2s@vk.com
102,Berte Spensly,005 Springview Plaza,37410,TN,bspensly2t@cisco.com
103,Regan Illing,3 Barnett Lane,92170,CA,rilling2u@gizmodo.com
104,Myrtice Morshead,8 Acker Alley,32590,FL,mmorshead2v@github.com
105,Raffaello Janaud,689 Northwestern Way,98417,WA,rjanaud2w@europa.eu
106,Gwendolin Piddick,5415 Erie Lane,92513,CA,gpiddick2x@twitpic.com
107,Stu Dickerline,36 Leroy Way,15906,PA,sdickerline2y@ehow.com
108,Harlen Guerreiro,441 Kenwood Alley,10310,NY,hguerreiro2z@lycos.com
109,Charlene Connew,59294 Stuart Way,60614,IL,cconnew30@i2i.jp
110,Ban Aucock,3 Warner Pass,77505,TX,baucock31@umn.edu
111,Elden Cloke,92 Bowman Lane,48211,MI,ecloke32@uiuc.edu
112,Glen Riseam,0 Summerview Terrace,91841,CA,griseam33@newyorker.com
113,Hadley Floweth,29535 La Follette Road,22119,VA,hfloweth34@yellowbook.com
114,Patricia Velez,18 Nancy Plaza,88553,TX,pvelez35@state.tx.us
115,Carlyle McGaughey,4989 Hansons Park,63169,MO,cmcgaughey36@wsj.com
116,Dyane McGall,484 Southridge Park,46857,IN,dmcgall37@nydailynews.com
117,Rodie Piwell,9850 Fairview Park,14646,NY,rpiwell38@alibaba.com
118,Maxi MacCallum,4 Hanson Drive,36134,AL,mmaccallum39@gravatar.com
119,Teodorico Stuckes,8 Mayfield Trail,41905,KY,tstuckes3a@oracle.com
120,Vi Conklin,19801 Bashford Hill,13205,NY,vconklin3b@shinystat.com
121,Shawn Andrioni,1 Eagan Park,15286,PA,sandrioni3c@wired.com
122,Wilone McGillivrie,69 Milwaukee Point,33075,FL,wmcgillivrie3d@comcast.net
123,Evangeline Steddall,22428 Prentice Street,10705,NY,esteddall3e@wikispaces.com
124,Gamaliel Archbutt,8 Talisman Plaza,45470,OH,garchbutt3f@abc.net.au
125,Saxe Sawers,146 Hoepker Drive,89155,NV,ssawers3g@craigslist.org
126,Leslie Nobriga,283 Chive Avenue,85710,AZ,lnobriga3h@oakley.com
127,Evy Glazier,946 David Point,92662,CA,eglazier3i@networkadvertising.org
128,Lorene Waylett,6 Kings Pass,79950,TX,lwaylett3j@wordpress.org
129,Ingeberg Dignam,1382 Hayes Crossing,50310,IA,idignam3k@vimeo.com
130,Nikolai Waterson,62 Ilene Plaza,32854,FL,nwaterson3l@plala.or.jp
131,Jody Lusher,5 Meadow Ridge Court,78235,TX,jlusher3m@feedburner.com
132,Andie Sawford,90 Jenna Pass,50347,IA,asawford3n@sourceforge.net
133,Sampson O'Brien,53503 Valley Edge Park,80204,CO,sobrien3o@feedburner.com
134,Ulla Gealy,92949 Green Ridge Street,20057,DC,ugealy3p@statcounter.com
135,Neall Munton,9777 Judy Court,19151,PA,nmunton3q@nydailynews.com
136,Janeczka Schankelborg,04708 Vernon Plaza,33169,FL,jschankelborg3r@dedecms.com
137,Brynne Laden,9 Declaration Park,02124,MA,bladen3s@de.vu
138,Bird Ferriby,04 Daystar Lane,29225,SC,bferriby3t@pen.io
139,Waverley Featonby,8 Upham Street,92115,CA,wfeatonby3u@taobao.com
140,Alonso Giraudeau,136 Anzinger Court,68510,NE,agiraudeau3v@last.fm
141,Bobinette O' Driscoll,762 Moland Court,71161,LA,bo3w@cmu.edu
142,Mufi Chinnick,8 Bashford Circle,36119,AL,mchinnick3x@usda.gov
143,Pall Lecointe,5 Manley Junction,76598,TX,plecointe3y@ehow.com
144,Brandon Backshell,3282 Kenwood Place,29240,SC,bbackshell3z@ucsd.edu
145,Lonnard Abramin,23847 Cordelia Circle,95210,CA,labramin40@prnewswire.com
146,Aurel Kapiloff,07624 Gulseth Lane,93786,CA,akapiloff41@cargocollective.com
147,Bartel O'Keeffe,27362 Banding Trail,96810,HI,bokeeffe42@washingtonpost.com
148,Camala Corley,900 Lyons Pass,54915,WI,ccorley43@fda.gov
149,Nikola Bilbey,56450 Autumn Leaf Center,20380,DC,nbilbey44@linkedin.com
150,Parke Dashkov,42 Sutherland Court,20299,DC,pdashkov45@wunderground.com
151,Tommie Cordero,89972 Di Loreto Park,20525,DC,tcordero46@clickbank.net
152,Emiline Pendergrast,949 Park Meadow Trail,27615,NC,ependergrast47@bloglines.com
153,Pamelina Shuxsmith,11 Walton Park,63169,MO,pshuxsmith48@alibaba.com
154,Mose Bugbee,9 Granby Terrace,92717,CA,mbugbee49@statcounter.com
155,Allix Norrie,0937 Cascade Park,33661,FL,anorrie4a@rambler.ru
156,Gabriel Dake,0 Pond Place,55436,MN,gdake4b@europa.eu
157,Seymour Risley,60392 Sachs Park,14619,NY,srisley4c@reference.com
158,Linnie Dorey,58 Red Cloud Drive,37250,TN,ldorey4d@bloomberg.com
159,Lavena Moutray Read,01572 Valley Edge Center,22184,VA,lmoutray4e@php.net
160,Jane Cristol,0 Mosinee Way,46231,IN,jcristol4f@merriam-webster.com
161,Drugi Ditts,46 Ramsey Pass,75507,TX,dditts4g@mtv.com
162,Gertrud Boichat,295 Gulseth Plaza,97286,OR,gboichat4h@dot.gov
163,Harriot Lampke,9570 Kedzie Alley,10090,NY,hlampke4i@ning.com
164,Lidia Lias,8966 Hermina Park,88530,TX,llias4j@nih.gov
165,Emeline Simoni,33 Gina Point,92725,CA,esimoni4k@noaa.gov
166,Gretna Jendrys,2257 Grover Pass,02109,MA,gjendrys4l@vinaora.com
167,Buckie Lendrem,61 Arrowood Place,67205,KS,blendrem4m@hubpages.com
168,Schuyler Binding,81 Merrick Hill,75205,TX,sbinding4n@xrea.com
169,Shayne Jiranek,38 Old Gate Point,01905,MA,sjiranek4o@google.it
170,Tynan Mitchenson,4 Ridge Oak Circle,75037,TX,tmitchenson4p@google.nl
171,Victor Walklett,4 Sunnyside Trail,29411,SC,vwalklett4q@addtoany.com
172,Cornelia Bassingham,833 Dottie Point,10705,NY,cbassingham4r@acquirethisname.com
173,Niles Montford,1785 Prairieview Terrace,78475,TX,nmontford4s@theguardian.com
174,Cassie Spridgen,098 Kings Avenue,80127,CO,cspridgen4t@bigcartel.com
175,Yardley Clutterham,8763 Farmco Crossing,89150,NV,yclutterham4u@forbes.com
176,Magnum Simeonov,72091 Dottie Center,62205,IL,msimeonov4v@mysql.com
177,Evonne Howel,8158 Main Court,44305,OH,ehowel4w@dedecms.com
178,Florian Faltin,70 Summer Ridge Pass,55551,MN,ffaltin4x@pagesperso-orange.fr
179,Sonia Jakubovicz,38 Alpine Junction,95405,CA,sjakubovicz4y@tamu.edu
180,Devina Witherbed,4241 Ruskin Drive,92160,CA,dwitherbed4z@yellowbook.com
181,Stuart Sharvell,494 Sutteridge Way,33763,FL,ssharvell50@devhub.com
182,Base Broomer,2 Prairieview Park,77245,TX,bbroomer51@wikispaces.com
183,Farrah Betonia,32 Dahle Center,92415,CA,fbetonia52@163.com
184,Kipp Standley,744 Ridge Oak Place,78415,TX,kstandley53@wufoo.com
185,Hebert Salvidge,67 Armistice Pass,92170,CA,hsalvidge54@sourceforge.net
186,Harmony Paskell,057 Mcguire Parkway,38168,TN,hpaskell55@icio.us
187,Leticia Lorie,25434 Golf Trail,94169,CA,llorie56@people.com.cn
188,Eveleen Forri,281 Eliot Street,19605,PA,eforri57@disqus.com
189,Germayne Martt,266 Pond Pass,71307,LA,gmartt58@barnesandnoble.com
190,Vincenty Antill,3118 Kipling Park,46239,IN,vantill59@ovh.net
191,Hiram Welton,55981 Crowley Plaza,77065,TX,hwelton5a@narod.ru
192,Joice Springham,48 David Alley,23520,VA,jspringham5b@wix.com
193,Donetta Collicott,99 Corben Hill,22070,VA,dcollicott5c@ted.com
194,Carey Bruin,38 Dixon Point,20420,DC,cbruin5d@oakley.com
195,La verne Commander,26354 Independence Road,98166,WA,lverne5e@berkeley.edu
196,Brenda Pridmore,27 Birchwood Center,43226,OH,bpridmore5f@smh.com.au
197,Robbie O'Hone,58272 Morningstar Parkway,19109,PA,rohone5g@scientificamerican.com
198,Adriaens Bexley,6 Talisman Park,91411,CA,abexley5h@ebay.com
199,Karee Catonnet,321 Ridge Oak Terrace,60691,IL,kcatonnet5i@sbwire.com
200,Loren Geekin,7407 Susan Plaza,94126,CA,lgeekin5j@sbwire.com
201,Celina Whapples,6342 Bay Circle,60674,IL,cwhapples5k@google.fr
202,Robert Roland,173 Buena Vista Lane,96835,HI,rroland5l@bravesites.com
203,Chelsea Josef,902 Rigney Trail,77343,TX,cjosef5m@seesaa.net
204,Julianne Graffin,248 Maryland Place,96805,HI,jgraffin5n@salon.com
205,Eleen Redwing,7204 Longview Pass,10310,NY,eredwing5o@columbia.edu
206,Lorrin Poyner,198 Sundown Avenue,32314,FL,lpoyner5p@shutterfly.com
207,Lily Roke,0 Golf View Way,55565,MN,lroke5q@sfgate.com
208,Celene Trowsdale,8358 Mayfield Center,55480,MN,ctrowsdale5r@mediafire.com
209,Austine Lafayette,0810 Surrey Place,48098,MI,alafayette5s@google.com.hk
210,Rosanna Carnoghan,19 Jana Way,12227,NY,rcarnoghan5t@springer.com
211,Lotte Judkin,61768 Donald Drive,93106,CA,ljudkin5u@eepurl.com
212,Carlen Hanford,3794 Heath Hill,90025,CA,chanford5v@dell.com
213,Ashly Stappard,92477 Warrior Park,32605,FL,astappard5w@hugedomains.com
214,Emyle Goucher,363 Carioca Crossing,46805,IN,egoucher5x@tripod.com
215,Elfie Coulman,10220 Chive Terrace,45238,OH,ecoulman5y@squidoo.com
216,Dionisio Ruddom,1 East Place,21211,MD,druddom5z@wisc.edu
217,Theo Hillitt,51580 Texas Parkway,14619,NY,thillitt60@psu.edu
218,Lucie Baylay,30 Schiller Junction,44720,OH,lbaylay61@facebook.com
219,Anstice Tyson,54107 Chinook Junction,28815,NC,atyson62@shop-pro.jp
220,Danit Gowling,19511 Barby Crossing,31132,GA,dgowling63@wisc.edu
221,Charlot Ruperto,8498 Northridge Circle,28405,NC,cruperto64@ehow.com
222,Marne Brigdale,140 Lakeland Way,33661,FL,mbrigdale65@bloglines.com
223,Bessie Chatell,89089 Prairie Rose Crossing,12237,NY,bchatell66@cargocollective.com
224,Ines Branigan,7 Forest Trail,60435,IL,ibranigan67@ovh.net
225,Donny Arghent,720 Sullivan Trail,32891,FL,darghent68@google.ca
226,Chaim Hanaby,721 Forest Run Plaza,90405,CA,chanaby69@networkadvertising.org
227,Walton Peasby,0 Hagan Parkway,78749,TX,wpeasby6a@imdb.com
228,Kipper Aronovitz,35465 Golf View Avenue,60636,IL,karonovitz6b@theglobeandmail.com
229,Arabele Alf,2 Lyons Place,34233,FL,aalf6c@kickstarter.com
230,Prudy Grigore,1164 Buell Parkway,20051,DC,pgrigore6d@twitpic.com
231,Faun Piele,6290 Vera Terrace,17605,PA,fpiele6e@rambler.ru
232,Bendix Pachta,5424 Cascade Road,99522,AK,bpachta6f@prnewswire.com
233,Octavia Docharty,475 Hoepker Terrace,28299,NC,odocharty6g@etsy.com
234,Maritsa Ziebart,83 Redwing Alley,10305,NY,mziebart6h@cmu.edu
235,Tana Vaan,0953 Nelson Crossing,90605,CA,tvaan6i@goodreads.com
236,Peria Lattey,5426 Main Crossing,66286,KS,plattey6j@360.cn
237,Shanie Ollington,016 Bowman Court,33325,FL,sollington6k@1688.com
238,Mallorie Cluckie,3971 Express Alley,14276,NY,mcluckie6l@networkadvertising.org
239,Crysta Mattiato,79 Delaware Avenue,96805,HI,cmattiato6m@bravesites.com
240,Guendolen Cochran,4 Fair Oaks Circle,33605,FL,gcochran6n@wordpress.org
241,Alphard Waddington,212 Badeau Lane,95823,CA,awaddington6o@pagesperso-orange.fr
242,Slade Slatter,851 Schlimgen Center,38161,TN,sslatter6p@prweb.com
243,Katrine Mulcaster,3 Bunting Drive,22070,VA,kmulcaster6q@yahoo.co.jp
244,Evered Rieflin,6445 Kensington Road,15261,PA,erieflin6r@facebook.com
245,Francesca Mowatt,00 Di Loreto Crossing,10633,NY,fmowatt6s@youku.com
246,Emilee Yu,312 Springs Avenue,94263,CA,eyu6t@nps.gov
247,Goldy Bletso,95307 Pine View Parkway,64199,MO,gbletso6u@list-manage.com
248,Si McVaugh,50 Grover Hill,92170,CA,smcvaugh6v@example.com
249,Northrup Whitlam,65035 Kedzie Avenue,39204,MS,nwhitlam6w@jalbum.net
250,Aldwin Wardroper,10042 Fallview Drive,66210,KS,awardroper6x@ning.com
251,Wilfrid Huortic,34 Myrtle Terrace,98464,WA,whuortic6y@purevolume.com
252,Danni Bogie,819 Ridge Oak Lane,02305,MA,dbogie6z@uol.com.br
253,Neils Sterzaker,5 2nd Point,97286,OR,nsterzaker70@addtoany.com
254,Denna Piddletown,3709 Service Parkway,89120,NV,dpiddletown71@answers.com
255,Fonzie Rickaby,78 Karstens Trail,94257,CA,frickaby72@sbwire.com
256,Tallia Mewrcik,55666 Myrtle Terrace,21229,MD,tmewrcik73@blogger.com
257,Lethia Gitting,2984 Manley Center,71130,LA,lgitting74@mapquest.com
258,Rudolph Kaubisch,17 Ohio Hill,46825,IN,rkaubisch75@technorati.com
259,Nelle Livermore,147 Mallard Terrace,80150,CO,nlivermore76@webeden.co.uk
260,Padraig Middle,73314 Nevada Circle,28247,NC,pmiddle77@prlog.org
261,Shell Battey,7576 Tennessee Terrace,64125,MO,sbattey78@163.com
262,Holmes Franceschi,030 Columbus Drive,04109,ME,hfranceschi79@ehow.com
263,Osbert Wooland,85 Merchant Hill,95973,CA,owooland7a@rediff.com
264,Jourdain Ghiroldi,3 Dixon Junction,63131,MO,jghiroldi7b@umich.edu
265,Vivien Stout,796 Coleman Plaza,55487,MN,vstout7c@nasa.gov
266,Lilly Pietrzak,651 Mitchell Terrace,20851,MD,lpietrzak7d@networkadvertising.org
267,Tibold Kinvan,566 Bultman Drive,65805,MO,tkinvan7e@multiply.com
268,Rossy Palfreeman,9 Mallard Circle,31914,GA,rpalfreeman7f@multiply.com
269,Denise Yashanov,6 Thierer Lane,46266,IN,dyashanov7g@howstuffworks.com
270,Keelby Chewter,74871 Holmberg Crossing,95397,CA,kchewter7h@huffingtonpost.com
271,Darin Klaas,5 Express Center,20430,DC,dklaas7i@lycos.com
272,Thalia Addenbrooke,53 Eagle Crest Road,46202,IN,taddenbrooke7j@spotify.com
273,Eddie Vella,042 Memorial Drive,84115,UT,evella7k@cnbc.com
274,Berk Hoyes,87 Novick Crossing,92405,CA,bhoyes7l@imageshack.us
275,Carree Bramont,9418 Lukken Way,43605,OH,cbramont7m@hud.gov
276,Trisha Fancourt,2 Alpine Plaza,22313,VA,tfancourt7n@ucoz.com
277,Sergio Pillifant,70 Brickson Park Point,27605,NC,spillifant7o@yahoo.com
278,Shandra Pammenter,67418 Calypso Road,92132,CA,spammenter7p@technorati.com
279,Berkly Bleakley,5189 La Follette Drive,23208,VA,bbleakley7q@amazon.com
280,Gilbertina Lanney,64 Elmside Trail,33620,FL,glanney7r@gmpg.org
281,Vale Riddeough,9 Erie Hill,13251,NY,vriddeough7s@trellian.com
282,Kiah Jobbing,9061 Karstens Lane,27105,NC,kjobbing7t@nba.com
283,Mae Spraberry,3481 Loeprich Court,53215,WI,mspraberry7u@answers.com
284,Ignaz Aleksashin,436 Reindahl Park,77075,TX,ialeksashin7v@who.int
285,Stewart Barnes,50517 Hauk Avenue,23293,VA,sbarnes7w@ifeng.com
286,Udale Beaven,71 Sullivan Way,73173,OK,ubeaven7x@webeden.co.uk
287,Tiena Axton,317 Valley Edge Crossing,45213,OH,taxton7y@wordpress.com
288,Devina Scotchmur,14669 Manitowish Hill,79705,TX,dscotchmur7z@bloglovin.com
289,Cart Guinane,31 Orin Trail,33355,FL,cguinane80@wikispaces.com
290,Letty Leyban,5 4th Place,01610,MA,lleyban81@sun.com
291,Delcine Armes,17983 Del Sol Junction,30610,GA,darmes82@behance.net
292,Padgett Knoles,49531 Beilfuss Terrace,06721,CT,pknoles83@zdnet.com
293,Marlowe Wilcot,03 Eagle Crest Street,79171,TX,mwilcot84@youtu.be
294,Sheridan Giannazzo,32 La Follette Avenue,77080,TX,sgiannazzo85@bluehost.com
295,Willi Treadgall,3023 Ridge Oak Point,33028,FL,wtreadgall86@umn.edu
296,Karalynn Brehault,82 Pleasure Court,92176,CA,kbrehault87@360.cn
297,Norine Axston,15572 Spenser Drive,76178,TX,naxston88@npr.org
298,Mureil Silverson,14 Elgar Plaza,34282,FL,msilverson89@washingtonpost.com
299,Patrica Breawood,32664 Anderson Terrace,49444,MI,pbreawood8a@ucoz.ru
300,Harlene Botha,732 Merrick Place,47705,IN,hbotha8b@hubpages.com
301,Rakel Goymer,51 Kingsford Lane,39236,MS,rgoymer8c@army.mil
302,Cathrin Handford,025 Bonner Circle,40524,KY,chandford8d@ted.com
303,Kerrie Shearn,33 Michigan Place,76544,TX,kshearn8e@mac.com
304,Tabina Jindra,3 Dennis Avenue,60652,IL,tjindra8f@t-online.de
305,Raynell Baillie,966 Thompson Terrace,20414,DC,rbaillie8g@upenn.edu
306,Towny Beushaw,2 Golf Course Alley,34665,FL,tbeushaw8h@hatena.ne.jp
307,Brinn Gillcrist,8791 Pennsylvania Parkway,17110,PA,bgillcrist8i@example.com
308,Ronica Evershed,02537 Green Center,77281,TX,revershed8j@people.com.cn
309,Hamish Pescud,5452 Clemons Place,15266,PA,hpescud8k@sun.com
310,Everard Gounot,996 Vera Drive,57188,SD,egounot8l@java.com
311,Paolo Glader,18010 Sachs Court,20551,DC,pglader8m@timesonline.co.uk
312,Isiahi McPhelimey,3 8th Place,34474,FL,imcphelimey8n@nasa.gov
313,Graeme Mayhou,8 Barnett Plaza,93773,CA,gmayhou8o@twitter.com
314,Kristyn Spuffard,2 Meadow Vale Terrace,37245,TN,kspuffard8p@comsenz.com
315,Bella MacCall,791 Coleman Court,11054,NY,bmaccall8q@wisc.edu
316,Garry Robbings,13440 Westend Crossing,48901,MI,grobbings8r@behance.net
317,Lyon Chrisp,69009 Melby Terrace,71137,LA,lchrisp8s@wikispaces.com
318,Cortney Glencorse,47 Mandrake Alley,37205,TN,cglencorse8t@cbc.ca
319,Even Peal,9 Sherman Avenue,97216,OR,epeal8u@forbes.com
320,Fredek Fosbraey,23640 Maywood Court,72231,AR,ffosbraey8v@istockphoto.com
321,Reinhard Murrells,3 Menomonie Trail,23225,VA,rmurrells8w@state.gov
322,Nathalie Theml,9 Fallview Road,63158,MO,ntheml8x@sbwire.com
323,Kesley Knapman,4320 Continental Point,02458,MA,kknapman8y@sina.com.cn
324,Charlton Jarman,7 Morning Center,13251,NY,cjarman8z@wikia.com
325,Todd Sherston,04184 Pine View Way,98442,WA,tsherston90@amazonaws.com
326,Beck Stairmand,8 Fallview Pass,14604,NY,bstairmand91@cbc.ca
327,Doro Summerskill,614 Mcbride Crossing,27425,NC,dsummerskill92@bandcamp.com
328,Myranda Godilington,75 Ryan Plaza,73167,OK,mgodilington93@webeden.co.uk
329,Lamont Valance,57 Melvin Avenue,55114,MN,lvalance94@fema.gov
330,Mada Dory,79 Stephen Plaza,23520,VA,mdory95@unc.edu
331,Bartlet Winscom,6111 Green Ridge Pass,80223,CO,bwinscom96@google.com.au
332,Madelena Thurlow,00612 Crest Line Point,39505,MS,mthurlow97@acquirethisname.com
333,Mellicent Havill,49 Bonner Crossing,48206,MI,mhavill98@wordpress.org
334,Diane-marie Fossett,58 Thierer Circle,79705,TX,dfossett99@eepurl.com
335,Cole Beamiss,3890 Hovde Place,33915,FL,cbeamiss9a@cbsnews.com
336,Odille Stairs,8723 Tennessee Point,97206,OR,ostairs9b@house.gov
337,Nettle Bullers,2 Bunker Hill Circle,95813,CA,nbullers9c@sciencedirect.com
338,Tallou Ribbens,73 Crowley Alley,06721,CT,tribbens9d@mysql.com
339,Meredith Petticrow,3856 Sheridan Drive,27110,NC,mpetticrow9e@weibo.com
340,Vivian Quade,60975 Summerview Drive,73157,OK,vquade9f@nifty.com
341,Fidela Laurencot,6 Erie Center,33731,FL,flaurencot9g@seesaa.net
342,Belle Coxhell,8 Oak Way,19136,PA,bcoxhell9h@networkadvertising.org
343,Suzette Wakes,914 Heffernan Place,91841,CA,swakes9i@mapy.cz
344,Leonidas Overel,5 Park Meadow Place,20067,DC,loverel9j@ycombinator.com
345,Pacorro MacCartan,89 Transport Crossing,01610,MA,pmaccartan9k@cornell.edu
346,Van Chessell,9642 Prairieview Court,91131,CA,vchessell9l@howstuffworks.com
347,Erna Christmas,71761 Butterfield Hill,94705,CA,echristmas9m@amazon.co.jp
348,Delia Auletta,70503 Fremont Pass,20910,MD,dauletta9n@google.com.br
349,Oran Semper,63704 Green Lane,10184,NY,osemper9o@prnewswire.com
350,Rachelle Minelli,09 Golden Leaf Point,79928,TX,rminelli9p@usgs.gov
351,Laurianne Morrell,71778 Loeprich Lane,36622,AL,lmorrell9q@slate.com
352,Perkin Brampton,7114 Shasta Street,66642,KS,pbrampton9r@dell.com
353,Margret Baptiste,73166 Jackson Avenue,28289,NC,mbaptiste9s@github.io
354,Sharlene Greenaway,8662 Fulton Circle,94169,CA,sgreenaway9t@studiopress.com
355,Wendy Tenwick,69704 Derek Road,23289,VA,wtenwick9u@mapy.cz
356,Alejandra Carbin,0398 Division Center,80126,CO,acarbin9v@smh.com.au
357,Remy Althorp,78919 Barnett Drive,80995,CO,ralthorp9w@drupal.org
358,Delmer Kiefer,246 Blue Bill Park Road,46278,IN,dkiefer9x@bloglovin.com
359,Valina Leyre,6 Moose Point,60435,IL,vleyre9y@europa.eu
360,Esther Britee,8 Lighthouse Bay Place,45254,OH,ebritee9z@yellowbook.com
361,Faunie Sides,72288 Express Park,61651,IL,fsidesa0@mozilla.com
362,Marlene Dunthorn,443 Elka Park,20046,DC,mdunthorna1@soundcloud.com
363,Eugenio Lampard,79620 Marquette Place,98682,WA,elamparda2@ebay.co.uk
364,Edward Caff,5 Manufacturers Hill,44321,OH,ecaffa3@flavors.me
365,Lesley Prowting,6256 Ruskin Center,70894,LA,lprowtinga4@geocities.jp
366,Lara Havercroft,05 Wayridge Center,22036,VA,lhavercrofta5@liveinternet.ru
367,Odilia Cundey,8 Stone Corner Avenue,45218,OH,ocundeya6@earthlink.net
368,Jeffy Lamperd,4550 Carioca Place,78710,TX,jlamperda7@japanpost.jp
369,Natasha Folk,8375 Corben Place,90840,CA,nfolka8@digg.com
370,Kessiah Nolli,8 Monterey Pass,98206,WA,knollia9@shop-pro.jp
371,Marten Bellham,50 Nancy Plaza,53234,WI,mbellhamaa@aboutads.info
372,Harlan Rasper,27 Manitowish Drive,94291,CA,hrasperab@lulu.com
373,Almira Cullingford,06017 Shasta Terrace,10125,NY,acullingfordac@china.com.cn
374,Gipsy Mac Giolla Pheadair,2 Dwight Street,30092,GA,gmacad@ycombinator.com
375,Merv Plum,1942 North Court,33737,FL,mplumae@yellowpages.com
376,Sallee Blare,5 Loftsgordon Trail,37995,TN,sblareaf@rediff.com
377,Clay Dorrell,56 Forest Trail,20535,DC,cdorrellag@prweb.com
378,Zacharie Littlefair,4750 Ronald Regan Road,40225,KY,zlittlefairah@smh.com.au
379,Lacey McPhillimey,29 Melby Park,46216,IN,lmcphillimeyai@livejournal.com
380,Filmer Cloney,408 Scofield Circle,72222,AR,fcloneyaj@123-reg.co.uk
381,Orlan Cornelius,678 Crowley Plaza,67220,KS,ocorneliusak@go.com
382,Constantine Ivakhno,2208 Eastwood Street,79769,TX,civakhnoal@gnu.org
383,Ramona Camble,418 Pawling Point,84115,UT,rcambleam@soup.io
384,Lexis Baumann,31 Farragut Alley,94089,CA,lbaumannan@zdnet.com
385,Leann Mullis,7 Dayton Way,80299,CO,lmullisao@biglobe.ne.jp
386,Chelsea Lewson,33 Havey Lane,34985,FL,clewsonap@sbwire.com
387,Erasmus Greenier,29145 Mandrake Avenue,60691,IL,egreenieraq@npr.org
388,Dennet Swaby,35 Anthes Way,20036,DC,dswabyar@w3.org
389,Giraldo Sarch,086 Hayes Trail,93715,CA,gsarchas@newsvine.com
390,Theodora Riddles,6 Division Point,10045,NY,triddlesat@whitehouse.gov
391,Llewellyn De Roeck,4449 Bay Park,26505,WV,ldeau@newyorker.com
392,Kristy Dunkley,71899 Michigan Lane,94237,CA,kdunkleyav@hibu.com
393,Hartley Klimaszewski,5 Erie Point,78230,TX,hklimaszewskiaw@weibo.com
394,Gertie Jugging,47 Darwin Crossing,77505,TX,gjuggingax@earthlink.net
395,Glori Rehor,1 Cambridge Hill,97312,OR,grehoray@prnewswire.com
396,Ddene Kinghorn,4 Arkansas Hill,63131,MO,dkinghornaz@chronoengine.com
397,Olav Bento,98 Duke Street,37410,TN,obentob0@google.co.uk
398,Waiter Benne,7 Swallow Point,67230,KS,wbenneb1@bloglines.com
399,Hilary De L'Isle,45818 Mallard Plaza,33543,FL,hdeb2@google.fr
400,Tommie Usher,8394 Tomscot Road,95150,CA,tusherb3@ovh.net
401,Yalonda Hazelby,30983 Hansons Parkway,28815,NC,yhazelbyb4@fda.gov
402,Gavrielle Kerner,25 Delladonna Park,47937,IN,gkernerb5@illinois.edu
403,Kincaid Struijs,6385 Miller Road,48919,MI,kstruijsb6@123-reg.co.uk
404,Melodie Van der Brug,67 Scoville Pass,64136,MO,mvanb7@bigcartel.com
405,Cherey Probbin,62 Thackeray Point,01105,MA,cprobbinb8@g.co
406,Layla Brunet,118 Kennedy Court,90510,CA,lbrunetb9@youku.com
407,Kara-lynn Van de Vlies,5247 Dayton Center,75605,TX,kvanba@ft.com
408,Ravid McKeighen,1 Gerald Court,40287,KY,rmckeighenbb@mayoclinic.com
409,Stefan Rodenburg,92 Beilfuss Trail,33336,FL,srodenburgbc@auda.org.au
410,Jordan Boncore,48 Superior Crossing,12247,NY,jboncorebd@pinterest.com
411,Teodora Macieja,2314 Garrison Terrace,48604,MI,tmaciejabe@liveinternet.ru
412,Vikki Yakovitch,513 Superior Pass,48098,MI,vyakovitchbf@squidoo.com
413,Morty Sidey,723 Kedzie Point,33185,FL,msideybg@flickr.com
414,Johann Attwoul,2947 Laurel Crossing,17405,PA,jattwoulbh@hexun.com
415,Fernando Lemmanbie,81 Fordem Place,27610,NC,flemmanbiebi@freewebs.com
416,Bax Prahm,3 Shopko Street,30911,GA,bprahmbj@abc.net.au
417,Hector MacSharry,685 Schiller Hill,61709,IL,hmacsharrybk@ebay.co.uk
418,Essa Harmstone,752 Bonner Point,85246,AZ,eharmstonebl@ted.com
419,Shani Dongall,324 Randy Court,22903,VA,sdongallbm@thetimes.co.uk
420,Bengt Deesly,6494 Brown Lane,34108,FL,bdeeslybn@nasa.gov
421,Jilli Borrel,2882 American Ash Circle,53220,WI,jborrelbo@archive.org
422,Caleb Tidbury,02949 Mosinee Park,33448,FL,ctidburybp@dropbox.com
423,Weston Trencher,0 Buell Alley,94042,CA,wtrencherbq@cmu.edu
424,Madalena Ambrosch,9515 Rutledge Road,33169,FL,mambroschbr@wikia.com
425,Earlie Bownd,247 Mccormick Parkway,89510,NV,ebowndbs@dedecms.com
426,Hillier Batisse,27504 Donald Parkway,92555,CA,hbatissebt@google.ru
427,Trescha Conneau,0 Kings Lane,53710,WI,tconneaubu@seattletimes.com
428,Peggy Mutimer,58059 Dayton Place,89115,NV,pmutimerbv@arizona.edu
429,Tabor Jowsey,4 Hoard Way,93786,CA,tjowseybw@ehow.com
430,James Prangle,94 Walton Avenue,53710,WI,jpranglebx@thetimes.co.uk
431,Christopher Charlotte,1 Drewry Pass,33064,FL,ccharlotteby@bravesites.com
432,Felipe Scattergood,82156 Vidon Drive,23436,VA,fscattergoodbz@buzzfeed.com
433,Armand Struys,57 Myrtle Place,18505,PA,astruysc0@comcast.net
434,Lucky Genders,88149 Alpine Avenue,75037,TX,lgendersc1@tumblr.com
435,Obed Bissill,79 Dawn Street,75221,TX,obissillc2@npr.org
436,Wenda Rabat,0 Bellgrove Pass,77070,TX,wrabatc3@blogtalkradio.com
437,Faun Paver,38 Sullivan Hill,50362,IA,fpaverc4@google.de
438,Raynell Simounet,6 Larry Park,63131,MO,rsimounetc5@opera.com
439,Kirsten Milkins,4534 Artisan Center,10260,NY,kmilkinsc6@boston.com
440,Gertrud Body,80 Morning Center,46805,IN,gbodyc7@home.pl
441,Elsworth Wathen,16 Cardinal Point,88541,TX,ewathenc8@freewebs.com
442,Vevay O'Hingerty,5 High Crossing Avenue,37131,TN,vohingertyc9@hao123.com
443,Jessamyn Dumbare,872 Drewry Crossing,48211,MI,jdumbareca@fastcompany.com
444,Gwenni Beynke,0503 Gale Road,20215,DC,gbeynkecb@hostgator.com
445,Cyrille Addinall,3 Hovde Trail,46266,IN,caddinallcc@360.cn
446,Hyacinthie Ruggiero,6 Elka Center,28284,NC,hruggierocd@bloglines.com
447,Shirley Hayton,064 1st Circle,85737,AZ,shaytonce@imdb.com
448,Aksel Delion,9 Macpherson Parkway,17121,PA,adelioncf@noaa.gov
449,Katie Ebertz,997 Clemons Circle,60078,IL,kebertzcg@furl.net
450,Thacher Morten,32 Pawling Crossing,21229,MD,tmortench@instagram.com
451,Timothee Callaghan,454 Service Park,10459,NY,tcallaghanci@trellian.com
452,Calv Cerie,52 Prairie Rose Parkway,48076,MI,cceriecj@wordpress.org
453,Carena Maplethorpe,38 Bobwhite Alley,94622,CA,cmaplethorpeck@msu.edu
454,Gillian Quenby,3 3rd Road,78235,TX,gquenbycl@ted.com
455,Luce Drugan,393 Cordelia Place,62776,IL,ldrugancm@toplist.cz
456,Inna Findlow,1557 Caliangt Street,25775,WV,ifindlowcn@cyberchimps.com
457,Seward Anthon,25 Hazelcrest Alley,90398,CA,santhonco@drupal.org
458,Binky Rubega,6 Schiller Drive,95133,CA,brubegacp@latimes.com
459,Terrie McGettrick,2 Eagle Crest Pass,43610,OH,tmcgettrickcq@bloomberg.com
460,Catharine Sulman,7192 Packers Center,02109,MA,csulmancr@elegantthemes.com
461,Nicky Guyton,566 Cottonwood Lane,10249,NY,nguytoncs@canalblog.com
462,Alisha McKevin,0451 Linden Pass,75287,TX,amckevinct@pagesperso-orange.fr
463,Thorn Dy,770 Cody Avenue,28247,NC,tdycu@census.gov
464,Drona Kembry,2633 Jenifer Circle,25705,WV,dkembrycv@delicious.com
465,Joni Bullent,772 Dapin Plaza,88535,TX,jbullentcw@altervista.org
466,Thedric Ryce,067 Nelson Plaza,47747,IN,trycecx@psu.edu
467,Teena Petican,658 Hermina Park,75251,TX,tpeticancy@phoca.cz
468,Carlota Follacaro,49 Portage Way,44118,OH,cfollacarocz@squidoo.com
469,Killian Persey,92394 Sommers Street,55115,MN,kperseyd0@yolasite.com
470,Jessalin Macken,4 Kim Lane,24009,VA,jmackend1@flickr.com
471,Leroi Windybank,7664 Farmco Alley,96815,HI,lwindybankd2@home.pl
472,Friedrich Hablet,044 Cottonwood Center,85040,AZ,fhabletd3@plala.or.jp
473,Ileana Faill,90349 Petterle Street,75387,TX,ifailld4@aboutads.info
474,Eran Curling,82981 Raven Place,98682,WA,ecurlingd5@google.com
475,Kirby Calender,56 4th Terrace,20051,DC,kcalenderd6@wisc.edu
476,Geno Brackenbury,19 Stuart Point,40581,KY,gbrackenburyd7@digg.com
477,Gerry Broggelli,813 Bunker Hill Crossing,92645,CA,gbroggellid8@ca.gov
478,Jamison Goakes,69316 Cottonwood Crossing,80328,CO,jgoakesd9@xing.com
479,Jocko Clift,563 Corry Trail,19184,PA,jcliftda@nba.com
480,Teresina Southwick,0 Michigan Avenue,19892,DE,tsouthwickdb@guardian.co.uk
481,Bernadine Ogley,35570 Main Avenue,83732,ID,bogleydc@hexun.com
482,Rodney Pointer,336 Northwestern Junction,17110,PA,rpointerdd@ifeng.com
483,Norrie Houselee,0486 Carey Pass,80925,CO,nhouseleede@friendfeed.com
484,Yvor Titcom,81153 Darwin Junction,75216,TX,ytitcomdf@spiegel.de
485,Ezechiel Leathe,09720 Ludington Street,12262,NY,eleathedg@usa.gov
486,Adam Autie,6960 Barby Pass,80015,CO,aautiedh@diigo.com
487,Lezley Vidler,562 Westport Court,20337,DC,lvidlerdi@gravatar.com
488,Odell Gremane,083 Reinke Circle,20508,DC,ogremanedj@tamu.edu
489,Kippy Speedin,2 Kinsman Place,38197,TN,kspeedindk@mozilla.com
490,Lynna Pyner,599 Artisan Road,20816,MD,lpynerdl@nih.gov
491,Ange MacGragh,630 Logan Hill,33961,FL,amacgraghdm@amazon.co.jp
492,Annamarie Gayther,092 Crowley Lane,70810,LA,agaytherdn@telegraph.co.uk
493,Amalita Dimmick,1 Superior Parkway,33416,FL,adimmickdo@whitehouse.gov
494,Gabe Shakesby,6189 Gerald Alley,49518,MI,gshakesbydp@bbc.co.uk
495,Frederic Lax,1181 Milwaukee Plaza,60641,IL,flaxdq@eepurl.com
496,Oberon Helversen,0438 Fallview Trail,92191,CA,ohelversendr@msu.edu
497,Dorella Grocock,62716 Menomonie Park,78475,TX,dgrocockds@nhs.uk
498,Queenie O'Carney,49 Corscot Trail,96850,HI,qocarneydt@timesonline.co.uk
499,Maddy Caldairou,0 Messerschmidt Terrace,25356,WV,mcaldairoudu@is.gd
500,Ingeberg Alenov,56702 Pepper Wood Place,94605,CA,ialenovdv@eventbrite.com
501,Elane Kittley,6 Nobel Park,92648,CA,ekittleydw@jigsy.com
502,Quillan Adamson,84083 Montana Way,44105,OH,qadamsondx@google.ca
503,Grannie Doddemeede,5132 Amoth Court,77080,TX,gdoddemeededy@bing.com
504,Clayson Renn,0 David Terrace,20067,DC,crenndz@businesswire.com
505,Darnall Scrine,660 6th Crossing,31605,GA,dscrinee0@reddit.com
506,Isador Canty,746 Russell Way,73135,OK,icantye1@photobucket.com
507,Octavia Sharram,30 Dayton Center,80150,CO,osharrame2@examiner.com
508,Velvet Narrie,64 Upham Hill,98008,WA,vnarriee3@newyorker.com
509,Egan Toppes,6 Lawn Point,33715,FL,etoppese4@engadget.com
510,Colman Satterlee,728 Harbort Road,89130,NV,csatterleee5@webmd.com
511,Munroe Hanbury-Brown,014 Bobwhite Park,66220,KS,mhanburybrowne6@oracle.com
512,Gae Briar,3 Hintze Alley,99522,AK,gbriare7@example.com
513,Phillip Carbert,19127 Anderson Lane,72916,AR,pcarberte8@fc2.com
514,Margarette Swindley,2458 Forster Crossing,79415,TX,mswindleye9@gov.uk
515,Brod Brooks,3604 Mallard Park,27615,NC,bbrooksea@psu.edu
516,Edward Syred,288 Cherokee Terrace,38114,TN,esyredeb@over-blog.com
517,Gerta Yurov,36 Shelley Park,31405,GA,gyurovec@barnesandnoble.com
518,Doroteya Tring,71 Dayton Road,89519,NV,dtringed@yellowbook.com
519,Arel Doding,8504 Twin Pines Park,77554,TX,adodingee@taobao.com
520,Van Grimestone,81818 Maple Wood Junction,01905,MA,vgrimestoneef@chron.com
521,Bartram Cockarill,3198 Dennis Center,33777,FL,bcockarilleg@si.edu
522,Flori Sanbrook,31832 Maywood Point,32941,FL,fsanbrookeh@barnesandnoble.com
523,Mable Treadger,707 Fordem Park,89706,NV,mtreadgerei@mashable.com
524,Olav Lauritzen,22626 Pierstorff Way,02216,MA,olauritzenej@bigcartel.com
525,Kylie Rickwood,932 Holy Cross Street,94405,CA,krickwoodek@google.com.br
526,Ricardo Cowhig,984 Dennis Way,66606,KS,rcowhigel@huffingtonpost.com
527,Easter Jacobovitz,380 Blue Bill Park Junction,25770,WV,ejacobovitzem@prnewswire.com
528,Felice Pettman,0806 Eastwood Court,44485,OH,fpettmanen@kickstarter.com
529,Reamonn Tremoille,9 Mayer Street,84145,UT,rtremoilleeo@umich.edu
530,Sibelle Ormesher,1309 Corben Parkway,40298,KY,sormesherep@yelp.com
531,Ag Merveille,1 Vahlen Park,84135,UT,amerveilleeq@hatena.ne.jp
532,Jervis Freeborne,734 Summit Center,98424,WA,jfreeborneer@shinystat.com
533,Almeria Dewicke,262 Center Avenue,79994,TX,adewickees@hhs.gov
534,Ford Pinxton,0 Lerdahl Alley,32244,FL,fpinxtonet@mapy.cz
535,Lesya Vasiltsov,21 Pine View Avenue,63116,MO,lvasiltsoveu@walmart.com
536,Clarance Laugharne,12137 Valley Edge Pass,70894,LA,claugharneev@patch.com
537,Niles Sharphouse,36 Grover Avenue,81015,CO,nsharphouseew@de.vu
538,Finn Lagne,4 Pennsylvania Way,71307,LA,flagneex@etsy.com
539,Marsiella Witsey,007 Melody Crossing,70142,LA,mwitseyey@oaic.gov.au
540,Gratiana Penk,42578 Utah Drive,33330,FL,gpenkez@mayoclinic.com
541,Arlan Finnan,5486 Armistice Center,11407,NY,afinnanf0@squarespace.com
542,Carlin Lahrs,1 Stoughton Way,48076,MI,clahrsf1@unicef.org
543,Annabal Gerb,176 Schlimgen Alley,77080,TX,agerbf2@sfgate.com
544,Isidor Stainbridge,1 Stephen Drive,90510,CA,istainbridgef3@nbcnews.com
545,Kendell Smy,36 Farragut Road,80638,CO,ksmyf4@gmpg.org
546,Laney Done,231 Roth Circle,77228,TX,ldonef5@google.ca
547,Daryn Littledike,777 Katie Parkway,99512,AK,dlittledikef6@bloglines.com
548,James Rasor,9 Leroy Lane,22070,VA,jrasorf7@va.gov
549,Brandea Edmeads,7317 High Crossing Point,85705,AZ,bedmeadsf8@list-manage.com
550,Tamera Abthorpe,7 Northridge Court,32215,FL,tabthorpef9@economist.com
551,Griff Haberjam,13 Grim Avenue,55448,MN,ghaberjamfa@ehow.com
552,Kent Paudin,9 Golden Leaf Drive,81005,CO,kpaudinfb@bbc.co.uk
553,Aleta Lazenby,16 Corry Trail,31904,GA,alazenbyfc@myspace.com
554,Farris Ummfrey,64894 Hintze Trail,60681,IL,fummfreyfd@prlog.org
555,Gayla Northing,307 Schmedeman Avenue,53210,WI,gnorthingfe@weibo.com
556,Husein Starmont,425 Pond Way,48242,MI,hstarmontff@google.ca
557,Lavina Gotthard.sf,235 Old Gate Lane,10275,NY,lgotthardsffg@blog.com
558,Berkeley Vitet,2 Grover Court,27710,NC,bvitetfh@1und1.de
559,Kean Klug,4063 Pearson Parkway,39404,MS,kklugfi@imdb.com
560,Ellerey Tittletross,15278 John Wall Way,90030,CA,etittletrossfj@360.cn
561,Sherm Portt,954 Holy Cross Circle,98121,WA,sporttfk@nhs.uk
562,Nigel Lyst,7 Sunfield Crossing,70116,LA,nlystfl@sourceforge.net
563,Terrence Stoate,972 Hoard Pass,20409,DC,tstoatefm@chron.com
564,Noellyn Van Baaren,0 Marquette Park,50347,IA,nvanfn@omniture.com
565,Lanie Creswell,3 Fairfield Center,57105,SD,lcreswellfo@netlog.com
566,Zarla Kwietak,66437 Everett Parkway,71137,LA,zkwietakfp@cisco.com
567,Anita Mensler,533 Eagle Crest Plaza,20088,DC,amenslerfq@geocities.com
568,Hendrick Jarry,2 Rusk Pass,29240,SC,hjarryfr@archive.org
569,Danyelle Marval,723 Hayes Park,20046,DC,dmarvalfs@unesco.org
570,Albina Alps,147 Springs Court,88525,TX,aalpsft@wikipedia.org
571,Trescha Cud,9 Rigney Place,47737,IN,tcudfu@eepurl.com
572,Silvan Aliberti,30783 Bartelt Avenue,44511,OH,salibertifv@lycos.com
573,Phil Gammet,8 Gale Hill,20029,DC,pgammetfw@cnbc.com
574,Conn Leversuch,21604 Northview Alley,95173,CA,cleversuchfx@networksolutions.com
575,Cathrine Smorthwaite,7736 Longview Point,78744,TX,csmorthwaitefy@sbwire.com
576,Deanne Rudwell,5 Bunting Pass,22908,VA,drudwellfz@edublogs.org
577,Julissa Pearle,45263 Mayfield Junction,07112,NJ,jpearleg0@unc.edu
578,Mal Bugge,4 Kenwood Road,37995,TN,mbuggeg1@weather.com
579,Ashla Southey,65 Katie Junction,63126,MO,asoutheyg2@dropbox.com
580,Jacqui Coard,9 Algoma Parkway,08608,NJ,jcoardg3@virginia.edu
581,Ike Currier,706 Fallview Circle,86305,AZ,icurrierg4@zdnet.com
582,Sidonia Cristofaro,0 Ludington Place,80044,CO,scristofarog5@wisc.edu
583,Denise Banbrigge,72 Dorton Terrace,37919,TN,dbanbriggeg6@census.gov
584,Melodie McErlaine,96812 Reindahl Point,95828,CA,mmcerlaineg7@usgs.gov
585,Faith Clever,92171 Maple Drive,23605,VA,fcleverg8@rakuten.co.jp
586,Demetria Blaszczyk,2 Spenser Place,79769,TX,dblaszczykg9@quantcast.com
587,Mortimer Couch,8 Division Trail,88006,NM,mcouchga@live.com
588,Melony Krysztofowicz,735 Kipling Terrace,88525,TX,mkrysztofowiczgb@posterous.com
589,Pedro Rump,31 Briar Crest Court,76796,TX,prumpgc@vimeo.com
590,Dacia Dioniso,9492 Killdeer Hill,37914,TN,ddionisogd@census.gov
591,Vanna Gownge,483 School Parkway,22070,VA,vgowngege@goodreads.com
592,Vicky Keywood,66786 Rutledge Terrace,93111,CA,vkeywoodgf@ebay.com
593,Wiatt Borg-Bartolo,4 Shopko Circle,22234,VA,wborgbartologg@mapquest.com
594,Chauncey Ducket,7 Birchwood Center,60636,IL,cducketgh@jalbum.net
595,Chad Walasik,40 Vahlen Circle,21275,MD,cwalasikgi@surveymonkey.com
596,Normie Purvis,2 Eastwood Hill,44760,OH,npurvisgj@spiegel.de
597,Olav Corton,44 Moulton Point,76198,TX,ocortongk@posterous.com
598,Byron Kingerby,03468 Melody Parkway,54305,WI,bkingerbygl@jugem.jp
599,Naoma Chaloner,9126 Mesta Avenue,35244,AL,nchalonergm@mapquest.com
600,Hal Chesnut,1 Northland Lane,80217,CO,hchesnutgn@goo.gl
601,Gael Zmitrovich,71 Scott Point,44321,OH,gzmitrovichgo@dot.gov
602,Aubrie Dell Casa,3 Swallow Avenue,50393,IA,adellgp@barnesandnoble.com
603,Ericha Allcoat,9 Pearson Court,22225,VA,eallcoatgq@about.com
604,Devy Tomsu,392 Del Mar Circle,90094,CA,dtomsugr@bbb.org
605,Wildon Joskovitch,07667 Magdeline Park,02162,MA,wjoskovitchgs@youku.com
606,Jethro Blanpein,9 Menomonie Point,02298,MA,jblanpeingt@tinypic.com
607,Alain Eefting,2519 Kensington Circle,93399,CA,aeeftinggu@disqus.com
608,Odette Halms,336 Morningstar Circle,23668,VA,ohalmsgv@rakuten.co.jp
609,Bibbye Caesmans,5 Westridge Point,33158,FL,bcaesmansgw@senate.gov
610,Eamon Sego,0 Brickson Park Junction,46216,IN,esegogx@ameblo.jp
611,Allie Hopkins,9603 Riverside Circle,20719,MD,ahopkinsgy@alibaba.com
612,Vachel Gonthier,72 Porter Lane,75044,TX,vgonthiergz@nsw.gov.au
613,Patrice Roisen,09 Fremont Junction,35895,AL,proisenh0@unblog.fr
614,Barry Billyard,9 Golden Leaf Court,45218,OH,bbillyardh1@earthlink.net
615,Arman Rown,248 Bluejay Avenue,20709,MD,arownh2@theatlantic.com
616,Lily Cainey,8582 Porter Crossing,62711,IL,lcaineyh3@ning.com
617,Phillipe Kennler,7496 Magdeline Trail,28272,NC,pkennlerh4@seattletimes.com
618,Sherri Sissot,471 Springview Lane,39296,MS,ssissoth5@wsj.com
619,Linea Yurlov,129 Lakewood Circle,77206,TX,lyurlovh6@sohu.com
620,Gale Freake,76 Homewood Court,92415,CA,gfreakeh7@cbsnews.com
621,Verna Demanche,4 Eliot Alley,40546,KY,vdemancheh8@moonfruit.com
622,Eugine Megany,13 Dottie Junction,60078,IL,emeganyh9@salon.com
623,Almira Hewes,2293 International Lane,95219,CA,ahewesha@abc.net.au
624,Alexa Ransfield,2 Eastlawn Hill,20404,DC,aransfieldhb@princeton.edu
625,Olav Doley,101 Blue Bill Park Street,33129,FL,odoleyhc@ow.ly
626,Gwenny Antonoczyk,2 Cottonwood Trail,14609,NY,gantonoczykhd@vk.com
627,Roxana Bassano,03199 Thackeray Plaza,20904,MD,rbassanohe@blogger.com
628,Morgen Ganiford,437 Barby Point,61605,IL,mganifordhf@wikipedia.org
629,Desirae Gillet,01023 Mayfield Court,07208,NJ,dgillethg@yellowpages.com
630,Robbi Beininck,3 Bashford Trail,66611,KS,rbeininckhh@toplist.cz
631,Scarface Kippen,8036 Warner Parkway,11054,NY,skippenhi@reuters.com
632,Dietrich Huke,691 Mayer Junction,77705,TX,dhukehj@ted.com
633,Leon Kilban,38 Badeau Way,53263,WI,lkilbanhk@blogspot.com
634,Kirk Labeuil,9129 Truax Alley,78715,TX,klabeuilhl@eventbrite.com
635,Granthem Whiskin,8507 Fair Oaks Pass,63196,MO,gwhiskinhm@mozilla.org
636,Ferdinanda Dutt,571 Lillian Way,78682,TX,fdutthn@zdnet.com
637,Kendricks Southworth,69394 Pankratz Avenue,59112,MT,ksouthworthho@bluehost.com
638,Paige Beardwell,58972 Hauk Road,73114,OK,pbeardwellhp@baidu.com
639,Stewart Walewicz,3323 Mcbride Court,33499,FL,swalewiczhq@friendfeed.com
640,Dar Wybrew,9895 Columbus Center,94705,CA,dwybrewhr@example.com
641,Dael Gaisford,01 Kenwood Court,77025,TX,dgaisfordhs@instagram.com
642,Roshelle Brandom,8638 Anniversary Avenue,77025,TX,rbrandomht@lycos.com
643,Petronella Seacroft,572 Autumn Leaf Plaza,76210,TX,pseacrofthu@shop-pro.jp
644,Aloysia Emons,1 Springview Trail,53215,WI,aemonshv@cbc.ca
645,Con Annell,7752 Lakewood Gardens Lane,22225,VA,cannellhw@scribd.com
646,Doe Dressel,2 Tennyson Street,25389,WV,ddresselhx@nature.com
647,Olva Sperski,9 Lien Road,19605,PA,osperskihy@mapquest.com
648,Corine Kinsell,43 Valley Edge Alley,55590,MN,ckinsellhz@seattletimes.com
649,Guido Beekman,20 Daystar Trail,10160,NY,gbeekmani0@cisco.com
650,Darcy Howel,81 Mccormick Hill,94605,CA,dhoweli1@yandex.ru
651,Nicholas Whyke,5236 Jay Lane,34135,FL,nwhykei2@is.gd
652,Amy Sleigh,22 Spaight Street,80217,CO,asleighi3@merriam-webster.com
653,Russ Krzyzaniak,79 Mariners Cove Terrace,28242,NC,rkrzyzaniaki4@topsy.com
654,Vita Crowdy,16 Macpherson Plaza,30380,GA,vcrowdyi5@slate.com
655,Di Negri,02 Elmside Lane,43610,OH,dnegrii6@chicagotribune.com
656,Quintin Jancso,07 Ohio Crossing,91125,CA,qjancsoi7@liveinternet.ru
657,Darryl Scad,855 Calypso Circle,64109,MO,dscadi8@nymag.com
658,Georgi Langthorne,9 Lotheville Way,32244,FL,glangthornei9@photobucket.com
659,Leeland Sawer,149 Ryan Center,85205,AZ,lsaweria@comsenz.com
660,Carol Levane,2 Mifflin Plaza,96850,HI,clevaneib@irs.gov
661,Theresina Molloy,1384 Lakewood Gardens Point,20430,DC,tmolloyic@npr.org
662,Jackquelin Wyd,3 Meadow Ridge Street,34642,FL,jwydid@answers.com
663,Lelia Cownden,4226 Sullivan Point,74193,OK,lcowndenie@multiply.com
664,Concettina Stripling,9 Scoville Drive,66606,KS,cstriplingif@ucoz.com
665,Clywd Lording,873 Mandrake Hill,93704,CA,clordingig@hao123.com
666,Elfreda Rustich,233 Grover Road,92717,CA,erustichih@de.vu
667,Theresa Spittall,483 Johnson Circle,29610,SC,tspittallii@chron.com
668,Skip Morillas,27 Beilfuss Place,98664,WA,smorillasij@barnesandnoble.com
669,Desmund Garrood,0645 Holy Cross Place,77346,TX,dgarroodik@cbsnews.com
670,Rurik Alldridge,8 6th Alley,68124,NE,ralldridgeil@cisco.com
671,Nevile Alstead,7 Crest Line Avenue,37215,TN,nalsteadim@ow.ly
672,Gasparo Worner,41100 John Wall Street,20051,DC,gwornerin@gizmodo.com
673,Davine Grouen,76 Mccormick Street,92056,CA,dgrouenio@businessinsider.com
674,Earvin O'Doohaine,988 Pond Lane,70593,LA,eodoohaineip@biblegateway.com
675,Efren Clinkard,0 Pine View Pass,10184,NY,eclinkardiq@nhs.uk
676,Leoine Perrigo,90 Atwood Hill,25716,WV,lperrigoir@weebly.com
677,Reginald Pinor,1 Porter Drive,12247,NY,rpinoris@alexa.com
678,Abelard Gotcher,2777 Elka Plaza,15255,PA,agotcherit@scientificamerican.com
679,Dorella Uglow,74 Almo Center,14215,NY,duglowiu@stanford.edu
680,Fawne Karys,37982 Sundown Court,11044,NY,fkarysiv@columbia.edu
681,Zola O'Ruane,11572 Service Street,32225,FL,zoruaneiw@ifeng.com
682,Elyn Harpur,73 Scott Hill,93305,CA,eharpurix@comcast.net
683,Abbey Voelker,7017 Northport Parkway,48505,MI,avoelkeriy@ovh.net
684,Michele Masedon,514 Waxwing Road,30311,GA,mmasedoniz@surveymonkey.com
685,Noah Kindred,9 Loomis Place,40225,KY,nkindredj0@dailymotion.com
686,Jessica Barczynski,26 Westport Center,25336,WV,jbarczynskij1@csmonitor.com
687,Josie Ashcroft,97 Bobwhite Alley,94263,CA,jashcroftj2@ftc.gov
688,Gib Saker,57818 Claremont Lane,46216,IN,gsakerj3@house.gov
689,Ivy Lines,9 Dexter Terrace,44191,OH,ilinesj4@51.la
690,Raquela Marritt,6 Autumn Leaf Terrace,27455,NC,rmarrittj5@fda.gov
691,Marleen Francioli,2313 Moulton Road,64187,MO,mfranciolij6@nyu.edu
692,Baryram Blaiklock,6 Crownhardt Crossing,33610,FL,bblaiklockj7@istockphoto.com
693,Town Elfe,3 Delaware Circle,31136,GA,telfej8@weebly.com
694,Sebastiano MacIlhargy,966 Kingsford Lane,10469,NY,smacilhargyj9@wired.com
695,Sharyl Hobbert,3247 Chive Alley,57198,SD,shobbertja@nsw.gov.au
696,Kaile Dewing,7736 Crest Line Alley,95118,CA,kdewingjb@nba.com
697,Joshuah Leinster,40641 Kingsford Way,46207,IN,jleinsterjc@shinystat.com
698,Harrison Kasperski,92350 Eagle Crest Hill,97232,OR,hkasperskijd@ucsd.edu
699,Leonanie Hakonsson,47 Atwood Street,33615,FL,lhakonssonje@gravatar.com
700,Mellie Coulson,6 Cambridge Way,20575,DC,mcoulsonjf@princeton.edu
701,Giulio Fullager,22 Delladonna Road,73114,OK,gfullagerjg@w3.org
702,Louis Rolston,40529 Oakridge Hill,99790,AK,lrolstonjh@pcworld.com
703,Dona Bluck,1 Lunder Pass,39705,MS,dbluckji@ca.gov
704,Florette Aucoate,8515 Dixon Plaza,92862,CA,faucoatejj@myspace.com
705,Jillie Hayford,18564 Ohio Pass,90398,CA,jhayfordjk@xrea.com
706,Curtis Geertsen,376 Almo Center,06854,CT,cgeertsenjl@spiegel.de
707,Lenard Filipson,962 Larry Pass,32964,FL,lfilipsonjm@clickbank.net
708,Teddy Platt,444 Artisan Hill,20904,MD,tplattjn@illinois.edu
709,Jewelle McCathie,905 Fremont Pass,07522,NJ,jmccathiejo@msn.com
710,Tedmund Holborn,434 Tennyson Center,15220,PA,tholbornjp@vimeo.com
711,Adrien Bradie,8 Sycamore Drive,46857,IN,abradiejq@hatena.ne.jp
712,Rouvin Lewnden,448 Sugar Park,32803,FL,rlewndenjr@usatoday.com
713,Sheilakathryn Smoughton,740 Nancy Alley,79955,TX,ssmoughtonjs@blinklist.com
714,Spike Petrasch,571 Cascade Terrace,66160,KS,spetraschjt@hud.gov
715,Simmonds Jirus,2 Ridgeview Terrace,93291,CA,sjirusju@tmall.com
716,Thorndike McGinn,0019 Eagan Pass,93106,CA,tmcginnjv@webnode.com
717,Doyle Toffolo,7811 Shelley Center,94273,CA,dtoffolojw@amazon.co.jp
718,Bethanne Girtin,05944 Stone Corner Crossing,92513,CA,bgirtinjx@is.gd
719,Birgit St. Hill,72 Eagle Crest Park,46266,IN,bstjy@google.co.jp
720,Deanna Norster,4 Oak Valley Way,70616,LA,dnorsterjz@yelp.com
721,Kahaleel Richards,294 Homewood Circle,06105,CT,krichardsk0@blog.com
722,Clim Shuker,599 Di Loreto Circle,37235,TN,cshukerk1@tamu.edu
723,Vinny Dossettor,79929 Maple Wood Circle,17126,PA,vdossettork2@vimeo.com
724,Chase Cranny,676 Ohio Center,02745,MA,ccrannyk3@trellian.com
725,Crin Chaters,0391 Sutherland Drive,90065,CA,cchatersk4@de.vu
726,Madelyn Boule,61 Morning Plaza,57110,SD,mboulek5@hhs.gov
727,Lynda Sommerled,85 Park Meadow Trail,97216,OR,lsommerledk6@jugem.jp
728,Kym Olczak,6 Elgar Place,13251,NY,kolczakk7@blog.com
729,Adelle Latliff,42 Summer Ridge Trail,08603,NJ,alatliffk8@wiley.com
730,Teresita Ferby,00 Stephen Trail,32204,FL,tferbyk9@about.com
731,Bernadene Isitt,3482 Burning Wood Road,50393,IA,bisittka@usda.gov
732,Quent Grcic,88846 Kennedy Point,20404,DC,qgrcickb@icio.us
733,Eli Verrillo,6 Vidon Parkway,79188,TX,everrillokc@msu.edu
734,Gigi Le Claire,927 Cardinal Park,02458,MA,glekd@tinyurl.com
735,Paxon Lemary,11418 Packers Center,75710,TX,plemaryke@wix.com
736,Damian Wixey,13267 Ilene Hill,98166,WA,dwixeykf@google.de
737,Aryn McCluskey,631 Bay Center,33742,FL,amccluskeykg@delicious.com
738,Isa Bewsey,00 Stang Crossing,14225,NY,ibewseykh@telegraph.co.uk
739,Dun Loddy,0091 Fuller Drive,20238,DC,dloddyki@webmd.com
740,Vasili Parzizek,3 Delladonna Plaza,12305,NY,vparzizekkj@360.cn
741,Sherman Ozelton,6437 Victoria Avenue,25336,WV,sozeltonkk@about.me
742,Charlene Caldecutt,24 Bonner Road,77212,TX,ccaldecuttkl@wikia.com
743,Marwin Blackston,46545 Mayfield Terrace,53234,WI,mblackstonkm@newsvine.com
744,Egor Clampe,737 Forest Dale Court,18505,PA,eclampekn@gmpg.org
745,Ewen Huckel,640 Banding Terrace,02912,RI,ehuckelko@tinyurl.com
746,Marcos Sysland,3 Monument Lane,74156,OK,msyslandkp@meetup.com
747,Jonis Kiessel,370 Dorton Crossing,20425,DC,jkiesselkq@aol.com
748,Mikel Fox,1 Miller Park,02405,MA,mfoxkr@delicious.com
749,Fredelia Sends,59448 School Pass,98109,WA,fsendsks@tiny.cc
750,Northrop Breewood,34 Memorial Avenue,62764,IL,nbreewoodkt@posterous.com
751,Berky Althrop,5881 Swallow Point,07310,NJ,balthropku@patch.com
752,Zackariah Barson,63 Graedel Parkway,75062,TX,zbarsonkv@dyndns.org
753,Whit Flight,8 Mayer Terrace,23509,VA,wflightkw@pcworld.com
754,Kelwin Savil,4175 Schurz Place,33142,FL,ksavilkx@wix.com
755,Jermain Kilpatrick,340 Browning Street,90805,CA,jkilpatrickky@artisteer.com
756,Lyn Brogioni,4268 Hauk Parkway,76011,TX,lbrogionikz@yellowpages.com
757,Rosalinda Drains,49 Spenser Court,35263,AL,rdrainsl0@usda.gov
758,Libbey Grimsey,891 Fallview Way,71151,LA,lgrimseyl1@answers.com
759,Howey Kitcherside,63 Mayer Lane,28815,NC,hkitchersidel2@histats.com
760,Giovanna Colaco,9 Golf Avenue,19141,PA,gcolacol3@prweb.com
761,Genovera Gerrill,635 Carberry Place,32605,FL,ggerrilll4@npr.org
762,Desdemona Brotherhed,532 Village Plaza,66699,KS,dbrotherhedl5@rakuten.co.jp
763,Mata Huggett,436 Division Center,85210,AZ,mhuggettl6@zimbio.com
764,Ina Danilovic,7 Mayfield Avenue,12222,NY,idanilovicl7@rakuten.co.jp
765,Gregor Kwietak,53783 Golf Course Terrace,12210,NY,gkwietakl8@netlog.com
766,Rock Paver,87965 Sherman Terrace,37240,TN,rpaverl9@flavors.me
767,Adrien Marde,046 Havey Court,62756,IL,amardela@paypal.com
768,Kain Bondley,2679 Jana Way,98687,WA,kbondleylb@springer.com
769,Ronnica Clail,082 Main Alley,78475,TX,rclaillc@independent.co.uk
770,Lewiss Tuppeny,7 Village Green Pass,75216,TX,ltuppenyld@w3.org
771,Nickola Luberto,5 Spaight Alley,28263,NC,nlubertole@usda.gov
772,Minda Whatman,611 Service Trail,99812,AK,mwhatmanlf@nps.gov
773,Irina McTerlagh,94 Monica Court,49518,MI,imcterlaghlg@comsenz.com
774,Ina Grene,3 Acker Avenue,10175,NY,igrenelh@cyberchimps.com
775,Electra O'Kinneally,108 Dennis Street,22119,VA,eokinneallyli@timesonline.co.uk
776,Viva Jansen,05255 Oak Hill,33233,FL,vjansenlj@google.co.uk
777,Jacobo Christophers,4 Morning Center,32092,FL,jchristopherslk@mayoclinic.com
778,Sampson Torre,90 Schurz Road,38114,TN,storrell@studiopress.com
779,Joelly Basini-Gazzi,0402 Ronald Regan Way,64109,MO,jbasinigazzilm@omniture.com
780,Almeda Marzelo,21971 Forest Dale Alley,73034,OK,amarzeloln@hostgator.com
781,Christel Whitcomb,536 Hoard Court,31205,GA,cwhitcomblo@furl.net
782,Aylmer Minguet,5303 Clarendon Court,92513,CA,aminguetlp@i2i.jp
783,Eliza Lorent,1 Elmside Plaza,37410,TN,elorentlq@booking.com
784,Lesli Dowding,80572 Hoard Hill,79605,TX,ldowdinglr@weebly.com
785,Lorelei Chadderton,309 Meadow Vale Parkway,76310,TX,lchaddertonls@networksolutions.com
786,Ashley Bariball,0441 Lillian Circle,20380,DC,abariballlt@auda.org.au
787,Veronica Maddrell,46314 Westerfield Center,33069,FL,vmaddrelllu@craigslist.org
788,Padgett Pinckard,24605 Banding Terrace,90076,CA,ppinckardlv@yellowpages.com
789,Berkley Sargerson,1 Nevada Crossing,15906,PA,bsargersonlw@irs.gov
790,Garrek Gibbons,6905 Talisman Junction,77060,TX,ggibbonslx@tumblr.com
791,Viole Buckmaster,9 Iowa Junction,76796,TX,vbuckmasterly@cargocollective.com
792,Salomo Shavel,27338 Columbus Terrace,84120,UT,sshavellz@yelp.com
793,Tootsie McNaughton,47 Anthes Hill,79977,TX,tmcnaughtonm0@sphinn.com
794,Nanete Bischof,3438 Anzinger Avenue,06538,CT,nbischofm1@who.int
795,Skylar Durn,3665 Kropf Place,60505,IL,sdurnm2@rakuten.co.jp
796,Pattie Plaistowe,97060 4th Parkway,25305,WV,pplaistowem3@rakuten.co.jp
797,Faulkner O'Driscole,866 Sherman Trail,14220,NY,fodriscolem4@icio.us
798,Araldo Wimbury,0031 Upham Parkway,90505,CA,awimburym5@cbc.ca
799,Mela Morgon,5 Kim Junction,33811,FL,mmorgonm6@skype.com
800,Ken Dyott,3372 Logan Plaza,60567,IL,kdyottm7@businesswire.com
801,Lanae Errichiello,12299 Mccormick Trail,95833,CA,lerrichiellom8@craigslist.org
802,Lissy Clymer,4 John Wall Drive,63169,MO,lclymerm9@cpanel.net
803,Hogan Shipsey,93 Sheridan Pass,77288,TX,hshipseyma@storify.com
804,Tillie Saberton,4817 Bonner Terrace,77288,TX,tsabertonmb@discuz.net
805,Izaak Lievesley,309 Lakeland Lane,79410,TX,ilievesleymc@cbc.ca
806,Renell Longea,9307 Linden Place,91117,CA,rlongeamd@rakuten.co.jp
807,Carver Ericsson,80 Eagan Junction,94705,CA,cericssonme@cornell.edu
808,Lizzie Togher,615 Nancy Alley,33805,FL,ltoghermf@edublogs.org
809,Yank Seacombe,72131 Fieldstone Avenue,23520,VA,yseacombemg@themeforest.net
810,Aindrea Fort,2 Blackbird Point,94089,CA,afortmh@freewebs.com
811,Oates Wandrack,22560 Iowa Terrace,01105,MA,owandrackmi@ucoz.ru
812,Boyce Kiltie,47186 Elgar Circle,01654,MA,bkiltiemj@bloglovin.com
813,Vivien Eakley,36684 Eastlawn Pass,74193,OK,veakleymk@tamu.edu
814,Etienne Schultes,6 Clarendon Drive,27690,NC,eschultesml@github.io
815,Locke Kneel,1072 Hudson Road,68510,NE,lkneelmm@cyberchimps.com
816,Patsy Kerins,98 Anhalt Center,29319,SC,pkerinsmn@issuu.com
817,Arielle Orgen,49397 Esker Plaza,55579,MN,aorgenmo@nifty.com
818,Rowe Lober,6 Granby Street,29505,SC,rlobermp@phoca.cz
819,Brit Tythacott,20966 Maywood Center,11431,NY,btythacottmq@google.nl
820,Eula O'Duilleain,922 Butterfield Street,93907,CA,eoduilleainmr@dailymotion.com
821,Ches Sollom,87872 Burning Wood Center,11480,NY,csollomms@yellowbook.com
822,Inga Fearnyhough,7900 Tennyson Plaza,14683,NY,ifearnyhoughmt@fda.gov
823,Crysta Stelli,7468 Forster Avenue,25709,WV,cstellimu@ucoz.ru
824,Brook Rizzo,0668 Mosinee Pass,28055,NC,brizzomv@exblog.jp
825,Jess Cucuzza,7 Ruskin Lane,92883,CA,jcucuzzamw@digg.com
826,Maitilde Kinney,7 Petterle Point,20525,DC,mkinneymx@yellowpages.com
827,Yoshi Woodthorpe,76515 Rutledge Lane,22119,VA,ywoodthorpemy@ucsd.edu
828,Sheffy Crees,6208 Packers Way,21239,MD,screesmz@hatena.ne.jp
829,Tabbie Carcass,07510 Red Cloud Place,78265,TX,tcarcassn0@wikipedia.org
830,Farrell Francescozzi,76916 Lukken Center,75372,TX,ffrancescozzin1@nymag.com
831,Nadiya Fencott,854 Northridge Point,43666,OH,nfencottn2@seattletimes.com
832,Barnabe Vile,432 Northview Trail,85062,AZ,bvilen3@google.com.au
833,Rochelle Royste,8 Lakeland Drive,27615,NC,rroysten4@hugedomains.com
834,Myra Mepsted,4605 Hanson Drive,87190,NM,mmepstedn5@t-online.de
835,Heinrick Codi,41 Colorado Point,33153,FL,hcodin6@tinyurl.com
836,Megen Minghella,737 2nd Trail,76134,TX,mminghellan7@ycombinator.com
837,Gerty Easun,9403 Heath Avenue,33680,FL,geasunn8@census.gov
838,Cristian Lambdin,33 Lakewood Terrace,98175,WA,clambdinn9@ed.gov
839,Bat Tremolieres,8 Annamark Way,94302,CA,btremolieresna@forbes.com
840,Ame Wollacott,75253 Judy Avenue,55412,MN,awollacottnb@cdbaby.com
841,Lizette Moffet,065 Arizona Junction,30096,GA,lmoffetnc@cbslocal.com
842,Rosanne Siret,97 Springview Drive,29208,SC,rsiretnd@huffingtonpost.com
843,Karel Balle,9 Bonner Drive,68179,NE,kballene@digg.com
844,Charmian Shirtliff,06058 Bartelt Plaza,63150,MO,cshirtliffnf@illinois.edu
845,Alyosha Beany,9227 Vidon Terrace,85205,AZ,abeanyng@opera.com
846,Aube Jindrich,11 Thompson Park,90050,CA,ajindrichnh@mapquest.com
847,Giorgio Sharman,27843 Dexter Junction,85260,AZ,gsharmanni@hp.com
848,Pancho Dauncey,5 Surrey Circle,20414,DC,pdaunceynj@macromedia.com
849,Anallese Hayth,4334 Farmco Court,20599,DC,ahaythnk@tumblr.com
850,Gibb Romain,7 Novick Alley,29203,SC,gromainnl@nifty.com
851,Gaylor McPhaden,9755 Vahlen Plaza,20414,DC,gmcphadennm@ask.com
852,Arabele Beveredge,326 Erie Road,94132,CA,abeveredgenn@geocities.jp
853,Franz Brumham,942 Hermina Center,25336,WV,fbrumhamno@businesswire.com
854,Delila Claque,83232 Oakridge Street,94245,CA,dclaquenp@guardian.co.uk
855,Josey Cadlock,2 Magdeline Street,33994,FL,jcadlocknq@howstuffworks.com
856,Sherwin Tinman,06071 Loeprich Parkway,33018,FL,stinmannr@kickstarter.com
857,Joyan Guidotti,90156 Ridgeview Road,81505,CO,jguidottins@chronoengine.com
858,Justis Tissell,45 Buena Vista Way,22333,VA,jtissellnt@upenn.edu
859,Stephi Girardin,09024 Elgar Lane,33731,FL,sgirardinnu@admin.ch
860,Kristi Soutter,52006 Warner Parkway,48076,MI,ksoutternv@google.co.jp
861,Anna-maria Alpes,20 Merrick Street,87110,NM,aalpesnw@simplemachines.org
862,Noble Marzella,1656 Brown Trail,55470,MN,nmarzellanx@hostgator.com
863,Catina Flaxon,024 Talmadge Park,50369,IA,cflaxonny@mtv.com
864,Alikee Somes,8749 Rockefeller Court,93715,CA,asomesnz@amazonaws.com
865,John De Biasi,3589 Washington Court,73167,OK,jdeo0@ustream.tv
866,Rochella Danbi,74 Macpherson Court,90610,CA,rdanbio1@hhs.gov
867,Chip Leftbridge,3 Mcguire Hill,72222,AR,cleftbridgeo2@vkontakte.ru
868,Donelle Goering,5 Utah Court,94177,CA,dgoeringo3@biblegateway.com
869,Ebony Slowly,54805 Sommers Way,63169,MO,eslowlyo4@digg.com
870,Bertrand Rosa,41675 Straubel Drive,34985,FL,brosao5@photobucket.com
871,Rhea Blakely,139 Dawn Plaza,75287,TX,rblakelyo6@cdc.gov
872,Vittorio Girodin,58 Washington Pass,75392,TX,vgirodino7@apple.com
873,Stinky Stronach,118 Cottonwood Lane,52245,IA,sstronacho8@un.org
874,Fredericka MacLoughlin,506 5th Trail,85255,AZ,fmacloughlino9@buzzfeed.com
875,Bartholemy Lillecrop,0808 Bartillon Street,22070,VA,blillecropoa@craigslist.org
876,Cathyleen Lightwood,903 Warner Alley,61656,IL,clightwoodob@wired.com
877,Lucilia Venditti,685 Express Road,50335,IA,lvendittioc@yale.edu
878,Marvin Hoggan,57 Bluejay Place,87140,NM,mhogganod@wikimedia.org
879,Bili Balthasar,823 Fordem Pass,80915,CO,bbalthasaroe@purevolume.com
880,Zebulen Robertsson,2886 Cardinal Crossing,71115,LA,zrobertssonof@usa.gov
881,Pippa Mumbeson,1 Ludington Court,90831,CA,pmumbesonog@latimes.com
882,Candice McGorley,379 Barby Road,33305,FL,cmcgorleyoh@google.cn
883,Peggy Le Ball,04310 Donald Parkway,34276,FL,pleoi@google.ru
884,Shelly Union,6759 Anzinger Street,78744,TX,sunionoj@gnu.org
885,Corena Warcop,1 Fulton Place,89706,NV,cwarcopok@ameblo.jp
886,Sabrina Timson,73 Pine View Plaza,32575,FL,stimsonol@google.co.uk
887,Matthieu Quemby,834 Bunker Hill Parkway,60208,IL,mquembyom@blogspot.com
888,Dolph Corsor,9065 Vermont Center,33661,FL,dcorsoron@histats.com
889,Abagael Stiddard,6 Havey Junction,76198,TX,astiddardoo@opensource.org
890,Kara-lynn Lethbury,53 Dixon Court,79176,TX,klethburyop@blogs.com
891,Sena Wickliffe,85 Katie Court,87592,NM,swickliffeoq@chron.com
892,Darcy Dacres,21 Bashford Terrace,75605,TX,ddacresor@google.co.jp
893,Arabelle Bartholomaus,870 Del Mar Alley,40505,KY,abartholomausos@google.com.br
894,Stu Kingswold,727 Melody Street,56372,MN,skingswoldot@twitpic.com
895,Tarrah Schleicher,29107 Magdeline Crossing,45490,OH,tschleicherou@mashable.com
896,Roda Filppetti,26 Del Mar Trail,75037,TX,rfilppettiov@vistaprint.com
897,Olly Monteith,627 Stuart Crossing,32909,FL,omonteithow@jiathis.com
898,Elwyn Grahlmans,1 Cherokee Drive,77346,TX,egrahlmansox@skyrock.com
899,Ring Devereux,02148 Darwin Avenue,92013,CA,rdevereuxoy@ed.gov
900,Paule McGaughay,128 Dennis Avenue,98682,WA,pmcgaughayoz@jalbum.net
901,Tabor Muglestone,66159 South Trail,22225,VA,tmuglestonep0@fc2.com
902,Gipsy Fortesquieu,926 Raven Center,74133,OK,gfortesquieup1@blinklist.com
903,Murial Cuerdale,4 Warbler Street,29579,SC,mcuerdalep2@mlb.com
904,Valerie Trevascus,439 Westridge Center,61656,IL,vtrevascusp3@noaa.gov
905,Annis Castel,70544 Canary Pass,59105,MT,acastelp4@pcworld.com
906,Welsh Asple,06 Vera Court,60208,IL,wasplep5@google.cn
907,Jules Holah,88 Derek Crossing,78710,TX,jholahp6@buzzfeed.com
908,Britni Steddall,4827 West Circle,22309,VA,bsteddallp7@nytimes.com
909,Nicolea Nelm,6223 Autumn Leaf Place,19196,PA,nnelmp8@bing.com
910,Adan Robens,5430 6th Road,20430,DC,arobensp9@washington.edu
911,Oliviero Forsey,6 Delladonna Parkway,77055,TX,oforseypa@cam.ac.uk
912,Melony Offner,0080 Ramsey Hill,20392,DC,moffnerpb@about.com
913,Raynell Kelloway,9 Autumn Leaf Court,99215,WA,rkellowaypc@hubpages.com
914,L;urette Strangward,69 Superior Way,37250,TN,lstrangwardpd@sohu.com
915,Ozzy Gittins,90 Banding Court,22225,VA,ogittinspe@github.io
916,Danika Chin,280 Green Circle,46207,IN,dchinpf@mtv.com
917,Gail Trimming,333 Algoma Pass,32244,FL,gtrimmingpg@cpanel.net
918,Jacobo Lapley,3738 Cardinal Alley,14604,NY,jlapleyph@eepurl.com
919,Dody Hargate,56944 Main Court,40298,KY,dhargatepi@nymag.com
920,Cyrill Wintringham,025 2nd Place,08603,NJ,cwintringhampj@unesco.org
921,Peder Watterson,6 Northfield Lane,80015,CO,pwattersonpk@blinklist.com
922,Hadrian Terron,4 Thackeray Plaza,93740,CA,hterronpl@kickstarter.com
923,Caterina Conner,268 Mallard Point,11355,NY,cconnerpm@google.es
924,Niles Earley,4107 Upham Street,45505,OH,nearleypn@goo.ne.jp
925,Clemence Keely,54 5th Hill,44197,OH,ckeelypo@t-online.de
926,Webster Tatam,9293 Sauthoff Crossing,33462,FL,wtatampp@squidoo.com
927,Cooper Jankin,63 Nevada Drive,65898,MO,cjankinpq@google.pl
928,Clarita Birrell,9489 Cascade Junction,37131,TN,cbirrellpr@constantcontact.com
929,Erminia Compfort,5 Lunder Junction,99709,AK,ecompfortps@harvard.edu
930,Wald Klamman,81474 Charing Cross Lane,68110,NE,wklammanpt@seattletimes.com
931,Myca Hatwell,6 Pleasure Hill,29625,SC,mhatwellpu@google.com.au
932,Boris Aisbett,1627 West Place,92115,CA,baisbettpv@imdb.com
933,Toby Fealty,05 Gerald Center,62794,IL,tfealtypw@dagondesign.com
934,Clementine Ulyet,53055 Lien Hill,27626,NC,culyetpx@newyorker.com
935,Ty Godlip,3466 Northfield Park,12247,NY,tgodlippy@google.ru
936,Remington Gueinn,967 Ridge Oak Alley,37924,TN,rgueinnpz@diigo.com
937,Julianna Wyre,0 Southridge Alley,46266,IN,jwyreq0@dailymotion.com
938,Jaquelin Langstaff,7980 Cambridge Junction,32868,FL,jlangstaffq1@google.de
939,Maegan Caulcutt,826 Beilfuss Park,48217,MI,mcaulcuttq2@examiner.com
940,Camille Leblanc,3009 Kinsman Circle,62764,IL,cleblancq3@yahoo.com
941,Almeria Tozer,07 4th Lane,94273,CA,atozerq4@prnewswire.com
942,Dalia Bezley,4 Cambridge Junction,20370,DC,dbezleyq5@zimbio.com
943,Teador Steer,35 Logan Trail,35815,AL,tsteerq6@patch.com
944,Gilbertine Mettrick,4859 Warner Place,67236,KS,gmettrickq7@webs.com
945,Nicky Daleman,409 Park Meadow Trail,12255,NY,ndalemanq8@a8.net
946,Terrance Funcheon,0965 Washington Crossing,84130,UT,tfuncheonq9@usa.gov
947,Elnora Rulf,89 Golf Plaza,64193,MO,erulfqa@blogtalkradio.com
948,Quent Bachshell,691 Westridge Junction,33320,FL,qbachshellqb@t.co
949,Wilhelm Simkiss,563 Acker Hill,28410,NC,wsimkissqc@unicef.org
950,Quinta Locket,1068 Washington Center,23272,VA,qlocketqd@netvibes.com
951,Rachelle Klewi,03434 Bay Crossing,90610,CA,rklewiqe@eventbrite.com
952,Collin Wemes,3 Elgar Place,95108,CA,cwemesqf@eventbrite.com
953,Bruno Ladloe,435 Commercial Crossing,87195,NM,bladloeqg@senate.gov
954,Noland Clara,27812 Cardinal Lane,78205,TX,nclaraqh@goo.gl
955,Lisetta Feehery,5 Hansons Alley,90015,CA,lfeeheryqi@hud.gov
956,Colas Mealand,998 Petterle Drive,22313,VA,cmealandqj@ft.com
957,Samuele Le Cornu,81 Londonderry Avenue,91205,CA,sleqk@ycombinator.com
958,Frazier Handford,7 Kropf Plaza,99812,AK,fhandfordql@icio.us
959,Evelin Scantlebury,70 Redwing Hill,92612,CA,escantleburyqm@huffingtonpost.com
960,Oliviero McMickan,388 Commercial Hill,75221,TX,omcmickanqn@zimbio.com
961,Clifford Raubheim,412 Nelson Trail,10292,NY,craubheimqo@vistaprint.com
962,Shepherd Holdall,85 Iowa Point,98166,WA,sholdallqp@cnet.com
963,Aileen Kirrens,770 Jenna Lane,75260,TX,akirrensqq@umich.edu
964,Issy Perri,04451 Glacier Hill Junction,66617,KS,iperriqr@soup.io
965,Renard Venning,47 Lindbergh Junction,20380,DC,rvenningqs@g.co
966,Auguste Gallo,58 Hovde Avenue,84170,UT,agalloqt@devhub.com
967,Meggie Gittus,7 Westend Park,28405,NC,mgittusqu@a8.net
968,Saba Kleinstern,86 Lunder Plaza,92878,CA,skleinsternqv@abc.net.au
969,Nydia Verrier,6520 Springview Trail,21239,MD,nverrierqw@blog.com
970,Dorey Cansdill,766 Dixon Circle,20520,DC,dcansdillqx@free.fr
971,Phylis Hutten,47 Havey Junction,63158,MO,phuttenqy@engadget.com
972,Myrtie Spickett,8 East Point,91103,CA,mspickettqz@bbc.co.uk
973,Spenser Philpot,6709 Vermont Way,91103,CA,sphilpotr0@wikipedia.org
974,Eada Tarbath,442 Armistice Court,77206,TX,etarbathr1@devhub.com
975,Jae Ruddiman,8635 Debra Point,88589,TX,jruddimanr2@alexa.com
976,Mozes Upham,5147 Pleasure Place,84115,UT,muphamr3@indiegogo.com
977,Sam Newitt,3 Springs Trail,59105,MT,snewittr4@nasa.gov
978,De witt Niccolls,96978 Pleasure Avenue,30245,GA,dwittr5@last.fm
979,Barrett MacCarroll,7404 Mendota Center,37220,TN,bmaccarrollr6@dropbox.com
980,Madelaine O'Donnelly,26 Luster Place,33124,FL,modonnellyr7@google.pl
981,Hastings Klaessen,06855 Merry Crossing,23225,VA,hklaessenr8@alibaba.com
982,Missy Pretor,0 Declaration Parkway,50393,IA,mpretorr9@ihg.com
983,Tudor Janek,8423 Gale Drive,17105,PA,tjanekra@hexun.com
984,Iris Guidera,5 Fieldstone Drive,14646,NY,iguiderarb@so-net.ne.jp
985,Avrom Bernardeschi,59789 Quincy Place,31405,GA,abernardeschirc@google.es
986,Kaia Gater,6753 Fulton Hill,89550,NV,kgaterrd@artisteer.com
987,Shep Risborough,23095 Prairieview Hill,18768,PA,srisboroughre@clickbank.net
988,Shelley Kunzelmann,6 Maryland Lane,94089,CA,skunzelmannrf@rediff.com
989,Beau Vyse,77813 Lake View Avenue,30605,GA,bvyserg@narod.ru
990,Alleen Shallcroff,8 Packers Park,77055,TX,ashallcroffrh@harvard.edu
991,Zara Ridsdale,3947 Esch Street,55172,MN,zridsdaleri@tiny.cc
992,Sigmund Lewty,420 Carioca Center,10150,NY,slewtyrj@qq.com
993,Chadd Blanch,1 Mariners Cove Terrace,91841,CA,cblanchrk@dyndns.org
994,Buckie Eschalotte,5854 Judy Pass,97306,OR,beschalotterl@1688.com
995,Doroteya Burtonwood,41 High Crossing Alley,45505,OH,dburtonwoodrm@usgs.gov
996,Teador Flewin,1 Shasta Pass,10155,NY,tflewinrn@ameblo.jp
997,Letitia Tinan,960 Meadow Valley Hill,91499,CA,ltinanro@paginegialle.it
998,Tanney Serot,145 Gateway Terrace,20244,DC,tserotrp@cmu.edu
999,Arliene Cholonin,5 Elgar Street,55487,MN,acholoninrq@surveymonkey.com
1000,Trista Allerton,750 Lukken Plaza,77806,TX,tallertonrr@1und1.de
