id,name,address,zipcode,state,email
1,Dionysus Possek,2248 Moose Court,53234,WI,dpossek0@canalblog.com
2,Rodi Ockwell,5749 Elgar Avenue,75074,TX,rockwell1@tripod.com
3,Lucilia Houlden,4145 Park Meadow Park,48098,MI,lhoulden2@cdbaby.com
4,Hi Gonsalvez,59 Lotheville Trail,78220,TX,hgonsalvez3@netscape.com
5,Carroll Haresign,338 David Crossing,92505,CA,charesign4@dot.gov
6,Rose Jobb,2797 Dahle Way,98417,WA,rjobb5@quantcast.com
7,Gypsy Rathjen,6297 Stang Road,59105,MT,grathjen6@naver.com
8,Jean Burrow,5991 Bunting Hill,85099,AZ,jburrow7@psu.edu
9,Griff Coburn,89709 Rutledge Lane,70005,LA,gcoburn8@dailymail.co.uk
10,Sky Bromage,162 Claremont Terrace,76115,TX,sbromage9@fastcompany.com
11,Richmound Jagiela,3427 Summit Drive,60505,IL,rjagielaa@amazon.com
12,Madelle Yosifov,5 Hansons Park,70124,LA,myosifovb@geocities.com
13,Boot Waitland,04488 Shelley Alley,20392,DC,bwaitlandc@51.la
14,Karrie Cornewell,24 Meadow Valley Pass,68124,NE,kcornewelld@bravesites.com
15,Caroljean Eitter,868 Sommers Alley,53234,WI,ceittere@paypal.com
16,Winny Malloch,09 Green Terrace,22070,VA,wmallochf@oaic.gov.au
17,Marjy Mityukov,1918 Rigney Trail,88584,TX,mmityukovg@china.com.cn
18,Renard Surgeon,279 Gulseth Park,92196,CA,rsurgeonh@about.com
19,Chucho Lorroway,76 Evergreen Junction,99215,WA,clorrowayi@wired.com
20,Tommie Mac,127 Tomscot Point,85732,AZ,tmacj@edublogs.org
21,Barbara-anne Tooting,1782 Jenna Avenue,80228,CO,btootingk@bravesites.com
22,Lorie Calbaithe,9139 Sycamore Way,77346,TX,lcalbaithel@bigcartel.com
23,Evita Pauly,897 Pennsylvania Circle,33013,FL,epaulym@netscape.com
24,Abdel Peppett,7588 Old Gate Street,44315,OH,apeppettn@bloomberg.com
25,Darelle Steptoe,39637 Forest Dale Hill,28225,NC,dsteptoeo@go.com
26,Byrle Krzysztofiak,7 John Wall Lane,94611,CA,bkrzysztofiakp@webnode.com
27,Terrye Wiggins,5 Pleasure Pass,46278,IN,twigginsq@pagesperso-orange.fr
28,Rena Deniso,084 Springview Way,01654,MA,rdenisor@networksolutions.com
29,Donnajean Regis,5 Hagan Lane,85219,AZ,dregiss@rakuten.co.jp
30,Clovis Dansey,5 Quincy Avenue,62776,IL,cdanseyt@google.com.br
31,Noam Pegden,078 Continental Trail,85020,AZ,npegdenu@businessinsider.com
32,Niki Grishaev,5169 Hermina Center,93305,CA,ngrishaevv@webnode.com
33,Lorette Hoodspeth,2 Parkside Park,75185,TX,lhoodspethw@ftc.gov
34,Marne Fourmy,04870 Eagle Crest Hill,71115,LA,mfourmyx@toplist.cz
35,Mariana Hubberstey,3655 Bultman Point,29208,SC,mhubbersteyy@oaic.gov.au
36,Ignatius Coate,20 Kedzie Alley,34276,FL,icoatez@nytimes.com
37,Obed McFaell,2 Carpenter Point,87110,NM,omcfaell10@mail.ru
38,Noel Trollope,65429 Oneill Avenue,24040,VA,ntrollope11@youku.com
39,Pace Padrick,062 Quincy Point,31217,GA,ppadrick12@chicagotribune.com
40,Teddy Knights,2 Hauk Drive,20910,MD,tknights13@stumbleupon.com
41,Archie Oaker,76117 Crest Line Trail,78465,TX,aoaker14@webs.com
42,Bondy Burford,006 Del Sol Road,92844,CA,bburford15@vistaprint.com
43,Valina Scotchmer,4861 Longview Way,62776,IL,vscotchmer16@meetup.com
44,Juli O'Hara,4 Main Pass,46852,IN,johara17@dropbox.com
45,Maryellen Jillard,5 Mosinee Park,32575,FL,mjillard18@yellowpages.com
46,Caitrin Gooddy,69 Butternut Place,24503,VA,cgooddy19@adobe.com
47,Roth Kingerby,84 Grover Avenue,47705,IN,rkingerby1a@marriott.com
48,Holmes Cahalan,12558 Pennsylvania Hill,91210,CA,hcahalan1b@stanford.edu
49,Sydel Kenvin,5 Fordem Plaza,24503,VA,skenvin1c@va.gov
50,Germayne Elger,2124 Bay Point,06520,CT,gelger1d@zdnet.com
51,Stefan Hindsberg,52348 Oriole Hill,10557,NY,shindsberg1e@twitter.com
52,Alverta Overington,2320 Northview Lane,75372,TX,aoverington1f@aol.com
53,Gilburt Goudge,8 Di Loreto Hill,93715,CA,ggoudge1g@jimdo.com
54,Giorgia Whitechurch,16705 Eliot Lane,40266,KY,gwhitechurch1h@virginia.edu
55,Llywellyn Maffetti,4562 Hudson Crossing,80279,CO,lmaffetti1i@gov.uk
56,Horacio Goodenough,20 Messerschmidt Point,35805,AL,hgoodenough1j@upenn.edu
57,Laurianne Guillon,2 Dryden Plaza,95155,CA,lguillon1k@wikimedia.org
58,Kiersten Hardiman,014 Chinook Park,60567,IL,khardiman1l@about.me
59,Shaine Stratford,180 Dorton Plaza,06673,CT,sstratford1m@nationalgeographic.com
60,Grata Davenhill,72 American Alley,79928,TX,gdavenhill1n@mac.com
61,April Pendre,30609 Gale Crossing,85260,AZ,apendre1o@huffingtonpost.com
62,Whitby Doak,5 Welch Crossing,95128,CA,wdoak1p@godaddy.com
63,Carr Ditzel,3 Marcy Center,14225,NY,cditzel1q@mapy.cz
64,Alix Petow,6 Dixon Parkway,75246,TX,apetow1r@shareasale.com
65,Gregoor Coomer,888 Gulseth Court,32830,FL,gcoomer1s@usda.gov
66,Ernestus Mifflin,7681 Spaight Trail,30245,GA,emifflin1t@accuweather.com
67,Zandra Layland,615 Roth Terrace,89155,NV,zlayland1u@github.io
68,Delano Rapinett,0742 Ridgeview Plaza,35290,AL,drapinett1v@cmu.edu
69,Josephina Beatson,2523 Dottie Junction,46231,IN,jbeatson1w@themeforest.net
70,Ola Raith,69650 Portage Trail,90087,CA,oraith1x@github.io
71,Talya Spiller,558 Commercial Plaza,94705,CA,tspiller1y@sciencedirect.com
72,Aube Haine,43 Arkansas Hill,98498,WA,ahaine1z@discovery.com
73,Tabitha Brendish,71033 Judy Pass,23242,VA,tbrendish20@cmu.edu
74,Rourke Bedlington,516 Transport Parkway,10175,NY,rbedlington21@clickbank.net
75,Susie Godar,905 Moulton Way,80930,CO,sgodar22@furl.net
76,Wendell Lanceley,78 Washington Avenue,32209,FL,wlanceley23@ibm.com
77,Adelheid Fawdrie,4 Mosinee Court,33777,FL,afawdrie24@scribd.com
78,Lennie Tallquist,0366 Lakewood Gardens Parkway,91117,CA,ltallquist25@rediff.com
79,Darrel Lamburne,9016 Blaine Park,94280,CA,dlamburne26@wordpress.org
80,Johnathon Streets,3515 Nelson Court,98121,WA,jstreets27@amazon.com
81,Garland O'Hederscoll,92 Esch Lane,19136,PA,gohederscoll28@netscape.com
82,Ardeen Nare,8906 Coleman Pass,20041,DC,anare29@live.com
83,Yasmin Luesley,6 Oriole Way,33982,FL,yluesley2a@smh.com.au
84,Garry Levane,758 Sheridan Pass,44305,OH,glevane2b@mashable.com
85,Arabelle Baudasso,01276 Summerview Road,37131,TN,abaudasso2c@ehow.com
86,Englebert Kevlin,0082 Welch Way,89012,NV,ekevlin2d@fotki.com
87,Luis Pilmore,581 Gale Place,78759,TX,lpilmore2e@buzzfeed.com
88,Bertram Storres,63376 Alpine Drive,30356,GA,bstorres2f@behance.net
89,Raimondo Valentin,272 Dryden Trail,86305,AZ,rvalentin2g@noaa.gov
90,Mead Pirdy,8218 Stang Trail,73109,OK,mpirdy2h@umn.edu
91,Nari Swanborrow,173 Rutledge Trail,77206,TX,nswanborrow2i@vimeo.com
92,Elia Riddock,87952 Hanover Alley,22047,VA,eriddock2j@google.com.br
93,Peyton Moules,575 Victoria Parkway,33421,FL,pmoules2k@cloudflare.com
94,Willi Toppin,491 Mallard Crossing,33405,FL,wtoppin2l@archive.org
95,Susana De Malchar,49 Luster Hill,83206,ID,sde2m@furl.net
96,Toby Darbey,44 Northridge Court,87592,NM,tdarbey2n@amazon.co.uk
97,Virge Raiment,89580 Melody Lane,46699,IN,vraiment2o@xinhuanet.com
98,Algernon Rannigan,9 Express Point,10270,NY,arannigan2p@arizona.edu
99,Kathy Preuvost,371 Morrow Hill,60078,IL,kpreuvost2q@yellowbook.com
100,Leilah Straffon,004 Algoma Park,79452,TX,lstraffon2r@alibaba.com
101,Cy Huckle,627 Melrose Drive,89105,NV,chuckle2s@etsy.com
102,Immanuel Leppingwell,13 Basil Park,94237,CA,ileppingwell2t@vk.com
103,Agustin Handrock,46 Schiller Lane,36109,AL,ahandrock2u@wp.com
104,Rivkah Calf,1464 Columbus Avenue,32627,FL,rcalf2v@cdbaby.com
105,Jerrie Mayor,51299 Spaight Trail,22309,VA,jmayor2w@php.net
106,Darryl Doonican,653 Rowland Parkway,78250,TX,ddoonican2x@oaic.gov.au
107,Baird Oldrey,975 Trailsway Hill,33610,FL,boldrey2y@flavors.me
108,Tuesday Fernando,06642 Butterfield Parkway,51110,IA,tfernando2z@seesaa.net
109,Margret Sworne,90 Prairieview Place,55172,MN,msworne30@wikimedia.org
110,Philip Spadotto,9857 Farmco Court,14609,NY,pspadotto31@hexun.com
111,Maressa Cowdroy,428 Monica Street,66160,KS,mcowdroy32@posterous.com
112,Creigh Habbes,37 Delladonna Street,80995,CO,chabbes33@go.com
113,Bessy Rarity,23958 Del Sol Court,24020,VA,brarity34@vimeo.com
114,Anastassia Labbez,2 Pine View Circle,94116,CA,alabbez35@arizona.edu
115,Ray Lebang,27411 Roxbury Lane,57110,SD,rlebang36@dyndns.org
116,Lowe Stachini,6 Barby Circle,89166,NV,lstachini37@vistaprint.com
117,Austina Houchen,5560 Kings Point,45238,OH,ahouchen38@hao123.com
118,Dianemarie Willets,2 Mayer Parkway,19136,PA,dwillets39@nasa.gov
119,Emmi Chinge,22032 Hanover Circle,84199,UT,echinge3a@sohu.com
120,Wynne Tythacott,48895 Grim Terrace,33129,FL,wtythacott3b@51.la
121,Aimee Negus,5 Gateway Center,91210,CA,anegus3c@chronoengine.com
122,Goldie Durker,84 Schiller Center,77234,TX,gdurker3d@free.fr
123,Harp Wiburn,42331 Cordelia Trail,44485,OH,hwiburn3e@lycos.com
124,Mirabella Illwell,961 Larry Place,37235,TN,millwell3f@home.pl
125,Kassey Foye,46197 Blackbird Street,33028,FL,kfoye3g@twitter.com
126,Dido Kuhl,89 Monument Plaza,38308,TN,dkuhl3h@diigo.com
127,Dione Reeder,4015 Washington Hill,27710,NC,dreeder3i@hao123.com
128,Amii Timblett,8798 Anzinger Center,77015,TX,atimblett3j@infoseek.co.jp
129,Welby Coughlin,34 Rowland Park,49048,MI,wcoughlin3k@indiatimes.com
130,Hadrian Cassell,86190 Texas Circle,60193,IL,hcassell3l@pen.io
131,Shawnee Gurney,29064 Bultman Terrace,10170,NY,sgurney3m@chron.com
132,Mozelle Calafate,656 Golden Leaf Parkway,49018,MI,mcalafate3n@usnews.com
133,Jone Hartmann,11 Sage Plaza,79940,TX,jhartmann3o@imdb.com
134,Pate Illidge,5820 Reindahl Street,76544,TX,pillidge3p@php.net
135,Aurlie Allcott,1280 Debra Parkway,29225,SC,aallcott3q@csmonitor.com
136,Gracie Fielding,1612 7th Alley,35215,AL,gfielding3r@gov.uk
137,Mada Goadbie,7 Moland Crossing,25721,WV,mgoadbie3s@surveymonkey.com
138,Yard Hailston,66 Basil Circle,92812,CA,yhailston3t@rakuten.co.jp
139,Murielle Staddon,28330 Gina Plaza,15279,PA,mstaddon3u@instagram.com
140,Kris Nolda,20 Eagle Crest Alley,13205,NY,knolda3v@ucoz.ru
141,Stace Bungey,16654 Colorado Road,23293,VA,sbungey3w@noaa.gov
142,Becky Lamborne,07723 Londonderry Hill,14276,NY,blamborne3x@apple.com
143,Bryanty Tack,2033 Larry Road,75074,TX,btack3y@tuttocitta.it
144,Arlie Gallienne,0342 Kim Way,87110,NM,agallienne3z@gov.uk
145,Brande Bohlsen,0 Nevada Avenue,46699,IN,bbohlsen40@sbwire.com
146,Carce Jowle,5408 Nova Parkway,45020,OH,cjowle41@over-blog.com
147,Tamiko Longmuir,46 Forest Lane,59806,MT,tlongmuir42@mapquest.com
148,Tamma Wayon,08 Becker Place,45440,OH,twayon43@blogtalkradio.com
149,Gil Jewks,297 Namekagon Alley,94975,CA,gjewks44@nhs.uk
150,Kippie Canaan,872 Almo Street,62723,IL,kcanaan45@cbc.ca
151,Friederike Shortin,686 Carey Point,46805,IN,fshortin46@patch.com
152,Jessie Petegre,14603 Kennedy Junction,94142,CA,jpetegre47@psu.edu
153,Reynold Kingswold,9 Fallview Point,67215,KS,rkingswold48@slashdot.org
154,Zara Hemmingway,08057 Carioca Hill,55458,MN,zhemmingway49@topsy.com
155,Darbie Rannigan,5 Pierstorff Alley,31296,GA,drannigan4a@discuz.net
156,Germaine Cayle,795 Judy Crossing,48258,MI,gcayle4b@tinypic.com
157,Vinni Kliner,1550 Milwaukee Pass,34114,FL,vkliner4c@apple.com
158,Elfie Dysart,63273 Garrison Avenue,20189,VA,edysart4d@wunderground.com
159,Orrin Mustchin,2 Northview Center,71137,LA,omustchin4e@bluehost.com
160,Matias Barroux,2645 Esker Place,20016,DC,mbarroux4f@nbcnews.com
161,Pedro Menezes,4313 Kipling Place,66220,KS,pmenezes4g@adobe.com
162,Vickie Becraft,40 Westport Trail,48242,MI,vbecraft4h@yandex.ru
163,Avictor Ochterlony,58924 Carpenter Way,02453,MA,aochterlony4i@bizjournals.com
164,Darbee Dod,6639 Golden Leaf Street,07305,NJ,ddod4j@livejournal.com
165,Erastus Vankin,531 Haas Trail,93106,CA,evankin4k@example.com
166,Goldia Basile,929 Bashford Place,34605,FL,gbasile4l@nature.com
167,Lucilia Sant,7 Sherman Alley,27404,NC,lsant4m@lulu.com
168,Burtie Legrand,6 Grim Lane,48211,MI,blegrand4n@studiopress.com
169,Nonah Binnes,80 Johnson Lane,75392,TX,nbinnes4o@com.com
170,Liuka Baysting,418 Buell Drive,95219,CA,lbaysting4p@exblog.jp
171,Chan Sendall,51 Trailsway Street,91109,CA,csendall4q@so-net.ne.jp
172,Marlena Pizzie,30330 International Lane,91103,CA,mpizzie4r@tiny.cc
173,Anthony Outridge,371 Vidon Hill,73179,OK,aoutridge4s@artisteer.com
174,Emmaline Copnall,13 Dryden Place,22111,VA,ecopnall4t@linkedin.com
175,Allison Walkowski,6894 Elka Plaza,74193,OK,awalkowski4u@prweb.com
176,Margy Jacquet,8807 Stone Corner Point,64187,MO,mjacquet4v@usda.gov
177,Karleen MacKibbon,5 Hallows Junction,84125,UT,kmackibbon4w@miibeian.gov.cn
178,Gavin Isard,78723 Lakewood Point,15906,PA,gisard4x@taobao.com
179,Jared Grassin,1655 Oak Valley Hill,98464,WA,jgrassin4y@home.pl
180,Sada de Keyser,3 Lyons Avenue,33710,FL,sde4z@ox.ac.uk
181,Richmond Vaughan,799 Union Place,10009,NY,rvaughan50@nifty.com
182,Rafa Pilley,15 Dexter Plaza,32244,FL,rpilley51@hao123.com
183,Amil Autin,50255 Grim Hill,57188,SD,aautin52@123-reg.co.uk
184,Jehanna Simper,7 Village Green Alley,76198,TX,jsimper53@nbcnews.com
185,Steven Blakesley,3876 Gina Avenue,20508,DC,sblakesley54@blog.com
186,Tonya Deave,35380 Kipling Court,77713,TX,tdeave55@moonfruit.com
187,Sollie Balcock,9 Kim Court,75342,TX,sbalcock56@sciencedaily.com
188,Gavin Procter,3355 Mallard Crossing,66667,KS,gprocter57@google.com.br
189,Alena Border,10898 Ohio Parkway,34479,FL,aborder58@miitbeian.gov.cn
190,Kevyn Paviour,93258 Oak Valley Crossing,27610,NC,kpaviour59@skyrock.com
191,Barrie Gallardo,66099 Center Crossing,85748,AZ,bgallardo5a@phoca.cz
192,Ker Blackie,8778 Stone Corner Way,21275,MD,kblackie5b@apache.org
193,Kalle Jacobson,5 Jenifer Circle,33405,FL,kjacobson5c@a8.net
194,Maureen Whitrod,7559 Crescent Oaks Lane,64109,MO,mwhitrod5d@china.com.cn
195,Seka Klimentyev,13 Crownhardt Way,46295,IN,sklimentyev5e@utexas.edu
196,Goran Boecke,68226 Northport Drive,77505,TX,gboecke5f@nsw.gov.au
197,Katee Schops,74 Fisk Junction,85025,AZ,kschops5g@youtube.com
198,Cherish Fairn,4 Montana Terrace,77250,TX,cfairn5h@opera.com
199,Tiffi Benford,3 Commercial Park,81015,CO,tbenford5i@plala.or.jp
200,Carl Thomerson,3317 Morningstar Road,63126,MO,cthomerson5j@linkedin.com
201,Ashley Sessions,973 Darwin Hill,63131,MO,asessions5k@ucoz.com
202,Sullivan Allgood,9 American Drive,61825,IL,sallgood5l@spotify.com
203,Earvin Flaubert,07 Buell Alley,55407,MN,eflaubert5m@wsj.com
204,Ivett Malshinger,3294 Fremont Crossing,32255,FL,imalshinger5n@mapquest.com
205,Court Franzotto,8656 Eastlawn Road,52410,IA,cfranzotto5o@google.co.jp
206,Ina Kisbee,76 Old Gate Circle,66276,KS,ikisbee5p@elegantthemes.com
207,Ebonee Chellenham,73675 Evergreen Way,93311,CA,echellenham5q@amazon.co.uk
208,Anna-maria Swaby,2432 Mockingbird Alley,44393,OH,aswaby5r@oaic.gov.au
209,Chelsie Ledekker,8864 Dakota Hill,43656,OH,cledekker5s@rakuten.co.jp
210,Martynne Faulo,138 Sauthoff Hill,20337,DC,mfaulo5t@abc.net.au
211,Idaline Ipsley,61 Grover Center,64199,MO,iipsley5u@bloomberg.com
212,Westley Smalley,785 Merry Circle,93786,CA,wsmalley5v@dropbox.com
213,Brittni Desporte,7 North Pass,30316,GA,bdesporte5w@irs.gov
214,Marty Perris,44645 Hallows Center,40586,KY,mperris5x@fastcompany.com
215,Basil Syrie,35 Crest Line Way,20436,DC,bsyrie5y@hhs.gov
216,Zelda Pierce,1 Grim Hill,20883,MD,zpierce5z@hhs.gov
217,Gunther Van der Hoven,72623 Lyons Pass,77206,TX,gvan60@1und1.de
218,Ellie Coultas,69455 Veith Crossing,49018,MI,ecoultas61@vkontakte.ru
219,Doreen Stork,7 Gateway Hill,33421,FL,dstork62@istockphoto.com
220,Rodolphe Tejero,29 Roxbury Parkway,20041,DC,rtejero63@toplist.cz
221,Ezekiel Courage,0 Butterfield Park,95813,CA,ecourage64@wikia.com
222,Carree Birkby,0022 Loomis Point,25305,WV,cbirkby65@cdbaby.com
223,Stefa Stronghill,75607 Prentice Road,23504,VA,sstronghill66@census.gov
224,Suzanne MacGibbon,785 Michigan Alley,15235,PA,smacgibbon67@narod.ru
225,Fidel Yoxall,579 Warbler Plaza,01105,MA,fyoxall68@ovh.net
226,Emmye Paybody,98 Meadow Ridge Circle,23228,VA,epaybody69@parallels.com
227,Joleen Hacquoil,63 Banding Junction,23668,VA,jhacquoil6a@ca.gov
228,Osmund Morshead,488 Scott Road,10125,NY,omorshead6b@arstechnica.com
229,Michelina Prater,8360 Sachs Point,63143,MO,mprater6c@google.ru
230,Benedicto Pipworth,4 Ilene Pass,80930,CO,bpipworth6d@usgs.gov
231,Kurt Copyn,19860 Colorado Pass,18514,PA,kcopyn6e@histats.com
232,Bonnibelle Bastable,51954 Harbort Terrace,96805,HI,bbastable6f@yelp.com
233,Udell Leggan,4370 Beilfuss Parkway,37665,TN,uleggan6g@biglobe.ne.jp
234,Orson Otley,823 Oak Valley Point,78426,TX,ootley6h@japanpost.jp
235,Lise Sommerlin,9057 Sutteridge Way,63131,MO,lsommerlin6i@netlog.com
236,Erek Hudless,4228 Delaware Drive,46278,IN,ehudless6j@nytimes.com
237,Alick Boards,98422 La Follette Crossing,21290,MD,aboards6k@paginegialle.it
238,Luz Seakes,57358 Rowland Plaza,74170,OK,lseakes6l@ucsd.edu
239,Fee Langmaid,6 Morning Park,11447,NY,flangmaid6m@arizona.edu
240,Melody Belliveau,60 Walton Parkway,36125,AL,mbelliveau6n@altervista.org
241,Aurelea Ridout,88 Comanche Lane,30061,GA,aridout6o@weather.com
242,Ethan Hamflett,61796 Kipling Alley,84409,UT,ehamflett6p@163.com
243,Carolin Rasher,14 Buhler Plaza,33147,FL,crasher6q@guardian.co.uk
244,Bobina Bertelsen,728 Johnson Parkway,79118,TX,bbertelsen6r@engadget.com
245,Ambrosio David,11499 Hovde Crossing,61709,IL,adavid6s@printfriendly.com
246,Annette Revening,8 Erie Trail,20508,DC,arevening6t@tiny.cc
247,Vern Leadstone,81034 Tennessee Street,02162,MA,vleadstone6u@forbes.com
248,Katalin Hubbocks,4 Fordem Lane,25770,WV,khubbocks6v@columbia.edu
249,Khalil Custance,7 Corben Park,15279,PA,kcustance6w@china.com.cn
250,Georges Brunnen,29 Nevada Parkway,28299,NC,gbrunnen6x@about.me
251,Sheppard Causey,26 Browning Street,83206,ID,scausey6y@1688.com
252,Alfons Waldock,8074 Kings Point,77293,TX,awaldock6z@sourceforge.net
253,Leonid Husbands,1 Debs Lane,33467,FL,lhusbands70@ox.ac.uk
254,Simona Vowles,0 Center Pass,22119,VA,svowles71@freewebs.com
255,Warren Wodeland,45577 Sutherland Center,33467,FL,wwodeland72@tripod.com
256,Sunny Simoneschi,8839 Jay Terrace,11241,NY,ssimoneschi73@cnet.com
257,Grayce Mussalli,75795 Logan Court,33164,FL,gmussalli74@delicious.com
258,Brande Faircliffe,23 Hayes Lane,07310,NJ,bfaircliffe75@ebay.com
259,Beverlie Conelly,59 Vernon Way,78215,TX,bconelly76@vkontakte.ru
260,Paxon Ashelford,5786 Anderson Terrace,92030,CA,pashelford77@tumblr.com
261,Johna Gulleford,2845 Spenser Trail,66629,KS,jgulleford78@clickbank.net
262,Seumas Rubrow,89189 Spaight Point,33680,FL,srubrow79@sitemeter.com
263,Cooper Schole,2 Cardinal Pass,94273,CA,cschole7a@twitpic.com
264,Tanney Hillum,86451 Lukken Junction,48295,MI,thillum7b@wikispaces.com
265,Emelita Blouet,14789 Kipling Hill,68517,NE,eblouet7c@craigslist.org
266,Caitlin Dauby,2258 Arrowood Lane,20425,DC,cdauby7d@msu.edu
267,Rowland Huc,353 Fulton Parkway,80241,CO,rhuc7e@youtu.be
268,Hamlin Cummins,630 Gulseth Junction,02745,MA,hcummins7f@mozilla.com
269,Merola Kollaschek,84711 Thierer Hill,29610,SC,mkollaschek7g@seattletimes.com
270,Keary Aveson,74 Basil Hill,95118,CA,kaveson7h@blog.com
271,Joscelin Ormesher,49699 Anthes Street,62711,IL,jormesher7i@amazonaws.com
272,Benita Rein,576 Browning Park,74133,OK,brein7j@mashable.com
273,Coralyn Shovelbottom,09098 Scofield Drive,11231,NY,cshovelbottom7k@ihg.com
274,Ricoriki Hargrave,5 Crescent Oaks Pass,75372,TX,rhargrave7l@unc.edu
275,Kelley Orrey,92449 Loomis Park,77055,TX,korrey7m@angelfire.com
276,Sissy Eyrl,0 School Junction,79605,TX,seyrl7n@edublogs.org
277,Issie Manderson,193 Fordem Trail,80204,CO,imanderson7o@networksolutions.com
278,Lauree Ferruzzi,2992 Lighthouse Bay Junction,29625,SC,lferruzzi7p@nydailynews.com
279,Leandra Dowse,9868 Main Crossing,40280,KY,ldowse7q@theguardian.com
280,Dorris Ebbetts,028 Scott Junction,92137,CA,debbetts7r@nba.com
281,Miner Duckers,453 Orin Junction,74184,OK,mduckers7s@theglobeandmail.com
282,Reinhard Gwillyam,413 Manitowish Lane,13505,NY,rgwillyam7t@about.com
283,Margot Lighton,92569 Everett Court,80525,CO,mlighton7u@parallels.com
284,Alysia Browell,83602 Park Meadow Park,55114,MN,abrowell7v@mediafire.com
285,Rosaline Holberry,67 Raven Park,45807,OH,rholberry7w@springer.com
286,Jefferey Cowern,19970 Crownhardt Pass,19897,DE,jcowern7x@t-online.de
287,Rance Edmonds,4 Victoria Circle,20370,DC,redmonds7y@shop-pro.jp
288,Raychel Smouten,0655 Kensington Drive,35295,AL,rsmouten7z@domainmarket.com
289,Saudra Skull,050 Esker Road,35805,AL,sskull80@vistaprint.com
290,Brook Charman,421 Dottie Circle,20530,DC,bcharman81@networksolutions.com
291,Sena Light,79 Di Loreto Trail,75397,TX,slight82@flickr.com
292,Brit Kuna,62 Tennessee Trail,31190,GA,bkuna83@cargocollective.com
293,Missy Waadenburg,265 Continental Crossing,29416,SC,mwaadenburg84@sourceforge.net
294,Gay Tythacott,0 Rigney Crossing,07505,NJ,gtythacott85@pinterest.com
295,Pancho Rosenberg,9412 Dayton Pass,90405,CA,prosenberg86@usa.gov
296,Chloette Roocroft,98 Florence Way,22119,VA,croocroft87@tiny.cc
297,Hannah Grunwall,2 Roxbury Hill,06816,CT,hgrunwall88@icio.us
298,Cary Dingle,318 Green Ridge Park,97206,OR,cdingle89@elpais.com
299,Michale Pierucci,2141 Gateway Parkway,18763,PA,mpierucci8a@blog.com
300,Gayleen Gemeau,386 Graedel Drive,61629,IL,ggemeau8b@pcworld.com
301,Brandea Wateridge,990 Novick Plaza,48098,MI,bwateridge8c@princeton.edu
302,Austin Riccard,7 Cody Street,10165,NY,ariccard8d@rambler.ru
303,Griff Bearham,745 Butternut Lane,70894,LA,gbearham8e@google.es
304,Zerk Bonny,4 Huxley Drive,10310,NY,zbonny8f@themeforest.net
305,Duff Ringham,1 Oak Valley Terrace,14614,NY,dringham8g@stanford.edu
306,Angil Clapton,5922 Pearson Junction,70160,LA,aclapton8h@microsoft.com
307,Kerianne Sager,118 Lillian Hill,22047,VA,ksager8i@about.com
308,Marylee Cyster,8 Vahlen Circle,89519,NV,mcyster8j@ask.com
309,Clem Laverack,3833 Knutson Avenue,33620,FL,claverack8k@columbia.edu
310,Jeffy Lynas,4655 Schmedeman Junction,16522,PA,jlynas8l@kickstarter.com
311,Floris Sans,6158 Everett Lane,01114,MA,fsans8m@rambler.ru
312,Estrellita Bibbie,9869 Lukken Point,90847,CA,ebibbie8n@aol.com
313,Juliette Kittredge,107 Erie Alley,89087,NV,jkittredge8o@goo.ne.jp
314,Michal Surpliss,70 Monica Court,80044,CO,msurpliss8p@prlog.org
315,Neila Greensitt,5934 Hayes Alley,20436,DC,ngreensitt8q@w3.org
316,Consuela De Giorgi,678 Armistice Way,37416,TN,cde8r@answers.com
317,Daffie Smylie,7368 Norway Maple Way,23213,VA,dsmylie8s@tinypic.com
318,Brent Stidson,9604 Ohio Junction,85737,AZ,bstidson8t@ihg.com
319,Irena Mattin,4686 Springs Circle,93381,CA,imattin8u@soundcloud.com
320,Enrica Volett,53 Kings Plaza,34474,FL,evolett8v@va.gov
321,Alvis Grose,643 Farwell Court,95818,CA,agrose8w@godaddy.com
322,Portia Parkyns,50 Park Meadow Street,32236,FL,pparkyns8x@loc.gov
323,Edyth Glazzard,67 Troy Plaza,10060,NY,eglazzard8y@cpanel.net
324,Trever Kock,57 4th Crossing,02745,MA,tkock8z@apache.org
325,Rogers Nutbean,51274 Eliot Plaza,68110,NE,rnutbean90@fc2.com
326,Geralda Edgerly,64049 Bayside Circle,85737,AZ,gedgerly91@angelfire.com
327,Nelia Castard,25937 Scott Drive,60646,IL,ncastard92@liveinternet.ru
328,Janos Reubbens,358 5th Crossing,34605,FL,jreubbens93@netlog.com
329,Catharina Chinn,69008 Bartelt Terrace,92645,CA,cchinn94@alibaba.com
330,Cindee McIlherran,22 West Center,20442,DC,cmcilherran95@mlb.com
331,Ann-marie Orsi,77 Onsgard Park,65805,MO,aorsi96@ustream.tv
332,Kit Huegett,00 Sunfield Circle,33906,FL,khuegett97@cargocollective.com
333,Nathan Sigart,865 Miller Place,10019,NY,nsigart98@delicious.com
334,Barde Tamsett,7 Cottonwood Lane,92844,CA,btamsett99@lulu.com
335,Keane Wathell,266 Annamark Junction,20508,DC,kwathell9a@delicious.com
336,Meggi Clemendot,9 Bunting Center,22036,VA,mclemendot9b@blogs.com
337,Maia Hegley,86652 Kensington Crossing,92513,CA,mhegley9c@oaic.gov.au
338,Galvin Hayton,017 Elka Street,10150,NY,ghayton9d@ask.com
339,Skippy Moiser,34495 John Wall Drive,85284,AZ,smoiser9e@joomla.org
340,Loleta Dominicacci,473 American Ash Way,60641,IL,ldominicacci9f@techcrunch.com
341,Ralph McCoole,7 4th Drive,83727,ID,rmccoole9g@scribd.com
342,Dalila Roddick,01298 Morning Road,27621,NC,droddick9h@senate.gov
343,Earlie Batrop,6 Nelson Plaza,33023,FL,ebatrop9i@google.com
344,Dud Coveney,5028 Logan Center,60641,IL,dcoveney9j@edublogs.org
345,Beret Vardy,71 Banding Way,78260,TX,bvardy9k@wordpress.com
346,Paton Kington,15119 Bonner Point,94913,CA,pkington9l@mozilla.com
347,Myrta Tyers,0 Spenser Crossing,45505,OH,mtyers9m@noaa.gov
348,Maud Stonary,6 Twin Pines Terrace,32941,FL,mstonary9n@wsj.com
349,Delbert Haselden,6259 Prentice Lane,77844,TX,dhaselden9o@umn.edu
350,Sandra Buxsey,493 Sachs Terrace,33436,FL,sbuxsey9p@deliciousdays.com
351,Carry Delamaine,53402 Evergreen Alley,95150,CA,cdelamaine9q@marketwatch.com
352,Polly Stobbie,3 Hoffman Hill,91186,CA,pstobbie9r@drupal.org
353,Dodie Rack,5859 Elgar Crossing,99522,AK,drack9s@msu.edu
354,Celine Dawbury,51523 Lakewood Gardens Pass,77234,TX,cdawbury9t@house.gov
355,Nan Hartwright,94 Florence Street,92862,CA,nhartwright9u@reddit.com
356,Gwendolen Muckersie,48961 Muir Circle,50369,IA,gmuckersie9v@hexun.com
357,Kat Bastide,601 Erie Crossing,94042,CA,kbastide9w@studiopress.com
358,Elwin Gaitskill,87 Old Shore Park,71105,LA,egaitskill9x@cyberchimps.com
359,Etheline Borgnol,761 Holy Cross Court,27635,NC,eborgnol9y@homestead.com
360,Tudor Minghi,3 Quincy Parkway,14220,NY,tminghi9z@infoseek.co.jp
361,Leese Gilhooly,66628 Warrior Plaza,45271,OH,lgilhoolya0@hubpages.com
362,Mariejeanne Bestwick,811 7th Way,30022,GA,mbestwicka1@ihg.com
363,Gwendolyn Wedlake,26 Fairview Park,33111,FL,gwedlakea2@dailymotion.com
364,June Jirka,8365 Dapin Lane,55127,MN,jjirkaa3@theglobeandmail.com
365,Karina Sparrow,241 Londonderry Trail,20892,MD,ksparrowa4@harvard.edu
366,Roberta Sydry,10 Mallory Trail,32919,FL,rsydrya5@opensource.org
367,Sandra Seamon,5496 Arizona Road,33906,FL,sseamona6@yahoo.com
368,Jasmine Camus,030 Quincy Plaza,17405,PA,jcamusa7@house.gov
369,Marnia Gaitung,09062 Park Meadow Pass,87505,NM,mgaitunga8@discuz.net
370,Juditha Dummer,880 Shelley Parkway,90076,CA,jdummera9@yolasite.com
371,Brit Grimsell,385 Golf Court,65898,MO,bgrimsellaa@4shared.com
372,Janeen Puncher,960 Artisan Place,50305,IA,jpuncherab@quantcast.com
373,Barde Kealy,12 Nova Lane,12325,NY,bkealyac@ameblo.jp
374,Mata Finlry,67279 Dapin Avenue,96825,HI,mfinlryad@networkadvertising.org
375,Dev Smellie,8 Oak Valley Junction,25716,WV,dsmellieae@usgs.gov
376,Lib Hunnicot,2531 Green Ridge Avenue,75310,TX,lhunnicotaf@woothemes.com
377,Ephrem MacLaren,545 School Crossing,33605,FL,emaclarenag@sakura.ne.jp
378,Bren Palke,8 Ohio Plaza,29610,SC,bpalkeah@joomla.org
379,Caron Maingot,476 Ruskin Terrace,73173,OK,cmaingotai@hud.gov
380,Talyah Phelan,802 Milwaukee Junction,01813,MA,tphelanaj@comsenz.com
381,Jereme Vannah,086 Arrowood Circle,29403,SC,jvannahak@seattletimes.com
382,Noll Petrasek,53445 Loeprich Place,35254,AL,npetrasekal@imageshack.us
383,Mariana Durbann,44 Golf View Lane,30306,GA,mdurbannam@springer.com
384,Hew Balharry,97 Harper Point,71161,LA,hbalharryan@google.nl
385,Jessika Statefield,00994 Caliangt Avenue,44705,OH,jstatefieldao@artisteer.com
386,Venita Shearmur,62680 East Terrace,44185,OH,vshearmurap@oakley.com
387,Margret Cutajar,8 Coleman Plaza,70187,LA,mcutajaraq@opera.com
388,Nelson Ervin,51 Schmedeman Alley,95160,CA,nervinar@cdbaby.com
389,Chrissie Carncross,5584 Boyd Park,36109,AL,ccarncrossas@webs.com
390,Flss Margarson,8 Elmside Crossing,02109,MA,fmargarsonat@pinterest.com
391,Udale Gwyn,067 Moose Point,33633,FL,ugwynau@icq.com
392,Abagail Gerhartz,33 Shelley Hill,71914,AR,agerhartzav@instagram.com
393,Zonda Cantle,34729 Lotheville Terrace,85219,AZ,zcantleaw@dell.com
394,Luke Dzenisenka,713 Oneill Road,78265,TX,ldzenisenkaax@engadget.com
395,Morten Lutty,5051 Jenna Alley,85205,AZ,mluttyay@sbwire.com
396,Jeanelle Edess,907 Tennessee Lane,93778,CA,jedessaz@senate.gov
397,Darcie Frowing,9 Mcbride Circle,49444,MI,dfrowingb0@comcast.net
398,Glyn Saiger,12 Hollow Ridge Place,92145,CA,gsaigerb1@bbc.co.uk
399,Roseanna Fincke,41 Magdeline Center,37228,TN,rfinckeb2@cargocollective.com
400,Lianna Gummie,955 Coolidge Junction,10464,NY,lgummieb3@uol.com.br
401,Clim Snasel,1 Pleasure Plaza,13217,NY,csnaselb4@sfgate.com
402,Britt Moroney,04 Goodland Street,75185,TX,bmoroneyb5@alexa.com
403,Bevan Hounihan,34820 Bunting Junction,55905,MN,bhounihanb6@salon.com
404,Robenia Zylberdik,79219 American Drive,77299,TX,rzylberdikb7@squidoo.com
405,Lanna Gates,2873 Sundown Alley,10203,NY,lgatesb8@squarespace.com
406,Drucie Le Floch,34 Sunbrook Trail,55407,MN,dleb9@phpbb.com
407,Donella Montfort,78 Arrowood Parkway,35263,AL,dmontfortba@unicef.org
408,Annadiana Latham,10 Mandrake Park,64101,MO,alathambb@google.cn
409,Phaidra Dimelow,533 Corry Trail,94405,CA,pdimelowbc@blogspot.com
410,Olivie Piscot,1 Roth Avenue,35279,AL,opiscotbd@uiuc.edu
411,Jemmie Sans,3 Karstens Place,30343,GA,jsansbe@ow.ly
412,Katrine Berney,54256 Thackeray Lane,07195,NJ,kberneybf@plala.or.jp
413,Onfroi Abramsky,38102 Memorial Park,19178,PA,oabramskybg@nhs.uk
414,Kayley Nawton,33661 Russell Avenue,40745,KY,knawtonbh@google.nl
415,Larisa Botwood,77 Orin Pass,71307,LA,lbotwoodbi@fda.gov
416,Alane Fishbourn,9064 Goodland Junction,70593,LA,afishbournbj@hexun.com
417,Poul Naire,070 Nancy Trail,33421,FL,pnairebk@soup.io
418,Andeee Revelle,08873 Glacier Hill Alley,83705,ID,arevellebl@chronoengine.com
419,Robinet Curnick,8 Scofield Lane,77040,TX,rcurnickbm@weather.com
420,Herta Goucher,7051 Hoepker Park,43610,OH,hgoucherbn@earthlink.net
421,Valida MacTrustie,21466 Jackson Circle,75246,TX,vmactrustiebo@examiner.com
422,Natassia Bullick,5439 Del Mar Alley,34479,FL,nbullickbp@vkontakte.ru
423,Eartha Govier,095 Banding Alley,44197,OH,egovierbq@infoseek.co.jp
424,Charin Norrey,9525 Chinook Place,43666,OH,cnorreybr@blogs.com
425,Samuel Volonte,2209 Lakeland Trail,85083,AZ,svolontebs@loc.gov
426,Keven Skittles,979 Declaration Lane,87505,NM,kskittlesbt@samsung.com
427,Faydra Andrini,6562 Graceland Alley,64054,MO,fandrinibu@facebook.com
428,Sammy Rosenvasser,6 Northview Circle,33013,FL,srosenvasserbv@w3.org
429,Amargo Iacomettii,7 Corry Trail,71151,LA,aiacomettiibw@cnet.com
430,Averil Szymon,276 Golf Pass,93778,CA,aszymonbx@infoseek.co.jp
431,Derrek Hunnybun,00369 Roth Point,79916,TX,dhunnybunby@newyorker.com
432,Sylvan Gerty,67979 Washington Place,91199,CA,sgertybz@a8.net
433,Jacky Kittles,788 Forster Hill,87115,NM,jkittlesc0@friendfeed.com
434,Felizio Talmadge,33 Elgar Trail,48242,MI,ftalmadgec1@examiner.com
435,Bea Constance,952 Helena Parkway,15205,PA,bconstancec2@chronoengine.com
436,Giovanna Edwicker,68 Rutledge Street,60630,IL,gedwickerc3@ask.com
437,Ertha Luddy,5112 Fieldstone Court,36134,AL,eluddyc4@constantcontact.com
438,Henrieta Spire,4 Pepper Wood Court,76705,TX,hspirec5@cnn.com
439,Shaylah Mee,435 Golden Leaf Alley,15255,PA,smeec6@biglobe.ne.jp
440,Ebony Gibke,52682 Sullivan Road,02298,MA,egibkec7@networkadvertising.org
441,Camey Courtois,9 Cottonwood Court,10060,NY,ccourtoisc8@state.tx.us
442,Silva Pollock,0821 Springview Point,32209,FL,spollockc9@admin.ch
443,Gail Graddon,4897 Ronald Regan Crossing,79911,TX,ggraddonca@phpbb.com
444,Juana Prendeguest,8 Westport Avenue,35205,AL,jprendeguestcb@time.com
445,Berte Allderidge,3122 Fremont Drive,90405,CA,ballderidgecc@theglobeandmail.com
446,Aldus Peplay,6561 Golden Leaf Crossing,75221,TX,apeplaycd@soundcloud.com
447,Desi Ealam,26272 Sachtjen Avenue,67236,KS,dealamce@trellian.com
448,Morlee Trobe,68255 Michigan Junction,33069,FL,mtrobecf@cisco.com
449,Louisa Richel,89930 Bartillon Plaza,77245,TX,lrichelcg@businessweek.com
450,Zak Hargerie,775 Ohio Avenue,31914,GA,zhargeriech@eepurl.com
451,Jaimie Runham,3666 Grayhawk Lane,35905,AL,jrunhamci@deviantart.com
452,Jodie Hodgin,906 Iowa Crossing,19810,DE,jhodgincj@nba.com
453,Kerstin Hapke,97 Graedel Parkway,29805,SC,khapkeck@list-manage.com
454,Ike Marjanski,11 Lotheville Lane,70124,LA,imarjanskicl@sciencedirect.com
455,Sharline Wyeld,07031 Eagan Parkway,72916,AR,swyeldcm@flickr.com
456,Gabriel McVanamy,515 Memorial Avenue,60609,IL,gmcvanamycn@seesaa.net
457,Blancha Ahmed,56 Hansons Avenue,14276,NY,bahmedco@bravesites.com
458,Ezequiel Beckensall,494 Hallows Circle,60158,IL,ebeckensallcp@alexa.com
459,Cammy Dybell,4 Saint Paul Court,33673,FL,cdybellcq@google.it
460,Thornie Cordingly,45 Karstens Court,23242,VA,tcordinglycr@cargocollective.com
461,Ardene Houlden,83287 Hanover Parkway,98206,WA,ahouldencs@quantcast.com
462,Lanny Firks,7 Forest Dale Park,80925,CO,lfirksct@rakuten.co.jp
463,Ailyn Showen,9667 Killdeer Drive,85099,AZ,ashowencu@wikia.com
464,Jonathan Zink,466 Hayes Terrace,31405,GA,jzinkcv@dailymotion.com
465,Arnuad Helstrip,58303 Holy Cross Avenue,12237,NY,ahelstripcw@paginegialle.it
466,Rancell Vanezis,92 Northview Alley,39204,MS,rvaneziscx@netscape.com
467,Annmaria Venus,15 Scott Drive,94116,CA,avenuscy@mediafire.com
468,Lizzie Blackeby,48837 Texas Road,94302,CA,lblackebycz@oaic.gov.au
469,Jere Tyreman,835 Northfield Hill,28230,NC,jtyremand0@xinhuanet.com
470,Donni Libbey,8 Stuart Place,75037,TX,dlibbeyd1@kickstarter.com
471,Markos Wanka,113 Saint Paul Plaza,96805,HI,mwankad2@edublogs.org
472,Orson Dagworthy,254 Utah Plaza,32304,FL,odagworthyd3@jigsy.com
473,Chase Bruntje,955 Carey Plaza,74108,OK,cbruntjed4@tinyurl.com
474,Roarke Langford,19 Gerald Road,26505,WV,rlangfordd5@cnet.com
475,Nicole McLennan,1822 Debs Park,30340,GA,nmclennand6@cbslocal.com
476,Riannon Kliment,93863 Anniversary Center,31136,GA,rklimentd7@samsung.com
477,Jackqueline MacSkeagan,46539 Atwood Trail,16550,PA,jmacskeagand8@zdnet.com
478,Cybil LAbbet,2 Hermina Hill,77713,TX,clabbetd9@technorati.com
479,Charlena Akid,76000 Talisman Drive,20238,DC,cakidda@chicagotribune.com
480,Torrie Romero,5 Kropf Hill,33906,FL,tromerodb@rediff.com
481,Sibyl Blandford,0910 Fair Oaks Junction,78235,TX,sblandforddc@sakura.ne.jp
482,Paulette Kovelmann,896 Dayton Pass,85754,AZ,pkovelmanndd@artisteer.com
483,Tally Tregiddo,077 Cherokee Point,15134,PA,ttregiddode@fastcompany.com
484,Timmie Belch,4878 Basil Center,99512,AK,tbelchdf@over-blog.com
485,Kaia Nuccitelli,85115 Johnson Street,30301,GA,knuccitellidg@disqus.com
486,Martin Miners,3028 Surrey Alley,37914,TN,mminersdh@unicef.org
487,Averell Quest,37076 Springview Place,80223,CO,aquestdi@mtv.com
488,Adara Catterson,79 Thierer Street,80910,CO,acattersondj@w3.org
489,Sue Farrey,90 Eastlawn Drive,14210,NY,sfarreydk@dyndns.org
490,Joleen Stillman,3525 Harbort Hill,89074,NV,jstillmandl@istockphoto.com
491,Eugene Chadderton,5 Sauthoff Place,84115,UT,echaddertondm@eventbrite.com
492,Hephzibah Werner,27 Summit Parkway,71105,LA,hwernerdn@yale.edu
493,Erny Heinecke,13 Debra Street,66699,KS,eheineckedo@ustream.tv
494,Averill Chason,1 7th Pass,89140,NV,achasondp@howstuffworks.com
495,Gert Sewart,07 Reindahl Pass,13224,NY,gsewartdq@washingtonpost.com
496,Catlaina Douce,37900 Marquette Place,49018,MI,cdoucedr@delicious.com
497,Caryl Kynoch,031 Glacier Hill Street,21405,MD,ckynochds@quantcast.com
498,Gerhard Staker,8 Atwood Court,33013,FL,gstakerdt@discuz.net
499,Janice Upsale,65310 Karstens Way,27717,NC,jupsaledu@jigsy.com
500,Archibold Whitehorn,78 Carey Street,33777,FL,awhitehorndv@jigsy.com
501,Milissent Laflin,65 Atwood Court,14683,NY,mlaflindw@1und1.de
502,Crissy Brechin,31320 Golf Hill,06825,CT,cbrechindx@archive.org
503,Kira Orniz,193 Forest Dale Junction,33913,FL,kornizdy@usatoday.com
504,Cesya Morigan,2347 Loftsgordon Crossing,85246,AZ,cmorigandz@twitter.com
505,Lucius Fairbairn,6727 Fair Oaks Hill,37931,TN,lfairbairne0@prweb.com
506,Em Attwater,89341 Dorton Crossing,80310,CO,eattwatere1@bloomberg.com
507,Rowan Patmore,0 Cordelia Park,79977,TX,rpatmoree2@deliciousdays.com
508,Claudie Mingo,3 Marquette Place,48550,MI,cmingoe3@merriam-webster.com
509,Norrie Haig,3 Kim Drive,35210,AL,nhaige4@ft.com
510,Cheryl Slisby,8 Scofield Trail,33543,FL,cslisbye5@wikispaces.com
511,Irvine Sheron,55 Monument Court,62776,IL,isherone6@ycombinator.com
512,Forrester Cristofori,2927 Cardinal Center,33680,FL,fcristoforie7@spotify.com
513,Giacomo Copland,0 Hoard Street,23225,VA,gcoplande8@icio.us
514,Nial Bulteel,48172 Daystar Trail,60604,IL,nbulteele9@zdnet.com
515,Georgie Toxell,4 Grayhawk Center,18505,PA,gtoxellea@wix.com
516,Gerrie Stent,78668 Helena Place,94121,CA,gstenteb@skype.com
517,Marjie Petrina,555 Monterey Avenue,55585,MN,mpetrinaec@gnu.org
518,Doloritas Yellowlea,1018 Westport Circle,92176,CA,dyellowleaed@ucsd.edu
519,Cleopatra Danher,391 Mayfield Center,63126,MO,cdanheree@statcounter.com
520,Regine Mecco,19 Sullivan Drive,20456,DC,rmeccoef@europa.eu
521,Shane Hembrow,12263 Lunder Trail,24515,VA,shembroweg@elegantthemes.com
522,Alexei Krink,49 Lukken Lane,73157,OK,akrinkeh@deliciousdays.com
523,August Scraggs,55265 Muir Avenue,33487,FL,ascraggsei@over-blog.com
524,Tabor Gilliam,63176 Stone Corner Street,60193,IL,tgilliamej@ft.com
525,Alyss Rubra,5929 Marcy Junction,33141,FL,arubraek@vistaprint.com
526,Austen Hince,828 Melody Crossing,43284,OH,ahinceel@vimeo.com
527,Serene Bootton,74116 Norway Maple Terrace,72231,AR,sboottonem@adobe.com
528,Agace Essex,76 Upham Drive,76598,TX,aessexen@mashable.com
529,Ros Sangra,927 Grim Place,74184,OK,rsangraeo@xrea.com
530,Nehemiah Pidgin,62 Cottonwood Court,45271,OH,npidginep@amazonaws.com
531,Alli Josephs,00 Burrows Point,55590,MN,ajosephseq@nature.com
532,Adan Ingham,51214 Vera Avenue,19892,DE,ainghamer@networkadvertising.org
533,Alexandros Buttress,78132 Forest Junction,80925,CO,abuttresses@angelfire.com
534,Olivia Edie,3 Maple Wood Place,77070,TX,oedieet@sfgate.com
535,Isaac Plenderleith,0 Starling Lane,85030,AZ,iplenderleitheu@hao123.com
536,Caleb Idell,2 Dixon Crossing,28205,NC,cidellev@cloudflare.com
537,Rudolfo Kuhnert,37 Hallows Crossing,50362,IA,rkuhnertew@wordpress.org
538,Dwayne McTerrelly,9627 John Wall Parkway,34474,FL,dmcterrellyex@un.org
539,Benjie Januszkiewicz,771 Bluejay Place,77234,TX,bjanuszkiewiczey@irs.gov
540,Shela Earingey,0 Hallows Road,98133,WA,searingeyez@ning.com
541,Gaile Pfeuffer,4561 Banding Parkway,30306,GA,gpfeufferf0@wix.com
542,Garwood Baumadier,058 Mayer Center,75353,TX,gbaumadierf1@sfgate.com
543,Sylas Benedick,15 Goodland Circle,23605,VA,sbenedickf2@biglobe.ne.jp
544,Kamilah Kalkhoven,2332 Springview Hill,10029,NY,kkalkhovenf3@nbcnews.com
545,Toby Trice,85924 Merchant Terrace,32277,FL,ttricef4@nasa.gov
546,Cymbre Hargraves,047 Morning Place,47306,IN,chargravesf5@spotify.com
547,Dodi Akehurst,2802 Northport Hill,74141,OK,dakehurstf6@time.com
548,Pall Whall,4 Mitchell Terrace,40256,KY,pwhallf7@merriam-webster.com
549,Gil Flahive,7481 Heath Plaza,25331,WV,gflahivef8@diigo.com
550,Augustine Flannery,5194 Roxbury Lane,21405,MD,aflanneryf9@elpais.com
551,Janos Drinkwater,92 Erie Alley,25356,WV,jdrinkwaterfa@github.io
552,Dusty Dublin,108 Warner Drive,16550,PA,ddublinfb@youku.com
553,Jess Autin,91 Pawling Circle,64054,MO,jautinfc@skyrock.com
554,Marcelline Hume,539 Oxford Pass,67260,KS,mhumefd@bloomberg.com
555,Jori Cordingly,88 Hagan Drive,33499,FL,jcordinglyfe@webs.com
556,Sheffy Lilian,722 Hauk Road,35215,AL,slilianff@fotki.com
557,Abelard Briton,7733 1st Trail,88579,TX,abritonfg@guardian.co.uk
558,Sigvard Forkan,72 Sachs Place,98166,WA,sforkanfh@vk.com
559,Huntley Luebbert,89 Buhler Hill,71151,LA,hluebbertfi@yellowbook.com
560,Vikki Egar,21040 Straubel Court,76105,TX,vegarfj@zdnet.com
561,James Strawbridge,82697 Delaware Pass,33305,FL,jstrawbridgefk@cdc.gov
562,Isidore Pagden,90 Shasta Point,72222,AR,ipagdenfl@sciencedaily.com
563,Timmie Bosch,3 Redwing Trail,75342,TX,tboschfm@tuttocitta.it
564,Tedra Dougherty,4109 Onsgard Point,39216,MS,tdoughertyfn@statcounter.com
565,Faye Longmire,6737 Nevada Crossing,33129,FL,flongmirefo@ebay.com
566,Shep Bracci,841 Dexter Parkway,79188,TX,sbraccifp@sogou.com
567,Carlie Sex,057 Daystar Way,46266,IN,csexfq@hexun.com
568,Nonie Kedward,2040 Muir Plaza,31405,GA,nkedwardfr@netvibes.com
569,Gretel Neubigging,7 Helena Plaza,66205,KS,gneubiggingfs@mail.ru
570,Ava McGovern,67 Union Terrace,48956,MI,amcgovernft@theglobeandmail.com
571,Andrei Siemianowicz,3 Dayton Street,75799,TX,asiemianowiczfu@google.pl
572,Caspar Candy,90577 Dixon Terrace,13210,NY,ccandyfv@ft.com
573,Holmes Kitcher,12 Loftsgordon Alley,14269,NY,hkitcherfw@nymag.com
574,Clerc Strippling,489 Mosinee Plaza,93111,CA,cstripplingfx@ihg.com
575,Niles MacLucais,908 Dexter Terrace,12205,NY,nmaclucaisfy@sogou.com
576,Alon Powderham,6685 Welch Crossing,29411,SC,apowderhamfz@apache.org
577,Susette Crux,33 Lighthouse Bay Street,55598,MN,scruxg0@howstuffworks.com
578,Biron Raveau,38066 Sloan Road,37939,TN,braveaug1@chron.com
579,Iver Boate,2 Corscot Park,33694,FL,iboateg2@rediff.com
580,Amargo Velez,30 Atwood Court,78682,TX,avelezg3@woothemes.com
581,Allina Dollar,79 Buena Vista Parkway,49048,MI,adollarg4@aboutads.info
582,Filmer Remon,312 Saint Paul Junction,75277,TX,fremong5@alexa.com
583,Dalton Welds,40188 Menomonie Pass,73152,OK,dweldsg6@sitemeter.com
584,Barbee Wallwork,2047 Lillian Court,19886,DE,bwallworkg7@state.tx.us
585,Janey Grebert,57 Victoria Alley,08922,NJ,jgrebertg8@people.com.cn
586,Horatius Shoebotham,27 Elka Place,21239,MD,hshoebothamg9@artisteer.com
587,Garrot Olerenshaw,8738 Rutledge Trail,79605,TX,golerenshawga@economist.com
588,Mara Josefowicz,9 Pennsylvania Alley,75210,TX,mjosefowiczgb@google.ru
589,Vinita Crowche,6 Main Avenue,78220,TX,vcrowchegc@oracle.com
590,Orland Borkett,6 Westerfield Pass,29215,SC,oborkettgd@yahoo.com
591,Quinta Shimuk,541 Autumn Leaf Place,74133,OK,qshimukge@privacy.gov.au
592,Rena Symper,090 Summer Ridge Lane,39210,MS,rsympergf@free.fr
593,Julita Richin,0268 Gale Terrace,31405,GA,jrichingg@businessweek.com
594,Ernst Timewell,527 Thierer Terrace,60567,IL,etimewellgh@state.tx.us
595,Concettina Ridgley,56 Hanson Trail,83705,ID,cridgleygi@fastcompany.com
596,Lauri Mitchley,3 Heath Hill,33758,FL,lmitchleygj@ca.gov
597,Antonino Caldwell,6 Norway Maple Lane,32891,FL,acaldwellgk@wordpress.org
598,Devon Neave,20 Grim Alley,30311,GA,dneavegl@simplemachines.org
599,Wilone Biner,26 Pleasure Court,88558,TX,wbinergm@aboutads.info
600,Avrom L'Hommeau,05358 Amoth Point,26505,WV,alhommeaugn@etsy.com
601,William Murby,9 Sycamore Plaza,40596,KY,wmurbygo@msu.edu
602,De Jochen,75 Heath Lane,44177,OH,djochengp@si.edu
603,Keene Walkden,9637 Judy Street,60505,IL,kwalkdengq@ucsd.edu
604,Worth Kirsop,0552 Anderson Street,73152,OK,wkirsopgr@xing.com
605,Morgun Vaen,578 Melody Parkway,32859,FL,mvaengs@google.co.uk
606,Myrtia Cagan,14266 Sauthoff Place,22111,VA,mcagangt@tinyurl.com
607,Alwin Kurten,73 Forest Run Drive,06673,CT,akurtengu@hubpages.com
608,Tris Priter,40156 Myrtle Circle,37450,TN,tpritergv@narod.ru
609,Teresita Hansley,389 Elmside Trail,46857,IN,thansleygw@dot.gov
610,Afton Spalton,12 Spohn Way,33731,FL,aspaltongx@smugmug.com
611,Lauren Andrini,8 Mayfield Trail,29416,SC,landrinigy@nps.gov
612,Mirabelle Fidele,63312 Express Crossing,10105,NY,mfidelegz@google.nl
613,Marlowe Dugget,55670 Melvin Hill,49505,MI,mduggeth0@msu.edu
614,Adina Mearns,5 Division Avenue,23228,VA,amearnsh1@uiuc.edu
615,Corella Cullotey,26888 4th Circle,53210,WI,cculloteyh2@w3.org
616,Yoko Royson,0 Dexter Crossing,46231,IN,yroysonh3@4shared.com
617,Andie Broom,73792 Leroy Alley,33705,FL,abroomh4@hp.com
618,Nellie Cannicott,0394 Susan Circle,75221,TX,ncannicotth5@diigo.com
619,Donavon Langham,75560 Clemons Crossing,90310,CA,dlanghamh6@dmoz.org
620,Marylee Mackison,8884 6th Court,60614,IL,mmackisonh7@sun.com
621,Matthieu Chestnut,4608 Miller Crossing,30245,GA,mchestnuth8@twitter.com
622,Tobey Bromell,9288 Tennessee Way,95823,CA,tbromellh9@omniture.com
623,Ainsley Dummett,6 Tony Pass,88563,TX,adummettha@github.io
624,Christoforo Cawsey,00 Judy Place,31132,GA,ccawseyhb@huffingtonpost.com
625,Claude Yerson,05 Monica Hill,80228,CO,cyersonhc@goodreads.com
626,Nappie Huxtable,20314 Eagle Crest Parkway,64190,MO,nhuxtablehd@dion.ne.jp
627,Shannon Prodrick,8 Spaight Pass,94263,CA,sprodrickhe@51.la
628,Calida Juan,48063 Longview Junction,44310,OH,cjuanhf@seattletimes.com
629,Maximo Cadding,3279 Bartelt Park,94230,CA,mcaddinghg@ustream.tv
630,Gilbertine Newart,349 Crownhardt Parkway,95298,CA,gnewarthh@businesswire.com
631,Lula Eassom,3617 Stuart Junction,23277,VA,leassomhi@drupal.org
632,Sumner Emanulsson,65748 Morning Junction,50315,IA,semanulssonhj@furl.net
633,Markus Loins,28486 Iowa Court,97229,OR,mloinshk@friendfeed.com
634,Jacynth Tumelty,2559 Corscot Trail,93721,CA,jtumeltyhl@apple.com
635,Gunner Alpe,3 Susan Junction,33742,FL,galpehm@linkedin.com
636,Benny Pitcher,1987 Grover Road,30306,GA,bpitcherhn@earthlink.net
637,Emile Salmon,0 Pawling Place,87115,NM,esalmonho@so-net.ne.jp
638,Gilda Zarfat,470 Warner Crossing,20535,DC,gzarfathp@senate.gov
639,Adora Ewbanche,42545 Corscot Point,33018,FL,aewbanchehq@phpbb.com
640,Aldin Mitham,130 Shoshone Lane,30022,GA,amithamhr@imdb.com
641,Neilla De Castri,93 Lake View Street,44710,OH,ndehs@tinyurl.com
642,Jaquelin Langeley,9313 Eagan Place,20591,DC,jlangeleyht@mac.com
643,Coreen Hurt,450 Cascade Alley,11225,NY,churthu@blogger.com
644,Jacki Lyman,71 Manufacturers Park,11205,NY,jlymanhv@wiley.com
645,Brook Fenlon,292 Vermont Parkway,60636,IL,bfenlonhw@princeton.edu
646,Theodoric Cowp,37347 Waxwing Crossing,36109,AL,tcowphx@godaddy.com
647,Loreen Spriggin,863 Claremont Terrace,76205,TX,lsprigginhy@imdb.com
648,Salim Gale,2579 Daystar Pass,20816,MD,sgalehz@cocolog-nifty.com
649,Cyb Aronovich,0125 Butternut Court,32830,FL,caronovichi0@tinyurl.com
650,Poul Mulvaney,5279 Eliot Drive,95813,CA,pmulvaneyi1@miitbeian.gov.cn
651,Foss Nangle,19 Kipling Alley,45223,OH,fnanglei2@cisco.com
652,Smitty Terrey,925 Michigan Plaza,61709,IL,sterreyi3@cdc.gov
653,Dene Chesnut,98 Claremont Plaza,22313,VA,dchesnuti4@youku.com
654,Helaina O'Doireidh,6535 Elmside Lane,28220,NC,hodoireidhi5@creativecommons.org
655,Babita Filkin,07072 Eliot Avenue,33673,FL,bfilkini6@wikimedia.org
656,Felipe Lanham,29365 Porter Plaza,68524,NE,flanhami7@delicious.com
657,Chryste Shobbrook,46 Surrey Way,11236,NY,cshobbrooki8@google.it
658,Kizzie Coton,895 Nevada Park,88546,TX,kcotoni9@va.gov
659,Hedda Ferrierio,51288 Waywood Circle,90847,CA,hferrierioia@economist.com
660,Cliff Blunt,647 Karstens Park,31106,GA,cbluntib@businessweek.com
661,Claiborne Sine,1458 Debra Drive,90840,CA,csineic@simplemachines.org
662,Gordy Saynor,5361 Eagan Pass,45419,OH,gsaynorid@ftc.gov
663,Bonni Blackston,0509 Dahle Avenue,70836,LA,bblackstonie@mashable.com
664,Joyan Echallie,193 Arizona Alley,46278,IN,jechallieif@hatena.ne.jp
665,Ansley Strapp,5 Valley Edge Hill,63180,MO,astrappig@sakura.ne.jp
666,Demetre Monkman,2234 Sunfield Road,78726,TX,dmonkmanih@huffingtonpost.com
667,Rog Jouannisson,76 Waywood Terrace,21290,MD,rjouannissonii@unesco.org
668,Bertrand Blankman,3332 Fremont Terrace,02745,MA,bblankmanij@sphinn.com
669,Ryann Bettam,91 Nelson Park,80310,CO,rbettamik@alibaba.com
670,Teresa Minshull,220 Morning Trail,01152,MA,tminshullil@instagram.com
671,Pat Galbreath,3 Mayer Avenue,08104,NJ,pgalbreathim@opensource.org
672,Townsend Volette,784 Riverside Drive,45505,OH,tvolettein@walmart.com
673,Estevan Cavell,42 Fallview Terrace,20205,DC,ecavellio@hugedomains.com
674,Aindrea Parradine,53 Farwell Junction,53263,WI,aparradineip@exblog.jp
675,Malina Larwell,510 Mayfield Road,55436,MN,mlarwelliq@sphinn.com
676,Clare Williment,04 Raven Road,19191,PA,cwillimentir@123-reg.co.uk
677,Edwina Lomen,125 Grover Avenue,02305,MA,elomenis@stumbleupon.com
678,Francene Marnes,20645 Paget Drive,85246,AZ,fmarnesit@google.com.br
679,Gratia Butter,59 Randy Plaza,95852,CA,gbutteriu@w3.org
680,Henrieta Bridell,92965 Novick Court,94975,CA,hbridelliv@edublogs.org
681,Ethelind Rehm,5 Fremont Lane,26505,WV,erehmiw@i2i.jp
682,Ginger Purrier,67558 Granby Junction,24034,VA,gpurrierix@nymag.com
683,Hali Cutill,928 West Circle,94159,CA,hcutilliy@reference.com
684,Sigrid Deaconson,5593 Onsgard Park,34233,FL,sdeaconsoniz@gizmodo.com
685,Birgit Feronet,6235 Shoshone Avenue,32277,FL,bferonetj0@hatena.ne.jp
686,Anna-diane Farmer,0 Elka Way,34205,FL,afarmerj1@webeden.co.uk
687,Fidelity Pawelke,117 Quincy Avenue,85077,AZ,fpawelkej2@issuu.com
688,Essa Bartosik,67 Duke Street,99512,AK,ebartosikj3@huffingtonpost.com
689,Jolyn Dyers,97 La Follette Terrace,48092,MI,jdyersj4@about.me
690,Hank Tremelling,82 Dexter Point,20470,DC,htremellingj5@msn.com
691,Glynn Beddall,9 Lakewood Gardens Street,10310,NY,gbeddallj6@wired.com
692,Goldy Finden,99634 Sauthoff Junction,40586,KY,gfindenj7@domainmarket.com
693,Rhodie Carragher,578 Bartelt Hill,10115,NY,rcarragherj8@ed.gov
694,Jessa Bowller,9 Gina Hill,77035,TX,jbowllerj9@amazon.co.jp
695,Stephani Cowperthwaite,3 Birchwood Place,33982,FL,scowperthwaiteja@slate.com
696,Othella Rymill,8646 Waywood Street,64190,MO,orymilljb@huffingtonpost.com
697,Gerhard Landrick,3 Park Meadow Point,80243,CO,glandrickjc@oakley.com
698,El Cases,6021 Moland Court,44315,OH,ecasesjd@amazon.co.uk
699,Lorine Naismith,6809 Carpenter Park,07310,NJ,lnaismithje@ucoz.com
700,Adelaida McKimmie,0553 Esker Alley,19109,PA,amckimmiejf@statcounter.com
701,Madella Stobbes,16 Laurel Circle,53263,WI,mstobbesjg@bloomberg.com
702,Charissa Demann,88957 Becker Avenue,92883,CA,cdemannjh@de.vu
703,Kathe Parham,62 Manitowish Circle,48098,MI,kparhamji@fastcompany.com
704,Irma Rosenzveig,91149 Waubesa Drive,35231,AL,irosenzveigjj@mozilla.org
705,Viki Pape,742 Old Gate Avenue,12205,NY,vpapejk@jalbum.net
706,Delmer Maffucci,99330 Spenser Avenue,80217,CO,dmaffuccijl@google.com.br
707,Liliane Kid,94836 Carberry Place,90505,CA,lkidjm@dailymotion.com
708,Woodrow Marzella,924 Hayes Pass,46239,IN,wmarzellajn@google.com.br
709,Ronalda Meddings,507 Sommers Trail,29625,SC,rmeddingsjo@salon.com
710,Jocelyn Hughill,85277 Florence Terrace,19810,DE,jhughilljp@google.nl
711,Hillel Ciccetti,177 Mcguire Plaza,34981,FL,hciccettijq@sourceforge.net
712,Corie Ithell,63685 Kenwood Trail,55579,MN,cithelljr@si.edu
713,Celinka Bilbrooke,05 Elgar Junction,27409,NC,cbilbrookejs@walmart.com
714,Margarita Makeswell,02316 Hudson Way,30368,GA,mmakeswelljt@vistaprint.com
715,Audra Schneidar,293 Village Point,91109,CA,aschneidarju@intel.com
716,Sari Pietzke,23 Hollow Ridge Way,06825,CT,spietzkejv@go.com
717,Keeley Genever,5 Tomscot Road,84110,UT,kgeneverjw@ask.com
718,Fidelio Brackpool,5 Eliot Hill,73129,OK,fbrackpooljx@biblegateway.com
719,Chris Gelderd,3 Bunting Place,63110,MO,cgelderdjy@tinyurl.com
720,Neal Mebius,9 6th Drive,33075,FL,nmebiusjz@google.fr
721,Dorise Eirwin,53 Mcbride Parkway,70165,LA,deirwink0@geocities.com
722,Bree Antyshev,0 Surrey Court,53210,WI,bantyshevk1@imageshack.us
723,Kylynn Easdon,6 Fallview Place,90810,CA,keasdonk2@mac.com
724,Dermot Negro,6673 Mallard Street,87180,NM,dnegrok3@uol.com.br
725,Therine Copcott,1 Riverside Place,98166,WA,tcopcottk4@wordpress.org
726,Danna Madgwich,1716 Doe Crossing Court,80299,CO,dmadgwichk5@squarespace.com
727,Gillan Broxholme,0660 Florence Hill,28205,NC,gbroxholmek6@tripod.com
728,Cinnamon Snodden,229 Nova Circle,50369,IA,csnoddenk7@mac.com
729,Killian Foster,78 Buhler Pass,55103,MN,kfosterk8@google.com.au
730,Olenka Hicks,4735 Kings Road,62756,IL,ohicksk9@tiny.cc
731,Park Tredinnick,5 Park Meadow Crossing,39282,MS,ptredinnickka@weather.com
732,Bone Boshard,65 Sommers Park,49048,MI,bboshardkb@paypal.com
733,Saree Gasticke,1 Clemons Hill,62794,IL,sgastickekc@unesco.org
734,Sonny Levi,077 Service Center,73119,OK,slevikd@csmonitor.com
735,Gris Corkett,8329 Loomis Park,88535,TX,gcorkettke@simplemachines.org
736,Kalindi Sackey,919 Melody Hill,75710,TX,ksackeykf@blogs.com
737,Ofella Marusic,6509 Huxley Crossing,48242,MI,omarusickg@godaddy.com
738,Nannie Dacre,11776 Ronald Regan Crossing,38136,TN,ndacrekh@theatlantic.com
739,Alethea Wainscoat,9 Hayes Lane,68134,NE,awainscoatki@craigslist.org
740,Charlot Whiffen,9 Welch Pass,21229,MD,cwhiffenkj@independent.co.uk
741,Aubert Sarginson,328 Mccormick Court,77060,TX,asarginsonkk@ucoz.com
742,Christiano Rose,226 Melvin Plaza,90189,CA,crosekl@cdbaby.com
743,Koenraad Botte,837 Monterey Plaza,78205,TX,kbottekm@lycos.com
744,Robinson Wonfar,83 Rowland Avenue,98664,WA,rwonfarkn@cargocollective.com
745,Ermanno Shotter,352 Moland Center,60657,IL,eshotterko@homestead.com
746,Smitty Haseley,11014 Northwestern Circle,75231,TX,shaseleykp@auda.org.au
747,Lexi Southworth,5 Brentwood Alley,98133,WA,lsouthworthkq@google.de
748,Fayette Ohrt,5834 Sutherland Hill,95818,CA,fohrtkr@deliciousdays.com
749,Delmore Celiz,3 Buell Parkway,28805,NC,dcelizks@imgur.com
750,Nils Kleinhandler,7994 Sutteridge Trail,45228,OH,nkleinhandlerkt@github.io
751,Alano Philippart,2 Onsgard Road,35405,AL,aphilippartku@feedburner.com
752,Parke Kloska,68 Utah Crossing,50330,IA,pkloskakv@wikimedia.org
753,Shelby Popplewell,5 Lillian Place,33124,FL,spopplewellkw@sogou.com
754,Shina Soff,25430 Eastwood Way,28242,NC,ssoffkx@columbia.edu
755,Ewen Larway,60 Grasskamp Point,75392,TX,elarwayky@quantcast.com
756,Marlin Turri,90936 Melrose Circle,28220,NC,mturrikz@edublogs.org
757,Sheff McGiffin,50 Aberg Pass,22217,VA,smcgiffinl0@tumblr.com
758,Drucill Castaneda,8 Thierer Avenue,89012,NV,dcastanedal1@ebay.com
759,Stormy Stallion,8493 Cottonwood Crossing,36104,AL,sstallionl2@miibeian.gov.cn
760,Elsa O'Lennane,6 Melvin Hill,33164,FL,eolennanel3@unblog.fr
761,Gwyneth Backsal,53 Twin Pines Point,27635,NC,gbacksall4@blogs.com
762,Mariel O'Sharkey,1 Glacier Hill Trail,30089,GA,mosharkeyl5@taobao.com
763,Duncan Sangra,34124 Novick Trail,94627,CA,dsangral6@live.com
764,Joellyn Burcher,64 Hanson Alley,32309,FL,jburcherl7@businessweek.com
765,Kerrill Lodwig,669 Saint Paul Terrace,91406,CA,klodwigl8@shutterfly.com
766,Alica Reder,9875 Rutledge Court,36205,AL,arederl9@macromedia.com
767,Danny Golds,39802 Towne Point,89130,NV,dgoldsla@rakuten.co.jp
768,Andeee Ashling,0576 Golf Course Circle,59105,MT,aashlinglb@nymag.com
769,Dougie O' Reagan,48318 Bluestem Parkway,14614,NY,dolc@elpais.com
770,Christoffer Trobe,87001 Montana Crossing,90840,CA,ctrobeld@europa.eu
771,Gerti McPhater,9 Grayhawk Road,97206,OR,gmcphaterle@facebook.com
772,Tabbie Foxworthy,42868 Scoville Street,20189,VA,tfoxworthylf@cnet.com
773,Cami Dacks,4 Truax Park,47732,IN,cdackslg@nba.com
774,Quinn Dowker,448 Dahle Pass,33710,FL,qdowkerlh@house.gov
775,Eugenie Youle,46 Scott Court,59806,MT,eyouleli@yahoo.co.jp
776,Edvard Rispen,14090 Scoville Pass,07305,NJ,erispenlj@myspace.com
777,Clyde Seydlitz,608 Sunnyside Court,33421,FL,cseydlitzlk@squarespace.com
778,Tamma Barrand,3256 Fordem Alley,17622,PA,tbarrandll@plala.or.jp
779,Philip Kruschov,93283 Summit Hill,01654,MA,pkruschovlm@businesswire.com
780,Seka Antonopoulos,3131 Superior Point,24029,VA,santonopoulosln@homestead.com
781,Cherida Spilisy,9 Northfield Crossing,07522,NJ,cspilisylo@twitpic.com
782,Windy Danzey,78752 Prairie Rose Crossing,98464,WA,wdanzeylp@ask.com
783,Jocko Auletta,57 Lunder Place,23454,VA,jaulettalq@blogger.com
784,Sissie Woodman,0 Barnett Drive,32215,FL,swoodmanlr@pinterest.com
785,Sigismondo Pattrick,00524 Village Green Pass,77705,TX,spattrickls@addthis.com
786,Neila Devorill,5366 Mayfield Plaza,29225,SC,ndevorilllt@creativecommons.org
787,Clary Tokell,1219 Shoshone Alley,85271,AZ,ctokelllu@paypal.com
788,Rodrigo Jachimczak,18 Eastlawn Terrace,15210,PA,rjachimczaklv@paypal.com
789,Charmane Anning,0 Arapahoe Terrace,32835,FL,canninglw@pbs.org
790,Lesly Milne,8304 American Ash Road,30905,GA,lmilnelx@ovh.net
791,Karel Duding,61 Susan Way,75287,TX,kdudingly@soundcloud.com
792,Ellwood Meneer,09 Lotheville Circle,07522,NJ,emeneerlz@wikimedia.org
793,Jaimie Haton,2876 Welch Lane,33487,FL,jhatonm0@google.com.hk
794,Briney Leithgoe,75 Buena Vista Park,30351,GA,bleithgoem1@oaic.gov.au
795,Moishe Venediktov,7 Sachtjen Center,31405,GA,mvenediktovm2@ehow.com
796,Lucie Foxen,5 Tennessee Place,40298,KY,lfoxenm3@hibu.com
797,Marni Corrington,8127 Reindahl Avenue,33034,FL,mcorringtonm4@microsoft.com
798,Irwin Parradye,5 Fair Oaks Pass,89436,NV,iparradyem5@ycombinator.com
799,Koo Betun,00 Comanche Way,90510,CA,kbetunm6@goo.gl
800,Worth Jakubovics,91105 Eagle Crest Circle,92822,CA,wjakubovicsm7@globo.com
801,Clywd McGill,81121 Graedel Alley,20073,DC,cmcgillm8@about.me
802,Nerte Beccera,7 Bunting Crossing,35487,AL,nbecceram9@shareasale.com
803,Fabiano Low,4946 Springs Parkway,11231,NY,flowma@behance.net
804,Margarethe Gooch,3253 Blackbird Alley,33421,FL,mgoochmb@360.cn
805,Lombard Thies,41727 Hazelcrest Pass,89130,NV,lthiesmc@boston.com
806,Biddy Symper,9 6th Street,92170,CA,bsympermd@goodreads.com
807,Roderic Cobbin,0762 Tony Alley,10184,NY,rcobbinme@moonfruit.com
808,Abigail Massei,9 South Parkway,32244,FL,amasseimf@icq.com
809,Duff Kacheller,0 Westend Court,24503,VA,dkachellermg@upenn.edu
810,Iolanthe Lewisham,10671 Merrick Lane,15261,PA,ilewishammh@dailymotion.com
811,Stu Dalglish,31 Oak Junction,35810,AL,sdalglishmi@examiner.com
812,Jacintha Do,32 Hoard Park,85040,AZ,jdomj@webnode.com
813,Netti Blazhevich,7 Moland Street,29305,SC,nblazhevichmk@sitemeter.com
814,Gustave Beaven,3388 Chive Parkway,33064,FL,gbeavenml@123-reg.co.uk
815,Wren Randerson,2 Westend Drive,94611,CA,wrandersonmm@ask.com
816,Tildi Klimowicz,89623 Valley Edge Plaza,33906,FL,tklimowiczmn@usa.gov
817,Erina Hollyard,80 Hanson Court,34620,FL,ehollyardmo@weebly.com
818,Dawna Prene,4 Holmberg Hill,74193,OK,dprenemp@wired.com
819,Hube Struis,0 Crescent Oaks Avenue,33411,FL,hstruismq@blogger.com
820,Kandace Lawday,61 South Drive,33169,FL,klawdaymr@sina.com.cn
821,Maryanna Guerola,39081 5th Way,15240,PA,mguerolams@1688.com
822,Brandi Garrigan,6 Eliot Road,92812,CA,bgarriganmt@usa.gov
823,Winna McWhannel,40 Ronald Regan Street,34620,FL,wmcwhannelmu@nba.com
824,Margalit Brownsword,3727 Longview Street,77240,TX,mbrownswordmv@google.co.jp
825,Nealon Northwood,824 Vahlen Point,33190,FL,nnorthwoodmw@ox.ac.uk
826,Abigale Nicholson,2634 Graedel Drive,40618,KY,anicholsonmx@spiegel.de
827,Nettie Giblett,73871 Larry Terrace,28299,NC,ngiblettmy@vinaora.com
828,Maybelle Wain,87 Evergreen Avenue,94297,CA,mwainmz@usda.gov
829,Tad Doak,1 Ramsey Alley,35279,AL,tdoakn0@ezinearticles.com
830,Alma Busswell,01065 Farragut Hill,30386,GA,abusswelln1@dyndns.org
831,Rozele Farrens,16 Hudson Place,64179,MO,rfarrensn2@google.it
832,Lavina Dood,361 Sundown Lane,46226,IN,ldoodn3@about.com
833,Chas Rozenzweig,98 Golf Course Park,02114,MA,crozenzweign4@microsoft.com
834,Bamby England,7058 Reindahl Plaza,20215,DC,benglandn5@ucsd.edu
835,Ansley Magowan,4 Westerfield Trail,23454,VA,amagowann6@vimeo.com
836,Alana Hunsworth,001 Meadow Valley Point,20215,DC,ahunsworthn7@elegantthemes.com
837,Frederica Klaaassen,07635 Elka Center,33647,FL,fklaaassenn8@vinaora.com
838,Darelle MacRory,4 Duke Lane,10459,NY,dmacroryn9@freewebs.com
839,Siana Bereford,83 Heath Trail,33330,FL,sberefordna@oaic.gov.au
840,Saloma Curado,58 Darwin Circle,49444,MI,scuradonb@msu.edu
841,Greg Muehler,72201 Caliangt Terrace,30096,GA,gmuehlernc@howstuffworks.com
842,Teodoor Olesen,563 Johnson Street,81005,CO,tolesennd@columbia.edu
843,Jocelyne Barbery,72 Bunting Terrace,67220,KS,jbarberyne@uol.com.br
844,Norry Whettleton,28855 Luster Road,92121,CA,nwhettletonnf@google.com.au
845,Luther Letrange,1345 Arapahoe Center,63196,MO,lletrangeng@hubpages.com
846,Juliana Klazenga,0577 Ilene Point,63121,MO,jklazenganh@berkeley.edu
847,Randall Flegg,87 Elka Lane,43284,OH,rfleggni@ted.com
848,Kym Knewstubb,482 Corry Point,94169,CA,kknewstubbnj@omniture.com
849,Savina Andrea,11 Eastwood Lane,90101,CA,sandreank@delicious.com
850,Heida Arrundale,52194 Red Cloud Center,01610,MA,harrundalenl@yahoo.co.jp
851,Bambi Quarless,14434 Harper Point,83705,ID,bquarlessnm@yellowpages.com
852,Beauregard Rawsthorne,47919 Corscot Terrace,55480,MN,brawsthornenn@elpais.com
853,Charlena Grimsdell,35311 Bunting Alley,48956,MI,cgrimsdellno@stumbleupon.com
854,Werner Wallington,1 Doe Crossing Place,99522,AK,wwallingtonnp@amazon.de
855,Garald Clows,9649 Lakewood Gardens Road,27157,NC,gclowsnq@technorati.com
856,Sande Brise,8 Lakewood Crossing,79171,TX,sbrisenr@google.pl
857,Honor Record,84 Heffernan Point,99522,AK,hrecordns@altervista.org
858,Hercule Quartermain,94370 Corben Court,94280,CA,hquartermainnt@scribd.com
859,Armstrong MacRanald,76304 Hauk Lane,30380,GA,amacranaldnu@kickstarter.com
860,Fowler O' Sullivan,971 Miller Pass,32919,FL,fonv@sciencedaily.com
861,Batholomew Bloss,9 Ridge Oak Drive,39282,MS,bblossnw@sfgate.com
862,Christel Cleare,2 Ludington Point,68117,NE,cclearenx@linkedin.com
863,Doll Pavie,94192 Mayfield Way,97229,OR,dpavieny@craigslist.org
864,Sile McEvay,67162 Autumn Leaf Parkway,10310,NY,smcevaynz@google.de
865,Ethyl Lisciandri,937 Kenwood Pass,32575,FL,elisciandrio0@t-online.de
866,Brnaba Hrishanok,941 Reindahl Way,45228,OH,bhrishanoko1@studiopress.com
867,Rita Tebald,431 Farwell Drive,85255,AZ,rtebaldo2@pinterest.com
868,Nerta Utridge,45 Twin Pines Way,20503,DC,nutridgeo3@ucla.edu
869,Etan Smittoune,467 Aberg Circle,91199,CA,esmittouneo4@people.com.cn
870,Noellyn Kelwaybamber,1968 8th Road,10184,NY,nkelwaybambero5@printfriendly.com
871,Caterina McChruiter,851 Washington Terrace,84135,UT,cmcchruitero6@huffingtonpost.com
872,Dall Thowes,8451 Leroy Court,77025,TX,dthoweso7@1688.com
873,Marcus MacNeillie,83 Mandrake Park,70129,LA,mmacneillieo8@ted.com
874,Karoly Guirardin,70 Maple Wood Hill,14619,NY,kguirardino9@umn.edu
875,Margit Venour,0871 Hovde Alley,28305,NC,mvenouroa@wix.com
876,Kleon Jerzykiewicz,60 Merchant Center,31165,GA,kjerzykiewiczob@slate.com
877,Torie Baike,76479 Anhalt Point,18514,PA,tbaikeoc@ifeng.com
878,Cherey Grant,11 Troy Court,36177,AL,cgrantod@goo.gl
879,Orton Ghioni,97 Bartillon Court,27717,NC,oghionioe@buzzfeed.com
880,Napoleon Whitwham,12775 Crownhardt Park,94105,CA,nwhitwhamof@tinypic.com
881,Tamera Cicculini,7504 Ridgeview Place,95173,CA,tcicculiniog@example.com
882,Kym Kirtley,2714 Arkansas Way,37931,TN,kkirtleyoh@cbslocal.com
883,Moises Woodwin,46569 Arkansas Way,31190,GA,mwoodwinoi@house.gov
884,Alonso Halpine,86 Menomonie Center,40546,KY,ahalpineoj@answers.com
885,Quillan Djurdjevic,73592 Bultman Plaza,85005,AZ,qdjurdjevicok@wufoo.com
886,Roslyn McColley,4554 Lerdahl Junction,94250,CA,rmccolleyol@goo.gl
887,Elizabeth Aleixo,857 Summerview Street,31904,GA,ealeixoom@parallels.com
888,Ethelyn Cruwys,12189 Alpine Place,33190,FL,ecruwyson@wufoo.com
889,Car Torrent,25649 Birchwood Lane,55470,MN,ctorrentoo@goo.ne.jp
890,Nicole Doey,6 Jay Circle,33742,FL,ndoeyop@google.nl
891,Bradford Roalfe,505 Macpherson Terrace,40546,KY,broalfeoq@marketwatch.com
892,Dollie Klimentyonok,9 Main Lane,01610,MA,dklimentyonokor@msu.edu
893,Nicky Brockton,77517 Duke Road,50335,IA,nbrocktonos@surveymonkey.com
894,Lorettalorna Dearnaley,1 Victoria Park,34665,FL,ldearnaleyot@blinklist.com
895,Alejandro McGavin,9 Valley Edge Trail,19810,DE,amcgavinou@parallels.com
896,Karla Baggaley,7 Park Meadow Street,34620,FL,kbaggaleyov@privacy.gov.au
897,Galvin Yegorkov,0 Westend Drive,32405,FL,gyegorkovow@over-blog.com
898,Elva Trevethan,156 Butternut Plaza,77040,TX,etrevethanox@europa.eu
899,Dermot Couche,41 Duke Road,20420,DC,dcoucheoy@walmart.com
900,Carey Ginnaly,20 Forest Run Junction,64179,MO,cginnalyoz@blog.com
901,Lorianne Normand,1 Caliangt Terrace,08104,NJ,lnormandp0@slashdot.org
902,Broddy Burne,00436 Macpherson Pass,87140,NM,bburnep1@multiply.com
903,Jillane Pallatina,6820 Nevada Hill,44191,OH,jpallatinap2@dot.gov
904,Cleveland Ingliby,699 Delladonna Pass,02119,MA,cinglibyp3@unicef.org
905,Ola Mangam,3684 Cody Street,78778,TX,omangamp4@cbsnews.com
906,Ninon McLugaish,692 Bluejay Road,70033,LA,nmclugaishp5@theglobeandmail.com
907,Hyatt Colls,9 Loftsgordon Way,70183,LA,hcollsp6@hao123.com
908,Rebekkah Esler,3 Stone Corner Parkway,20337,DC,reslerp7@state.gov
909,Aubrie Seint,7 Lillian Court,15274,PA,aseintp8@uol.com.br
910,Adrianne Heindl,815 Pankratz Hill,64504,MO,aheindlp9@cloudflare.com
911,Noel Potteril,79 Wayridge Plaza,67215,KS,npotterilpa@friendfeed.com
912,Leeland Gouge,0 Buena Vista Park,84409,UT,lgougepb@symantec.com
913,Natalina Pragnell,50 Cordelia Road,19184,PA,npragnellpc@pagesperso-orange.fr
914,Sim Khristyukhin,611 Pierstorff Hill,34205,FL,skhristyukhinpd@go.com
915,Heidie O'Shaughnessy,0800 Eagle Crest Circle,92196,CA,hoshaughnessype@wiley.com
916,Simeon Caley,032 Monterey Hill,94237,CA,scaleypf@fotki.com
917,Janifer Splevin,2 Schiller Alley,89012,NV,jsplevinpg@deviantart.com
918,Kattie Vesco,37 Vernon Lane,19131,PA,kvescoph@blogtalkradio.com
919,Pet Patillo,17 Jenifer Circle,20268,DC,ppatillopi@tripod.com
920,Chick Bushe,44336 Homewood Drive,98148,WA,cbushepj@kickstarter.com
921,Terra Tuma,49 Park Meadow Crossing,32835,FL,ttumapk@sourceforge.net
922,Lida Janc,910 Milwaukee Circle,73179,OK,ljancpl@vinaora.com
923,Sherrie Stenton,9563 Maywood Pass,10260,NY,sstentonpm@yolasite.com
924,Jeth Florence,4 Oak Pass,80995,CO,jflorencepn@cnet.com
925,Dorella Haydn,84108 Sunbrook Center,97221,OR,dhaydnpo@buzzfeed.com
926,Leigha Goalby,325 Nova Court,10469,NY,lgoalbypp@state.tx.us
927,Rolph Doohey,529 Pawling Plaza,19184,PA,rdooheypq@joomla.org
928,Elisabetta Frushard,2694 Londonderry Park,07104,NJ,efrushardpr@tmall.com
929,Tibold Songer,1 Brentwood Circle,68505,NE,tsongerps@wiley.com
930,Chrysa Sturney,94 Springs Circle,30375,GA,csturneypt@zimbio.com
931,Shandy Morling,9 Forster Drive,55458,MN,smorlingpu@netscape.com
932,Taber Hylton,855 Charing Cross Trail,75185,TX,thyltonpv@privacy.gov.au
933,Denys Bracknell,38824 Main Place,51105,IA,dbracknellpw@yolasite.com
934,Walsh De Mars,61200 Memorial Alley,01905,MA,wdepx@aol.com
935,Munmro Schindler,9 Lakewood Lane,77844,TX,mschindlerpy@exblog.jp
936,Curran Tromans,8 Homewood Point,44185,OH,ctromanspz@feedburner.com
937,Dulce Pochet,22 Lindbergh Way,31165,GA,dpochetq0@desdev.cn
938,Sophia Swettenham,25 Clarendon Street,79705,TX,sswettenhamq1@wufoo.com
939,Jo-anne Khalid,7 Heffernan Alley,77713,TX,jkhalidq2@homestead.com
940,Moss Simonassi,70799 Sauthoff Point,23220,VA,msimonassiq3@mac.com
941,Everett Kasper,4613 Elka Park,78783,TX,ekasperq4@omniture.com
942,Loella Ruberry,944 Dakota Alley,14614,NY,lruberryq5@exblog.jp
943,Langston Rumsby,7 Graceland Crossing,35254,AL,lrumsbyq6@cmu.edu
944,Reynolds Fassmann,22858 Dahle Center,55564,MN,rfassmannq7@behance.net
945,Ulysses Bugs,20121 Truax Place,84125,UT,ubugsq8@hhs.gov
946,Lucian Sacker,2806 Dawn Court,79410,TX,lsackerq9@goo.ne.jp
947,Willy Lune,10 Sunnyside Place,77040,TX,wluneqa@ask.com
948,Coretta Battershall,79663 Hansons Park,07104,NJ,cbattershallqb@omniture.com
949,Karoline Bolzmann,69 Meadow Ridge Court,11499,NY,kbolzmannqc@google.de
950,Josepha Klein,1580 Loftsgordon Hill,55166,MN,jkleinqd@statcounter.com
951,Nariko Cail,6 Miller Terrace,78721,TX,ncailqe@mozilla.com
952,Madelle Pettett,4 Knutson Terrace,55417,MN,mpettettqf@skype.com
953,Abbey Lindeman,70 Fordem Center,36177,AL,alindemanqg@japanpost.jp
954,Dilly Rhelton,50 Susan Street,17605,PA,drheltonqh@wufoo.com
955,Adeline Jiroudek,25 Dovetail Parkway,60614,IL,ajiroudekqi@amazon.de
956,Daria Dellenbrook,47635 Lillian Park,75049,TX,ddellenbrookqj@tiny.cc
957,Dory Orro,9757 Rieder Hill,10029,NY,dorroqk@cisco.com
958,Oren Linthead,115 Forest Dale Junction,85215,AZ,olintheadql@about.me
959,Vasili Ruske,74645 Commercial Court,33164,FL,vruskeqm@businessweek.com
960,Briano Jirousek,1 Jackson Point,99507,AK,bjirousekqn@chronoengine.com
961,Doralyn Jeckell,2 Iowa Street,32209,FL,djeckellqo@deliciousdays.com
962,Thaddus Brookes,774 Grasskamp Plaza,61709,IL,tbrookesqp@wsj.com
963,Effie Zoellner,813 Waxwing Road,33129,FL,ezoellnerqq@canalblog.com
964,Cahra Turban,95 Debs Drive,23551,VA,cturbanqr@jigsy.com
965,Augustine Dochon,13 Weeping Birch Drive,33994,FL,adochonqs@posterous.com
966,Cal Bayston,657 Ludington Point,88569,TX,cbaystonqt@networkadvertising.org
967,Joannes Vanyatin,4234 Grover Plaza,29424,SC,jvanyatinqu@mail.ru
968,Thebault Shepcutt,9462 Pawling Street,70836,LA,tshepcuttqv@cbsnews.com
969,Anissa Priestley,3 Ruskin Point,35290,AL,apriestleyqw@ow.ly
970,Hiram Heaviside,78 Buhler Point,92705,CA,hheavisideqx@reverbnation.com
971,Jacquie Sisselot,91 Kedzie Court,48550,MI,jsisselotqy@cmu.edu
972,Suzi Bouette,9 Monument Court,08650,NJ,sbouetteqz@biblegateway.com
973,Noelani Garnson,8399 Bluestem Alley,60609,IL,ngarnsonr0@bbb.org
974,Erich Franceschielli,1901 Nelson Lane,23663,VA,efranceschiellir1@goo.gl
975,Leta Landrick,25 Veith Road,55417,MN,llandrickr2@go.com
976,Ester Broker,004 Moose Trail,84605,UT,ebrokerr3@oaic.gov.au
977,Damaris Simonini,7823 Eagan Avenue,67205,KS,dsimoninir4@cisco.com
978,Rosalie Advani,3735 Comanche Parkway,71105,LA,radvanir5@washington.edu
979,Marinna Hartzenberg,74809 Melvin Lane,74116,OK,mhartzenbergr6@businesswire.com
980,Pattie Delagnes,8809 Texas Way,25331,WV,pdelagnesr7@umn.edu
981,Andres Lugard,3 Dottie Avenue,11436,NY,alugardr8@sohu.com
982,Joseph Hardistry,38 Clarendon Drive,77493,TX,jhardistryr9@theguardian.com
983,Rafaellle Ranklin,302 Beilfuss Place,20062,DC,rranklinra@usnews.com
984,Janek Kasperski,33818 Lighthouse Bay Parkway,60663,IL,jkasperskirb@barnesandnoble.com
985,Jacquie Dorre,4 Debra Pass,68505,NE,jdorrerc@cnet.com
986,Alice Kibblewhite,49205 Memorial Street,93721,CA,akibblewhiterd@opera.com
987,Ardine Purselow,83 Golden Leaf Park,89125,NV,apurselowre@gmpg.org
988,Morgun Layne,4 Mesta Trail,40745,KY,mlaynerf@gnu.org
989,Shawn Sasser,02 Mockingbird Circle,93715,CA,ssasserrg@hostgator.com
990,Irene Vina,8 Packers Circle,24009,VA,ivinarh@unblog.fr
991,Obie Wratten,521 Algoma Avenue,68524,NE,owrattenri@baidu.com
992,Wileen Croser,0 Ramsey Drive,50369,IA,wcroserrj@ebay.com
993,Brigham Turbayne,389 Hayes Parkway,01610,MA,bturbaynerk@4shared.com
994,Kikelia Yerson,35749 Village Green Pass,19810,DE,kyersonrl@indiegogo.com
995,Gayle Edgecombe,8 Pierstorff Circle,58505,ND,gedgecomberm@psu.edu
996,Korrie Joanic,55989 Loomis Terrace,10150,NY,kjoanicrn@1688.com
997,Kathy Levane,4694 Nobel Street,78235,TX,klevanero@oakley.com
998,Sashenka Blaze,4101 Stone Corner Lane,55585,MN,sblazerp@deliciousdays.com
999,Nonnah Seston,00182 Shelley Alley,73167,OK,nsestonrq@wp.com
1000,Morry Maxweell,6231 Mitchell Pass,07544,NJ,mmaxweellrr@feedburner.com
