id,name,address,zipcode,state,email
1,Karin Amos,56 Coolidge Lane,08695,NJ,kamos0@youtu.be
2,Ethe Paddell,16 Burning Wood Center,27605,NC,epaddell1@ocn.ne.jp
3,Blake Bleacher,0 Melody Way,16550,PA,bbleacher2@tripadvisor.com
4,Thomasin Llewellin,48 Myrtle Circle,43226,OH,tllewellin3@globo.com
5,Joli Forge,820 Kensington Lane,46202,IN,jforge4@irs.gov
6,Edithe Nesfield,4128 Colorado Way,94273,CA,enesfield5@state.gov
7,Ivette Klammt,3939 Brentwood Street,94627,CA,iklammt6@webs.com
8,Silvester Tams,7253 Gerald Center,85053,AZ,stams7@webs.com
9,Francisca Goalley,20545 Independence Park,21290,MD,fgoalley8@ovh.net
10,Simeon Hardin,91321 Summer Ridge Junction,23668,VA,shardin9@bluehost.com
11,Parke de Banke,8 Prairieview Trail,83757,ID,pdea@yellowbook.com
12,Olimpia Hartop,65085 Redwing Center,22903,VA,ohartopb@hostgator.com
13,Anstice Upward,14 Hazelcrest Place,10125,NY,aupwardc@mac.com
14,Dianna Klimkin,0895 New Castle Crossing,55458,MN,dklimkind@apple.com
15,Beatrice Farington,83 Erie Junction,94405,CA,bfaringtone@abc.net.au
16,Brigitta Godbald,3 Hayes Way,33034,FL,bgodbaldf@ameblo.jp
17,Rhianna Szantho,773 Utah Alley,95133,CA,rszanthog@mtv.com
18,Archibaldo Bernlin,6886 Clemons Crossing,20784,MD,abernlinh@mozilla.org
19,Taryn Storres,1 Northwestern Point,98166,WA,tstorresi@rediff.com
20,Land McPeice,6 Mallory Pass,31914,GA,lmcpeicej@arstechnica.com
21,Jodie Whalebelly,0583 Maple Lane,20851,MD,jwhalebellyk@loc.gov
22,Milka Readie,1 Carberry Pass,25313,WV,mreadiel@amazon.com
23,Hanan Doige,674 Hagan Terrace,20851,MD,hdoigem@imdb.com
24,Alon Woollaston,2 Talisman Drive,99709,AK,awoollastonn@cargocollective.com
25,Wyndham Dwerryhouse,08582 Pearson Avenue,80328,CO,wdwerryhouseo@hp.com
26,Inesita Eddleston,79864 Havey Crossing,99522,AK,ieddlestonp@slashdot.org
27,Natka Rollings,247 Loomis Plaza,48258,MI,nrollingsq@imgur.com
28,Sandra Gergler,23 Bowman Parkway,94105,CA,sgerglerr@ucla.edu
29,Dian Granger,00 Mandrake Crossing,89087,NV,dgrangers@google.de
30,Fancy Emerine,4852 Eastwood Lane,43215,OH,femerinet@dailymail.co.uk
31,Claudian Hugues,67 Sherman Plaza,10110,NY,chuguesu@un.org
32,Laina Windham,3 Namekagon Trail,79764,TX,lwindhamv@liveinternet.ru
33,Meggy Kuhnke,05519 Brown Junction,32813,FL,mkuhnkew@marketwatch.com
34,Findlay Corbet,716 Sage Avenue,35815,AL,fcorbetx@utexas.edu
35,Jacquetta Brettell,75006 Lotheville Terrace,30605,GA,jbrettelly@cyberchimps.com
36,Niels Iannetti,3 Oakridge Crossing,78405,TX,niannettiz@reuters.com
37,Roldan Carney,0941 Mockingbird Circle,95973,CA,rcarney10@npr.org
38,Wadsworth MacIllrick,5664 Towne Place,44505,OH,wmacillrick11@taobao.com
39,Liam Cleeton,48533 Algoma Trail,16505,PA,lcleeton12@skype.com
40,Hakeem Nolda,6625 Arizona Drive,22903,VA,hnolda13@howstuffworks.com
41,Rodney Domenici,73544 Fieldstone Road,92424,CA,rdomenici14@ed.gov
42,Lil Filer,115 Fordem Point,78703,TX,lfiler15@cnn.com
43,Puff Climer,79 Di Loreto Junction,51110,IA,pclimer16@dailymail.co.uk
44,Shannen Monteaux,9 Merrick Place,74133,OK,smonteaux17@google.com.br
45,Desmund Kent,9 Loomis Point,10019,NY,dkent18@sakura.ne.jp
46,Salli Roobottom,69 Service Park,94627,CA,sroobottom19@paginegialle.it
47,Dianemarie Snowman,4958 Messerschmidt Alley,31205,GA,dsnowman1a@naver.com
48,Ardeen Harbach,23252 Barnett Drive,72916,AR,aharbach1b@plala.or.jp
49,Mahalia Brazur,6 Delladonna Way,80925,CO,mbrazur1c@disqus.com
50,Brady Candey,560 Tennessee Point,90020,CA,bcandey1d@salon.com
51,Marys Firk,54289 Armistice Park,75310,TX,mfirk1e@kickstarter.com
52,Valentino Simanenko,02 Waywood Parkway,46614,IN,vsimanenko1f@indiatimes.com
53,Ariel Vain,01732 Buena Vista Hill,90805,CA,avain1g@pagesperso-orange.fr
54,Ingaberg De Witt,02 Corry Road,84409,UT,ide1h@arstechnica.com
55,Brandea Druhan,35904 Warner Center,87105,NM,bdruhan1i@pagesperso-orange.fr
56,Abbye Balffye,6 Monica Plaza,77065,TX,abalffye1j@slate.com
57,Yale Skehan,5 Tennyson Court,90030,CA,yskehan1k@tuttocitta.it
58,Wesley Eilhersen,8 Golden Leaf Circle,37665,TN,weilhersen1l@smugmug.com
59,Yoshiko Story,4 Johnson Lane,19172,PA,ystory1m@behance.net
60,Amara Wikey,7909 Prentice Park,98498,WA,awikey1n@taobao.com
61,Jarrett Wennington,771 Talmadge Junction,95405,CA,jwennington1o@biblegateway.com
62,Sacha Clemot,4860 Hazelcrest Junction,75277,TX,sclemot1p@bloomberg.com
63,Tam McCrostie,6 Calypso Crossing,99215,WA,tmccrostie1q@blogspot.com
64,Xenia Moar,6 Muir Street,99517,AK,xmoar1r@trellian.com
65,Caresse Facher,1948 6th Park,43666,OH,cfacher1s@weather.com
66,Courtnay Handrick,4547 Sunfield Park,76121,TX,chandrick1t@is.gd
67,Conan Romaine,6178 Ruskin Point,19131,PA,cromaine1u@sun.com
68,Bethena Phette,5774 Susan Park,23225,VA,bphette1v@vimeo.com
69,Clarabelle Biner,54653 Birchwood Crossing,66622,KS,cbiner1w@joomla.org
70,Hansiain Lovegrove,1697 Gateway Street,20904,MD,hlovegrove1x@marriott.com
71,Sybila Connikie,43 Helena Road,46852,IN,sconnikie1y@hatena.ne.jp
72,Fidelity Brekonridge,90 Lakewood Avenue,30328,GA,fbrekonridge1z@phpbb.com
73,Hill Kelloch,6508 Summer Ridge Place,99512,AK,hkelloch20@wired.com
74,Tamma Hinchshaw,69804 Duke Crossing,76105,TX,thinchshaw21@moonfruit.com
75,Rodi Elcome,33604 Bowman Drive,13217,NY,relcome22@desdev.cn
76,Knox Bartoleyn,67598 Buell Alley,55470,MN,kbartoleyn23@wiley.com
77,Robinetta Velasquez,3031 Brown Park,90010,CA,rvelasquez24@technorati.com
78,Fons Rarity,088 Arapahoe Pass,52809,IA,frarity25@imdb.com
79,Daveen Lighten,935 Sutherland Terrace,23285,VA,dlighten26@sfgate.com
80,Kitty Livett,065 Hudson Parkway,20299,DC,klivett27@addtoany.com
81,Kristien Kadd,74 Ridgeway Trail,56398,MN,kkadd28@wordpress.com
82,Anallise Schimon,63596 Autumn Leaf Road,56944,DC,aschimon29@wisc.edu
83,Else MacDonald,3614 Comanche Park,93794,CA,emacdonald2a@amazon.de
84,Wyatan Fallanche,5654 Packers Junction,90405,CA,wfallanche2b@blog.com
85,Caesar Lydiatt,476 Chive Road,05609,VT,clydiatt2c@hostgator.com
86,Suzann Carayol,70847 Northfield Park,20566,DC,scarayol2d@mysql.com
87,Chere De Normanville,85 Lakewood Place,89519,NV,cde2e@ameblo.jp
88,Anton Le Page,39547 Crownhardt Street,95108,CA,ale2f@yellowpages.com
89,Aldon Nicol,0 Walton Pass,63116,MO,anicol2g@mapquest.com
90,Shelbi Maiden,59 Logan Way,72916,AR,smaiden2h@nsw.gov.au
91,Angelita Mc Trusty,95 Eggendart Trail,19191,PA,amc2i@wix.com
92,Tracey Burgett,23 Veith Junction,28055,NC,tburgett2j@sakura.ne.jp
93,Shurlocke Newdick,6221 Kropf Road,48609,MI,snewdick2k@dagondesign.com
94,Bartolemo Shoveller,7268 Trailsway Terrace,40233,KY,bshoveller2l@wikispaces.com
95,Dacia Walesa,64 Arkansas Pass,64179,MO,dwalesa2m@guardian.co.uk
96,Henka French,8 Forest Terrace,98506,WA,hfrench2n@hc360.com
97,Skylar Wyant,851 West Hill,78703,TX,swyant2o@reddit.com
98,Elle Hynde,674 Express Parkway,45470,OH,ehynde2p@moonfruit.com
99,Joella Canty,85900 Garrison Crossing,78278,TX,jcanty2q@seesaa.net
100,Dana Marlon,141 Rowland Alley,77206,TX,dmarlon2r@netvibes.com
101,Aristotle Britcher,0 Waywood Point,77493,TX,abritcher2s@springer.com
102,See Matussov,9803 Stang Plaza,93762,CA,smatussov2t@parallels.com
103,Hale Nono,5553 Esch Court,78278,TX,hnono2u@behance.net
104,Gilles Thome,9 Manley Circle,32891,FL,gthome2v@wikia.com
105,Cully Wayland,6285 Village Drive,23504,VA,cwayland2w@hp.com
106,Lawrence Plaice,72107 Schurz Place,84105,UT,lplaice2x@free.fr
107,Maddie Hoxey,3 Dovetail Hill,24034,VA,mhoxey2y@spotify.com
108,Lewes Tickle,16 Corry Lane,20088,DC,ltickle2z@telegraph.co.uk
109,Danny Priestland,56 Doe Crossing Junction,37416,TN,dpriestland30@imageshack.us
110,Yetty Crudge,084 Gina Place,95838,CA,ycrudge31@webmd.com
111,Benny Pudsall,80904 Talisman Lane,58207,ND,bpudsall32@feedburner.com
112,Nicolette Wheble,49797 Roth Place,35487,AL,nwheble33@psu.edu
113,Finn Yakunkin,40 Harper Park,80525,CO,fyakunkin34@fotki.com
114,Willow Weine,72333 Havey Drive,11220,NY,wweine35@microsoft.com
115,Beverie Kitcatt,8 Chive Road,46814,IN,bkitcatt36@hexun.com
116,Freddy Kilfether,2102 Ohio Road,91109,CA,fkilfether37@amazon.co.jp
117,Janka McElroy,8 Crowley Junction,99522,AK,jmcelroy38@soup.io
118,Graham Aberdeen,853 Farmco Road,80235,CO,gaberdeen39@360.cn
119,Rhodie Fredi,37 Stoughton Trail,36125,AL,rfredi3a@intel.com
120,Brigitta Atcherley,37413 Cambridge Hill,94291,CA,batcherley3b@imageshack.us
121,Marijn Mosdell,45 Scott Street,38131,TN,mmosdell3c@globo.com
122,Martynne Sturley,7 Milwaukee Street,88006,NM,msturley3d@virginia.edu
123,Jacenta Jupe,58 Gulseth Avenue,87180,NM,jjupe3e@ebay.com
124,Shanna Saveall,8 Novick Trail,27110,NC,ssaveall3f@simplemachines.org
125,Kipp Batie,9 Cascade Avenue,02119,MA,kbatie3g@delicious.com
126,Mirna Ely,5 Fairfield Terrace,33018,FL,mely3h@buzzfeed.com
127,Raymund Filochov,31 Mosinee Point,88569,TX,rfilochov3i@icio.us
128,Nelly Kinnoch,53 Village Place,34276,FL,nkinnoch3j@ehow.com
129,Maurita Baddiley,62 School Park,38126,TN,mbaddiley3k@japanpost.jp
130,Annalee Longhorn,6953 Debs Pass,33018,FL,alonghorn3l@last.fm
131,Clim Ruff,18 Doe Crossing Avenue,70836,LA,cruff3m@npr.org
132,Konstanze Batterton,6273 Coolidge Point,32605,FL,kbatterton3n@spiegel.de
133,Meryl Treske,694 South Circle,71115,LA,mtreske3o@ibm.com
134,Freedman Muston,1 Continental Way,90510,CA,fmuston3p@tmall.com
135,Jorrie Cartlidge,4754 Farmco Road,88530,TX,jcartlidge3q@slashdot.org
136,Saba Pallent,6630 Pankratz Road,45249,OH,spallent3r@goodreads.com
137,Winston Gilson,98 Melody Park,23514,VA,wgilson3s@sphinn.com
138,Sallee Summerlie,0 Dakota Crossing,44118,OH,ssummerlie3t@indiegogo.com
139,Martha Grishmanov,90994 Londonderry Junction,68583,NE,mgrishmanov3u@google.com.br
140,Marv Pitrelli,023 Pierstorff Hill,62718,IL,mpitrelli3v@a8.net
141,Kiersten Rhydderch,306 Red Cloud Lane,32627,FL,krhydderch3w@discovery.com
142,Derward Tregidgo,22 Debra Hill,73179,OK,dtregidgo3x@edublogs.org
143,Ed Redmire,72215 Bartelt Avenue,45419,OH,eredmire3y@icio.us
144,Andras Kohter,5142 Hanson Center,10155,NY,akohter3z@google.ru
145,Claudian Ridsdell,9 Graceland Park,71105,LA,cridsdell40@linkedin.com
146,Rubina Hughesdon,1 Surrey Plaza,32605,FL,rhughesdon41@illinois.edu
147,Gabriell Daintier,703 Continental Avenue,37939,TN,gdaintier42@joomla.org
148,Cobby Bowhey,9 Butterfield Way,60208,IL,cbowhey43@earthlink.net
149,Tatum Blaszczynski,8817 Fisk Avenue,92668,CA,tblaszczynski44@wsj.com
150,Adrianna Scedall,39 Gerald Street,12325,NY,ascedall45@opera.com
151,Ardis Weine,77618 Mandrake Drive,15250,PA,aweine46@msn.com
152,Gwenni Pane,03326 Starling Hill,71137,LA,gpane47@domainmarket.com
153,Johnathan Joddens,74337 Crownhardt Lane,76205,TX,jjoddens48@npr.org
154,Waneta Idney,0 Banding Plaza,40510,KY,widney49@php.net
155,Alidia Banstead,568 Continental Place,68510,NE,abanstead4a@ucsd.edu
156,Rogerio Snookes,8 Cascade Terrace,55166,MN,rsnookes4b@cdc.gov
157,Ryon Cromar,0003 Loeprich Road,38119,TN,rcromar4c@nhs.uk
158,Cymbre Hackford,792 Ridgeway Street,98148,WA,chackford4d@discuz.net
159,Durward Djokic,4481 Annamark Road,94302,CA,ddjokic4e@youku.com
160,Paulina Gamlyn,3 Kennedy Alley,33023,FL,pgamlyn4f@dropbox.com
161,Saundra Richt,22776 Browning Point,10184,NY,sricht4g@simplemachines.org
162,Goddart Bothram,5483 6th Plaza,80150,CO,gbothram4h@hc360.com
163,Luca Duns,52753 Green Terrace,30328,GA,lduns4i@addthis.com
164,Bradly Donnison,3 Main Alley,68164,NE,bdonnison4j@ca.gov
165,Billy Edgar,20 Fuller Trail,78230,TX,bedgar4k@indiatimes.com
166,Lola Mitrovic,4 Ilene Park,53285,WI,lmitrovic4l@bandcamp.com
167,Atalanta Inglish,397 Jenna Alley,36622,AL,ainglish4m@jalbum.net
168,Quinton Colleton,806 Summit Parkway,21203,MD,qcolleton4n@usatoday.com
169,Caralie Chessil,7 Melby Junction,53220,WI,cchessil4o@networksolutions.com
170,Jervis Sharma,76942 Londonderry Road,66112,KS,jsharma4p@ebay.co.uk
171,Meara Attwoull,3 Scofield Road,44905,OH,mattwoull4q@thetimes.co.uk
172,Mariam Longhorne,00433 Welch Circle,29403,SC,mlonghorne4r@microsoft.com
173,Almire Robichon,41434 Tony Drive,22405,VA,arobichon4s@accuweather.com
174,Neala Tipper,51 Tomscot Road,77388,TX,ntipper4t@sina.com.cn
175,Zebedee Garriock,5 Lakeland Hill,77844,TX,zgarriock4u@disqus.com
176,Beverley Pabel,74 Cascade Junction,16534,PA,bpabel4v@bloomberg.com
177,Jesus Duggon,81 Delladonna Avenue,23242,VA,jduggon4w@pbs.org
178,Hugues Brydell,33947 Northland Place,34114,FL,hbrydell4x@soundcloud.com
179,Emmit Mongin,182 Knutson Pass,74149,OK,emongin4y@indiatimes.com
180,Stanislaus Orbon,45 Russell Circle,90081,CA,sorbon4z@wordpress.com
181,Aubry Haps,2 David Point,43210,OH,ahaps50@cocolog-nifty.com
182,Dacy Booth,3 Banding Circle,93311,CA,dbooth51@bravesites.com
183,Davina Jeffree,60 Basil Road,80235,CO,djeffree52@barnesandnoble.com
184,Sonnnie Kruszelnicki,253 Talmadge Avenue,79984,TX,skruszelnicki53@uiuc.edu
185,Jamaal Kaubisch,0168 4th Crossing,64144,MO,jkaubisch54@ftc.gov
186,Loretta Gomery,78 Rowland Park,34233,FL,lgomery55@altervista.org
187,Kesley Whatley,0551 1st Street,22096,VA,kwhatley56@nhs.uk
188,Natalee Middlemass,374 Anthes Alley,28805,NC,nmiddlemass57@livejournal.com
189,Derwin Brikner,5 Dapin Place,78405,TX,dbrikner58@ihg.com
190,Tony Edelheid,038 Kropf Way,57188,SD,tedelheid59@vimeo.com
191,Catina Hucquart,39117 4th Pass,40220,KY,chucquart5a@eepurl.com
192,Clary Foulkes,6273 Cordelia Court,60193,IL,cfoulkes5b@youtube.com
193,Koren Ellissen,3040 Wayridge Parkway,36628,AL,kellissen5c@washington.edu
194,Timofei Earengey,9 Lakewood Gardens Way,41905,KY,tearengey5d@wufoo.com
195,Kary Bunn,22108 Heath Crossing,70033,LA,kbunn5e@abc.net.au
196,Rodger Corthes,180 Grim Alley,22405,VA,rcorthes5f@w3.org
197,Helen Covington,3109 Golf Course Court,38109,TN,hcovington5g@constantcontact.com
198,Louis Jeffray,76258 Manufacturers Place,33448,FL,ljeffray5h@diigo.com
199,Kev Srutton,32 Caliangt Junction,75397,TX,ksrutton5i@wikipedia.org
200,Morrie Probey,99263 Swallow Junction,60351,IL,mprobey5j@java.com
201,Morris Winterburn,8906 Elmside Terrace,78265,TX,mwinterburn5k@vinaora.com
202,Martino Mehmet,91643 Novick Avenue,35215,AL,mmehmet5l@narod.ru
203,Alexander Rapson,57198 Rowland Park,92878,CA,arapson5m@scribd.com
204,Demetris Letterese,0 1st Park,57110,SD,dletterese5n@hexun.com
205,Victor MacEntee,1 Longview Road,20268,DC,vmacentee5o@sourceforge.net
206,Evita Giller,35 Brickson Park Plaza,80910,CO,egiller5p@bluehost.com
207,Phillip Letts,41928 Northfield Drive,35290,AL,pletts5q@networksolutions.com
208,Hayward Mettetal,299 Derek Pass,22093,VA,hmettetal5r@mozilla.com
209,Flore Maddy,8 Mayer Circle,29905,SC,fmaddy5s@nih.gov
210,Frannie Bonnaire,94208 Claremont Terrace,43666,OH,fbonnaire5t@google.com
211,Bert O'Calleran,9 Eagle Crest Parkway,35285,AL,bocalleran5u@artisteer.com
212,Jennee Gainseford,2139 Memorial Center,73129,OK,jgainseford5v@cnn.com
213,Kerrin Hawksby,34631 Gale Terrace,33245,FL,khawksby5w@cdc.gov
214,Gale Handrick,5 Fulton Circle,63158,MO,ghandrick5x@canalblog.com
215,Cherri Lehrmann,6 Golf View Junction,40233,KY,clehrmann5y@dagondesign.com
216,Ina Pococke,3 Rieder Park,78415,TX,ipococke5z@adobe.com
217,Janina Ledwidge,83963 Columbus Court,63126,MO,jledwidge60@blogger.com
218,Yvonne Gravatt,7709 Northwestern Avenue,33023,FL,ygravatt61@merriam-webster.com
219,Ariella Heggison,57 Algoma Avenue,24503,VA,aheggison62@yale.edu
220,Willy Mertsching,9 Claremont Crossing,45414,OH,wmertsching63@desdev.cn
221,Linnea Lethbridge,9946 Loftsgordon Junction,33915,FL,llethbridge64@domainmarket.com
222,Cary Danick,66 Sauthoff Place,32128,FL,cdanick65@twitpic.com
223,Preston Fessby,5902 Farragut Way,77713,TX,pfessby66@state.tx.us
224,Cyrill Wastall,1616 Browning Court,34981,FL,cwastall67@dailymotion.com
225,Pincus Denge,420 Warrior Parkway,22093,VA,pdenge68@dyndns.org
226,Camellia Scones,1665 Milwaukee Court,20546,DC,cscones69@geocities.jp
227,Humberto Antoszewski,945 Mifflin Avenue,94975,CA,hantoszewski6a@reference.com
228,Nelli Penticost,129 Luster Street,55412,MN,npenticost6b@cdbaby.com
229,Reggie Lamboll,2396 Kings Park,30392,GA,rlamboll6c@nytimes.com
230,Miguela Dukesbury,7669 Ramsey Terrace,60208,IL,mdukesbury6d@mayoclinic.com
231,Kendell Gocher,1754 Pierstorff Crossing,40287,KY,kgocher6e@tiny.cc
232,Willem Maber,991 Longview Lane,94147,CA,wmaber6f@cpanel.net
233,Niven Choldcroft,230 Browning Way,39296,MS,ncholdcroft6g@usnews.com
234,Jonis Bagshaw,254 Butterfield Park,23228,VA,jbagshaw6h@columbia.edu
235,Michale McGillivrie,60 Dahle Junction,94273,CA,mmcgillivrie6i@booking.com
236,Melisande Sorbey,2163 Fallview Court,19093,PA,msorbey6j@hud.gov
237,Amby Biaggioni,883 Ludington Court,80015,CO,abiaggioni6k@theatlantic.com
238,Christalle Gowrich,273 Gulseth Park,23471,VA,cgowrich6l@dmoz.org
239,Whittaker Edgett,2 Marcy Road,39204,MS,wedgett6m@samsung.com
240,Barnie Aaron,418 Weeping Birch Road,21705,MD,baaron6n@xing.com
241,Ana Granger,29434 Hallows Pass,40510,KY,agranger6o@indiatimes.com
242,Michail Blowen,521 Hauk Road,74156,OK,mblowen6p@ucoz.com
243,Paola McGrae,5 Coolidge Lane,20078,DC,pmcgrae6q@linkedin.com
244,Cullan Bruna,95567 Chinook Park,84120,UT,cbruna6r@upenn.edu
245,Madonna Paler,97 Delladonna Alley,59623,MT,mpaler6s@artisteer.com
246,Milton Jarred,60144 Crescent Oaks Point,40256,KY,mjarred6t@nationalgeographic.com
247,Enrica Laidler,76 Cardinal Alley,85715,AZ,elaidler6u@columbia.edu
248,Marybelle Kenyon,24 Anniversary Crossing,19196,PA,mkenyon6v@360.cn
249,Ilario Normanton,6 Annamark Lane,64101,MO,inormanton6w@nymag.com
250,Abby Winfindine,417 Golf Circle,13224,NY,awinfindine6x@cargocollective.com
251,Devland Mushawe,01 Maple Park,63180,MO,dmushawe6y@reddit.com
252,Herby Rapp,1 International Court,25721,WV,hrapp6z@yandex.ru
253,Rolland Corstorphine,6891 Fordem Trail,10275,NY,rcorstorphine70@skype.com
254,Tyrone Klemt,04121 Moulton Avenue,85255,AZ,tklemt71@yellowpages.com
255,Gilemette Crunkhurn,55516 Old Gate Alley,85305,AZ,gcrunkhurn72@bbb.org
256,Rip Chalfont,32 Burrows Street,85743,AZ,rchalfont73@addtoany.com
257,Waldon Harris,01 Division Court,95150,CA,wharris74@theglobeandmail.com
258,Gothart Attiwill,865 Springview Junction,48335,MI,gattiwill75@sina.com.cn
259,Denis Gatlin,01003 Mcguire Plaza,55417,MN,dgatlin76@skype.com
260,Merrel Ilyunin,18270 Fallview Road,73190,OK,milyunin77@rediff.com
261,Kimmy Bennie,27 Daystar Court,95828,CA,kbennie78@weather.com
262,Mariquilla Trayes,978 Lerdahl Drive,90010,CA,mtrayes79@geocities.com
263,Forrest Turri,52604 Mosinee Court,18514,PA,fturri7a@tmall.com
264,Olag Grewer,9 Shasta Circle,82007,WY,ogrewer7b@instagram.com
265,L;urette Mattingley,17 5th Alley,90081,CA,lmattingley7c@opera.com
266,Celine Piperley,983 Corry Alley,93381,CA,cpiperley7d@prnewswire.com
267,Townie Brinkley,540 Quincy Point,33884,FL,tbrinkley7e@arizona.edu
268,Jennie Trustrie,814 David Lane,23285,VA,jtrustrie7f@blogs.com
269,Godfry Biaggioni,0 Westport Road,71137,LA,gbiaggioni7g@lycos.com
270,Debbi Hawkyens,06398 Florence Circle,33075,FL,dhawkyens7h@discovery.com
271,Jaclin Culp,41 Elka Drive,84093,UT,jculp7i@hc360.com
272,Berkie Domaschke,764 Northview Point,90076,CA,bdomaschke7j@taobao.com
273,Farris Bezant,33 Maryland Terrace,33196,FL,fbezant7k@clickbank.net
274,Jacquenette Schollick,906 5th Lane,15286,PA,jschollick7l@theatlantic.com
275,Hildegaard Alcoran,77 Milwaukee Parkway,70187,LA,halcoran7m@oracle.com
276,Abey Girault,78613 Transport Alley,39204,MS,agirault7n@sina.com.cn
277,Reuben Chrippes,72 Petterle Place,14646,NY,rchrippes7o@hp.com
278,Emili Whal,23 Lotheville Avenue,77206,TX,ewhal7p@aol.com
279,Ossie Magnay,602 Steensland Way,18514,PA,omagnay7q@woothemes.com
280,Wheeler Duckerin,576 Doe Crossing Lane,20010,DC,wduckerin7r@businesswire.com
281,Tiphani Maypes,761 Killdeer Hill,72231,AR,tmaypes7s@naver.com
282,Richmond Filipic,3 Victoria Court,33620,FL,rfilipic7t@diigo.com
283,Boycey Artiss,2 Truax Court,78245,TX,bartiss7u@tiny.cc
284,Lindy Drew-Clifton,1314 Summerview Trail,64179,MO,ldrewclifton7v@skype.com
285,Harrison Campelli,122 Magdeline Crossing,77250,TX,hcampelli7w@arizona.edu
286,Jamesy Beel,730 Algoma Pass,28055,NC,jbeel7x@ca.gov
287,Alva Thomazet,0 Commercial Lane,33972,FL,athomazet7y@cyberchimps.com
288,Jorie Shortell,6607 Tony Place,46247,IN,jshortell7z@webs.com
289,Arlina Ca,17 Huxley Pass,30061,GA,aca80@google.it
290,Debby Cheesley,11 Derek Street,22205,VA,dcheesley81@slate.com
291,Joell Woodman,025 Manufacturers Way,48555,MI,jwoodman82@patch.com
292,Esme Eivers,7 Waubesa Crossing,93305,CA,eeivers83@homestead.com
293,Jeanna Ofer,78 Blue Bill Park Terrace,99507,AK,jofer84@about.me
294,Jammie Spillard,1 Burrows Junction,91616,CA,jspillard85@wix.com
295,Caye Scrowston,2 Crescent Oaks Court,85743,AZ,cscrowston86@bizjournals.com
296,Jaymee Arnaudet,74 Columbus Drive,92145,CA,jarnaudet87@arstechnica.com
297,Marven Josselson,20206 Pine View Alley,30066,GA,mjosselson88@dedecms.com
298,Denver Crus,77309 Monument Center,98140,WA,dcrus89@netvibes.com
299,Skipp Hasell,121 South Pass,20551,DC,shasell8a@senate.gov
300,Gilbert McGibbon,1987 Carberry Court,06912,CT,gmcgibbon8b@merriam-webster.com
301,Ruth Wherrett,62 Rutledge Alley,33436,FL,rwherrett8c@berkeley.edu
302,Khalil Fiddiman,8 Starling Park,60624,IL,kfiddiman8d@spotify.com
303,Whitney Handforth,9 Northwestern Park,77075,TX,whandforth8e@about.me
304,Walsh McEntee,49763 Schiller Point,65105,MO,wmcentee8f@cloudflare.com
305,Juieta Ciotti,29 Oak Valley Circle,59806,MT,jciotti8g@yelp.com
306,Anne-corinne Bolan,67 Grover Terrace,93786,CA,abolan8h@washington.edu
307,Sena Kelbie,6880 Oneill Circle,71105,LA,skelbie8i@sitemeter.com
308,Faith Heaslip,283 Sunnyside Way,83705,ID,fheaslip8j@msn.com
309,Babs Matthai,656 Fair Oaks Alley,77388,TX,bmatthai8k@ucla.edu
310,Leanor Coche,0626 Hermina Alley,66220,KS,lcoche8l@hp.com
311,Sheri Snailham,66582 Heffernan Terrace,35231,AL,ssnailham8m@google.cn
312,Casey Galvan,330 Hoepker Park,81505,CO,cgalvan8n@symantec.com
313,Maud Sage,7689 Toban Circle,19897,DE,msage8o@jimdo.com
314,Willa Willatts,6 Blackbird Center,20057,DC,wwillatts8p@edublogs.org
315,Terrance Windous,48805 Forest Run Road,23208,VA,twindous8q@google.es
316,Diane-marie McVitty,299 Bultman Road,92030,CA,dmcvitty8r@comcast.net
317,Tulley Mercy,31 Hansons Circle,27455,NC,tmercy8s@cdc.gov
318,Rebe Topes,76495 Clarendon Center,58106,ND,rtopes8t@pagesperso-orange.fr
319,Kristina Meharg,37792 Mifflin Place,02298,MA,kmeharg8u@51.la
320,Lindsay Deshorts,982 Independence Alley,48267,MI,ldeshorts8v@latimes.com
321,Randal Tenant,967 Jenifer Court,94660,CA,rtenant8w@addthis.com
322,Georgena Achurch,9 Stoughton Way,96820,HI,gachurch8x@icq.com
323,Jeno Orton,150 Debra Road,28225,NC,jorton8y@mapquest.com
324,Toddie Vaughan-Hughes,93 Blackbird Park,37131,TN,tvaughanhughes8z@hud.gov
325,Gustavo Snowman,6 Lyons Hill,63136,MO,gsnowman90@ucsd.edu
326,Darla Twatt,2 Nova Point,61825,IL,dtwatt91@facebook.com
327,Kimberly Wabersich,98 Bultman Crossing,38161,TN,kwabersich92@seesaa.net
328,Rania Rosedale,09 Vermont Point,72199,AR,rrosedale93@twitpic.com
329,Laura Rattrie,141 Pankratz Hill,33283,FL,lrattrie94@nsw.gov.au
330,Cristiano Bareford,4 Mayfield Trail,85072,AZ,cbareford95@uol.com.br
331,Cybil Greep,78 American Ash Way,80228,CO,cgreep96@networkadvertising.org
332,Debi Kraut,6631 Menomonie Circle,33013,FL,dkraut97@msn.com
333,Winne Gibbetts,86553 Thackeray Avenue,07188,NJ,wgibbetts98@google.com.au
334,Carol-jean Scheu,456 Eggendart Pass,59623,MT,cscheu99@illinois.edu
335,Frans Meehan,63 Onsgard Lane,78754,TX,fmeehan9a@ebay.com
336,Clementine Kohnert,7 Lakewood Place,44329,OH,ckohnert9b@merriam-webster.com
337,Frederic Reveley,63 Bunting Parkway,45208,OH,freveley9c@sakura.ne.jp
338,Nealson Surman-Wells,6741 Northwestern Pass,79989,TX,nsurmanwells9d@unicef.org
339,Rafaelia Winpenny,97 Grayhawk Pass,14624,NY,rwinpenny9e@sina.com.cn
340,Mella Fandrey,2058 Thackeray Junction,75231,TX,mfandrey9f@photobucket.com
341,Letisha Minci,53 Dixon Parkway,33737,FL,lminci9g@marriott.com
342,Glenn Morais,18 School Road,32220,FL,gmorais9h@artisteer.com
343,Burton Killough,28 Hanover Lane,10292,NY,bkillough9i@wunderground.com
344,Torin Lagden,3046 Almo Place,02114,MA,tlagden9j@aboutads.info
345,Dorri Tocher,36597 Maple Wood Court,06160,CT,dtocher9k@facebook.com
346,Malina Lavielle,41086 Valley Edge Alley,93106,CA,mlavielle9l@google.it
347,Catherin Fairburn,4 Haas Place,80005,CO,cfairburn9m@xing.com
348,Howard Skacel,26411 Bunker Hill Court,14215,NY,hskacel9n@apache.org
349,Markos Clemanceau,7770 Forest Run Plaza,64136,MO,mclemanceau9o@tiny.cc
350,Constantine De Pero,67777 Manitowish Junction,64136,MO,cde9p@unblog.fr
351,Marja Vicker,98 Veith Pass,33129,FL,mvicker9q@mapquest.com
352,Danila Clabburn,64459 Scofield Center,20404,DC,dclabburn9r@livejournal.com
353,Dina Wooffinden,66 Columbus Plaza,70894,LA,dwooffinden9s@dailymotion.com
354,Mariele Orman,0 Trailsway Circle,33180,FL,morman9t@bigcartel.com
355,Milton Heddy,0943 Chinook Terrace,48956,MI,mheddy9u@slideshare.net
356,Moyna Trimming,890 Buena Vista Crossing,68179,NE,mtrimming9v@bandcamp.com
357,Kirby Trafford,12 Calypso Trail,70124,LA,ktrafford9w@shinystat.com
358,Cleavland Hiscocks,772 Birchwood Court,53705,WI,chiscocks9x@baidu.com
359,Jasen Manning,29781 Muir Terrace,37605,TN,jmanning9y@ask.com
360,Dniren Stevens,47 Heath Center,45807,OH,dstevens9z@telegraph.co.uk
361,Ariel Remmers,8 Fairview Lane,15235,PA,aremmersa0@friendfeed.com
362,Roosevelt Tomasz,62 Kedzie Alley,17126,PA,rtomasza1@army.mil
363,Roddy Huskisson,1524 Karstens Center,25331,WV,rhuskissona2@walmart.com
364,Sigfried Shephard,84793 Elka Street,31296,GA,sshepharda3@woothemes.com
365,Ofilia Warburton,74987 Amoth Junction,85297,AZ,owarburtona4@51.la
366,Gustie Ferrettini,45 Reindahl Avenue,32412,FL,gferrettinia5@berkeley.edu
367,Gleda Hendrich,5 Shasta Court,25326,WV,ghendricha6@meetup.com
368,Perle Ferrelli,23747 Dapin Parkway,43268,OH,pferrellia7@amazon.com
369,Dallas Langeren,12 Dapin Junction,36641,AL,dlangerena8@nationalgeographic.com
370,Tiffi Borres,2 Derek Trail,89125,NV,tborresa9@scientificamerican.com
371,Henriette Clair,135 Farragut Court,60697,IL,hclairaa@sciencedirect.com
372,Fleurette Sellan,957 Arkansas Place,19146,PA,fsellanab@taobao.com
373,Bibbie Scurrell,50611 Del Mar Terrace,81010,CO,bscurrellac@house.gov
374,Roch Baudacci,5955 Maryland Hill,34474,FL,rbaudacciad@edublogs.org
375,Sibella Tilt,37 Farwell Lane,32520,FL,stiltae@spiegel.de
376,Salvidor Silley,440 West Junction,20226,DC,ssilleyaf@phpbb.com
377,Clarita Wass,889 Maple Pass,46852,IN,cwassag@wikispaces.com
378,Izak Landreth,8 Center Park,30919,GA,ilandrethah@github.io
379,Harvey Schirach,12 Northfield Way,23454,VA,hschirachai@ehow.com
380,Demetre Torri,7 Oxford Plaza,31119,GA,dtorriaj@shutterfly.com
381,Tab Magill,0 Oxford Junction,93740,CA,tmagillak@google.fr
382,Janek Wickwarth,4 Dwight Parkway,79182,TX,jwickwarthal@infoseek.co.jp
383,Joli Cartin,972 Mallory Drive,80270,CO,jcartinam@comcast.net
384,Nesta Aldred,95 Russell Hill,49006,MI,naldredan@yahoo.co.jp
385,Rycca Pennino,634 Burning Wood Drive,84409,UT,rpenninoao@forbes.com
386,Ado Osmon,65788 Oriole Center,94263,CA,aosmonap@businessweek.com
387,Dorisa Proudman,33 Vera Junction,94159,CA,dproudmanaq@dyndns.org
388,Jeffry Kibbye,35810 Reindahl Street,98506,WA,jkibbyear@wikispaces.com
389,Grissel Carrol,94 Annamark Place,66606,KS,gcarrolas@myspace.com
390,Opalina Malt,545 Pepper Wood Park,45203,OH,omaltat@toplist.cz
391,Zacharia Weblin,1 Linden Center,20442,DC,zweblinau@jigsy.com
392,Bastian Daveley,1 Donald Road,10454,NY,bdaveleyav@dailymail.co.uk
393,Kathye Leupoldt,244 Gerald Street,34290,FL,kleupoldtaw@yahoo.com
394,Broddy Moultrie,366 West Street,80905,CO,bmoultrieax@apple.com
395,Husain Hardacre,25 Iowa Center,48126,MI,hhardacreay@squidoo.com
396,Sandra Dallan,546 Lakewood Gardens Pass,45419,OH,sdallanaz@phoca.cz
397,Thibaud Freshwater,8322 Crowley Plaza,45203,OH,tfreshwaterb0@tiny.cc
398,Arleen Zorzin,33836 Lakewood Alley,40210,KY,azorzinb1@smugmug.com
399,Nanette Flacknell,17894 Scott Road,16107,PA,nflacknellb2@taobao.com
400,Gleda O'Fallon,4012 Ramsey Point,90040,CA,gofallonb3@fc2.com
401,Marcelia Gerrels,2 Troy Street,68134,NE,mgerrelsb4@ning.com
402,Kirbee Lindenboim,02 Annamark Pass,22093,VA,klindenboimb5@clickbank.net
403,Josie Hrishanok,4232 Merry Terrace,20530,DC,jhrishanokb6@scribd.com
404,Trude Borless,4013 Goodland Drive,32405,FL,tborlessb7@cbslocal.com
405,Taffy Rathke,11187 Delaware Junction,31914,GA,trathkeb8@slideshare.net
406,Nelli Libbey,16 Mosinee Crossing,19141,PA,nlibbeyb9@github.io
407,Ranna Corneille,7 Sunfield Parkway,78475,TX,rcorneilleba@flickr.com
408,Fancie Titchmarsh,57356 Londonderry Drive,21281,MD,ftitchmarshbb@washingtonpost.com
409,Noell Minshall,75757 Nancy Hill,95833,CA,nminshallbc@instagram.com
410,Dirk Jeppe,8 Loftsgordon Crossing,93786,CA,djeppebd@51.la
411,Linnea Ince,700 Saint Paul Place,40546,KY,lincebe@globo.com
412,Di Simnor,3887 Graedel Trail,05609,VT,dsimnorbf@typepad.com
413,Jay Extil,03 Manitowish Drive,37205,TN,jextilbg@patch.com
414,Welch Ferrarini,87 Rockefeller Drive,95160,CA,wferrarinibh@symantec.com
415,Meggy Pallas,11727 Packers Pass,27425,NC,mpallasbi@gnu.org
416,Cristina Labusquiere,403 Valley Edge Avenue,33196,FL,clabusquierebj@cbsnews.com
417,Katrina Goodrich,211 Sachs Alley,72215,AR,kgoodrichbk@newyorker.com
418,Jerrome McCarroll,842 Prentice Park,28815,NC,jmccarrollbl@bbc.co.uk
419,Lindi Chasmar,466 Browning Pass,59112,MT,lchasmarbm@tumblr.com
420,Michael Ridge,6877 Dawn Terrace,34210,FL,mridgebn@ycombinator.com
421,Jere Vanini,4 Rigney Place,93907,CA,jvaninibo@istockphoto.com
422,Reece Edgington,4953 Shoshone Pass,32314,FL,redgingtonbp@simplemachines.org
423,Ivy McKeown,4 Garrison Point,94297,CA,imckeownbq@reference.com
424,Helga Barabich,23758 Crescent Oaks Center,95194,CA,hbarabichbr@wufoo.com
425,Bryan Catonne,75197 Northfield Park,78759,TX,bcatonnebs@tamu.edu
426,Cherilyn Vassbender,30 Fairfield Circle,24034,VA,cvassbenderbt@indiegogo.com
427,Jaclin Gun,443 Miller Terrace,90101,CA,jgunbu@yahoo.co.jp
428,Leonie Mintoft,701 Forster Drive,81015,CO,lmintoftbv@intel.com
429,Hale Ridley,3383 Monica Alley,33034,FL,hridleybw@over-blog.com
430,Inga Sibille,64 Caliangt Pass,31205,GA,isibillebx@livejournal.com
431,Tanny Lowes,24535 Thompson Circle,77005,TX,tlowesby@joomla.org
432,Gabriele Kenford,7 Bobwhite Pass,10105,NY,gkenfordbz@nymag.com
433,Boniface Wroe,8420 Meadow Ridge Way,07104,NJ,bwroec0@elpais.com
434,Emmit Gionettitti,5 Arapahoe Park,10606,NY,egionettittic1@webs.com
435,Hewet Wike,4147 Scoville Hill,19146,PA,hwikec2@go.com
436,Chrisy Zanassi,8204 East Center,44105,OH,czanassic3@netlog.com
437,Luther Duerden,09255 American Junction,11407,NY,lduerdenc4@umn.edu
438,Faith Iggalden,5639 Hazelcrest Lane,68124,NE,figgaldenc5@scientificamerican.com
439,Ervin Thews,7357 Oriole Lane,22217,VA,ethewsc6@ifeng.com
440,Shoshanna Trudgion,497 High Crossing Place,19191,PA,strudgionc7@house.gov
441,Frieda Harsant,055 Novick Circle,98166,WA,fharsantc8@msu.edu
442,Royal Kisting,75 South Park,33134,FL,rkistingc9@phoca.cz
443,Johanna Locke,54 Evergreen Circle,55557,MN,jlockeca@bravesites.com
444,Marline McDunlevy,446 Amoth Drive,94230,CA,mmcdunlevycb@ustream.tv
445,Astra Stuehmeier,6 Carey Crossing,90189,CA,astuehmeiercc@shareasale.com
446,Iseabal Gieves,470 Green Court,34276,FL,igievescd@amazon.com
447,Bone Giacomuzzi,54092 Golf View Center,32919,FL,bgiacomuzzice@devhub.com
448,Rosabelle Fairman,4085 Sauthoff Parkway,78465,TX,rfairmancf@51.la
449,Erinn Arnatt,5475 Browning Parkway,85083,AZ,earnattcg@uol.com.br
450,Ludvig Calder,1 Hallows Parkway,45213,OH,lcalderch@about.me
451,Daloris Mewrcik,11 Helena Circle,19058,PA,dmewrcikci@uol.com.br
452,Ly Jewkes,09 Burrows Court,89510,NV,ljewkescj@japanpost.jp
453,Tamarra Lindholm,1710 Straubel Pass,80945,CO,tlindholmck@wikipedia.org
454,Vita Lenahan,335 Rutledge Way,46266,IN,vlenahancl@uiuc.edu
455,Kinnie Hofer,7951 Monica Pass,84170,UT,khofercm@lycos.com
456,Agneta Allbon,619 Kenwood Plaza,77281,TX,aallboncn@uiuc.edu
457,Rubin Reggiani,81078 Stuart Drive,74170,OK,rreggianico@thetimes.co.uk
458,Darrel Rontree,9003 Del Sol Court,77020,TX,drontreecp@dion.ne.jp
459,Alvy Brimner,5 Lakewood Gardens Drive,75210,TX,abrimnercq@cyberchimps.com
460,Sander Broke,3569 Sutherland Parkway,20016,DC,sbrokecr@livejournal.com
461,Lynna Videan,9938 Magdeline Place,25389,WV,lvideancs@shop-pro.jp
462,Myles Coytes,66 Sachs Junction,71130,LA,mcoytesct@php.net
463,Drew Klehn,87 Cascade Avenue,23293,VA,dklehncu@cargocollective.com
464,Dan Downer,1228 Mayer Street,33742,FL,ddownercv@vinaora.com
465,Woody Gotcliff,88 Brentwood Junction,48092,MI,wgotcliffcw@mail.ru
466,Erinna Brigshaw,3 Hovde Lane,45414,OH,ebrigshawcx@arizona.edu
467,Anjela Rappport,27524 Dovetail Plaza,21211,MD,arappportcy@purevolume.com
468,Josephina Miko,97 Erie Plaza,33064,FL,jmikocz@utexas.edu
469,Padraig Tapenden,51206 Pennsylvania Pass,19160,PA,ptapendend0@forbes.com
470,Melesa Littrick,105 Fuller Point,37250,TN,mlittrickd1@mozilla.org
471,Karna Rathborne,98 Village Green Junction,85720,AZ,krathborned2@jimdo.com
472,Graham Degg,322 Alpine Road,87190,NM,gdeggd3@ihg.com
473,Amata Mullins,0 Rowland Street,19191,PA,amullinsd4@aboutads.info
474,Tonie Tume,57617 Blaine Junction,35279,AL,ttumed5@sourceforge.net
475,Bridgette Leyrroyd,0481 Morrow Point,85284,AZ,bleyrroydd6@ucsd.edu
476,Edithe Kuhnke,18267 Arizona Circle,25331,WV,ekuhnked7@tinyurl.com
477,Heidi Tulloch,332 Superior Alley,43635,OH,htullochd8@spotify.com
478,Rois Eborn,31 Grayhawk Street,48107,MI,rebornd9@alibaba.com
479,Kris Halms,579 Cody Parkway,33124,FL,khalmsda@mashable.com
480,Finn Grubey,4402 Emmet Parkway,92105,CA,fgrubeydb@wunderground.com
481,Uriel McGreil,37939 Surrey Junction,31190,GA,umcgreildc@fotki.com
482,Orbadiah Pendlebury,66592 Ilene Crossing,94627,CA,opendleburydd@imageshack.us
483,Niccolo Atcheson,1890 Steensland Parkway,65898,MO,natchesonde@craigslist.org
484,Bradly Conrart,7 Helena Court,44315,OH,bconrartdf@w3.org
485,Brock Rooney,57 Northridge Trail,27455,NC,brooneydg@live.com
486,Hatti Stilliard,76057 Northport Place,62205,IL,hstilliarddh@alexa.com
487,Kristofor Lettice,589 Red Cloud Pass,16534,PA,kletticedi@addthis.com
488,Fidelity Kaesmakers,34104 Dorton Drive,12255,NY,fkaesmakersdj@hud.gov
489,Sherwynd Antoniou,0926 Del Sol Lane,32830,FL,santonioudk@twitpic.com
490,Davidson Brizland,7223 Division Pass,98506,WA,dbrizlanddl@issuu.com
491,Dolly Elsdon,57057 Vernon Court,73197,OK,delsdondm@ca.gov
492,Eartha Sorbey,01352 Carberry Trail,10131,NY,esorbeydn@loc.gov
493,Der Gallamore,4 Duke Alley,78235,TX,dgallamoredo@japanpost.jp
494,Shay Lakenton,9 Continental Point,37410,TN,slakentondp@tumblr.com
495,Avictor Gorelli,6520 Bunker Hill Crossing,35244,AL,agorellidq@live.com
496,Jemmy Mackelworth,83 Hanson Street,27717,NC,jmackelworthdr@nsw.gov.au
497,Waite Fortune,171 Badeau Court,94110,CA,wfortuneds@purevolume.com
498,Windy Petche,28147 Coolidge Center,15240,PA,wpetchedt@skyrock.com
499,Lucho Dienes,2 Cambridge Way,31165,GA,ldienesdu@mysql.com
500,Vivyan Masselin,87541 Granby Park,33405,FL,vmasselindv@lulu.com
501,Bertie Rusk,49653 Continental Avenue,99220,WA,bruskdw@bloglovin.com
502,Griffie Barukh,972 Dayton Pass,78250,TX,gbarukhdx@vistaprint.com
503,Rosalinde Dayce,22 Dayton Lane,73109,OK,rdaycedy@free.fr
504,Layton Elion,93341 Fallview Parkway,95133,CA,leliondz@engadget.com
505,Karel Kield,9183 Jackson Drive,93773,CA,kkielde0@utexas.edu
506,Farrel Mauser,363 Packers Place,22234,VA,fmausere1@skype.com
507,Brit Windham,7 Sunnyside Circle,94302,CA,bwindhame2@upenn.edu
508,Lavinie Fehners,6 Marcy Park,23454,VA,lfehnerse3@jigsy.com
509,Finn Pavelin,74312 Golf View Center,50369,IA,fpaveline4@storify.com
510,Lotty Cavy,24 Southridge Alley,67210,KS,lcavye5@youku.com
511,Vikki Sprosson,1367 Mosinee Crossing,38188,TN,vsprossone6@businesswire.com
512,Kliment Cornthwaite,1 Petterle Point,73157,OK,kcornthwaitee7@phpbb.com
513,Pooh Aldie,82 Quincy Trail,46295,IN,paldiee8@yale.edu
514,Rollo Raylton,4 Melrose Plaza,89436,NV,rrayltone9@vk.com
515,Jeremie Dade,5894 Butternut Junction,44485,OH,jdadeea@discovery.com
516,Arturo Grahlmans,1 Scoville Place,88525,TX,agrahlmanseb@hatena.ne.jp
517,Yehudit Huxster,210 Manufacturers Point,45203,OH,yhuxsterec@com.com
518,Mycah Bassford,371 Vernon Hill,06726,CT,mbassforded@diigo.com
519,Vilhelmina Bampkin,52 Laurel Hill,30033,GA,vbampkinee@ft.com
520,Felicdad Strawbridge,54097 Iowa Park,50347,IA,fstrawbridgeef@cargocollective.com
521,Jessee Levi,910 Anniversary Parkway,78726,TX,jlevieg@bloomberg.com
522,Octavius Cota,9563 3rd Alley,62705,IL,ocotaeh@cnet.com
523,Guntar Farren,5 Maple Terrace,31210,GA,gfarrenei@unc.edu
524,Thorstein Calterone,9276 Loeprich Way,19146,PA,tcalteroneej@reference.com
525,Marylee Machent,14501 Mallory Point,12232,NY,mmachentek@ox.ac.uk
526,Betta Likly,01 Prairie Rose Drive,32590,FL,bliklyel@technorati.com
527,Lindsey Gladwish,67 Westend Junction,11355,NY,lgladwishem@seesaa.net
528,Galvan Attryde,74342 Kenwood Alley,77346,TX,gattrydeen@ask.com
529,Sherline Glede,044 Briar Crest Place,36605,AL,sgledeeo@ca.gov
530,Jennette Stradling,565 Logan Place,10184,NY,jstradlingep@cdc.gov
531,Patrick Bracher,03 David Way,85030,AZ,pbrachereq@tuttocitta.it
532,Emmalee Motton,52 Burrows Junction,78764,TX,emottoner@sbwire.com
533,Dolf Du Barry,85 Merchant Parkway,20046,DC,ddues@soup.io
534,Brent Pockett,81367 Moland Drive,01605,MA,bpockettet@studiopress.com
535,Simone Diamond,538 Bunker Hill Lane,36119,AL,sdiamondeu@yandex.ru
536,Alard Housegoe,9 Shoshone Alley,92405,CA,ahousegoeev@sohu.com
537,Hyacinthe Learoyd,35609 Prentice Court,20268,DC,hlearoydew@trellian.com
538,Ariana Pales,8 Oak Street,63196,MO,apalesex@theglobeandmail.com
539,Bianca Steade,18 Autumn Leaf Place,79769,TX,bsteadeey@washingtonpost.com
540,Brewer Flaubert,413 Rigney Crossing,77844,TX,bflaubertez@about.me
541,Bella Bernot,58 Golf Course Park,28405,NC,bbernotf0@va.gov
542,Mordy Langlais,8 Stang Parkway,11220,NY,mlanglaisf1@nifty.com
543,Ediva de Merida,5770 1st Junction,37416,TN,edef2@google.co.uk
544,Aime Dearden,90650 Dennis Trail,78778,TX,adeardenf3@time.com
545,Cyndie Chaulk,94 Onsgard Court,19146,PA,cchaulkf4@epa.gov
546,Waly McGonagle,1 Swallow Point,93305,CA,wmcgonaglef5@unesco.org
547,Kirby Hindhaugh,5409 School Pass,28263,NC,khindhaughf6@digg.com
548,Markos Greensted,5 Ridgeway Point,78230,TX,mgreenstedf7@globo.com
549,Truda Birchett,00314 Eliot Terrace,34611,FL,tbirchettf8@ask.com
550,Silvia Peiro,70406 Johnson Trail,32969,FL,speirof9@deliciousdays.com
551,Any Naris,85 North Pass,46247,IN,anarisfa@hp.com
552,Montgomery Skym,78212 Dawn Terrace,55188,MN,mskymfb@earthlink.net
553,Hurleigh Seif,4389 Independence Center,02124,MA,hseiffc@ovh.net
554,Dwain Goneau,616 East Street,38161,TN,dgoneaufd@surveymonkey.com
555,Dietrich Backshaw,7 Little Fleur Alley,80204,CO,dbackshawfe@vk.com
556,Aurelea Rosina,50201 Karstens Avenue,02163,MA,arosinaff@weibo.com
557,Sheilah Scarborough,62 Talmadge Junction,06825,CT,sscarboroughfg@addtoany.com
558,Nerissa Earthfield,2037 Surrey Alley,19892,DE,nearthfieldfh@dot.gov
559,Andree Pask,02572 Ruskin Lane,06533,CT,apaskfi@wunderground.com
560,Gilly Lanphere,5 Londonderry Center,85010,AZ,glanpherefj@msn.com
561,Hillard Tremblot,6404 Orin Road,35244,AL,htremblotfk@cnn.com
562,Rafi Boissier,9284 Kings Circle,34290,FL,rboissierfl@npr.org
563,Cookie Ausher,69 Carioca Junction,78789,TX,causherfm@instagram.com
564,Taddeo Giacomello,876 Laurel Court,29240,SC,tgiacomellofn@networkadvertising.org
565,Ruggiero Bilsland,4976 Bunker Hill Court,94280,CA,rbilslandfo@pcworld.com
566,Matti Firbanks,007 Stang Hill,78778,TX,mfirbanksfp@desdev.cn
567,Lucio Van Eeden,4 Forster Crossing,89160,NV,lvanfq@walmart.com
568,Henka Thacker,25274 Surrey Hill,37405,TN,hthackerfr@nifty.com
569,Blane Karpe,51849 Clemons Street,94089,CA,bkarpefs@clickbank.net
570,Dirk Wattins,7 Westport Trail,92132,CA,dwattinsft@freewebs.com
571,Tamqrah Prott,69 Division Trail,37210,TN,tprottfu@macromedia.com
572,Janela Mitchelson,4553 Reinke Circle,45233,OH,jmitchelsonfv@pbs.org
573,Robinet Castiblanco,862 Steensland Lane,33345,FL,rcastiblancofw@hao123.com
574,Gerta Infantino,4 Chinook Hill,27690,NC,ginfantinofx@dot.gov
575,Nollie Panting,40 Daystar Junction,24009,VA,npantingfy@usda.gov
576,Clementine Bettinson,35447 Melvin Court,72209,AR,cbettinsonfz@youtu.be
577,Ferdinanda Cromb,959 Westerfield Park,74170,OK,fcrombg0@businessweek.com
578,Candie Pirrie,0 Gale Road,30605,GA,cpirrieg1@oracle.com
579,Gael Juorio,196 Tennessee Plaza,89087,NV,gjuoriog2@state.gov
580,Lauralee Acaster,19 Manley Way,88541,TX,lacasterg3@aol.com
581,Rustie Gauntlett,121 Corscot Alley,48295,MI,rgauntlettg4@chicagotribune.com
582,Dehlia Dyball,22744 Dixon Trail,40618,KY,ddyballg5@bandcamp.com
583,Lorrin Billingsly,31804 Katie Pass,73119,OK,lbillingslyg6@reference.com
584,Corilla Itzkovsky,886 Union Way,61110,IL,citzkovskyg7@ucla.edu
585,Elsinore Voyce,15858 Bowman Trail,23520,VA,evoyceg8@ca.gov
586,Estrella Slesser,27989 Commercial Road,32813,FL,eslesserg9@51.la
587,Conway Asquez,9229 Stang Way,55905,MN,casquezga@naver.com
588,Port Estrella,21149 Straubel Pass,43699,OH,pestrellagb@fc2.com
589,Aile Nobes,7598 Melvin Place,31416,GA,anobesgc@last.fm
590,Cassius Matevushev,9 Bunting Crossing,46278,IN,cmatevushevgd@purevolume.com
591,Tynan McIlvenna,66 Starling Point,33111,FL,tmcilvennage@mysql.com
592,Gui Barzen,83776 Brown Point,94064,CA,gbarzengf@kickstarter.com
593,Quinn Emney,597 Ryan Park,30061,GA,qemneygg@tuttocitta.it
594,Salmon Cabrer,5 Sunnyside Park,84145,UT,scabrergh@tiny.cc
595,Saxon Farrar,96789 Haas Lane,55573,MN,sfarrargi@bravesites.com
596,Junia Sanbrook,70 John Wall Court,44710,OH,jsanbrookgj@wikipedia.org
597,Katalin Rawood,1 Onsgard Center,53205,WI,krawoodgk@cocolog-nifty.com
598,Elane Bowman,162 Doe Crossing Way,77010,TX,ebowmangl@elpais.com
599,Jefferson Kike,00 Northview Drive,53405,WI,jkikegm@amazon.com
600,Celestina Amber,20480 Sunbrook Circle,55564,MN,cambergn@earthlink.net
601,Merry Franz,1429 Cordelia Hill,95128,CA,mfranzgo@free.fr
602,Arlinda Facchini,40 Shopko Street,34135,FL,afacchinigp@toplist.cz
603,Benji Paddefield,4 Utah Pass,47747,IN,bpaddefieldgq@hexun.com
604,Job Macieiczyk,564 Kings Pass,76110,TX,jmacieiczykgr@hp.com
605,Darcy Emma,6379 Logan Place,33758,FL,demmags@php.net
606,Bartholomeo Bealing,93 Independence Way,33994,FL,bbealinggt@google.co.jp
607,Ina Waddington,714 Thackeray Junction,84605,UT,iwaddingtongu@newsvine.com
608,Marillin Bundy,238 New Castle Pass,20380,DC,mbundygv@howstuffworks.com
609,Claudina Canelas,1937 Center Way,77070,TX,ccanelasgw@google.co.uk
610,Kyle Barthelmes,623 Ilene Terrace,59771,MT,kbarthelmesgx@prnewswire.com
611,Inglis Jorden,6013 Meadow Vale Terrace,98195,WA,ijordengy@bloglovin.com
612,Deirdre Brasse,896 Dapin Lane,23277,VA,dbrassegz@prlog.org
613,Boonie Rothon,284 Montana Point,36134,AL,brothonh0@webmd.com
614,Elise Palfreeman,43861 Mayfield Lane,77070,TX,epalfreemanh1@blinklist.com
615,Marni O'Beirne,281 Oak Trail,60686,IL,mobeirneh2@flavors.me
616,Saleem Smithin,9198 Crownhardt Terrace,33811,FL,ssmithinh3@oakley.com
617,Sayre Haffard,925 John Wall Park,92822,CA,shaffardh4@phoca.cz
618,Selma Kytley,4614 Pine View Avenue,43231,OH,skytleyh5@so-net.ne.jp
619,Solly Cromar,1 Petterle Pass,79182,TX,scromarh6@moonfruit.com
620,Liliane Summersby,06113 Jana Parkway,55573,MN,lsummersbyh7@yandex.ru
621,Antoni Evers,580 Gulseth Court,29225,SC,aeversh8@archive.org
622,Priscilla Lyster,40120 Hermina Place,88535,TX,plysterh9@liveinternet.ru
623,Malvin Turneux,7384 Algoma Way,23225,VA,mturneuxha@artisteer.com
624,Joyan Mears,1 Arapahoe Court,61605,IL,jmearshb@twitter.com
625,Jeanelle McClinton,1 Eliot Crossing,20022,DC,jmcclintonhc@bbb.org
626,Maurits Pesic,64 Cardinal Alley,11044,NY,mpesichd@mapy.cz
627,Andras O'Cosgra,0263 Tomscot Hill,46226,IN,aocosgrahe@quantcast.com
628,Flor Bassingham,6668 Morning Way,14652,NY,fbassinghamhf@bandcamp.com
629,Ranna Lethibridge,4658 Heath Road,45432,OH,rlethibridgehg@skype.com
630,Karlen Steer,11140 Petterle Place,89505,NV,ksteerhh@uiuc.edu
631,Rolph Louden,8 Stoughton Avenue,98411,WA,rloudenhi@pen.io
632,Malvina Goold,11 Crescent Oaks Trail,30092,GA,mgooldhj@psu.edu
633,Say Eaves,07377 Moland Point,33196,FL,seaveshk@tinypic.com
634,Debbie Stancliffe,0565 Emmet Crossing,89160,NV,dstancliffehl@cnn.com
635,Stephannie Dalli,93920 Schiller Parkway,53277,WI,sdallihm@sohu.com
636,Julee Dartnall,8 Troy Lane,33305,FL,jdartnallhn@npr.org
637,Den Tipler,76 Westridge Parkway,91520,CA,dtiplerho@behance.net
638,Prue von Grollmann,44827 Delladonna Place,67230,KS,pvonhp@com.com
639,Cathrine Mawby,705 Messerschmidt Pass,95298,CA,cmawbyhq@pagesperso-orange.fr
640,Dannye Reddyhoff,33 Bartillon Point,32610,FL,dreddyhoffhr@arizona.edu
641,Ali Starmer,68930 Heath Point,64187,MO,astarmerhs@toplist.cz
642,Davin Ciubutaro,3 Artisan Court,89166,NV,dciubutaroht@edublogs.org
643,Fredia Giuroni,463 Golden Leaf Parkway,80045,CO,fgiuronihu@virginia.edu
644,Moselle Ivakhnov,9 Rockefeller Way,25705,WV,mivakhnovhv@jiathis.com
645,Cello Climpson,3 Victoria Trail,76004,TX,cclimpsonhw@creativecommons.org
646,Mirelle Dampier,436 Tennyson Terrace,64160,MO,mdampierhx@nasa.gov
647,Rube McCrostie,0301 Lotheville Street,89714,NV,rmccrostiehy@macromedia.com
648,Ivonne Brewis,3067 Northwestern Way,77095,TX,ibrewishz@tuttocitta.it
649,Martino Lahy,157 Mesta Place,94273,CA,mlahyi0@jugem.jp
650,Afton Tamlett,8 Walton Pass,61709,IL,atamletti1@wiley.com
651,Margarete Maxwell,20769 Roth Junction,93704,CA,mmaxwelli2@imageshack.us
652,Reynolds Gamble,78 Old Shore Court,67205,KS,rgamblei3@netscape.com
653,Dee Giblett,38688 Upham Street,78260,TX,dgibletti4@hc360.com
654,Kilian Caldron,99 Eliot Pass,23663,VA,kcaldroni5@economist.com
655,Roxie Ference,04 Weeping Birch Park,22405,VA,rferencei6@hugedomains.com
656,Kelci Donaher,99035 Hagan Plaza,33625,FL,kdonaheri7@studiopress.com
657,Lelah De Bernardis,245 6th Parkway,63167,MO,ldei8@last.fm
658,Tobey Corsan,286 Bowman Way,47805,IN,tcorsani9@instagram.com
659,Brendis Ponten,7 Eliot Circle,28410,NC,bpontenia@cloudflare.com
660,Bo Berling,79770 Magdeline Road,35290,AL,bberlingib@wordpress.org
661,Merralee Simoneschi,88 Lerdahl Point,97229,OR,msimoneschiic@ustream.tv
662,Evangelia De Normanville,266 Rutledge Street,94297,CA,edeid@boston.com
663,Carin Dowall,96435 Farragut Court,79994,TX,cdowallie@wiley.com
664,Melisse Spoors,7375 Stang Lane,32830,FL,mspoorsif@blogs.com
665,Ulrika Sporgeon,74360 Bunting Court,75310,TX,usporgeonig@tripadvisor.com
666,Norton Ropkins,87 Grover Place,77218,TX,nropkinsih@blogger.com
667,Velvet Crockatt,88 Nancy Parkway,87105,NM,vcrockattii@va.gov
668,Samaria Stranahan,6055 Eagan Junction,14263,NY,sstranahanij@over-blog.com
669,Atlanta Humbey,7 Independence Plaza,95405,CA,ahumbeyik@sphinn.com
670,Maggie Dood,6250 Evergreen Avenue,13210,NY,mdoodil@businessweek.com
671,Tiebold Dullaghan,698 Butterfield Lane,44905,OH,tdullaghanim@vistaprint.com
672,Agneta Beaford,816 Clemons Hill,95219,CA,abeafordin@ucoz.com
673,Neilla Emtage,94003 Barnett Drive,60435,IL,nemtageio@wunderground.com
674,Raphael Engelmann,9 Crescent Oaks Circle,90405,CA,rengelmannip@pen.io
675,Adaline MacLardie,1 Westend Lane,88525,TX,amaclardieiq@soup.io
676,Mick Carlsson,9751 Packers Pass,44125,OH,mcarlssonir@japanpost.jp
677,Adrianne Brunstan,55798 Myrtle Drive,64136,MO,abrunstanis@eepurl.com
678,Isaiah Imbrey,836 Heffernan Circle,90305,CA,iimbreyit@state.tx.us
679,Gertie Franek,3 Kennedy Street,70505,LA,gfranekiu@ifeng.com
680,Chantalle Phippen,4587 Porter Pass,31205,GA,cphippeniv@mayoclinic.com
681,Katuscha Doncom,147 Norway Maple Point,36114,AL,kdoncomiw@patch.com
682,Shelley Poad,9 Manitowish Terrace,14233,NY,spoadix@wsj.com
683,Carlyle Downs,1595 High Crossing Drive,65211,MO,cdownsiy@webmd.com
684,Min Chaston,2 Sherman Park,55565,MN,mchastoniz@clickbank.net
685,Goran Jojic,548 Northport Court,33320,FL,gjojicj0@artisteer.com
686,Sam Ramble,78 Shelley Road,40225,KY,sramblej1@answers.com
687,Marabel Chesnay,9 Scofield Circle,23705,VA,mchesnayj2@vistaprint.com
688,Emilio Mallia,3 Rockefeller Street,92805,CA,emalliaj3@hp.com
689,Johannah Leschelle,69 Gulseth Pass,44310,OH,jleschellej4@sakura.ne.jp
690,Bea McDaid,568 American Pass,85710,AZ,bmcdaidj5@twitter.com
691,Gerald Ovanesian,0047 Merrick Alley,45403,OH,govanesianj6@biglobe.ne.jp
692,Nikola Telezhkin,588 Anderson Center,74184,OK,ntelezhkinj7@earthlink.net
693,Kent Helliker,012 Starling Court,19495,PA,khellikerj8@diigo.com
694,Moll Tippings,7 Derek Plaza,22036,VA,mtippingsj9@sakura.ne.jp
695,Nicki Skein,7517 Meadow Vale Hill,55188,MN,nskeinja@jalbum.net
696,Jerrie Rupprecht,048 Lyons Lane,77386,TX,jrupprechtjb@nasa.gov
697,Obediah Cathee,101 Eggendart Parkway,73197,OK,ocatheejc@meetup.com
698,Lyndy Birchwood,91 Bartillon Point,17121,PA,lbirchwoodjd@technorati.com
699,Kathleen Donet,8 Prairieview Place,10170,NY,kdonetje@ebay.com
700,Stillman Pochet,0282 Scofield Avenue,33180,FL,spochetjf@wired.com
701,Kissiah Norewood,8 Hauk Circle,74103,OK,knorewoodjg@nytimes.com
702,Randy Heugel,6594 Express Place,89105,NV,rheugeljh@webeden.co.uk
703,Leilah Frigot,6396 Northfield Pass,89130,NV,lfrigotji@cornell.edu
704,Yves Alyokhin,6 Delladonna Road,25389,WV,yalyokhinjj@google.it
705,Tawnya Boog,34 Vermont Park,93584,CA,tboogjk@simplemachines.org
706,Rouvin Devers,2 American Court,92505,CA,rdeversjl@paypal.com
707,Penelopa Fulcher,66 Pankratz Place,74133,OK,pfulcherjm@tinyurl.com
708,Shanie Porteous,93775 Old Shore Plaza,71208,LA,sporteousjn@studiopress.com
709,Otto Yersin,05 Heffernan Avenue,20392,DC,oyersinjo@cnbc.com
710,Anabelle Plott,12042 Stang Park,46857,IN,aplottjp@oakley.com
711,Harwilll Dutchburn,70135 Beilfuss Hill,79165,TX,hdutchburnjq@businessinsider.com
712,Jeth Praton,5 Columbus Junction,48076,MI,jpratonjr@parallels.com
713,Chanda Wallwork,6370 Jenna Trail,88579,TX,cwallworkjs@quantcast.com
714,Carry Fiander,4 Duke Park,55487,MN,cfianderjt@fotki.com
715,Ninon Towner,1749 Hallows Court,30919,GA,ntownerju@oakley.com
716,Pall Bruford,21 Vahlen Way,96815,HI,pbrufordjv@pbs.org
717,Madel Decker,1694 Manufacturers Plaza,19178,PA,mdeckerjw@nsw.gov.au
718,Amalia Norway,37572 Eastlawn Pass,49444,MI,anorwayjx@oaic.gov.au
719,Izzy Sparwell,61109 Springview Drive,80279,CO,isparwelljy@elpais.com
720,Clara Fuggle,18 Summer Ridge Alley,07104,NJ,cfugglejz@bigcartel.com
721,Barron Parlor,079 Mayfield Plaza,30323,GA,bparlork0@dmoz.org
722,Trumaine Laugier,221 Vidon Place,89595,NV,tlaugierk1@prlog.org
723,Kara Minney,29 Elgar Hill,10155,NY,kminneyk2@mlb.com
724,Modestia Arrighi,58632 Ludington Hill,98405,WA,marrighik3@google.com.hk
725,Blithe Whitemarsh,5 Forest Trail,23203,VA,bwhitemarshk4@networkadvertising.org
726,Kleon Tabour,40172 Browning Trail,02458,MA,ktabourk5@cocolog-nifty.com
727,Ursa Carlens,55166 Eliot Pass,76198,TX,ucarlensk6@whitehouse.gov
728,Aubrey Evins,1211 Prairie Rose Parkway,92867,CA,aevinsk7@lycos.com
729,Kevan Kilcoyne,73772 Vidon Circle,33487,FL,kkilcoynek8@home.pl
730,Miles Fielding,65 Dixon Place,02298,MA,mfieldingk9@nbcnews.com
731,Colet McPhail,64689 Del Sol Street,17126,PA,cmcphailka@imgur.com
732,Linn Wiper,7334 Derek Parkway,06721,CT,lwiperkb@pbs.org
733,Paule Whichelow,2 American Street,11215,NY,pwhichelowkc@hatena.ne.jp
734,Dotty Teresse,4849 Grover Lane,55103,MN,dteressekd@utexas.edu
735,Dare Roll,43 Larry Street,80270,CO,drollke@twitter.com
736,Glenn Cozby,3 Roxbury Park,40280,KY,gcozbykf@flavors.me
737,Ivan Feary,97046 Welch Park,99260,WA,ifearykg@live.com
738,Ashli Dake,4 Pond Hill,12325,NY,adakekh@imdb.com
739,Mylo Gatenby,36 Porter Street,79116,TX,mgatenbyki@sciencedirect.com
740,Cecil Zanitti,6727 Donald Avenue,85010,AZ,czanittikj@fema.gov
741,Pierce Scotsbrook,616 Alpine Park,45020,OH,pscotsbrookkk@myspace.com
742,Dur Binnes,9677 Montana Avenue,80305,CO,dbinneskl@devhub.com
743,Gonzalo Adlard,3744 Waxwing Parkway,10160,NY,gadlardkm@epa.gov
744,Marcile Stagg,258 Shopko Crossing,76115,TX,mstaggkn@yellowbook.com
745,Noak Arboin,21 Crownhardt Lane,88563,TX,narboinko@bloomberg.com
746,Monica Priestman,8 5th Parkway,77015,TX,mpriestmankp@tinypic.com
747,Nolie Tesche,5 Summer Ridge Court,35405,AL,nteschekq@usa.gov
748,Aldis Torbeck,01913 Dayton Avenue,34985,FL,atorbeckkr@live.com
749,Sandra Coplestone,65436 Summit Junction,78465,TX,scoplestoneks@hao123.com
750,Adel Haswall,790 Dapin Center,33013,FL,ahaswallkt@arizona.edu
751,Aveline Falloon,0 Sauthoff Street,32813,FL,afalloonku@jugem.jp
752,Weidar Schelle,5663 Sugar Alley,46406,IN,wschellekv@ehow.com
753,Anselm Perot,82 Blackbird Pass,94807,CA,aperotkw@ed.gov
754,Morse Palffy,7600 Mesta Alley,74103,OK,mpalffykx@amazon.co.uk
755,Sigfried Stollmeier,764 Express Street,31217,GA,sstollmeierky@yahoo.com
756,Conrad Bountiff,32228 Waxwing Road,06726,CT,cbountiffkz@google.ca
757,Alberta Lohering,920 6th Drive,32859,FL,aloheringl0@sphinn.com
758,Winona Demer,517 Crowley Terrace,75241,TX,wdemerl1@studiopress.com
759,Annis McInnery,1 New Castle Place,33034,FL,amcinneryl2@zdnet.com
760,Lurette Roiz,18 Maple Wood Plaza,30375,GA,lroizl3@livejournal.com
761,Lexie Wainman,07 Reindahl Street,18505,PA,lwainmanl4@illinois.edu
762,Xaviera Deetlof,7714 Judy Parkway,91205,CA,xdeetlofl5@mit.edu
763,Marylinda Tutchings,01 American Ash Lane,98121,WA,mtutchingsl6@kickstarter.com
764,Minetta Pannaman,9 Logan Trail,95818,CA,mpannamanl7@studiopress.com
765,Cody Gamblin,32 Eggendart Way,90510,CA,cgamblinl8@t.co
766,Blinni Bambery,7613 Cottonwood Junction,89155,NV,bbamberyl9@privacy.gov.au
767,Frazier McChruiter,4196 Pierstorff Hill,60158,IL,fmcchruiterla@goodreads.com
768,Pet Denness,7 Elgar Point,66205,KS,pdennesslb@cargocollective.com
769,Chrissie Lark,40 Golf Pass,21211,MD,clarklc@pen.io
770,Raul Scothron,155 8th Park,11215,NY,rscothronld@amazon.co.uk
771,Maurise Timblett,26 Amoth Lane,63180,MO,mtimblettle@nsw.gov.au
772,Melody Caldeyroux,986 Melody Way,78475,TX,mcaldeyrouxlf@apache.org
773,Roxana Fieldhouse,93218 Northport Pass,83716,ID,rfieldhouselg@miitbeian.gov.cn
774,Kippy Adam,87961 Packers Point,63167,MO,kadamlh@artisteer.com
775,Pedro Stoacley,542 Clemons Pass,94291,CA,pstoacleyli@businessweek.com
776,Kailey Dornin,7 Jenifer Park,77223,TX,kdorninlj@php.net
777,Delphinia Cloughton,35 Maple Alley,71130,LA,dcloughtonlk@exblog.jp
778,Quinn Beddoe,3 Ronald Regan Crossing,32244,FL,qbeddoell@cisco.com
779,Silvana Klaus,84 Warbler Park,20551,DC,sklauslm@storify.com
780,Nona Coverly,77 Holy Cross Avenue,33715,FL,ncoverlyln@europa.eu
781,Eadie Meedendorpe,41 Emmet Way,49544,MI,emeedendorpelo@nasa.gov
782,Raff Curry,097 Emmet Drive,79769,TX,rcurrylp@hc360.com
783,Joanna McLachlan,8845 Marcy Trail,97240,OR,jmclachlanlq@squidoo.com
784,Hubie Davidovits,841 Bowman Park,78410,TX,hdavidovitslr@spiegel.de
785,Peria McGruar,78802 Holy Cross Place,11431,NY,pmcgruarls@topsy.com
786,Aleece Fairchild,97214 Golden Leaf Parkway,18706,PA,afairchildlt@reddit.com
787,Jaquelyn Sneezum,1 Hanson Alley,33620,FL,jsneezumlu@smugmug.com
788,Franklyn Brandes,48 Welch Court,79171,TX,fbrandeslv@oaic.gov.au
789,Darda Boneham,1371 Dryden Junction,23242,VA,dbonehamlw@wikimedia.org
790,Eldon Cathenod,0761 Northview Point,19160,PA,ecathenodlx@unicef.org
791,Johny Becerra,6 Westport Junction,95160,CA,jbecerraly@tamu.edu
792,Brina Trewhitt,7 Onsgard Point,95894,CA,btrewhittlz@si.edu
793,Sigismund Machen,12878 Walton Trail,80127,CO,smachenm0@theatlantic.com
794,Marietta Cade,970 Farwell Lane,94257,CA,mcadem1@e-recht24.de
795,Datha Benge,18 Merry Trail,55598,MN,dbengem2@tmall.com
796,Morly Culbert,62920 Sachs Plaza,92710,CA,mculbertm3@cafepress.com
797,Reena Raimbauld,593 Oxford Street,94611,CA,rraimbauldm4@cocolog-nifty.com
798,Eden Smogur,592 Texas Plaza,79977,TX,esmogurm5@lulu.com
799,Arnaldo Camosso,38636 South Center,73190,OK,acamossom6@networkadvertising.org
800,Tomi Bustin,4 Coolidge Street,99517,AK,tbustinm7@google.com
801,Frazer Antonescu,54 Cascade Street,45414,OH,fantonescum8@about.me
802,Chelsey MacArthur,6761 Dunning Plaza,38150,TN,cmacarthurm9@ibm.com
803,Missie Allard,097 Alpine Plaza,93726,CA,mallardma@people.com.cn
804,Avril Pitt,72982 Boyd Trail,12227,NY,apittmb@weather.com
805,Gareth Mourge,17 Sunbrook Hill,45020,OH,gmourgemc@ezinearticles.com
806,Eben Mardy,4956 Katie Point,28205,NC,emardymd@bloomberg.com
807,Angelle Mathan,4406 Morrow Crossing,14233,NY,amathanme@nasa.gov
808,Concettina Bonson,9 Huxley Plaza,85040,AZ,cbonsonmf@nps.gov
809,Spence Geer,2 Fulton Junction,52809,IA,sgeermg@constantcontact.com
810,Trixy Smithe,0839 Vera Court,93726,CA,tsmithemh@wikipedia.org
811,Hermina Joscelyn,77 Hanover Hill,19892,DE,hjoscelynmi@unblog.fr
812,Trip Buzine,663 Morrow Street,46852,IN,tbuzinemj@quantcast.com
813,Hesther Myrkus,7928 Hovde Pass,01610,MA,hmyrkusmk@springer.com
814,Timi Jouhan,2 North Parkway,24034,VA,tjouhanml@dagondesign.com
815,Ramon Sherwen,310 Brown Plaza,34276,FL,rsherwenmm@umich.edu
816,Hetti Gionettitti,4496 Sheridan Parkway,43226,OH,hgionettittimn@diigo.com
817,Ingeberg Bilbey,918 Shoshone Terrace,84403,UT,ibilbeymo@blogs.com
818,Bil Filkov,43792 Reindahl Court,77806,TX,bfilkovmp@dailymotion.com
819,Mike Creeboe,702 Towne Way,78754,TX,mcreeboemq@wikispaces.com
820,Kimmy Cleaveland,50140 Bunker Hill Place,81010,CO,kcleavelandmr@godaddy.com
821,Jakie Coulson,388 Summit Plaza,02216,MA,jcoulsonms@ezinearticles.com
822,Rasla Taggert,57 Prairieview Drive,75221,TX,rtaggertmt@ft.com
823,Ruthann Carrol,2 Shoshone Drive,10160,NY,rcarrolmu@ibm.com
824,Claus Manolov,4 Marcy Center,19805,DE,cmanolovmv@loc.gov
825,Tamarah Thuillier,8 Cardinal Hill,79994,TX,tthuilliermw@mozilla.com
826,Susan Guidetti,75 Mosinee Court,92878,CA,sguidettimx@usgs.gov
827,Padriac Veracruysse,29 Bellgrove Terrace,27605,NC,pveracruyssemy@elegantthemes.com
828,Fremont Abbes,9 Fisk Court,70142,LA,fabbesmz@feedburner.com
829,Gregoor Godsal,44 Swallow Alley,93150,CA,ggodsaln0@4shared.com
830,Loralie Jelf,148 Roth Drive,83732,ID,ljelfn1@facebook.com
831,Jeralee Brownsett,17 Bultman Center,33134,FL,jbrownsettn2@cargocollective.com
832,Else Gandy,42 Kennedy Pass,29610,SC,egandyn3@uiuc.edu
833,Zacherie Otham,2 Sunfield Point,07195,NJ,zothamn4@liveinternet.ru
834,Davis McKeney,03739 Meadow Ridge Lane,45296,OH,dmckeneyn5@ovh.net
835,Marty Akehurst,44028 Prairie Rose Circle,45414,OH,makehurstn6@aboutads.info
836,Kevan Gwyneth,737 Cascade Drive,88541,TX,kgwynethn7@wikipedia.org
837,Bunny Disney,441 Troy Park,75367,TX,bdisneyn8@edublogs.org
838,Rozalin Pley,94 Blue Bill Park Plaza,34665,FL,rpleyn9@omniture.com
839,Garner Bessent,7098 Forest Dale Parkway,94280,CA,gbessentna@devhub.com
840,Howey Walthall,3129 Pierstorff Junction,33310,FL,hwalthallnb@rediff.com
841,Salli Bennellick,5515 Stone Corner Terrace,20268,DC,sbennellicknc@howstuffworks.com
842,Diannne Dumphreys,46914 Mockingbird Junction,90060,CA,ddumphreysnd@diigo.com
843,Madeleine Cowans,32603 Blue Bill Park Circle,78744,TX,mcowansne@xrea.com
844,Myer Lazare,18 2nd Court,11225,NY,mlazarenf@nymag.com
845,Theo Benediktsson,82 Pierstorff Point,92160,CA,tbenediktssonng@networksolutions.com
846,Odille Tapson,5 Lindbergh Terrace,31190,GA,otapsonnh@dailymotion.com
847,Moll Heskin,96636 Dottie Junction,95123,CA,mheskinni@jiathis.com
848,Keenan Hannen,773 Coolidge Court,46862,IN,khannennj@ow.ly
849,Raul Fumagall,20792 Darwin Plaza,45213,OH,rfumagallnk@jimdo.com
850,Aurilia Brasner,64 Pearson Pass,22184,VA,abrasnernl@e-recht24.de
851,Othello Stutte,2 Acker Way,79116,TX,ostuttenm@google.ca
852,Ham Igonet,9697 Sloan Road,66642,KS,higonetnn@accuweather.com
853,Leigh Rosenthal,241 Russell Avenue,79769,TX,lrosenthalno@tripod.com
854,Che Bransdon,7835 1st Place,92013,CA,cbransdonnp@e-recht24.de
855,Bellanca Gillespie,550 Hallows Avenue,45426,OH,bgillespienq@issuu.com
856,Madalyn Gifford,30 Clarendon Terrace,80930,CO,mgiffordnr@deliciousdays.com
857,Barty Rainsdon,39 East Hill,79923,TX,brainsdonns@tiny.cc
858,Ray McCumesky,8 Caliangt Avenue,53790,WI,rmccumeskynt@forbes.com
859,Christan Town,821 Anniversary Way,48076,MI,ctownnu@goodreads.com
860,Jasmine Janaway,60 Farragut Point,33763,FL,jjanawaynv@aol.com
861,Selig Brahm,78756 Florence Pass,70154,LA,sbrahmnw@salon.com
862,Rodney Keenlayside,44 Sutteridge Alley,80638,CO,rkeenlaysidenx@nifty.com
863,Tandie Gillmore,29770 Spenser Plaza,46221,IN,tgillmoreny@wordpress.com
864,Rana Vedntyev,58716 Village Center,46614,IN,rvedntyevnz@hostgator.com
865,Sherwood Cornforth,66 Mccormick Trail,76305,TX,scornfortho0@japanpost.jp
866,Darius Yearnsley,7 1st Road,60624,IL,dyearnsleyo1@myspace.com
867,Darlene Sleaford,7308 Stoughton Street,34745,FL,dsleafordo2@jimdo.com
868,Eal Russilll,572 Morning Court,20380,DC,erussilllo3@dailymail.co.uk
869,Orran Wheatcroft,676 Shelley Trail,50393,IA,owheatcrofto4@vinaora.com
870,Elna Getley,81581 Judy Plaza,89087,NV,egetleyo5@samsung.com
871,Alric Garfitt,78712 Sachs Alley,20057,DC,agarfitto6@unesco.org
872,Annalee Friese,29068 Prairie Rose Hill,75372,TX,afrieseo7@hatena.ne.jp
873,Hannah Webberley,15602 Schurz Court,33487,FL,hwebberleyo8@booking.com
874,Catlin Greep,9 Mitchell Road,43240,OH,cgreepo9@myspace.com
875,Vincents McLennan,774 Tomscot Way,93907,CA,vmclennanoa@google.co.uk
876,Peria Randall,3220 Banding Center,84409,UT,prandallob@imdb.com
877,Erick Pywell,11 Petterle Terrace,98481,WA,epywelloc@goodreads.com
878,Alidia Wisker,59 Columbus Pass,76505,TX,awiskerod@comcast.net
879,Janet Cowlam,93502 Orin Terrace,32941,FL,jcowlamoe@timesonline.co.uk
880,Kyrstin Pow,448 Crest Line Junction,14614,NY,kpowof@google.pl
881,Hana Toffoletto,69 Prairie Rose Point,33028,FL,htoffolettoog@telegraph.co.uk
882,Brig Goldberg,110 Crowley Alley,76205,TX,bgoldbergoh@reference.com
883,Carter Lentsch,487 Farmco Point,45440,OH,clentschoi@techcrunch.com
884,Ailene Benois,6 Vernon Terrace,02114,MA,abenoisoj@ucoz.ru
885,Linell Al Hirsi,7 Pierstorff Way,32964,FL,lalok@163.com
886,Earle Loeber,54070 1st Alley,80241,CO,eloeberol@businessweek.com
887,Paloma Pilsworth,454 Mitchell Point,77505,TX,ppilsworthom@example.com
888,Ramon Muzzi,597 Bobwhite Road,27717,NC,rmuzzion@1688.com
889,Dacey Goundry,5 Comanche Drive,55598,MN,dgoundryoo@scientificamerican.com
890,Helen-elizabeth Geany,900 Montana Drive,02472,MA,hgeanyop@amazon.co.jp
891,Rosalinde Stranio,530 Transport Alley,91205,CA,rstraniooq@youtu.be
892,Tedra Bonnaire,77 Grim Junction,77005,TX,tbonnaireor@bbb.org
893,Rayner Cockburn,9942 Shelley Street,66629,KS,rcockburnos@ca.gov
894,Vinita De Blase,72588 Bonner Point,35210,AL,vdeot@dedecms.com
895,Celina Groucock,5292 Coolidge Lane,45254,OH,cgroucockou@paypal.com
896,Alan Courtin,95 Drewry Place,36641,AL,acourtinov@spiegel.de
897,Samuel Le Grice,13 Troy Center,78726,TX,sleow@godaddy.com
898,Shepard Sarrell,13 Debs Road,75226,TX,ssarrellox@psu.edu
899,Delores Petrenko,07 Rieder Drive,71115,LA,dpetrenkooy@unicef.org
900,Sharron Ackhurst,02 Dwight Plaza,20195,VA,sackhurstoz@wired.com
901,Kippar Mc Menamin,32740 Fremont Center,63131,MO,kmcp0@go.com
902,Ebba Hewes,4 Ronald Regan Trail,89510,NV,ehewesp1@aol.com
903,Farrell Veque,96370 Mockingbird Circle,37919,TN,fvequep2@mysql.com
904,Mitzi Leates,54784 Basil Crossing,02305,MA,mleatesp3@unicef.org
905,Chandler Laurent,88 Old Shore Trail,78789,TX,claurentp4@qq.com
906,Maribel Bruinsma,00 Stuart Plaza,77075,TX,mbruinsmap5@cdbaby.com
907,Salvador Van Der Weedenburg,35 Susan Park,77713,TX,svanp6@diigo.com
908,Gabriello Gyrgorwicx,37 Magdeline Avenue,32277,FL,ggyrgorwicxp7@arstechnica.com
909,Tomas Tebbet,94 American Ash Junction,92710,CA,ttebbetp8@yellowbook.com
910,Albie Wellan,858 Harper Alley,36177,AL,awellanp9@arizona.edu
911,Codie Padly,95185 Kings Way,55108,MN,cpadlypa@reuters.com
912,Sanson Ellicott,0760 Manitowish Junction,92725,CA,sellicottpb@cloudflare.com
913,Therine List,014 4th Place,37995,TN,tlistpc@godaddy.com
914,Petrina Rosberg,13487 Katie Alley,79491,TX,prosbergpd@edublogs.org
915,Emalee Geistbeck,12949 Bonner Lane,38168,TN,egeistbeckpe@pinterest.com
916,Chantalle McGonigle,08045 Crownhardt Avenue,32277,FL,cmcgoniglepf@mysql.com
917,Irene Hulkes,1259 Independence Way,21282,MD,ihulkespg@huffingtonpost.com
918,Zack Cullagh,46677 Tennyson Parkway,68524,NE,zcullaghph@toplist.cz
919,Drusilla Simonyi,140 Harbort Point,72204,AR,dsimonyipi@abc.net.au
920,Orrin Beetham,94037 Iowa Crossing,95823,CA,obeethampj@buzzfeed.com
921,Donnamarie Blundin,57 Grover Road,31106,GA,dblundinpk@blogs.com
922,Aime Margarson,30425 Moland Park,44329,OH,amargarsonpl@blogspot.com
923,Irvine Linskill,74659 Amoth Avenue,92717,CA,ilinskillpm@berkeley.edu
924,Querida Ledley,21491 Victoria Circle,90505,CA,qledleypn@jigsy.com
925,Kym Picker,756 Stone Corner Lane,48098,MI,kpickerpo@nytimes.com
926,Raychel Spilstead,77977 Kedzie Junction,20078,DC,rspilsteadpp@mac.com
927,Ainslie Musprat,0 Hovde Parkway,78235,TX,amuspratpq@dell.com
928,Rosamond O'Doherty,85 Crowley Trail,78475,TX,rodohertypr@hao123.com
929,Lorenza Chevin,7289 Lyons Terrace,21405,MD,lchevinps@yellowbook.com
930,Petunia Timewell,0 Reinke Lane,79934,TX,ptimewellpt@paginegialle.it
931,Viola Satchel,8 Moulton Hill,40287,KY,vsatchelpu@diigo.com
932,Martie Ragge,91 Kinsman Hill,39210,MS,mraggepv@illinois.edu
933,Ramsey Ianinotti,7633 Lotheville Junction,23464,VA,rianinottipw@hubpages.com
934,Teresina Smewin,68 Bonner Center,94273,CA,tsmewinpx@dell.com
935,Stanislas Leere,14036 Westend Plaza,15235,PA,sleerepy@cdbaby.com
936,Dino Waryk,729 Maple Wood Crossing,98140,WA,dwarykpz@mozilla.com
937,Muire Deaconson,5283 Garrison Circle,55446,MN,mdeaconsonq0@mail.ru
938,Elwood Mylan,51 Rutledge Crossing,80299,CO,emylanq1@uol.com.br
939,Hobart Confait,90550 Monica Point,18763,PA,hconfaitq2@yelp.com
940,Jayme Hartwright,65 Monument Parkway,76162,TX,jhartwrightq3@google.ca
941,Mattias Linning,871 Victoria Avenue,51110,IA,mlinningq4@squarespace.com
942,Otto Boobyer,488 Talmadge Pass,26505,WV,oboobyerq5@amazon.com
943,Morry Bartunek,805 Sugar Drive,14263,NY,mbartunekq6@chronoengine.com
944,Suzanna Scoggans,49523 Independence Drive,98175,WA,sscoggansq7@ebay.com
945,Latashia Hollows,00867 Sugar Park,22047,VA,lhollowsq8@fc2.com
946,Elroy Mulholland,3062 Kings Place,48076,MI,emulhollandq9@yellowbook.com
947,Kora Huby,5922 Redwing Hill,89130,NV,khubyqa@bloomberg.com
948,Emmie Enstone,51 Sommers Avenue,20205,DC,eenstoneqb@seesaa.net
949,Isidore Derrell,827 Dryden Parkway,52804,IA,iderrellqc@123-reg.co.uk
950,Devonne Bloschke,47 Maywood Terrace,92862,CA,dbloschkeqd@ehow.com
951,Erasmus Walden,83 Mockingbird Plaza,60674,IL,ewaldenqe@xrea.com
952,Andrew Perry,29 Eggendart Point,94237,CA,aperryqf@twitpic.com
953,Teresa Duncan,6131 Moland Center,02208,MA,tduncanqg@tmall.com
954,Ynes Accum,2313 Grasskamp Road,33261,FL,yaccumqh@ebay.com
955,Erda Roulston,49 Rockefeller Way,33013,FL,eroulstonqi@sciencedirect.com
956,Douglas Woodall,569 Mendota Way,89436,NV,dwoodallqj@google.de
957,Joann Opfer,1811 Prentice Lane,24014,VA,jopferqk@columbia.edu
958,Simona Absolon,2 Clyde Gallagher Alley,35205,AL,sabsolonql@mozilla.com
959,Bern Le Guin,6640 Shoshone Pass,20010,DC,bleqm@is.gd
960,Angelica Shirland,67 Straubel Alley,35810,AL,ashirlandqn@theatlantic.com
961,Leslie Linn,11 Rieder Pass,29225,SC,llinnqo@time.com
962,Stillman Dominik,745 Clove Terrace,97232,OR,sdominikqp@feedburner.com
963,Stephie Hickeringill,80782 Prairie Rose Junction,77040,TX,shickeringillqq@yandex.ru
964,Filmer Gatus,762 Mifflin Crossing,79171,TX,fgatusqr@webeden.co.uk
965,Hakim Shand,66 Mallory Parkway,33405,FL,hshandqs@home.pl
966,Vasilis Lambirth,71329 Jackson Point,22212,VA,vlambirthqt@blogtalkradio.com
967,Mannie Schaffel,32040 Shopko Terrace,80279,CO,mschaffelqu@va.gov
968,Rici Armer,121 Waubesa Street,22333,VA,rarmerqv@jigsy.com
969,Josepha Fennessy,680 Schurz Way,94263,CA,jfennessyqw@sphinn.com
970,Darin Emsden,7 Stuart Road,40266,KY,demsdenqx@wikimedia.org
971,Saraann Lutton,37 Express Center,35215,AL,sluttonqy@springer.com
972,Tyrus Witton,0325 Atwood Pass,95405,CA,twittonqz@paypal.com
973,Corey Coffey,0466 Forest Dale Circle,41905,KY,ccoffeyr0@washingtonpost.com
974,Suzann Dilston,63221 Bellgrove Place,38143,TN,sdilstonr1@zdnet.com
975,Patsy Houseley,529 Orin Park,98127,WA,phouseleyr2@4shared.com
976,Theo Alleway,4266 Farwell Crossing,36195,AL,tallewayr3@e-recht24.de
977,Candra Parsons,584 Pleasure Crossing,20016,DC,cparsonsr4@people.com.cn
978,Ricca Train,24 Aberg Road,77065,TX,rtrainr5@vk.com
979,Alyse Winfield,22 Canary Road,78764,TX,awinfieldr6@fema.gov
980,Ophelie Colgan,0404 Forest Point,33680,FL,ocolganr7@flavors.me
981,Kora Heustice,6586 Reindahl Court,62705,IL,kheusticer8@studiopress.com
982,Hilton De Hooch,0 East Trail,39236,MS,hder9@dot.gov
983,Amble Tucker,458 Lyons Alley,65805,MO,atuckerra@dropbox.com
984,Reba Thorndale,303 Service Place,43231,OH,rthorndalerb@time.com
985,Marquita Tremberth,0119 Linden Park,86305,AZ,mtremberthrc@pinterest.com
986,Maurene Thornton-Dewhirst,8430 Division Parkway,90030,CA,mthorntondewhirstrd@weather.com
987,Sarene Rivallant,2330 Arkansas Parkway,93704,CA,srivallantre@prnewswire.com
988,Libbey MacGovern,26 Grayhawk Park,94807,CA,lmacgovernrf@gmpg.org
989,Petronella Swain,048 School Court,96845,HI,pswainrg@github.io
990,Andie Ride,6723 Kedzie Way,20046,DC,ariderh@census.gov
991,Maryjane Caddy,75 Bartelt Terrace,32277,FL,mcaddyri@ca.gov
992,Val Dirr,7 Dryden Lane,92137,CA,vdirrrj@shutterfly.com
993,Klara Keslake,3424 Almo Way,75358,TX,kkeslakerk@yellowpages.com
994,Murray Landis,3 Express Plaza,93584,CA,mlandisrl@addtoany.com
995,Cordell Dominiak,6391 Sachtjen Drive,50335,IA,cdominiakrm@wsj.com
996,Dieter Cuniffe,29534 Jenna Terrace,59806,MT,dcuniffern@businessweek.com
997,Pansie Canet,299 Holmberg Avenue,61640,IL,pcanetro@free.fr
998,Caprice Morewood,97525 Lotheville Circle,20525,DC,cmorewoodrp@forbes.com
999,Cordy Bonder,211 Vahlen Park,93094,CA,cbonderrq@trellian.com
1000,Daria Siman,11674 Forster Court,95894,CA,dsimanrr@umich.edu
